idx,cow_frac,rice_frac,wheat_frac,food_frac,press_frac,poultry_frac,temperature_C,HRT_days,OLR,converged,q_ch4_avg,pH_final,VFA_final,S_nh3_final,vfa_slope_last5d,ph_slope_last5d,first_instability_day,sim_error,stability_label
0,0.3464419596867488,0.11806892623094595,0.1858849881729097,0.04289008545105263,0.21362774700533785,0.09308629345300504,30.568512242015466,20.194783506164985,3.6704578352958794,True,54.743713781324864,7.187441121438312,1.337636258232576,0.037090183332576236,-0.00034815557928164365,-0.01352675399091643,-1,,0
1,0.28548450033970857,0.17106497774846438,0.10805877476708714,0.3070145309913881,0.05897970743566737,0.06939750871768459,25.235880510850116,17.696085759412426,5.152192725291036,True,8.604350497894478,6.474520135857034,3.102482320566477,0.04101996281075932,0.004013914270611298,-0.009377983122296773,-1,,2
2,0.17912081338879876,0.3749003827103642,0.17267242149653042,0.22156124046805034,0.0008269083338090071,0.0509182336024471,32.225281180283154,33.927362688288525,1.3555098540730217,True,29.0915869007532,7.246135166693615,0.3779874843610764,0.03573869321954888,-0.001995519604482467,0.006672475608343279,-1,,0
3,0.4336632492195008,0.07702347072360714,0.0945266892408899,0.01461162066291276,0.01955742538213531,0.3606175447709539,38.4353032522257,22.016803259162813,6.244462156897026,True,0.9040740563160562,6.094432183187582,3.763425946016073,0.057673153432719025,0.022628218962304332,-0.017408069725484723,-1,,2
4,0.21601394049091321,0.3242369658703095,0.11526152662468621,0.003925825312584797,0.23987437859037494,0.10068736311113148,33.2191056431426,19.579568507273795,1.2283437201474345,True,23.52013698638834,7.253470481861387,0.41750185097260817,0.03135812147284585,-0.00016198682014879816,0.005833823541804138,-1,,0
5,0.0705131201125724,0.02653722174654827,0.22720522336750673,0.3782890590376722,0.02618052112467955,0.2712748546110208,36.805819645794294,37.34737493358175,3.132482662141072,True,102.69263163492761,7.183525573579743,1.1799015308866518,0.04535864348299017,-0.02968544834079994,-0.0007918131861584184,-1,,0
6,0.38813069046143334,0.06450806128375332,0.1538675296452953,0.08441413674376749,4.615648615194484e-05,0.30903342537959855,39.51698841102174,19.056939307885763,2.1911268879560373,True,55.835833740016284,7.267728681718493,0.3731530746999297,0.06413637303956989,-0.025364910986379722,0.007789910843424613,-1,,0
7,0.27046914713153286,0.08026446784487576,0.16608981601463416,0.27630571004557897,0.03996367396325223,0.16690718500012608,33.53299007672517,45.12751437673122,3.4698768994413305,True,77.94283299708715,7.097781987867907,1.2950606780182137,0.04057226526032161,0.03367641755627757,0.00013324596913259762,-1,,0
8,0.13768753718464993,0.4002122847728301,0.25301584418359463,0.17219099047619899,0.016540194083986163,0.020353149298740193,29.258163899506783,46.61857588495633,6.041012902950338,True,1.0354474263564768,6.296176614784387,3.9123289688156992,0.04079301825231173,0.011448552411456148,-0.030315259258025716,-1,,2
9,0.5219466963747984,0.117253354944237,0.0509144891489179,0.002185291769744129,0.03149035100664496,0.2762098167556576,27.26409905050446,46.53419446124182,5.812219467983702,True,1.491405738117553,6.239820596585544,3.374003255562081,0.040922096306978115,0.019066166543819728,-0.013075533821631432,-1,,2
10,0.3679470999114445,0.013205208470109404,0.3362687284995541,0.006944549950091751,0.07804567073121052,0.1975887424375899,31.2114039410639,47.53365147458456,4.230378279263467,True,56.85484282368004,6.871399276241722,1.5893690031259706,0.03641566119825014,0.038155475102444145,0.0012874293939902472,-1,,1
11,0.42169860458578073,0.13666338636195807,0.04837895130824357,0.27380502202028206,0.013899676660095884,0.10555435906363975,31.274429440044877,44.51236939674939,5.782761477076778,True,2.4688981559504755,6.267231163458735,3.9285636467309515,0.039834369665110295,-0.017577217447395422,-0.013080355894187106,-1,,2
12,0.14373103822318456,0.058264899552042365,0.08920417077019024,0.14919420573635406,0.1291969016671055,0.4304087840511232,25.534047001725693,36.03229773688915,2.2880576364625798,True,28.669126134510762,7.271032190226804,0.5911796343030292,0.04841299830534807,-0.043495914657198334,-0.004601938127246543,-1,,0
13,0.45601206924607496,0.02260343016204045,0.1458635278611603,0.2597330351839793,0.022948898960434255,0.09283903858631072,29.948191832335418,23.194091331296566,3.7445541888293046,True,65.61601929776029,7.105947916958725,1.717046179041761,0.04138710186838154,0.0413639387957933,0.00035349528983812497,-1,,1
14,0.4299245987952792,0.03224879582627178,0.005869117308136875,0.11759444013990163,0.018021408339089145,0.3963416395913211,28.742867730814375,27.392536495063556,6.30353478833288,True,0.44928012599522904,5.971388705369057,4.101633744011166,0.04759280490307818,0.019127835035056304,-0.006300462286019166,-1,,2
15,0.3123213201570996,0.01530695807726319,0.2651627913122893,0.3216001556804866,0.005158756238097377,0.080450018534764,42.931734615183586,15.029660701366767,2.1056212771989795,True,81.17656319977897,7.16884557560997,0.8631004535573709,0.05759756258898536,0.02006695339340812,0.00110148587663652,-1,,0
16,0.27911498307164007,0.09923570640260809,0.017811470642008304,0.337489445604392,0.028165389855085106,0.23818300442426638,32.750372780034624,31.921150730641553,5.329841311117973,True,9.731758224787896,6.537956118310427,3.6884559288827807,0.04605095383845781,0.016667382568010383,-0.008053262875608178,-1,,2
17,0.053818334338870386,0.08015921897613423,0.04655766012693367,0.7989082420770168,0.002409511879436093,0.018147032601608812,33.92546072579269,40.01568765311332,2.1433434889486804,True,71.60982608316341,7.361241284278033,1.0889460534892401,0.0430357734437333,-0.031347960707072575,0.003190884516865476,-1,,0
18,0.0929056311028236,0.4035081258554492,0.06054598626755251,0.03473088666715114,0.3474246064869835,0.06088476362003999,27.498127643553314,11.320956986629426,4.020018687918442,True,40.42120935638326,7.068760155344693,1.469452438378858,0.03191529494562677,-0.004924950001044492,0.00032258738536120914,-1,,0
19,0.19215592982916108,0.039772382378965895,0.18112429183535386,0.36412148388583565,0.039234350342325516,0.18359156172835803,28.587425273764126,15.45234899272122,1.6791498446922561,True,27.67196558314792,7.044265727058623,0.5390826752764141,0.04873302914480307,0.021187051804099927,-0.0014993899834888477,-1,,0
20,0.20029720510001128,0.0241624460675632,0.229921775284393,0.2364735140960309,0.003041746700572321,0.30610331275142927,40.21919043315576,43.15921878246966,5.566418635175874,True,7.834193740152118,6.462401127667994,3.4784592621334722,0.05283304730331229,0.011442672233502897,-0.005186887542698482,-1,,2
21,0.23461360625209957,0.09390469830983829,0.1398666800745308,0.08214831417520801,0.36706501758130894,0.08240168360701434,44.30855418169148,33.015042472465154,5.821999586800324,True,5.258743959511308,6.241034209247783,3.495455934348302,0.061508318886041635,-0.008181468296832552,-0.020917635693908074,-1,,2
22,0.40341165116654154,0.18868005165451956,0.05506678337541342,0.175388612984965,0.006000361204197415,0.17145253961436288,39.55684130888543,10.617299078020132,6.750100173971746,True,0.19089261901281254,5.91306722579795,4.837777656334895,0.05441455817877613,0.06701364899171829,-0.0287679390256037,-1,,2
23,0.46795449773569425,0.32495794547362,0.012694270755669673,0.13183596976456113,0.05733747254191459,0.005219843728540479,29.443937704545284,17.821967173473922,6.272145308485921,True,0.47457482778598414,5.968792140196242,4.235073786581708,0.03807586184241675,0.003407089970818525,-0.005326350015283417,-1,,2
24,0.23109352319816698,0.40596637408514746,0.1451446243215776,0.10941249627050972,0.035188286435575374,0.07319469568902286,32.608603122285004,28.66484617277779,5.53274253998711,True,4.857773838715979,6.463580020315652,3.190893288268821,0.03485809265710097,-0.026328936507030064,-0.0036487820965023935,-1,,2
25,0.19506016574128276,0.013926071404146515,0.3329367889614118,0.07812652608258261,0.10756479100137203,0.27238565680920424,36.67196502094249,26.82517242039718,2.100902129120779,True,60.93157420768778,7.139558829522506,0.3528369050215841,0.04608832186270378,-0.055063478675727674,0.01861202786911729,-1,,0
26,0.3697832088377102,0.16524284430949085,0.13699933891112925,0.24691421105945247,0.0700989661907401,0.010961430691477318,31.259303252338512,29.781078291498766,2.188126490556742,True,45.39939242283172,7.26563025676302,0.6283393817037592,0.03650950881109503,-0.010643899594232842,0.013911238778763935,-1,,0
27,0.1056364275679224,0.2867456160084427,0.3150864860598643,0.025449545363829228,0.11129551533587452,0.15578640966406695,37.86714657844439,25.06490036270016,4.82298112232737,True,37.594490326885456,6.581062780890899,2.2884416842079323,0.037779425016026665,0.05694667235736903,0.012052428931886773,-1,,1
28,0.29381074897693094,0.07145478999436992,0.00911832842015523,0.41981547134811675,0.15636232296387054,0.049438338296556666,34.761562717044505,46.92736729762744,4.93830259556162,True,28.56688369104098,6.643391068432118,3.1840278157038213,0.04207795231671129,0.02139666493846675,-0.02062011714921567,-1,,2
29,0.4130454803651897,0.38855663736591195,0.0366249289388118,0.06587258627948155,0.007943777826729446,0.08795658922387561,25.51582585190923,17.34956473124651,1.9902870362632035,True,19.238338207460654,7.218847192720892,0.3636669112250381,0.035690630530405616,-0.004246884965361711,-0.00439204823086289,-1,,0
30,0.32673909812324026,0.06274539694654954,0.14996441035210703,0.18065602643480308,0.0034028833493485633,0.27649218479395155,25.988946414232117,36.532341139639655,4.602086094184055,True,28.417015669103762,6.852723241685826,2.316808743118981,0.043676717999929164,-0.030709497166285283,0.003915017671359925,-1,,1
31,0.33335274225417866,0.21507135446592968,0.12606616941264204,0.08891201996887602,0.07443479943424189,0.16216291446413164,35.25754479869068,10.746514995248223,5.344757828948347,True,6.83539474314849,6.496125536229683,2.881291284588293,0.03638779924175795,0.02176528268397952,-0.0019113592597936116,-1,,2
32,0.375298028510761,0.026043795513591223,0.15744007841511348,0.257833889186755,0.18326838358090225,0.00011582479287715105,29.909517024383177,15.699208230500282,5.7969495897067524,True,1.7283737858415853,6.100818963600302,3.840307541180169,0.0409036962520967,0.03939942755297967,-0.017494214045191823,-1,,2
33,0.6456010822672624,0.0758195608150294,0.13453096253352348,0.006489458226733922,0.11973318069054467,0.01782575546690623,40.29386126785462,34.32393277828945,2.876781439282408,True,87.93508848697184,7.272499120246283,0.5859375196074295,0.048104966240987,-0.0014520206798959213,0.0019848019378767897,-1,,0
34,0.3845388771959213,0.03128010970769782,0.3063568478733673,0.18073722394280362,6.60835730017429e-05,0.09702085770720814,39.61614427112825,21.147334542952237,3.815712357212883,True,96.15538745444334,7.156793454876725,1.4992664804185325,0.04537243956288785,-0.006106247921254032,0.008710822735608796,-1,,0
35,0.2868751587996243,0.06355960889977733,0.3912711630453134,0.07467941861227988,0.14179725237849727,0.0418173982645079,35.13451329689529,13.00434154948138,1.7492462942285187,True,35.01858658185424,7.273266626334164,0.3958467077248244,0.032179742143270816,0.03633710716129004,0.02238593389242513,-1,,0
36,0.6195071140156493,0.058801932248803604,0.04454593486456465,0.11974990081687888,0.0005717755987415873,0.1568233424553621,34.063006429834154,48.74234592310744,2.919343973942375,True,60.431898066437434,7.188692232610311,0.6319197515924304,0.041385472151830464,-0.010047083961404224,0.0049871570048060174,-1,,0
37,0.10962674918435014,0.11325485614342032,0.16264037153005717,0.47710264885848597,0.051546011636258646,0.0858293626474276,36.654525084695884,29.637433884433335,1.9956131947899556,True,80.18028436498255,7.27645431140256,0.6769610920661824,0.04451656033792373,0.06172308508891008,-0.002337439267753901,-1,,0
38,0.12837735993225388,0.17151939631898325,0.2117491059030531,0.22766810115773034,0.0011887753649232498,0.2594972613230561,29.99038924176258,16.947247532396513,6.09493098957986,True,0.8527233864070537,6.196740060634314,4.117256098293358,0.04018917490735015,-0.019765144109813927,-0.009295909297156948,-1,,2
39,0.18172034594477907,0.062171894539195145,0.08871715560913347,0.4005541639732581,0.025789720914279553,0.24104671901935473,41.1641835767798,22.43705855925934,5.688378892668138,True,6.7550797951024695,6.164473461570886,4.01219843689511,0.0609969871097859,0.03580474681068172,-0.012036805915110504,-1,,2
40,0.40947518331491484,0.07685073746566633,0.012522565076608535,0.403168169050004,0.005357854928111541,0.09262549016469455,30.617577292646764,11.35644194094127,2.986660969340093,True,46.668035822532104,7.194489959218954,1.0233261143775747,0.04344347202818368,-0.01305644704764169,-0.0008378216937310629,-1,,0
41,0.11374849899011902,0.16991579683743535,0.12250793251855333,0.06443719829660229,0.03506616247427187,0.494324410883018,39.24725350652936,29.018580194782597,1.7902557857126102,True,69.12125093467309,7.145778179228829,0.31744325276928426,0.05514082056437158,0.04470924687228722,-0.019518603992765324,-1,,0
42,0.2173883986609779,0.009531389074372187,0.40685672190739786,0.26514316983596503,0.001036900024131965,0.10004342049715516,39.74407082159344,37.14476388736251,6.983365288403188,True,0.1473365794219048,5.686832216507373,5.515742711994316,0.05611420503251902,0.04919364525245662,-0.0015478319522302698,-1,,2
43,0.198976044946942,0.09815996955799403,0.10429805017101297,0.21308981935228838,0.34135406088827036,0.04412205508349241,34.42423659882039,27.9279382472081,3.316713962069949,True,83.26674205765266,7.208457723575999,1.033680983710954,0.04506836239928051,0.04025321412504584,0.004249827899772255,-1,,0
44,0.4042057284608519,0.10241436797100625,0.10894098823402228,0.2014102050359165,0.136956811556387,0.04607189874181608,28.73141002740198,14.256806003447092,5.182799429155803,True,8.106349816956692,6.469416861459727,3.0077135142093994,0.03619263754778627,0.03837774184274699,-0.01565941532966785,-1,,2
45,0.34671337803572316,0.16638868686862954,0.29382904056262377,0.028203755140932756,0.1259412346340113,0.0389239047580795,44.82997919055162,21.463796818616157,4.631753646932902,True,70.35798229484463,6.714255814203385,1.9654991826792612,0.05364672973625707,-0.03690152437585281,-0.010296631152264486,-1,,1
46,0.8427157771995208,0.0011065234095834209,0.016833176835641995,0.0612790628917418,0.0016594270655806286,0.07640603259793129,25.617196799757906,47.07681797652753,3.6112517774721473,True,41.293127851777854,7.107378965521695,1.079837321202328,0.042935387547520514,0.02912697674370999,-0.005567962640637662,-1,,0
47,0.5273434023705933,0.1322268592737215,0.008364844595281985,0.06643627590922825,0.00021874029170491192,0.26540987755947004,28.115261514960157,46.11231932152131,3.0127145411843212,True,46.895011188051285,7.367697586532503,0.6422190716535489,0.04733462137768559,0.004746791064075506,0.017871422390260034,-1,,0
48,0.1687442966542133,0.1304367766930255,0.5095593685418912,0.1833848910258083,5.268772599130348e-05,0.00782197935907031,38.86143476876899,42.485759237835495,5.719303983205722,True,5.072825504883929,6.2266891981779375,3.4800586212767888,0.03951621006233068,0.06123195485707046,0.012031693902770013,-1,,2
49,0.6713982491567893,0.06636216185075956,0.12009306011605654,0.00287218113605765,0.02238780975116141,0.11688653798917567,42.3770525986416,45.86592763549794,2.900553578500509,True,106.30711850182503,7.258877367602375,0.5006288997633146,0.05235477171757454,-0.01565025527105949,-0.02133883900845073,-1,,0
50,0.34922563485668673,0.10916303018270972,0.028013021232606346,0.16338706647757947,0.310071711618728,0.04013953563168962,37.475051902667076,39.193205115978884,4.456350294231239,True,65.15322681807872,6.918264829198891,2.044612958721883,0.04578212703251329,0.003801511170619389,0.004528772837714174,-1,,1
51,0.6454232444916206,0.027385416993956618,0.14159030339698714,0.1838761079719403,0.0005567346145975407,0.0011681925308977927,32.62955158357721,30.147600666453155,2.77502089505675,True,52.998951062086164,7.289066979067227,0.6603734457763508,0.05121800530717219,0.03605466695812261,0.005888422596395486,-1,,0
52,0.4770791320489313,0.18744876395847154,0.04579398093661497,0.1784347325305148,0.007999724056724312,0.10324366646874304,32.58135260778652,24.011018284990286,1.416472139532459,True,28.10774468593886,7.28218415746893,0.40528914615197426,0.03913766227125928,-0.031021578368571782,0.009586778079693893,-1,,0
53,0.2139214764593548,0.07614855226050589,0.33717021022629157,0.045412449821136854,0.21086017782237101,0.11648713341033967,29.00850372671161,30.778734824150185,2.743719371901933,True,43.512083033749974,7.1925369215216355,0.602196017238084,0.04150412717492271,-0.01024303363375778,-0.002437616219559586,-1,,0
54,0.26605694263141116,0.16527214064276766,0.32555154911654377,0.05180826004879647,0.0334013337363216,0.1579097738241592,32.982937571481365,28.536561615227374,6.426546845632208,True,0.4625138155978556,6.1061123756589675,4.053204410586004,0.06047525901626226,0.04734853047703899,-0.014021008909773532,-1,,2
55,0.40832604360615754,0.136732025289436,0.05190996919514751,0.3787055210562613,0.0001997874140270195,0.024126653438970795,26.727815409722695,28.878454487219084,4.554627562247049,True,29.307542040502657,6.905419617543018,2.6523488002159965,0.050580807562182216,-0.025602768625483566,-0.0022819362855103077,-1,,1
56,0.23888046294776824,0.1451165368693397,0.3148467252282362,0.13707591154961313,0.048466977954368995,0.1156133854506738,39.625166438225094,20.279233398180082,6.951197332437218,True,0.12031742254887552,5.795793118212707,5.030887570263906,0.04539468655610023,0.015746781254208357,-0.019914792719581912,-1,,2
57,0.08053224866780191,0.3244770976001452,0.15842160492359827,0.3773235466645235,0.014681667368937461,0.04456383477499366,33.18705873516265,47.41696526872709,6.687756201597195,True,0.2320880548879048,5.835476446211298,5.307387295313218,0.03374869703452546,-0.030038305052173912,-0.008440582188886823,-1,,2
58,0.21676398687381931,0.1612319642535108,0.23577864550349595,0.09926991728189893,0.22933092384049056,0.05762456224678438,25.117983391667487,24.886541234457265,6.764222939594504,True,0.07409445701617536,5.805766230902834,4.606906797856916,0.03443398355501055,0.04262595459022377,-0.01360662901122415,-1,,2
59,0.2442592981446458,0.053024756807037596,0.6052381914907644,0.054580925961866505,0.003778225982685837,0.03911860161299976,39.87427846868084,44.27357438124086,1.3540010046178073,True,52.4740446601166,7.384734211879607,0.4812425728312154,0.04245841222024273,0.07526983306897174,0.007838986291848924,-1,,0
60,0.24181287266582385,0.3896250968627321,0.004189489988490317,0.32822397067777653,0.00476604864319152,0.03138252116198583,37.55721833282081,47.25770183099589,1.0763103495106967,True,37.97208915402713,7.229273990904891,0.45696651420891016,0.04715112376117133,0.001775271905744799,-0.0012732823067162988,-1,,0
61,0.20591065251478116,0.03278972150371302,0.23834780820735968,0.3872072058811943,0.03067475163572157,0.10506986025723028,44.0266405470087,23.52375412842536,3.4485729766688342,True,142.37231091625944,7.196810491954188,1.4934668079115754,0.06014466131335789,-0.03564195538172893,-0.007622552815679994,-1,,0
62,0.47099858136820194,0.10076431102698201,0.2820412994378889,0.03443178900346986,0.10872595331975918,0.003038065843698162,42.539491880639716,22.118743697973283,1.76719700147573,True,63.78364285717454,7.387282985750635,0.2999602452491816,0.04831575352794029,-0.025531499839697006,-0.001217889319709347,-1,,0
63,0.34940686637153795,0.3951155502279613,0.031136769897875564,0.15529778336492162,0.05777825396002465,0.01126477617767894,30.234356796522974,32.237339093676184,2.9205303255173303,True,49.22640399516157,7.054525221332783,0.7259406749796541,0.0324321275192031,-0.06564422018084536,-0.0033780255263402676,-1,,0
64,0.28165433849905747,0.3236263377129001,0.051666393409804175,0.00020609936841727323,0.08268850634362122,0.2601583246661999,32.166755753362736,13.961754636774062,5.364785003523577,True,5.9435100710074895,6.4401554453847085,2.687856025835183,0.05426572073567301,0.01258417850939353,-0.026739069496603672,-1,,2
65,0.1638472778282095,0.25102326606307335,0.048309193405886866,0.00432841826886329,0.3403830414327845,0.19210880300118244,25.853232098956934,13.674199925225302,3.9990214302767546,True,34.492384940637635,6.997801431308353,1.4562382813675505,0.03927773852849688,-0.03375420893733097,-0.014466204045533558,-1,,0
66,0.5673470878118884,0.07862640421858433,0.15577755100915214,0.02543914367786915,0.023944237832623456,0.14886557544988266,39.727265496911876,23.894734837739385,1.4520376639313826,True,45.561497313209365,7.0775274716534415,0.26661504537750214,0.05122180850128184,-0.011493787950230995,0.009112608549019699,-1,,0
67,0.18127205645611855,0.2711369420000806,0.297736108887242,0.10751568039423143,0.08893625705708295,0.053402955205244275,34.86812189265227,21.247286357937895,2.4526020534953044,True,57.03898794506274,7.295376170628107,0.39720585389481644,0.035743697333175846,0.060841044327314985,-0.004514376060975332,-1,,0
68,0.0873252646984138,0.0037937882761684,0.026151439740019683,0.09757801027741454,0.5571312668197714,0.228020230188212,42.40633991722267,23.049549457448077,5.248285904233928,True,21.301525641531853,6.490544678012646,2.7989521656149754,0.05565593399689282,0.060493328270941026,-0.00545491216981806,-1,,2
69,0.27610295417300884,0.08761304468961219,0.2222048679186777,0.07644683049072976,0.13322084751412513,0.2044114552138464,29.5031663797757,39.03508762655682,3.784781844042618,True,64.75779726088427,7.018294574796638,1.2599023034004058,0.04486426849683274,0.05930589224559761,0.008607028974665303,-1,,0
70,0.39518347036049717,0.11712661476436051,0.13177063687871612,0.0472772183782116,0.061262611171956076,0.24737944844625853,38.56511006745048,25.363073022672943,5.064042265683462,True,20.273491594298953,6.6629422227398525,2.5409504279281054,0.048772154164294874,0.026113865536128704,-0.03367583311965516,-1,,1
71,0.20223338671090346,0.035482724768911074,0.1583293247096564,0.3996245013552366,0.029270824295494605,0.1750592381597978,42.832426462603024,14.898272653043122,3.171222902711646,True,162.02950629640574,7.257369045982919,1.164387751657262,0.058181628688550556,-0.027838247569946198,0.013366726310198633,-1,,0
72,0.13552191121307983,0.07297066039074208,0.16241232136130856,0.31167266482788103,0.021360457868343657,0.29606198433864495,30.84814379422493,42.780195261322895,6.954589669137807,True,0.09164753965010469,5.669957823530957,5.631400999783436,0.04479651695619162,0.045013680604827966,-0.013193106050504853,-1,,2
73,0.6834860718516735,0.1629104959133955,0.07150516614584897,0.03394431441282812,5.7943692482477004e-05,0.0480960079837715,29.67309962544369,36.38584522773613,5.038555748429388,True,11.092874082987645,6.50574600001014,2.4486083738854205,0.036087218862851135,0.03905204353985341,-0.001974232869241333,-1,,1
74,0.04015382527308617,0.34522010755879323,0.0964287807068201,0.21347280629192644,0.06980037914942748,0.2349241010199466,39.93733171921875,37.89734906946718,5.980139189765291,True,2.9410872139700444,6.286585708104588,3.9268150430246447,0.04829936834311155,0.04859815553723505,-0.019553027716581562,-1,,2
75,0.018231499706192325,0.2136524021047595,0.4444196817004456,0.15011181554076988,0.13512820227834726,0.038456398669485484,26.850373644850865,25.711649488765936,6.702109390918858,True,0.1121713310147796,5.926511346124478,4.87606872785902,0.04241883234895099,0.03375110136714781,0.003296723530589716,-1,,2
76,0.7413415647229356,0.01853712052828062,0.1386614456904363,0.0758624876146444,0.00979159962787039,0.01580578181583256,42.06622759732963,35.882342873009975,3.5668474758521658,True,108.93072516299367,7.074393048031794,1.0632436012053228,0.053190893155373745,0.020159785917688924,-0.007497167070634207,-1,,0
77,0.4505797960126635,0.10648935473308294,0.006099621657130204,0.0010597475844564572,0.41529167050190186,0.02047980951076517,38.04281465120065,28.445961468802462,1.0700556148890423,True,27.255366867311576,7.208098753625705,0.3721839719309728,0.04305623272611696,-0.024398372827378945,-0.009433119018353826,-1,,0
78,0.6364569825490369,0.09371028433563149,0.020493487772062505,0.20779096037400482,0.012353144659978846,0.02919514030928524,44.19455944763121,39.79458789829166,6.117815415396031,True,2.194468586658516,6.135713877661331,4.161969570344658,0.05903303313619601,0.010733334673956488,-0.008409464249503965,-1,,2
79,0.3005456214172345,0.040060661142802136,0.09301570367210374,0.48826316101270023,0.06897244259601097,0.009142410159148366,31.179604932346773,21.26750821042609,5.533545953529641,True,4.646360492869859,6.358721676653171,4.002372860339737,0.041148755759754484,0.047943705863119704,-0.003644284223482403,-1,,2
80,0.4698373566820306,0.15435007985521734,0.22206450906498076,0.10030155875992618,0.0531530332121089,0.00029346242573627325,42.023757363739826,34.983386815021575,6.943823773377904,True,0.1585693170905073,5.742197249808752,4.896515691053924,0.0606986834298553,0.061750158930633854,-0.02120910901689407,-1,,2
81,0.27595326888078214,0.18078919031024343,0.007752050725672616,0.383809245966994,0.042156777315835565,0.10953946680047222,29.733860064155092,12.52101432209094,2.14466578701931,True,38.298030327791324,7.233690206216754,0.5920906724323098,0.04009372142505825,-0.020108854978964044,0.004174117281438917,-1,,0
82,0.11626543673404975,0.21030467055953073,0.24131729891750248,0.11598043530703916,0.04512973578414333,0.2710024226977346,31.437017659877,10.979989570130613,6.326006529582013,True,0.4193826116204951,6.103312587078817,4.238132838568149,0.037941131991058794,0.12290749294791936,-0.03306293214943103,-1,,2
83,0.5813446114793643,0.06271262546080372,0.15871604987367435,0.047631735499541895,0.13462386447459931,0.014971113212016331,32.673226206693066,28.531454882757288,6.737929010617655,True,0.1414749522513125,5.976582897379384,4.677938938649353,0.03814634079049193,0.034145306018915474,-0.042741264766307074,-1,,2
84,0.6265111152740949,0.1664612089339465,0.06142234072897543,0.10556625405560595,0.03944666460749504,0.0005924163998822366,42.92938545853093,44.195044777246366,4.774187841078976,True,63.213912425607056,6.767725281556501,2.2883892435685884,0.05305534114792435,0.07731827089204407,-0.006297007503746083,-1,,1
85,0.10076916201942761,0.23325752042231204,0.17154040326512518,0.3427724518230865,0.019495572506759987,0.13216488996328868,28.95178874826246,41.81038624741929,4.079119007739868,True,65.85691525504889,7.021785396304041,2.056800137395245,0.038387282318934735,0.03138615396977853,-0.006540198478119164,-1,,1
86,0.5067743044255503,0.29435482549705866,0.15223519308312577,0.042727910082693776,0.002575678405102949,0.001332088506468538,39.962053473558825,41.02198189002545,1.773171929643914,True,55.7727917552282,7.106611231963416,0.2900491303249294,0.04682821891299994,-0.006901236452834554,0.013416587204567261,-1,,0
87,0.11352045487999163,0.04737346978648461,0.3741536114164559,0.27179826820638986,0.06731331679424858,0.12584087891642937,39.439350261291835,12.73800316689849,6.676902008844119,True,0.27363113481919143,5.953976480558371,4.988083516691732,0.05072913813075849,0.049111637334598134,-0.023365041851039353,-1,,2
88,0.4707237630028376,0.21475281325686157,0.2554430241213059,0.005865552152570419,0.05215812346573213,0.0010567240006923548,30.874409580719718,31.49986083892983,3.149198611735965,True,48.390003451765246,7.21536820024082,0.7393887299375517,0.03149984339886366,-0.014211909569564545,0.02176320023214294,-1,,0
89,0.09604863078282899,0.3569302564593072,0.3355222814614474,0.16896334141481606,2.4641703427083973e-05,0.042510848178173265,32.728472539692376,27.970672386680548,6.044314858352798,True,1.2323522806310756,6.176758237408577,3.862144339888424,0.041145136081128825,0.018828638693062533,-0.017102287514227144,-1,,2
90,0.4480535786339853,0.26603907429411283,0.057384970199477844,0.17540925997262113,0.00863535430920035,0.04447776259060243,41.7738807251121,20.197856562752726,1.556956331076135,True,51.445426487713036,7.321865443732013,0.46751918774205475,0.05170300830089396,0.023492246263892583,-0.014659034168620872,-1,,0
91,0.08557149861274013,0.29730517065438516,0.06770443296966021,0.12939041033925266,0.02131351273297815,0.3987149746909836,29.10840685262378,31.05654841851809,2.8752487716925286,True,44.423157274349904,7.1195134667828555,0.6734717096061947,0.05046504065753532,0.0169270553311184,-0.009944910382704914,-1,,0
92,0.23309218782345978,0.03933060236047266,0.17017026654614123,0.31631218189785637,0.0013091013245154165,0.23978566004755453,30.572945504078515,47.478184795671275,3.4567296335381053,True,75.96525058395979,7.299612803089496,1.3420564389775622,0.04165165479040063,0.009509307374785992,0.0008689322030202753,-1,,0
93,0.3389859608682188,0.4019111518134808,0.1571360684214707,0.051130509106169585,0.048684131083056886,0.0021521787076033373,26.520996100116754,45.99756623800084,5.1257675355329555,True,7.427189264582027,6.605074376852869,2.74813257138078,0.031794917150807525,-0.006513618258033444,-0.014313407925096975,-1,,1
94,0.4317971748075938,0.456183178728662,0.03767355222045806,0.01649656609708601,0.0004900340148917311,0.05735949413130845,36.33854426768345,22.327746764772577,6.515130262052461,True,0.38577238040059586,5.924545873913112,4.0390042008520854,0.042372491065297446,-0.007393582267049781,-0.005264638237566984,-1,,2
95,0.17849031725226913,0.002341939379655226,0.045939560932778824,0.4668743447376297,0.0017383158630122815,0.3046155218346549,36.8469187094118,32.21993004378692,5.162161117699762,True,23.31965695681872,6.544584758880827,3.496922510009765,0.05336060658632017,-0.001048263551981076,-0.005348118939794604,-1,,2
96,0.2736498158729448,0.18968415001947309,0.34382657441514464,0.13291086772960817,0.018455012615952757,0.041473579346876684,43.902049776233845,21.90375483136129,5.853640195286679,True,3.5139897257531487,6.34056791745789,3.5784173200979326,0.06367700985561314,-0.013402978494045571,-0.025023476846484604,-1,,2
97,0.1833501499351921,0.20265041883524146,0.1131628257005044,0.027575523829179924,0.06143190510295412,0.41182917659692797,43.8443815045088,19.889338346128934,2.753201297322844,True,118.87618306404451,7.215991227888629,0.4639532225625972,0.05902271829377078,0.03024269053147783,-0.007418895223181268,-1,,0
98,0.5130633282948759,0.16186008498071097,0.037599477961391105,0.15117083514945606,0.02121586191598166,0.11509041169758426,35.63567902454232,34.24159508218672,4.2209555445324325,True,67.06998040873023,7.00188310528654,1.8695552021314683,0.03961392924783738,-0.0066275000331911405,-0.001839735099153057,-1,,1
99,0.16843448353847112,0.12639884412790414,0.06619532513068978,0.3052246310745787,0.10353801478593842,0.23020870134241783,40.703426606245905,44.9247051154671,3.1303066103471915,True,133.83233443993964,7.122892071236631,0.9954612034876866,0.05225766711618958,0.032282344563859255,0.01560396960762825,-1,,0
100,0.29021409807982324,0.24489430601190124,0.06514854845467925,0.08504275664705284,0.16101106039672264,0.1536892304098209,36.14069746341406,45.89433134039873,2.6044102581204482,True,70.44898691310283,7.279215567644776,0.39345023984716776,0.04729794145005656,-0.0031872763607762276,0.009853821950888337,-1,,0
101,0.26530309999647816,0.0316150513782083,0.06707004280517821,0.1816173062810733,0.3333282193825299,0.12106628015653216,36.43220063034686,32.19187588626049,6.430149930517245,True,0.5954359794960852,6.17207018423025,4.579109980697938,0.040499530132739034,0.04337901655877227,-0.024867896757905995,-1,,2
102,0.3715255103486259,0.17534019180668903,0.03968709240776817,0.00374385337320835,0.019180730279996592,0.39052262178371205,41.46148808740503,19.781777728695893,2.8189056792129787,True,102.33773247535102,7.180708078906391,0.4650348741165275,0.06204727422350687,-3.956797365110238e-05,0.011139601996293394,-1,,0
103,0.2729339201911178,0.2667110392416926,0.2626099349636672,0.15871772865465922,0.00411545849599933,0.03491191845286383,34.94142213567926,15.831417581222432,5.525401961232081,True,6.147710959074554,6.415675448153057,3.282957342344985,0.034944173898038076,0.03443231580467833,0.003976167258676878,-1,,2
104,0.347065186317507,0.22360300346976725,0.11685763242571286,0.23299057626138459,0.01126571423237361,0.06821788729325463,34.40708277648441,37.84546539048969,4.908439071109352,True,24.435996909232408,6.647608783666302,2.8817425711120666,0.046550550083649576,-0.0014494494559247756,-0.010901259994025409,-1,,1
105,0.07679458451290197,0.27407934911810244,0.322219023234948,0.11295471128760479,0.0753221508863278,0.13863018096011498,29.76512680222727,17.08988834999319,2.544102634059189,True,39.55790037871783,7.229615034320828,0.47275214280835826,0.038257322180277,0.01787191229799804,0.0028827017045747008,-1,,0
106,0.23504797870231478,0.2533584007864128,0.04355045988478728,0.00793568906953655,0.00854281618923047,0.451564655367718,36.27944684790563,30.848763002990506,5.160504381781722,True,16.580441049567604,6.43338393450799,2.490874375769842,0.04542377806566633,0.0011093655533944008,-0.009017233730053092,-1,,2
107,0.21645125917644295,0.17832949627690384,0.05398777820762266,0.396782639974243,0.030240199532036893,0.12420862683275068,38.491436407229514,16.30405792122826,4.626742131406316,True,67.07116245855393,6.706158630811352,2.688437398225731,0.051785663141003246,0.023751010800746482,-0.004123500061568217,-1,,1
108,0.629084171057627,0.19560225190810904,0.04321677588496076,0.024875810803578747,0.003361049796012836,0.10385994054971157,41.7460784222382,49.61069550650856,4.354973308590036,True,88.998307042239,6.747638549207883,1.7589395941106625,0.05185374816836649,-0.03497992167011221,-0.00498660348928729,-1,,1
109,0.36960351167815414,0.000979010144582621,0.023208189121952345,0.2986316027116894,0.06761750108596659,0.23996018525765495,33.538176734099,14.60017425536368,4.874166382472001,True,27.744756432608487,6.601712510737476,2.863997794113488,0.046429228646336904,0.03143456643676999,-0.0221589278168092,-1,,1
110,0.5578693801421025,0.18997972643599706,0.04731931509327726,0.15927600287426558,0.035012154905553115,0.010543420548804333,32.41381700469551,25.594176760353477,2.245606006464836,True,43.40291004117086,7.116794458605529,0.4584370175011236,0.03559323114292413,-0.01662594618636757,-0.004509740739702332,-1,,0
111,0.5748802128719731,0.2885396723745649,0.04285861690420743,0.038131624592764694,0.04838123239989224,0.0072086408565976276,25.45290812465966,43.79840730879258,5.670940457402804,True,1.9447385228532847,6.447723568176893,3.2338403868959777,0.03296922332822384,0.004551406350481211,-0.02274849682248732,-1,,2
112,0.34888081391004955,0.2301547327079859,0.1817515145298749,0.009369986254282937,0.002933461745501278,0.22690949085230563,36.561710933392575,33.040376830438916,4.183464686764534,True,70.24801193189644,7.010013605042985,1.508392188298484,0.040490649929250395,0.002872290691232425,0.007098914214114443,-1,,1
113,0.3402569339309466,0.04047580569569439,0.19779879354393606,0.13091215987466517,0.0016802469478866661,0.28887606000687105,37.63673843010581,24.96773666518843,1.9005202168842248,True,55.686066052809316,7.247475109753022,0.4412924658028923,0.04770043271182335,0.031184336807636517,0.005180845880609816,-1,,0
114,0.19709019526741023,0.1990373696671257,0.0625064015078395,0.05185462314787064,0.32269365473548134,0.16681775567427254,41.806748719044734,25.430339551691805,6.929835029231793,True,0.17824955543520377,5.865887960946899,4.727738178217561,0.052768358468827756,0.06906244037654252,-0.022723520866433655,-1,,2
115,0.24255867995472033,0.12711600817042631,0.1736410835534769,0.015887623662271907,0.3825965330059584,0.05820007165314608,26.929769646177178,13.516019146214525,4.776719646806737,True,16.017674726885723,6.717377190254924,2.089415622299672,0.04743132326527314,-0.011855443566866169,0.00933274988420238,-1,,1
116,0.11528692192177087,0.04183978965507244,0.3190402169797754,0.2616036020202071,0.18111739353704878,0.08111207588612548,42.305003685313764,46.04392857788791,1.9632687587879099,True,94.19616412093573,7.237304506756639,0.4862756731639341,0.05114381735900944,0.025708777336798962,0.005635465049273675,-1,,0
117,0.530661486811323,0.11068164142597905,0.3308561769460218,0.001730916128230532,0.02368846772542166,0.0023813109630240322,43.12952321754409,49.773476412627275,6.1018439612452475,True,1.9337852362948538,6.139430200179438,3.588897992985291,0.04848887167564162,-0.0028841753261659824,-0.018452827055297903,-1,,2
118,0.24840964233457005,0.00872650107159333,0.30586158711416517,0.3228539086112967,0.04419788844587033,0.06995047242250423,29.955686171756042,21.874404031870647,1.2989241329729597,True,24.03184628872886,7.1502388653966085,0.4184504813897062,0.04309757059083708,-0.020548377963521294,-0.0034095533922813975,-1,,0
119,0.14613338939953247,0.1956157921909095,0.18908775143870438,0.10083114198581869,0.04270681375378171,0.3256251112312534,38.64725335825524,20.991453383479755,6.661767692299372,True,0.3080154058465484,5.916659589026588,4.471922781837362,0.051465276023326206,-0.020565940166720885,-0.011998473979626103,-1,,2
120,0.6323160380154391,0.07353761258212435,0.03738223165112408,0.2327852852367916,0.010892305595991155,0.013086526918529824,42.12487551207238,37.47655644012089,5.219968933985169,True,19.18769514581261,6.502538156924854,3.125323238158599,0.060647002586127166,0.0640136372986046,-0.014471787273326733,-1,,2
121,0.5029928431817916,0.15747947599016537,0.14986646127478695,0.1819802333134089,1.3346784467477201e-05,0.0076676394553799486,31.8144382914846,42.299143631356365,1.5733344729320131,True,33.60596651134101,7.368123395505739,0.38478627636217244,0.04703197726008657,-0.012831970834204348,0.010648123174837756,-1,,0
122,0.19359810886533785,0.423668104684626,0.04374814739191081,0.06669972163664245,0.17318963892085198,0.09909627850063088,25.91660169111415,18.94158352408223,1.624101087403555,True,17.797827969053113,7.316188578053021,0.3410426675766507,0.03149183481739713,0.03557776394734809,-0.005168329655904073,-1,,0
123,0.24216472474283968,0.164427567456829,0.1026511221195373,0.11376870525632453,0.0009533778927461393,0.3760345025317233,33.287294725788925,15.457803554413076,5.567491618955431,True,4.062665135367857,6.34084686555793,3.304963428678421,0.05517122789029683,0.06426175047047707,-0.02726739752757408,-1,,2
124,0.27233414203161294,0.14415935786173792,0.054010506472980155,0.295578058432035,0.000983257414183302,0.23293467778745067,38.94501928370772,41.19787393334481,6.011822013598647,True,2.181002930983497,6.285327067397642,4.265051645970887,0.06080972903104271,0.01892508826148457,-0.020217413772829776,-1,,2
125,0.3499998579968555,0.0912548796625339,0.07409560094122843,0.26496717934050973,0.00011351864741312096,0.21956896341145926,30.16706221607972,48.698866978364805,5.5759125148814075,True,3.9902548241909583,6.35524478573887,3.614952816115922,0.052077202257903216,0.008245440342044039,-0.019618522220424206,-1,,2
126,0.48987409996158726,0.1705737251110088,0.08338761399152207,0.019775046076586512,5.111561128780048e-05,0.2363383992480076,38.66344531852558,39.91545402646191,2.167772286705784,True,62.52516732768187,7.176711827979454,0.39947172882191906,0.05238263319593632,0.07059592776012621,0.003929737876099648,-1,,0
127,0.543793628624267,0.0871176313723626,0.08542900378560912,0.07118060592634237,7.978818229599307e-05,0.21239934210912298,28.0660836593508,19.48143999703398,4.57677997147704,True,29.510264285057886,6.995610744456649,2.018885910769843,0.04409525500640101,-0.010382149862382534,-0.0399011807466479,-1,,1
128,0.18073665881931983,0.15787768375516056,0.0681321842513467,0.14789018859171255,0.010327044765296252,0.4350362398171642,42.49082820783663,25.255710262119887,3.687452947364318,True,155.55483117416026,7.029134707492375,1.2696183400731456,0.059626712353230464,0.009299340931276568,-0.0028184460329416655,-1,,0
129,0.32001237624923573,0.07709931507768342,0.0554914162475875,0.46303593154684347,0.002506673157580065,0.08185428772106972,42.85048019289208,41.400349921529305,1.7254579057981378,True,93.14902360061836,7.1153498789747935,0.7381107344064688,0.05743001067128886,-0.049681003230429684,-0.009446815654197428,-1,,0
130,0.18771415125505939,0.05582202856437023,0.2548713449261233,0.35415522981299896,0.08600651220159115,0.06143073323985697,42.62510043533966,42.30979751106743,3.279648880456426,True,148.19111980192798,7.113066680177334,1.2584092311003978,0.053607551528465705,-0.004954294690908953,-0.0076932033092119495,-1,,0
131,0.6035999101639223,0.10262816397702755,0.0221122916002983,0.2121589985937087,0.027885515910439702,0.03161511975460328,32.94470655086563,42.26401555985268,4.997985629494786,True,19.74848591963837,6.556013302557145,2.7882539112012,0.07080089515277298,0.043250042577540684,0.012201794609207173,-1,,1
132,0.7170113213008301,0.1701770805388185,0.03232295156429682,0.029475978216672076,0.047598641041415986,0.0034140273379664257,30.689119096235288,35.36652790702222,5.870678390201442,True,1.2400457662984576,6.197994354969851,3.3725765432598647,0.03555215059190475,0.02884287554661152,-0.028609136986638795,-1,,2
133,0.37724153284140466,0.0015173867021520003,0.07285513380198293,0.39930819452817146,0.05346686133759525,0.09561089078869363,29.866910531818533,27.76525734957702,5.023466512497352,True,15.688373674945211,6.530221205132073,3.1821149945819323,0.06072971833659434,-0.011137156184717948,-0.0018420496718780655,-1,,2
134,0.2592503009175611,0.09873740536618501,0.4649699847878906,0.10316617908461395,0.06907724146790836,0.004798888375840951,42.54628956967247,35.15471546938579,3.5768388279001377,True,131.73126258155855,7.259055971421808,1.101369037965417,0.0455302272216152,0.007020482905437593,0.004818845539325609,-1,,0
135,0.5029198238878342,0.001169455771954252,0.10365123890929716,0.07650718562766966,0.05307523129536425,0.2626770645078804,42.68536438982751,28.01030403304019,1.8512738160780229,True,68.63711955454059,7.368016750663951,0.44156150653763815,0.05857320410905119,-0.04706133523932253,0.005461645463688639,-1,,0
136,0.21808896980458084,0.2178735027436272,0.10065044046746957,0.12451775723143613,0.01792978028068331,0.3209395494722029,39.6889077209299,49.88555288653246,4.357195337627621,True,90.21291079963925,7.045042286710731,1.9350979999080309,0.05527772595315032,0.04673340635292296,0.0009743078193591246,-1,,1
137,0.16313377100802798,0.1600966272262657,0.12364264575664437,0.07407027999965672,0.12959030542467176,0.34946637058473357,27.119107115613023,20.884995396240875,4.945077834178658,True,14.421805813480356,6.711773483378619,2.4351339327099164,0.04207238156803919,0.037497128368892074,-0.01806614298687208,-1,,1
138,0.2863287039592242,0.026515619955348724,0.23454926390631697,0.2647530260795172,0.14049852270581,0.047354863393782684,34.28866615974052,47.912003777282536,2.1091682675421723,True,59.07770806184718,7.176128425985253,0.6053657635925993,0.038379273490957884,-0.022579012556788618,-0.004416399017124963,-1,,0
139,0.25071914258230615,0.04604032839124907,0.41929818187738344,0.16123235386120913,0.00033029555880844996,0.1223796977290437,34.59687210268311,34.55022270044442,4.855320034651288,True,29.926274491469215,6.418538155459053,2.678123596540816,0.03436641202208678,0.0692832064400323,-0.00723661866369835,-1,,2
140,0.5695273788398063,0.10323238820072989,0.03643241381267169,0.2761092937984449,0.012709278809650223,0.001989246538697018,34.52745184712852,38.27690968079915,2.995008509179898,True,63.7672584931684,7.217824174966439,0.9989742353254584,0.03972142482950031,-0.03676414975915854,-0.003215381693553146,-1,,0
141,0.5357954799766343,0.045490328323047106,0.13197434416124496,0.26308790802530563,7.931611957766648e-05,0.02357262339419017,44.70259793045618,42.64023000530163,2.521875460402435,True,120.99706026504732,7.231682299990876,0.5758912931798561,0.0640647897224309,0.01294242497336977,0.0028401785812567303,-1,,0
142,0.7554752616154848,0.06344932687791115,0.12634552774973531,0.0021104900105013403,0.002690377375440452,0.0499290163709267,39.10080704529358,13.041348805339474,1.6668646929092714,True,38.59056447866528,7.257196050544576,0.2607921812472708,0.056987939394798515,0.00852319549425227,0.012176980326795928,-1,,0
143,0.2798567003735166,0.29759057579821724,0.12134519989944173,0.015483324970143356,0.11968875974583124,0.16603543921284966,38.21280038602079,27.80754359702143,2.641178803031048,True,81.76304878309324,7.24040042398911,0.4323452694858448,0.05756804721275063,0.015300989953914027,0.02187201511058491,-1,,0
144,0.4270751984968134,0.11328830423333705,0.30490714767699106,0.05486291454297768,0.08869318617134732,0.011173248878533429,39.31092062991052,47.44943298252937,3.23222175083619,True,93.30410981316085,7.2621744040307155,0.7640067777651348,0.049395271867540926,-0.01696671069459254,-0.010636618865511004,-1,,0
145,0.12640596616544472,0.07415617756484909,0.04093109651750127,0.44630076536136654,0.00035524773115230905,0.3118507466596859,38.60359932910775,22.153464478902695,2.189324467659719,True,96.11468698815862,7.2953621730346105,0.6483648513170803,0.06232308087624287,0.011401457316058803,-0.01870073528483324,-1,,0
146,0.2452357296464079,0.22139912004992154,0.20116927101230847,0.10500289064795316,0.06200603216472979,0.1651869564786791,37.81703364260349,32.48451854009352,3.9379594967367075,True,94.70541770591292,7.184001799943312,1.5522749973622685,0.040331384980546205,-0.026607675781890633,-0.015600970562491474,-1,,1
147,0.33316284784626393,0.2712366815817265,0.2011420076696449,0.02457882737853661,0.1311587010400261,0.03872093448380207,34.65442901999508,12.280021914034464,1.4078571215018583,True,22.926885203754463,7.064474277657354,0.6863247100628647,0.030134426470214935,-0.010232198557899422,-0.01131515949768452,-1,,0
148,0.1370426697317173,0.2226177193292484,0.2826958087503658,0.24042814647369948,0.10526229153945042,0.011953364175518493,44.10570490250661,13.257865033389145,4.0896114151386085,True,132.6275197454201,7.008296612132142,1.80676932956886,0.05278550407872331,-0.01932962659686159,-0.024495606507468064,-1,,1
149,0.31999882599896906,0.13803237380910946,0.16986609329838523,0.24076534830228452,0.0341560619180194,0.09718129667323235,41.09956969050578,25.871186066582435,3.676946481690197,True,131.43003920608146,7.279814494122781,1.4587545990885493,0.049055122376508394,0.04810274159414046,0.014096883602649973,-1,,0
150,0.34555199907737727,0.23379671946098124,0.02124014722253033,0.13334604595281968,0.1485725492492311,0.11749253903706044,36.6370859498122,37.07498007953189,6.56684073217552,True,0.3370910305966408,6.059775023855575,4.547066405648186,0.04092770657785913,-0.0017802224947938358,-0.013151800175678163,-1,,2
151,0.5639222220960733,0.0559368619826305,0.03817984941012991,0.27226088730581555,0.0020837793034692814,0.06761639990188134,31.376239223290497,25.22903768040549,5.812175907616101,True,2.0256820467251724,6.215183143274402,3.8550796603336384,0.04369260690966261,-0.0064404832402986355,-0.037536563690592606,-1,,2
152,0.12570256825481463,0.18163425137320394,0.3122614193953407,0.30700851265399925,0.00047767919824858736,0.07291556912439301,26.026473100098634,23.88536811901758,2.1673019034933754,True,28.82623875394193,7.120245263248487,0.5261675126488335,0.039839483180030964,-0.021914833841350012,-0.007382271170836669,-1,,0
153,0.4131761734232443,0.27699145120524266,0.008882357934230263,0.05008583804366805,0.03422843463998694,0.2166357447536279,26.030721749514285,27.199101420712772,3.2517558012235637,True,32.90439597558329,7.09679534520063,0.8004658755196266,0.04112940669908617,0.008711022167440057,0.007625273148881756,-1,,0
154,0.2090048702542242,0.32521511419268634,0.37606608385159823,0.0818436264619106,0.0035888701450447033,0.004281435094535986,33.78036351087303,43.00297962242082,2.222029429534432,True,48.80397387213826,7.318182853917006,0.5334561282358043,0.043183272769504365,0.01607955543585702,-0.010699783264909495,-1,,0
155,0.20036370513702953,0.30150525546404033,0.18982861270280424,0.04848033506965184,0.000882140094110842,0.25893995153236316,28.279756232180187,42.5681193740344,1.2487808329208374,True,20.59238404558576,7.152120879212311,0.358454072188745,0.03515101422806661,-0.0018616530697151354,0.0019111925252731877,-1,,0
156,0.44954379737079886,0.1758317259612261,0.010702991964468568,0.03924904642051628,0.13633600428406048,0.1883364339989297,44.827315928482335,14.736007333408612,6.97730114979163,True,0.18166494056265728,5.882387729356646,4.777012331245791,0.05995353406245168,0.03312544433391292,-0.013814723722633633,-1,,2
157,0.13831280073659002,0.06266543522987231,0.5438912297861324,0.010730741039282891,0.24394594892010327,0.0004538442880191725,27.43153523239891,31.176795811158634,1.5351600768204814,True,21.35003669811028,7.137973186280073,0.33934429331571836,0.05423366760120933,-0.02129072763296618,0.00964511619934451,-1,,0
158,0.2262313306495876,0.2648402266825212,0.08820715591018151,0.0913416813678284,0.08220489654610402,0.24717470884377724,31.13712057301552,10.41060258813966,4.1967927653589365,True,42.04731795313405,7.038361013804595,1.7867453366025856,0.041103460769391434,-0.008660988371898652,0.010188855208931369,-1,,1
159,0.271988363036858,0.09123500132572596,0.2657833921403511,0.2136093878190234,0.0675618051858664,0.08982205049217527,26.417116703572972,33.866020202367146,2.4466936938820867,True,34.816210321471374,7.201233324029132,0.8968211222716231,0.05272573768715989,0.009215909869925864,0.003667229934976392,-1,,0
160,0.2749901632857381,0.27431334639880744,0.21424865295404097,0.11645471789855696,0.04433155985624616,0.07566155960661032,39.03522246453416,21.05174166984466,1.9989616160430117,True,62.620955583801404,7.1004584221624105,0.43349639854402267,0.04107366714915657,0.007572716059411392,-0.014172554941588672,-1,,0
161,0.2092626371201502,0.2125245608557198,0.07617061192708903,0.3820050946435643,0.00016881743137014813,0.1198682780221066,38.457586011474824,49.6010738376577,5.0515304423036635,True,27.59954642836035,6.480732224855402,3.185875593306031,0.045288610986902206,0.012524610726248164,-0.022304325345875568,-1,,2
162,0.21719074023588347,0.116445387631591,0.4727792209766251,0.12098540684183011,0.06006783237973957,0.012531411934330642,38.82921441665374,48.887463855527635,1.8210529865476044,True,62.21894970374406,7.249906546055068,0.3513660861603159,0.0370350762303108,0.002444687201959408,0.008959839038004663,-1,,0
163,0.06490470240422551,0.05077274891622229,0.3248988993906761,0.24005752353867923,0.2619088594008018,0.05745726634939512,32.050900008797086,39.05956342206821,2.4037421821756446,True,54.116725181099184,7.1984820163616465,0.6819562695207279,0.040242333731904785,-0.03564146847357008,0.0008768933355522606,-1,,0
164,0.5801378601131447,0.014209877954606367,0.1372817883253073,0.2461352003604582,1.4804005231208425e-05,0.022220469241252244,32.666327896251445,37.664438394255214,5.235250696032071,True,10.924905994821678,6.395203660554087,3.096936038456849,0.04509814040905259,0.037600947002660645,-0.008846423246259939,-1,,2
165,0.5712636847746733,0.12857830527939992,0.08099125939418454,0.05362895343631043,0.0029751114502674695,0.1625626856651644,31.978222264355836,34.44830783764906,2.678315462352746,True,57.27949811306935,7.242861064823698,0.4383014635476984,0.04692687573116953,0.019050163363682003,0.011796552233771001,-1,,0
166,0.5915170909061508,0.0028011735966923207,0.04002728988164449,0.35344239394169685,0.0005425280689982466,0.011669523604817298,33.76902199500847,13.420781916602591,6.258726343866253,True,0.7381956048920696,6.090396391462395,4.698482903643914,0.04128046692535883,0.047488936393336144,-0.01878396815990744,-1,,2
167,0.007153740159120803,0.3798627914642937,0.12142427248143349,0.2744918439766288,0.1512411445668924,0.06582620735163068,29.12938176684023,19.64716218997491,6.320388285184563,True,0.44394272978833266,6.126439038738558,4.542141456790093,0.03967645911482489,0.06161351197051649,-0.007155654032906936,-1,,2
168,0.39114388793174554,0.012318178603347345,0.4507651026384692,0.11178668525002447,0.007697909563071278,0.026288236013342174,33.424006874644405,30.116511748461143,4.768999294608828,True,30.24314001749982,6.636478288008128,2.2928406227399156,0.034235381720343176,-0.0004841452855900291,-0.019365612831941534,-1,,1
169,0.1124590941552301,0.33484357444228413,0.32832198759866704,0.02360321667674386,0.02045140214717989,0.18032072497989488,34.78789354039246,44.477321363253274,4.913193414192848,True,28.181054416884567,6.615115056117526,2.2523240424943074,0.034840773143217825,0.022154436111150796,-0.003632293781892153,-1,,1
170,0.3820054715786934,0.24429876101344988,0.18250955302140834,0.1795304193534503,0.006855465648681458,0.004800329384316718,42.58898617855509,16.59825677389854,5.612260778036559,True,6.25042565833634,6.275019340888326,3.442993470168199,0.0482034539184951,0.07382901794150779,-0.010000319600442311,-1,,2
171,0.5583340511870648,0.12481233153637734,0.14474810097613236,0.0032766480415356105,0.003181705504715466,0.16564716275417446,34.16120983447958,35.842731964771176,5.568447054249137,True,4.269744210853643,6.406049831059603,2.9186717353573286,0.04213568623659658,0.043903768429635705,-0.004965340374273141,-1,,2
172,0.21651978077049858,0.2935220033778962,0.07359813309411134,0.27946279274188884,0.06512906250982453,0.07176822750578069,25.24220318697379,35.6101923991109,3.55682114773734,True,49.39362637752706,7.120425919921556,1.3350854775009684,0.043187577728047946,0.0028775106705097695,-0.002839539894727847,-1,,0
173,0.13537106091054088,0.37489907400532246,0.009290931228861933,0.21462272181770878,0.05071229076858673,0.2151039212689791,29.030132949374767,46.240421810351926,1.1924973304541697,True,21.262723147903337,7.32730265097177,0.37914188796387466,0.04267566173375401,0.03748272618585784,0.00899079031295105,-1,,0
174,0.45411801478147545,0.08339997827299177,0.17672788813643386,0.07560671880793116,0.00764577489499255,0.2025016251061752,40.43652135171453,39.353619850874665,3.323578798152413,True,98.42367428975223,7.252152758974424,1.055292165026418,0.06828364097026832,0.04137854725110488,-0.00693737503847282,-1,,0
175,0.12859457772212035,0.11505387352397423,0.2778394546126371,0.336927150287486,0.0486062395553047,0.09297870429847768,26.939308398266014,25.7526138180828,2.1028289987005344,True,32.63993763692571,7.236911410110886,0.5757376473075972,0.037544548855294034,-0.019080488417018142,0.011580586525891248,-1,,0
176,0.721297413114468,0.03618495154381123,0.07821308778899638,0.14700746734393985,0.005886080191232117,0.011411000017552266,31.67678413126361,39.135051108548964,5.625760321183453,True,3.3848360069178516,6.3435268106668286,3.4895420160548105,0.04787488580244419,0.013549424549036376,-0.017862926013791483,-1,,2
177,0.5388951508415267,0.193344363242745,0.18700205995753874,0.020932791600931727,0.017377472423771273,0.042448161933486495,40.8294999516624,46.64763150649409,4.597853020204994,True,64.4555274706468,6.843310455896184,1.9198368929341676,0.04711226747569559,-0.017332962376890585,-0.01155625552208223,-1,,1
178,0.11516738870249912,0.06979370142277248,0.1208377066520222,0.30731529111985156,0.3170687083734073,0.06981720372944743,28.64788955539747,13.922897671719712,5.284380701676813,True,6.5684950956404435,6.39691714502574,3.349452503348599,0.046620532262380825,-0.001205011926458957,-0.012807992483487202,-1,,2
179,0.3509939524909206,0.018353177906879615,0.15158400780428782,0.0498816988350699,0.06731200043867282,0.3618751625241692,35.02807478730558,25.091189558123325,5.399056756925905,True,8.543532819132071,6.433662728623838,2.8486549544720523,0.04293031945998636,0.054116352061855735,-0.014146660064853,-1,,2
180,0.30358932092966734,0.10226255509594588,0.47105664503343975,0.020534097999350683,1.5971524724093725e-07,0.10255722122634914,28.6336554214018,44.101595385464016,2.6275357537424924,True,37.04939183089783,7.11508896877665,0.3360007162993573,0.04707162216341417,0.0009684340257504676,-0.0010516734831806547,-1,,0
181,0.4092223708865531,0.015862254198977827,0.018046010857906587,0.5427750095699526,0.008104794829701514,0.005989559656908356,35.71716998028858,39.91591771373959,5.842720982363266,True,3.1866012399957517,6.315608177505606,4.6835931355944265,0.05072943620802649,0.04067107888510118,-0.010638105457299192,-1,,2
182,0.4244953149393359,0.14799795536773155,0.017364240692872884,0.2323674202495908,0.14285822834698308,0.034916840403485735,41.91970054761325,38.71801864396902,2.009554292234621,True,85.62904658735086,7.181267257412156,0.6950940617103325,0.05125893859124813,0.0023200052371978312,-0.0022366300320901416,-1,,0
183,0.28987532338566335,0.09743154237084142,0.09909663860665957,0.4605590040615057,0.002974180957719556,0.05006331061761041,31.984843583078582,29.272533783650108,6.375350417385278,True,0.5406222337171241,6.0555997954879315,5.071294524564428,0.04153629750115335,0.06995800921050564,-0.03410418403253549,-1,,2
184,0.17313899347062503,0.026489956279748043,0.34406963808031527,0.04491688179215492,0.004813575642902263,0.4065709547342543,31.042049750682423,15.974904110396686,4.619042060939542,True,31.022179395720624,6.7529318524839885,2.16261133903535,0.044619988492656325,0.07315777460795272,-0.0019728044075209756,-1,,1
185,0.34401158183413877,0.11279549657538832,0.0896932308589125,0.14897715513302526,0.2394973745324105,0.06502516106612469,44.39094452984443,46.59098753245199,3.4660797287309837,True,181.05693057838906,7.12635893017724,1.0942150380506261,0.06268644446457303,0.050373095047324935,-0.0033503159135544434,-1,,0
186,0.022118587753834656,0.03642076945848042,0.5277973598770844,0.05223263383937368,0.31745282588346146,0.04397782318776534,44.75870186242538,13.716722623998763,6.1670274069078035,True,1.6353909154344488,6.024351164945871,3.7604242259254224,0.04821651598378325,0.028749923010267894,-0.01813076586590138,-1,,2
187,0.27486833847020176,0.3977744114796134,0.17268481814354741,0.1389057278920966,3.7462397994459466e-05,0.015729241616546392,25.507862545125242,25.330474127749,3.4101170066218236,True,41.366536120723175,7.287026788527232,1.0513103268617205,0.04970587133308271,0.01929656643920854,0.01793910695551263,-1,,0
188,0.5346219684568317,0.20426866770997043,0.006690444089062732,0.015757910965603746,0.023239354760597443,0.21542165401793395,33.41300773542133,28.752218647476106,5.9810375559443845,True,1.2384901542338715,6.2905724850177,3.5900438937630366,0.03972770462341263,0.04231111679949379,-0.020430052135419118,-1,,2
189,0.14090298064546833,0.02539692354336724,0.44197822495004946,0.12925120781766253,0.20646139364154661,0.056009269401905815,38.20649547634657,48.24756375360578,5.129346330210166,True,22.250099490262063,6.469175609641725,2.7720000404560015,0.037508102046958924,0.012062134734409582,0.0008023341089273446,-1,,2
190,0.780083898200809,0.035101528600407626,0.04975489004304405,0.10362687387163548,0.023825976122719972,0.007606833161383728,40.845973186275785,12.523428365885142,2.857083928396981,True,69.3323077880603,7.261003370011579,0.7846440282611501,0.052537615513324684,0.05853216503361827,0.0005158793401186279,-1,,0
191,0.2765197854001854,0.4523630019464474,0.1563705459167261,0.020652825543822622,0.004571051760847532,0.08952278943197103,44.80981207660018,17.304245387317767,4.355725433754847,True,112.24958213716621,6.787441802051912,1.831466547612865,0.05127225016627843,0.016586763984519463,-0.012821161278742917,-1,,1
192,0.13609313060354938,0.012349499572236532,0.3616561121599984,0.40285070934358475,0.024244632491527522,0.06280591582910333,36.56642293009809,41.4840990170851,6.292341880622868,True,0.9515999488747016,6.005341358167869,4.794396191972085,0.04453298762397712,0.002760883721584364,-0.026554699157896162,-1,,2
193,0.3977906419586821,0.24154283788249942,0.13770987951717992,0.08586676622951174,0.1234279459742856,0.013661928437841175,31.01429359569963,26.764392106778814,1.7832606249548553,True,28.091947206210524,7.183615521074914,0.37958285163816446,0.03471470110419943,0.01373598640523553,0.0049197221176693244,-1,,0
194,0.3487886121590923,0.003673362772541352,0.4151696148783807,0.07074992981718298,0.02230489160251162,0.13931358877029107,33.809349640059345,35.072869509229676,3.742757039697648,True,73.70912147701983,7.151965088176796,1.2210482569251833,0.037447660865861765,0.10193620624411366,-0.000502278822101982,-1,,0
195,0.1540417469629933,0.20077377202199564,0.047792193696332176,0.05057069377107107,0.3399282545994531,0.20689333894815476,32.93463635124731,43.7275802356934,4.93178379648759,True,21.897649016380935,6.624369373960678,2.3350293858519304,0.036506134051031605,0.02304791768835516,-0.018356597499468243,-1,,1
196,0.42738135827904705,0.18144034076781143,0.08352589594928149,0.085124373207859,0.051533939849932126,0.17099409194606893,35.34765521639956,33.570268126233714,1.6542158863257794,True,43.12790277469998,7.2901753109188085,0.3288162540295249,0.061960267731631116,0.032392726427703494,-0.001943681807949302,-1,,0
197,0.5213021917710247,0.1546024433857708,0.18681998571565428,0.010411435616348193,0.03365995576642639,0.09320398774477567,31.22663676887868,23.4176313252621,3.915816025117862,True,56.65152511433879,7.084378890320971,1.523450928861867,0.034312390869903016,0.0006469759816009855,-0.015990450261603215,-1,,1
198,0.28266717930349133,0.10277958974536372,0.4134163226715758,0.05343351464916486,0.034771805484511926,0.11293158814589224,26.67232378210131,47.05434714380226,3.8595861746413993,True,40.21087483501981,7.180882497230255,1.2924965374024107,0.03887747647666894,-0.0028180712279404236,-0.017569862457897014,-1,,0
199,0.3022380535294984,0.3707156345982332,0.04142123012295082,0.1712863394433293,0.10172104890735452,0.012617693398633813,37.27928994159612,20.54579332823093,2.512799881679665,True,81.8420555423314,7.260699279266834,0.45880773194144736,0.042516491578502125,-0.03677298351853167,-0.006026919072616194,-1,,0
200,0.04339501170560122,0.15442789238125082,0.09442724108346888,0.07560817942658668,0.1055474562678936,0.5265942191351988,31.932188198421127,45.35482884683975,5.259650375733174,True,9.949263823304419,6.406427847010166,2.7549552503663155,0.06159521834541104,0.05491135484792595,-0.006367703258971671,-1,,2
201,0.7583181484522415,0.027220059161191752,0.005152340102472152,0.11522366826626806,0.08320655642724831,0.010879227590578258,36.58495382946689,26.098972361012454,5.580625799718391,True,5.539627655932077,6.369262776614314,3.2880834228892293,0.043376619507503364,0.05554286228962685,-0.021123106712561155,-1,,2
202,0.5631161553905004,0.024427798030484865,0.24509302546082778,0.025750582159923627,0.002911006109420568,0.13870143284884281,31.55641988185382,20.20947647681556,1.9369302053786943,True,25.928363672045354,7.224644726309433,0.27597393398898606,0.039654111376325546,0.01721058890068704,-0.007956951040253474,-1,,0
203,0.13604292849889604,0.2582752396200197,0.20639063217914336,0.3407007678974948,0.023527660214526784,0.035062771589919245,31.88500078984422,41.4072913113593,6.085403773427664,True,1.207383056686059,6.256994256149807,4.376288745572432,0.036432518085988554,-0.05102919320460693,-0.010881021858181697,-1,,2
204,0.11423555508890751,0.06831072990456002,0.22687930281187596,0.04138889239112228,0.02112713965061553,0.5280583801529187,26.473869012744814,31.554460158052606,6.6585153888735364,True,0.1512569559610147,5.9549325265946615,4.2964258017355075,0.05448969222750609,0.07531570169514847,-0.013915162289464829,-1,,2
205,0.5236528700311364,0.0787323795232985,0.20599618132208075,0.046768269290127965,0.012934375643379114,0.1319159241899772,34.952599783365685,31.58034312974916,5.260763252414891,True,9.498289593787511,6.545507239608373,2.6800145439877037,0.038611418902497266,0.03382118715290365,0.0032322534917745734,-1,,1
206,0.6637052669421973,0.03908797149798128,0.12752170577393612,0.03708701484656417,0.09315664410243912,0.039441396836882026,31.59836904544342,20.358044608609617,2.5579246492275827,True,41.385660148664435,7.251573929878292,0.31833008001157176,0.03766003185062651,0.03260680365397063,-0.005289537416914302,-1,,0
207,0.3067873262264842,0.053788811752647644,0.13540040536317255,0.25947880123478273,0.07235275622832531,0.17219189919458755,42.765827923310994,12.18141163532855,1.3796435495620234,True,47.17329938666573,7.218802022656365,0.3945165249217897,0.05519837508448895,-0.004455221548507482,0.02123866381737493,-1,,0
208,0.41242750496038977,0.20295414652614854,0.02866021654036316,0.28113053138733785,0.013521739531864503,0.06130586105389602,33.06711752417996,10.148439840999671,3.572700494701345,True,55.0597290737249,7.219946684413799,1.3659767718283997,0.038061866704536394,-0.02379647579521636,-0.018155941544640796,-1,,0
209,0.2103098615765814,0.28208015739524966,0.01077344604045551,0.003726098653200508,0.4741205588313582,0.018989877503154784,39.13207564338848,45.80266902485273,4.001908712299661,True,107.44822220484697,6.885186385538863,1.326102753238927,0.04513121936638802,0.02831031606099611,-0.006229854058195955,-1,,0
210,0.3004699008649943,0.00834178690282714,0.025211458692231962,0.21542762028772658,0.015256500924337476,0.4352927323278827,43.37970015192774,39.93488729024941,4.873867739547087,True,53.96046910412439,6.686472940749858,2.636476160237931,0.07167387311034938,0.055679865984370594,-0.011247815494988201,-1,,1
211,0.19149825184973804,0.09092889032953853,0.05889083206853298,0.4934407254322712,0.11124944300693541,0.053991857312984025,43.23676755761461,24.837900847920686,2.127356388497392,True,111.74678350368664,7.0680507165840645,0.6973417880015593,0.05810180308657103,0.07706727379938744,-0.002134285345027371,-1,,0
212,0.4844976845922058,0.03254301732444018,0.2308462631885907,0.21253051173358264,0.005862483074360992,0.033720040086819565,31.478817041167133,42.59800905831705,2.404668213964927,True,48.64787589712995,7.108693343253102,0.5218339486051591,0.03839165285844509,-0.024557892744407978,0.008784500741824486,-1,,0
213,0.18137484666344125,0.16102973814524857,0.16297788420271198,0.02013672255998059,0.1305557733950249,0.34392503503359284,29.804783177795606,44.53006381139772,3.170215659983476,True,46.478117382922896,7.368395644567189,1.193055598467723,0.03886759373566287,-0.018581310150497517,0.01066966666993791,-1,,0
214,0.03226881060182122,0.6998013139225003,0.04039055353990947,0.20699063472925847,0.003535020414768351,0.017013666791742103,36.14873974296503,11.769351710336192,6.269787339051613,True,0.750909154495238,6.150036625118717,4.230493746420114,0.033383015373473,0.054169538049084504,-0.006296279891364282,-1,,2
215,0.12599525249100801,0.6497180790859034,0.10638166476715626,0.08285386870514004,0.003757904371237316,0.0312932305795551,34.99600733031498,46.05897426915686,2.279229222155916,True,59.428914013993676,7.192390127626843,0.38663693241994523,0.035361479858206674,0.017384449174634022,-0.0072147767102044395,-1,,0
216,0.4027161721786998,0.008216956585289176,0.03141125792015545,0.23112870113182485,0.29723106531863774,0.029295846865392956,35.17811879715256,42.77880720893418,3.684339981547937,True,93.80638147350159,7.207855404691575,1.4468807022960422,0.05005800711666876,0.03819303453164639,-0.011251110240319965,-1,,0
217,0.5224488238431078,0.15754004592738063,0.16158889775572233,0.043529223626580946,0.09762437326487224,0.017268635582336142,26.36532776697733,10.67726056151798,3.2472279584978985,True,27.766314450205307,7.2003662557379124,0.746661447824663,0.03740457460776868,0.018557220301809823,-0.003146810553474001,-1,,0
218,0.3540239941203665,0.10803877594727525,0.017507637886687598,0.29461586606064116,0.00017409191899700013,0.2256396340660325,35.23982343760764,21.777927424122787,1.9668757225029088,True,55.025855978784975,7.30408611718541,0.5521078363703058,0.04580277907133046,-0.030943734054235165,-0.009460677795774784,-1,,0
219,0.23791669291711554,0.19149714329099324,0.18486762976034363,0.1025156051159656,0.00044596377379517606,0.28275696514178683,35.92611895304285,27.626346913856217,3.4276418947368827,True,89.37304617203573,7.182397915125499,1.210822003217224,0.04290504709254217,0.012241700290441193,-0.01154230576353581,-1,,0
220,0.31213052549646214,0.3846640795310427,0.21241428875511228,0.010988812198791794,0.03685422207940465,0.042948071939186344,28.613065422780956,44.17056788597033,3.8826034180993965,True,58.14698039654726,7.15375095680515,1.2426268101049531,0.04061383813242245,0.017149961157193503,-0.011782775715383094,-1,,0
221,0.2112342489919486,0.18715105530187823,0.10821905409022932,0.3538734540404896,0.11979472657189633,0.01972746100355786,30.177502857383757,18.061428695310862,2.23514938322936,True,43.87916196689686,7.361445032950616,0.5905024812381737,0.04518058754143647,-0.00040267851159869067,-0.011750402358453062,-1,,0
222,0.36354011773526196,0.3057405347156494,0.019136919965940337,0.033065848902363186,0.00458494127192324,0.27393163740886184,35.54394733182549,27.544800855194403,1.4200911348668102,True,33.11424964522491,7.3391947072794865,0.3600558197375464,0.04065148211729925,-0.011579753494674015,0.006169505608345559,-1,,0
223,0.46548302468289243,0.24246289863796114,0.15130872745885388,0.013019194435638893,0.02074011376129407,0.10698604102335957,35.87188605661183,37.73815493335076,5.398250010668797,True,8.705975567379285,6.471751604929099,2.8243629519322013,0.03692426273661,-0.019706295778485428,0.00816710176455294,-1,,2
224,0.375139476453627,0.009668038148640945,0.05725506906759761,0.11065613666356645,0.021232200905366285,0.4260490787612016,32.79439431402355,10.633411162338122,4.754924986409243,True,25.273496316152315,6.829447374686753,2.7793630863803513,0.045956232315674174,-0.003945362527125018,0.005383515114885409,-1,,1
225,0.42190629918378925,0.03318224242941125,0.2980264574831333,0.19997472616262263,0.04656211467597271,0.0003481600650709127,42.8925211902987,12.43059571016886,6.668580958198964,True,0.37114364335111405,5.766702788784175,4.862994568943716,0.06102478488751635,0.022141966121678486,-0.015656719315567384,-1,,2
226,0.33679884435362606,0.079601165476307,0.09279430004365444,0.08693007753263482,0.2519255526511758,0.15195005994260175,34.89503225513108,21.051835991229563,4.187385932074536,True,69.05454459475668,6.99415913073725,1.6563968360620385,0.040711732816599164,0.034687604422340854,-0.0009119238818402543,-1,,1
227,0.5403735004231419,0.06447396495335969,0.014173016336900199,0.034194029492528165,0.021121509804917386,0.3256639789891525,41.187839285691076,22.331462776088514,3.4403679801418328,True,112.56897553694284,7.207171488587359,0.9254956719967206,0.05854784017888402,-0.011648951472236897,-0.015929520224677047,-1,,0
228,0.3034558807652357,0.2448137302348138,0.15120889839864404,0.10095361282525729,0.14243515398399095,0.05713272379205812,27.866206955240962,29.59984904559586,3.7399882322094724,True,50.16761402603084,7.182667114300605,1.2845136342344474,0.042470681717426934,-0.05688194216324824,-0.009968317771540988,-1,,0
229,0.37169437480203327,0.13230553061367317,0.0068490164713432816,0.26103146285735795,0.008638964106639654,0.2194806511489527,43.27655475925973,19.163867997603724,1.5233129497465867,True,65.23748644716761,7.151450707728539,0.5914613821131716,0.06634505588269855,-0.008042579426632267,-0.010219490844170011,-1,,0
230,0.062015135498388045,0.41733377145191186,0.11689265032407856,0.11786427030254934,0.2082404360269556,0.07765373639611658,42.032595178319156,44.881347706865306,2.3595336203733934,True,104.93124345516337,7.093309669514592,0.39925217148555364,0.05646095214256183,0.005863911852900751,-0.0033969427011190634,-1,,0
231,0.1745266741533366,0.0101484049450032,0.23821914491482046,0.0003130129354703292,0.3011880147034171,0.2756047483479524,25.049357121245343,14.638833348039913,2.912103558748618,True,28.40905823432017,7.1115542575025215,0.5361216232132252,0.051136161581332135,-0.004895481007286265,0.00026584460514226415,-1,,0
232,0.7190441472160948,0.09737406747867543,0.10112595075328579,0.04395889120312165,0.03104790760080134,0.007449035748020766,32.091837361348745,45.69516202229531,1.917693755548006,True,35.16492624771647,7.115579886800119,0.6427201943600699,0.054994093135057834,-0.03292563228487798,0.006673134101564023,-1,,0
233,0.40360394117120296,0.031400355596900104,0.17312646210147928,0.035858763135689954,0.3095791641134544,0.04643131388127325,40.36955910546233,48.939565848637315,3.301653865112768,True,114.24734034205078,7.257922526397111,0.8080980538269632,0.0500292720880079,0.011524336254664756,-0.0046021427335252215,-1,,0
234,0.274866681411129,0.22314035232411258,0.10208584050925806,0.361406215632131,0.002191516774592279,0.03630939334877708,29.9772261489773,17.160565191487322,3.6783035982495704,True,57.00323647405028,7.108299757954098,1.6554650077993507,0.03902943804143153,0.0006166773419615775,0.015752613540489787,-1,,1
235,0.9409171863591531,0.006313323789248457,0.02586452968009806,0.01439123885407527,0.0034524524644667437,0.00906126885295832,41.05211943812205,20.769530776983206,5.149078276964761,True,18.959321791707236,6.404198362529369,2.5404890799653144,0.06393158348032504,-0.0036875775851559003,-0.003142176262417702,-1,,2
236,0.2679636139387037,0.06582226376709252,0.1331875499363488,0.19049334619206457,0.0150158790754522,0.3275173470903382,36.41031261635375,18.895217266223586,4.847302261387666,True,33.642872925354936,6.608197546816368,2.559511741870106,0.04520955731783981,0.01724674891274617,0.0027121290652280944,-1,,1
237,0.7344642433782385,0.05944088535020848,0.03958978675684299,0.10573245982046503,0.021557880049559865,0.03921474464468524,42.159316615383915,27.851269735046607,5.918828876282769,True,3.0338881350020555,6.073631471310676,3.6362904199985393,0.05320058756658482,-0.0013232037659146219,-0.013945141031675528,-1,,2
238,0.3041785393158074,0.2528355345794417,0.09722872345047538,0.04948518308063299,0.04371507403408436,0.2525569455395581,29.662277520148372,32.602058018101445,1.2003067564258474,True,20.960935742673282,7.265835948702219,0.34111644706083155,0.03956509821678468,-0.036969084915862135,0.0006714779340275426,-1,,0
239,0.23209156559811,0.030351632465692037,0.16915343652901021,0.38607945668129645,0.08546613322991432,0.0968577754959768,39.25657673147294,27.21350410340662,2.7044236949445972,True,103.27310298088153,7.288164098162292,0.7875731992410476,0.047552200206246585,-0.021206971867840447,0.0013835432640679232,-1,,0
240,0.3464417937665274,0.39031590998777005,0.17711665344030528,0.03182953681969633,0.01109359064816567,0.04320251533753542,29.76423422364224,22.558777233902333,5.153841682867553,True,8.117450192981703,6.526047455597842,2.571633993391061,0.03449482548764989,0.032268674227148325,-0.011182210353674981,-1,,1
241,0.7812371830984156,0.06684247662424872,0.023790521983095836,0.042716994299541115,0.017787791797623374,0.06762503219707534,43.61409190933374,25.865178079079165,6.67688592149457,True,0.3807578471234242,5.950192223360589,4.355120223450116,0.061945722799327085,0.03475229146582182,-0.0052134340986697645,-1,,2
242,0.19974792904936603,0.06970220901759239,0.37561173335631765,0.07147499552295009,0.022232042943979173,0.26123109010979473,32.00664541413658,12.68170133851977,6.052950290840779,True,0.8497955093013787,6.088204098226091,3.636403693881718,0.03967683692669329,0.050856761330542635,-0.0058843209923237026,-1,,2
243,0.06739699812759534,0.17144745260539968,0.3253137514916524,0.3406770929007078,0.027384263536974873,0.0677804413376702,35.624808079984064,39.69570226832958,5.954727514066825,True,2.159354764520945,6.156905224894491,4.331354077380673,0.04190537267061139,0.03524369927712493,-0.010892469881168328,-1,,2
244,0.24016121311618963,0.3216214161896077,0.031018059686178892,0.07457850276650148,0.00896905733873167,0.32365175090279047,32.328876664884234,29.272169007666196,4.212458649822798,True,69.32758142211411,6.9797030886873745,1.7245967448122457,0.039955451394344206,-0.03270393387224394,-0.015401698119026714,-1,,1
245,0.30190373362732886,0.06408418377533534,0.34210263036464256,0.20203661415318572,0.0008079879058946958,0.0890648501736128,37.04668942637937,38.341797379649016,5.473612932219549,True,8.879168524870757,6.375927222219756,3.252397681611453,0.03885047280219262,-0.03120262597718297,0.004549912244756368,-1,,2
246,0.22097905986511762,0.26009898080915567,0.2584285294418546,0.04585854279598285,0.16007303425161937,0.05456185283626978,36.658132804082584,41.110423986075006,5.851583417985406,True,2.5602336074224534,6.051831304934381,3.3945699264443303,0.03945025418068505,0.034780692594987145,-0.020503369263104858,-1,,2
247,0.6688010622226507,0.0723275815656006,0.18254280310510956,0.05059609909125523,0.009351373314299465,0.01638108070108451,33.76145354509212,43.92314975554989,6.229239227130876,True,0.7284719745442437,6.107461663132478,3.8050543607468237,0.03994479319599002,0.021888491416932124,-0.006065124003245914,-1,,2
248,0.4595299827326895,0.4095110975778282,0.00940114859980681,0.0518478470553491,0.0001095649137620994,0.06960035912056409,26.10984202998274,28.5539189161365,2.0062047387622264,True,22.593330154354867,7.19350698037003,0.3643623452448539,0.03696559577588714,0.050415673110406886,-0.011170718636403265,-1,,0
249,0.15774605890737242,0.04359611827001641,0.39475380075828004,0.1124734917361824,0.01168157932545689,0.2797489510026918,33.68528314524253,32.67725989821841,1.9969156259455936,True,45.277321924905614,7.159448308612692,0.3639349715607593,0.04034670903117998,-0.03557531513542357,-0.018786059095215447,-1,,0
250,0.38464545980304,0.43885662765255173,0.06704213146298671,0.012373147679183894,0.027240509995786342,0.06984212340645138,44.12525998554377,18.719949659082914,5.921205160288248,True,3.0785414951758976,6.214124671571537,3.382570416475144,0.05041555642836885,0.02036415279703039,-0.012161808596038977,-1,,2
251,0.10255441836021938,0.2750044252851053,0.06062574202647006,0.11698503905106987,0.005621379582869486,0.43920899569426575,31.426640441545818,23.979765032992834,1.1626201835255423,True,20.767749470117575,7.258259014372189,0.32567383888648754,0.04539141200531013,-0.006014011906328584,-0.005298006136554629,-1,,0
252,0.13809220305192957,0.4696692596978592,0.051329280587194735,0.06990535229500984,0.2394010510925688,0.0316028532754377,28.886651573753426,43.26603114211415,2.8405808175303524,True,42.74418464659858,7.271768021262681,0.5324576020438115,0.04393783655724494,-0.012933543195059726,0.007234757361001739,-1,,0
253,0.3518218539877859,0.040460787361996216,0.008410103215358435,0.3328025917922704,0.0894248788061441,0.17707978483644501,28.54390516693304,10.172258185219153,3.6414123499741926,True,47.38620674848007,7.006827606720243,1.534157858119497,0.0552824982239637,-0.031243574204636648,0.014276080059970749,-1,,1
254,0.6778454608162208,0.03466694466176047,0.06789349939075712,0.18903255046732845,0.009883925744981849,0.02067761891895134,42.80707304596132,16.081306001516587,6.1902551462123885,True,1.410427036800069,6.002075199989596,4.149326846234873,0.05752299589747709,0.07033795763693118,-0.01856097619098077,-1,,2
255,0.2010451845316798,0.14794963787677176,0.2958361792481709,0.20426117652802364,0.12583318912521577,0.02507463269013804,30.523023588607177,48.9851088501137,1.0986561820807854,True,20.830203168298805,7.169452984801535,0.35002926266430695,0.04176889106302139,-0.03397299407163304,0.001725987667009524,-1,,0
256,0.12622399140966015,0.20662704471733498,0.2166317267074439,0.3733663943331226,0.03984110481547711,0.037309738016961254,44.62593237708638,43.96329305371986,4.662418671761751,True,83.0169626302474,6.789875738495707,2.7118780770689868,0.054756081828078375,0.008779405584137135,-0.018926476739082116,-1,,1
257,0.5159960136304138,0.03129578975272508,0.025650432249832777,0.04233281291809471,0.329960590396848,0.05476436105208561,33.36905314372987,18.81431267438117,5.685873750348109,True,2.454534707653939,6.221069085348353,3.1790735078118004,0.03696003805127055,-0.009320291280220078,-0.019144143804024627,-1,,2
258,0.4201035988136691,0.19063739786519038,0.00908093637118786,0.1914815722793382,0.04589975197130446,0.14279674269930992,25.17508322346553,38.939512688553165,4.601606717082768,True,26.92796582929925,6.628376468706079,2.4006141614997483,0.03883935369054887,0.010535520395334837,-0.0005352761014152515,-1,,1
259,0.4913067643203959,0.027826737037678472,0.13179962043880414,0.13897221186333547,0.0007463576880402939,0.20934830865174567,44.00522574539039,10.090747050141061,2.6066848847454342,True,101.4585485225157,7.050178697291262,0.4747534587552242,0.058789213364733243,-0.022348651943253958,-0.0019039699679440545,-1,,0
260,0.18503922738582348,0.036473918361272804,0.20351469580531595,0.18911304850166447,0.00439231740864298,0.3814667925372804,31.270449411331615,18.73370625676494,6.259672158013311,True,0.5655975061046338,6.14715070816462,4.219814643569941,0.04326878691247839,-0.028755592776098134,-0.016131996459498518,-1,,2
261,0.6100406177048558,0.07671924053381089,0.05163483403560737,0.12169060226974729,0.09050065963041638,0.049414045825562414,27.492031815866774,36.85406481632742,6.365970746646683,True,0.33202074299218626,5.981320766739641,4.173568872439834,0.04238240067338563,0.03695963737185518,0.0038931306803616887,-1,,2
262,0.20297169404756737,0.2247875150596482,0.04931348857273251,0.2852270489267117,0.04438758328930808,0.19331267010403205,34.06079068619829,41.14574346278023,4.258963119697501,True,72.45050760808036,6.798256514164508,2.293535610541374,0.042761185980966045,-0.01379663684546507,0.00027092673028736693,-1,,1
263,0.11784836114111862,0.08435944807647416,0.48398522255592247,0.1038668648373072,0.1841767239875489,0.025763379401628636,35.878461724454866,47.86538707099838,5.545560310134886,True,5.84691891284643,6.4349937390870675,3.2665077348775786,0.03694450480812695,0.01727558457941858,-0.01888926112045329,-1,,2
264,0.46568853938255195,0.21012069728908514,0.028813664225113812,0.05257801550927307,0.014946787275139276,0.22785229631883683,33.1919096375489,20.596536455803204,5.596434222571989,True,2.77925024816526,6.248867291035047,3.149706053601819,0.04379565998112682,0.059794751556320684,0.0022841865597627384,-1,,2
265,0.14714761664327825,0.24485634185696847,0.023081408187831696,0.3717689259906038,0.049082002391534874,0.16406370492978278,29.502231759746657,29.606994855249326,5.257058433559315,True,10.490055751381774,6.543605317104878,3.406123419275799,0.0405912393525664,0.04883197433023286,-0.012854708097341436,-1,,2
266,0.6998141010024882,0.08716777220387673,0.14107706242140097,0.014999084868495108,0.011170814085383987,0.04577116541835476,36.99955971638141,22.193053627914114,4.977939479013026,True,23.704116938527534,6.6700218246655005,2.315538130389527,0.04396242178476203,-0.003496568961743423,-0.009692950732255253,-1,,1
267,0.2942069858829414,0.19267888578556444,0.01710740005835639,0.051359259210919286,0.06357307018774254,0.3810743988744758,44.52167746429882,28.41379441029853,6.308585884923296,True,1.4039791241651838,6.1141283843146415,4.0041634473902095,0.06552271613346738,0.046144205739621816,-0.012991519531846964,-1,,2
268,0.2947829383537316,0.4131518210999081,0.051214109471819605,0.07220716582658507,0.13020299519311646,0.03844097005483892,40.102640796293535,10.62895770716882,4.76053153496379,True,37.30810722384296,6.7009973790848365,2.27927430361416,0.05001105828018023,0.04865247081827331,-0.025490801990384792,-1,,1
269,0.1247303522466609,0.08373276908499996,0.6285638105949447,0.021919052847848206,0.11401852981194134,0.027035485413604808,30.86125043841779,48.496488101035794,2.4100249716754556,True,40.43090963626706,7.328712898893279,0.496047925865838,0.033682385666169996,-0.07139125627632449,0.015389608663603676,-1,,0
270,0.2749722467221306,0.15786245489631348,0.3447415518574485,0.12251660647623683,0.0032776448515487813,0.09662949519632207,26.623457818935513,46.27739187967063,4.08330256611823,True,49.647081390305836,6.945607937395808,1.7715833735956061,0.040287235974880896,-0.011726412049586,0.0021566349225596916,-1,,1
271,0.4483329964314911,0.09099467348198258,0.0005054254903222038,0.14917348154579219,0.03614438898336047,0.2748490340670513,40.81312567532693,47.432081608233446,4.8477763599867245,True,49.32252316217279,6.597813170489815,2.4971452582133535,0.0650671858057926,0.040397262745035994,-0.013907213635158112,-1,,1
272,0.38899615420381817,0.3090956567465298,0.028601699661011573,0.19235300272713665,0.06391069905103804,0.01704278761046576,33.20112173428122,11.029848776506936,6.276334224066787,True,0.5221029607361879,6.123845454101962,4.244007113710778,0.03625465793564299,0.04470698923851132,-0.030022181572716758,-1,,2
273,0.48760281695663227,0.22998587409387672,0.19629789514219556,0.009110598641682831,0.017909138931624307,0.05909367623398851,42.591823864189166,43.223779398646506,3.8230080409234235,True,121.77172706673963,7.040508470569258,1.2553804540901483,0.05265653230830614,0.006954732628692513,0.014018980433790228,-1,,0
274,0.2904748334529199,0.3136075952940652,0.04632493918097939,0.2502388497870883,0.0001892574661696667,0.0991645248187775,26.15094602579417,36.862103474767146,3.069914233648505,True,45.03620121727817,7.182306025010447,0.9714836369738317,0.03625690001596867,0.035165191425087484,0.006004092223164898,-1,,0
275,0.32801595277039536,0.004934969839312055,0.3196203711063486,0.05887101688550631,0.15166219158155536,0.13689549781688232,30.775447217545413,37.599823417192056,1.5121402517623062,True,27.098435449439467,7.225955919507674,0.4408538270384774,0.04255471111225205,0.010869449689153196,0.005885257522739861,-1,,0
276,0.1341228148186042,0.009807345851403988,0.006929467214184134,0.20356488917964677,0.012628049628659481,0.6329474333075014,39.11813286525313,19.762007304497367,5.499318875516126,True,8.474926213782208,6.308544789739624,3.3211316581929164,0.06155971051800235,0.009322718248873263,-0.012491459828470523,-1,,2
277,0.12746087549340157,0.27147519113769775,0.3477269644338723,0.07612379560280064,0.001827494591776738,0.17538567874045075,29.43352912680396,34.72150950092539,6.125340635073411,True,0.8149132171100043,6.039796325819068,3.716720868831406,0.036953012161608574,0.006060901873151305,-0.010841593673930611,-1,,2
278,0.33182119762235573,0.03675055412911774,0.0035923946582458195,0.6226004022288684,0.0020342465687633797,0.003201204792648787,41.87382657042637,21.851162957734395,1.0474602742333878,True,50.88848812535017,7.129826934084938,0.5446041539893759,0.058672434903177376,-0.009208223557933035,0.0009994259892143309,-1,,0
279,0.024434843529092705,0.04932419562704048,0.3928603785334713,0.34344656452084255,0.029303599503023695,0.16063041828652921,28.99878685844885,39.95152948963137,6.775960801900684,True,0.16363916706161946,5.809912943347426,5.2740335164662895,0.03698656989342722,0.05564922664536734,-0.00942286713118189,-1,,2
280,0.038075666327216116,0.037741497904186995,0.5964492359318128,0.07128060059953985,0.12107720352540048,0.13537579571184377,26.75263173357149,24.290540560228585,6.265538584697672,True,0.423105429115125,6.038827109388434,3.8673439866045785,0.029588620623066404,0.053432842880413285,-0.015784945903596123,-1,,2
281,0.5096982728486676,0.012350814228514017,0.1963132298985206,0.12203617642281502,0.06477265169282391,0.09482885490865889,37.56758454114408,16.795836257148874,6.512202879946505,True,0.34393054407075513,5.952493268854958,4.449325400677229,0.045977847301460775,0.08058259303592805,-0.0026806663410618436,-1,,2
282,0.44156101958349897,0.05415043764874289,0.20754306792029847,0.08014344915430367,0.001159933824651043,0.21544209186850483,26.25578362286723,26.685624603018084,6.609026086632085,True,0.13392436651557935,6.096443893270321,4.423983467124573,0.051904141292124326,0.022327715867860774,-0.016235171848765276,-1,,2
283,0.29989222277282296,0.07460846246796245,0.046799874912981695,0.20117639929809153,0.06882961725324677,0.30869342329489463,44.03829791061027,42.99082155687569,4.806179533654458,True,63.979963993341336,6.65958071199131,2.6366852110123373,0.07386080906627923,0.06684608129860328,-0.0023247785609809375,-1,,1
284,0.1648633169439916,0.22720984698387328,0.2920722213370965,0.1436999187313253,0.0033224751463064935,0.16883222085740698,37.64382651550018,30.557413723359865,5.4928945050718525,True,7.949785753039422,6.5379189023138915,3.1405491390875584,0.04590619459898597,0.05144515996686508,-0.011202262404140996,-1,,2
285,0.418207248139906,0.3199580775322638,0.09875294726240905,0.0007095258064771304,0.004248606958208205,0.15812359430073578,44.939898162480716,15.382581467802513,6.0060447107747015,True,2.5103132373133463,6.306818333924395,3.4206935394077793,0.06515324987897025,0.0277076762946311,-0.03145240364112067,-1,,2
286,0.36141530286669743,0.05768208095378988,0.08983201648142478,0.2413018891473554,0.037665716117041705,0.21210299443369077,38.382753612136895,20.268577099762947,4.473108212025023,True,75.63581384672545,6.772054683916943,2.27433596483318,0.04877661656389927,0.003191082967931542,0.00362069722118016,-1,,1
287,0.4651336745072949,0.0034583827810348755,0.05537574655156095,0.3931077788673986,0.06692697949425655,0.01599743779845394,29.277341681481733,31.702580339817835,5.934216064216464,True,1.5896745850738572,6.210968433830691,4.321939550537916,0.04382305981648466,-0.003766985564037501,-0.009952384720402229,-1,,2
288,0.3709959943790432,0.0933833821429769,0.0015684011119768966,0.16199397707537858,0.007089404920860382,0.3649688403697641,26.953957849391756,43.109525089388434,1.39597071206293,True,23.71203676344674,7.302068328974416,0.4560453375321888,0.05252221429253167,-0.021462318173628467,-0.0005305953214231739,-1,,0
289,0.7555865602310469,0.03100406429610201,0.009016567924569226,0.14721980983823982,0.04437689134533796,0.012796106364704084,43.87656933400256,39.87573299377408,1.6900592611752663,True,69.8393662494205,7.105463053765822,0.4139513937947785,0.06354725592119093,-0.006241665772280059,-0.016518491256565637,-1,,0
290,0.3775510637455614,0.15419440326472547,0.2582846773042974,0.09637907131069931,0.01288506271113076,0.10070572166358559,36.13126379484243,20.86494519997711,3.5024295513835026,True,84.15506895874485,6.996729673711977,1.1988488641864563,0.0386212642451454,0.0354406345653302,-0.0015554660549455992,-1,,0
291,0.048425391843259585,0.5339684604021439,0.08307236064560745,0.17178910601909936,0.14536728205167102,0.017377399038218843,25.089034338008368,36.57405890023967,1.368925797652417,True,18.165646248628136,7.175984317918974,0.4706616039401121,0.04007901315924722,0.014640035461165823,0.008700988258955244,-1,,0
292,0.04304495653055488,0.2613536930359747,0.01806498192597569,0.292169571124713,0.31030245102777376,0.07506434635500785,35.01133622272852,21.680153344245994,2.885995517635352,True,67.50804049916657,7.053611665840948,0.788372423394276,0.03583338786139135,0.003978534055916774,0.007534227798962374,-1,,0
293,0.6395075733751806,0.03953303193457817,0.12924925114848523,0.08533432058363126,0.035389659458318415,0.0709861634998062,42.281761555713146,38.26971274356349,2.975675595979812,True,105.14573168433067,7.07730030591732,0.9244106758837531,0.055597578541313995,0.026087939234871897,0.01954261833078278,-1,,0
294,0.61654571961586,0.20410031054354666,0.054306790854919545,0.004588182880287015,0.0010471665094874238,0.11941182959589969,38.228415017494925,34.17801111852703,3.806868812424168,True,82.81606084184487,7.024892893119958,1.1565560321331858,0.06818148558410363,-0.013537396852060991,-0.019576915603053174,-1,,0
295,0.555713004526306,0.26342338846573904,0.025798347512797616,0.08570286258302132,0.047136227085318394,0.022226169826817608,35.94743053322581,48.74524140916363,5.73851012884378,True,3.0934421270525574,6.408436912158384,3.3147553924102064,0.03651501391168928,0.014936976000415042,-0.0336935772343117,-1,,2
296,0.28423973463500735,0.017952088237055592,0.5459046622474202,0.008954473688952943,0.09384849484385144,0.04910054634771244,34.793056067141656,22.295393746316616,2.9239038248107128,True,60.72525331703427,7.268222427327297,0.48274504959749814,0.030609774238819096,0.02082438798795736,-0.017110396452655236,-1,,0
297,0.20450090155857606,0.13484092312368523,0.19762334698618064,0.20840114861979822,0.18528194821891036,0.0693517314928494,37.50775795504048,26.45577952097495,5.981496728778504,True,2.1017278603065814,6.265659462101025,3.917775785314839,0.039278298621312276,-0.03932785509462715,-0.022569237609477336,-1,,2
298,0.30854239109391873,0.35355405739518975,0.010869630128372465,0.03373629618650664,0.0009136008615826198,0.2923840243344297,28.096978710016142,14.223085446021102,5.497462890240481,True,3.045892635407859,6.40169178556558,3.1007360677988194,0.03900293581556287,0.04959447914729657,0.002241927115287267,-1,,2
299,0.5163120958175715,0.10852520399849377,0.06471274438261171,0.040926546918140023,0.04508833602116569,0.22443507286201728,29.79657816415043,26.125017337548258,2.8500616641690932,True,46.50341740137594,7.330523387227875,0.616629253803075,0.048074256897542564,0.025790159633280584,-0.01313648668066293,-1,,0
300,0.5817527388990551,0.014718921285251547,0.03224267850012306,0.1514265805851974,0.10367064166782085,0.11618843906255207,33.29491688515696,14.484400947995182,2.729591095319008,True,48.13635501637369,7.17522014773615,0.5585109281096341,0.04250204825710917,0.007125167913354461,-0.012014431285417805,-1,,0
301,0.2769263414988565,0.34113161022758604,0.04387544782255061,0.3216272392346557,0.0022459198391069015,0.014193441377244294,28.907214728157015,49.11050126994314,3.6677628960950774,True,61.40591421426162,7.174026906770104,1.5666890539406673,0.038955042408521295,-0.0087098093518664,0.003893770830485102,-1,,1
302,0.3753175971156838,0.1674420893171993,0.2738303591459433,0.08410335172126289,0.07813481605457986,0.021171786645330922,34.77829667938431,44.26008523127634,5.020622390469654,True,21.07502143105993,6.62702023198974,2.5031011088422717,0.03496882440051558,-0.024732005982160285,0.007282846217234565,-1,,1
303,0.22048602978007048,0.1332661693823747,0.35949913078139145,0.21869288414537297,0.02608496333256847,0.04197082257822189,29.434550176744743,41.96425254629225,6.286383088689858,True,0.5232379135635153,5.999297816723057,4.34430375659364,0.041786830994510166,0.003810020782335513,-0.018409287477430324,-1,,2
304,0.15943497180462332,0.542131358681988,0.1918546417215053,0.06629045927419353,0.004709867804354323,0.03557870071333536,28.20207839110463,40.20742099325668,6.734238157867971,True,0.12948278884060252,5.864995403762045,4.461672140976213,0.02978478183296098,0.06588545042633778,-0.013538043423565486,-1,,2
305,0.2022305587305322,0.3419848553419428,0.12063117005920104,0.20623159968690402,0.048099213060374124,0.08082260312104576,28.096680282229052,10.10534892898833,1.6681768235497008,True,19.109396375107522,7.1902433286626595,0.42322049207892476,0.03653097750710645,0.012354814321831218,-0.00809652322593839,-1,,0
306,0.30662770986878735,0.2151114209095591,0.0024890808969394995,0.4051907127173987,0.054646452615486514,0.01593462299182872,35.732892275739005,11.485560527814114,3.0773633483478893,True,73.29556712336176,7.283023205870896,1.2001117602104294,0.04060357600381143,0.027121280340234966,0.004037598912786012,-1,,0
307,0.24684041093389952,0.10074526124594319,0.1109257420930276,0.1931986162061887,0.19941757846376396,0.14887239105717703,30.42124266113037,17.8718693890314,6.112677016709091,True,0.85687815489606,6.110613635318549,4.023886149214455,0.044281406182028644,0.03232609270001373,-0.03375695035211386,-1,,2
308,0.43659755821008106,0.05147295385539708,0.31049528325346937,0.18272543782921913,0.007146442759136001,0.011562324092697333,39.241376734116116,25.328403764552444,4.090618046998474,True,92.88170313855402,7.078256330452258,1.7050275762034222,0.04717855769295755,0.01412623968018477,-0.012544200943346146,-1,,1
309,0.5162744954301818,0.08672228939913938,0.0474270274842722,0.0691403408279023,0.13640013135638943,0.14403571550211494,41.76625080098357,33.403748850408135,2.0648055635158222,True,73.65059000879695,7.2011845940126324,0.400157999082869,0.06515974095787776,0.0038578335540464647,-0.02211925969745403,-1,,0
310,0.22841408804918428,0.07501423499352293,0.305465334566079,0.014867748268774215,0.1509531039927339,0.2252854901297056,40.24184597322642,48.75683938670467,3.7361023111793186,True,124.54270613611776,7.075883825538705,1.1830268977985916,0.06461314265770764,0.0266551348632278,0.0011675321060240025,-1,,0
311,0.174824551524568,0.003977776061630178,0.13912515622806007,0.3697464505010208,0.0008698509707762719,0.31145621471394475,27.771179758413385,14.718572842750888,6.059661328607947,True,0.9101796883914589,6.245466898818066,4.595384085371469,0.047668034174348776,0.0539076660365142,0.0030946796937477063,-1,,2
312,0.3315977110584976,0.07262777056489197,0.3452205860065723,0.006382672175995676,0.003901643445999896,0.24026961674804242,29.875187086987097,22.28822817787119,5.63572733207188,True,2.8523157076067243,6.454477371349413,3.064851651807563,0.040050327564743596,0.04093169159327067,-0.0033859553933954173,-1,,2
313,0.22816139245358022,0.1429521483126512,0.2733326734959877,0.2891165542460541,0.024589079599910506,0.04184815189181627,26.82108824284744,17.954644493930797,1.9832758638100483,True,28.94415211279516,7.225778845872086,0.6162392831546684,0.04350947248915571,-0.015158336854855738,-0.0026799024543924872,-1,,0
314,0.1601145039591546,0.33036882210302065,0.10008939961107957,0.04531655840281226,0.13413678047363722,0.22997393545029568,38.98366067662132,14.778181065278382,3.5424046640828113,True,103.30934349675849,7.1464165875069945,1.0933971726348404,0.04968368057707864,0.033784200816252316,0.02351402769989714,-1,,0
315,0.5069001255122565,0.04265600582773284,0.10061166940970111,0.33937326776993565,0.010371266586182605,8.766489419138536e-05,25.245003421946,25.455161986881556,5.790675623818062,True,1.393462563299825,6.171522779790926,4.005433202475096,0.039448482738817986,0.09056866658687791,-0.0007918360564388664,-1,,2
316,0.6767246644121105,0.06474056895743652,0.021812960119029494,0.17899228325506117,0.0005847119886784919,0.05714481126768377,27.23881905314378,17.451363384657938,4.209412808785015,True,40.55971711274084,7.075973442618354,1.868918189139208,0.041702588110836575,0.008406634088448788,-0.006805946189914244,-1,,1
317,0.09521940594296038,0.14475788839295092,0.14256288342731507,0.04828628985784397,1.9233367714040234e-05,0.5691542990112156,30.455637499047434,28.013047192754456,6.473053187659426,True,0.29816647698157805,5.871604009617978,4.158818513795191,0.04902111133739989,0.04356408047278209,0.006416597634450426,-1,,2
318,0.5179715303838426,0.014495787700245089,0.03519296447882584,0.01784673749774006,0.0016069828125236615,0.4128859971268228,39.6342943278941,32.262058988518454,3.123468282609136,True,95.96170059243569,7.177748877559386,0.7034319770806975,0.06200158931354463,-0.023160420453082663,-0.00194534098659521,-1,,0
319,0.26811772818422946,0.05331568271814825,0.22827819448969178,0.28195214058269186,0.045819667242086394,0.12251658678315226,37.160700377680605,15.598867315291658,2.2917230500822843,True,59.54870651044515,7.150054834899951,0.7095654014205397,0.0550794134329213,-0.024666732155539977,0.016822887582141705,-1,,0
320,0.15555605989178695,0.07869412861255275,0.052962992634838356,0.00877185831623998,0.23722153374584118,0.46679342679874086,29.31230039059803,38.63602604348632,6.472768455775161,True,0.29167012534308845,5.876315857361885,4.039189669995157,0.05458596992428492,-0.0179793115590171,-0.02070064644840682,-1,,2
321,0.47030191186994497,0.1782743625269602,0.2933448533432283,0.018365292389463217,0.03138259900026735,0.008330980870135746,35.510322877481386,17.86067611205102,4.852467029316417,True,25.728081041337752,6.67602489547398,2.239457534101913,0.038078359139875916,0.047098001110136345,-0.010293087411126875,-1,,1
322,0.2706511547462884,0.07400738734674824,0.38853159258661024,0.025711152106301604,0.14156098344095233,0.09953772977309902,38.14319662748627,35.25521578279792,6.022202727225036,True,1.8850795922859136,6.216671722973034,3.4991897576362576,0.03822124948563543,0.030647169507744473,-0.0074605411998472865,-1,,2
323,0.039507310569589275,0.3029834980386163,0.23156028892338407,0.17330032285866687,0.1574817129068706,0.09516686670287297,25.35439245095914,40.44594580157887,5.561791723395261,True,3.260873232636233,6.4446978281599145,3.3264476809116115,0.039620917260660554,0.015024137146934532,-0.008739283165540835,-1,,2
324,0.63880233455788,0.05483374065353576,0.22915807917457506,0.06753396953378363,0.0019119177087910106,0.0077599583714346365,28.64149052733957,40.87852074427494,3.1340792722667583,True,45.15155643422503,7.316373715365343,0.7140667729078962,0.04320811696015471,0.015598072876485488,-0.015412101625736582,-1,,0
325,0.022956586007035835,0.0717855644927904,0.3240773881427853,0.19936631680825856,0.014751369435256676,0.36706277511387314,44.73819263891383,43.78072381770957,3.6814605770101636,True,201.0432628937194,7.204357767894025,1.3449002001453325,0.061302877857969104,-0.021501181478769605,-0.003470867446628916,-1,,0
326,0.361484004818556,0.007484630689398726,0.20743796802214742,0.12736197136503222,0.04954105588995885,0.2466903692149068,31.104010506189468,29.520997977820276,5.300918190219518,True,8.293054264328825,6.398092451425667,2.9262158729144137,0.0612802809532502,0.07756357767796385,0.0005543255158142087,-1,,2
327,0.29273138352999006,0.028725140728789872,0.004226026000193107,0.3692387210700289,0.19476560747411734,0.11031312119688053,35.19369343343389,30.702585310057216,3.3678432516277574,True,91.17920317770022,7.2883296444945085,1.4093185711506189,0.04651604191819941,0.05246432656790113,-0.012294003049177526,-1,,0
328,0.523720385381534,0.05994391032343023,0.14001960255308946,0.1640877350776357,3.6185366562144686e-05,0.11219218129774858,29.23639324560647,20.969336279758643,1.3212476464168925,True,21.082094821778856,7.08789064745678,0.42540592610952654,0.04601132923695971,-0.04445934592447669,0.015101074436948452,-1,,0
329,0.3258622880985717,0.25855063309125137,0.08663582463636216,0.16367506547246552,0.0004887412663127146,0.16478744743503634,39.18031326685216,12.251332178509116,4.792638719175592,True,32.56947300304966,6.740437152849521,2.403577280881414,0.06364437691868675,0.04441652640859934,0.007186911798357119,-1,,1
330,0.20635168331374903,0.2862573296331176,0.16366700057639846,0.10213073911577646,0.052519688887908526,0.18907355847304988,29.41773912125688,25.119249136880345,1.8612843796149396,True,33.058022472450475,7.269907533744713,0.39039946870955344,0.038295781305034624,0.005570292216082967,0.0018954167883885446,-1,,0
331,0.46352445585418134,0.011366377919537153,0.05650027358119184,0.16064297152568213,0.004146375839525275,0.30381954527988225,38.937873563871044,33.81739323935588,2.9557975146265143,True,111.33284253460808,7.2174892979454635,0.7150776412531124,0.06087368560707616,-0.03045131127180778,0.004666669289229176,-1,,0
332,0.38004100717882755,0.0737835992879628,0.07670575633308391,0.21456727077937915,0.009761379184046834,0.24514098723669972,34.71476609768802,17.77824814932501,4.688949878108953,True,42.466436130522226,6.696268589427953,2.5280304906312248,0.047507144349345734,0.02273074138184085,-0.002920267689294175,-1,,1
333,0.1813648077432235,0.19305964110853452,0.2111123206993289,0.007858162651176058,0.003449109625780442,0.40315595817195654,31.97670590386691,49.04381311084074,2.237100432214545,True,48.000152040078255,7.136966113127649,0.48596545326962604,0.03953834188884919,0.060196235646271724,-0.00022898412323147597,-1,,0
334,0.2303159009208278,0.056983972353125294,0.29468645778375807,0.054779351920013035,0.23173243063024163,0.13150188639203433,32.60404402512046,22.21042358950318,3.1209018960592783,True,64.61425562816217,7.1617085775958085,0.7164182278504015,0.0397846189514647,0.011620953744161697,-0.024237570888705137,-1,,0
335,0.29765829552100626,0.11114381442540547,0.15104246839327348,0.025310050434839575,0.01113353217030995,0.4037118390551654,43.911160580589495,14.795595200215391,4.3931215463036875,True,96.35561668365465,6.759803496616466,1.8096032725414841,0.06296075431348318,0.01543203637783431,0.006925483629894161,-1,,1
336,0.4121285918319764,0.06435693100322992,0.2736560560804182,0.14041469397004946,0.004853294438547049,0.10459043267577903,37.5029963281774,41.29417167011484,6.026559295655975,True,1.854951647114078,6.184698586910357,3.8259856276658013,0.04112770207270192,0.010907187118280693,-0.01271629605829406,-1,,2
337,0.3474735071645937,0.00752216255679027,0.26444800328287404,0.25771865246805475,0.0025799732667203985,0.12025770126096684,43.90708332585736,18.12534919846453,2.0579520873375703,True,93.24415028631759,7.1636223970135315,0.5681509833289757,0.06155120773029221,0.01476238558808671,0.0041538947709892395,-1,,0
338,0.3631206211140362,0.022994050146059056,0.12796181799669046,0.2935653637305986,0.0023053317000479205,0.19005281531256776,29.504912637818332,25.781980470041027,5.629850106533515,True,3.351137903824306,6.272362130226873,3.7530630005187624,0.04274252469109949,-0.005568871260524862,-0.011002468939391118,-1,,2
339,0.2737308894394459,0.37810070846415517,0.16181820421611634,0.12041858730880452,0.04809343079648674,0.017838179774991424,32.31087125389783,23.74182058091147,6.970124076804046,True,0.08206519465658536,5.871457514733219,4.887702935698445,0.037426245368695654,0.04211737337459493,-0.03355315517309819,-1,,2
340,0.011703686244556573,0.10219307010104035,0.1561716404929506,0.28103326278180446,0.1714302056448202,0.27746813473482784,37.80558240979665,20.880829845798225,5.1667915030986595,True,18.988106477283576,6.658660433133347,3.1681600306130284,0.04690549146013394,0.016979757120945287,-0.016167171403099877,-1,,2
341,0.6263239281965199,0.058763676672277894,0.0006490466075738472,0.050269133855109005,0.0012119828462824544,0.2627822318222368,41.27170864670549,23.305330384915642,1.1888557800734507,True,39.15227550838812,7.160367687278839,0.309692620621314,0.060440865135086765,-0.01764073593808182,-0.015797825170211523,-1,,0
342,0.1779606542533498,0.27892891838532546,0.008991334450354419,0.15597325159042633,0.06462824322352115,0.3135175980970228,25.566023225040006,14.996167953049495,2.8768824724779716,True,31.461350683623344,7.281451381868902,0.703499410016595,0.039865179622126386,-0.05309293831954903,-0.006990110493289264,-1,,0
343,0.5038741952967698,0.06240692449942997,0.025994971437983374,0.23821772724431206,0.13396331311365586,0.03554286840784905,41.08713309713603,32.60947922523791,5.053116932445663,True,32.369423038510554,6.548161310971987,2.8910766710856834,0.0526783674077,0.027839092325066282,0.002489655341687251,-1,,1
344,0.37713947895739847,0.05582604941842437,0.11692759173293822,0.19783512290031463,0.19829766362061918,0.05397409337030528,38.9733626140077,15.890282599603584,3.702441032350194,True,99.73001914682702,7.141156143912995,1.3759156898085074,0.049129074545281586,-0.021394319886519346,0.0033499647845312633,-1,,0
345,0.2649281924791826,0.23547158378689076,0.1982942435421462,0.10206893251787598,0.020772739969836744,0.17846430770406782,25.224810575424897,38.758462717547566,3.176662211752152,True,39.434051923181414,7.180420998756206,0.876061958854504,0.03614733772250125,-0.005518274001548383,0.009651582140748604,-1,,0
346,0.3063891586763673,0.35678607557700565,0.06408089044199114,0.1405230336278555,0.043469931329516306,0.08875091034726404,40.89897271257023,21.07922574514526,2.997345477656764,True,102.60059247400547,7.0770903556477185,0.7322690891124215,0.048519765852500604,0.0676154787951744,0.003181792275981472,-1,,0
347,0.13352483452411112,0.1419945617393622,0.41989211738602267,0.2055849465800447,0.07009981695749808,0.028903722812961163,30.321626167970898,21.61097291816994,5.687863285377376,True,2.660676872128096,6.167387043262251,3.532435437288661,0.039236193817008366,-0.004748784385091215,-0.02476928061487872,-1,,2
348,0.560687775072407,0.1661473286995976,0.10583770814513901,0.08458360449990371,0.00032833163107972956,0.08241525195187285,39.6406630520715,34.74003615379357,1.4481451629784963,True,41.5246196277091,7.222438333609664,0.3952091487757304,0.050258673859390056,0.0006830456293081797,-0.016550472913007618,-1,,0
349,0.2271227973091697,0.21225701493830612,0.22439479649020605,0.19402004216006627,0.02976403665329633,0.1124413124489556,35.84957539308632,44.03396451943755,5.068388386398507,True,19.10992088250884,6.6088162106363475,2.965342536450529,0.051522365920126226,0.021709934657829694,-0.014791493687572353,-1,,1
350,0.24470224890206757,0.034536558426687715,0.3582307644554082,0.1568762546691523,0.17228132639957813,0.033372847147106255,35.57420534886966,11.681444105434839,3.2552771002463734,True,62.44425230934094,7.318172716003527,0.9265437054120855,0.03894987921625436,0.035610118716584344,0.007226569143991889,-1,,0
351,0.4478332116838138,0.04139656806709621,0.21452960798343162,0.19637062492958554,0.06446811763347936,0.03540186970259366,26.88297784534681,20.728204091784363,4.924899248477064,True,15.842123176711874,6.560160075321414,2.808433230294021,0.04753051781934933,0.05310436914217771,-0.004947696857725181,-1,,1
352,0.2094680347799348,0.039623504210253006,0.2511553935808577,0.189577187235818,0.09523760763946405,0.21493827255367223,43.73807406302433,32.687566173564576,3.0286824088359516,True,146.6212202901819,7.188939800064052,1.0423455734292268,0.05682955361121025,0.005747247006744186,-0.009578101624450821,-1,,0
353,0.13205159161875432,0.15846845399848344,0.22996643177731443,0.19274891562641724,0.005939785507666387,0.2808248214713641,38.776462645076215,47.81848642755815,6.639561854266984,True,0.3969131929883489,5.930319024080685,4.746277236608937,0.061480212461138634,0.05972790702040644,-0.026100707011553693,-1,,2
354,0.1944929452450787,0.21807856819910681,0.1762874308441315,0.0386072117629374,0.21453531649785676,0.1579985274508888,26.28323734211269,38.56291059671122,1.5032945904720016,True,20.488414411325053,7.234875558691888,0.27625074668181304,0.057969442745706215,-0.02421856175873976,-0.008026215818626121,-1,,0
355,0.2357762995393687,0.04506456473719896,0.02472075065936383,0.5234036506162466,0.02572335754732763,0.14531137690049423,33.1073619869837,27.511713234550484,6.7464714881371055,True,0.20759722363202815,5.899933438460034,5.858094125614251,0.045727953248225234,0.04720142422572972,-0.02167501367099225,-1,,2
356,0.10841661301799436,0.2969672308779099,0.026087360700578783,0.4966658892508388,0.030683465161190214,0.0411794409914879,30.341041149318027,33.452821884858324,4.9781085845033175,True,22.75970182554715,6.5874384122921885,3.3624587036810656,0.037247875389898676,-0.03631364421315865,-0.0034265584248341216,-1,,2
357,0.3291542988357768,0.20759927070586098,0.12266271805461612,0.21429447951742261,0.07754466149028953,0.04874457139603399,41.56866359677764,13.640996729504376,4.964560583667781,True,31.488899874609178,6.654967748783296,2.7720015163458895,0.04901816410057328,-0.026952156234702623,-0.014783306734972641,-1,,1
358,0.4537129305364431,0.09760838511124872,0.12505388839192144,0.22466299743615278,0.09501415729635285,0.003947641227881048,38.00585435780905,15.925237734720753,1.7800829756410235,True,40.04356187822866,7.179637386239848,0.6085629518974114,0.04280219675945928,0.045532555057862176,0.016412077006496512,-1,,0
359,0.3636150060643426,0.0373893493233578,0.13400716574800253,0.10409515449219209,0.0005533204190004799,0.36034000395310456,40.07265783476957,14.159362278927738,4.742725509139692,True,41.880232341994876,6.600093076858024,2.262812872115301,0.0677936798471837,0.012781106737928155,-0.011666588676491972,-1,,1
360,0.29327392832677474,0.05285193628477937,0.008279760947304114,0.10767321540288839,0.28037251510569994,0.25754864393255344,30.421277054589783,42.62682927916473,1.6992214777229244,True,36.25971284540401,7.213305209902792,0.34409166098314076,0.04387955205903126,-0.010208819652719957,-0.029700936071842335,-1,,0
361,0.21697586345298955,0.1864862210362638,0.10696442402491968,0.20113753953453375,0.06849887154802144,0.21993708040327184,38.21839026473236,17.811908567655003,1.9694649691258703,True,60.83957524917361,7.04781455112402,0.45374254615880383,0.05199823035906826,0.007097594722780216,-0.004867726271424162,-1,,0
362,0.02538202709221373,0.46767178133480214,0.3197557437316774,0.10380350279931953,0.05904630919409771,0.024340635847889376,39.95815202043656,12.08935949394554,6.596407764962371,True,0.3195602918798218,6.032993401236716,4.644018930744918,0.03948077870314721,0.03327741616509348,-0.020847759655521325,-1,,2
363,0.15923263649587174,0.03549380275073489,0.053147470474084,0.18023643066568404,0.5459985483222171,0.025891111291408288,43.42016585833482,47.03782574169547,4.468704575058421,True,111.85077000362553,6.705618717390519,2.3766881573030076,0.052141173765840085,-0.012902422375158745,0.012826141757590778,-1,,1
364,0.07832402079062883,0.2641805072763209,0.3347741022478094,0.1736793409142132,0.07811619285230256,0.07092583591872507,32.034383026634345,41.261450945615614,2.246052897652521,True,48.07337057478467,7.19670027213895,0.4548183512877081,0.033635288638039135,-0.02057303128488892,-0.01804760983575149,-1,,0
365,0.14231193466409736,0.07854673497304235,0.08782279963085735,0.054446523443202534,0.06156071186747706,0.5753112954213234,33.28146945329304,14.883118094112202,1.0895131869989043,True,22.022954847511162,7.237545046321707,0.6964901810288178,0.04686194749238279,0.00965161547516674,0.005287199184399542,-1,,0
366,0.11133450235759594,0.191832643996288,0.08505413223570915,0.022452640780205778,0.1106025708397602,0.47872350979044087,27.960328790243057,13.217850924186699,4.858437903018473,True,15.01819901225517,6.591088792622221,2.2174452059388616,0.042980969727556224,-0.007390737951972995,-0.013641486550420176,-1,,1
367,0.20631939452014844,0.2690287139813727,0.05330905431526033,0.021961890745835433,0.2498991054457704,0.1994818409916126,44.46544132213293,35.402110143731534,3.2485665118277582,True,147.40939509013216,7.111373933058985,0.7302705718635485,0.05452985037179459,0.026942777420162163,-0.006159359858473921,-1,,0
368,0.4233768486881439,0.0016542358073847634,0.00852247120923821,0.12874073841641942,0.07867381941455548,0.3590318864642582,37.30093228291942,11.933017857177944,2.0894502324394746,True,49.428002185244786,7.293058389710852,0.4324877259303398,0.05182108354496245,-0.007185104397821251,-0.012515712144204586,-1,,0
369,0.5094878499624887,0.05957759162942934,0.14488388868139168,0.21720821083040986,0.0253434858198852,0.04349897307639545,32.378089748199784,48.29801450819573,2.970400306032546,True,66.38168386745478,7.247076036852346,0.8643385962732157,0.037341594956435326,0.018248279696101245,-0.006403709143707784,-1,,0
370,0.5000357981540886,0.015424310420175728,0.2961065005665886,0.020093610620711303,0.04403966386564339,0.1243001163727923,32.64681222740667,18.804151352122283,5.145948865577848,True,13.106550411908419,6.644270471089717,2.5602458165685076,0.04339715447015939,0.026981347134951705,-0.0090848282278612,-1,,1
371,0.26963074707548096,0.031229053106164535,0.12922515528219364,0.01945956685724858,0.18976548747112398,0.36068999020778836,41.412696339286555,28.795658560725137,2.482945829185165,True,90.01069140952282,7.113311463272796,0.47193526085168735,0.06000229905820776,-0.023436727593530552,0.0036081510594812988,-1,,0
372,0.35949939822855065,0.21277665453787617,0.128531192346295,0.11990206347456091,0.04647951415285177,0.13281117725986546,30.782732305881076,47.85203917384987,5.02817874566861,True,14.299264194163491,6.586007073584606,2.58630458008221,0.037913516425879486,0.05068277750343474,-0.0010286601005848953,-1,,1
373,0.19347003367364757,0.33560703247801077,0.020092325752629446,0.07614343184023396,0.25944326530011824,0.11524391095536009,29.17056855920407,10.221135997699843,5.873862683462625,True,1.1545268552831978,6.369065059563679,3.54122467919613,0.032801349558768386,0.0034005507546489323,-0.005006164870720703,-1,,2
374,0.6233142720953918,0.026420770927967116,0.02932896824610866,0.10343942224964084,0.06565046302340448,0.15184610345748706,38.63582928546489,36.825895253198155,4.564294274034334,True,59.15128901444958,6.656398519834482,2.330392936865392,0.04911553334367068,0.025289133928141628,-0.015845856901033805,-1,,1
375,0.13993977805573676,0.19650278121853912,0.01550838399102212,0.20912324907484595,8.348563791421032e-05,0.4388423220219417,38.30941977611722,32.19515050406847,2.9220581884147885,True,102.03953382784326,7.215054606305318,0.7483031534426605,0.052617703173693145,-0.030989073231951873,-0.00045593911322147206,-1,,0
376,0.7499985224364244,0.10711310278103263,0.06275617192822958,0.04289979322166467,0.00018256641561279461,0.03704984321703612,38.630022728170644,14.670111832515653,1.5542727318929153,True,35.252043115350126,7.1686803120650895,0.49626161666281826,0.04549579496670852,-0.002705820187538886,-0.01859496615231889,-1,,0
377,0.41624169943919936,0.09258511883880555,0.14501795907870763,0.2561964724428775,0.008278851084854157,0.08167989911555563,39.94918144654374,37.22429359077778,5.48355147723937,True,10.03017689942224,6.419432724173491,3.8576554382891928,0.04789260028284521,0.014319271252284176,-0.013259762279069222,-1,,2
378,0.1696028101743066,0.4117376047260981,0.06861672625777854,0.29124786746284786,0.04779791942528119,0.010997071953687619,28.902270488197082,47.0526547865511,5.5788388889978435,True,3.799217280451741,6.375304732080507,3.5954476452673703,0.03381626365338051,0.0400206538700608,-0.007643093642527082,-1,,2
379,0.027221716651516095,0.19267177857523882,0.0238433245021632,0.19545950597564438,0.0014036633105359397,0.5594000109849017,25.628011800105178,49.35593406686573,4.2386342970451265,True,39.18981952267843,6.9366467933067835,2.0007181532914413,0.047663991118371996,-0.025853021038505345,-0.019630787682276746,-1,,1
380,0.4720049080533143,0.3021318483488894,0.0691901805610584,0.0572715708223126,0.0055031558800686005,0.0938983363343566,39.775154609596946,34.46590627572405,5.91897525349804,True,2.795807431262974,6.4428245638253685,3.470379266729406,0.04853546788182501,-0.00728366567137434,-0.01772284232880545,-1,,2
381,0.10778434272084593,0.2759126068805503,0.12106867756220537,0.4160575127618738,0.0030429063230373267,0.07613395375148727,40.048220105675966,14.565981371434154,1.2138949879335792,True,42.82654905329662,7.196131179464654,0.5899139475771651,0.04739854978019672,-0.02445907132147233,0.010924067824235606,-1,,0
382,0.49198558703355305,0.023601769116634867,0.08175155489207296,0.19596411498099509,0.17020911151825627,0.0364878624584878,31.71932067524952,41.40310603900019,6.743512630475244,True,0.1719620953946789,5.796035097798456,4.93726223620104,0.03894050003562501,0.008685444634430516,-0.03463546614064041,-1,,2
383,0.06030699015688398,0.04255440432581924,0.026878975579619418,0.7259747649694819,0.09591342079989883,0.04837144416829653,44.361830228455915,41.712002167242794,2.1171516333761824,True,156.9610189002366,7.128098827978664,0.8783251764272479,0.06950466317305488,0.0010697434199055304,0.014083503424289079,-1,,0
384,0.32380788811344213,0.16976486093342658,0.36090633556678803,0.13220476557300354,0.0009205294167831489,0.012395620396556511,30.099475833231807,11.30340714949741,4.950897861509775,True,13.428933709970961,6.686075739445145,2.4958580505162926,0.04061778518438881,0.08209638249364143,-0.018803817446274667,-1,,1
385,0.34384748368566836,0.05896794255743208,0.09603313767348842,0.12190249247299223,0.3740897751449175,0.005159168465501461,38.11577740926693,32.40334276684933,2.452052188173071,True,77.14287857607204,7.2721208744917005,0.42183301041921617,0.041727799296010754,0.023160971063285872,-0.010550371705917293,-1,,0
386,0.521755647613312,0.057312903178127476,0.17850647035365402,0.14061921181574757,0.07770510274732606,0.02410066429183286,38.63497376867309,47.91670455112936,5.533676768000114,True,7.337748924224107,6.236925392918119,3.2549845280711907,0.048237834676454656,-0.04926195384118728,-0.016503801462531095,-1,,2
387,0.1536086731113603,0.3850924900688848,0.22002042864020344,0.19091083928761715,0.037974664366581645,0.012392904525352764,26.278144279871647,12.141277399951274,4.853463234203099,True,13.477559114484622,6.532628227204554,2.5215242286096067,0.03407714467881638,-0.020850701603519314,-0.006087588073520391,-1,,1
388,0.35001544763836745,0.1263658599104165,0.018018393984107716,0.11937090271212668,0.2578395922611944,0.12838980349378723,32.20658201632805,31.423962073337954,6.61176912704628,True,0.26053560658709357,6.086072700855756,4.571004235059833,0.03733309574676879,0.004006752957430089,-0.007787423023499408,-1,,2
389,0.06536563173650774,0.21655075553970954,0.07147368707440781,0.5059223125295457,0.013058242689100929,0.12762937043072847,40.49511464340678,22.151886239089514,4.075284758553849,True,138.42430473714424,6.932644806747901,2.5947020408969337,0.05257528847111002,0.03140542274368105,-0.004956721243062425,-1,,1
390,0.4470654992733288,0.11430677421182253,0.17292974723222146,0.11129337392357684,0.01946868356696332,0.13493592179208697,42.6727744025296,40.96384486484527,2.2063903680000614,True,78.3858287846277,7.183924447454132,0.6449982365653051,0.053054608410403624,-0.006727357135730582,-0.015561258435357809,-1,,0
391,0.7887866520437617,0.016437801395747097,0.015521285225659298,0.17354245410211133,0.003705637441584299,0.0020061697911361864,28.677895965401603,45.966552751939915,5.504482541492972,True,4.423766725120764,6.445452716650519,3.2615284139469662,0.04321619217787643,-0.015679306936227388,-0.00951236679637317,-1,,2
392,0.12938636071512696,0.2894253603096961,0.017111657098854368,0.31340400388900713,0.20867379813236278,0.04199881985495264,44.604394905783785,47.94374763849688,5.488330931872974,True,14.200016718264374,6.491076313279349,3.6311019280423413,0.06094211704316196,0.002667039311990853,-0.019391600816551863,-1,,2
393,0.25641543723537996,0.0849873155022219,0.1280892784174089,0.2073733596910457,0.08307234688511007,0.24006226226883332,29.708879640486977,11.937780314063428,4.662115922511614,True,28.249649401474308,6.600585884974741,2.5334134537281394,0.04181535333892937,0.017513110376153912,-0.01987130954321179,-1,,1
394,0.48546619208034547,0.03179158044533488,0.36982139592186125,0.07894719572798899,0.005665835151406197,0.028307800673063238,36.019996156341996,12.860493949787589,5.8483543960409445,True,2.001321293670565,6.185368523833142,3.421401106189269,0.038042902797819675,0.03856371449434346,0.0011922430118123818,-1,,2
395,0.5007325453279016,0.0010441652058678099,0.04123890086791862,0.17319103442928246,0.017131020735725828,0.26666233343330376,42.53442012578499,28.630163081856722,6.935971225461965,True,0.1740275300333003,5.8701436711033,5.241153460704925,0.0629077531858613,0.0444564464725696,-0.014935511404812675,-1,,2
396,0.2902201007216582,0.07998707011879128,0.17069520127441462,0.22685555829291648,0.07532943331399079,0.15691263627822866,27.838478765258497,30.150848111414025,2.0343215782890782,True,32.30727619731092,7.089672699317526,0.5649018574543478,0.038025799471555016,0.03908824473388452,-0.014843793937045385,-1,,0
397,0.3069426279504724,0.17245740205886512,0.005883113376684962,0.1154709032805039,0.09040440176994793,0.3088415515635257,33.691246359392814,46.51889278713142,2.054707885987632,True,46.10709521143779,7.273073289091104,0.38797911035912036,0.04936023546260411,-0.07977395593477021,-0.010869487732891129,-1,,0
398,0.2890702489044932,0.09490807600852041,0.3740258607221684,0.0760143582911484,0.12317314137316077,0.04280831470050878,39.92288067519169,10.569139761215709,6.799134982298783,True,0.1664457855827157,5.97289086320447,4.681770517012023,0.04203324962521491,0.05291339554698873,-0.01635264480294559,-1,,2
399,0.4041766187865458,0.23635163969018244,0.01016767049158453,0.2014563289516125,5.71472277307904e-05,0.1477905948523439,40.98337846959876,41.76253994579946,5.202838027435675,True,19.007484572470272,6.346292456883863,3.1485121623644807,0.057221308688663236,0.051993283926642854,-0.008315596285905672,-1,,2
400,0.36991198514034235,0.15085450194980787,0.3058066724371179,0.007133820776397023,0.001116418171073404,0.16517660152526142,32.66864435462854,23.785468954742853,5.183099532389624,True,10.173491352647384,6.545081607869279,2.792312046401865,0.03459581699506581,0.037677740107336585,-0.015411227177842603,-1,,1
401,0.07438725116780866,0.5980915158072381,0.2198236858260845,0.06733373783227953,0.007396617090895376,0.032967192275694085,27.136150137750263,15.049711207086576,4.788469005329656,True,16.979449053993527,6.55142620003497,2.2199021091657674,0.03393316756912902,0.013688569586731352,-0.022861319781642648,-1,,1
402,0.2400552797876096,0.06116549833240315,0.26652682109456044,0.372145163653636,0.0029208210710483795,0.05718641606074244,32.4161154994099,40.808950289587145,5.610328621162209,True,4.358929194382568,6.284884895208045,3.822685764019345,0.03888279072295532,0.027621856807950367,-0.014176803138322463,-1,,2
403,0.02120080917760506,0.06242766976578792,0.46818402221736394,0.1897731215894441,0.23056072742933528,0.027853649820463802,37.13950563333635,31.239102240837127,5.695359210377472,True,4.830421260616251,6.311873974838515,3.513024935977026,0.04263513001957066,0.03349775070439423,-0.02110058540290681,-1,,2
404,0.16175324614085776,0.05052238465944886,0.3452927063885224,0.08874986478840109,0.16105838760705948,0.1926234104157105,39.118599806421,30.20282876449886,6.548565133114069,True,0.4681623194672122,6.02593625811594,4.335879833478332,0.06028885784890642,-0.029764885042885228,-0.01614380861828601,-1,,2
405,0.4005984922770694,0.12140124377134145,0.020312434296816295,0.31185079165976687,0.14307688195056234,0.0027601560444436516,38.61599421645733,31.82957381452567,5.456959888000174,True,9.285209343309278,6.410759943810126,3.8005788256613156,0.04443559445566727,0.012437241954490605,0.003380066328994496,-1,,2
406,0.6256395276161578,0.1891858344492251,0.05444676682409613,0.006379657596940366,0.08699040275512823,0.037357810758452396,30.47881072678105,36.151321159767086,1.8402580294130542,True,29.609582704838445,7.117647001838014,0.38150947687654796,0.05604904608668149,0.015611271876425617,0.0037710368144727915,-1,,0
407,0.37296255741890455,0.0683261763280979,0.08246788373878494,0.05682509981386165,0.07079663201868232,0.3486216506816687,31.450284962728546,20.889028846749213,4.239262365395607,True,55.70567977753803,6.877341609880923,1.7185860339488666,0.045422076290511995,-0.023356754270572027,-0.013361042168235335,-1,,1
408,0.5045728508624114,0.02400293237690963,0.3845023231749839,0.04654288504174165,0.00017853035201651673,0.04020047819193664,43.231035162270274,38.03544325324161,4.096049731146684,True,117.93230865245215,6.886220986355141,1.4809308544710713,0.05273725385155154,0.026054056256016762,-0.0005287896916225487,-1,,0
409,0.4595042169480581,0.35918010300450925,0.021464847897212556,0.08632479427110377,0.04634743529097229,0.027178602588143957,37.00645202727822,48.41836887261361,2.2503369593873814,True,55.57437354544867,7.235146086390572,0.3399600820123597,0.040199232284240806,0.004832090783295547,-0.004821138553091704,-1,,0
410,0.25380695457813207,0.03714542805593727,0.09702023836722051,0.5217679267445712,0.03289782724706381,0.057361625007075256,26.212650010537498,45.04224608380791,1.2274019463776327,True,18.33377175160648,7.26861297024702,0.5086962980726168,0.04058546959409496,-0.013206161759959574,-0.0050278995933698304,-1,,0
411,0.07544108034108139,0.30199372013013054,0.03702834620287611,0.006681756182295518,0.2864987938158588,0.2923563033277575,34.111558098019266,13.223418000595473,3.521624044839957,True,62.804622330224994,7.203262138300651,0.9492332059834769,0.03766275797336807,0.002767718384480455,-0.006537380115412173,-1,,0
412,0.15887018821412935,0.039942267307384025,0.0956264074929255,0.25324420165063505,0.1922195664129044,0.26009736892202157,28.752065414631986,45.883295099458,1.2198717999177218,True,20.885245421586532,7.349823067034778,0.3756433385255712,0.06263048931943853,0.011885050488933593,-0.005227318142891334,-1,,0
413,0.5541719395175272,0.15747393283566696,0.12514456515820663,0.12837757297888958,1.5225149718928159e-05,0.03481676435999071,38.918780284609056,40.01771231183534,4.821983695646921,True,39.28636408556018,6.72616930376398,2.384814107322589,0.0439353771632031,-0.005703927515593867,-0.0015269364060608009,-1,,1
414,0.22464616750266408,0.30940958978731564,0.1783607846940951,0.10279066888389987,0.18377949767492308,0.001013291457102076,44.23057081796088,13.746704870311062,5.70030374837757,True,5.575962297269169,6.282283773603869,3.352946206438972,0.048383542295854086,0.0365465890204975,-0.016387489622544632,-1,,2
415,0.3887968037521478,0.06896170275059695,0.2290711641977641,0.27185374586424704,0.04006610053022177,0.001250482905022621,32.506400649878394,14.532941647917292,6.816687610833813,True,0.12261696198874145,5.783422974676148,5.148152340821971,0.03623677373402757,0.05389847363254516,-0.016381293283833344,-1,,2
416,0.1164140173837341,0.4047530053945553,0.0603472372846911,0.12433933874519143,0.0008071643255988438,0.2933392368662292,44.594636125034754,32.384046637437564,6.296266923231149,True,1.3968045452956463,6.074996835013235,4.118477535054858,0.056527616091055236,0.03716939188947164,-0.031187712667173607,-1,,2
417,0.5025146283428228,0.3742837207745414,0.09819496254420222,0.013217417674562271,0.0014439881009593381,0.010345282562912152,42.45683612665091,41.99728072502363,3.4018906138174962,True,139.28941291594185,7.139696625402832,0.9399892686986799,0.04568366137856953,-0.017274355158868965,0.012722614309935132,-1,,0
418,0.428590208581551,0.014082371640563612,0.23982892343312615,0.12096355736643745,0.008848475344734546,0.1876864636335872,34.52588992483438,45.92407575766858,6.342923775617724,True,0.6812678655612222,6.174653037380075,4.270425218692642,0.038598521437827694,0.027389030635947754,-0.01805789404088643,-1,,2
419,0.10314897240139806,0.5779839683464991,0.10230200975804392,0.08311376404026125,0.00014234056978990308,0.13330894488400777,33.274976728206966,48.55237408291334,3.2680890310788797,True,76.75337830259808,7.143656549607524,1.5755741418884135,0.03663453867998003,-0.01709775932665001,0.012788118901638987,-1,,1
420,0.2765600629993044,0.13569950835170153,0.11712054904580874,0.204886097348136,0.06855953405638461,0.19717424819866464,26.55448520492357,18.34585766801493,1.7248093822131279,True,25.5651633956588,7.114108239471346,0.5887042174341697,0.05230140833844504,-0.04600420384541852,0.008678823794657184,-1,,0
421,0.5610833451297901,0.10778334596613195,0.004648459690721591,0.047725218276772674,0.08801832008599536,0.19074131085058846,34.407770153126776,28.80562214291658,6.9786811171806855,True,0.09385745355250902,5.820360633692662,4.766897727463114,0.03995943118605922,0.027428543409723935,-0.024099593358885767,-1,,2
422,0.4187643602225166,0.16116510256013655,0.22676105319561354,0.07685012347331473,0.05271017193171945,0.06374918861669908,39.059219989712105,28.612355144525203,2.863795005555253,True,84.64602748329084,7.107493712215164,0.5455129084678189,0.0473035184308438,-0.011902578169366263,-0.007010991257235231,-1,,0
423,0.07107188008812798,0.1514977173428332,0.43260706812730726,0.0749586452795219,0.10696761310477808,0.16289707605743162,38.37788233070182,19.40140493170896,1.1409597046180706,True,31.326363613254344,7.2182972428697445,0.30967446666578835,0.04452838323204858,-0.024766217290865818,0.008402470507197418,-1,,0
424,0.3098069299283081,0.08938103619815381,0.02270873010007315,0.20275613293651315,0.16529627854852616,0.21005089228842558,28.630688112703105,42.183822273305694,3.292823688527567,True,60.57806210498274,7.2309324648180935,1.1512507033944837,0.05133189393026837,0.008476345550226541,-0.02463104079452413,-1,,0
425,0.1594888641862211,0.09951984283044578,0.23927206379892477,0.06574047338807053,0.25237411310919255,0.18360464268714524,33.568013475268216,20.056070754197314,2.5063973596025164,True,54.09266772777795,7.121131383198657,0.5360940309265146,0.04688957304647995,0.03115396350360661,0.004456218326266155,-1,,0
426,0.1949396371459418,0.01890906372905209,0.02925608090339661,0.1343453267938348,0.006051065165203762,0.6164988262625709,27.791070732411228,35.989912285462694,4.087821744084158,True,63.11016030428819,7.03562344452791,1.8201493613125586,0.05512719588650899,-0.025117152707996884,-0.019754364915159243,-1,,1
427,0.4491247815310068,0.051673580860950565,0.007027938182507092,0.3009313695514677,0.01815250141885015,0.1730898284552176,39.775915056181525,46.22038916151125,5.999606653514855,True,2.524483883210262,6.316241768020537,4.307550614858263,0.055039780356146414,0.07579049609376187,-0.0024497583519131737,-1,,2
428,0.2389567931472286,0.048587398485396956,0.4502441211455391,0.04043367183851301,0.012838987620369467,0.20893902776295292,26.99345259164945,42.851300692728024,3.62670920449981,True,49.15662358166203,7.012169069910215,1.0628583979065394,0.043270937339985625,0.030139794883657853,0.0042671896298478946,-1,,0
429,0.16435909508877214,0.40983008771027685,0.08511255373952553,0.10433166572895826,0.19238567405901713,0.04398092367345002,28.426959126564356,44.50773710787941,6.817708123084202,True,0.10648999249448322,5.9591504799565875,4.709631616798022,0.04418581669729124,0.06808111809415643,-0.0044390874029583,-1,,2
430,0.37868721714548415,0.19133636160722203,0.28881441713522055,0.0622100358892258,0.05436735650554985,0.024584611717297675,25.73016530540438,20.911556840880387,3.0260173945937545,True,33.665127245691075,7.272664393439087,0.9277169469860203,0.06376648561106835,-0.00984847478993298,0.004584001753689486,-1,,0
431,0.4198819481664949,0.21308994372255544,0.24138951144732154,0.0019341585736526415,0.032623329107656626,0.09108110898231876,38.02155493789563,23.419236738361143,6.105565369185946,True,1.1944049268345909,6.234256279999186,3.551248361490637,0.04726396037180272,0.06134409139340233,-0.01864055826156952,-1,,2
432,0.29137047027690555,0.01172519619190015,0.2756457510134738,0.014440315152769957,0.23381616411397335,0.17300210325097726,32.76237286654909,16.267279746559208,1.8430484351580834,True,27.68924830949111,7.288422608340255,0.2644356476022933,0.037911327398822914,-0.024820113811716865,0.009992073397526722,-1,,0
433,0.07775506259267584,0.11665154365138122,0.08928542230166076,0.03275967327581616,0.057197693804162,0.6263506043743039,37.14329459073704,48.483406754680175,1.7745046183201363,True,52.44939739683197,7.2851620645124235,0.4520920493978845,0.05299869683812003,0.027544740531927597,0.0025190424054874322,-1,,0
434,0.3742563787573451,0.37251912475148774,0.015057944965274586,0.18865995808341357,0.027469792305412077,0.022036801137066922,32.35885195203727,19.04485263895637,2.313906849077802,True,49.465591526690666,7.161219544514964,0.5372114206789893,0.05104494514338765,0.02793850469925602,0.00465635949438774,-1,,0
435,0.7876824552256895,0.025127918212833857,0.027548020727452757,0.033944859605377735,0.12313027610777787,0.0025664701208680404,39.57212890598884,32.0086826211177,6.669325722471698,True,0.2939222247272318,5.97572387625288,4.366726863082791,0.060212128534413184,0.07394250477513206,-0.01637672007687183,-1,,2
436,0.5929424074502462,0.027738080932981708,0.02674103656124969,0.020542511451174132,0.08905140915016242,0.24298455445418568,34.6634120472307,15.024912087116334,1.75931532377557,True,31.96314503996105,7.222351299865236,0.31507182779533305,0.05520366787346357,-0.0008275227790110316,-0.007636665611870279,-1,,0
437,0.2840588680752297,0.03947715486471779,0.11004366472631906,0.10124445713913158,0.35264281399381203,0.11253304120078997,40.14266215664914,19.96663700996633,6.189067481770552,True,1.1524532504158018,6.2301786001319135,3.8867851063816863,0.05153833703695694,0.03200592112742434,-0.022555149986428547,-1,,2
438,0.267457622985183,0.21492578179688004,0.17010704775658622,0.26838276424332536,0.001982781709598933,0.07714400150842664,38.36460009660065,25.671720836506008,4.160441238372239,True,85.93070738309483,6.782620564047147,1.9734780307821114,0.04192424346107398,0.04837245771174355,-0.00814500477691598,-1,,1
439,0.20860355466462627,0.37145976537158154,0.17289680932333276,0.06841076028355605,0.0013187700879374053,0.17731034026896597,41.37672408812872,20.524705026674784,4.747784454200984,True,59.60905990278776,6.677478164514034,2.1676269002304727,0.05244919844775751,0.06694119381875599,-0.018715176587034935,-1,,1
440,0.632965708512038,0.13447219739141325,0.0766352847738366,0.07646532977891367,0.06483408415110375,0.014627395392694725,33.357047149705615,45.17632016442836,4.710292751300884,True,33.95301781745204,6.6883497488564965,2.1810720307089495,0.03557105674944668,0.013642284976011321,-0.011109154800209468,-1,,1
441,0.2520720720032693,0.028940480621567517,0.5852809230674236,0.056294841575667616,0.07740946256467961,2.220167392149623e-06,31.214461799271337,25.877129788286094,6.637272603967285,True,0.19921920793464407,5.93260399488136,4.580257727739838,0.02768127292430788,0.02335318615212982,-0.01692667619174201,-1,,2
442,0.3451747549088492,0.04445979294465266,0.10250698420377394,0.00526423148781598,0.08391006271962187,0.4186841737352863,35.12778645967191,49.40051129386794,1.4292550361843592,True,38.177344101846394,7.171757569108351,0.29185362771279455,0.04965591461740424,0.01333624550883595,0.01072220744332524,-1,,0
443,0.681583112968199,0.022177243224547363,0.07248162228574102,0.12578610823465197,0.06140248105676032,0.03656943223010026,33.92734556906029,46.40068611843364,6.2674998614594974,True,0.6302782663611652,6.0970035725366385,4.146117700188547,0.03878235959679098,0.02983920661059841,-0.019354055685065298,-1,,2
444,0.22361685219245034,0.03478817443260388,0.4815293757565407,0.017425523560817644,0.02462664156060962,0.21801343249697772,28.298995033723664,25.627729547499353,3.2388690345644333,True,45.454797283054276,7.1565668624577725,0.7617094114419647,0.05169890287757722,0.06276500698893708,-0.0022963968032858433,-1,,0
445,0.19611822148710129,0.019495413779306008,0.12349718544496711,0.6048874453260331,0.013216543396841675,0.042785190565750746,25.26661120439851,43.94895904032065,5.188178084572197,True,9.69700963987297,6.524667544393195,3.834402813149063,0.04368812006972791,0.007306898219024818,-0.016532598684868362,-1,,2
446,0.023321196568039916,0.5151166982009755,0.12727873203774553,0.03916311259865368,0.10737331535334182,0.18774694524124347,25.1027434896347,22.350497886883616,3.025293272896535,True,34.659790730347204,7.098996486472229,0.5885585307201775,0.03162055821180749,-0.031111532750849727,0.007828649023728157,-1,,0
447,0.48689851932183126,0.047466343722577214,0.2668671994310206,0.04657744327336779,0.13518517014800302,0.017005324103199947,32.644344263496414,28.191345054706233,5.04837450724432,True,15.887684664486287,6.62567160915084,2.534887850338402,0.03401044151560672,0.05549634887461755,-0.024791067684754968,-1,,1
448,0.28136832473723616,0.22368828866346063,0.29925447039995057,0.10686445692336763,0.001354679712982798,0.08746977956300209,33.175937784240936,33.8715450885453,5.70355769753529,True,3.386280094989486,6.2788227522932,3.33735453484628,0.03939502756941883,-0.04850089368349357,-0.006846871155297164,-1,,2
449,0.6924598406403605,0.21186540402860568,0.006473122915449147,0.020433014151664812,0.011222643619533425,0.05754597464438647,43.84465929280522,40.9847457402919,6.540596144500661,True,0.5691033122670485,6.068867537733704,4.1909548315491145,0.05394312190385844,0.05506398958463998,-0.023012522020087047,-1,,2
450,0.30760514705129327,0.11500594441063691,0.09832087344201555,0.4546466736016573,0.007896248068238786,0.016525113426158127,41.67421441158524,48.542312384670836,1.0908485003739123,True,43.28621467494303,7.256809081863872,0.4545333282691902,0.05402013993458569,0.026175028807458704,0.003947607041813962,-1,,0
451,0.24353782572597424,0.25495599965513305,0.31094019603841333,0.0896812069698322,0.09210485167071064,0.00877991993993668,42.9831456810619,48.55959333145337,4.865398751958768,True,56.22499728136654,6.716561847178941,2.3476189149662963,0.04879046924643893,-0.006207033745624341,-0.001973471457914832,-1,,1
452,0.5868822497799713,0.022118210560662516,0.10107064417270838,0.17365189391272884,0.012995792588953,0.10328120898497603,25.3650795158952,27.088639448885537,1.7317505449916408,True,21.414963449302654,7.183868648054293,0.5224784938283218,0.043740028849944636,-0.011849890194363676,0.009751474419505107,-1,,0
453,0.4051420236092803,0.014122809213445536,0.2818019479872484,0.13249543574577774,0.019730718093835312,0.14670706535041272,28.826634483794148,14.510790551680026,3.696138596701247,True,43.41734092234478,7.032911788436767,1.4350809293970328,0.03699642702331716,-0.003113713140029877,-0.007190880489856956,-1,,0
454,0.024785882143323713,0.46815148825104325,0.16452845293347262,0.23971076352062928,0.0005221890911855654,0.10230122406034557,44.35360975339887,13.185042306335358,4.371801554978891,True,107.11875997877955,7.0124339834094185,2.140528880343645,0.05044852021096258,-0.004623087162219815,-0.001250029305382973,-1,,1
455,0.28629507105689245,0.1476009693132242,0.25867703112928664,0.23901093481140023,0.028562351067303173,0.03985364262189315,42.83281942461502,23.919189096953808,3.64417122561797,True,150.2884186862857,7.227358915227786,1.4027194757043495,0.055282656270728724,0.006010145344377382,-0.0015730752696203401,-1,,0
456,0.22356335511461803,0.07757501501562424,0.2751987629885134,0.22525483243674388,0.08231867399302849,0.11608936045147203,42.94644289810945,40.22879980329057,5.596805050468109,True,9.42531573965371,6.323809052064704,3.4666946249456423,0.055408186357393696,0.003174950238240503,-0.0070484759721411525,-1,,2
457,0.31598616989138545,0.2670617467622751,0.11544476664044846,6.739831970537882e-05,0.12959180810564414,0.17184811028054145,36.73575641817338,32.126076730514825,4.490082337733504,True,67.32459942622518,6.756857421881321,1.7684369223862977,0.03888446258117793,0.045053111254517796,-0.008115127704146501,-1,,1
458,0.10514383651770713,0.09760012331475582,0.6135637722924605,0.10378102434700215,0.02531433613499479,0.054596907393079624,25.46954215304559,45.42804977595851,3.058834198304803,True,39.54929757586926,7.087820887689289,0.8200889420921509,0.03191474065254158,0.03369122872877256,-0.0015311753859514833,-1,,0
459,0.4999195277738473,0.12499880661193148,0.17708068053298803,0.1309190590734974,0.011476914983989318,0.05560501102374648,32.44366235649958,48.77845039014612,2.2234443765813197,True,46.1050243492853,7.144039276701559,0.4304228032266228,0.0372318889897719,0.0074796791793287215,0.00566409779836163,-1,,0
460,0.308181821199796,0.3061367155825324,0.1313762182541395,0.011937498322272897,0.002611519047990627,0.23975622759326853,28.75933283178807,48.97902538336832,2.8055225189697897,True,43.41900712688494,7.36759013408128,0.42199698857985246,0.036014618047337604,0.019783242731755454,-0.017445712870431083,-1,,0
461,0.18794649253974238,0.4329099413336149,0.20079211510976155,0.10743234914908402,0.014020807810122547,0.05689829405767458,28.18357385105907,11.318817857943117,6.404578311655432,True,0.25033991189268806,5.984772980995193,4.195900343928999,0.033417768129716696,0.0532553735796531,-0.005332775911231678,-1,,2
462,0.3085325974364028,0.41147465972938707,0.017295314743628578,0.2261236808732716,0.02981963515975156,0.006754112057558361,44.58669739389953,38.43462949412727,1.8018668741296842,True,78.53324017617389,7.145606318782194,0.457095151353903,0.05798797141478536,-0.03921450020849899,0.0009032582667347484,-1,,0
463,0.3019813605946116,0.04865087200894071,0.03115575956202217,0.1468777095531639,0.30617428182475775,0.16516001645650388,35.215237393755544,23.70816806164421,2.6549660796390975,True,65.49398067157976,7.238725144807966,0.5160100183465949,0.06897237175706308,-0.013173608137915876,-0.007669603188819188,-1,,0
464,0.3187662607546138,0.05637741974348525,0.042116554665387565,0.046241647108308824,0.06492769545359284,0.4715704222746119,38.154549564196735,10.92547447108959,6.343818280033403,True,0.5819131320669633,6.042139871306833,4.007257004714223,0.06211672245978283,-0.03812079373312566,-0.01243625423130984,-1,,2
465,0.5164914696608871,0.12748259065866513,0.09712996905366644,0.200217273602289,0.04719528629966558,0.011483410724826745,32.969970771193026,20.881879767985847,3.2093679516443823,True,65.71523433368891,7.19587517458684,0.9248653688792539,0.0400638184425514,-0.029667399989921375,-0.004505867968534183,-1,,0
466,0.32323851738240095,0.19976764746787182,0.06031490193493694,0.06909429750229402,0.24486955397502902,0.10271508173746732,44.92526650072004,23.17702450488804,5.1459972602704385,True,25.483911221784325,6.475587833685613,2.6055505108868315,0.05446080158603094,0.01077096368863497,-0.02414669577807431,-1,,2
467,0.45355924115535307,0.00038191840201914825,0.22578896076481422,0.14103952984007512,0.10275865142311373,0.0764716984146249,34.526229496553896,46.70020722732647,3.090328332668614,True,73.54226236195457,7.294863985334143,0.7805039223528035,0.04649143128008126,0.048040366755671846,-0.015393971916106293,-1,,0
468,0.4874476629630557,0.08377817587117717,0.11452858847612885,0.1859473726970556,0.12164396446360316,0.006654235528979588,27.39044255160188,41.05539816762038,4.351020624584893,True,35.70309708286793,6.844956891366315,2.042538351902175,0.03767084854090062,0.03691161207914144,0.0026765268609113702,-1,,1
469,0.4947889064333363,0.07068190375695163,0.09174061819067365,0.29615643885131054,0.0008050748201368348,0.04582705794759112,25.593931006243782,33.008049848236176,1.4175846806985133,True,18.968519056700536,7.169958512847223,0.43792727513336815,0.05348320349976922,-0.003945069245517807,-0.011959596941121546,-1,,0
470,0.16477605628753614,0.015932815976430616,0.24418323468503625,0.2769593557511216,0.2552813282670308,0.042867209032844425,37.155214942379914,12.095492816151676,5.343127158528883,True,10.13436478817556,6.42873233521257,3.336241586869308,0.04321534499149463,0.013407349141463883,0.010291435046473082,-1,,2
471,0.12277597615728737,0.07043666391130694,0.455100562272221,0.1528544199406693,0.06544189144630423,0.13339048627221098,39.95056139693259,46.430382377883554,2.3012210228480856,True,74.13906786963322,7.174345612627779,0.4430602498184204,0.04788492911593974,-0.0027381747868075357,0.0010468701089231128,-1,,0
472,0.3642535603714126,0.009640366270766157,0.03786967199288298,0.004821016363656112,0.09206698959024377,0.49134839541103836,40.24410630458816,34.304363417614454,6.308245920351237,True,0.865368247610439,5.916702726056484,3.852635809408053,0.06956143589468035,0.0408612084264324,-0.027017272983725568,-1,,2
473,0.401919088490029,0.055961999523725284,0.19686484699627552,0.07697389205002585,0.043834099345886064,0.2244460735940583,36.16889339331355,38.94120390883404,5.8188944090147015,True,3.192264106746583,6.350741361820123,3.602853043252431,0.05290038528843526,0.0016908321293179242,-0.017932129178040282,-1,,2
474,0.19788696076122242,0.26050763113755765,0.10485988932161695,0.019839251175043197,0.04533612656787735,0.37157014103668246,26.55098200243649,31.417782621263108,1.1152088277018388,True,15.192671961428028,7.051162764516864,0.3151233212109161,0.039273219149565546,0.0475553018499616,-0.008823691343438167,-1,,0
475,0.3688785933578623,0.025546674226260817,0.0028391524116659003,0.06310566637857816,0.18383814745336163,0.3557917661722711,41.49835016997392,42.78817127052387,6.064770203822769,True,1.7909699636974115,6.158619787918835,3.694413985083131,0.059651917739436726,0.02047350975986953,-0.003560681726710195,-1,,2
476,0.30803392492684634,0.24721357251289489,0.17605501243350882,0.02516754153510681,0.14094089936213638,0.10258904922950667,34.736928067283166,32.00162611821564,3.603089288538377,True,83.36945424867564,7.260956379953203,1.0447684361363063,0.034284344796368625,0.0122078758942363,0.0053755105781728915,-1,,0
477,0.2969927094846092,0.4044456496469452,0.1635496690654639,0.034469267302787474,0.006970439234776358,0.09357226526541783,35.393730537146844,45.9562818230969,3.6691837083590153,True,72.49458282639706,7.388915916801827,1.1773418036645307,0.031900613228727295,0.03708279942241782,-0.026309173638035074,-1,,0
478,0.25973673429342414,0.2784320727680815,0.11460345994694066,0.2864789774699655,0.007114457193593353,0.05363429832799474,33.300076382952334,42.11199308943827,1.427493683014822,True,43.46313342998466,7.225258993786974,0.4296962304133053,0.040163703452942234,-0.02252636845510169,0.002307657958478267,-1,,0
479,0.4963291439909294,0.12040558106037731,0.03846287593384392,0.20164377818301257,0.0016300433933201723,0.14152857743851682,31.414849953752352,38.08346663204049,1.8877665627603217,True,37.14194031486461,7.100452021520444,0.5904999096033651,0.04802523873720779,0.029994029688187443,-0.005939879486081788,-1,,0
480,0.20807897439331016,0.18229172152027606,0.021144727637597893,0.3293274978873656,0.2582559856429844,0.0009010929184659127,25.366230292901676,18.715153922120834,2.62420535726873,True,31.104832957454708,7.22417484984066,0.6904254297864738,0.04127162974441449,0.00021934429515366673,-0.014539741971828684,-1,,0
481,0.05790584503288363,0.28561331147890895,0.0017966593201022613,0.0038244055647246394,0.2666854268291102,0.38417435177427034,26.198413962602412,43.16009045312694,5.286648538558195,True,7.693242104881681,6.538595409811295,2.6479526036629446,0.040254962680800636,0.01809270506537293,-0.007445314778361267,-1,,1
482,0.18829703859672334,0.25949438687485055,0.06729115256591758,0.016639513882078908,0.03464164540840979,0.4336362626720198,26.206702457056277,25.678152098843302,4.898460204113851,True,16.13552276920783,6.591338580536301,2.2618510514582355,0.04213990433947119,0.0532035983592901,-0.012184417503875028,-1,,1
483,0.3891250863948883,0.5584586150513607,0.003436417828814067,0.03619790443972417,0.003667017947076192,0.009114958338136529,32.75181045599744,21.537214112053423,2.435008126110493,True,48.416552611614875,7.199602933852861,0.31691068757888147,0.03348468906568218,0.04518609190862801,0.003074983686904735,-1,,0
484,0.5687870277326897,0.27356461225414347,0.09169643878390331,0.0014797019153941478,0.04556412018151567,0.018908099132353598,27.43818034472154,46.74963874108447,3.9988855916934787,True,42.28232743064182,7.116920080515646,1.3767566072222805,0.03756769401908736,0.01620930222672707,-0.012408920745030937,-1,,0
485,0.44689778397232427,0.01172357068724672,0.19751632532617763,0.036210259009035684,0.01775728469514241,0.28989477631007327,28.86434700139437,47.66134888369048,1.8404230748613544,True,29.672281004928532,7.319480240375187,0.5853400044947978,0.04884202672170857,-0.008548906633609873,-0.003725986582143265,-1,,0
486,0.5454196798614385,0.2918335912846391,0.02725944131524772,0.015939909863876164,0.03928736039451235,0.08026001728028616,43.4049151780354,48.333266078699154,5.350675232486125,True,16.767596923118642,6.525493894107714,2.869774610259493,0.05241798587464516,0.004631954989455109,0.018928438735412376,-1,,1
487,0.2019451854237234,0.05336551013637301,0.07259560869237183,0.4767605492312962,0.048048792266325524,0.14728435424991018,34.57834701931023,32.820753635995516,2.5042928219843335,True,72.75123679851745,7.064417991372971,0.8234005237097073,0.054792493450963375,-0.03345219253544877,0.0017479814565763915,-1,,0
488,0.2722351953597729,0.3824637976694754,0.25545927524870327,0.08092812234505554,0.0002044189444679484,0.008709190432524794,34.548259155091216,24.181490674426502,4.9667505649409645,True,21.531437449155348,6.570143953135342,2.4433007336789854,0.04996743974573215,-0.022867195348237737,-0.008751194415644144,-1,,1
489,0.0590475211678014,0.01876395469100549,0.17984911195287454,0.43539957909111976,0.06473708888190646,0.24220274421529225,32.99837432369002,23.03376545549203,6.097839011161999,True,1.453681582365156,6.160760723878836,4.712685020224735,0.04848190935743426,0.026211996081509824,-0.025457326885230204,-1,,2
490,0.572607105085464,0.006467912775265671,0.03392324253696606,0.15338383190971977,0.002182410005090157,0.23143549768749433,44.89588572754287,32.376223893901,4.3961241275878695,True,116.5967091858477,6.952924627497336,2.124120425886754,0.07056606542109373,-0.026532021971262663,-0.004144409326562582,-1,,1
491,0.42933835367553574,0.008526466413125723,0.10910942899787962,0.23661486042966742,0.14179884071369944,0.074612049770092,25.494335608059554,30.510486991828895,4.383388089194594,True,32.231158385151105,6.833989018208298,2.1234558413283793,0.040638442373781045,0.015707015382886293,-0.007267173027439277,-1,,1
492,0.4083255915205821,0.09269133560018131,0.20234066782689258,0.06433359107102853,0.07861506689233184,0.1536937470889836,43.305521522511455,40.667614119991185,2.8857671718736686,True,110.31757245757008,6.9879299748084405,0.5474928341974622,0.053106808858576396,0.038279743592034815,0.0011974580961014913,-1,,0
493,0.3698009495394285,0.31432804404878023,0.1355378329687999,0.11119912881855055,0.009585400120034731,0.05954864450440604,30.60404048450875,30.75803149269788,5.008737988189159,True,13.355953973127912,6.534363455405598,2.5733930145629276,0.03721857082419647,0.01509925079822588,-0.009600598943990258,-1,,1
494,0.31331936066282573,0.4294073588272329,0.08342340508700492,0.11334688967841483,5.948437964563898e-06,0.060497037306557026,28.721816484018944,37.337853490089,3.260859860348943,True,49.26318094207959,7.276671503362783,0.9973023149250324,0.03426465579929616,0.006812736305814325,0.005252908460530472,-1,,0
495,0.2407918591857324,0.17926519867248766,0.36033959316905595,0.061194845740492027,0.15461216806542988,0.003796335166802039,31.853452786031262,35.40635219373725,3.239493048253333,True,74.72949273860512,7.116662850773849,0.8387263930262173,0.031277303658990147,0.03553111140865469,-0.021245021063693827,-1,,0
496,0.6042845386599964,0.034820003688493036,0.014307440782080206,0.2412790943428993,0.031927286505661116,0.07338163602086993,42.403331783709234,46.94161856240595,1.258605079130044,True,56.35461610426603,7.19194540310575,0.5488240977159122,0.05826100531420502,0.009615136160571117,0.0006381204922367707,-1,,0
497,0.2757307918396309,0.28881000130511303,0.1549679783422483,0.0067615268038287565,0.2590268546335423,0.01470284707563666,29.13889148863347,15.579452443163099,4.8289698104405145,True,17.027355946584894,6.679102336011453,2.189469244305106,0.03508081170715455,0.021721561921314705,-0.021104697605362124,-1,,1
498,0.4379415455822823,0.11863212082726596,0.00847178322840849,0.3204040076310481,0.012549039797348475,0.10200150293364668,32.258225170043914,29.72084790028745,1.640176248115788,True,35.371066285844485,7.142921490696079,0.6088632258289496,0.047113354022241,-0.04751367545991556,0.01253302432192085,-1,,0
499,0.02650368856614166,0.5366200318128198,0.3383271116174915,0.08010211016715477,0.01787755825887,0.0005694995775223156,32.11769604336621,15.60493341041106,2.381962947406617,True,38.57016503342241,7.218166127999943,0.4660412406779974,0.028371642494531064,0.01816146118857055,0.02424616644887918,-1,,0
500,0.42988004222176995,0.16718337740251213,0.11138120294527654,0.03467885335380454,0.10985459951705408,0.1470219245595826,28.83970008982321,34.19728287285791,4.222779451207298,True,42.466169188994854,6.887700420015461,1.6076408903192125,0.03882597343996425,0.017774354874310533,-0.013549762515558894,-1,,1
501,0.1277941117670553,0.15187407282307144,0.23533888446146756,0.1626397518453291,0.22955185451229254,0.09280132459078408,41.63905779719521,10.272165394068624,4.912444314704912,True,33.64125347270322,6.630743350790556,2.622589752018001,0.049999724602220505,0.046670867992441,-0.012607703408501859,-1,,1
502,0.19084735882059445,0.18021761632867048,0.12669035118191965,0.4002612784352007,0.0009683845715377479,0.10101501066207691,27.702261144635344,36.45814042859292,4.6153783493913645,True,34.04871438108496,6.789410098153111,2.6555077369029556,0.039568498353532065,0.027126346278845786,0.0037703925448375744,-1,,1
503,0.10169225472408293,0.5017736437844004,0.15848709272928907,0.221746784689998,0.013124669686199743,0.003175554386030031,41.120935452217054,11.907980425309121,3.950047900295041,True,106.19149639234439,7.029987215065185,1.671430166097878,0.04897168062645432,-0.012783774162193338,0.0011128104882729031,-1,,1
504,0.5581089192877574,0.1546923193058325,0.05383523023389765,0.013022911737198231,0.05973395097414207,0.1606066684611723,25.81915282776747,38.314010701778805,3.2136063222267026,True,35.12028141912405,7.213974048435886,0.6884235431063743,0.038024112622743814,0.027578366381798634,0.0021429386220979015,-1,,0
505,0.10423589981723376,0.2536567525953757,0.490873179108876,0.07590016373569922,0.0006777702212413661,0.07465623452157388,37.87704629447739,13.314084158433243,3.2347940181355805,True,80.30282920421074,7.102236547076301,0.7774283719738894,0.04754964781654232,0.05527066173571286,-0.0192881466182031,-1,,0
506,0.33974875195063126,0.20006710772061254,0.2649657835628739,0.18451120536654003,0.005889784665144489,0.004817366734197856,28.8270093493184,46.78209858316305,3.703260187245676,True,50.45497886230399,7.093045466960929,1.340444597783269,0.032741418536499714,-0.004828459837095537,0.01108037215801448,-1,,0
507,0.3640475436395054,0.17185867395352972,0.14450498540742954,0.013804404019947165,0.07124673679210304,0.2345376561874851,37.10559365597563,34.64611766066592,2.137990610181194,True,62.42633064992737,7.434329273539718,0.34564097236583163,0.043835694170808744,0.01058939511397447,0.001114859656935009,-1,,0
508,0.3605544443569697,0.09157954132824313,0.1828504815651965,0.10912929636142271,0.18553883861787457,0.0703473977702933,29.790125164655382,43.74838721620054,2.8628955545028703,True,51.30195943326772,7.155965732857235,0.6569725962425016,0.03565327726746995,-0.011531890955294426,0.0025002380251738124,-1,,0
509,0.32582036209631715,0.01909547986135777,0.10125156792883874,0.4292639866785747,0.10896859845347819,0.01560000498143336,25.248745814794717,13.718126826313203,5.697057533119674,True,1.9340353537603596,6.35067040919481,4.118407247229776,0.0409793429165812,0.0057397396287702795,-0.011324182741080675,-1,,2
510,0.15889796575908147,0.00683020673308519,0.31352829039807784,0.06977821632884156,0.09970080683970765,0.3512645139412063,33.16794966800401,21.577346457308238,5.758168524863282,True,2.6776705948543764,6.379405479962633,3.4450218226999607,0.04393659440024815,0.03156972410375063,-0.015742650914411842,-1,,2
511,0.3361258065616067,0.15294864916522796,0.0876169514619905,0.193537657812899,0.20014836452943796,0.029622570468837952,34.69522124611748,42.693826215918264,2.37732569038363,True,59.13839415079355,7.2506923227886615,0.4761603499900123,0.03580782974301504,0.04650521038856915,0.005412330633123681,-1,,0
512,0.2683302748437616,0.5053196336782384,0.03043529898200368,0.1360741307546804,0.02346751927741647,0.03637314246389933,38.71114171780131,10.76874149323543,6.229719219571053,True,0.8262257577281173,6.043152983169927,4.039371472014899,0.04124599929157865,0.05941168517490096,-0.03256609360935682,-1,,2
513,0.38056497699032715,0.20042783528026123,0.08812663460600176,0.28335069423934967,0.03762327969656599,0.00990657918749421,25.268509332476942,44.21914895279379,1.5119103194517447,True,22.81149773604657,7.302931378263481,0.5494177277662993,0.036076329664402565,0.02922277993079952,0.01884913899471991,-1,,0
514,0.6511274188083666,0.14893097007290074,0.03726726708638042,0.006372954543424469,0.13104261857621102,0.02525877091271672,25.527038185557533,40.74180763896727,4.765308329526916,True,16.53832670835004,6.704944553963354,2.1128249654736444,0.03513261953606399,0.01757857509807751,-0.003240808329833125,-1,,1
515,0.4377982783601911,0.15025227813031158,0.04346179124708909,0.28169474388425186,0.0075699838038959045,0.07922292457426049,25.19517795943405,36.448442783052215,6.725880208564653,True,0.11301536756901617,5.926115056972475,5.06877619483007,0.03947940869141415,0.02955827852507504,-0.03539517588306833,-1,,2
516,0.45019130625590353,0.07915015019243227,0.25127700424766886,0.012485312893506096,0.15286621569076442,0.05403001071972479,39.36314915350192,25.97348824082118,6.9633251396142155,True,0.11714770531962984,5.8988392112064245,4.710376856919125,0.04474605149023752,0.01208266982993541,-0.00946467183986027,-1,,2
517,0.23590609804556648,0.09104972207694591,0.3600881446236447,0.09635178788643345,0.12787853059228185,0.08872571677512765,39.60872865199357,31.56421858891695,5.849041667299843,True,3.0300332715120994,6.1708413767151,3.4408304394791345,0.045549842695025655,0.0774821012089864,-0.00796979715795333,-1,,2
518,0.3125992769229858,0.2526098116983173,0.2803633054598967,0.014235934382496308,0.0030516278635577595,0.1371400436727462,31.245020736829368,27.360548674901676,2.4006866643969653,True,42.1885137794318,7.313075880996007,0.40105118690799746,0.052437035273921614,0.04370360515878002,-0.015462099962135097,-1,,0
519,0.46937890423263495,0.02474270374297545,0.36186875857432943,0.08241748357541555,0.025433983174131064,0.03615816670051336,37.87087644460796,16.368443834491984,1.866734514567316,True,44.44407439513867,7.257337240010628,0.5218591287832428,0.04656840193094615,0.0022001140781739525,0.006808655055793278,-1,,0
520,0.2770478281416079,0.28126706366211934,0.2084275753195434,0.15595795201178028,0.004561162888942211,0.07273841797600694,29.507073906553437,28.701844599313127,1.059453056126006,True,19.514872261518786,7.282776223041363,0.3395118102864245,0.03479876785248862,-0.02655644457824985,0.006945354816082744,-1,,0
521,0.163594887758861,0.33196009786701497,0.018037129498413747,0.1872212847730327,0.009461437175888534,0.28972516292678924,30.685442584386596,28.070798727327293,6.887876603190908,True,0.0913088440459959,5.888192655711822,5.064462513103273,0.042226922774865394,0.03458075283975538,-0.026587551854176522,-1,,2
522,0.5221308610427501,0.030923276514991372,0.11464067729602383,0.23980687068192869,0.036775409789105755,0.055722904675200226,42.79760629186534,32.294074344668054,6.135315817157536,True,2.1677101688286227,6.1641710738938125,4.288899040171893,0.06657179036919177,0.0364604215729154,-0.0003333204768972871,-1,,2
523,0.12250206615296189,0.07069282278338505,0.25919814421177556,0.2585310166266065,1.7009119954556026e-08,0.289075933216151,43.77110941989535,44.746661320551084,2.0603162242821536,True,105.01443390875399,7.324067047095607,0.4914846835274276,0.0588693110422286,0.013107145164754074,0.00031355321044604844,-1,,0
524,0.6488471825705604,0.10255976884145591,0.027788930079190383,0.1577672465509228,0.05608710766041213,0.006949764297458238,42.67121209924217,24.139789866754565,6.233075400419565,True,1.1996856886913665,6.036866777705038,4.152247473479039,0.05672603358137967,0.01438318986534385,-0.012203475541001655,-1,,2
525,0.4397493495542957,0.02155297623202397,0.38263037192671223,0.07956527536504614,0.0014267576338317664,0.07507526928809023,38.18797013178117,14.39364040415473,3.475293139074421,True,78.63853515341297,7.360199222636661,0.9881834677863531,0.053729370780658134,-0.006465225941737083,-0.014480067274178204,-1,,0
526,0.24415620045974157,0.27668157544164695,0.10972218421131552,0.22352235903119164,0.11112738002157864,0.03479030083452564,36.58082532484157,48.19811860470012,1.3688132977109264,True,39.678943698673464,7.2560454537661565,0.48499664395289743,0.03684013210766365,0.034700890569418934,0.009858515208478053,-1,,0
527,0.20626208154932793,0.012010625086490381,0.23459240622840644,0.09475091714264201,0.4286880449933156,0.02369592499981771,35.255056224364644,36.20635026965894,2.475881695857026,True,62.737062431209246,7.154786998165178,0.4606443481212117,0.03591424566674932,-0.025889782834916983,0.008223853206504893,-1,,0
528,0.4394300131415692,0.006438547625681921,0.021529618111205105,0.3843298689088765,0.0017444513720434212,0.14652750084062402,25.948772557686464,27.15423780882384,3.663755050974294,True,47.54765798454315,7.173813333103962,1.654294479255024,0.047747474874899,-0.0020085427063188275,-0.009889047639046845,-1,,1
529,0.05251499139701195,0.1672337034860623,0.1006019898106664,0.5673039758496794,0.028119255169565458,0.08422608428701431,28.006624436760962,41.36107803400009,3.6676808996800503,True,70.03224679297375,7.272379908728548,1.8712279374693863,0.03967086944178449,-0.004699557475338479,0.0022137203343114186,-1,,1
530,0.3602632168354191,0.09413301240598268,0.19727188394080222,0.19294890909038245,0.00016108253973565905,0.15522189518767796,42.312173822832975,47.4015848450057,2.350460568070774,True,104.68960187082907,7.034811225386245,0.5383558322765388,0.06382594610112219,-0.03800127642781804,-0.009888402786841558,-1,,0
531,0.7599488940790621,0.17977072687816947,0.028828215961579112,0.01589018842093555,0.001144181435653503,0.014417793224600234,38.902303165304176,36.8912485652426,1.1545651269882586,True,35.452935917542426,7.059018963665408,0.5329988035666327,0.04354332564790493,-0.03486158850392007,-0.005425190912271387,-1,,0
532,0.187120367776892,0.038484615693107946,0.08644348103439957,0.32423232808719255,0.15936875099863942,0.20435045640976848,39.89781509221612,32.04848124881735,4.4507833108295065,True,101.74769381007772,6.7171986854720815,2.3353924661979875,0.0526764891366898,0.035842786910273594,-0.018463103406719347,-1,,1
533,0.23998607635293384,0.2506451148608649,0.03020564757663853,0.142575936124218,0.24868727225614198,0.08789995282920283,33.99469340629415,11.734421619282829,4.850833518575431,True,22.81647481291491,6.76729467557258,2.522835706504487,0.03873211582420644,-0.023216722717627505,-0.007476517624435212,-1,,1
534,0.5173753700657067,0.08092149407095259,0.04286006991094235,0.13853268798744406,0.016070992462699087,0.20423938550225523,44.717222567325294,32.62258598838012,6.624453054402398,True,0.47857748999555316,5.982868913645864,4.537920958828303,0.08325580838247561,0.07929925412620042,-0.032147428960067836,-1,,2
535,0.32305881727697455,0.16798237079396156,0.23341392543098294,0.023866525913631857,0.01862331617794606,0.23305504440650307,28.936664357034175,16.740414059464502,5.02302914256263,True,9.86720975153504,6.614773929115075,2.538301320280378,0.036702042187176015,0.06351350346164639,0.015832128923340894,-1,,1
536,0.2614441926350704,0.15581067580978986,0.05322335545296262,0.22464045404467436,0.12255280432631308,0.18232851773118963,35.55536649769437,34.771323045514166,3.821910331986783,True,95.55524378835968,6.996138118458419,1.6611776347321845,0.04647270617153092,0.02349007833094103,-0.00736561715925557,-1,,1
537,0.2864581421853626,0.06523970563343941,0.41252479162195027,0.15615115846990865,0.0010482613479465559,0.07857794074139265,41.48394001496905,36.94120773126134,6.70331960392313,True,0.2694957120207915,5.771057394413787,4.706509897992102,0.05494863631576436,0.011952789173308116,0.0071103402225913825,-1,,2
538,0.5070820398839448,0.05150900661003874,0.03320027753033486,0.24049275029661155,0.16703653723078382,0.0006793884482860814,34.05093842712576,21.640778547086104,1.4030639527270103,True,32.08860490622754,7.259095841089519,0.41269590949741947,0.038593478268307786,0.020804642726650634,0.0050188193102460015,-1,,0
539,0.4127795314976954,0.21459230591983816,0.08216028022775385,0.22464900232859294,0.02934772423390661,0.03647115579221325,40.61595388876503,34.41352629583342,6.392278921556267,True,0.7532126436696975,6.198854971155423,4.694867827376453,0.04964489252951181,0.04093831968650662,-0.006323853718295932,-1,,2
540,0.3997288201385543,0.24715656044778972,0.217221549584741,0.005971692215766975,0.1057101051508444,0.0242112724623035,42.48548091861139,12.059159436467436,2.5018280996771023,True,79.83558016214452,7.158969731970695,0.6591389286401905,0.04641747549083272,-0.030588390260962207,-0.021358209918716047,-1,,0
541,0.4665319950958279,0.16858357244900646,0.17882859016126698,0.15489882379568767,0.002276883467306572,0.028880135030904315,28.289414186290422,36.24564921811471,6.159924320999387,True,0.715228323570203,6.166807951182197,3.9812757808054275,0.034385483156069215,0.06757300260323322,-0.011375569114975271,-1,,2
542,0.22959762901111938,0.085133092960944,0.17160240470386562,0.3946493935475449,0.09940806244903311,0.019609417327492957,30.915174855270912,26.808137816721825,1.4792420777743907,True,30.529759819422065,7.199039033168329,0.6623149841545212,0.04945648025690774,0.015339077296196761,0.0030354859217528846,-1,,0
543,0.13780656416653517,0.28571941666273903,0.15198077163756785,0.17752284207954025,0.0020038266423675205,0.2449665788112501,32.75722752697813,42.064406838609884,1.1085922504657597,True,21.45392156443488,7.219924236272219,0.8501818610071811,0.05496493619380641,0.043697487317141966,0.013603616071197939,-1,,0
544,0.22328847649678488,0.039984375996718946,0.4095912163214144,0.08658808086386251,0.08999920947359326,0.1505486408476261,31.686362160477263,34.98508567004964,1.2941170767666104,True,24.24055062351788,7.148046983053783,0.3169095739594016,0.043913313637887065,0.012559023618946915,0.006091215757156522,-1,,0
545,0.5166971540011347,0.115131724702824,0.037394347074575264,0.2546131872312329,0.053095086517770104,0.02306850047246274,38.20555154355603,27.642269552019204,5.341109093439364,True,10.354182687911925,6.568081169505277,3.2276253787601794,0.049513116141683834,0.01596958154325826,-0.004233270994017833,-1,,2
546,0.6647107109067538,0.11901580329973582,0.005095184143577943,0.032129064592269385,0.026354814308432072,0.1526944227492308,28.51025806926844,36.515620394794304,5.290657120956634,True,5.6139864594994515,6.4798163060817435,2.693286433186955,0.04005958314105179,0.04201634967490886,-3.285722318566858e-05,-1,,2
547,0.252951902764094,0.4022851574705651,0.13084860053079125,0.014146763725870454,0.010805781876838585,0.18896179363184054,28.022842492158755,11.058355226505384,3.389319904150666,True,40.81415322609825,7.21450689455746,0.9556924351376859,0.04613188159523655,-0.03387501120160529,0.0026622602543455026,-1,,0
548,0.29268241369379266,0.08099935310102499,0.2510311453455225,0.172091756931717,0.016170034018883325,0.18702529690905953,40.19142304254141,46.54271780624716,2.054371572215801,True,76.55250636668679,7.021901447987451,0.4631981113944368,0.05335613869747608,0.03752481649754662,-0.005775444401089298,-1,,0
549,0.2016014132358804,0.19529877978880947,0.35762123727454426,0.039464570234803334,0.0012560680710435308,0.20475793139491907,36.79640135104902,19.95012787005078,6.039544157001442,True,1.4361987450621465,6.165475108408601,3.6039253066183132,0.04157900506407084,0.03862473965702292,-0.01666181301843274,-1,,2
550,0.41071481075469507,0.05940184501482922,0.0913098968531848,0.0915449877519708,0.11917126221170074,0.2278571974136193,39.95535507817757,46.92270797855103,2.583124038307375,True,84.84300632682664,7.304977427928968,0.43167386779233713,0.05449755724320474,-0.03602850612832076,-0.0023654488146015377,-1,,0
551,0.6227245460854823,0.07135689206681087,0.06622526036617982,0.040880084587325775,0.19454683142602908,0.004266385468172166,40.688080324089455,45.30654968000914,2.6422483805772807,True,74.82416117668015,7.244366786165257,0.5730742405990094,0.058270607208436784,0.017018031871514516,0.006510443256039791,-1,,0
552,0.33951899558533516,0.11366324925085218,0.25781606641853905,0.2061418358202552,0.023145041382134243,0.05971481154288441,41.27579833526818,38.07323014013871,4.061837469209065,True,121.72813968761604,7.066668451844048,1.8548541558919491,0.04765027699595775,0.03407116670223511,0.003442213784691898,-1,,1
553,0.7079142938521098,0.01182979834813951,0.008625741737221755,0.0749655977392971,0.17626196736885336,0.020402600954378482,28.699542784897165,19.567967886877522,5.478677960066195,True,3.4190097230788608,6.468479824962241,2.998361767646373,0.04188701206219602,0.0013336621827330433,-0.024610659825001872,-1,,2
554,0.10156026951084707,0.30507134421279164,0.03208097965514508,0.05977560487894805,0.29567594331616676,0.20583585842610155,38.467299612813946,48.09916427287956,3.2495774310464647,True,112.0450528472365,7.204616335762439,1.0252400387827743,0.04219801702700573,0.0036219463852124384,-0.011486597477549492,-1,,0
555,0.47464727397293766,0.13988603773834762,0.015643373000873748,0.0660759648784183,0.0924127219366191,0.21133462847280363,32.58566102671489,41.55097909788839,6.877241272472426,True,0.0981492396713876,5.951359385256575,4.755337052557156,0.03991861786260669,0.06592609498116087,-0.01129042124227031,-1,,2
556,0.35483797237678194,0.2128875735282593,0.2782719370169349,0.015380201038451316,0.06261593519500326,0.07600638084456923,34.36007381542497,14.10962014193375,6.172769381452144,True,0.8226833514375423,6.033385601507382,3.6398393474676776,0.03234522345197889,0.04546643262718336,-0.00029150086611966046,-1,,2
557,0.48923830942415336,0.005501233407250878,0.14805396206665564,0.03270620323517899,0.0033921014529608275,0.3211081904138004,44.693819106998404,42.228026665034996,4.03589836698457,True,152.46846703446414,7.073030542562786,1.6490549629936164,0.06852677837211925,0.04371718882343595,0.0015429298436052301,-1,,1
558,0.21652763347298032,0.13931632508310232,0.30229112387653084,0.24657466944204298,0.07900744036894033,0.016282807756403027,39.724491836208024,17.15686561970965,5.9152571506984994,True,2.441185493960149,6.244256502593233,3.8910023274226067,0.04953302191148997,0.04728217699007234,-0.03144319063516306,-1,,2
559,0.3496362328076594,0.2915467640402644,0.09296175688273156,0.1205365676404517,0.09545018653518379,0.04986849209370916,43.08530881462274,28.729708859643928,1.5244433322664859,True,57.851583923865725,7.294958051211051,0.5081442522420749,0.05369868205631722,-0.004432396471067342,0.006966061195205583,-1,,0
560,0.7037149863961761,0.08524936214978579,0.04117100641125448,0.022291438437639918,0.0031457129752962393,0.14442749362984747,44.557157979607055,26.256492938767583,1.0274451371453164,True,42.867330164291495,7.043618064732613,0.33444514581716533,0.060222300491670454,0.04330792034361156,0.01708432640109484,-1,,0
561,0.191514459721056,0.1119531525906766,0.535428205159097,0.14327810030396157,0.01328646783266208,0.004539614392546669,43.40356617289775,31.36929554876451,1.0260102078475697,True,40.60572170974524,7.1634301066355786,0.3102243212444948,0.060615096854276976,-0.0077353655477180195,0.012726792447675096,-1,,0
562,0.32957001596183294,0.2557766991846973,0.08194208115889716,0.06570985866124414,0.06203580011008535,0.20496554492324318,43.21088929477336,18.81358045243251,4.924594796855015,True,38.51978611142617,6.772304095199166,2.382982488767594,0.08685656681468969,0.043479433413196454,-0.007994050135223139,-1,,1
563,0.2578195458633207,0.007191142862354477,0.5539427481432576,0.16255225256102096,0.004415563560273338,0.014078747009773237,39.94704988890611,16.750314882060806,5.731235297071561,True,4.38474235406628,6.282675381049258,3.5102967955690003,0.04896738919397617,0.052891919283874766,-0.00889650874270529,-1,,2
564,0.08370594262973849,0.3060202871119883,0.2363944568670333,0.14772213373675008,0.22388551509511617,0.002271664559373598,27.39614998467789,15.236932289529568,3.663486623507672,True,48.578897654190754,7.124287590294712,1.453621777699062,0.0334272974584416,-0.03241584403588778,-0.0028070705577812748,-1,,0
565,0.08700627799769217,0.05351480842887693,0.34433321472792155,0.32653996153337883,0.18277761285687344,0.005828124455257012,32.29455086683936,43.81319410353755,5.9552844942966185,True,1.7292826310492575,6.400428484412364,4.152983630093181,0.03429845872592937,0.0666133770201368,0.00023716154096244807,-1,,2
566,0.21259496239911163,0.13450947507830352,0.16806786439191843,0.05641825677133947,0.21034348328706265,0.21806595807226442,33.121965567788365,44.920929677004274,1.7312935084971148,True,36.65382138642483,7.259921374618765,0.486706249094464,0.03673554849219169,-0.03222669694536555,0.022925653350499262,-1,,0
567,0.3937387125985645,0.13254709066017023,0.05975595887897468,0.2716162324051628,0.0442268676571856,0.09811513779994227,43.94863691469362,35.61556375044235,6.711001173106337,True,0.399471421142507,5.959110588926586,5.0208010063685,0.058606958526358256,0.04730774343903703,-0.025081493814050386,-1,,2
568,0.42700418328916995,0.13731165504476514,0.2561792133602419,0.15713780682593967,0.0026895109051735667,0.019677630574709604,39.340757797008706,18.137016297208973,1.6946680448709939,True,50.33769343011357,7.171750107932865,0.4836396017351411,0.045033532930524936,-0.037116165424082706,-0.019004097364387452,-1,,0
569,0.1994266697182019,0.28963276688681194,0.29318612750452044,0.11865753068546009,0.0805041933180524,0.018592711886953318,40.42413868023374,49.87097031925336,3.2523408921212815,True,117.06140238659304,7.1432612276318705,0.8630246993712518,0.04071278140281141,-0.003084408230537622,-0.001424956588302923,-1,,0
570,0.554016266921466,0.07520094670998327,0.054417233542484775,0.25228834486330526,0.011038900518794892,0.053038307443965926,42.342300695446994,46.87900864557461,5.7776429443660735,True,5.186128669912835,6.296839743041675,3.795166821181379,0.060032934111106835,0.025442749987258585,-0.0158551726966031,-1,,2
571,0.6240446255085134,0.09090853077896811,0.01902258540366202,0.2148970525067492,0.036381363575517224,0.014745842226590254,40.03031441101415,11.614379281454426,2.206811070064064,True,47.86372483902759,7.154643362931693,0.44737678166993955,0.04916992710013617,0.0028280680178295434,0.0032122928991236027,-1,,0
572,0.37808432064851205,0.05076671484878982,0.16001892014065708,0.27386388007734075,0.0005300164004746908,0.13673614788422545,32.88502179085384,31.212787451209568,2.4577432700194355,True,58.37153978778994,7.19260987976046,0.7536745970743757,0.0439661638927856,0.055294197757628075,0.01007064328181262,-1,,0
573,0.3716924439434341,0.06793545469417264,0.0111993940211688,0.32959194662600944,0.12810671012488267,0.09147405059033231,25.84322695948496,16.2111731571309,2.9028845059025006,True,44.31615018819566,7.285242833917135,1.0102901231515506,0.04489058334356124,0.021751507174637166,0.001676687800424145,-1,,0
574,0.16977357790421388,0.07554261664651359,0.058058834192900824,0.44715523144880515,0.2481470214589734,0.0013227183485931568,32.701073880391384,47.0629672665531,2.8986545485272357,True,69.07933557264896,7.177920772773774,1.1838338851764352,0.04224361315344539,-0.03269860839046212,-0.020724003401751397,-1,,0
575,0.3516581215486181,0.11951971867428149,0.1939215438740715,0.1170016350451706,0.14687877835084642,0.07102020250701184,25.801540998447972,33.62394726937545,2.1466077639937424,True,31.29499904562009,7.329945312127025,0.36487613605304137,0.037239620739332804,-0.004032017915939112,0.011314305857093332,-1,,0
576,0.2884506744953749,0.04150599924627207,0.24397118350637592,0.057082887367853934,0.021764261364161232,0.3472249940199618,32.86856664267476,44.70739283677298,1.6360326110190904,True,27.20920633219527,7.152428593067462,0.29599750818167864,0.044079847399618316,0.03506231765427665,0.00411464849919446,-1,,0
577,0.3057513798848862,0.20312429855440162,0.19966274960049943,0.1803964479250288,0.005598917446255691,0.10546620658892823,38.66690732412305,20.595826121561878,3.663631924072086,True,120.3395114099277,7.0914305104036535,1.3695004969123514,0.04448672854607279,0.003154660455387146,-0.02014693637552209,-1,,0
578,0.30965643423957234,0.15462894013277412,0.014043499172528453,0.08602434501481977,0.23951350083053521,0.19613328060977028,27.58966848538923,16.915886565239255,1.87718218747624,True,27.358162974619432,7.144957430770348,0.3280090377702206,0.043589762213318096,0.03774247572815186,-0.004882047910951295,-1,,0
579,0.32435044573907834,0.03941982754613645,0.4492404858456428,0.013899385743150208,0.03873205042045444,0.13435780470553765,32.13673562245916,32.13905462694429,6.734587090693225,True,0.14146075288949467,6.046217517590636,4.31291186239943,0.035059314750588384,0.06188486202915006,-0.01885138269880782,-1,,2
580,0.09341220386245781,0.651961301514816,0.12790114070938907,0.07733815055874482,0.024068742438775534,0.025318460915816726,29.024725834350527,20.03370802963094,3.6260013403702627,True,47.538267591497394,7.067498643520853,1.164846621787935,0.0294509255259398,0.006755404398386894,0.021272837166694605,-1,,0
581,0.09791639230809662,0.10062953450103165,0.18287758913060612,0.29828198048835564,0.042935574924674015,0.2773589286472359,27.632965890346913,13.995069420832218,4.0223041982214935,True,43.3783421670972,7.029505868822899,1.8512128219241561,0.042587685471686385,0.04200522344028041,-0.006305617812920352,-1,,1
582,0.20163426627666703,0.22241738473829267,0.08378955928764027,0.013125504675515508,0.4703432514039801,0.008690033617904448,34.29403625828438,15.78520349142229,2.238996896007352,True,48.74802244190255,7.186860651446668,0.3435559262756262,0.03444107831994772,-0.0390566028075631,-0.009080366944125298,-1,,0
583,0.607605771752111,0.06691293841094287,0.22774677240065896,0.037110857188115284,0.0010314217865735522,0.05959223846159828,42.35403935702768,24.442119108597552,3.752953540411897,True,127.6926072630568,7.065622222252495,1.2022911362823268,0.05078264483656341,-0.034783862537853816,0.0046699554148732485,-1,,0
584,0.07749249366106294,0.03419374397661914,0.38900086599604844,0.07821655345137525,0.0005180923637296335,0.42057825055116443,28.30731966324139,26.928363222007764,2.1737603755058075,True,32.87617896279328,7.271188426872802,0.36403044522943084,0.04825569354659384,-0.005764044581979323,-0.0032536425844726974,-1,,0
585,0.4206490773032258,0.09602644558547599,0.05250279668963601,0.29524545119653395,0.018967655685347147,0.11660857353978113,35.13424642378973,17.770222206788986,3.1030387926761307,True,74.86282626866708,7.235589948271796,1.0588630027465422,0.04318595239606893,0.04440923730602873,-0.004371832973806011,-1,,0
586,0.18178411446792467,0.004672691013521507,0.07745137219137821,0.15214879762800446,0.19758816486464129,0.38635485983453,28.996885826746084,10.597976310980282,6.571545831491521,True,0.1864576410507511,5.8387671302895745,4.640673459720662,0.04412036977247277,0.07838098941900842,-0.016144691772714548,-1,,2
587,0.3229952794816881,0.1511239850945454,0.006642128996158796,0.11292331380609953,0.22246515531365532,0.18385013730785274,42.61356038538271,36.33715173016906,3.426152514829707,True,135.8590439148655,7.069214019578764,1.2288828277689596,0.05337267462883259,0.005176887392642869,-0.004647005649091188,-1,,0
588,0.32201470492748163,0.21302417150102382,0.0798488152976023,0.3644114770814175,0.01996485761944506,0.0007359735730298049,38.91668608833899,31.68551679206042,2.9830248155077927,True,117.60173305811054,7.149805208351903,0.9517249814109765,0.04514755941402895,0.03189028109405188,0.0028744356220743203,-1,,0
589,0.5315191433221748,0.11132340409363688,0.08713109133245903,0.11921980824649026,0.0008767573854715286,0.14992979561976744,43.84842568879964,15.622965399948008,4.059109923894996,True,119.78590075308301,6.958175402620935,1.6297344212860927,0.06465551818799858,-0.002320035074076557,-0.010380043755742595,-1,,1
590,0.3057012936685792,0.03436896306450382,0.4546378778930171,0.16346370057394363,0.036219142789289886,0.0056090220106665275,29.802882392186792,30.852725573789908,5.946300590975414,True,1.2595700001361132,6.357840176617336,3.818608542853574,0.03304568417474565,0.056411518698777405,-0.0077235414507545765,-1,,2
591,0.05657046107081133,0.31735516347724,0.20423219263118145,0.11736714922309358,0.03224287918334799,0.2722321544143257,30.39529571912292,18.434724942529446,5.860996600647824,True,1.5049405211012457,6.337712186517847,3.5124326439070686,0.038833367662764136,0.02944424909284887,-0.024442066443739377,-1,,2
592,0.5748706508313943,0.035279398991594456,0.004646409145410986,0.199634322647531,0.15605171170373636,0.029517506680332914,28.153635238756266,27.064447108769883,2.027425266860476,True,30.511490903826456,7.069128501396275,0.5366340166581356,0.04617406481259007,-0.0015998100224851835,0.0037066738637736695,-1,,0
593,0.23230692830637503,0.008926304892800803,0.4177160989994919,0.010812763534653267,0.04479439513954252,0.28544350912713634,28.615690783229976,46.8005317429725,4.097048570782555,True,48.77003736453099,6.976354218940332,1.4171522411437298,0.04225582183422846,0.05286849686868686,-0.011165837952933147,-1,,0
594,0.5613737572952023,0.16695923685770225,0.1012721402221595,0.07862782605183033,0.026280727544556983,0.06548631202854875,32.42650680866812,35.29015475984065,5.344159755857705,True,8.504722406473956,6.520826309386347,2.9460113041883993,0.03852897760049992,-0.01525361096764704,-0.0072746518206911436,-1,,1
595,0.22086404584633593,0.14167152016261766,0.009754291421358023,0.07307406031703301,0.31153716358946454,0.24309891866319072,40.71554414432793,13.452583153028286,6.707393628964882,True,0.2946039146207234,6.064785510123574,4.528121373185893,0.05614494780888999,0.014548499464570354,-0.018655897704856945,-1,,2
596,0.25136060638654023,0.5977193652001793,0.05500527893054745,0.0555147172947739,0.018477828966371856,0.021922203221587232,26.232084575021666,29.662221002239523,3.8947958723635896,True,38.22299487820935,7.103125771755874,1.3075358527354308,0.02804719309784051,0.004229877327157717,-0.0018536208887485871,-1,,0
597,0.02839766158917974,0.7608806613295103,0.03703034132666707,0.0867293817971664,0.008900836576126656,0.07806111738134987,25.076327226755186,23.135088244031827,6.27656084642968,True,0.34254110470268107,6.072296688988263,4.022339590064685,0.05097170439029829,-0.0021475880038366313,-0.009084399006899103,-1,,2
598,0.1959989290870802,0.04026961687045223,0.10720985192390525,0.020092251762447826,0.5467450504398013,0.08968429991631327,30.533062627319985,21.298381703025658,6.956335044671399,True,0.07296647671569047,5.812205058817415,4.6836600140476925,0.03621541994313256,0.04373066948286538,-0.027892504536085033,-1,,2
599,0.32144526454731875,0.22079386196390466,0.09560085785093084,0.04615931317412081,0.2946106944222138,0.021390008041511113,36.63845504463686,41.39654641587278,4.358907293139179,True,70.90554033759216,6.902509490836433,1.752672431158714,0.036655284450089344,0.027736895386001735,-0.01518532843131273,-1,,1
600,0.579051245439122,0.0507617359554546,0.094262448910758,0.20797572295806924,0.00033172475305435155,0.06761712198354171,25.406753006406216,18.83765718357591,4.248806301180592,True,32.49518216350443,7.050069151494651,1.9843248925530628,0.043888504136937186,0.00617841616262992,0.0014344072034078665,-1,,1
601,0.4758522139290987,0.06744306897230921,0.04251822958062435,0.2608364089187282,0.06994434393659106,0.08340573466264847,38.90458952856947,19.5404727239712,1.050330057024759,True,34.490602711887654,7.088877076238136,0.38228857591940635,0.04766203378172874,-0.02410058627953524,-0.006174916411189679,-1,,0
602,0.583903708761932,0.15850549643672981,0.0489390045221401,0.05541426783484243,0.14580163682924283,0.007435885615113006,39.34976937337899,33.636508971838744,3.319856443668984,True,103.24261263613636,7.230848584881174,0.8544903040431385,0.04316307476943296,0.02997839040606273,-0.01724208716744177,-1,,0
603,0.1479789829940851,0.240650502212999,0.5708007213075927,0.02650485054444204,0.006388925920109772,0.007676017020771307,36.38385074449445,30.000775671537227,5.1489851600213665,True,14.059283733396844,6.5395169131626485,2.9546827147373995,0.035978635796085436,0.03012376740669891,-0.018163968255727567,-1,,1
604,0.14562872439544924,0.24394313363980416,0.04382491351161162,0.006835096582299904,0.19628326898208048,0.36348486288875453,31.191672159656846,17.698485120922534,6.109135651870414,True,0.8508577047936895,6.132373792414454,3.6131727619434755,0.048945482992614545,0.0038550526845163025,-0.03199457585968594,-1,,2
605,0.484291090532102,0.09921658759461814,0.012452885007222157,0.004400770791733394,0.28642886298668657,0.1132098030876377,32.95026117182345,17.124769197724156,3.6177500003081247,True,66.541918618683,7.116657681618417,1.0251812311353965,0.053322115198758555,0.006796753354883766,0.014230629691907968,-1,,0
606,0.21161919676721325,0.2863974450408238,0.00863605438304396,0.3609989352453136,0.0066913755558449875,0.1256569930077604,39.67535456206605,31.962541890185335,2.1570978474893487,True,83.30735209606158,7.13744771341346,0.5801465226368276,0.051058850464062555,0.02624099873154802,-0.013496992222119813,-1,,0
607,0.31525900514947564,0.019921579013891882,0.1969985005488269,0.05283823401557569,0.25565340917041024,0.15932927210181955,36.05091879570638,22.949958774067753,6.912465138373109,True,0.11527878616724375,5.754784283062273,4.668408761434903,0.0384132234604547,0.062396461078824426,-0.03740030146635488,-1,,2
608,0.2472252350007645,0.04169983212352022,0.2221003137986149,0.2036911029416209,0.05010640374869719,0.23517711238678224,31.999266003022775,33.84488587793817,5.740866203311205,True,2.804780140094694,6.311066848879005,3.6217449512383935,0.04015857986781324,0.11302412520397506,-0.009685721643893887,-1,,2
609,0.3693142106529594,0.14951070443357323,0.05100228573302049,0.09088880732549673,0.20531218245383281,0.13397180940111741,44.2675984418682,16.104124241385087,4.023237449635418,True,137.48477514944318,6.891709018588491,1.5926401893969162,0.057761358733227706,-0.00497399994756635,-0.00403156963934853,-1,,1
610,0.3931183285580479,0.039366513901188276,0.0953409524857724,0.013245110168561404,0.06070730478392243,0.39822179010250747,26.032509225909692,10.48296869380966,2.9764836927838774,True,28.400105589949202,7.277244201924364,0.7278221747603999,0.04349218471222607,-0.0020090941502553463,-0.012386758811063856,-1,,0
611,0.17540572823761996,0.06731859321582946,0.12960790560774824,0.37468122027770084,0.2263057935108663,0.02668075915023517,42.55034898368142,14.417929872882343,6.824668741218488,True,0.2458520246112512,5.842629047522374,5.4772463382993815,0.05139584850784181,0.002886312811838966,-0.01257617390427078,-1,,2
612,0.4261883046005248,0.4104091409850066,0.04349052089093435,0.03503004722050311,0.08146804764729276,0.0034139386557383725,25.251384780054657,13.832927165614123,3.484792913636397,True,30.408989903697734,7.159720031040257,0.9446218367613793,0.033029214929907,-0.04001723248397122,0.006915219243760453,-1,,0
613,0.45354797338728636,0.020414269363217996,0.31614918754010685,0.11366893244459648,6.874860449305507e-06,0.096212762404343,41.01036169481677,46.13179947702067,6.127829986407406,True,1.99755226589893,6.151876263479808,4.100898121424468,0.047712813242827654,0.06556249086884129,-0.011407596527536576,-1,,2
614,0.2882979485038089,0.0452972307244998,0.33769883793071503,0.15104456466184996,0.11129748663828624,0.06636393154084025,39.74726741739862,48.267885397500756,3.2028322075750184,True,112.34508159265556,7.2613152280730695,0.8843176659762012,0.048574358530086854,-0.03685547047435061,0.01726210674879926,-1,,0
615,0.43374524954608235,0.3260994142806197,0.09841006816621527,0.05229071795059343,0.07472790598849569,0.014726644067993252,36.862254021373154,20.36162256574898,1.9635106236808029,True,45.9279454528831,7.169614536048811,0.3489275981536803,0.036394783750860554,0.005121663514438109,-0.005828241525909864,-1,,0
616,0.41756974528546537,0.04368943343336522,0.12086253447018573,0.29674570345231044,0.1163127975698472,0.004819785788826084,39.07001521856959,29.18949825219636,3.59100150231244,True,127.06428854523008,7.144481515176983,1.4365505066382842,0.056752344627491805,-0.04141029927364883,-0.0045734405399152625,-1,,0
617,0.624277559994237,0.03216364772295547,0.04461222593665096,0.2717797416333153,0.001462266967583606,0.025704557745257824,27.525263168049293,40.67599554739054,5.092601622817289,True,9.924202809531353,6.434269662669408,3.0253150038292564,0.04345468346567625,0.06314849713188626,0.0006398300872341826,-1,,2
618,0.1882083648657264,0.02914521020989071,0.21570846462142976,0.4230533638214837,0.11779042044067366,0.026094176040795825,43.927126222523896,49.400006876001825,1.7364074006440784,True,89.46814804293626,7.182277962573526,0.5528576259015646,0.05662764563506981,0.05151629190435494,0.0039840692620719785,-1,,0
619,0.5015730663867067,0.2882551401310623,0.06797287185447107,0.05039401378159746,0.05786340630440286,0.03394150154175967,31.6229250639874,18.56848481801695,1.1995690932319718,True,17.630296501008253,7.131106170412035,0.29296727256806226,0.03721326009004606,0.01397590386580504,0.002426971228065564,-1,,0
620,0.3038398098696821,0.190459294337877,0.4014486405746183,0.06732723788174527,0.0266605588547156,0.010264458481361762,32.337749131221045,19.960373263604424,3.8108873945207904,True,59.993556756935845,7.107674496324155,1.2884113361401812,0.028856010144711213,-0.003977951938556306,-0.012787355639841477,-1,,0
621,0.49338788756829766,0.11785433515691482,0.18327429497102762,0.19384223022296415,0.00785935795627136,0.0037818941245241935,39.891241248783274,17.63430367932489,1.95479865387333,True,66.75779411769614,7.122006913482344,0.4328065385706041,0.04972951453383939,-0.004796854996760304,0.0031099645980754782,-1,,0
622,0.4606341774636137,0.06438744362383217,0.08050559553359182,0.02291581595241951,0.0036247324254174563,0.36793223500112543,32.24465520165094,17.58529491133568,1.1084860728596018,True,20.60189267661064,7.182382677854733,0.26313479971934933,0.044994889486038324,0.008189871529698472,0.005093534595546399,-1,,0
623,0.11728395375803506,0.05198379895348203,0.1275398418658705,0.06450881123997278,0.00886673622731653,0.629816857955323,30.092570217897823,19.72707693562861,5.138654971292079,True,12.70168409320276,6.462834415046698,2.6062544191768757,0.0489237453212561,0.04162667308959987,-0.0023163485048974114,-1,,2
624,0.1952254834295966,0.3180589168200456,0.07390643334016113,0.18631633569508982,0.16024050538960763,0.06625232532549917,42.73192102004009,10.81264994325947,5.8012241870285095,True,3.7021525539545403,6.347647874533259,3.782727739273985,0.06324011411222581,0.01131341573664724,0.0033418230038800133,-1,,2
625,0.1135842578626876,0.16017626592605416,0.2803137640663988,0.17083284801297274,0.09089451180159,0.18419835233029672,36.02342728520536,29.16544700641765,6.268817680070907,True,0.811473317568887,6.1382258358149375,4.433667918498665,0.036627257856101825,0.005276934697980337,-0.007327052463040136,-1,,2
626,0.5790976963956947,0.03940025696930436,0.32704194107699003,0.03899862616967923,0.009838570473032994,0.005622908915298656,29.641912924977767,48.29875841449501,2.001763678334406,True,31.72028816862981,7.207423893752215,0.29142699960984675,0.03456269150363194,-0.004403519863918517,-0.011251360321655093,-1,,0
627,0.1390860109021728,0.5104006697639637,0.2104370853315969,0.05002106848838343,0.07934311706523459,0.010712048448648499,34.23609203191581,15.941462996065416,5.175209497725505,True,10.97862180968686,6.496195423372144,2.5885387275980745,0.027949851433872734,0.008526662211420793,-0.015551925460802779,-1,,2
628,0.30022948876435307,0.010741518141051887,0.11691366386050818,0.08986517237813765,0.19410496132069002,0.28814519553525914,25.70193158449641,15.298748384827295,1.111163761492894,True,13.382446826852535,7.196349687273684,0.46456008508963176,0.04411557602510769,-0.03328367762724117,-0.018962353982813214,-1,,0
629,0.2414184703382565,0.20286417464216164,0.22232617426343826,0.1708641037651274,0.06008095646631057,0.1024461205247055,40.8105828742701,36.97059277327857,6.335924880062315,True,0.8941205209394031,6.0295934516578065,4.241376644910626,0.045413269258332126,0.03632428763457081,0.0006876416404625295,-1,,2
630,0.5836429484191351,0.12841879110406088,0.0508264092171277,0.009016076843683237,0.030857923249351014,0.19723785116664208,44.974949699625995,30.842054183360933,2.736577270928878,True,110.02955466011667,7.27538794970125,0.3807174763396099,0.06714358761762201,-0.05318127101317873,0.005032101783344627,-1,,0
631,0.7062674898646327,0.14934043200052655,0.04220038333550287,0.02182623321394572,0.046243206256688874,0.03412225532870335,32.11076560601026,14.984236604199008,5.8742937407272855,True,1.2944032765534212,6.2689125029135395,3.4393756185157467,0.03787395663125211,0.045832919182843546,-0.03292138143190312,-1,,2
632,0.06614666509230874,0.7126207691604898,0.07469031091676173,0.04058198826421805,0.07896179740810853,0.026998469158113166,30.438413792794044,42.53283689074356,3.949023216840115,True,58.92507013048082,7.006611236385162,1.3707316602614368,0.027636253356494177,-0.01510742849532707,0.0030055499634106006,-1,,0
633,0.28644416899739145,0.20705800849302608,0.4244674237071889,0.06651714267769455,0.013663722334307246,0.0018495337903918086,44.97890040856348,20.903797497700193,6.626347775654657,True,0.4924596278720931,5.910755753914936,4.291675121541304,0.0480580134345321,0.02062179321184107,-0.02002199893980152,-1,,2
634,0.04592225948544139,0.08448791776190656,0.12426687571303258,0.35253091469739306,0.10626231587843722,0.2865297164637893,39.22844092929186,15.708692306422755,3.484116348735171,True,101.7932198307459,7.0547391528456025,1.4841895118384736,0.05173758585947066,0.0030695751164324246,0.007289463621200597,-1,,0
635,0.2568799055862001,0.07542752476291324,0.2731110317731129,0.15712832593995416,0.015547689983531168,0.22190552195428842,40.88433302984584,41.38911746433272,5.672060951726175,True,6.340644805900405,6.268884193550118,3.403640193834287,0.050648478763355084,0.0014522927894945331,-0.02647819642728639,-1,,2
636,0.17521215257171835,0.7028015591162073,0.036156501182077194,0.03568093157039167,0.016975128288628103,0.033173727270977324,29.489382359007106,18.715003792996097,5.586226824630233,True,2.6873097546466767,6.461723802464183,2.9791535464079577,0.03741671219820179,0.015804773795542473,-0.010327294983252777,-1,,2
637,0.32010718551075584,0.04949995217611261,0.2596831614111527,0.057355891138188994,0.30117110123733887,0.012182708526451057,33.48500253040308,49.55091943551308,6.916488537558132,True,0.11425991059961739,5.703788510699394,4.690587036718669,0.033321486636314505,0.01386168104324366,-0.02981479809692504,-1,,2
638,0.3602217082384547,0.015585446209064234,0.0725989593759889,0.07536110609653801,0.013787319421308739,0.4624454606586456,32.908814411779204,22.007075238690877,3.355183428895521,True,66.32660284833626,7.373931589489199,0.9096697056245582,0.0500150810724224,0.023942383759124494,-0.005072575972351575,-1,,0
639,0.46406021952951604,0.0019834025472569698,0.1386592853833965,0.27327679765914353,0.09788506207185463,0.02413523280883223,27.05152427508992,37.839469064566586,1.628299184887294,True,25.373057697130363,7.266521472522507,0.6645767129368452,0.04038846269781941,-0.012955998712656305,-0.010983460428010546,-1,,0
640,0.27971286297587034,0.4695691763195199,0.16684680609287839,0.013729325115366018,0.007955561790547554,0.06218626770581789,39.07702419049137,19.53965155212253,4.9000659913632685,True,31.62394714261515,6.665104164559057,2.3598653754904215,0.05275873659719797,0.07103845438670645,0.0015858480160716466,-1,,1
641,0.4080698689561665,0.3443584431415392,0.12475223622002958,0.06523935467716327,0.03937017116576218,0.018209925839339492,44.99153526208136,39.89900300983348,4.265528574469753,True,135.32087657656405,6.927523465976654,1.7179739639252234,0.05197687576579666,0.00890481427696069,-0.008361812818884599,-1,,1
642,0.41862077442182427,0.23005315419074043,0.006459892356245899,0.044450483085003996,0.17546245904525248,0.12495323690093295,44.256451722591976,10.600882146088605,1.940702937265669,True,69.06214506193972,7.277535449543471,0.44266821442489634,0.05891171781606147,0.008574885486992498,-0.004579415696219303,-1,,0
643,0.15959671847151655,0.03552775833878514,0.4151960746356023,0.30188689304545896,0.00746911778967116,0.08032343771896588,27.3528324967033,45.925071226171866,2.7625640252909713,True,45.44896618499211,7.081013226873356,0.719084266906445,0.046858960385643716,0.00380294143822881,-0.01610583841509343,-1,,0
644,0.3152350477229879,0.12307191960666007,0.2377692744127982,0.14728476594710074,0.1328301223057778,0.04380887000467547,34.89639412055887,34.25225660303906,1.915172090792289,True,50.94748934149879,7.179795667350817,0.41274076500483425,0.04402426086181978,0.0101995743795506,-0.011737214289643421,-1,,0
645,0.1968931415844461,0.32362173625665064,0.06526397794356437,0.19590838208697806,0.2145834938671334,0.003729268261227511,41.803371839427,42.63577779091642,6.515822008812642,True,0.6277409497918134,6.125531297397204,4.540346846276386,0.047405890681329416,0.006216884536321115,-0.0190407063158423,-1,,2
646,0.47850506849913566,0.057884451891840605,0.22649723481079131,0.07825399481481995,0.003822778427320843,0.15503647155609154,41.95199593442226,25.9421360731946,6.9586002846466055,True,0.15664129502490717,5.9997076654016315,4.860807293200047,0.05296058365609539,0.05657268145978143,-0.014633257803961058,-1,,2
647,0.295399858861622,0.1472968412584219,0.23240685770423603,0.1080405682819196,0.005139069517728571,0.21171680437607193,36.99438137245562,20.52432158970438,1.1043767528924309,True,31.04321028248103,7.259896893121867,0.3395252960069107,0.04854526973980813,-0.017230467589325886,-0.016242046030808723,-1,,0
648,0.29371827527558575,0.2043184563572919,0.20954678045554426,0.02050318825235819,0.12089768386694398,0.15101561579227613,41.687433483151636,43.22606838009081,5.865236299404169,True,3.4083413669196956,6.255799207283809,3.3277468790075826,0.053076785574027174,0.03860717758827094,0.010558325016454217,-1,,2
649,0.20215417110908365,0.23877640938451963,0.4402410058489519,0.013087302708041633,0.0870161277379151,0.01872498321148818,39.561584559539526,14.58679430175659,1.6259871253600342,True,36.01267831086675,7.097829305771121,0.3654531865964915,0.041457184285163054,0.006015117526285218,0.019652656351874093,-1,,0
650,0.44003527164805956,0.03378325767329377,0.03212937524530967,0.19417960536702214,0.03842096130208977,0.26145152876422506,40.827356174168884,41.424568302968595,3.314036122193471,True,121.7676203513403,7.20483277635609,1.0568931028157207,0.05873044454625166,0.034158387101308314,0.008617710779830704,-1,,0
651,0.35109168808277974,0.048145118696809416,0.17101019525566,0.26285240353790434,0.0005870238635662575,0.16631357056328028,38.55108681675753,49.51706207708932,1.5126671541378474,True,42.39952665222757,7.402021757459132,0.5270013938615887,0.051496957084533945,0.027154171136819116,-0.00026669498857073557,-1,,0
652,0.4881009508082225,0.10418164153924239,0.2071910102129317,0.027264755283541497,0.0001426002028511277,0.17311904195321076,38.07377799545357,36.99512142505689,3.063195576331996,True,88.52821376898106,7.035160931804983,0.6536434899309969,0.043454613122023186,0.026303356654604763,-0.0037523578167427724,-1,,0
653,0.6032748562896906,0.04536803780068649,0.07601605744839994,0.19483016258563374,0.0440887104821448,0.03642217539344428,43.85727433624089,15.045450386037862,3.9197490117290594,True,145.36038480388746,6.861617884510218,1.5924385901661526,0.06063059931850245,-0.001058151093721288,-0.02181179609237875,-1,,1
654,0.1586760164344143,0.14888633112513258,0.27115729486554996,0.09166044528892245,0.11356905459632242,0.21605085768965832,30.828092989767697,34.16377233946345,5.327187411016066,True,7.064517165614559,6.445811736223759,2.8665226781959414,0.04157032900921523,0.02221067046282328,-0.02168011837876841,-1,,2
655,0.2864674858307257,0.30441310163684515,0.015949007322495868,0.342373539385653,0.030750358162227275,0.020046507662053105,36.73746516352797,36.93671307010188,6.873591413202048,True,0.15135047133378016,5.801666656333533,5.509593136688663,0.04011938319392148,0.12738954380489256,-0.016953696468158117,-1,,2
656,0.4086250814492385,0.10661412526076021,0.019353799555959148,0.3226649796660996,0.04095940969764369,0.10178260437029894,42.221093615370506,11.568944901071724,1.129595314956785,True,37.84980268799645,7.149359879596418,0.4725740731632109,0.07125091900029508,-0.014891759759463991,0.005373000548153617,-1,,0
657,0.5178280122036802,0.10759403549412515,0.049138259887299605,0.22566606693443547,0.0004550382855366785,0.09931858719492298,38.11945332551571,22.2357291008953,5.599581248897055,True,6.548265153139231,6.376552555479323,3.5015579565618316,0.046626443104970855,0.00826331971584816,-0.020223161195415815,-1,,2
658,0.18115161862675613,0.16975474795113638,0.0875481505881713,0.4541213477391288,0.10717184072940142,0.00025229436540595015,34.278401045644245,38.705488736507995,3.5147433065114657,True,93.2526308340214,7.1830002028842665,1.7525311785193542,0.03791533232535117,0.05689695401048658,-0.013665229209248243,-1,,1
659,0.5464986370434315,0.1368303917256178,0.010951025166626691,0.3051721922925438,1.5883955551012193e-07,0.0005475949322246735,31.9912306911782,23.966843286368015,3.941283706084184,True,71.45835931615203,7.087009736657053,1.8454501103315848,0.043618072506691336,0.010670532696899951,1.845112353256401e-05,-1,,1
660,0.19796916485410543,0.5867579401647511,0.09677618058665868,0.019017522883140136,0.020956489260394957,0.07852270225094968,31.618275039619824,32.429050685735604,5.942576871115862,True,1.5484078410850315,6.09881586513797,3.51011077972011,0.0315178344094049,0.024114188152817993,-0.01104526652606357,-1,,2
661,0.3888506662989087,0.2882238899491111,0.19263997037487196,0.01693167399879812,0.028809175873372377,0.0845446235049375,32.80309529559557,18.77413976436079,3.521538661749765,True,53.39794398819945,7.144825103761434,1.0605320290651217,0.03634427342337509,-0.017379261040068313,0.004466762113313118,-1,,0
662,0.17959375485094708,0.01298488419047668,0.1331883651863419,0.5274693460553731,0.11443557336036209,0.0323280763564992,27.410436074813063,19.156796458136984,5.832614227552649,True,1.6837209114953064,6.291633574070748,4.790320866856648,0.04138087233798515,0.04674307431033385,-0.02263809261903623,-1,,2
663,0.11747750506924999,0.06410756340071137,0.17291064544012547,0.1685732287948788,0.08258327197735277,0.3943477853176817,38.610727213523,39.9946768644984,3.806273991295896,True,122.19108128142247,7.1573893874106425,1.553003223636774,0.05430609210183484,-0.002669390845250301,-0.014267303139951764,-1,,1
664,0.45086771833225014,0.3010996467689871,0.005158464432478644,0.013270918870917492,0.18984595577960822,0.03975729581575832,29.824689112484158,28.07261823441188,2.260173455870153,True,34.906024600139354,7.1913843644617845,0.3590575763933649,0.034795416156151664,-0.06266760826708502,-0.008918547636189442,-1,,0
665,0.014965175384846013,0.01794368499530923,0.13542937723658469,0.2904670490406575,0.41969794494311546,0.12149676839948712,31.938366906135354,12.341656837107301,5.799407368750299,True,1.957138727156534,6.216451390405972,3.9006810263073564,0.043463196109882446,0.025354480190808337,-0.00027367040900537487,-1,,2
666,0.37909520902279625,0.057905571837502376,0.44301065067042394,0.07927198428660996,0.0018002018797686474,0.03891638230289876,42.7594195593119,18.410497349806533,2.745340008479643,True,108.63922130323789,7.184112270353409,0.4578917096312981,0.0477085314901077,-0.031126966267278407,0.00759658216395844,-1,,0
667,0.11321487393285595,0.01936975626644429,0.19691803866181842,0.45749497113910065,0.19411788238249614,0.01888447761728458,44.01867754357814,19.23079896441076,5.921758319826289,True,3.9388360926677937,6.13661270468716,4.575483476767032,0.05459289865946983,0.03401780770173074,-0.0025298444598812354,-1,,2
668,0.26999782118027255,0.24586787589033093,0.06668537903691538,0.025989598614602802,0.04707492476455671,0.34438440051332153,31.453825181860026,37.90939829054297,4.11224114211529,True,62.664130322435504,7.049303996684277,1.5606781478662897,0.04093702999378525,0.01988048050231426,-0.014605784550653013,-1,,1
669,0.028212415196657393,0.00947707121686471,0.14733253675737198,0.29952097891719887,0.06257829636397347,0.4528787015479334,37.38280820068836,28.421138843109933,5.6279591165693965,True,5.9430852805202194,6.296705632244396,3.7150289479367924,0.06510968432314707,0.009307856247662779,-0.007077872245985838,-1,,2
670,0.1931717454906198,0.1028578573414759,0.2517523347903245,0.019416731984585763,0.3952165905605488,0.037584739832445355,35.65675918283434,33.70609368049115,6.051813057615862,True,1.4409803830358912,6.134497804134916,3.7030172173752396,0.031802570713697326,0.0631277992204737,-0.018369822207138918,-1,,2
671,0.3722937279177171,0.010096753519062399,0.3081820936412562,0.24894972980359828,0.010163792838741869,0.050313902279624144,30.87856826014243,19.45276453262668,5.658750003148402,True,3.0728962107060895,6.419657930797376,3.595152269601035,0.03583578731536584,0.01958910148984381,-0.0042110488068223696,-1,,2
672,0.1274733175593497,0.40756048173388737,0.29726760187445755,0.015367515652241403,0.020609975989768593,0.13172110719029534,26.512657134207714,35.835374704820204,6.0427624503158315,True,0.7657115229278436,6.175246095845891,3.452107031324135,0.02872953621669071,0.02712239447553708,-0.023983793377850185,-1,,2
673,0.12394381744255203,0.024637566547396413,0.2706105999793111,0.3538565567270887,0.1831502506126987,0.043801208690953164,36.43275328872096,34.9420257934768,5.513092106239209,True,7.679595554629209,6.361677393032044,3.899139049528619,0.03996582423076973,0.03946335786180322,-0.021175128918722072,-1,,2
674,0.6339850827858372,0.06405147397179999,0.12833413681893505,0.12914236420306213,0.04446744807177984,1.9494148585788174e-05,41.11691649290881,19.67957208945836,4.218719287435668,True,98.10368675695133,6.9681483870664325,1.9248397376907358,0.062311136018530174,-0.004866633433267559,-0.020314481785506565,-1,,1
675,0.469816704271608,0.25979400686294557,0.04139797566696596,0.08772129423409894,0.13666432593941807,0.004605693024963404,29.914288772671252,46.46994682197314,6.876963705927363,True,0.08959804854228552,5.799873923887778,4.74911091643473,0.03390089146047646,0.07756360323485557,-0.009081887732386409,-1,,2
676,0.2590519430797255,0.24829833008125843,0.2178517134365419,0.052111767544162906,0.17670669855998938,0.04597954729832183,38.63486155443185,19.91080155509121,4.034143657272447,True,104.44385128263258,6.993831382474822,1.4317585275597724,0.04056280402646941,0.010135612712725572,0.021301862401073884,-1,,0
677,0.6891334794131955,0.10550103936387159,0.03837670782050886,0.15066790982703362,0.005265562387630817,0.011055301187759482,27.217625829392116,25.2992174807695,3.2182309660750894,True,38.77787466962179,7.145273843407515,0.962222832736535,0.04497313183310858,0.03890184239377656,0.00389500676524019,-1,,0
678,0.5460571800246121,0.12314219442994463,0.03635285610656563,0.15650777412288788,0.10018761194198643,0.0377523833740033,27.259273369947984,12.11977370776372,3.3989791404006637,True,32.678525565304504,7.335189194043341,1.1081715806449424,0.0395133887269397,-0.029342464556868054,-0.013634140885111197,-1,,0
679,0.20329712512669101,0.31676912113483763,0.13050057561625383,0.17895386364190247,0.11422666668138666,0.05625264779892852,27.503541961138687,26.833463082369263,4.629393199312367,True,28.541774568837024,6.742537765086169,2.336793604420811,0.03826443575686475,0.01064731507399611,-0.016183851801760213,-1,,1
680,0.23280083999587464,0.09787333598977656,0.0586374525916096,0.370097672287164,0.04521432416840726,0.19537637496716795,28.744572367965763,47.51906141898013,5.971131070528524,True,1.3315342712372802,6.207377890768275,4.656146287650975,0.05256551363725162,0.03824434586752571,0.0019592677586400976,-1,,2
681,0.1110848200018618,0.05546862647574618,0.08211218109794677,0.5694145508167572,0.031216209222170624,0.1507036123855174,38.49327755582318,37.1882212406901,5.60384382602457,True,7.472712812812853,6.425816041457981,4.367535033003099,0.05177970432451927,0.038095758137228555,-0.015238566329554244,-1,,2
682,0.50169084869514,0.08690800039764224,0.05154768010376322,0.23284888850716903,0.09350544248013615,0.033499139816149257,37.70680261479603,38.66577625556304,5.884941462478075,True,3.172484925531719,6.1443178006441865,3.8602463264475033,0.04805196405232775,0.0638917830591932,-0.016626876354613584,-1,,2
683,0.38044040684189806,0.09247714592683198,0.40682319713608583,0.011515992347950792,0.017116382194342708,0.09162687555289056,25.549438605769836,46.0088097689506,3.617577208380654,True,35.33240172917287,7.177369443662141,1.0680873003660016,0.04043521227763628,-0.009718455943888015,0.00591403121032304,-1,,0
684,0.13983643401938908,0.25609142347262537,0.010930822483380976,0.42816599630349655,0.012160300809451192,0.15281502291165686,32.7344720922857,31.27443652918305,3.11703878063103,True,76.89796300369433,7.257628798125129,1.2432319528469205,0.044286893380394106,0.015150652239052353,0.01052796723183315,-1,,0
685,0.27661246858818156,0.30106078178755424,0.07416064825677912,0.016650513960528242,0.19529545338508794,0.13622013402186892,36.32046293895938,25.769024975456688,5.306915470601874,True,11.474326336038743,6.5397926118633665,2.887293446601127,0.04566878423366627,0.023322554428173634,-0.013671834001558072,-1,,1
686,0.459162151072006,0.024216175517200157,0.02911098300986233,0.11606563720428782,0.005662992069002764,0.365782061127641,30.167435778802155,30.861015826001477,1.6936558310181216,True,29.85020134294088,7.230664557573522,0.5291331948938538,0.0516677634160449,-0.016311708602338583,0.0036488324690612706,-1,,0
687,0.2934766987102536,0.014107979631499177,0.33279828884997575,0.19759102982681812,0.1487981548669834,0.01322784811447006,33.111459408789905,14.798243271148577,1.8485455342801862,True,32.717081472747985,7.228288238462252,0.42839681611931796,0.03385778865194426,-0.001987753135054448,0.01126278838634483,-1,,0
688,0.08962370801695844,0.3735647091116732,0.1751881554042473,0.13055226070507872,0.14141072893511344,0.08966043782692891,27.249598077231745,37.23545654224457,1.5797716452919386,True,24.743242637653353,7.037565320253025,0.4029989464593787,0.03300481614667786,-0.01490935687798055,-0.003859808218195729,-1,,0
689,0.17459093936804035,0.26388485072445395,0.19795097462288824,0.16609461536236622,0.01614162570447097,0.18133699421778032,29.792420552373017,49.13454038220668,3.0871018102238823,True,55.43056865474572,7.182708079356929,0.860723038009642,0.051489403359325406,0.02724948653914062,0.007952756704814842,-1,,0
690,0.23323957833952444,0.06343210763214385,0.24050184543591868,0.27512923951636803,0.009889448890434041,0.1778077801856109,31.527269013378586,49.099071473081786,4.062966508952601,True,73.00705578103785,6.959996406081805,2.137704257955438,0.04102574858971267,-0.012666545053262814,0.011586906084711742,-1,,1
691,0.5611192679223571,0.07921735615048854,0.19465898755717248,0.08149665575630961,0.0009653105819536046,0.08254242203171866,41.47709901488055,41.2503486312408,6.514937321179053,True,0.5812609928404003,5.977241510713589,4.413820106912753,0.05360413355742992,0.047172423376386566,0.003635590741067868,-1,,2
692,0.24215859575654136,0.5755465121664073,0.05073084408550448,0.05051596084474494,0.07385539106762674,0.007192696079175323,34.90798923205686,48.08847378089611,2.243616720965715,True,54.7395427131237,7.208361945011625,0.34625770624368757,0.03561332994482837,-0.018241412452784805,0.017186146302547795,-1,,0
693,0.5604790730025736,0.08213636242522732,0.12045580523552103,0.05712174463452761,0.11245244642190154,0.06735456828024894,37.155411579208405,41.455559191210895,3.7283824050819274,True,96.06646330359312,7.18069214480202,1.2373622542354852,0.04077430817193131,0.013947749543872155,-0.013427925683447101,-1,,0
694,0.17448213033065346,0.3586973959218683,0.2982241196780475,0.097375717060537,0.05546294347005851,0.015757693538835042,36.72745919304913,24.482565575696814,6.718191084956439,True,0.24679098202238056,5.994662357163959,4.5467527283077,0.034850610593026625,0.03615189910940864,-0.013598144339330268,-1,,2
695,0.030681047421901475,0.48166417589505417,0.004263386733456946,0.28798157248377687,0.10027585234609258,0.09513396511971804,40.6406938579581,41.22835032406667,6.0729257888718555,True,2.0841012793677294,6.166463328696775,4.3642891599628655,0.049332570330977384,0.0378591021637595,-0.013108081899930249,-1,,2
696,0.26140063421786003,0.2043485582633511,0.2911351545605221,0.15319752966679157,0.07850332843748803,0.011414794853987222,40.247745325974904,11.929172112918911,3.489650783978738,True,97.73918478565113,7.160347324743528,1.1701236180450318,0.045022315511815895,0.028897331633670163,0.00400643201747093,-1,,0
697,0.38526474083003337,0.16841296400415176,0.17210695621738611,0.012021797196498521,0.20427946136279374,0.05791408038913659,31.21713569445579,11.969045873780555,1.758857210895303,True,26.19735842473602,7.235670126154893,0.3552964919490994,0.045704437418142264,0.052850445636664384,0.011191748833343094,-1,,0
698,0.20342135852733434,0.02954762147205802,0.21752582231490628,0.22262148843951862,0.22640043880227573,0.10048327044390692,35.11541833337184,41.3767923079329,2.553978083058362,True,75.59901648600128,7.2453090962198665,0.5860281467385814,0.039173387044333825,0.03359333381634561,0.008684477947900358,-1,,0
699,0.5549981837066171,0.09615206920907421,0.2853310614010264,0.0037094913212805613,0.056032129781271436,0.0037770645807301047,40.79296976224957,17.00505837743444,3.5177497877862764,True,83.5328789788089,7.295198442073359,0.9125497788002933,0.04459831148362036,0.019977663544481085,0.0033452696435094164,-1,,0
700,0.36035519466736,0.0023107041675273577,0.3018302209086808,0.15422745226995632,0.0959309672658613,0.08534546072061425,27.36006290274284,18.59536777131471,2.8213461502876367,True,33.085363871316126,7.175977268836566,0.741310593905416,0.036401533425579745,0.021586499888115566,-0.011003969417938976,-1,,0
701,0.24786968869570553,0.1029251638986706,0.23157576793712253,0.014180998032957325,0.17448550087310655,0.22896288056243738,42.483025957678606,35.45622577441527,1.6188061918656453,True,63.67262246845757,7.3264756287188755,0.29061776358960384,0.06426903940315609,0.008947929053140471,0.009886951096286015,-1,,0
702,0.40578748536208437,0.08663463604705825,0.22412364287928804,0.028198668864266578,0.21064570947379907,0.04460985737350386,32.68448987917769,14.320526188223571,3.55608740903088,True,55.64549807760433,7.077313761929298,1.1341618049112407,0.03623647039530989,-0.041479001271231414,-0.0074846259813164855,-1,,0
703,0.6098572981369715,0.030010675049086125,0.010593366138654782,0.27571214824241996,0.0620019016671641,0.01182461076570368,26.530351149772933,32.90961449037362,6.190496794988898,True,0.6604454031602608,6.092400992545522,4.399747332523812,0.04347826603183087,0.010137557801024238,-0.01534308633839099,-1,,2
704,0.2873423964482395,0.01885095592463371,0.3688757883420551,0.09544445916151388,0.00734843873420308,0.22213796138935482,32.84867298147055,39.50788141374311,2.8076174503006897,True,58.604204988581984,7.114334344153039,0.6082764364912353,0.04111402159651544,-0.01765679167703309,-0.0051182617338166,-1,,0
705,0.07963410692878846,0.5312617920394929,0.12570141017847666,0.1939414406732952,0.025061634458087435,0.04439961572185942,38.53003471550639,22.347040433782897,6.512259467388114,True,0.44919972733798613,5.963114250779808,4.5210781328109055,0.03765323753428621,0.03252772523095384,-0.014773675521279027,-1,,2
706,0.5709140378859481,0.0957775063567149,0.18168808987423476,0.07127764651464423,0.023947456016697007,0.05639526335176114,38.28131558362185,39.739010175056286,4.580534206842428,True,62.072318009201474,6.6981303821386575,2.091136952690771,0.04297209134707209,0.009903497619598911,2.692805757622662e-05,-1,,1
707,0.15187119242385108,0.29254850141760336,0.2387316469864247,0.15445624080130005,0.06535090106029305,0.09704151731052771,27.25892777333006,44.85210339509132,1.5282108012887352,True,21.389355336666853,7.181850673043165,0.3790365003931827,0.03224806692717213,0.05999630440658358,0.006440871773347792,-1,,0
708,0.6786948053125232,0.1526345000962695,0.12802660937779944,0.005499276413621821,0.020097314165292413,0.015047494634493648,34.73765424833609,34.00302432208408,6.556643822582578,True,0.27682505931474416,5.941075419622285,4.13740573365931,0.04231192489372565,-0.001167953834485029,-0.020160700788379466,-1,,2
709,0.40171053150040764,0.06319473625789772,0.09236036047652099,0.1297345256554344,0.07304312782308099,0.23995671828665824,43.67227378626684,47.23502229928463,1.2561433046235468,True,56.377339922956615,7.054201297557602,0.33125326680938805,0.06651937144749179,0.043932397402455886,-0.0013825344015723116,-1,,0
710,0.4105043284469288,0.1718801912199072,0.11268689308419835,0.090551720559518,0.0035033989024084848,0.2108734677870392,39.360384497471614,43.04419932613433,2.7457595162639,True,91.7116058442936,7.293101982238583,0.5736622239743628,0.05413849969934117,-0.010573473962328902,0.00033785151392139455,-1,,0
711,0.37639402021237034,0.13445319836620348,0.22763910459981732,0.03550043029780319,0.012481545975261039,0.21353170054854456,29.399466882908452,37.74947980961534,5.917280196348732,True,1.359186641504689,6.229739974520143,3.4773163315180735,0.04258802439442953,0.06889005523826548,-0.0103126560229394,-1,,2
712,0.07841095149289254,0.6198073631209623,0.23373970503679795,0.009076044899751879,0.04118213607530553,0.01778379937428992,28.596185253896515,47.8960738533107,2.392842149436323,True,35.418785285719245,7.160725016814665,0.29803537638589417,0.02815377545152767,0.0018338632054651404,-0.0020014235238538006,-1,,0
713,0.07473912999659346,0.13576494225189148,0.07100855332224838,0.4548046777604973,0.2604555557364508,0.0032271409323184758,30.139931561548522,31.122731313329616,2.3539951369018612,True,52.18274426009435,7.167828360817098,0.7281278975361186,0.044094888768902524,0.028497484279184644,0.007231321587651363,-1,,0
714,0.7200914122498507,0.0994618444160798,0.04494402804395509,0.026498777484531354,0.0533984462942988,0.05560549151128419,34.09624328796397,14.627514235680938,3.0284222667784255,True,55.429582526262415,7.121917468712989,0.6572419923476626,0.04778490831233579,0.01206122254351345,-0.001498996528742819,-1,,0
715,0.2461280372261742,0.10109495324481034,0.3393465126020033,0.25491127962807975,0.00014472600455979438,0.05837449129437243,27.65087816225235,29.693669557131717,4.413468465251151,True,39.9132701420228,6.805874842681095,2.2035561678778413,0.05368554705703432,0.013068765252577528,-0.00580844782204443,-1,,1
716,0.1690732275597033,0.14771863979549077,0.2465456110149068,0.24700805788166533,0.1329647035934547,0.05668976015477905,28.36434188934665,41.18390164940796,6.526817577405879,True,0.25336374421662927,6.019861951159575,4.769078643570178,0.034958919511507584,0.0025382352133922134,-0.00944348754937193,-1,,2
717,0.3283565253351692,0.38648178285505064,0.004510864954600027,0.16917582973154455,0.09677746780487541,0.014697529318760139,43.58421252652522,25.59034812661224,5.515084088616833,True,9.631338284902899,6.311817653991755,3.24409687265134,0.04961682452380776,0.013724465297009504,-0.016794848721811154,-1,,2
718,0.8448501074262681,0.0010596638872956568,0.07308920626380827,0.06782098130412462,0.00820091630543003,0.004979124813073321,31.830705393632964,24.101854936854544,2.6547145827555907,True,41.787956195410665,7.228510941449787,0.4032332404865435,0.04335598606943689,0.03789634650376064,-0.011765431096557746,-1,,0
719,0.20835877329520658,0.020685001775554997,0.03867973556385493,0.3955587112716737,0.19542590318484385,0.1412918749088661,30.827199386857895,46.33631302744112,3.84237121786529,True,86.67056580417598,7.102702055652228,1.9335878229324293,0.04953015169020474,0.009690010186985828,0.007844720519695423,-1,,1
720,0.10880745074300584,0.011984910370297941,0.6302771750922721,0.0244324217605947,0.22294137622202695,0.0015566658118026074,42.78643704101344,29.72804299388217,6.479202915269364,True,0.5766713228156193,5.974386902288365,4.2775454105221975,0.057631058254077785,0.04892401224285933,-0.019904147676846232,-1,,2
721,0.15003937515930513,0.043893357632851106,0.584350916670605,0.04214926304022389,0.0032527791882280437,0.1763143083087868,41.357736013930165,46.28202694383594,2.300431775656233,True,88.65397566355682,7.286723445258538,0.3802393258183619,0.047269578492819486,-0.021756534450217534,-0.01516729254714834,-1,,0
722,0.4834847377931771,0.09295681312577843,0.03627586299917155,0.14549033917289989,0.15135872437997153,0.0904335225290015,29.345992064634416,28.15231327996453,5.517070002841163,True,3.972094490118892,6.353963349427904,3.234020859160968,0.04142256747583313,0.024275116404680164,-0.02514934061786024,-1,,2
723,0.19764234426641278,0.20849249467856582,0.09889209102629447,0.08584586291290112,0.3056885099469538,0.10343869716887218,37.47009274447593,32.58261443855358,4.051864471565897,True,96.74582338743333,6.9769601999674205,1.65479768939728,0.04171957646701442,0.003468925442146795,-0.016856880090291848,-1,,1
724,0.5647670582766925,0.11181125268757307,0.07391733785708728,0.06121037773871556,0.04125862034381018,0.14703535309612137,30.97108369211651,49.819253137112405,2.801354569398859,True,43.422453251883205,7.1211178385322755,0.497621153114882,0.0398318205920222,-0.011058895986231687,0.0020508755738356975,-1,,0
725,0.44136333780920534,0.018201416431457403,0.036676053047840565,0.01822237400066056,0.06674454793686475,0.41879227077397146,39.84908343193372,19.509627773469948,1.2935936873464597,True,42.68925995979087,7.148037622724637,0.273659461318974,0.0558677470129452,0.05143791343999964,0.0005138688805510491,-1,,0
726,0.2519074157500454,0.30516866856004504,0.03087814367646212,0.3353788726479405,0.009993985902921833,0.06667291346258504,32.431009013229215,11.473224009559093,3.7508357850276477,True,58.40991076366098,7.053008548558026,1.653777737338635,0.046835665041346924,-0.008118350020498665,-0.00024353583125289488,-1,,1
727,0.17653215246483744,0.037839034218472616,0.5203124075409482,0.057915402682447846,0.020538343190389035,0.18686265990290485,43.18516417032869,20.8162464860016,5.9495025201740095,True,3.1280334685080917,6.368198038737301,3.518288836182792,0.05304709100335894,0.019592323813473814,-0.02194645465234333,-1,,2
728,0.39758444226631573,0.05809386573330278,0.03377535894263084,0.025629825575567478,0.2788581834431779,0.2060583240390052,39.956440495261376,35.095931047690954,3.6986461398132087,True,122.87349948501847,7.21585629221662,1.2203575901956907,0.0492610368341198,-0.006341020911172126,-0.0020208713934688205,-1,,0
729,0.3509320387070522,0.12129298371714752,0.165343443876346,0.32773948018674504,0.0025662226974610793,0.03212583081524821,25.570550832538604,48.38500888746124,2.0952362589505333,True,24.504110693534777,7.168075054204191,0.5592827041337355,0.042035582052533396,-0.015188509715995604,-0.001864798356654631,-1,,0
730,0.7726087991318175,0.023988801114026837,0.01495274450197805,0.059663719979628126,0.09551253262225107,0.03327340265029872,36.761322079852754,10.531904528119988,3.1913185475291987,True,65.22523060234447,7.1026892633741845,0.8128557046190837,0.05383531217238396,0.029429510899425297,0.005076339697610546,-1,,0
731,0.15900310454572256,0.1242008157041674,0.0465655362630823,0.1971443563204213,0.4018738417648839,0.07121234540172271,41.22459812062719,27.026585989742525,5.525687678021468,True,9.005989196709429,6.382532587110926,3.4867071902556517,0.055627673161915706,-0.017729371889565675,-0.01557990441337151,-1,,2
732,0.654913571602446,0.11656454338514063,0.12523286866603645,0.02761488425455016,0.02720281649299335,0.04847131559883336,39.38440815026102,38.68389209350414,1.168673345161828,True,38.7883574417567,7.117015438947333,0.4087535763983118,0.049081578987249644,-0.009692786615652859,-0.00838423894138094,-1,,0
733,0.4181616972496987,0.01165334905513387,0.09255752672581573,0.18842544072873896,0.05325123082691944,0.2359507554136934,34.16571304374264,46.324661451557645,1.1661272845178414,True,28.735810556147886,7.147918162044406,0.3537919486348476,0.05090452568166943,0.0009952682885604265,-0.025696444692785106,-1,,0
734,0.3352162145506219,0.39538172917294,0.025092274442668837,0.10115227934923106,0.08453349239270391,0.058624010091834364,27.362481882660912,23.327694291562274,1.229420961566775,True,17.578807816337267,7.125225467251243,0.32016069058691204,0.032780831730075115,-0.06507203205019545,-0.01716904335530003,-1,,0
735,0.3772207793792901,0.18494128006729,0.20353661606863283,0.060032263176630025,0.14414895441060957,0.03012010689754753,41.577958164969274,26.501845571642527,6.262970089055322,True,1.0061299900977536,6.1213372784768225,3.8910560267259044,0.04605032950937378,0.09001976678882248,-0.003074117414801512,-1,,2
736,0.241477060314459,0.08654933613218879,0.10515916427545771,0.24703825064395618,0.04592088723825792,0.2738553013956804,26.91741693423364,25.28948047846015,5.548126640043088,True,3.8408902544529497,6.464387754239071,3.5343971640373892,0.042273262058491745,-0.023944379469229365,-0.010434889073851306,-1,,2
737,0.5129968444749669,0.09669398010432771,0.10379221388442139,0.24307876981740065,0.04160881219210481,0.0018293795267784235,32.9510097927039,12.753514053503512,4.7251053354168935,True,26.72449080490883,6.792338374996399,2.6742961804844705,0.03662918141026774,0.0036130570918271286,-0.01842651666295816,-1,,1
738,0.5945937702271278,0.07429308507518978,0.11586994436100082,0.11007767830172831,0.03572043143236097,0.06944509060259234,27.947324827879143,20.916352581662515,6.775529992863331,True,0.08655983560301835,5.826257396426921,4.652300712253052,0.03990218324118264,0.07420347329460147,-0.024704614348750428,-1,,2
739,0.3137780329507239,0.16502129582667077,0.17105647400984544,0.24940344484425425,0.00030259177781235516,0.10043816059069344,35.25012366610423,33.53775617109871,4.042714944285092,True,79.97877679153125,6.9947909439846905,1.8229289983424337,0.03694785664651015,0.011349619676056825,-0.000719292305062826,-1,,1
740,0.09965080423830591,0.4570083362531826,0.12404112523083136,0.11793510860700925,0.025360737639173327,0.17600388803149747,33.58681020595408,20.206000819026944,6.83123682455018,True,0.15140617882358748,5.872053301354184,5.009109522921934,0.039908797859583275,0.072683538885536,-0.030202490718888107,-1,,2
741,0.6211607765349657,0.12979057213313386,0.16322500093121511,0.047675847435531896,0.01815142787218311,0.019996375092970392,37.74556233437056,18.68217627189654,5.870985779018058,True,1.8980256161170046,6.171037049558046,3.3687263325925985,0.048598815928882905,0.016100715442133477,-0.02104721866743345,-1,,2
742,0.12463666701245885,0.7854177883570322,0.017529721224316983,0.02911450579075092,2.719787256465488e-07,0.04330104563671522,35.4612762007318,10.230502100117139,6.693409302067701,True,0.12869538049862933,5.972115681536866,4.360458328750196,0.03671889373454192,-0.019628367840464657,-0.007902466522312277,-1,,2
743,0.2173419374977365,0.04302731262897797,0.34641590020342,0.16774998193251192,0.06841303350922243,0.15705183422813107,25.50327345748183,11.114391433086602,5.109032810704649,True,7.173275504770935,6.587907504639146,2.775322733649353,0.03998992412196276,-0.06447522263766424,-0.0013704091719465312,-1,,1
744,0.2444835128386111,0.17372767914219836,0.44206622826052877,0.07748617154164783,5.2702184224209765e-05,0.062183706032789936,42.68349486577189,38.40801502913094,3.8785750283403013,True,140.21171024603098,7.021458381777356,1.3339436879695408,0.07189290416763229,0.007453981548936341,-0.0008332113951884336,-1,,0
745,0.4337638177751105,0.1096273408111528,0.17587394637638132,0.22418652073691628,0.02084100019429008,0.03570737410614888,34.29697348283442,27.733584455390012,1.1151447601600477,True,25.33840514660694,7.1536398821652085,0.38143405065877795,0.03587436479540453,-0.016089558445070883,-0.00046906070395862223,-1,,0
746,0.2618096901544489,0.10445252022902787,0.17417503462037776,0.11189762486959362,0.04748749672330008,0.30017763340325176,29.013012965617833,44.72757669328748,2.267731197309695,True,38.279906109807634,7.161006458451251,0.4104761697232787,0.04222235767020401,0.0012838824745182427,-0.012740117285239778,-1,,0
747,0.24941698246599342,0.3268010143269736,0.3526572347302675,0.0633851677391661,0.007377352534766866,0.0003622482028325386,34.948797129890714,12.55360938090977,1.8615958303135762,True,39.54082813456213,7.301465023850141,0.3476391890428674,0.02853103647543993,-0.011962560385317313,-0.013494317681996656,-1,,0
748,0.5610955880903984,0.0530717360209667,0.0014998492249418893,0.33445525950229255,0.04046121237291023,0.009416354788490254,37.538894062838736,40.81986347311798,1.4384940201096301,True,44.16598005673046,7.26814109321405,0.5809607515762314,0.04712770198827848,0.01853788717057682,0.007739860218173879,-1,,0
749,0.17101087380039953,0.1555001563791939,0.283433219574144,0.08773161139311843,0.03854013202756849,0.26378400682557573,43.89498963290599,48.945896126101196,1.1411941661876386,True,54.687032836879176,7.1932461168141675,0.34892269168473594,0.05635419524367583,0.06565595344834423,0.0065726134906208536,-1,,0
750,0.3278938768448229,0.17163564648792648,0.20245299758420127,0.07619364314240698,0.14699004333851798,0.07483379260212428,40.892058737231736,14.92513473180451,3.033594217569605,True,94.10348765749889,7.22636200955822,0.6537309087603068,0.04902825894316386,0.03584683432673296,-0.003914940051199713,-1,,0
751,0.3857458562783489,0.3227930746685666,0.1277901351074064,0.01621091680687827,0.0008876391793789105,0.14657237795942088,33.63061840601901,29.760140033239,5.731923691795842,True,3.058974765239769,6.3717369392640135,3.196856865234082,0.03734643307757469,-0.006910217655560227,-0.0210295622592081,-1,,2
752,0.29075781547394974,0.23745489265427433,0.2081642375061126,0.006590949094069528,0.07933224262986296,0.17769986264173074,44.85026806671354,39.52873333234917,1.04812914200726,True,52.906445114925226,7.074912182289752,0.2795067672238732,0.05885807539973909,0.042629742913586184,0.006872195028772533,-1,,0
753,0.41493580227567317,0.21496680913971958,0.14067848189856372,0.1259058436134947,0.0009080823300984407,0.1026049807424504,44.032925071855544,48.91561852523458,6.567891651964452,True,0.6248393474130715,6.068477434022991,4.42024018662171,0.07292618365991765,0.009133910896942932,-0.004206005661699279,-1,,2
754,0.36970118749080333,0.2231632112092497,0.28667368673681626,0.018601468622249807,0.016072190008756277,0.08578825593212476,27.651882477633855,11.382715768703488,4.424339541808478,True,25.47887886736918,6.739514022031899,1.768800989667178,0.03407984477539408,0.060052930648694706,-0.009253400092690225,-1,,1
755,0.3419938530285869,0.2311764569825084,0.30132799596395987,0.015169441480312072,0.031021236630734264,0.07931101591389826,44.27043039220216,30.001139915586172,5.03417660717252,True,34.936712720338434,6.589069648028894,2.3464052011248753,0.05143187199483847,0.02425140871455777,-0.006477702626552021,-1,,1
756,0.25426645046280216,0.3236253274231646,0.06015580991800356,0.012284261605478873,0.15631073153180425,0.19335741905874657,43.14155605005131,44.25740619242653,5.305099592118291,True,17.43223156966419,6.283480748661952,2.6622203898335464,0.05163770043631746,0.007548089847918528,0.0028594243337793004,-1,,2
757,0.09826882407108309,0.0943233469377375,0.2629746852085799,0.17907046597632018,0.05568086947607259,0.30968180833020675,25.45199170195985,22.12357087788422,6.337307286911241,True,0.3121070609496403,6.032138031048419,4.275854035570994,0.039436509723428735,0.01453803156497303,-0.008632909899213514,-1,,2
758,0.3916385563170705,0.05411680727795721,0.3126343172162957,0.018222860457334386,0.08886717697812552,0.13452028175321662,43.12024497214399,32.685617682015476,6.655640102695652,True,0.3902338646676449,5.859406264691615,4.259157854901741,0.05689675510712578,0.047282226574009906,-0.01809270510602315,-1,,2
759,0.22483122483291823,0.1484169192471463,0.24401727036212728,0.07073023925501822,0.004277613726984602,0.3077267325758054,35.70863330414777,42.933312846905295,4.401214363622591,True,65.81483882330949,6.819454142857503,1.8820537316511636,0.04027322002393714,0.06181531498082303,-0.001720089004672353,-1,,1
760,0.3370713432588951,0.020122426437440187,0.01749212057095444,0.3278222452930057,0.2839922422101278,0.013499622229576664,31.57867908235196,41.88157767615758,3.2479192928500016,True,75.3770159645189,7.3409027065357035,1.2875460457519017,0.039153554456240545,0.08689361695132962,-0.00747957255042707,-1,,0
761,0.39718473588167613,0.2710870602896405,0.040779471232501106,0.23807260248527387,0.014520460694449002,0.03835566941645945,35.38006965707886,16.003129556237905,1.7269775566533807,True,39.801631980392,7.144301101219231,0.4541875338092138,0.041810650927879806,-0.052453448422001864,0.0055849816020164715,-1,,0
762,0.462637020778019,0.2709089960877606,0.06648887820994669,0.14875250268095253,0.004071684514485014,0.04714091772883609,34.84632712487746,11.886271264677575,3.9497836749446478,True,63.27683858940726,6.963878927839935,1.6748531133320053,0.039680646037840675,-0.059316714911552916,-0.005362261502409066,-1,,1
763,0.5446750777114453,0.06368057126560242,0.21868287564688435,0.11747071786218626,0.0019501564135855935,0.053540601100296126,34.28674809145766,28.257256742127783,1.9357419533251201,True,43.40369362370871,7.045897447341141,0.5458593563473871,0.0519721150089569,0.0656148877546856,0.017078814167253552,-1,,0
764,0.22235037853064707,0.30541004615521655,0.36147558257438994,0.0033009072748892603,0.024626314303678544,0.08283677116117852,38.86816894594464,35.06626797895686,1.0778387371570062,True,32.596745494021725,7.363022411076952,0.41216438361931007,0.05734750965559308,0.014455297449113095,0.0016229455045759975,-1,,0
765,0.6093416669150389,0.04130628096056292,0.22873082092592475,0.024799740997402796,0.04211290077655745,0.05370858942451314,37.03958964822445,46.96579636612279,1.3085769138721486,True,32.672180726888435,7.166193159575796,0.5954812362827577,0.0402165905319888,0.009351074924293344,0.01091426347559408,-1,,0
766,0.17647507640220855,0.09475499824594172,0.048691953843529145,0.15020028835833976,0.10013549848867564,0.4297421846613052,25.387475806914804,47.286681945685366,6.05341557569527,True,0.7641001476406493,6.117536626212889,3.8934609265100475,0.044914635032114486,0.056462185044478475,-0.01954318996926427,-1,,2
767,0.8522725508524429,0.0020689483758932316,0.021141556288752604,0.03833566556671774,0.022626236736830285,0.06355504217936325,32.867991320433994,23.399858963048892,2.7982943738491297,True,48.40930893721535,7.273074544050963,0.47010902637867225,0.04153532198928835,-0.03959810101882277,-0.017222256816965507,-1,,0
768,0.45671525764086807,0.14104631005398005,0.08946660866565248,0.0739115530686976,0.002505464105331606,0.2363548064654701,40.25201673992347,27.642543327934014,6.604419819992802,True,0.33315422540883816,5.991952998597258,4.3257453023045365,0.050830395897133285,0.0979807044103102,-0.014505175024150621,-1,,2
769,0.38141925237996976,0.2818037021178155,0.0018790039163389964,0.16063158207400957,0.004427762480930508,0.1698386970309355,33.56860615126863,33.36584304717219,5.409453947177407,True,7.515440073887836,6.381850378864692,3.1524154142080256,0.04622138061239406,-0.00014932057834173354,-0.017275651889374632,-1,,2
770,0.4961729304076136,0.049485861753607537,0.3260663136920727,0.09502660018556029,0.007058312198686709,0.026189981762459045,25.524966704919763,10.949172271635362,4.1026570075254405,True,30.33706839079528,7.044087481356011,1.6078676585444824,0.04675122336178798,-0.021027975864232502,-0.00447805757584613,-1,,1
771,0.2965038584137538,0.12553623388142365,0.3803538182349751,0.10008385115144654,0.03296609033754885,0.06455614798085192,28.427478351053196,46.09237399026002,3.1894100006667188,True,46.6058697771575,7.2393387821802495,0.9206826196125316,0.03624543387569355,-0.01642325467997148,-0.003283194554889623,-1,,0
772,0.0492263076786364,0.45680230556224055,0.10185971009088199,0.11586060447408346,0.20647521127654764,0.06977586091760987,41.14907360045096,16.285559060038732,3.21290270401246,True,99.693701910353,7.242019749555444,0.8451980655108494,0.04611304773260244,0.030754223180178227,0.0011117645625330548,-1,,0
773,0.3586108251570153,0.41246395789468226,0.031076099600959934,0.1542383402086576,0.014478149450683918,0.029132627688001123,37.79464151899579,39.47407629900406,5.3390552448866835,True,11.550189395171204,6.446331357673376,3.0966581194011393,0.03862155609417143,-0.013230769372252808,-0.004858556165952245,-1,,2
774,0.29685913264352276,0.12609190846766696,0.14363718189550662,0.2607096678440544,0.07275267384047099,0.09994943530877824,41.50099177193732,28.045941310257785,6.89222442690912,True,0.2111415414080867,5.773952866237732,5.239067702182493,0.05213243103964375,0.02729731050157919,-0.016998539017725814,-1,,2
775,0.45326800820622776,0.10340928864327191,0.13446728330566735,0.12818769302797534,0.07710482625562796,0.10356290056122983,44.153535502234966,29.78251852152026,4.833177572582262,True,54.65513581721615,6.633935959386864,2.4898048009232343,0.06647606269892614,0.050323869813899524,0.0025464833600736805,-1,,1
776,0.2618758641690326,0.1178577937819694,0.19864201164941997,0.01789729715302001,0.2646610037103965,0.13906602953616165,43.56346270625935,22.08649318798425,1.335846318704437,True,52.01490803706352,7.146041470558103,0.3322304963163716,0.05451512226660038,0.014389571243933823,-0.004193348437488231,-1,,0
777,0.32558943685197944,0.15658888317596778,0.15666653902380298,0.11544353667660108,0.010370016084910791,0.23534158818673784,42.35863461050566,19.790461659390903,4.18529786040593,True,107.64715565459753,6.878568620929423,1.7078192987288556,0.05880438993757717,0.013837460878845225,0.0006542555814796091,-1,,1
778,0.0474306205965771,0.061765367498679134,0.7917593836919826,0.06393701235177326,0.011189630815881266,0.023917985045106453,32.33089981419773,33.696070750737576,3.0818445889433628,True,63.547436279487876,7.188190548917858,0.6772888047045261,0.04082730317524354,-0.014581940499164414,0.01777090905551359,-1,,0
779,0.2543491829267438,0.17040083408738982,0.36594538311852226,0.10437043848997152,0.034396068385144085,0.0705380929922285,28.50222385191553,33.916694191964424,1.887404606741775,True,33.93974044472464,7.084866893717478,0.3628636394852587,0.03594166491979272,0.028878264366002333,0.01596044977530606,-1,,0
780,0.38811809984623075,0.008361729640803698,0.028140299509199846,0.4064784359742791,0.09882595615749858,0.07007547887198803,43.65129940900256,33.74453426283824,4.837835567883747,True,60.3921545996939,6.52410969960812,2.9618769161701644,0.07696389990890665,0.047834596391745934,-0.022341424373222462,-1,,1
781,0.11935247242789893,0.011696659352783799,0.33798181188522086,0.10247613208497935,0.3922346509471126,0.036258273302004526,44.27668905530632,44.37860227858997,3.542911679777011,True,166.7504547795463,7.200670691538224,1.196284162696081,0.05060010034324345,-0.060388901121684505,-0.01564548187167556,-1,,0
782,0.18633062761413768,0.11054244836279394,0.07035980405028926,0.5115574155741374,0.046950398021705,0.0742593063769367,34.94194010664302,47.429223591734406,5.590708558002486,True,5.661478585186902,6.281594817017457,4.155101700661195,0.04719423808468666,0.08888459237068103,-0.0034154090066298368,-1,,2
783,0.7060115462650229,0.006558434071013186,0.009052700199183784,0.10874843719113318,0.0480581925828346,0.12157068969081228,30.79277417870646,15.062013084453408,6.432525606784774,True,0.2982201839875236,6.019085135430077,4.266663232820997,0.04150369200396612,0.04680774062310741,-0.015007363279287648,-1,,2
784,0.25660544868098967,0.06839501762125928,0.023370054584462084,0.03360852182683745,0.28423105052688963,0.33378990675956194,33.11655291184348,33.86409264724402,2.4231174377741933,True,60.97773807183217,7.107215744696705,0.5457066130740957,0.042117773242584124,0.02765115303033661,0.0002772252143526651,-1,,0
785,0.1532915739589367,0.01389435787305686,0.37485697681629465,0.2558276981021537,0.1714469317233376,0.030682461526220492,43.38740673091716,22.723555539045496,4.326271342923838,True,117.47873295110423,6.788722991336416,2.1254162031383608,0.05305049616833647,0.007109424609662941,-0.0030878962654230617,-1,,1
786,0.45506926819350935,0.02775306415210212,0.18745012628037802,0.32249571735841376,0.0004074301857361281,0.006824393829860657,36.997668948896504,14.388435019005122,4.999240483595013,True,23.73917917243729,6.528151691568679,2.9777905083813394,0.054078564415303294,0.025144388278631292,-0.013233998881231595,-1,,1
787,0.3114833452892081,0.04875103809772327,0.018415053152551986,0.49639476715876146,0.09990869402887699,0.02504710227287805,32.36251377489482,19.86341838108567,6.910289509519785,True,0.11432156644279629,5.8626760305486485,6.0,0.04102892991159153,0.052517807710753595,-0.01778208644257345,-1,,2
788,0.05390024730919283,0.058151367168674334,0.6076817886615425,0.03551372402931191,0.05651265309362974,0.18824021973764862,34.190699453385704,44.60061873763174,3.945696302164802,True,80.43677818985263,6.9111380216800455,1.4888040560914297,0.031119183798226185,0.014303531116814004,0.0025973893090648695,-1,,0
789,0.5708887231139345,0.061529370000933836,0.013487568035579248,0.08299186060303453,0.1231463411401133,0.14795613710640462,25.866754951320466,45.195750776505236,1.288581514111752,True,13.515531578555304,7.151262059108847,0.410504265298251,0.04493167705882512,-0.022028325860066592,-0.007031589830865615,-1,,0
790,0.33614893316264216,0.059936857962783634,0.3768624827810424,0.18098429547394015,0.03543044769659637,0.010636982922995421,42.16525759362568,14.07212429157898,5.4577727191455,True,9.302801385781402,6.173016686124157,3.2279999672544992,0.06228552532610535,-0.061710744210697166,-0.010912470311400692,-1,,2
791,0.26393238365909216,0.205584263799812,0.1780860658354278,0.057325406348093695,0.08691428387551148,0.20815759648206286,37.563193015890555,49.87865761656813,5.192936228259238,True,17.364329782367015,6.4699932251017,2.701752614429596,0.04288683928061531,0.02296069855101099,-0.010608701066259711,-1,,2
792,0.379690815659751,0.09499654540895103,0.042292409018273185,0.09703920109210053,0.1495789521622125,0.23640207665871177,43.80251754492623,19.04935447454999,5.6228759447318915,True,8.423381935271232,6.267823585373143,3.285692369253771,0.05858859613498097,0.04253721569116174,-0.01773096738208093,-1,,2
793,0.6208751645542904,0.09641190835559571,0.1259809272818654,0.018472910160689776,0.021540561063335552,0.11671852858422324,40.07733848348355,10.034372731454496,5.432715822376149,True,6.462694642197137,6.330499651681595,2.816795168492521,0.04918359676555889,0.014640606675473691,0.009530090591129914,-1,,2
794,0.0023318933089233026,0.05045984226271589,0.2325885729884226,0.1945394012656892,0.03952722413076079,0.4805530660434883,39.39891765563403,34.154308956364915,5.69382638229861,True,6.04380910285739,6.255649782484185,3.5671889372018324,0.052793339180346094,0.027781785812593256,-0.013464818046859643,-1,,2
795,0.32613468158629294,0.14370233728788243,0.08850559805337402,0.23474068498853573,0.09388705539250881,0.11302964269140589,37.20609609743356,31.573435312522435,3.346108343913741,True,93.15821268405405,7.18669503501415,1.1465074401406279,0.042362663426034626,-0.008923268826449143,-0.022740119684616457,-1,,0
796,0.4910830418901651,0.1350104223948606,0.10219613504134699,0.002215664622441837,2.721676458556856e-05,0.26946751928659984,44.78014451345452,45.05987320254381,4.315458492549923,True,112.38113215661521,6.977999430552079,1.7525649638457672,0.0626711634737197,-0.0205487661764249,0.004064987567843716,-1,,1
797,0.17863574144502994,0.31451439920574054,0.1594661893009095,0.1862917731037355,0.14871382761556123,0.012378069329023396,34.38084925838034,41.94808906124887,1.6521463036625443,True,35.35776680898373,7.133769947998959,0.40565389736780944,0.040526320472550496,0.005259733263592162,-0.0013213071940793109,-1,,0
798,0.12909935184198515,0.10128021325877783,0.13797143685538155,0.4989650746792869,0.00954281651132911,0.12314110685323958,35.11564066120839,26.479526662064398,1.4541711336371193,True,44.71051650504697,7.2709160461277085,0.5462330487466565,0.04129060946979181,-0.0033542213816759644,-0.009958911054918647,-1,,0
799,0.33872417640304264,0.20277469250935456,0.17282068799012873,0.1277757883353834,0.050221746695069035,0.10768290806702173,32.552831044886865,16.951307800009058,4.09266329830316,True,58.898589768870316,6.970689027974749,1.6703955466043963,0.03462993180919949,-0.0030631234584258815,-0.0014191063476116333,-1,,1
800,0.5445278166217639,0.16841154830576294,0.09611655173437651,0.04119803525144653,0.012719410422306274,0.13702663766434398,44.35451861824106,34.745461970825424,1.0247871489428089,True,40.01320973225723,7.14932887753448,0.32042438645853877,0.05954796452264047,0.024795081633991335,0.015883277709144973,-1,,0
801,0.5860756763531354,0.18451048301700052,0.06174344709993844,0.06776168551737154,0.0983798514651867,0.0015288565473674577,27.340367912185005,23.564385433812504,2.0072474029685097,True,22.951064903407485,7.057849308803683,0.31193427469916907,0.0351294075466163,0.022715486952581323,-0.01872026343358473,-1,,0
802,0.7073497787499164,0.012278215180076225,0.02618765508929346,0.1707885459087594,0.08326867045716388,0.0001271346147906195,38.13727790627661,46.35689853180124,4.87082738989059,True,38.342276667523535,6.754401917258615,2.5600361660726083,0.049609489231332085,0.04342220298178538,-0.02066095158729852,-1,,1
803,0.3967739046027711,0.14941844948082683,0.015789968778663975,0.09975720596028653,0.02937299832048279,0.30888747285696866,31.317278564641263,31.78215367456149,3.580677747520765,True,63.72675778459552,7.1469726410187056,1.2288204649762875,0.04267025551667143,0.02628676684463393,0.01847444541855603,-1,,0
804,0.2060300464481559,0.34249188197664665,0.17938317990299824,0.05085787148770182,0.0026632488080507127,0.21857377137644668,38.73285243992346,22.394486011332887,4.250233729502808,True,80.84311950421555,7.091592999609862,1.7393071548142898,0.04699441914114575,-0.017925028522691268,-0.01339256419455664,-1,,1
805,0.6111931758404844,0.11024875054781705,0.22641304689535202,0.0013293460855543482,0.008160844843331022,0.04265483578746114,26.081613283163126,41.39082725382458,3.4419025674906987,True,39.59454315078367,7.305831011490579,0.8919187229883476,0.03397322922164231,-0.008145097373121343,0.006030495920885646,-1,,0
806,0.36975917445457906,0.11096844656607559,0.13499315958526792,0.18798565081535165,0.026959465120807758,0.16933410345791788,41.07828578528716,47.23721961956953,1.3131875774571344,True,47.43559271425215,7.209693967878383,0.8251109180882943,0.05079931785066737,0.012497128215950072,-0.016952091214932886,-1,,0
807,0.15108309385690927,0.2289933629386743,0.012986567169760387,0.3067876586005919,0.0241941046771171,0.2759552127569471,30.17121324911423,40.123903689335066,2.7834482911529994,True,62.52537357446409,7.170278758384145,0.7832391772939098,0.04156253814582248,0.05166428568856479,-0.00892837645625695,-1,,0
808,0.10677073526057157,0.4005317234847952,0.06000663435116206,0.370689150495663,0.002180189967426313,0.059821566440381974,33.43150012082033,15.236835864026773,4.450896225759133,True,51.76354253532741,6.725022733964238,2.411168478012521,0.03933716284082633,-0.00834376531093758,0.007128065326273412,-1,,1
809,0.1557053611526072,0.3245682942925934,0.019020540100178035,0.18227803893431715,0.20123197650036448,0.11719578901993974,37.97612905452385,37.86948409929566,2.5901018182086766,True,93.6345465468179,7.061614986246596,0.5349815210273648,0.04450199075748226,-0.013939501585079683,0.010028706075425704,-1,,0
810,0.4461290602352168,0.04213368793787282,0.2444126958904973,0.06334062178084948,0.0070689119734067525,0.19691502218215695,36.276767021921046,39.78240367025455,2.599405337202268,True,63.266240740064234,7.1616251096870025,0.38962239526357384,0.05394453718607005,0.013409608165249564,0.018391984651042408,-1,,0
811,0.182568679457302,0.0573379572996413,0.022099516218205082,0.47080103304204185,0.13038768704904574,0.1368051269337642,42.154274895767884,19.62851970819694,1.7603476952510142,True,84.33178336730492,7.300515858515586,0.6303344063887567,0.06294349854805191,0.052220481806630296,0.012873661134700929,-1,,0
812,0.42273096089253,0.0582462287878502,0.0411353455808471,0.3452050523101378,0.010223237574650159,0.12245917485398464,29.558832118727288,16.736020891593423,1.7052867513713807,True,32.23409917277577,7.296891048908635,0.498006541054748,0.051419833384425594,0.003711296387490533,0.005708017085955775,-1,,0
813,0.5251286265982371,0.16171471502131438,0.2558514988311033,0.01507721622149781,0.0018188427560326941,0.0404091005718146,41.10205850415688,44.84349572866363,3.3065722259258754,True,101.76337996221713,7.185205446756531,0.8272062138630105,0.05234491056722815,0.028070636419360435,-0.0011773777278593289,-1,,0
814,0.19309786546377228,0.11062996199118066,0.22068706421986606,0.3241265963822159,0.022165072594216458,0.12929343934874876,26.24641861463003,11.152895946490492,4.4044471043574225,True,30.011456304940282,6.827669811015087,2.398397069201754,0.03800718455337366,-0.01895833175087116,0.011045976706080686,-1,,1
815,0.09384329349251824,0.07016434272804074,0.08643018234551021,0.048990749947518605,0.39462111993559096,0.3059503115508212,26.162483350750016,39.850257189277514,3.1739348549439548,True,43.14461717301891,7.270584696826198,0.7902314467503508,0.03960115875235497,0.015291298196624522,0.007057219136014932,-1,,0
816,0.68180404847976,0.17085936782576053,0.05264772713308669,0.05074733687270475,0.03810052012854747,0.0058409995601405576,37.090261437633046,30.479954283843202,1.6046100294279948,True,40.74824169765283,7.228474313253847,0.30807086975519093,0.0569302644290409,-0.032334320917616566,0.0013286923933815327,-1,,0
817,0.29815157554708893,0.3777430335590111,0.0489347835121525,0.01269398952799648,0.002740259961838531,0.2597363578919123,41.63866841263795,16.766214593332506,5.807655023355643,True,3.8470751630061173,6.164295945966336,3.197467123701469,0.04956611590964986,0.0074070911258878845,-0.007346708149658373,-1,,2
818,0.2041791660748883,0.13568163421132984,0.35218495839450464,0.07887355889981544,0.033504840026137094,0.19557584239332476,28.129241662915682,20.139730450673685,6.963282091744473,True,0.05712142308925453,5.8484683767936465,4.851487247772818,0.03987906790348379,0.04237025460104511,-0.037152376675618826,-1,,2
819,0.3127781484875281,0.21272429303036683,0.20931819265548787,0.2114450233607953,0.044249720985460206,0.009484621480361654,37.03658213586172,16.707838011912962,2.0202912596489226,True,50.39783094490916,7.117793215039411,0.45158680094661807,0.03860341892582118,0.02941078933091729,0.006398639886607123,-1,,0
820,0.1673993173064449,0.06422186226211833,0.5311555151400065,0.08855731081698286,0.0956772434209103,0.052988751053536974,38.97845375789359,11.304675708474363,5.870717663532224,True,2.4552004719344467,6.105198004016131,3.4445904680120436,0.03791027030065818,0.03500695407973244,-0.01999517098682229,-1,,2
821,0.23287043706795155,0.3925598575619236,0.016614981768680002,0.10128739181428452,0.13206880126126902,0.12459853052589133,44.662794940000936,11.945725116468026,2.7750362353155777,True,100.79001093810479,7.148648602771643,0.5578740914433175,0.053901733044572006,0.06580576979690451,0.013287077975583424,-1,,0
822,0.42599447009754765,0.1173795137794819,0.2773886406365429,0.13128552253158485,0.0437025246197528,0.004249328335090094,40.58971087989657,47.06260317609911,3.268902577072776,True,114.37016337144391,7.306263174746068,1.3365995039224736,0.046812704381845004,-0.01772299468403874,-0.004172743677093631,-1,,0
823,0.5653418974024821,0.14544815900674002,0.14862402199274855,0.06691019527282635,0.0134357996065288,0.06023992671867403,29.459987006409953,45.53897804402753,3.8019894832121954,True,49.99964996127198,7.049296077463098,1.2495612882171063,0.03640535427021437,0.034051490027091784,0.005554269832744364,-1,,0
824,0.04437348455616104,0.17041956111254444,0.16436979477806118,0.5025436651040398,0.10375558967809013,0.014537904771103454,28.14176844285577,34.735089302745735,6.227796177557381,True,0.6579553997158066,6.07540339460006,5.091626219199594,0.04438255112808354,0.05894043074800974,-0.0035129609139684156,-1,,2
825,0.354734608954429,0.036260499635174984,0.2970071672687058,0.026090782668639654,0.21746624021087005,0.06844070126218052,34.44124570578001,12.926871353689155,5.821697207144634,True,2.1197303035478043,6.256263495725961,3.3387016778413505,0.04486313271716254,0.011925214313371676,-0.004572403322209351,-1,,2
826,0.2100721969371953,0.1869471290653833,0.13768694847828386,0.18269368136778052,0.25461811576846544,0.027981928382891635,33.539694652056546,44.71356501861395,1.7416626944266345,True,41.47511962391193,7.269495397960363,0.3897068849319234,0.03449349797464769,-0.0189263253487296,0.008146986543354605,-1,,0
827,0.6851866723994391,0.06150413176430515,0.01707198692754915,0.0894080398205083,0.02510435480900804,0.12172481427919016,39.35341766851229,14.070951135651208,2.573110954796509,True,72.8321980220801,7.301682314336928,0.38230153272518075,0.05026071568309727,-0.0017837660971793698,-0.000291749209796613,-1,,0
828,0.22864754778315208,0.2851514666907891,0.13339196475849527,0.10848056350895541,0.028882820335232505,0.21544563692337562,27.465138568438633,24.901206350523204,4.757371524077552,True,20.13730376973005,6.693683385923976,2.343471753166665,0.03608166640919941,-0.008436222213336536,0.008860555378415385,-1,,1
829,0.12876962731443045,0.3050600127304266,0.11346802241175319,0.11323056564249635,0.002312162151475498,0.33715960974941794,44.61536188118798,12.501881859111856,5.869629433353202,True,3.0589127200774424,6.352077678945684,3.5721013389958385,0.06495559509843199,0.00014565481917002548,-0.025949093600778777,-1,,2
830,0.03402703335374946,0.21722553029717792,0.015221142667966836,0.12468755721955502,0.3954204244811956,0.21341831198035524,33.35718000501785,43.34277361140617,4.807386170012853,True,36.308821002760006,6.756346078371669,2.3781704628193605,0.04235214020683004,-0.0347000902016225,0.013533583445336377,-1,,1
831,0.4847991189763655,0.07414425941678554,0.167335744534267,0.15151940355797233,0.04750475512832307,0.07469671838628655,37.19913887183386,39.9338564971642,5.4337626446035046,True,9.523470414015943,6.556408953144048,3.122340991589131,0.04846222715452236,-0.00449120799550691,-0.0218020975603734,-1,,2
832,0.545461188629171,0.008618215828159507,0.16878989100493458,0.03378540835224621,0.02099038532318677,0.22235491086230202,40.123760648178326,25.121817848032354,3.0953586373228457,True,98.82359417285058,7.099458070919574,0.7429705057889093,0.05455291502392759,-0.006238638514657006,0.014801917889103056,-1,,0
833,0.47588694447291197,0.09163023973659037,0.05872008579975614,0.09137651916741021,0.14599081557534566,0.13639539524798558,40.92223970704681,18.65309228859454,3.0481293525400153,True,101.51476686854447,7.190014300341745,0.7166799737939109,0.058130551976709494,0.0008060800708193811,-0.011794119680473636,-1,,0
834,0.19120233644068127,0.006885416326524276,0.3560781821358346,0.3095683874427839,0.011053103316448295,0.12521257433772776,37.27673101986906,48.23497380407479,3.022883525909279,True,103.5713392907608,7.152903552996042,1.301203040414825,0.04228670603258105,-0.05368361278068315,0.02749941280310332,-1,,0
835,0.09354676241783172,0.12511325144275406,0.20329162819053814,0.09712807733816145,0.09993310972435096,0.3809871708863635,43.19822247117277,17.929657036965185,5.365471818101615,True,13.935470298563468,6.4210785017713725,2.9094923903428023,0.056031421087970955,0.0717716841684796,-0.00832037065048737,-1,,2
836,0.5161754488287204,0.023063122100231696,0.01325045742657683,0.29575162537364563,0.0464964448957436,0.10526290137508178,36.37740342819433,15.813584514102189,3.2518725495664427,True,76.38358870523342,7.359377811078009,1.1527171575091952,0.05261651429293555,0.0470337045919529,0.005489665813412257,-1,,0
837,0.11391076891489474,0.13219009754479438,0.009103739279166427,0.2344514589502952,0.4538869949048573,0.05645694040599185,35.48505078019169,43.50257887093859,1.0725574290149662,True,35.739709186636446,7.232948841412539,0.3976033140232653,0.049835383891482385,-0.012642206952516973,0.0039012674014032122,-1,,0
838,0.19882331700967457,0.1997049299195775,0.14008258723921307,0.18485627176744718,0.05157567327652716,0.22495722078756042,37.37531800394457,20.26460248962365,5.215270797859512,True,15.326231167738738,6.399742742703059,2.9569360510437797,0.04312244492210473,0.016642976051556443,-0.008023477295562227,-1,,2
839,0.42034748316335063,0.115699744069378,0.11187630890610241,0.05487888632444494,0.04303027104030631,0.2541673064964176,34.03513152970288,27.987812889634714,2.139922205186415,True,45.77548822126784,7.190011324851738,0.5303282570883997,0.04203583619393106,-0.03761346264897033,-0.005035040219149138,-1,,0
840,0.2562868436576016,0.296390526253879,0.048953530922502764,0.06146384669127083,0.005827800708751826,0.33107745176599407,29.150871922295455,28.19484281043939,6.066357510518126,True,0.8957961504530488,6.11646837286233,3.742225302343868,0.039191577978723545,0.0181417479845246,-0.001291761321596762,-1,,2
841,0.4828324287821277,0.2795319454221738,0.0792284335391532,0.008567516647302233,0.011741840627882623,0.13809783498136044,33.154259250358024,16.518380585788357,3.5797645274805916,True,56.19973696167538,7.135705180339925,0.99898118534595,0.035225019862596775,0.029276885932867105,-0.01557149115883513,-1,,0
842,0.2467061722921334,0.007193907022277094,0.21459588658679044,0.16680830040522648,1.5050266901524973e-06,0.3646942286668824,36.864988920463944,22.825068680662042,1.860210902408755,True,59.76082806425007,7.168410673100997,0.44717318817272733,0.05389250586523897,2.133040456313723e-05,0.010012619844967123,-1,,0
843,0.3639083985366947,0.1132864492208772,0.20638169825548375,0.0003588841987000108,0.044219472188399625,0.2718450975998447,35.31404601926783,14.135984029339816,3.0612409283958684,True,65.95934525971496,7.3389734036572944,0.6031814174106401,0.052109127752739307,0.025156082146138438,-0.0059494810646808765,-1,,0
844,0.29295090937902646,0.027677720923587397,0.18834752180588954,0.1794593366824999,0.09098330287693447,0.22058120833206232,27.961413968821432,44.58586909785728,2.8718576424471314,True,43.46248817011868,7.189129412110383,0.8055796664798849,0.04029087688672467,0.014005926742114573,-0.0044445488177559545,-1,,0
845,0.320185379315577,0.03935750222812936,0.37442380024014865,0.14939711178931978,0.03563088282948292,0.0810053235973425,37.8274256222452,13.527529392359368,1.1973536668080258,True,31.154075896404695,7.197696202751387,0.3358252857088104,0.042300487360642014,0.074921196630757,-0.0017994577310450344,-1,,0
846,0.25261762293667717,0.15879004872394906,0.05522612773007684,0.17278619904098566,0.008642007312819383,0.3519379942554918,28.394366644485345,35.58258193303704,6.869329886160308,True,0.10422515950422843,5.814418411874292,5.078361886617329,0.05196415098123922,0.05380351984210839,-0.036948118841207044,-1,,2
847,0.17401310998123942,0.09886253936853619,0.06775229332847232,0.29889534907786086,0.23040492969690823,0.13007177854698287,32.214578845585656,13.863354188495478,1.117814081063764,True,22.337649751596757,7.25730023306002,0.4179402519258831,0.03829638216729065,0.0025130063132810816,0.0023348717618496924,-1,,0
848,0.2810288619654879,0.09732465083850063,0.141483783786703,0.4377846992985932,0.04100995208459993,0.0013680520261150893,31.380272543917144,39.30671525097297,6.652791439004874,True,0.22793939419547743,5.945509143813303,5.509284050674901,0.043150007238786106,0.008287910735636613,-0.031182033926766946,-1,,2
849,0.38279634567918336,0.15857299961084054,0.15899444265303805,0.20642825724827776,0.09061199011807601,0.0025959646905840475,34.72114822369744,35.80189926910122,4.248936117477482,True,76.13642941417336,6.9500191436667915,1.901194863132418,0.043414218787414284,-0.017942436622710035,0.00031272408972481125,-1,,1
850,0.3183289633826639,0.15080841722991337,0.089901518226626,0.13947902029009165,0.20511573691980842,0.0963663439508968,32.77376339113002,13.017900321303934,2.6790133740045956,True,45.730482507684314,7.21811746286164,0.617746506592388,0.03996880550363395,-0.0019920940247521324,-0.015704347143365598,-1,,0
851,0.3461348804784304,0.2343305347711983,0.1114230690364795,0.30411281448901456,0.0020060010013699197,0.001992700223507166,25.252259908007705,12.623947175999373,4.877481147807984,True,12.425684011367997,6.719450074022551,2.8612615255406544,0.04233043592860093,0.05497313306936774,-0.01758143826330313,-1,,1
852,0.3724177148564529,0.05270543074658184,0.18700510932015688,0.26753029934016515,0.11956493335754009,0.0007765123791030956,44.42626252461801,12.629751695889269,1.1263615991195006,True,46.845993478867776,7.1910279397552905,0.39459309037823853,0.06199623425128757,-0.009043485391187359,0.0031768064722325633,-1,,0
853,0.8410354033358735,0.016419100039080887,0.010135052844216714,0.11821655486643276,3.646880810149158e-05,0.014157420106294793,33.92818585580299,40.3492265306203,1.4991046149589826,True,32.18659959002349,7.208024431747167,0.34737081757105237,0.04047485537521194,0.005000929766354375,0.017561675471397163,-1,,0
854,0.18702844857175097,0.221651723206725,0.2138669407388857,0.37477830318576844,0.0018292576390436662,0.0008453266578262163,25.095897889652164,14.218884894159775,6.976486485531245,True,0.043112535247911775,5.878717052407309,5.653328435165472,0.0395202115958747,0.03880777372404143,-0.013705446858471903,-1,,2
855,0.06511095384966431,0.2428575193608975,0.06542444048576905,0.0010976718213407484,0.5642711789917642,0.06123823549056428,37.83076488817464,31.56562006783539,1.8430845022038527,True,58.59623633927003,7.128942382522647,0.3534486719003695,0.03642725075859089,0.014558761905837514,2.4071767858090517e-05,-1,,0
856,0.23531893730505604,0.19114796643428475,0.1669127744910004,0.35013285737032157,0.0063435209692922654,0.05014394343004487,34.5316837746719,23.617853012165323,1.9422200572459396,True,45.84944643369773,7.1627062748037496,0.6888160726055055,0.04144775225424621,-0.04096246382605393,-0.005052687562124628,-1,,0
857,0.4194104349207226,0.17829015130918208,0.3528283951224522,0.034954786148049526,0.009744341441464556,0.004771891058128997,34.606516202721615,22.430342545985376,1.9018905755041782,True,43.7492410616424,7.138537871927946,0.35862507903577256,0.03997873094001811,0.005511970861641496,0.0013647974479704384,-1,,0
858,0.3687177954606323,0.16607030576505807,0.1604372142922542,0.15701587773275721,0.12432899652319085,0.02342981022610736,42.05888052760151,25.124089888677872,3.893615897841611,True,126.62542049008805,6.916584655717501,1.4992387392694604,0.04839808586952463,0.004322928739268524,0.005522726101169313,-1,,0
859,0.30305259918727384,0.15006161844636315,0.03983366497932127,0.010443186732637753,0.22069410050454205,0.27591483014986196,29.072904632082814,23.33373985050728,5.778170497765716,True,1.9560415932529907,6.267875892527987,3.2150766884245554,0.041529239331932186,0.09179803737639072,-0.02168304572884513,-1,,2
860,0.2769458121255712,0.1785400549163197,0.11553503446883324,0.3434434400687583,0.06321783287803598,0.0223178255424814,29.968480476144016,46.27645512065848,6.136827171785441,True,0.835647824076173,6.232879880230739,4.457025818893715,0.0372961894196788,0.043334492236494486,-0.022055419343493157,-1,,2
861,0.3650485050008091,0.2760989830727805,0.18708335210053872,0.0537950271875811,0.04370940246501017,0.07426473017328059,35.782140166483615,14.702055449614901,6.426420577859769,True,0.41573278377134454,6.028472921195853,4.043438228692783,0.037266376521981816,0.052615505583685655,-0.02071357530343578,-1,,2
862,0.06814856229261557,0.08386008449525237,0.7674756015854615,0.030998573169887956,0.04320032849786999,0.006316849958912647,27.887480336045897,20.14154941727453,3.9641273585396957,True,44.31142574349029,7.1465331640822,1.3736804608829194,0.024201949836935875,-0.01046658049370494,-0.017182323234536265,-1,,0
863,0.16140125500913857,0.19361748835250067,0.08403939858645094,0.03288738084222917,0.4889257398963708,0.03912873731330987,37.88110632415837,29.422557286557524,3.5582952408886594,True,93.22829773292703,7.17326414016014,0.9814600830161949,0.036475049659855194,-0.0008174054543942742,-0.0117278009072748,-1,,0
864,0.5887042832302535,0.01771654490220436,0.17957978138534253,0.05142381921321488,0.058933924679596295,0.10364164658938826,34.256190688059405,17.401327896424753,5.326494950383936,True,7.150755705725429,6.55517992640116,2.775098697075181,0.046166079972933385,0.006541612984915731,-0.013822409754512271,-1,,1
865,0.11215161726220231,0.20602314411228306,0.12082150690921187,0.07491352935644491,0.001117560135961922,0.48497264222389574,39.05560411516316,37.26566376013916,6.8662265743404785,True,0.1875824855928569,5.944507311516289,4.659016667771176,0.07043308299903325,0.01570609667125293,-0.018544819507345347,-1,,2
866,0.3003116123529915,0.48323880204842135,0.10576878654489419,0.023447512703358056,0.08492881224000545,0.0023044741103294365,44.71157864305444,39.44080420942082,2.0447522128062525,True,99.39864121576149,7.110105619666549,0.34279573852718936,0.04909676597481145,0.029705595479759952,0.004649488601360289,-1,,0
867,0.1943007893816234,0.12212372959817784,0.039803430574909204,0.1592810111639244,0.08627243159761264,0.39821860768375256,40.65424160379297,24.77165624841613,5.476250529335907,True,11.13302729233047,6.452175681937956,3.1959522167678136,0.054944053684887056,0.03280968201761937,-0.01747762946786946,-1,,2
868,0.5258733932395626,0.016199563556166474,0.03453412904048845,0.07950938656517192,0.2726318173128939,0.0712517102857167,39.152586465072105,11.492276867860216,3.0794190356559423,True,64.56851075219237,7.125603997442467,0.841066840093649,0.05103760718905302,-0.011720970062735548,-0.024434490062907134,-1,,0
869,0.2641248042362261,0.19997506010475807,0.015714914066756097,0.03995873947795573,0.26868609178551883,0.21154039032878535,39.10383025178788,15.795098085153256,2.2027960076112283,True,64.96712723216996,7.274927551459076,0.31445627476021026,0.046495748308487725,-0.01474885150157577,0.010790577308411684,-1,,0
870,0.2160956641970667,0.03901450462193216,0.5714634839582797,0.14414843272404107,0.007305576415628378,0.021972338083051813,43.25787120926236,12.145175387944235,2.305642500661101,True,75.40045173086143,7.040573280742894,0.4324657419468746,0.056468764525589306,-0.016206105601002573,0.011203965670962055,-1,,0
871,0.5681237748674713,0.10417899373521736,0.12219126604845905,0.16687568634433222,0.03752940348050392,0.0011008755240160051,25.404908352960692,41.57663903085586,5.680974639459685,True,2.2792953945990626,6.07952179728179,3.497739376847671,0.03886405630727567,0.04836749629850253,-0.009752605978979636,-1,,2
872,0.5297746239134022,0.23317989518249277,0.05734107755491518,0.14508711332134908,0.0227012141995353,0.011916075828305358,41.57415386533431,25.42955900479455,2.8967491257040807,True,107.57443126996507,7.19462260307809,0.7634667273343159,0.05736724185716345,0.02578147909814435,-0.010141623320460902,-1,,0
873,0.4465816880491478,0.22384507943293994,0.022926564414826208,0.03381096845118753,0.1410026488883716,0.13183305076352697,29.05203010360841,15.564334293080421,5.760522032595355,True,1.4808351915757683,6.182050258041981,3.244012617336147,0.04454414350519478,0.02041786897159599,-0.006764611043233319,-1,,2
874,0.4262216981789386,0.38205590874320994,0.10487364014188764,0.021831863436781437,0.04245056211129033,0.022566327387892143,27.922642664719266,26.210339748185845,3.2353019679086312,True,42.4281893598168,7.149524536808056,0.7644358665532426,0.0356002820364945,-0.01706344374239964,0.005170341485035714,-1,,0
875,0.6145053701720531,0.0959341502110112,0.025710003988557505,0.0557607319805433,0.024811872601167868,0.18327787104666707,39.220194917520246,15.76894664049567,1.3639966905481806,True,40.654005049228886,7.169694960076667,0.3018400793504748,0.053913393000710914,0.028954738585769097,-0.0007222284434504417,-1,,0
876,0.13089331877437244,0.4391577044028775,0.2102089572127096,0.14588090523489675,0.0002404481167072771,0.0736186662584364,38.53636364393654,36.373855709736844,3.0484030760481566,True,100.00838020218893,7.173319794741764,1.053986006634948,0.038965307337259426,-0.006246321137473661,-0.00014552013758535075,-1,,0
877,0.05192159467056912,0.014187391631476608,0.32113337204007714,0.37216856764420453,0.16269209748771504,0.07789697652595771,33.73973647483894,49.757622868473504,5.699278922768006,True,4.353055148504114,6.240415107791378,3.9377826217928096,0.03831060265271388,0.05288879910878737,-0.02402072527988848,-1,,2
878,0.5738823339813206,0.1474965251938704,0.01175111611719664,0.16260431160952565,0.04855145909625522,0.05571425400183159,43.918262731649115,26.380321211674442,3.894539776966846,True,157.35532459054323,6.986839553858807,1.4917278772135791,0.05885085507184182,-0.008938089920594151,-0.005477069221066578,-1,,0
879,0.3703835364521424,0.1382994004225117,0.19366352418523478,0.12637978589368043,0.12451774042082842,0.0467560126256021,44.222893387469945,15.553498788834661,5.741031535246823,True,5.284644846585095,6.344559681511208,3.4937512212022988,0.05617277837179565,0.030226821233184865,-0.005651029254666955,-1,,2
880,0.1571888490161521,0.6066941589642489,0.04723585564555341,0.0028156483521860976,0.09484377228688935,0.09122171573497019,25.932615200804133,48.90542824354394,6.988863236684837,True,0.04994713780580977,5.789952183877351,4.563012940031115,0.028102420483307942,0.02827785450771645,-0.010562286351830215,-1,,2
881,0.3009913122868513,0.12367929224035891,0.05047123922330144,0.4406827379009894,0.018774414720025032,0.06540100362847391,43.95718652017868,33.75470546386957,6.09818651876997,True,2.793233750149812,6.100884207086394,4.738728106338969,0.0658354582626145,0.05730014903698316,-0.007240104379469523,-1,,2
882,0.098622826536228,0.6036378696676712,0.20356907069953928,0.052598259668996776,0.03354188555512409,0.008030087872440604,33.7280501143222,45.0872710287498,5.824088471767036,True,2.314930737440909,6.3282050989506455,3.2810315901086047,0.024938608887518587,0.0061226821819190085,-0.02071928382029411,-1,,2
883,0.06642243268863932,0.19570098155079704,0.39585042281051,0.1763603271923609,0.11856795586332314,0.04709787989436963,26.222554389917125,33.18645725122952,6.7898152170434045,True,0.09952765696349603,5.981593204585625,4.847673481903837,0.03131282902452677,0.10491981664645968,-0.02546704893775742,-1,,2
884,0.40261834350008635,0.07960535294500999,0.26004102077825697,0.10780883150289464,0.002843590426253743,0.14708286084749808,42.04476488370612,26.246327097571857,2.746024307766354,True,104.56203002640197,7.282762343320058,0.5260890201784266,0.055053026557579904,0.00532976440168885,0.007522474667317333,-1,,0
885,0.19646187156988884,0.048146971643694914,0.15389278800273873,0.03174348900296553,0.007400301534565583,0.5623545782461464,30.83184345495575,20.866138814001314,3.668844948798918,True,54.80635946338417,7.060134688898336,1.1599060202119256,0.05408839328638983,0.04030383845792409,-0.01770969775580284,-1,,0
886,0.36803021903808214,0.006673781357419476,0.13853931706191489,0.210946508281899,0.12056854114038351,0.1552416331203011,33.030169965498246,20.043195724808598,3.661449796894562,True,59.13173118126653,7.201877022780787,1.4332190583161548,0.04283578598457112,0.020227837204384303,-0.0017226114772405034,-1,,0
887,0.23890410674978896,0.01323756855248845,0.17506406101070573,0.013779742209098762,0.012255312758123792,0.5467592087197943,30.178471548881532,23.034129756881686,2.108388321120202,True,42.56027273871962,7.153677372246767,0.36217145036906817,0.05071574741594908,0.032005596884739605,0.01243528519665232,-1,,0
888,0.41578306907811186,0.07298074210508136,0.18703165046991188,0.1024988214516755,0.01653375815842351,0.2051719587367959,29.793019238437616,38.5661694869971,5.7188864082101745,True,2.4432790750519664,6.232230941959854,3.3703733477771043,0.03856631341580637,0.07883240856443552,-0.032386758067648944,-1,,2
889,0.15746841686715715,0.049208546477796405,0.5703533304140456,0.21609712086719696,0.000274291374949226,0.006598293998854913,36.28803843054804,20.232036751452,5.048244682029792,True,23.215934910703787,6.562669531955686,2.791762284566217,0.03400600943505537,0.0027429520077953094,1.5422294438279492e-05,-1,,1
890,0.4583028787484923,0.06032854015341631,0.010443596583815775,0.4027004996186618,0.01584490243319505,0.05237958246241867,34.85862427315907,30.876114352367576,3.822755079413997,True,94.68455195501959,7.07444754904846,1.795252174534802,0.051484299837359485,0.018291237503023167,-0.010263981566669867,-1,,1
891,0.3350238509783652,0.3623990991900006,0.15107809610086287,0.03190451513633015,0.04746827938900442,0.0721261592054367,42.486241895013954,15.38677605483925,1.972922656661499,True,63.655330803577044,7.2398147896709615,0.3978553178313136,0.04883969065126504,-0.01665086781007697,-0.013689119900851494,-1,,0
892,0.13672520806568983,0.4046762555178579,0.22007027973382365,0.21099266498301492,0.027531818725326014,3.7729742876010056e-06,34.395660202481366,29.36885857711888,2.7698990761554985,True,69.72741197510753,7.199323351556892,0.6838253026500198,0.034813228008087276,-0.04416030114647115,0.021267775895378406,-1,,0
893,0.3661296767345182,0.09437169586093243,0.20083695250979045,0.011657345683697903,0.029293342679540132,0.297710986531521,35.28666269704992,35.778943854957106,5.80245193673203,True,2.8505808225592735,6.293574746572784,3.3225527553703733,0.04705285808247157,0.09705893852620373,-0.01925065404323114,-1,,2
894,0.4029302926507424,0.21279069989866511,0.05169923318234783,0.09966260105859837,0.07347573908953,0.15944143412011608,31.157775105387525,45.13762196560458,3.7967765847945705,True,72.64189335346194,7.1449647210449285,1.4559110482312443,0.04021389522056711,-0.016752023969597848,0.005781961653678686,-1,,0
895,0.4136571022365955,0.23994962513153656,0.09418307144278117,0.026485875631226022,0.20840143946581205,0.017322886092048552,25.87839530512654,17.097364387023738,6.117842304627928,True,0.522465710813558,6.224701320482623,3.623781964720487,0.04881636606144378,0.040783366939346456,-0.004350466065873117,-1,,2
896,0.10225973892308185,0.12894154738605218,0.14304040039945226,0.5082419892652474,0.046089801873851456,0.0714265221523147,42.000748328151374,13.987382704498135,5.719911185748989,True,5.483806242592951,6.34024216131849,4.290047492736065,0.05984755439269661,0.049998049378859794,-0.0193373294182703,-1,,2
897,0.11375511607554142,0.22480424243775496,0.253378843025137,0.15850374491224684,0.10766820930608806,0.14188984424323178,38.66655368799522,19.925559980014786,3.0628054635730453,True,92.79096649393469,7.2601871889910505,0.7630998886507465,0.042848427019566676,0.0009302684946945592,-0.014252818299418626,-1,,0
898,0.5423932065316355,0.005123500395300329,0.11509662598353308,0.20582226955561445,0.1218263789816571,0.009738018552259415,38.48867234768409,42.29956289768889,4.402868149251942,True,88.10485873056884,6.906374946866729,2.0757930006798633,0.061555067558970764,0.01767123777073079,-0.010339975338090585,-1,,1
899,0.3167729743922253,0.04577547478545339,0.004675979628853222,0.13778133502874046,0.04167676098147215,0.4533174751832556,30.901438609900225,47.381064104945324,6.476037718825462,True,0.3275644357292889,5.9682252796228195,4.446734505418523,0.05939424100387659,0.04157266042303178,-0.012256957591381816,-1,,2
900,0.3915136509839004,0.30868822116098144,0.012452427462479938,0.12023691954127882,0.05403447914780264,0.11307430170355678,25.827853300941047,38.35422289911432,3.2185396096443855,True,41.29387240903519,7.193587902454141,0.8452944853433588,0.03832674020325312,-0.00770209687117607,-0.00915348408001268,-1,,0
901,0.25233149268540017,0.05432217788951381,0.3407758058417015,0.31494689813225657,0.03657795079062678,0.0010456746605011526,26.080181321517006,10.795186172981776,4.183429953438971,True,33.89768352565769,6.953512329356327,2.0243100382177697,0.03429181644370795,-0.021257755359597355,-0.010995990953693855,-1,,1
902,0.08716452736806529,0.3689939496726888,0.1359293580836589,0.014586687914019692,0.271699765383431,0.12162571157813651,34.058365004185035,28.326543081638324,3.004585524146399,True,74.05584981454871,7.228801316098951,0.6160121524847952,0.03290199139733567,-0.010922147510729525,-0.013077053695857493,-1,,0
903,0.495364800108556,0.1407653880083762,0.32148799270152767,0.017036257903189696,0.009832177977991456,0.015513383300358985,41.40473076828929,32.09051649628016,2.557074369924405,True,78.71691851162346,7.184278999766879,0.30713193455917903,0.04428705258123463,-0.02886256493071719,0.011927909204778007,-1,,0
904,0.26835341824120584,0.22135987772698043,0.2885130639822729,0.08993541297421316,0.11506176161679145,0.01677646545853647,43.95473721083357,17.85276216485569,2.371464728747444,True,81.5898448974688,7.37404877872545,0.3578409430514258,0.04879442794986219,0.009426801934091353,-0.013341182796839548,-1,,0
905,0.3110393365008953,0.12189635723333053,0.25996350395003953,0.042707311697344465,0.20955675294346504,0.05483673767492496,33.801978524946676,21.736911596422143,3.402556799091285,True,73.448104983945,7.100893153013671,0.9267657820547185,0.04274314224877279,0.003123757363869331,-0.004766017059079291,-1,,0
906,0.5415228320106911,0.13561940287082636,0.09210177361682928,0.15988742739277112,0.022677213524384322,0.04819135058449806,27.36453515932471,42.920132207267,3.5446624831772597,True,43.43943907378563,7.250873624442745,1.293900920831942,0.047366308848026534,-0.008531119602599177,-0.007303421105375978,-1,,0
907,0.40648364180225954,0.42317983068838505,0.05342425970223454,0.09559540750884263,0.013601532290328977,0.007715328007949484,30.870822475591773,13.470881440684561,2.5738962408412833,True,37.93389836763263,7.280848537398359,0.4291823748074465,0.040024991803628514,0.05805528022730323,-0.004372039968147997,-1,,0
908,0.28606205674580604,0.28317018400308236,0.13658197640855327,0.1320801582827728,0.09417619211410277,0.06792943244568277,40.31968975209212,42.17101443965126,3.376038049058457,True,116.69915349202638,7.25412760157576,1.191997435578887,0.058774761545087775,-0.0516570068598391,0.008081692825758177,-1,,0
909,0.18193741714684825,0.18558668238421527,0.247585242289096,0.06085282343767538,0.003679630138871445,0.32035820460329373,38.05818750963938,38.44161094241377,4.181023913232553,True,93.47208985068214,7.023368161679673,1.5778678991680857,0.04574645404043916,0.05736720385736458,-0.015889500058704754,-1,,1
910,0.4046888006017317,0.2897168428350719,0.031771261048789134,0.08538445749739176,0.0014178856799948467,0.18702075233702062,32.76219706605278,19.627848033337152,4.939665427597201,True,24.821196418995697,6.674224482234268,2.5021762207021663,0.04737472061790623,-0.009172053540747804,-0.006259670386227847,-1,,1
911,0.4380485840719594,0.29057780870681815,0.08276140304806918,0.03753422197563858,0.019688532419682988,0.13138944977783165,41.3879097211156,20.95855857260496,3.496870085707048,True,116.43289550403253,7.173128911603135,0.9485769684595639,0.053421454413103225,-2.573624668680049e-05,-0.015207262533518487,-1,,0
912,0.2457946607185998,0.419278215559738,0.1559843905537909,0.05158269315918999,0.010511705436020294,0.1168483345726611,27.855512577252014,28.17390588161084,5.547949759445517,True,3.7023938592874033,6.24820577324428,3.019931686861491,0.043728279635303985,-0.014840460892719388,0.008961777577202047,-1,,2
913,0.2481629694629339,0.046437644985817324,0.2814135648953823,0.03732987106656123,0.30475162289997265,0.08190432668933266,38.99932002779344,21.043002927391605,3.5229037052412058,True,109.74474908305757,7.1813036264898376,1.184501139733163,0.040167374744318106,0.03701438751992507,-0.010433253964557115,-1,,0
914,0.13649295888802282,0.47191904833191683,0.3483542276025798,0.024927933432987118,0.00841019378776031,0.00989563795673302,29.947179427002737,11.116309695882386,2.2098131835177153,True,29.965514973898344,7.051955522658664,0.4109762113049128,0.030135686843553416,0.022744353922479494,-0.008807133456625456,-1,,0
915,0.13270938288186523,0.32284870734462395,0.09283448214097663,0.32435384275030776,0.0043433921337991625,0.1229101927484272,28.435948881664757,34.74490004545349,6.580190463615619,True,0.2324554610662312,6.023235396865288,4.974966841380226,0.0391883827275101,0.054017232601944506,-0.011916866526613975,-1,,2
916,0.27547236064157793,0.05786446825863043,0.2988462049086333,0.176654420108018,0.14197685315386438,0.04918569292927605,40.55207834275943,34.61762558705782,4.752559395095009,True,59.34311259338341,6.672339289261916,2.637604461709934,0.04852906786482582,0.009827573260732718,0.0021691069316527164,-1,,1
917,0.6378144706288905,0.01813660762000793,0.03177215676908919,0.007985492680417549,0.18327933628790924,0.12101193601368562,36.923334595252136,39.68822630638387,5.184745724539193,True,14.394337085876701,6.641151433409124,2.561169516696226,0.043205187240453,-0.04157930901869482,-0.008568337980041694,-1,,1
918,0.36344940353536886,0.1773721079082151,0.052656419045707045,0.022142938474030396,0.001622499818527719,0.38275663121815096,41.679095871500145,34.074347203120126,5.607623829146863,True,7.339795794470512,6.247141972852156,3.0430718255050273,0.06502477088452016,0.0332916492249319,-0.015539127382437175,-1,,2
919,0.4369616865869771,0.054008799049520995,0.013933150806816619,0.14690592711861145,0.14193483514148914,0.20625560129658463,37.64308557060147,32.83979337875935,4.850174020352589,True,40.80537627891997,6.603641137175929,2.5731363529469613,0.04658769970432726,0.018963399603360014,-0.0038129523829179925,-1,,1
920,0.42004916262811687,0.013831285134473736,0.07887853922376349,0.11464605609408432,0.10200391452783453,0.270591042391727,40.74994980553504,14.843881847850927,3.85035048266555,True,110.35182962223284,7.244079295578586,1.412648030832114,0.06250552829062885,0.018041058069856137,-0.0018873119710837564,-1,,0
921,0.38129615260016386,0.04013200328283231,0.17016762125949023,0.2549974701138111,0.07146223484807673,0.08194451789562575,28.73302608620723,26.837811784033434,6.334359166355736,True,0.48236004912652014,6.054787415130316,4.49220416713516,0.03803641722221546,0.06914837459041231,-0.012592749754325165,-1,,2
922,0.43100439465779655,0.36406708632594026,0.04256298643276088,0.08882460535824516,0.016669954238292484,0.05687097298696473,36.333491916016165,11.895917561613487,3.5715668961324267,True,72.69781975726966,7.161225769256742,1.2195758719815963,0.03642402258504284,0.0008584048771420718,0.0012392740171737829,-1,,0
923,0.14159244349669214,0.016617295088604437,0.5435257657045444,0.1673796862473251,0.003838968681680181,0.12704584078115377,26.962941974779437,33.32911978950767,5.541914781033957,True,3.9076776362816954,6.311826346293519,3.2536838192860467,0.03312978706989476,0.023783859157406263,-0.00012434196466341862,-1,,2
924,0.26247736983655234,0.2350406286395405,0.19156273025563755,0.030082030767363314,0.05090265397549546,0.22993458652541093,35.22319017710478,11.656824566197761,1.0897774159569285,True,18.71195231905254,7.226557402526632,0.2866887133938303,0.03990965685196032,-0.004769490484462897,0.018018702392879074,-1,,0
925,0.22377197221370387,0.10407490253549646,0.27347268032881317,0.25461346691314907,0.14160922641549328,0.002457751593344067,27.94661137035372,11.271781274554815,5.296037099682223,True,6.088317627513013,6.521304289828575,3.2926880486937478,0.03422158318639082,-0.04251725591799424,0.001133615088797989,-1,,2
926,0.179620925171154,0.053704600922672235,0.5497798930585076,0.077436993408999,0.06153132870470551,0.07792625873396156,37.860542044746026,14.721473292062687,2.9795882756233043,True,78.3294923499197,7.290834886804058,0.7484489733901352,0.03678587040486216,0.013356522876002917,0.011558136110014817,-1,,0
927,0.6165637620847476,0.014043667450357861,0.2640767196962563,0.07635465360185344,0.016957653130724906,0.01200354403605988,28.105370370510727,14.176599548806358,2.6513554176305174,True,34.49634584077156,7.228223973130306,0.5578486569079522,0.04276005130010563,0.017352585391909627,-0.010114654474488432,-1,,0
928,0.117866956669245,0.2307006634644624,0.20153810548792592,0.03770451545328595,0.09928825073088995,0.3129015081941907,42.187987082991924,32.39786276511316,4.358021597652037,True,107.36579041640611,6.929194579373037,1.722442909750343,0.05408824856786444,-0.03120024130803742,-0.022741589837830856,-1,,1
929,0.11712248367076585,0.1387318439324143,0.35284189260334264,0.0020778210642492575,0.2650474789374682,0.12417847979175985,43.89255912909853,38.96877185941413,6.170663695689656,True,1.8268259698828073,6.119259619382383,3.618793168083214,0.04809899427323588,0.015026431177434092,-0.0031422806214182926,-1,,2
930,0.5245882709067003,0.03313535837748928,0.31325216052543814,0.06303963304474192,0.03085803433090648,0.03512654281472378,25.573492018602572,40.44061974052172,6.119313555180376,True,0.44508083571598306,6.096760622019039,3.721598447402438,0.03656000838336549,0.06853747996461021,-0.019108508347350523,-1,,2
931,0.07498859552151194,0.4149653312072552,0.26638239036948663,0.06118325713281525,0.11196362077564019,0.07051680499329091,42.11863429371584,21.08063435350696,5.51400281912954,True,9.029875293127759,6.374639004503472,3.047715352250049,0.07989727761973942,0.0675430371034921,-0.0018796822235216063,-1,,2
932,0.41816192255106865,0.07825053617647253,0.03323130019034452,0.07028695068385049,0.3474452015637936,0.052624088834470145,30.668416468466333,21.303253479146132,6.5871228427228115,True,0.1948681475709411,5.953782839715183,4.471270816959992,0.036269550736948715,-0.023296272949073223,-0.024790232592892474,-1,,2
933,0.5192211534643498,0.07887304479358445,0.10017094055189202,0.08647030709838069,0.21517633399321995,8.8220098573122e-05,27.14164137336104,17.535976152776552,6.8656889935870815,True,0.06694537452754505,5.890783436904048,4.705141677279499,0.03500115873583373,0.04251687982957911,-0.016280533305453572,-1,,2
934,0.12697777295340865,0.44859739101258705,0.31632891367708493,0.0646373750354686,0.04309875387931241,0.00035979344213823956,41.512626431266554,24.404594857467853,4.942549602365735,True,34.12835930655166,6.5553983809921865,2.334114399456145,0.03965577844154576,0.008292792703992366,-0.016240109496145225,-1,,1
935,0.40298278223870926,0.06083172110897561,0.03806109437814308,0.40664744089234306,0.08073082992768403,0.01074613145414501,25.896857823662735,17.430688218480878,2.4268040807025004,True,33.110096616386926,7.223077470087434,0.673959904816817,0.039183618181633656,-0.042210810222991245,-0.001318476666329565,-1,,0
936,0.10028266423606295,0.5328988918839428,0.07367055687640348,0.20648384053561378,8.044377822272936e-05,0.08658360268975428,44.998071501610276,16.415513046352103,2.8517082140132546,True,124.20861064271139,7.25406094943517,0.8551547135795557,0.053777236054463544,-0.0032088135380624336,-0.01424635924308358,-1,,0
937,0.14829913240043038,0.10843847489238967,0.2435083368947604,0.2843919051481046,0.07456528513017241,0.1407968655341426,31.401493820660455,15.808945882121957,1.540187808108191,True,31.163369181414495,7.171743640797466,0.7062616237708024,0.038850369349740545,-0.008922961723686394,-0.00716070513811285,-1,,0
938,0.09369723256496404,0.026642518759424347,0.25756507156728026,0.14066588480851117,0.009170090492157426,0.47225920180766284,32.03840206281258,12.026072127405222,3.3150484491944496,True,54.62934478687091,7.259286421790681,1.1726879065646751,0.044223370348318324,0.01757295186021339,0.00489648859678729,-1,,0
939,0.14864183214706075,0.1144384110550349,0.4927548494375453,0.052915818978637584,0.002770461503846382,0.1884786268778751,37.73748367489688,42.131768415476955,4.075605921335985,True,86.21970740926764,6.911405086276889,1.5488987531739773,0.053577861440515295,-0.003325758816250619,0.0026463881953106647,-1,,1
940,0.19033063968744182,0.03245124884336694,0.22865998832542234,0.2948052902873396,0.054022439588422934,0.19973039326800623,32.84848352946684,31.475036979614867,5.0600981196661845,True,18.466744637958225,6.403934276497893,3.051122593617072,0.043844374744790575,0.007867752242493507,-0.014699953083655166,-1,,2
941,0.1804779598806869,0.5351593777713403,0.1515886890019155,0.009042320073274872,0.056020720618147446,0.06771093265463478,43.35628102055766,40.93805763816856,4.42531369243107,True,107.75889069985494,6.939113543607765,1.8217203273519866,0.045746188180172426,0.006399509646285018,-0.004968927119009004,-1,,1
942,0.2502969777688459,0.3505050624260351,0.016988762968797973,0.07921182075492053,0.014855779386875163,0.28814159669452544,26.40828402772526,24.661008192086253,2.191146583238864,True,31.52118937228184,7.117552331287205,0.35219519609656724,0.03810108203805317,0.004107203588144665,-0.0011415570433308628,-1,,0
943,0.42718829649590434,0.24255509425875169,0.012654111665780286,0.18441185867181,0.03299611989415366,0.1001945190136001,35.646053750854165,13.703417790540854,6.077740058258755,True,1.174560645114187,6.265656215930341,4.006335396998324,0.0521176917487412,0.03226454042036102,-0.015385526183240156,-1,,2
944,0.18703910372062393,0.2972265104223827,0.020526450186855998,0.2500891055016191,0.18195033986654327,0.06316849030197526,39.81624611305317,21.480915998155332,6.448789667627227,True,0.6422104968479532,6.048761409284544,4.721407756248885,0.04429444006851801,0.04131289239944584,-0.009504636656292195,-1,,2
945,0.3459050802599014,0.07893459544995049,0.006343270004555462,0.13924823671611075,0.06537084132432858,0.3641979762451532,37.2589790801464,46.897304316981916,6.1583194787530235,True,1.3164091767669706,6.083981968305396,4.00946957322289,0.04878071466098837,-0.009171343393922088,-0.005717040178573725,-1,,2
946,0.2352437073888404,0.40978096707662487,0.021209455699166053,0.19926503891414377,0.08231971924432378,0.052181111676901155,34.409268067789654,49.72720332620209,2.042121579313157,True,48.556167943200315,7.203134847377986,0.4259153411864173,0.032602206990513354,0.0019265402662380965,-0.0017228408491486485,-1,,0
947,0.4344775474198371,0.007245012801490629,0.04911082872639715,0.056090088497463594,0.003944745430410169,0.4491317771244014,27.26757967761512,43.292038350262885,6.21030071051365,True,0.5608838783629579,6.1910906745981285,3.825652365739131,0.05113063502204057,0.04864719739208789,-0.005658257615871886,-1,,2
948,0.6230555498620729,0.17260610673522025,0.04492253512097165,0.05746486363505169,0.08423459577560061,0.017716348871082817,37.47681681416805,39.84213287340516,1.3959785724786564,True,42.994011072675356,7.250473359386069,0.32592472292482166,0.04093871975856164,0.004207027331317242,-0.005097392166569945,-1,,0
949,0.286427759203125,0.026501813268913037,0.09158915949369846,0.19113092015271768,0.20680758014967393,0.19754276773187185,28.615368948489717,35.104300974714846,1.9583266607642187,True,36.910349930494505,7.350952112260197,0.5780412233049725,0.043853899130410275,0.06265919798934676,0.011345924483367319,-1,,0
950,0.6216448644965504,0.015016080218371338,0.0796949771243807,0.09272946916916068,0.1670322873109934,0.02388232168054349,39.103469211753904,19.134957487060298,6.789458197585924,True,0.18839610092492476,5.862358468158202,4.646427059870649,0.050784164287162106,0.08397911847300152,-0.02153687793403718,-1,,2
951,0.2076713433481177,0.16360229546387522,0.009927687481375411,0.45861247905830865,0.09944529802539182,0.06074089662293119,39.536030828773654,31.948075284855708,3.119476609070384,True,131.41377422028359,7.16417027265901,1.1980465050348559,0.05058470480986843,-0.02904876088664074,-0.00495568443580572,-1,,0
952,0.13210002821714842,0.12083733912058331,0.1385819425028752,0.5031872780628885,0.06816027144287519,0.037133140653629514,28.24436938173963,19.077165766008996,6.2611652639367374,True,0.6077156381377417,6.037101436885293,5.108167786253279,0.03986197248030916,0.02320211819530061,-0.011035126698353772,-1,,2
953,0.5043339178748341,0.06589248446704915,0.20010538968552197,0.1908958017745876,0.01946341170376242,0.019308994494244905,26.205527754441057,47.3362666668928,4.174015457887793,True,37.613330091198314,6.893810773230061,1.8128693183048596,0.04735169073651079,-0.023425338023598925,0.013888757033678817,-1,,1
954,0.06526366783629407,0.10025091743914175,0.15709996664042547,0.18027921922746615,0.2947751563231977,0.20233107253347482,32.16049556266038,33.421731478121025,3.2721850945661783,True,67.0126875966955,7.124926426457897,1.1023889996381362,0.03701526160902213,0.044485139327832816,0.012138138608259344,-1,,0
955,0.08398670906484955,0.13566306656643454,0.021665416401211893,0.3270765223586338,0.0024178297959315262,0.4291904558129387,40.71003718760116,39.58453132201522,4.814925113810605,True,57.00492245768591,6.681510733687969,2.8443071126642208,0.058471922716195474,-0.03142136093996562,0.006504562385544333,-1,,1
956,0.3700338191495006,0.12285549925760172,0.2363656213188134,0.0990565178197383,0.09816951637743787,0.07351902607690816,42.69084230691584,24.993323324730095,5.277047895161277,True,22.976893977628386,6.44074566058761,2.826218532851849,0.07721417929796776,0.04113903186636845,-0.008415178266400059,-1,,2
957,0.6317876039498587,0.07755984710963174,0.0410149156493139,0.1863231689329256,0.0028500058321073505,0.06046445852616302,41.875627730079955,13.379557198459967,2.23982069402928,True,69.33178614144019,7.174145896322696,0.5793724165911068,0.05332696801968502,0.038817058438688254,-0.0035079970197751183,-1,,0
958,0.21858080691733472,0.2616318380053505,0.057404679438583586,0.2566865981693478,0.15764077648745203,0.04805530098193134,32.82820213698422,45.33452726044932,6.02193112988015,True,1.4613226440115437,6.132952959676652,4.070876981418884,0.036740350469542826,0.03435312915994995,-0.01981931678880391,-1,,2
959,0.11579957862167684,0.067713723782351,0.38919762069697467,0.41298319942348544,0.00248314205651134,0.011822735419000691,35.194814034902436,10.55032748654456,5.875870106156406,True,1.9754339664471854,6.050675672648546,4.272038204979232,0.03487689367458587,0.024121634478440988,0.0022264661502663687,-1,,2
960,0.07777643277876266,0.022354201047579014,0.01795446840798013,0.48471066771209775,0.14017962904155723,0.2570246010120233,40.724576008201474,22.615031508873898,5.9970798025844045,True,2.9969458849820607,6.183076245780367,4.628259834052931,0.05782503510117143,0.007794271961014326,-0.02772203507021449,-1,,2
961,0.33366123293729394,0.43095511957953875,0.1454300116563121,0.028450504672850627,0.03102587347707709,0.03047725767692744,34.50872478176325,30.60425549169711,4.6457849397330975,True,43.57006313008468,6.86098779371433,2.154323481955718,0.030658347445538303,0.020028086215652583,-0.014391403165915969,-1,,1
962,0.28013333504315824,0.15209643502083725,0.47551761241752016,0.06933053883550327,0.007733116380850937,0.015188962302130075,33.42485795563201,36.953929554883274,5.1653763935196135,True,11.593007031584978,6.436657113088825,2.988357699258298,0.028360160108538823,0.05700840251562728,-0.007610146956762759,-1,,2
963,0.09025360086703091,0.20030882685819368,0.33033090942805876,0.24095925305005306,0.0003236990592596345,0.13782371073740401,28.148093983758628,47.02995252234648,5.14951917808828,True,11.138475007713197,6.481912921345356,3.137711964791814,0.05048929638628083,0.04259395278907393,-0.00484467654295445,-1,,2
964,0.48753440399488523,0.2586191303844334,0.10336700915469495,0.09583651892441734,0.018857286678152074,0.03578565086341699,37.44092589058711,48.18709274738155,1.8339324195791786,True,50.51471701977166,7.266475644096235,0.3745679888934651,0.03861522452764276,0.034309514281235735,-0.0012243772533000548,-1,,0
965,0.13994348587816383,0.03693429616334165,0.0944392056276149,0.003696650977225495,0.22882342940072717,0.496162931952927,42.55296000756438,48.49716818023144,3.907561477100889,True,153.2036087417153,7.04783588479536,1.2454807345434487,0.06825477873614433,0.03660560066037478,-0.01233657460151696,-1,,0
966,0.29633586425531766,0.10791758125111069,0.12831427249456032,0.43312507607481876,0.007600700471124907,0.026706505453067735,36.27046003115973,21.816964659217312,1.642011312834282,True,44.83346156787436,7.184638592904419,0.5426035990252247,0.045038777922923434,0.03717713375348019,0.002284081883356181,-1,,0
967,0.21390900375126876,0.03807518799507231,0.10437488393274762,0.60239612317507,0.0022957319403883567,0.038949069205452914,34.56655217828988,44.94511391013029,1.2544436065939877,True,40.23427357210219,7.092740175293096,0.6667460024706813,0.042924973422514924,0.05044646958233842,0.0106994468138158,-1,,0
968,0.22334463333898005,0.23851797834552213,0.1660950605726545,0.018687226311190554,0.15224073453673362,0.20111436689491935,34.6160689117544,19.43588259970525,6.698143298887072,True,0.2096898134355085,5.89903668892199,4.298859191988929,0.037800855151422584,0.06323284178479521,-0.007950695199240522,-1,,2
969,0.6129340514781177,0.048495807199618046,0.1511157326358884,0.1256367548715579,0.05810084789945483,0.003716805915362965,35.02495288663233,48.556102541327924,3.0611365015178515,True,65.49174747246761,7.2555486671452165,0.7780243935555529,0.03658114872905105,-0.02939602392222907,0.0016159184782004099,-1,,0
970,0.6542699972957029,0.12293920146009352,0.004309086042998763,0.029584738354494978,0.14746970641959317,0.04142727042711664,30.682398298316905,21.286504891723418,5.757555087887813,True,2.1095261941506642,6.433894219364255,3.2996175520157025,0.03623756787403432,0.013845408380725158,0.005512712876105547,-1,,2
971,0.14974455825602886,0.021077552104476118,0.09811889488517105,0.015943929210797653,0.21402145114863666,0.5010936143948896,30.137816373485713,18.10602778769026,5.902170035606735,True,1.5989056453288715,6.098781978571617,3.356833287275677,0.04449216189185064,0.0159794009608099,-0.009244459628382554,-1,,2
972,0.1967419172267285,0.37744816438158907,0.13950699752465145,0.030572498812977914,0.039675848734237976,0.21605457331981517,30.988168016389416,41.67455880524581,2.9426759194314203,True,52.44538157002097,7.135545323749304,0.6348569603529531,0.03339159789437663,0.00702735226428041,0.012867248242882559,-1,,0
973,0.19803077178881237,0.17919375228257323,0.08030824700491129,0.28705450722493975,0.14124501275586376,0.11416770894289968,30.490003313834016,32.03638287540507,3.648896966920546,True,67.53978251636214,7.139240217979601,1.5060697255455893,0.041739182186498636,-0.0020153635225794607,-0.004385196006046437,-1,,1
974,0.35887248853463927,0.010248280831973032,0.036047579477799636,0.09274856953509689,0.0018556136115521196,0.5002274680089391,43.540186983998936,16.519517864034462,6.307582675862762,True,1.1298113122664153,6.080379971938185,4.11096218311836,0.07448235858482297,0.023109255741644498,-0.027292966293200854,-1,,2
975,0.3716737795544471,0.08430203578918069,0.034112597230556166,0.2975114907977211,0.12817705681194905,0.08422303981614598,32.46456203228105,26.270242091457817,5.824966472715938,True,2.83113088163736,6.205511540762789,3.9846961740336457,0.06590316194324927,0.042857254337226224,-0.007727538918398134,-1,,2
976,0.24168811748684932,0.059190874211169635,0.5028191791577461,0.06814769498044118,0.02189591633998407,0.1062582178238098,35.47349697583848,49.92592361024541,4.042879386769326,True,66.82360475603375,6.8921722874069875,1.4532001061556539,0.03826333504163758,-0.03661871199240009,0.007169938366094314,-1,,0
977,0.20171405309953236,0.1668341165876826,0.10754040062753555,0.04216848835326617,0.10202241160338563,0.3797205297285977,28.520490378433642,14.197879137958434,3.094907626761681,True,37.57521437610087,7.148988472162877,0.7104395368773735,0.05060073170281733,0.013696591056760203,-0.00545939744555338,-1,,0
978,0.44156937474699165,0.043197646882554244,0.03607390886221009,0.06154879107301505,0.16472662415476289,0.25288365428046605,27.54784831835665,31.834894443089127,6.716564490708791,True,0.13351317432260448,5.967693216265122,4.449560265361531,0.04418808218311269,0.06267650761157606,-0.005823715812385331,-1,,2
979,0.25059905608446226,0.18181340522819026,0.15300803869904783,0.059427343118908,0.14769637030336105,0.2074557865660307,36.47212621726398,30.73807305719177,2.3279921987604366,True,72.91491117634197,7.294877393808026,0.40565743777542135,0.038873596967706946,-0.03707354704492045,0.006925586308951531,-1,,0
980,0.2512966884365113,0.01593709750749653,0.19155991408446144,0.535920065843149,0.00016131783552905682,0.005124916292852595,35.67642377849019,22.418756624225548,3.106822309464453,True,94.2971736474605,7.20978199373258,1.2676547191288952,0.04551826397640231,-0.04248152794817852,-0.011052358821684972,-1,,0
981,0.23741604576943628,0.14111057683793762,0.38069404387588435,0.06633699388931673,0.1285547810940773,0.0458875585333477,41.01218367421535,47.054052535426614,6.2018684858584265,True,1.4585269628104303,6.176598360662157,3.8223815032506896,0.05094328610531478,0.06917586808690923,-0.006054188614910688,-1,,2
982,0.5144250375476471,0.22641351159340314,0.02282650547532879,0.1083963202265537,1.0656090217841202e-06,0.12793755954804537,36.051593131193144,29.344361290064477,6.592953456585623,True,0.2904334121031079,6.05758436494934,4.451196391872638,0.04335973026294535,0.044179015167580826,-0.019074866652466004,-1,,2
983,0.28870242938664936,0.00907764714622478,0.3878994052734207,0.29780526341846963,0.006475051990658431,0.010040202784577255,29.778228614326423,25.33652942301746,6.586348797578288,True,0.19382908279438085,5.888725452068273,5.014593153350714,0.034199537526146156,0.04253932803342239,-0.015680562917509907,-1,,2
984,0.0881661796219518,0.21919669952329765,0.09980570004130866,0.2928358542430897,0.1340907514376228,0.16590481513272953,31.868247503735514,25.875248904297003,6.235938367180564,True,0.6831279466283255,6.017534056327277,4.700815795897597,0.05012301102129911,0.05047772280604014,-0.00974465298055931,-1,,2
985,0.4072008248585733,0.12009293261554975,0.03566705367069617,0.35033993298606586,0.032035839336074234,0.054663416533040764,36.9228529644203,22.96426914783087,5.425580099873316,True,9.22550396128524,6.4554485256549885,3.5609003493484783,0.045726668894639555,0.06406092410287559,-0.005257216912695205,-1,,2
986,0.4327695919629253,0.16284121211018387,0.05037249718094312,0.13865086202057,0.13781696697817064,0.07754886974720715,38.58487870727344,49.79633687609577,4.947663367309295,True,36.2279155497067,6.801360799289052,2.6637632163924687,0.04334217390024628,-0.027236078904753592,-0.015601244995061408,-1,,1
987,0.14638862815836318,0.3947929371031495,0.13151922130891647,0.17354220276749127,0.0858724634663055,0.06788454719577404,25.024350720852652,44.71195165653074,1.786499901399684,True,24.09030950212032,7.183266693297839,0.38003315669523147,0.03233885707535295,-0.07954910832699326,-0.01250019190385768,-1,,0
988,0.17188613600400376,0.05109035810876401,0.2621410083872275,0.24910398729842673,6.481350258895799e-05,0.26571369669898903,37.04012059657599,30.96481937975394,4.6355308507518025,True,49.22682869795757,6.779067822670541,2.4410659311541165,0.04892922509589868,0.0412858095448307,-0.028363109307907593,-1,,1
989,0.5771802449232326,0.19707353613848425,0.027684403960253047,0.08066998597884883,0.04445350631961147,0.07293832267956994,36.78475525810385,17.419699563092593,4.277082455172773,True,65.02800371260274,6.957614906066701,1.786246047087085,0.041647605340974767,-0.012840297785568295,-0.01024416747184819,-1,,1
990,0.287120405522495,0.2004045081237592,0.0866424532568587,0.04418468154946391,0.08856486021786651,0.29308309132955684,32.12520103310317,42.927398551892296,4.203562675949438,True,55.764595218355325,6.8178399230370115,1.638028010842016,0.05624714043263022,0.021094084595278735,-0.010053843229914818,-1,,1
991,0.6370871010864133,0.012699031156838804,0.07561698297942834,0.1135991525606777,0.0006795801192288023,0.16031815209741296,41.50914327082714,22.793833438035428,1.0893570126237502,True,40.061354953560404,7.1095318933853875,0.3188531139796792,0.05441385438086753,0.011348482940171304,-0.00869537765666577,-1,,0
992,0.10716894917058255,0.4962994612136455,0.049606513601147206,0.0023111108864873123,0.3382100893498798,0.006403875778257623,30.95233838189932,15.768073505542075,4.397650051806861,True,37.48269060789709,6.7547877546729165,1.7947258112676092,0.03598829111278593,0.003058014070798991,0.00674884779568702,-1,,1
993,0.3545433191252586,0.10683154161226002,0.15568234346898524,0.06771535381056419,0.026529470572859294,0.2886979714100726,33.69714628438583,14.647764713759305,2.7587449207128456,True,54.9372356847849,7.31443075913906,0.653793259825712,0.040965681287411536,0.03365668436688469,-0.0011553975620659412,-1,,0
994,0.16858278976873317,0.05902221701523103,0.009541839286738806,0.28886049177210465,0.16069775966163205,0.3132949024955602,27.44515722337467,41.58427991681975,2.2910678461128686,True,42.8731647105938,6.971164276658759,0.7272031425138632,0.045246722361268706,-0.021431281297394272,-0.020429009538770172,-1,,0
995,0.39703093385742677,0.15526349229325379,0.08154234718580138,0.03981251443143394,0.2771824099765072,0.04916830225557689,37.53425035894482,44.771845121289374,3.7013426023107225,True,105.06225242726649,7.139853753042631,1.2930581866778232,0.06529035754424523,0.0030450981755433624,-0.0029623268345985313,-1,,0
996,0.12363404480991227,0.1100119359990508,0.12080915887892998,0.37556605870435394,0.028980880362824122,0.24099792124492891,39.28698271065881,42.121424011739265,5.262755756406628,True,19.068303704361412,6.582257735172458,3.3950925075757703,0.05368560665122522,0.013364182909089846,-0.015540293159355113,-1,,2
997,0.2663949340277674,0.16557820301262524,0.27109485617907014,0.0887433428661849,0.096534114151443,0.11165454976290917,37.19310008423517,40.5127223245814,6.066063402344918,True,1.3763561860355211,6.156184217827473,3.7889108541522845,0.04676736762242036,0.0791065693391309,-0.003916339457740321,-1,,2
998,0.27182628116329755,0.05325513857011531,0.21756565691910854,0.23434091621899164,0.042862540274074434,0.18014946685441247,41.12771971605535,17.02312050779501,6.781640366701967,True,0.2521868407864238,5.986590001550186,5.06626201015173,0.05251345790511675,0.004128345220323355,-0.023586752262317684,-1,,2
999,0.2913624462435757,0.2749417150634532,0.016711663319455585,0.15477314647964852,0.0819638405770074,0.1802471883168597,42.31662936251004,32.48905247388449,3.5761234660744217,True,140.42981875227562,7.10896758144035,1.2524806983183456,0.055088345271006395,0.051461214955930576,-0.004171102682799042,-1,,0
1000,0.20916493917837656,0.4300822705301033,0.006387100360770595,0.28443668118684,0.018443980597206786,0.05148502814670257,37.933749421409054,18.470286631309122,5.7892185325940755,True,3.317615256626727,6.190786694990854,3.8486923622700107,0.041350171919717696,-0.024535588687631015,-0.0191163668478328,-1,,2
1001,0.5094333453735479,0.08008686756389086,0.20007317716478246,0.000761948054092312,0.009109982870522252,0.20053467897316424,36.06612386335448,18.77208049670896,5.956685780904846,True,1.487455860667332,6.112568582278147,3.4143953607555932,0.040193028983281344,0.06990017743632322,0.000794450760060874,-1,,2
1002,0.2296597842798515,0.3198201255011605,0.22595258004259208,0.1985863141551813,0.0031724540900205634,0.022808741931194105,31.616477629132866,39.10897656555808,5.487884433583632,True,4.9212421135828786,6.399329113886105,3.250978360483264,0.03488811474709255,0.015211259866890214,-0.002693014175022136,-1,,2
1003,0.31977550959919226,0.18944180173867475,0.025487595323725222,0.3167766153086926,0.09174683382088318,0.05677164420883183,31.556280888336875,42.54846297064147,3.5930373980813672,True,79.65183090411595,7.149744910393617,1.4658673238499482,0.040056372801828714,-0.01360730250028527,0.017745116980273534,-1,,0
1004,0.4379069514323762,0.24192471201546542,0.12240216121379993,0.05514023978063362,0.0005490691195999447,0.14207686643812495,26.55674238281569,26.646317561305935,3.572636369253244,True,41.02197840313843,7.148546098454861,1.094515063037269,0.038183774814179824,-0.002789541348117947,0.005913594877981075,-1,,0
1005,0.09015856223009515,0.22934087637976847,0.06889915350083815,0.09671732639131998,0.3053103386565856,0.20957374284139269,30.29422772681819,39.79043086152373,5.733245243796016,True,2.5615545789390253,6.352392180782935,3.3143261955478707,0.036200098136743186,0.038623614952008854,-0.03241095188722079,-1,,2
1006,0.558695800650589,0.009161666533427851,0.2367252872380617,0.09340637136964948,0.012861521011190908,0.0891493531970811,29.821910558456594,17.03961483545389,1.4726818138746782,True,22.882201953727385,7.180041985338526,0.39158956687397056,0.03809721131911554,0.012087116032697756,0.01598863262072351,-1,,0
1007,0.2287560496796356,0.07828949238004554,0.5299302859125254,0.023144591197058112,0.0033512953082650678,0.1365282855224703,32.62223089571854,41.99644877468809,5.144585165044478,True,12.476242238674269,6.372687259775953,2.513372223498414,0.036754749752273164,0.05855548455660228,-0.010864775358476374,-1,,2
1008,0.12620317520630528,0.08730965750894659,0.07513288434332252,0.22439940188201246,0.34010672549662385,0.14684815556278927,36.73473739267398,36.18729524038466,3.9804475028554016,True,106.72816626691714,6.98899823008337,1.68312210363584,0.04805373109921695,-0.0033331994752517705,-0.003433028669837287,-1,,1
1009,0.36231576678590705,0.3024953499690132,0.009933896234883837,0.20779909455669157,0.0008483001408066362,0.11660759231269775,25.956578968798027,10.617977510845375,5.9491078574897145,True,0.8173247057073361,6.280600763379337,3.8902020116853535,0.04085593759007036,0.08314095948905588,-0.016945579402674014,-1,,2
1010,0.39517362929788435,0.24734914581590894,0.17142955061332882,0.029811031134268334,0.10269011923799369,0.05354652390061595,28.089757206540217,47.34041359821233,3.235612612720397,True,46.30043873520481,7.1642841185152895,0.896750435487435,0.033638033298276374,0.0217984967364436,-0.006314799826093219,-1,,0
1011,0.21756335472268362,0.10819094135703486,0.01065641893025018,0.46308409418093177,0.05010621339774201,0.15039897741135777,37.40753005055672,47.89871562450899,5.243175027969662,True,16.341417702861357,6.462740637622485,3.8574596807215222,0.07093387253467849,0.04039812370650059,-0.0015621617635186704,-1,,2
1012,0.337829829058873,0.17978670195857788,0.08271768307369011,0.19852074620715437,0.0005388785719685066,0.200606161129736,28.018142394711077,30.77209491436343,3.4965631950294025,True,53.192091483387536,7.15491594799609,1.1903391419023472,0.04058656791249769,-0.013399113185213068,0.011487651715644512,-1,,0
1013,0.2876198684498219,0.00506978948614717,0.026397213190009584,0.08052427435450786,0.031523662466688994,0.5688651920528245,34.92690742640285,12.870791680238014,5.132990572562271,True,13.961868668695274,6.484567615523713,2.657291713767563,0.04896106116300897,0.010186231540180151,0.0052912096745404424,-1,,2
1014,0.4237756770538418,0.13017246588987788,0.07075231159908206,0.20160200267912054,0.0005299616673559641,0.17316758111072175,32.597702116381214,23.759984832905214,3.4580903617677214,True,66.61205904534259,7.1476549175220025,1.2499509758959932,0.04670947646203825,-0.01069725057384915,0.0025616189048385837,-1,,0
1015,0.3731815117687574,0.1654196117561517,0.11774912179155529,0.12025825342499567,0.01837427213618482,0.20501722912235512,37.22783753002178,17.079031469983597,2.572248328288097,True,64.382982177816,7.418871481504654,0.6287895620487696,0.04988555860234288,-0.009821201975236527,-0.014037718293379806,-1,,0
1016,0.2593475856425028,0.2101992643710008,0.18099394734635849,0.17092335965005237,0.0009029144618293088,0.17763292852825616,42.51541071330569,15.024397606052782,6.705262561026543,True,0.34074699820811377,5.990421394562659,4.748260581823538,0.05442156843406346,0.023229974143731163,-0.010208436242558943,-1,,2
1017,0.1680946259031974,0.03730551226263559,0.1862693774629041,0.22412410406626093,0.2369157368001105,0.14729064350489154,25.589206635310198,24.892407959331933,4.372365236027539,True,32.981873788735626,6.79235815422319,2.1919278926043866,0.04196827771080303,0.034239495699325356,-0.024617406103624444,-1,,1
1018,0.1312623060971557,0.11602624195628607,0.6608643637252272,0.05077830664606806,0.010684408403839512,0.030384373171423597,40.76522727152036,30.422247221579557,4.087161581466918,True,113.16028117860039,7.061462213548948,1.4743844790005098,0.03741403085508194,-0.014021435878807513,-0.008745439472812535,-1,,0
1019,0.3261573974247278,0.19530006167635772,0.12926216180940528,0.2437359890294281,0.09678178732736513,0.008762602732715946,32.00432071729442,25.697333263382692,1.6632374656892925,True,34.93018797803027,7.145475390665997,0.4589674815085852,0.038696595501868436,0.0163925763311985,0.001240913500352351,-1,,0
1020,0.23655992982700577,0.36297848685835943,0.29465885216872717,0.008318805232368135,0.05676680916579851,0.04071711674774111,28.117104192174804,49.50777814972863,5.201906646434265,True,8.297741570409988,6.5781096257099545,2.541765517762379,0.041605917684897305,0.023831359844975565,-0.0116181596782007,-1,,1
1021,0.35877325765125906,0.09016044685169243,0.00668769163147269,0.2891302685151408,0.17149515978803742,0.08375317556239764,25.671280167437256,22.422180836658544,6.971064329886325,True,0.06076744754054496,5.818148165140974,5.4578641073756655,0.04065078858682621,0.05152670825725359,-0.015262741562837042,-1,,2
1022,0.1923098417542088,0.10003634234936627,0.20735685726389635,0.1760630564285463,6.871366380446005e-05,0.3241651885401779,41.18221170622921,43.67491425732224,2.6652572557291423,True,123.86453260666329,7.210187871292467,0.6607356396297566,0.05785099325364587,-0.00887345549430319,0.009028035652693878,-1,,0
1023,0.3020361560691276,0.09270706069200536,0.029743670061067293,0.39062123727000964,0.0169843990328658,0.16790747687492444,42.3236366600946,17.55244181979097,6.344070251116697,True,1.1329327817253998,5.99638197201243,4.863170793347534,0.057013638125067614,0.04133956257153846,-0.0268604112731154,-1,,2
1024,0.3763460708100707,0.08017913920855504,0.4425058449910006,0.016475193454509745,0.013845173841417285,0.07064857769444662,37.3605784980383,18.608903375764907,5.023685881620342,True,19.7662605425853,6.455877283960932,2.3482183168853665,0.036614202821122536,0.04985710812030253,-0.005564095688070695,-1,,2
1025,0.06387080943083838,0.5482812441852126,0.008393845925720511,0.32123974736209226,0.056655363455276234,0.0015589896408601301,33.604819875670934,39.19736356925869,4.299681318586091,True,65.52813569818701,6.933022101594182,2.1751675176639007,0.03363222386994271,-0.004204508861513195,-0.008947507131671573,-1,,1
1026,0.32015846941043896,0.12539461464395737,0.13493148793750184,0.16471821795984368,0.1688161828774771,0.08598102717078102,42.55483335787049,25.93565454525386,2.340988302004885,True,96.01541548360589,7.052180389011,0.4137321931154175,0.05294836882007311,-0.017521620715643595,-0.003048414746314086,-1,,0
1027,0.6081839402010236,0.04595741235929452,0.014328365763630665,0.07648131843502265,0.13689337253482511,0.1181555907062036,26.44806483891359,27.014425367673596,4.384141014486357,True,31.376643398316595,6.916058867124529,1.9985719889873876,0.04081066287465653,0.023031761958394528,-0.0004489828406967697,-1,,1
1028,0.20296268656899635,0.08765806326763251,0.059856754205413615,0.48134390403198624,0.024054190162169118,0.14412440176380217,44.23947398117872,15.961184205106509,1.5913090115804414,True,81.90337094910355,7.238901015197161,0.6535887891090668,0.06494905735401116,-0.024623336264034682,0.0029344143491021914,-1,,0
1029,0.3091505747070453,0.013127996045344068,0.25188892737319657,0.39155829232132366,0.028981717655366678,0.005292491897723802,39.55242023052843,10.902741904341312,6.9975433486652445,True,0.1175232349533002,5.703370820923037,5.743811537317631,0.052575094366628196,0.09276777942579731,-0.0018986452771385005,-1,,2
1030,0.11929009809685838,0.0809122848114301,0.20947070229736842,0.3745464822203729,0.0027986599584482155,0.21298177261552195,30.42614938451365,20.62306551008082,2.121686828458018,True,42.67792050567055,7.242321790628022,0.5862672835317235,0.04422154004117932,0.06217850566857184,-0.007947296672032762,-1,,0
1031,0.13226848475068348,0.5017641469091851,0.07688255965837261,0.07595259842370174,0.02610580380626618,0.18702640645179094,25.65579745225684,32.05989132892569,5.499247566045501,True,3.4135101735773956,6.384478560686206,3.023346351107101,0.03309200825671721,0.019852711048551977,-0.005076657122196393,-1,,2
1032,0.5017227193571774,0.2817268193566616,0.0014345052108502919,0.005170780484668845,0.12691572492747544,0.08302945066316655,44.933644678112344,22.675914597703045,1.3272999342675291,True,51.09246419831373,7.17313512907978,0.4588530537035955,0.06241369724445828,0.015988479377059706,-0.009309120358112386,-1,,0
1033,0.4665127965872165,0.39684211284945303,0.007408598607185087,0.08368200851144157,0.018734881637678415,0.026819601807025247,36.93573694246689,18.92629267786853,6.7680209594652165,True,0.17950057555307372,5.836317249693425,4.624401329639417,0.04188124757252361,0.010040925227976477,-0.02645358558914531,-1,,2
1034,0.17633191120150937,0.6670003650120787,0.0015786288381161922,0.05725450332042166,0.05963737874530167,0.038197212882572364,34.11850558136218,22.359213631240145,6.280895529281023,True,0.6292165258157641,6.106251014530286,3.8441146265348634,0.03272377300555483,0.057308365727449004,-0.01932848375634436,-1,,2
1035,0.22468588208451787,0.06739816145759389,0.3073079983646165,0.33031984785860313,0.004343011013339654,0.06594509922132893,35.78798257058728,15.76415578373036,4.586388283688782,True,47.17123135443425,6.8402410645780005,2.5062475841764926,0.03812386274946421,0.006578930980818401,0.010605275167958866,-1,,1
1036,0.37210723651856914,0.14903057166607217,0.09092735380214814,0.0340464160777093,0.2592307449281753,0.0946576770073259,31.545295848739354,22.858748345334504,4.585722402841629,True,35.289664111622905,6.6927746027266295,2.026513770382874,0.044849566722024524,-0.027347465914450645,0.005627010647694843,-1,,1
1037,0.5074942983154852,0.02298229257026585,0.01816393509672165,0.1722587714992302,0.27734367782780245,0.0017570246904946441,37.90166598467042,36.32241571962998,2.4241227492496913,True,72.97832590904656,7.21193751186591,0.6710687536015415,0.04738857925714338,-0.02825389583333586,-0.025987023273591325,-1,,0
1038,0.028808082355276998,0.044030030800691254,0.3786003258519193,0.30018548397839967,0.23763598135285738,0.010740095660855398,29.974135455890337,38.59391399352468,1.9939895704810633,True,39.17097239334272,7.183375005125217,0.6590695047962564,0.03212045888780461,-0.0043382452062600205,-0.009811839863874657,-1,,0
1039,0.3792716853115244,0.16539201045831142,0.019509220987423307,0.3613079390331175,0.01321596351238943,0.06130318069723417,43.57036604615521,23.648358316892146,5.727997731517876,True,5.8393877290877985,6.221788178773512,3.9555490102924478,0.05833637592589151,0.030270501561412977,-0.012329362214715773,-1,,2
1040,0.30763893433210554,0.18411244742901145,0.2347799537739519,0.1763247016202556,0.09351587298886534,0.0036280898558104023,29.045138113790276,38.04892456491802,1.687368244237941,True,26.56071079756472,7.233238317415044,0.3844858444558932,0.036793146738522776,-0.0015249747588374,0.009088217775187936,-1,,0
1041,0.36982907117590547,0.1828742287117745,0.2536546035800423,0.05936116656229014,0.06923221348261523,0.06504871648737241,44.93481843720636,47.30778974486144,4.025709067003236,True,165.31540983366264,6.965566405695528,1.4790090902633786,0.06440019570374833,0.008726930805508322,0.0024950064319670907,-1,,0
1042,0.4991530732129675,0.0998069837321057,0.01919067937520056,0.1795274106454673,0.19227920032998938,0.010042652704269623,39.558991631710036,26.277978566767906,4.9532979888330875,True,29.057575414998237,6.6223266963346274,2.772919881602914,0.04945939867759578,0.07224561019729557,-0.012368810837306128,-1,,1
1043,0.1420794213273532,0.30495348652794346,0.37115503678364303,0.1586337281738446,0.019463155254365008,0.0037151719328507643,31.69313759225083,29.374619737992713,1.2692249432601763,True,26.15089313826511,7.186025300001099,0.3348553525862942,0.0361489605730342,-0.008471166734303832,0.013746816983631756,-1,,0
1044,0.33978272841849866,0.09394846587100379,0.2538369845232527,0.18982716219127088,0.11821701649975372,0.004387642496220279,35.445072280408375,46.1405637726284,1.338739773361998,True,32.0985663369307,7.2902939797493405,0.3651711846347711,0.03373515380976464,-0.03302387065614806,0.00539570750160898,-1,,0
1045,0.5059083980226217,0.04273852202451177,0.16443546664156375,0.18759570552280003,0.0014633545902521053,0.09785855319825053,26.95453280159545,36.459570523324444,5.639327901557476,True,2.526790408692263,6.287071198075555,3.46266118584421,0.04140117314196836,0.01837827295777745,-0.0009155389517036521,-1,,2
1046,0.5539860696693208,0.1455108498325721,0.05320386087117727,0.22777691193581795,0.01825386020297372,0.0012684474881380335,43.154286236814315,37.366787609677964,1.8500340941993074,True,82.89494800773129,7.281072403854335,0.47987898350260483,0.06112756210905903,0.056380675045325,0.00766754871709624,-1,,0
1047,0.3181554748637245,0.31055274016493123,0.04663619568842035,0.04952105773817834,0.16853227623533656,0.10660225530940892,44.63802278383452,13.74161559660234,1.1597518798577682,True,47.98782676846724,7.219727066538158,0.5619856421254179,0.05247520321671668,0.010107369938266091,-0.009263656697948246,-1,,0
1048,0.36580816081501566,0.2590070707731798,0.03098404784903139,0.03958198058202063,0.022807819303448183,0.2818109206773044,40.4086514562265,23.56898965444197,2.112348456374275,True,77.19415574022058,7.218842393612711,0.4273267252088857,0.05819198813346976,0.0303261249530721,-0.005307073951515014,-1,,0
1049,0.35875608618730603,0.21033467912937068,0.021801948298346016,0.028804043667549697,0.183039389727605,0.1972638529898224,28.354636499898405,45.209050961218445,3.786547896158136,True,50.37773224294789,7.086783606510282,1.5741969328674061,0.03815628328124124,0.04014523636316729,-0.010137748403861734,-1,,1
1050,0.14584648055306856,0.29823068818895204,0.31582710514116413,0.024109832621768395,0.0005620652653687739,0.21542382822967815,29.024080704029892,11.998581274100024,4.76612702527643,True,18.074944770823695,6.607796586482414,2.1079665535417287,0.03628361370838432,-0.0026486720524256484,-0.0037911294956636922,-1,,1
1051,0.26750520675637307,0.21621215552868367,0.058865084683501524,0.05693630233304032,0.36080895122642176,0.039672299471979776,39.97822210431144,46.395730618628306,6.247011390686804,True,1.1167286389697473,6.1252088922208205,4.003685742145957,0.0656438571470882,0.03335705117615073,-0.0044051411214075225,-1,,2
1052,0.13835719950773556,0.08360046200888466,0.306370547430636,0.09573036956110416,0.000339053372596469,0.37560236811904313,40.34186888954258,17.95210892369006,5.692852774917175,True,5.5900673896165545,6.4513860167848485,3.3958560037224914,0.052326095573068075,0.04565616915781044,0.019860874685003152,-1,,2
1053,0.4783671762728193,0.057968310531547725,0.09984533427556058,0.31472511567531597,0.04153834463229685,0.007555718612459549,38.58948612371014,40.33076558620471,4.7116693405884735,True,50.39865286986746,6.655119118764225,2.6410314438719418,0.048087251345969265,0.00950189387721366,-0.007977100491389302,-1,,1
1054,0.38165312692282855,0.14094417117515565,0.0382704462887023,0.3367915564216882,0.025173348767681538,0.07716735042394399,43.854320242870216,30.257200289550354,5.5201198522135835,True,13.773348113959738,6.407595269229912,3.7608280149194946,0.06411848380137926,-0.031288165422413465,-0.016745941127434598,-1,,2
1055,0.36910526570704205,0.5535217358530711,0.04147290815039855,0.01373233502904048,0.006601727961012083,0.015566027299435632,28.839952925044898,44.69204893866832,4.047003745600232,True,48.12586138443004,6.925007947009968,1.4284474917248693,0.04026877117443488,-0.06605125518905242,0.007284935380041992,-1,,0
1056,0.4767600793628641,0.11832045622886045,0.05019661044553348,0.07906760543358235,0.04499007738959109,0.23066517113956858,43.49735407846973,32.912007559043666,2.619858351537532,True,135.93959448797247,7.145787156248608,0.5489918209300249,0.06654692448933083,-0.026306846237028416,-0.0007761288738060833,-1,,0
1057,0.07774223699589093,0.6333890366834487,0.21202646237984837,0.04495614135392679,0.012156433961189777,0.01972968862569541,41.173986317275535,19.640735624070484,1.6874154281061655,True,59.82944429928593,7.2663556997504415,0.3779448634838953,0.045045566746730915,0.00894134732218422,-0.002341703226547287,-1,,0
1058,0.47631010187737677,0.020344219068487875,0.29359093413524495,0.10289683878264679,0.0057849097720698685,0.10107299636417376,39.07924639368801,16.94724588795383,2.8396000162237676,True,82.67936624780425,7.11641198012263,0.5748837856326134,0.044487440616304046,0.005127226737061203,-0.004649510643423675,-1,,0
1059,0.6593777038895517,0.049811806410290135,0.03674337776169238,0.08636694406022381,0.011187767166611762,0.15651240071162995,27.48186679174782,36.89942550323188,2.255458676892272,True,32.09818244406826,7.199837921288221,0.3393035512110208,0.059007487542577494,0.0018669484234642398,0.019796153973540797,-1,,0
1060,0.09209113760362991,0.09286644549397506,0.5063913534337872,0.11535211260633553,0.19132601773644892,0.0019729331258234515,37.394999026762875,19.443749726050356,4.576679543391179,True,60.11772980282622,6.953588221158076,2.072241489459394,0.032082808657947624,0.027622768774276964,-0.003178049635514455,-1,,1
1061,0.31413234193442935,0.123802906872966,0.25396393635686587,0.08343108167546229,0.015317226983945095,0.20935250617633136,44.59599797525708,23.65141323548341,4.282672042136944,True,124.63848176656641,6.855848083566691,2.1986562816068704,0.06904934102851532,0.021853454181175493,0.0029279217167692793,-1,,1
1062,0.5741075726856361,0.2310326379403735,0.04788971806355573,0.0939435552916234,0.0018813244644582847,0.0511451915543529,34.482758604564395,10.246523311910828,6.787625567726558,True,0.1091489109290794,5.752239328249366,4.633286556077652,0.038107090271879925,-0.00826296308006979,-0.03522704128284286,-1,,2
1063,0.2753749224812342,0.19480565622950974,0.040758845407085124,0.2531377021519445,0.19709110756171014,0.03883176616851614,28.952473152756294,48.42544763261007,6.178867479666051,True,0.781411858780699,6.079721051124377,4.285564812001365,0.043119363535176494,0.044304099137486036,-0.00833282763119093,-1,,2
1064,0.10608742905595937,0.03629836033636747,0.007428435342839036,0.5386306535854981,0.2831675291538337,0.02838759252550231,40.498913088830534,30.700052455586054,3.970106743793485,True,155.14115572537185,7.06167726505032,2.203180495972137,0.054239295991195154,0.05755785615526261,-0.005141172008256912,-1,,1
1065,0.2886793344704592,0.07329778906794308,0.3442742330639076,0.15745663783737351,0.10262553954521038,0.033666466015106374,33.01948310993363,27.29449014146653,6.831864259570623,True,0.135401636890254,5.927149835577729,4.837440576491749,0.03675382602455661,0.02009924822498278,-0.008850684620955306,-1,,2
1066,0.5855479391681708,0.03773018914543027,0.15519068862492277,0.14100550868362063,0.03399100865400991,0.0465346657238455,36.76814463405894,17.83512427652111,6.022974240813324,True,1.495491636152938,6.3143955318927265,3.787672610914491,0.041329597189448085,0.05998473645537307,-0.02505227819995432,-1,,2
1067,0.20085775083321702,0.1966440155508342,0.17272780766781481,0.2062693205382178,0.09052124031405658,0.13297986509585977,31.03964095829761,45.96102219075408,5.038561893190618,True,18.43633321434037,6.611670915200651,2.8435741968326944,0.04678799491596715,0.06333704283643213,0.0030092184490300815,-1,,1
1068,0.4211068716002962,0.1028540322653108,0.44794571320155824,0.01001203050249603,0.0036587718921068163,0.014422580538232047,43.64078612274862,15.765043665466711,4.983663786111682,True,34.89192449663305,6.643342001104432,2.4158745408759277,0.04763861445505919,0.018848053465842934,-0.026307718804479893,-1,,1
1069,0.5744991745077337,0.02926491498191669,0.0957116480512032,0.11263252378392838,0.02011306328453643,0.16777867539068148,36.82212794819315,48.73499222206718,1.5180729796285466,True,37.901480027731324,7.231269093360264,0.4944425377524551,0.049784558337117604,-0.002563847537946719,-0.0008029975217031242,-1,,0
1070,0.27924585145804376,0.07273946340361999,0.04118427691955006,0.20281699748028062,0.023277919137992906,0.3807354916005126,35.41225070198654,16.085680516233655,3.102850024546637,True,84.31404236323245,7.08830075270671,0.8594098128826213,0.052818226178298074,0.005374985075713545,0.008357037664205287,-1,,0
1071,0.33262317738591146,0.2520580785394695,0.20688466818521384,0.17010619804581817,0.002977961491103451,0.03534991635248367,40.446847986251896,42.00327567552653,6.094292692662331,True,2.101655943074064,6.114105492029104,4.030106270983377,0.04448068016586977,0.019585654208424376,-0.03277054887276541,-1,,2
1072,0.05337933696914515,0.03011904947832886,0.5950661169121241,0.2911587978132327,0.007410410406194285,0.02286628842097495,38.459601317339896,35.26373759305988,5.650498410747175,True,6.55580039100698,6.402618257651949,3.817122860250385,0.04560529617785453,0.03507551937339579,-0.003599944119134125,-1,,2
1073,0.8524306558825909,0.09706180315925084,0.009505525973996854,0.03397351187149405,0.0005040708745885817,0.0065244322380787,43.126818758896945,10.349083768418236,5.972308340061003,True,1.8702410126332722,6.178331674029802,3.57136478649261,0.05726846515378937,-0.0477428647917863,-0.009587803708708945,-1,,2
1074,0.40106554725928584,0.18313281863982228,0.09538018221622088,0.04165410861295433,0.028206525963219247,0.25056081730849744,31.117183802330942,26.693259361792077,4.363034199018342,True,47.698598310482005,6.866909614922465,1.8263725327841218,0.0397721705895205,0.01885924386052757,-0.0012733816321817957,-1,,1
1075,0.4023069234724809,0.1540840826005422,0.06401387028375374,0.1963869832985698,0.14043563099146233,0.042772509353190984,43.69607123897593,42.400025507339464,2.7887266507108626,True,120.43165936022389,7.220212751708984,0.8428596541848759,0.06395817705083176,-0.008936904550817365,-0.015669324020374808,-1,,0
1076,0.075074638182791,0.13957977048539583,0.00622853222067249,0.5368712520025574,0.03347433590227681,0.20877147120630649,42.67409577593884,21.25595798357047,2.4582155706886626,True,112.83764034341696,7.132463048162598,0.8156168586060529,0.05923556942796896,0.026466812056385305,-0.0036094293074137376,-1,,0
1077,0.4279795948543409,0.3187083527910298,0.06875474897443697,0.1695693601302223,0.011939163110761328,0.003048780139208621,42.19691195407217,10.8932834463929,2.9693040735428955,True,84.71130839158664,7.1596047011513475,0.9088377047117783,0.04989911957392443,-0.03916595810343288,0.011693408336782285,-1,,0
1078,0.621663763946987,0.21271942487977696,0.0564003529791087,0.05453355783422264,0.05223290151996271,0.0024499988399419577,26.307523927910847,19.035034985065632,2.723085267363638,True,28.510268067856995,7.225643586356214,0.5115406133673832,0.038694821938444854,-0.01905016572421989,-0.0034918712172212363,-1,,0
1079,0.6784228714937889,0.11580060109819755,0.14154168366134232,0.008191114936020576,0.0031389155514184503,0.052904813259232145,43.40575527778708,19.73803062391802,1.6671137858741474,True,58.455117118211035,7.219695914736332,0.2661943087381332,0.05360738572510254,-0.014330871645614574,-0.0006336089725192376,-1,,0
1080,0.3238325256688319,0.14778749683601533,0.10723988319453891,0.024076398311052395,0.16528331121908382,0.23178038477047777,33.534719949452175,44.577207576327694,3.164973742885695,True,64.7276879356477,7.164309042048271,0.836704636940028,0.042091822265993506,0.03619454093120182,0.005901602800513707,-1,,0
1081,0.21694120019403523,0.061070519295704125,0.08330641485269628,0.578114580010629,0.02866419468036479,0.03190309096657071,40.24882754741077,33.60142749443011,6.239074370398889,True,1.4330462543193614,6.131413633025081,5.1878351461133345,0.05230078543245551,0.006941258145005687,-0.018831483311637344,-1,,2
1082,0.23561873819202875,0.26752223070020126,0.0908742271579889,0.24476368000316126,0.059420690779866094,0.10180043316675366,41.3619648592138,21.361014485382583,2.767613999647298,True,119.08935640097509,7.212694958334677,0.7324908043837496,0.05872524122071057,-0.02643564334675566,0.009215583280899052,-1,,0
1083,0.2661581046496759,0.1359780314562903,0.04473207575439368,0.3557988743632628,0.05328230309119853,0.14405061068517883,32.980106505326994,17.565270743092253,5.734845772127853,True,3.13266969859975,6.3048452192474524,3.972214800604398,0.049498130230463094,0.04588704673081345,-0.0244386179465502,-1,,2
1084,0.10981461707984719,0.24163347705951754,0.46798230428169224,0.056033285608368046,0.10551752642075678,0.019018789549818307,31.660429737292667,35.46005864581249,4.455380264420054,True,48.88607942222542,6.911196625437383,1.8493438769980892,0.030556875251638166,0.024356483519137002,-0.004301197187710695,-1,,1
1085,0.3987125798974157,0.07880561770886715,0.051115480547707495,0.03183397635928806,0.4381125100965298,0.0014198353901918295,41.18436503016865,14.983279200900053,4.8478551592224335,True,35.75206851798889,6.763423073566082,2.369016994864479,0.051872009900865934,0.009508014805733165,-0.015936247918819504,-1,,1
1086,0.4525202255129629,0.22587064862697107,0.019312824305225504,0.030108750041722324,0.05313921713237763,0.2190483343807405,25.891193969105615,15.165553656975202,1.867992866007854,True,21.862515571390595,7.1977177657247635,0.3359631494785851,0.040580793833977974,0.00037692449944298236,-0.0018158124242864662,-1,,0
1087,0.33142351271650167,0.17054045186617262,0.06451313003669042,0.055569454422222705,0.001306308214483441,0.3766471427439292,42.615622811437106,45.40014605992226,5.990926187663706,True,2.494972160178953,6.147476523284433,3.583688223881388,0.08722891765829663,0.01722970488023627,-0.0038803192180147696,-1,,2
1088,0.3580955693623166,0.014597603553090486,0.14308241144175618,0.40519336955035334,0.034207628188524304,0.044823417903959044,28.96866672722141,30.213437328666952,3.6680373132445,True,65.41798740372697,7.15073846759476,1.6864476445694614,0.03982384192719988,-0.013446109481001866,0.008259005037848478,-1,,1
1089,0.24868114724525558,0.36854565890319424,0.012426075270426688,0.18222439313496488,0.08616836190029277,0.10195436354586603,26.237436589831134,22.306827003256544,1.3386904787005052,True,17.858460995897794,7.3493101436460915,0.352175314837678,0.03512404956393601,-0.008710043977770459,0.0023119107821508375,-1,,0
1090,0.41931914168241974,0.283477666570334,0.05674130907792823,0.16698719360949604,4.7167262294118565e-05,0.07342752179752782,31.886127931138805,49.3180468678673,3.3212300511306134,True,59.13863231540229,7.158207930248702,0.9991724607456949,0.044087350164931115,-0.04790694795604859,0.0032435186831603585,-1,,0
1091,0.45716365873062925,0.0696122383077982,0.40674518323271547,0.015831856504043,0.018310940940320042,0.03233612228449404,42.41573679822382,27.430240953183166,5.919257206138965,True,3.058579938052893,6.196428766425622,3.358703968548394,0.0619347719617931,0.05079721077906203,-0.007561993176899755,-1,,2
1092,0.2894393943510389,0.03653657557972514,0.10817755858960992,0.3899884573767067,0.14029635193105,0.035561662171869325,36.22693658763705,37.36592510207722,1.4515705707605029,True,49.613922234218954,7.160118823284547,0.5595886372495555,0.041514803570736905,-0.006761669261577813,0.001157780112737992,-1,,0
1093,0.3300091747416555,0.10468887880601062,0.038234218927072544,0.1216901133007852,0.09315582690585338,0.3122217873186229,40.58839898480457,37.3778604450564,1.2991323958849283,True,46.12486904066613,7.298926527828267,0.36488270787422267,0.07558572382330542,-0.019328630754757836,0.0023091209314998733,-1,,0
1094,0.2516402268751557,0.08696855804734682,0.27548831395186985,0.2982919582625942,0.05973563354851884,0.027875309314514544,38.335241016033336,46.9333000497097,2.064680206242698,True,71.3199975100744,7.129913064744224,0.5304805440651184,0.04309034922326713,-0.07879045778736621,0.001204115623027019,-1,,0
1095,0.07939066758735312,0.14781065909088473,0.35587579499950944,0.024867865203455283,0.3089272252932665,0.08312778782553099,37.92476900724301,48.02324142355335,1.9942447355877266,True,61.97835062562684,7.210283421270258,0.39216969062306917,0.03674126781892435,0.0034547185994361442,0.007904447260044845,-1,,0
1096,0.22961113632018942,0.03381987063514117,0.3111056230068903,0.11590145330461658,0.21945832062582293,0.09010359610733952,41.24538530978444,46.80894281561035,6.6265300457914,True,0.4306839257218062,5.8482596721615225,4.50981295963601,0.05069969451898792,-0.015460307596594586,-0.014546058822106817,-1,,2
1097,0.5138136263423739,0.08942684983030261,0.11342631742545349,0.11970277470554057,0.011976151713758066,0.15165427998257125,25.241496079227417,48.3245265832975,6.954956631976657,True,0.05062482818382762,5.786587369783996,5.213764401638883,0.0458913454865967,0.05620499117199113,-0.006003829783847867,-1,,2
1098,0.06150217175699831,0.16404578097052624,0.043178528507489315,0.5609315006466882,0.01941375519576887,0.15092826292252906,30.500981299501944,45.961605429533535,3.676437667360613,True,75.47112226690503,7.155775214698194,1.8884880018629508,0.044480724419024176,0.021094177022425997,-0.0038110611258405386,-1,,1
1099,0.0613744938089998,0.2874178341511358,0.057431001047665194,0.334921775228419,0.2571742302675992,0.0016806654961808358,40.94291484667394,36.762349777447724,2.4568901197099393,True,101.90167946285338,7.294926164075848,0.6057863994118576,0.0604894778558327,0.041596434769270586,0.010643072418592747,-1,,0
1100,0.21099361350194226,0.5419618606535346,0.0007598618457747839,0.14336530242286075,0.06266174924828741,0.04025761232760016,43.973286942758406,21.746504628338347,4.971732440086488,True,45.052977272490025,6.757503289544674,2.714826921530788,0.05164671391184354,0.015362869636992179,-0.008125816904415075,-1,,1
1101,0.18655119721939029,0.13154802468921742,0.3790632710277196,0.10886254566337138,0.004684068377714201,0.18929089302258706,41.728396019516495,36.04779928694363,6.985310689216351,True,0.17377457970296475,5.73085423132107,4.906469247753782,0.05598582071762052,0.018003479858126465,-0.02079605289422296,-1,,2
1102,0.1086050606563704,0.05407177105792767,0.2717845142375524,0.3339762885304257,0.0007982547970570514,0.23076411072066674,38.409298108669326,17.783271661501608,6.409626087005867,True,0.7215656241393764,6.05698666786693,4.847189659047349,0.046190550654191226,0.05039332033079254,-0.005011136610797223,-1,,2
1103,0.06331316260572896,0.13387703255010855,0.1617664815532202,0.3571213899810221,0.2017902414831007,0.08213169182681934,29.325543063857936,37.69961196272533,5.03835315668721,True,16.581818171079043,6.544614742952049,3.083712719527842,0.03676371096761122,0.02437302307587422,-0.013330370337984536,-1,,2
1104,0.21811739913510023,0.17227608042402387,0.23444888874217534,0.3065277504855989,0.06687250850508299,0.0017573727080185822,30.760722477579968,27.868251250125702,2.4096221654602816,True,52.784331825690806,7.049130511927032,0.682306844498189,0.03329364436185569,0.012197277890953604,-0.0212150674204795,-1,,0
1105,0.2935959744384962,0.08074235350330744,0.3383677808963675,0.003347294766286853,0.0644638737894623,0.21948272260607965,41.454469134531045,47.880308381409954,5.475943873260947,True,9.871781184656117,6.321904587094937,2.8806817603498946,0.05210801365393334,-0.01315319065829387,-0.008974671353001062,-1,,2
1106,0.15610575829565684,0.23985334796428556,0.2826200604802397,0.017362918033118627,0.07300113516166087,0.23105678006503838,44.32695192856306,15.259494178224573,5.309892535489354,True,17.411564747965187,6.491975115047614,2.7744371168451787,0.0533388038339436,0.013075627677183954,0.0011437017453847665,-1,,2
1107,0.37276606129371986,0.1441727965885783,0.03295779320291556,0.39731315080575064,0.009403991498463776,0.04338620661057181,33.66958785002072,43.27296827164354,6.016289796847743,True,1.7052880779868154,6.080608468727511,4.437180412052034,0.05677080287358863,0.04339563364577059,-0.0028039272229395742,-1,,2
1108,0.3552371248096004,0.10823826964437425,0.40946703960246206,0.1174784604113482,6.63782115821061e-05,0.009512727320632961,32.542194265912705,35.22169062133731,6.730488407540957,True,0.17553894715780238,5.8790059259589205,4.750720466051205,0.03421463319232317,0.05043545143327344,-0.020421295234470185,-1,,2
1109,0.07872239088866877,0.45593643672728046,0.03418786576441391,0.05104721260218606,0.025979875049457198,0.3541262189679935,41.53288799357116,11.361756648191058,4.466141166343583,True,74.4663335838675,6.706385278790691,2.026364077261171,0.05075267024815185,0.03596702652827467,-0.009815930737413717,-1,,1
1110,0.15577901846384853,0.29944628579021837,0.18594372402804293,0.08160490578961997,0.022767310488894212,0.2544587554393761,38.62376979185119,25.682239642439075,3.8168438149232338,True,85.74510018883953,7.06918771723739,1.4170663615641905,0.049830383173442135,-0.009613326394482095,-0.012603738067819954,-1,,0
1111,0.5404869292606994,0.07906360922436104,0.13522486608868714,0.0753122921847938,0.03043360002234584,0.1394787032191129,38.461994776786554,33.235009942616614,1.0136273549086008,True,33.878060379395734,7.160945940253726,0.3430381129177954,0.04717134375006768,-0.012267369406770475,-0.00252655156458373,-1,,0
1112,0.28472443119944535,0.29383571737299224,0.3137897322089859,0.04844868983791099,0.05133668701031868,0.007864742370346896,34.481842529106906,14.400201947895152,3.7674972215700198,True,60.79586899348234,7.044201320143006,1.4889286713846144,0.030084798141434846,0.02451547577698457,-0.003992726955334418,-1,,0
1113,0.4764772199782696,0.0695214865390014,0.3484677408185724,0.09898717036821807,0.004735158362107059,0.0018112239338317483,43.554943565327406,40.529950386923005,5.179298005207862,True,23.085885882680085,6.59462030237284,2.8359073089705444,0.04934494175618605,0.04142016376113291,0.015473176668764608,-1,,1
1114,0.07374395847760781,0.03255943970726331,0.346294389157647,0.2473022688841926,0.23165965041498437,0.06844029335830483,31.38650913578497,18.360954622427688,4.461389044358224,True,40.083474608769855,6.869349366678917,2.3463548084592296,0.05447047099499144,-0.03073155692479411,-0.013456199269064915,-1,,1
1115,0.23501483917551746,0.34043425828779494,0.11923481918190193,0.09851193641741901,0.004486999007463484,0.2023171479299031,39.12688477490428,14.453441600788395,6.924816825112638,True,0.13050331804059284,5.896217078779296,4.873930218767681,0.05684922814199947,0.015238551141098164,-0.03795889386809288,-1,,2
1116,0.25178875792511884,0.2691845821206248,0.08663994250548203,0.2852694682516145,0.07173132232834317,0.03538592686881681,27.2182555847609,27.9785226842387,1.2418288158923783,True,20.960165693543434,7.234821015568948,0.463013686516323,0.0443535871473663,-0.07093316932038245,-0.013630998031810226,-1,,0
1117,0.3229553030137869,0.20729902023566618,0.39355881020482,0.038072222492599804,0.03132876732771949,0.006785876725407572,27.99368698810742,38.32254799684618,2.8029936996308775,True,38.63184911327017,7.246859623554905,0.5058024908753711,0.030223044056726874,-0.0067024105398043226,0.017483241379397715,-1,,0
1118,0.3159759945776875,0.031457033113908725,0.31219662708467527,0.06543036464195322,0.009151875449728127,0.2657881051320471,36.37848561928509,14.491536987041652,6.680104821591564,True,0.19418879401747058,5.979591882262649,4.393863665647165,0.04301790523763241,-0.006874236118089808,-0.01452742168193059,-1,,2
1119,0.2657125961509126,0.10831773921015966,0.059574193738351,0.06953265982854426,0.48919346467423425,0.007669346397798283,43.11184673422899,28.575200615197673,2.795678535558598,True,124.1748188798738,7.08706069174666,0.49838187361385944,0.049756841339100105,-0.022752730927031336,-0.005634767537194545,-1,,0
1120,0.5409801805062048,0.03979708259033673,0.004185309187100039,0.1886538722266918,0.11313218221792293,0.11325137327174381,31.054952428954067,16.32854969950052,2.9723842872942288,True,46.756888544363264,7.286036335048835,0.8969814291777172,0.04355491642147125,0.018862056435964232,0.016992047540813012,-1,,0
1121,0.8360568638019265,0.03907340681270177,0.027914874784795048,0.03526148616005228,0.05232501453816646,0.009368353902358193,33.080584351710364,28.96503153635556,5.073434448962487,True,13.774248841579663,6.595002203666962,2.4688301947955527,0.03788057270796561,0.04452845780758117,-0.01286886451612227,-1,,1
1122,0.2202870575777191,0.5734242369691013,0.09606544733552837,0.02554799086320497,0.005123416802462577,0.07955185045198364,38.476404732788936,40.474363825474086,1.468220907183317,True,45.22579695976673,7.072158398910258,0.3249804484224626,0.035691865845733195,-0.020088676419951785,-0.015646672592758572,-1,,0
1123,0.12780666318230618,0.19347670760892646,0.10729109329960274,0.40720696608192203,0.02860052639810078,0.1356180434291419,25.857550180640377,25.614163269353362,5.011743002470793,True,14.06677089150683,6.644637840188481,3.1554658142837297,0.04305903419825861,-0.0006099172835137036,-0.013031262441234927,-1,,2
1124,0.17760915584087308,0.0359878778642397,0.05101127427519038,0.19295723068990353,0.004848665394323979,0.5375857959354692,33.90535237484808,29.5475493821842,1.2491268862589577,True,26.911191342233277,7.245707268368153,0.3686215249263373,0.04875032512823242,-0.0005659377381005574,-0.01045932859594913,-1,,0
1125,0.43278558386365606,0.17501263493869149,0.2750365003767531,0.07186425113307929,0.04335804993586369,0.001942979751956554,34.209320935023285,20.823735617510806,2.1316453558832964,True,38.60437501543924,7.220015077781866,0.36634401360281504,0.03245002166579994,-0.02832910796824073,0.008077714624314874,-1,,0
1126,0.08867123278753924,0.24970124422842224,0.4392032005013286,0.18898696162473436,0.02251631563356125,0.010921045224414285,29.800982817056276,10.429761543726155,5.621392943283256,True,2.1733588623638163,6.202728025341612,3.397294755250368,0.046009124575252774,0.058839482102950855,-0.01109462152638044,-1,,2
1127,0.5924870437285147,0.006643195713711509,0.022108409732560196,0.07589023295696644,0.021555477283158195,0.28131564058508907,27.878196778309402,14.384338733162739,1.3019989845033326,True,14.799325282898124,7.2071696237276015,0.3236860341647122,0.04951383109372349,0.05524496796932815,0.011919944753919404,-1,,0
1128,0.5355805528520902,0.05599552827161138,0.06676199224553199,0.047316130558784635,0.29387592142832103,0.00046987464366081134,41.92976732773417,25.650457522397076,5.75178634014617,True,5.297686105254435,6.423044148457938,3.285385559677296,0.049638336224132225,0.056771255420913505,-0.00773824390725651,-1,,2
1129,0.18583088404252676,0.031219582346041715,0.1041223547673775,0.1459018452361098,0.029989241725233998,0.5029360918827103,37.41039875047942,48.40691969949493,6.424136243805435,True,0.6460379122444365,6.119970503479567,4.4001393030551945,0.06479517296153937,0.0672506569227793,-0.009217627828907294,-1,,2
1130,0.39730453972002766,0.04544062764381717,0.01809873797809067,0.4938393953851329,0.00857414365227828,0.036742555620653365,40.78257138500975,22.694724732415384,2.2373933891395312,True,107.20562139658959,7.335466296278876,0.7605280392502091,0.060630221647905005,-0.02924166619737883,-4.353575936122618e-06,-1,,0
1131,0.09191125689241623,0.6853983213027228,0.05082717795763527,0.011832721886347427,0.006332086669160651,0.15369843529171748,37.79087248419255,47.34375961424456,3.826975994302565,True,91.00111343207607,7.037591184866314,1.1731924365797848,0.03501705771488702,0.02022368393476756,0.012489913148082347,-1,,0
1132,0.727311787939144,0.019756944868872806,0.020439968849455915,0.07445958751672169,0.011492210160288946,0.14653950066551671,33.87348203238225,43.04984945218876,6.7780862594301015,True,0.1501108104214878,5.913167022378286,4.573615193374289,0.044393313764042666,0.07451238555682224,-0.00042775529904566165,-1,,2
1133,0.6111756603174712,0.0013687365843875223,0.027071933778965395,0.31920400896948237,0.005866624252249413,0.03531303609744403,26.954577725404747,36.471611709868036,1.6329057598452044,True,24.352404208753427,7.156574148931872,0.5512923136468522,0.04156439435401126,-0.03685458492555973,0.003937610052848299,-1,,0
1134,0.47179641136187545,0.2966321990909618,0.15258689054359667,0.021148327793742764,0.04710877616154084,0.010727395048282335,25.75818368608089,36.46336767723554,1.5316303630610622,True,18.01200517961242,7.143613901834741,0.47811062620453315,0.036316139281233936,-0.01870864546124404,-0.005054741591539024,-1,,0
1135,0.5227943372893823,0.03596465102810816,0.019403532950972014,0.21585726189148105,0.01197732321035997,0.19400289362969633,27.605834401681783,20.79765002473721,4.610289350171194,True,23.91996231541407,6.837408546038866,2.3161647570902932,0.04929756357632324,0.027294762460473646,0.0028809148855647136,-1,,1
1136,0.4529129204101858,0.07075487163064696,0.35007702997585816,0.08121730635918813,0.0245799609795476,0.02045791064457329,30.198095656062957,10.983344455527725,5.683357052038493,True,1.962575287921531,6.279261759574305,3.244547281695694,0.03662135904949053,0.02292998130652125,-0.029064452010556643,-1,,2
1137,0.2631455844812934,0.10022178215619937,0.17936184914192688,0.23776953268154738,0.1578362967130976,0.06166495482593547,29.746769172786564,38.727800269074635,2.7643875406939853,True,49.04812661329524,7.106444168993702,0.7457657922968455,0.03877476066419053,0.026003828273147404,-0.007042249790142896,-1,,0
1138,0.27809634698551583,0.290527502712075,0.3029404317380015,0.09599771334523612,0.031360104493093066,0.0010779007260786418,35.98727986504804,29.473849525506747,1.4349757155292318,True,41.49652883709468,7.103366597620321,0.374726943679976,0.0428050088207665,-0.04629428799162279,0.00012689610528571018,-1,,0
1139,0.36840166994004264,0.1628662037049749,0.0872572968157363,0.004141200750911649,0.1287797068664587,0.24855392192187578,27.741976749054206,42.477712245870826,2.6547228071412983,True,38.639027093383156,7.17214876509778,0.34944166836303636,0.042015809631872944,0.03787473347088893,-0.00921424007058186,-1,,0
1140,0.2711204601879867,0.22648129215480184,0.08345839478623142,0.36023395196599317,0.030599847825365404,0.028106053079621555,36.74070484568035,11.622416257390134,1.3932436022425578,True,37.728593389176105,7.2537634058372955,0.47229240579768456,0.050774266082388775,0.04957227365976368,-0.0020218555514807724,-1,,0
1141,0.38689736450045037,0.5556691580037749,0.0057729858780018965,0.008854725439580588,0.0003697553224403939,0.0424360108557518,30.547487953820482,26.808576306197274,3.625342207223669,True,59.35106508831019,7.13895162719985,1.0142638885265234,0.03547875332483291,0.025408066498978643,-0.0046015518544963085,-1,,0
1142,0.4571925564637654,0.254262323899275,0.148103918633871,0.12080588305989268,0.005762341431408878,0.01387297651178686,42.58726367269103,11.779582649297025,3.862028348126031,True,106.94515052641195,7.081888515600462,1.4769727591412452,0.04799942809081418,0.02056044138429146,-0.0038514138933889008,-1,,0
1143,0.2687270438217538,0.10694044423475893,0.24894049551089542,0.017914990659708065,0.164861258686428,0.19261576708645572,35.14968245473551,49.54697464142838,6.596592920007266,True,0.2850810810622714,5.946862704951485,4.236879891101587,0.04193797848221423,0.0689834565445592,-0.009859558743799166,-1,,2
1144,0.24111016806615032,0.11944299460254151,0.018036626990903918,0.27088892170929213,0.31477479819469806,0.03574649043641401,25.106812700723786,39.833615130823304,6.883053472215703,True,0.07478466100560756,5.926261887959699,5.260787641648908,0.037178845205546804,-0.006032539196009816,-0.031196164357524134,-1,,2
1145,0.4953200193315028,0.28946467140876436,0.04751380411494047,0.14185112018792811,0.005681108864623507,0.020169276092240604,25.049692913116218,25.06091036248257,3.099931356822489,True,36.2698035845096,7.168067429605337,0.8566786903356357,0.03485710167529525,0.031417024934228203,0.005356189795319972,-1,,0
1146,0.3053601532728769,0.18654845228846897,0.03315179409844894,0.0789826230460027,0.040473417998924364,0.35548355929527803,42.366889543602724,15.132350971281525,3.6671124146943477,True,92.25468531817987,7.23530750384151,1.2175167020034332,0.05787181844037174,0.016291609001031885,-0.003103452684317355,-1,,0
1147,0.24150036304130668,0.04533420836149055,0.2872395911720101,0.21955670215743087,0.023132126865712012,0.18323700840204976,38.529758908649505,42.87295136993666,4.448409153939406,True,90.04455666384234,6.901779470461724,2.1801769828283146,0.04527697139551586,-0.041210754358512035,0.009389514064077044,-1,,1
1148,0.022071876632306385,0.09679817014908923,0.6393334242745914,0.18755794217221347,0.0002567411472901292,0.05398184562450942,40.55695809725265,44.36493467471831,3.9090491449076747,True,132.80277097964046,7.033006845687297,1.5251065859904553,0.04005962971032719,0.044793347339344335,0.004228500973485777,-1,,1
1149,0.3120686086550472,0.20043330589776379,0.3436487718903408,0.09245513630642381,0.03431024001915753,0.017083937231266767,35.84820608808163,31.085949398731948,4.659951006277843,True,45.54270958744565,6.767315695752853,2.1091313833762926,0.04088823324625655,-0.0023536626455270063,-0.0011328241089160118,-1,,1
1150,0.19297893107384756,0.28465971349480806,0.16889415422627302,0.2441549440266839,0.024232785431776774,0.08507947174661076,42.38797139394859,13.465216700153299,5.843369721414797,True,3.9575514694755523,6.285714389230528,3.818148114132974,0.054713812279957634,0.08676614486941263,-0.016628326031199733,-1,,2
1151,0.16681518988752955,0.30513410763879506,0.3322451255713435,0.01379550723104385,0.06039013702656147,0.12161993264472656,27.787305537071617,35.54164671747826,1.4863268583445228,True,22.899154333439427,7.164409186580707,0.2690517020689921,0.040534182415567346,0.0243510079591829,-0.004828667616726612,-1,,0
1152,0.2230130237333559,0.20435311271972148,0.09877994748091115,0.3963917684817563,5.923355443206578e-06,0.077456224228812,44.2179639649004,41.62697838355929,2.9638251251912298,True,163.52967109006497,7.2981258669772,1.0243261068089544,0.0699892677607145,0.015413171020041532,0.009216898949462928,-1,,0
1153,0.4108316734356649,0.02055345553928751,0.3161639424556273,0.09501489693934831,0.009690048538969563,0.14774598309110243,25.769797596900723,29.810960661757328,5.634449783957061,True,2.126800156271887,6.271736543043601,3.2243061092656187,0.041293138326846064,0.03805615178747447,-0.009103880305683038,-1,,2
1154,0.46105552632999813,0.15170189739115975,0.006031183181273786,0.36276419321475584,0.0005755954719316426,0.017871604410881016,36.035822597779195,19.749353984366365,5.332513523483957,True,9.45166596108719,6.326779059584108,3.527720160855847,0.04215779151966476,0.03295909198020893,-0.0247234290316604,-1,,2
1155,0.4439843962715947,0.5016719123898509,0.0009322563945228523,0.024508873937875427,0.023237629090857304,0.0056649319152992685,26.231057994622248,25.501017689400328,1.840532820363154,True,22.209479252060003,7.189804432995025,0.3524537454129805,0.030490133820839753,0.016902679935249004,-0.0005406281914551798,-1,,0
1156,0.22883791906870724,0.0037216090514898643,0.060186809279965274,0.4029416426101188,3.430943319239837e-05,0.3042777105565264,40.14285342745294,27.000950415636666,5.351406742873308,True,16.116494112088812,6.496808584966977,3.708727711607451,0.07368356515109362,0.03699044111394777,-0.006170566599486758,-1,,2
1157,0.14570209807737297,0.1214595291935712,0.5901298980640185,0.08412816919279686,0.04236124111254453,0.016219064359696132,42.499747066609565,16.372000042919147,3.325999440180367,True,114.07761355599985,7.193358426781186,0.8727488665515231,0.04379006784287175,-0.041999060741756356,-0.0009598478836237809,-1,,0
1158,0.4747532262777755,0.0325657475630907,0.0013258866703163858,0.34711554687333435,0.018005298627101877,0.1262342939883812,36.35090331676369,31.147843187749523,4.22614612584988,True,84.00556902802202,6.9325913137888415,2.141684385626671,0.059490099826401736,-0.02417186812479269,-0.01711713902140207,-1,,1
1159,0.46387970472646994,0.14132737476162466,0.035131610512093805,0.19604359989879783,0.008910354800847146,0.1547073553001665,39.081936525024076,41.30442267215206,5.7794807200495155,True,4.691617606702932,6.391565157665543,3.6775401012902855,0.05751726417664782,0.036833089736930114,-0.01720345999197114,-1,,2
1160,0.4760515343544636,0.13598722986409023,0.23259332597562404,0.10744249994843116,0.012647934534549422,0.03527747532284125,37.00509814808383,29.472676214272518,6.99605736291426,True,0.1101434745362767,5.767485495696168,4.907727854772203,0.03952119101617341,0.01658261172932111,-0.0010473936638150522,-1,,2
1161,0.08864390745760899,0.08661332722716492,0.05337980516285021,0.4187208899639126,0.07264327607809995,0.2799987941103634,41.26966211095667,12.98652489007576,4.202785753253766,True,116.8506394480762,6.904177194282073,2.2694041277030115,0.06644691110794018,-0.01260168217924364,-0.01484248627693371,-1,,1
1162,0.3964549165937637,0.25387041138917354,0.019023656586640077,0.07893479809785661,0.09912764036496005,0.15258857696760614,43.73861272734361,38.640313231933554,3.904322404854042,True,143.17313136470813,7.13596069914332,1.3535186410463298,0.05724479507816118,0.002998712753219857,0.014357331092556606,-1,,0
1163,0.16775673079897205,0.1353281525761532,0.17494304607744235,0.13629936490620015,0.2618952153608503,0.12377749028038199,41.30008593474062,46.46798664540737,2.9879723830143874,True,138.00820385861223,7.192174681954406,0.7080909718271271,0.05163472545352757,-0.005321668218845102,0.0017149035974578074,-1,,0
1164,0.45717293007122006,0.2619521647061556,0.08840051584244134,0.09474468039769716,0.05162394323700974,0.04610576574547585,41.41710864921424,26.929179724185417,1.526198783541299,True,58.99179431755528,7.216269323969215,0.31476068750842423,0.05408512888269076,0.01012049368392816,0.008050010511328918,-1,,0
1165,0.27604219033250393,0.22386292296540283,0.027396483848116143,0.2646280185120026,0.02112679996205439,0.1869435843799201,34.43458849213508,36.665623887863575,5.922834432815767,True,2.3984547519006356,6.266038676155282,4.267222040993134,0.03944805569659408,0.026533121397193746,-0.01857477257172443,-1,,2
1166,0.1131117167646476,0.4747286992297813,0.051340388666269846,0.0032925174675784083,0.06537612728973652,0.2921505505819863,31.244445352893237,28.22627567600977,1.6217952240339608,True,33.57959451456807,7.22150767739524,0.2554906143039327,0.037804176120575135,0.013916635598429353,0.01626068835398615,-1,,0
1167,0.48169284015340186,0.08681704749200207,0.06792734059381046,0.1424138902487798,0.15399978141849388,0.06714910009351205,39.42370241975516,47.821068119621984,4.906215108531936,True,36.469037040281265,6.590283533150884,2.599286957235478,0.04816620811941221,-0.018781079397826705,-0.02145349974981907,-1,,1
1168,0.6018135885150669,0.21446529511349763,0.09959587707104335,0.045239097066159764,0.00145274548772597,0.03743339674650618,37.702782296086106,49.06205356885129,3.7017623380873594,True,90.64696058277588,7.1229380235816775,1.1305295138592921,0.04002741220100868,-0.07936597927033198,-0.01727729982882966,-1,,0
1169,0.26444404118354226,0.08503894231215775,0.1995795810962715,0.12173383073051168,0.01701146524843463,0.31219213942908225,26.857632957446928,13.786158501064826,3.8357590789257454,True,37.166944422256805,7.087729839416758,1.4652296790856874,0.04403362209317878,0.07817107269548051,-0.015467885268622602,-1,,0
1170,0.26050925780103484,0.17449831865907078,0.2986391363611323,0.08162105683231959,0.004577730143821208,0.18015450020262114,38.67728158877948,46.83474192908284,2.808846093933602,True,80.50964096586338,7.097608820334963,0.5633254237317976,0.04957224236342283,-0.015482288772107413,0.0040816043369935615,-1,,0
1171,0.08594224561169464,0.27034827757738855,0.018548794350800295,0.47565377640027473,0.04835712439508142,0.10114978166476032,39.61479742318499,20.717343184129543,6.2909665543711455,True,1.1400621103561988,6.027695998446468,5.185705331698878,0.04939428967122483,0.0031455030627963766,-0.00751081519921934,-1,,2
1172,0.05828006007636525,0.17206661626035685,0.0027907430252403485,0.6176162234414018,0.14601314910015767,0.0032332080964781063,30.018738785803684,29.937170534493514,2.6486147539732006,True,64.01081576701101,7.198178862502508,0.9969982984663533,0.040223761336504585,-0.020424051928082207,0.01336794692111112,-1,,0
1173,0.16748695903578054,0.06898854601649353,0.10435204844019302,0.23032418517993092,0.26839352924022936,0.1604547320873727,34.02990210501016,45.00204986735538,3.0759938629982084,True,81.81444345285716,7.222853795171301,0.9893253879053103,0.040564942055870905,0.034678726886526144,0.004017481723152875,-1,,0
1174,0.4484330473863742,0.1296254978508645,0.18778005727486116,0.07194860915981208,0.11742551275146557,0.04478727557662248,32.23707553453168,30.598706440352117,3.608173174811526,True,64.28280181345575,7.208827992592605,1.1140980363785489,0.038786778635429536,-0.025640732787101207,-0.0010935200242354073,-1,,0
1175,0.20606047880859785,0.7573935489017134,0.0061548584541815,0.010083825380805593,0.019675103807954897,0.0006321846467467279,41.763898137706406,44.56236230524848,1.833726589886107,True,69.62800769937313,7.142941874276241,0.3728305363604789,0.04560138543910119,0.012535032941620295,0.007617080084269169,-1,,0
1176,0.15859907516490337,0.22037889337821379,0.014710478487895116,0.2901142438265702,0.03256639161618301,0.2836309175262344,35.972665232491416,45.662036378047006,4.923909816694022,True,31.784685950972555,6.568723270698969,2.881902714401778,0.05455444215247766,0.0024253368750967036,0.00036854918555307217,-1,,1
1177,0.0776854847352164,0.3150475154730273,0.03336803649978367,0.015494813637443225,0.3549322835238627,0.2034718661306668,36.1217154966416,14.216378978873475,5.914027857061323,True,1.8448047229060986,6.241592508087806,3.331826532118119,0.037564959037539924,0.02443478241093081,-0.011218143814791883,-1,,2
1178,0.3971277822163159,0.028931653566424697,0.35617211628100776,0.0035327074008984563,0.04977373399773864,0.1644620065376146,37.9022093180712,32.835045597940464,3.345530232465889,True,89.7405063511285,7.2473557934097625,0.9289756203015497,0.061411178408315496,0.002146630810207165,0.011928182784724541,-1,,0
1179,0.13017721657719564,0.3344977645356602,0.10695060718706127,0.2555657747602169,0.04493471876603896,0.12787391817382698,37.47472710541693,35.945056968686906,3.8842326302679915,True,110.53627041758618,7.024473344369587,1.7908046093943712,0.0446407446738298,-0.018401563545119327,-0.0008586066911116395,-1,,1
1180,0.2277918970942594,0.08239812891258964,0.13906663866266392,0.4916646486542353,0.004874140555121979,0.05420454612112982,28.00430825240484,10.3784304462053,3.4024681851435465,True,42.78844517327849,7.274843639534335,1.5747158091365896,0.04633347021261119,0.00950866882735282,0.002274554094428597,-1,,1
1181,0.07986213570459003,0.18910307168482743,0.056520830176258356,0.19029668782072218,0.12971233873454197,0.35450493587906007,35.442337851156964,19.708722783364188,4.299945088110938,True,78.1304802862567,6.84525257766117,1.9816137647817804,0.042919064879948496,0.016485774421416362,0.00026095468574765385,-1,,1
1182,0.3628032814026461,0.14320319074894836,0.0791928419698665,0.16694790482418406,0.23268686900214366,0.015165912052211263,44.61357215563688,22.569370840364655,4.055507855696306,True,157.66827136916774,6.922468787991275,1.682916040514182,0.05503091892362822,0.03998999477091839,-0.015283522429760419,-1,,1
1183,0.4494591742598402,0.04125960730080562,0.16116644357453533,0.16605611772146092,0.1761984801937234,0.005860176949634529,39.09097919867543,43.94629805396028,5.123745026634163,True,21.20826621385734,6.603521383923128,2.908229992229085,0.04314326371814755,-0.0016111049557877462,0.00018596482241686405,-1,,1
1184,0.2209766353088696,0.007153274042464623,0.09422738335686726,0.6340581305310347,0.03373047662490895,0.00985410013585468,35.48447826173269,40.836125225403705,1.62132502065345,True,59.23955834216286,7.180177202801767,0.6862746373115249,0.043038655643831615,0.04523561138828552,-0.00012040289717819951,-1,,0
1185,0.2923512623415204,0.24466515952041226,0.11915532758518363,0.17050643896875695,0.01790108098564166,0.155420730598485,32.75532761973452,40.265918485282825,3.969104340238311,True,84.52875748482812,6.959470481767562,1.583546706212933,0.03983576036431385,-0.015797198507607878,0.005877369641200638,-1,,1
1186,0.4830220053671313,0.000328294815661864,0.309943452820351,0.01360872139670847,0.12239725082071623,0.07070027477943101,34.6880639084909,13.567792386381697,4.330580459634902,True,46.75445412347308,6.803912789604232,1.7506483443913945,0.0362667921856283,0.037023387747720723,-0.0057091287241305055,-1,,1
1187,0.365914901093986,0.049732563101528064,0.4592213358853285,0.0453122592556864,0.023964093564324114,0.05585484709914697,37.22495427145205,44.40128564319914,5.629901149728598,True,4.621839044340265,6.48741213534546,3.2194436562294304,0.044702795311188655,-0.007011412002338537,-0.011111767669181418,-1,,2
1188,0.31249235632910183,0.057792792799556424,0.48966412196091275,0.01640016037593049,0.02577046675896001,0.09788010177553842,34.88253793516594,35.562919118009795,5.104243399546473,True,17.67335960190639,6.49037319910506,2.519696784811956,0.03234506553541867,0.011585224207101515,-0.011341242823884108,-1,,2
1189,0.461443808297081,0.34673990508888686,0.0994469956029,0.06779865589003939,0.00923305143257838,0.015337583688514431,35.39543125505123,31.34117593089678,1.7456609452102096,True,41.24120291282008,7.147502711135619,0.2984864356805041,0.03491939048219422,-0.060214223593190334,0.005782472531947156,-1,,0
1190,0.21568753824354148,0.0029312770843758044,0.0020126401651608507,0.46670629433678446,0.07565497998058736,0.23700727018955026,35.492143308690345,15.718190786078337,3.122572117227758,True,75.22999500151585,7.122420780294017,1.2117809895019074,0.04860437275270323,0.04073480240965548,0.014688451261224207,-1,,0
1191,0.3784126132266586,0.027477722460218866,0.3208269953299868,0.17662209326770378,0.05773265990656551,0.03892791580886636,35.90421584571454,38.90103178342771,1.0514699093908206,True,28.867480667869827,7.361079468321241,0.4499632443278533,0.037091194122583576,0.0187870067669116,-0.0033040746561102926,-1,,0
1192,0.35567245622104354,0.007672319889665529,0.3721551131175577,0.12465296980297919,0.09292633558846973,0.046920805380284404,36.609717435126726,18.0403019528108,5.934128540370172,True,1.8728176923224247,6.15865730777597,3.69937558148755,0.04565045945258857,0.03890189090678097,-0.013882734223971568,-1,,2
1193,0.2938346495278041,0.10397345875368678,0.031092271978811443,0.2476876329486766,0.23556260572575555,0.08784938106526567,26.583860160937405,44.162724473141196,5.972843790013773,True,1.0214331994340085,6.113266420956246,4.020193231479295,0.041791433226195406,0.019676950145444357,-0.015802817557006167,-1,,2
1194,0.12509997235053485,0.15283436218252436,0.050980664685294184,0.3760457537689956,0.2286306674958122,0.06640857951683868,25.24925976475756,47.8942406128691,6.852464350969413,True,0.07960571043456882,5.780748742482094,5.625914257782621,0.03662187667851348,0.046945115383223976,-0.017043928234178652,-1,,2
1195,0.23348034488381977,0.46269128406830573,0.09644074071722154,0.15831592678470138,0.03608972555856414,0.012981977987387518,28.125119919804952,15.272470185087776,1.1627084389941762,True,15.34426944522843,7.232257808146834,0.37410423209265803,0.030046224641212822,-0.042467613355246854,0.008211166750764956,-1,,0
1196,0.11049122479152586,0.14756113000811366,0.2085682084708579,0.0046283025084614075,0.08864960460677188,0.44010152961426935,35.7031196606799,44.09619590697381,1.713728447353197,True,47.087798963563536,7.163947867983365,0.31388299483218474,0.04255597265617654,0.022488588532200617,0.003812560436632189,-1,,0
1197,0.688718556837656,0.033199796533792666,0.0022241932931914847,0.013245485348125953,0.24973595457397607,0.012876013413257928,38.003090308115674,38.56901351366145,2.089460379426674,True,51.996589413668964,7.238983883033907,0.2680120071775707,0.053120658628241404,-0.03211765190608981,-0.0031945949820663478,-1,,0
1198,0.24286906421986526,0.03406666275662094,0.2855749359083003,0.2384300958255885,0.1403648856448123,0.05869435564481259,44.379087384905944,38.90442101634512,1.3288132004215962,True,68.2102651169789,7.189588981584181,0.4024628148126719,0.054837594665958944,-0.015554786117707239,-0.004256150781187391,-1,,0
1199,0.37203591871232816,0.3300532206245945,0.01452988359403394,0.253526915243818,0.01460129565741576,0.015252766167809531,25.981728582940868,20.565994936012135,2.3038865823418697,True,29.267130368076348,7.1164996009057,0.5699990530069208,0.04705358703114616,-0.0030389364916801544,-0.003078357556099625,-1,,0
1200,0.018984537736559687,0.01268597632205274,0.3287003191361596,0.03349166052441725,1.3168260922800553e-08,0.6061374931125498,44.783469023085814,27.88509108046908,2.818577512033565,True,133.23568433070864,7.154975326634196,0.45302006879575196,0.07725261509915808,-0.011275992630212953,-0.008274750585418027,-1,,0
1201,0.37823036058326787,0.24790944965950706,0.07525928174399232,0.10577732913346614,0.004625328208758652,0.18819825067100807,27.724700336248937,13.01637891378384,3.8355713861711918,True,46.00760552003376,6.991520613464835,1.3495666088331049,0.03879413405449202,0.030168934117750568,0.010807603084576376,-1,,0
1202,0.390184578647063,0.478032263656899,0.03178572660542527,0.07160554478744013,0.0027200726782538953,0.025671813624918726,42.34258551284516,32.366883490696495,5.851387724384017,True,3.9504046140618487,6.350282768137881,3.441192615318811,0.04628801867682353,0.020705403378395666,-0.020695757775169146,-1,,2
1203,0.33924239080002755,0.0625548938071405,0.3163366650948088,0.1457538315352712,0.10706154049368645,0.02905067826906567,40.74150746653752,16.805536644779085,1.232893435955942,True,37.12549942309696,7.234904284606862,0.3359562896623134,0.04460596591391476,-0.03187819889046106,0.011073069356821213,-1,,0
1204,0.3424864694543153,0.10491667655977617,0.06549698521283952,0.4331516089419179,3.264247855919352e-05,0.053915617352591996,27.298296082477428,43.3579630593394,4.931809544156435,True,17.113956091495023,6.433319040412994,3.1801635704723257,0.04115726355205082,0.06386944039053366,-0.00520701950568725,-1,,2
1205,0.5210527116563209,0.12494582896630199,0.09554176306807427,0.2325296242898113,0.005129359249392679,0.020800712770098945,33.013222916843326,32.49698826226006,6.992079379228496,True,0.09040647622920779,5.729035463341984,5.306072426270502,0.04600851596509685,0.09303967316384526,-0.01015920168817705,-1,,2
1206,0.42850344213127484,0.1502572057533673,0.10857421876294737,0.03559014873209854,0.143728040563886,0.13334694405642578,42.073551943694625,33.49502140860939,6.068620814963715,True,2.0185076932913257,6.232431266286016,3.686451623813869,0.05191088553333864,0.06358970109196643,0.005415102642651819,-1,,2
1207,0.18715151512344627,0.21781668480484906,0.3840621234665025,0.05765854305165216,0.14147024806497424,0.011840885488575653,40.89863491691781,41.58941677069922,6.393596166089427,True,0.724675335427008,5.9196877891632385,4.0138556180747855,0.041904866595101814,0.02644716892782095,-0.015048278564317358,-1,,2
1208,0.23440880627237318,0.03299249054181236,0.34008811402994094,0.036240259148403696,0.06896441338060808,0.2873059166268616,41.69521756242047,31.783920814854753,4.3284688181629924,True,119.985585068527,7.067804184347181,1.70447670354367,0.05055866347037912,0.029865869010961527,-0.00400655694917142,-1,,1
1209,0.3444566957010055,0.05559115410871513,0.06180116513016848,0.09726021689603688,0.19486557356640571,0.24602519459766828,35.34045281523305,34.727996092069375,2.5200429028839233,True,64.95131482737781,7.1556492691330025,0.5469933705088501,0.044818323463204454,0.02823163391718492,0.004605747687954396,-1,,0
1210,0.1416389810376281,0.031386586999340466,0.4009595733059763,0.39286113544295576,0.027023589441697325,0.00613013377240202,38.59216023174575,47.01964831155856,3.057984094316166,True,111.7755966141188,7.122170442602564,1.0820434646856385,0.043817878056043716,-0.04600874304721822,0.012103128023374153,-1,,0
1211,0.5525608996273109,0.22928074901647852,0.02995177265706923,0.06253361680441018,0.0036289360606097066,0.12204402583412137,29.11319806774841,20.666973069246776,6.081063542671147,True,0.8075522748736487,6.243559134967239,3.6690616496629462,0.04378984564271377,0.03586715130930609,-0.030025255325525593,-1,,2
1212,0.3560108127883802,0.17109200159698723,0.21145353536154982,0.07926825530720105,0.17501872407485586,0.007156670871025827,30.258571463804962,28.633411708067854,4.461024454116973,True,41.382394686626114,6.863649990085041,1.90915637462548,0.03951213845253759,-0.028953165560767276,-0.005437727648754273,-1,,1
1213,0.10475352156893364,0.45389354971959134,0.19989701182415945,0.009536072677778649,0.03917162703369288,0.19274821717584414,32.931866668898024,46.67272001364775,5.357879721200742,True,8.092870471945162,6.4742439398148015,2.681417445932641,0.03085760992340222,0.002182140103346969,0.004133852817231944,-1,,2
1214,0.28691990266993206,0.14643787992169466,0.4803609922752002,0.026260819755681175,0.032694109002004,0.027326296375487728,26.489948432895062,10.15742093886621,1.884564916963835,True,15.782380727650281,7.179616219253463,0.3662331303340428,0.03947965845685933,0.027236565843902456,0.014065143877119487,-1,,0
1215,0.40912368999612064,0.08330064104687661,0.08228183510575963,0.174081392466541,0.007605632297130064,0.24360680908757196,40.4261618000252,26.888862214193345,1.6242271328182434,True,58.28808671179131,7.023735789373713,0.4441471761898752,0.05707742219842103,-0.03306605609730906,-0.0004328810309431022,-1,,0
1216,0.20271660968986316,0.039938827264682474,0.02262117028199265,0.05257574376631527,0.04406796331304289,0.6380796856841036,29.73666150687077,37.08061054665198,6.832603880871594,True,0.12156304510833474,5.8392412989365825,4.579665029678015,0.05863144330866013,0.01593896833490342,-0.01920357196520012,-1,,2
1217,0.5396187004431569,0.06816946733021517,0.007729348483235005,0.03175252728668288,0.14613135562880114,0.20659860082790893,38.92046549049887,29.126654599469063,1.4072118979861428,True,44.512118312438666,7.173951358617233,0.4051235462211549,0.05589633620238585,0.000629800892465204,0.014986128035421485,-1,,0
1218,0.3025619168063658,0.14653497059514378,0.20360510651757108,0.08347037167207558,0.0024244502317176484,0.26140318417712616,42.87251593454955,11.20815613805998,1.6175209248458826,True,41.34602656966114,7.3706212425428745,0.4506254368667725,0.06799323145875602,-0.054012306058505544,0.006929372766191055,-1,,0
1219,0.3457881285961974,0.18114015843096243,0.33830502757459907,0.048119874749222476,0.05371612261562021,0.032930688033398575,32.38497791930472,49.23953309848895,2.7235541036485715,True,51.01769806519314,7.059550205339409,0.4505990479475418,0.03774173979063354,-0.037334709523522254,-0.01895419014641272,-1,,0
1220,0.1404139479025231,0.3558616468637935,0.10820268413666621,0.2687034567262245,0.02377381557767341,0.10304444879311928,34.34831597102487,28.214443904062144,5.269544287163837,True,12.403531236322246,6.4226173930147805,3.152224643883966,0.0364422694964168,-0.028999829828044776,-0.021630189609230008,-1,,2
1221,0.07237764603518158,0.584379632749173,0.05949622879599001,0.19415042134239896,0.05288602400047589,0.03671004707678058,28.009734238889425,12.693225175048912,6.101731964759953,True,0.6532277054874245,6.245928845098871,3.97300014313563,0.03261246322381785,0.05717298368165623,-0.009809797323668006,-1,,2
1222,0.5106644734518082,0.21879606694816978,0.03237128118383709,0.14209180413108358,0.02497627690329855,0.07110009738180277,35.37201545937647,47.396682583229115,3.7912164788170353,True,105.91391591877166,7.057033860117008,1.350100398408539,0.043618107783099,-0.0019721721257718663,0.005176573739077069,-1,,0
1223,0.1414709831710959,0.1751238016194449,0.17961022389473008,0.09932998572723624,0.3230118105067592,0.08145319508073368,25.182393077003272,45.43993021641073,3.6585517762461706,True,33.75380877383765,6.992709261210835,1.1696399440027225,0.03265526822128094,0.031628549302505665,-0.00786540134681769,-1,,0
1224,0.28979452263746713,0.433610734240792,0.0320880702981226,0.22049149220052314,0.006362174941240252,0.017653005681854933,40.345114112646776,30.977970231330907,6.216525907740294,True,1.4393581566933558,6.118967550893398,4.252395302271763,0.052438941848454976,0.04116941284971279,-0.021722110890276446,-1,,2
1225,0.518281133915804,0.026467827599264058,0.18655993030696286,0.2035246315340921,0.00038629160666414457,0.06478018503721289,33.95548862437577,13.781231200246351,5.4655527060844395,True,5.850660930931029,6.587555681606855,3.2651994118703667,0.043295971269613875,0.006046075972140338,0.013072234531955643,-1,,2
1226,0.41031088739133065,0.28014585765308386,0.19929002508613355,0.03993980789614958,0.02440290278981604,0.04591051918348623,43.80048081571673,39.975541189862014,3.4556133967346208,True,127.1583355455567,7.115398626342935,0.9478148569450211,0.051905301805522504,-0.0015469500297503854,-0.010337396481644681,-1,,0
1227,0.2953879376059928,0.052345939835049184,0.015189446580319753,0.1862160229507444,0.4174795050511443,0.033381147976749535,27.111655653831534,17.04217470642093,1.3328608771321153,True,18.4672884911697,7.149176609178601,0.4051419301474484,0.03900282785544541,0.0019178384971268116,0.004039795993678645,-1,,0
1228,0.25089642973715265,0.17803289599171088,0.2111999331214375,0.14024953178675525,0.10916427328089431,0.1104569360820494,30.013189457920912,23.582340591983495,5.536498701110585,True,4.093563995971429,6.470083467929242,3.2508030836471713,0.036496886152742776,0.01823437291459589,0.0005569577415342839,-1,,2
1229,0.5302650471354474,0.25709528579220614,0.0060549038089055,0.017874796472154144,0.05071470436840924,0.13799526242287746,27.808267246891912,38.21979249622183,1.824412922444349,True,24.666601225234537,7.236100288041514,0.4402750477194176,0.04120844913389734,0.03859564590931607,-0.002161985679316492,-1,,0
1230,0.6970512131980704,0.08120987759423265,0.04059216883670621,0.0925581730981809,0.017434120512490735,0.0711544467603191,28.098041607394755,35.33786814192477,5.159466195986233,True,10.199418089320883,6.484078815781321,2.709965185303415,0.03950272106618488,0.008792577903908808,-0.007336992706511228,-1,,2
1231,0.39251877917252337,0.016409724679291943,0.2146640765186827,0.08719517190341486,0.1726750799582298,0.1165371677678573,32.608720346240425,45.17849833765247,2.7574099399134426,True,54.91835036613181,7.064765208799629,0.597178637548996,0.03612289426998848,0.007277164632262834,0.004790180957476934,-1,,0
1232,0.13749957276090866,0.20635129273660194,0.09258166328769941,0.0668688367692983,0.011454601653541108,0.4852440327919505,37.208829573060946,17.42786697962999,2.1020206398620216,True,59.22373783755418,7.178997908491011,0.4055497112559974,0.05022708541831916,-0.030426673269851868,0.017588447786669993,-1,,0
1233,0.08803812029720663,0.039260664710316445,0.008438982090677085,0.16722831606356897,0.14256867646539692,0.5544652403728338,25.20353847416773,21.642077207452214,5.6348881371160155,True,2.5908866403759765,6.28351744367117,3.4639606135258822,0.04835002229847262,0.0097792270126714,-0.005944674604512657,-1,,2
1234,0.2838656040001183,0.34312166948298156,0.19831142761909654,0.02101293002676504,0.08041422241011767,0.07327414646092102,44.882169983133736,47.96634850335421,3.830168078220077,True,173.44495467713978,6.983651498081385,1.2863709679509572,0.05336931943941745,-0.05941558215373864,-0.005454839349179405,-1,,0
1235,0.4138345908248901,0.056017589992428674,0.007340982482919516,0.16767329265377412,0.13156642028284432,0.22356712376314328,28.022462645680427,29.731121744667874,3.2360111656508144,True,49.61109559064941,7.173675048790301,0.9336861226155403,0.053681912448328525,0.0065325404351856695,0.00521837583255336,-1,,0
1236,0.2540116490712581,0.05064672990945837,0.11325246692661964,0.2696738780455082,0.2871333628204143,0.025281913226741476,31.37634700289044,13.334044185575404,1.20798496913966,True,19.849935299394605,7.155003486596864,0.48981333064402255,0.03576926475327737,0.019130490245514817,0.005981845310989276,-1,,0
1237,0.28689977060656674,0.1221682096549104,0.09529766093604783,0.18064472652169633,0.21177812204312335,0.10321151023765535,36.007559388097235,48.283116027511916,2.337573524901519,True,70.37573409305162,6.992936864661208,0.5073497424783753,0.04580761786189871,-0.06936739710180993,4.52090006833106e-05,-1,,0
1238,0.2300722447582771,0.05674317282229429,0.2926802416153122,0.002009318470777507,0.16186185255576815,0.2566331697775707,43.46770685588734,29.59834113386798,5.702205034067413,True,6.030788981234694,6.16672746600286,3.1802753704493507,0.056669406478068896,0.060662427818614334,-0.007658402890947716,-1,,2
1239,0.49008796161826307,0.1029907703032285,0.05357698289251592,0.31344330004982324,0.02480429173735301,0.015096693398816339,38.02530513230059,21.184799858323217,3.0467225624391245,True,102.5533186414604,7.1675380834055975,0.9913233504602079,0.045191120088091466,0.005883298819095369,0.008170209194865599,-1,,0
1240,0.0996513273301795,0.04321973156647212,0.13728817650212313,0.45647336895710955,0.0016901224300340811,0.2616772732140818,34.763454230222116,41.7058342861025,2.6566375060632392,True,95.51528898172081,7.230153772276902,0.9946264185860468,0.04338260760464477,-0.009085262576729819,-0.004477839203604962,-1,,0
1241,0.22756910679407696,0.24156533750591566,0.22549788919168381,0.04252052252769548,0.1722681783394075,0.09057896564122062,41.06877341804666,38.86824831390285,2.2174201692623208,True,72.84563722205829,7.251574546218853,0.34099496973219895,0.04370755391948025,0.030395488291324036,-0.003577363307182325,-1,,0
1242,0.10614073342878334,0.01972471983968828,0.4733109992997314,0.08774738736071325,0.259452651217332,0.053623508853751715,33.58366681758241,44.56506032344702,6.978777185708495,True,0.10800185488990156,5.7779210614267695,4.845411914553755,0.030674623333973278,0.03072097960347142,-0.021498158939067622,-1,,2
1243,0.27049864170147453,0.25667524645037076,0.09231013243902064,0.007277472232385668,0.000539074568334057,0.37269943260841437,44.89750311176587,26.828507112477475,6.443189943746595,True,0.9945417366864836,6.0229283977323504,3.97446626003644,0.05931283349825411,0.07391227261251115,-0.03318444269668555,-1,,2
1244,0.12852164789942877,0.1409288149348626,0.027839194720094468,0.4203554171541184,0.11801030556591158,0.16434461972558428,30.74066247017344,29.63379790219419,2.634268313124024,True,54.76498190667421,7.222789732037251,0.8976063216792423,0.0468807444598087,-0.010005082620670484,-0.0032059374624134195,-1,,0
1245,0.1887393500057812,0.032654217983912576,0.17060313296413196,0.5448206413364092,0.04748756027782725,0.015695097431937744,28.149287295522157,25.681239615603857,4.112198576806562,True,59.69965058481744,6.981158954228721,2.464379059921047,0.045866577418936516,0.003141454455944756,-0.010497826156714827,-1,,1
1246,0.13767760854526698,0.22505952188129466,0.42042706331517343,0.10853255242658758,0.09577934297466348,0.012523910857014015,35.30821357096553,25.092337764959666,4.463609752007763,True,66.71337911839711,6.906934512057483,2.007695678013272,0.03318643706904473,-0.042931439993565856,-0.00021389013203196566,-1,,1
1247,0.04811836300393368,0.28927832703123263,0.11131324634844533,0.24988343097017746,0.04500508887277582,0.25640154377343505,35.513228541573824,23.477108190395853,5.417803338740436,True,9.07866777921272,6.501639685902146,3.2886557231772326,0.038911337498891696,0.008743888719381924,0.0013339730850682515,-1,,2
1248,0.2012296138702854,0.19280383318482516,0.15751883827867014,0.22108141638585446,0.12475946032758531,0.10260683795277949,31.77340691862615,37.28049645443309,3.398956413025029,True,68.7000876877305,7.135005310106638,1.257458868750492,0.0356158238857723,0.003378770348047873,-0.007776299826743633,-1,,0
1249,0.7136638643180816,0.1753933269234541,0.0340060098491854,0.0413731208308575,0.03511436328849,0.00044931478993138845,27.657745073265783,44.367391501809806,3.7850065902907235,True,46.1863121982841,7.062807523178349,1.2063926690357707,0.04235937751290505,0.011604362662949869,-0.01884407083793794,-1,,0
1250,0.4892517608512882,0.05586098034221568,0.26014333276885665,0.07032311615684156,0.011720474461899983,0.11270033541889814,25.930959676500535,36.870096889729254,4.0545571616594,True,39.57002658855306,6.965469340718042,1.5090932461327637,0.03763043741148098,0.03856434102436746,-0.006452222426175794,-1,,1
1251,0.46694970119084045,0.147771440143478,0.18830777579082633,0.17476787160322327,0.018580234086227845,0.0036229771854039833,27.228686604902972,11.998863140403007,2.478379359833521,True,27.244086456673116,7.037035656413179,0.465182314940056,0.03563919000076972,-0.03479543987632159,0.0009210757867156107,-1,,0
1252,0.7239345331849597,0.01394617849558919,0.11209894915262278,0.11684535884999446,0.029276137677050864,0.003898842639782925,27.341597158800656,19.197286442024218,5.857656735988424,True,1.212937149206253,6.314409429202297,3.6362992861102192,0.04016537076164857,-0.026996711393331457,-0.016866065920034905,-1,,2
1253,0.3761598260053152,0.13810841650064876,0.3464565624817806,0.06167529726867025,0.0043078739381639175,0.07329202380542105,33.658842432460794,49.58783250019399,5.210222679526237,True,10.554126222483657,6.464626854688384,2.6469865439547764,0.038207147929812814,0.0036106597497997314,-0.020498927078459503,-1,,2
1254,0.3998785121705946,0.05327800074454689,0.23192607409511512,0.2580546886916935,0.047645363810007044,0.009217360488042845,28.80158903327644,48.50766707292492,6.23528497843065,True,0.5905071064903781,6.221545474217053,4.361693750440708,0.049727269173115235,0.028851373201498116,-0.025105488744733388,-1,,2
1255,0.2783713141964623,0.013223695592108136,0.17131726126202912,0.13650040505866115,0.3614458754282793,0.039141448462459934,28.65671360900235,20.063828901169796,2.0587320781453053,True,28.199816793803468,7.262300483586287,0.413474155702892,0.044745796850761764,0.040399631147036506,-0.023294098591917153,-1,,0
1256,0.053227938830186894,0.2558132336248573,0.5676697940189435,0.012215612195721247,0.004690532429344155,0.10638288890094677,37.00091666640171,13.433175369400278,4.708341772805376,True,31.860589964931915,6.783097961665663,2.006299336020313,0.030691293752132445,-0.004742261200391833,-0.012119215755708804,-1,,1
1257,0.3049067510747264,0.10799111439433162,0.1592289798648826,0.19655118346431252,0.07649671619416791,0.15482525500757893,34.28286464904719,34.30077147215192,4.396322378980154,True,70.17753471544592,6.873550951730631,2.1452780043767334,0.03766601561212753,0.011930413360046811,0.00524217660370943,-1,,1
1258,0.1576969398601372,0.11315504938078388,0.24686234546780542,0.31915215594186536,0.05966302547286651,0.10347048387654163,27.302424444871953,34.79375750069457,1.163193229577257,True,18.347347741430543,7.117449188724589,0.4222690235667889,0.055410864863456206,0.015671521968519522,0.002714088154346352,-1,,0
1259,0.33163008276455247,0.2927057010298502,0.08732767432389117,0.2170259363109523,0.04393415225837443,0.027376453312379496,31.93305467809153,21.090400630267077,3.0877345845546347,True,46.25196400996487,7.347478839987946,0.8615847907875809,0.04141604075580433,-0.007228858147575233,0.005084130985042971,-1,,0
1260,0.3132152349611739,0.09312437602348196,0.17264599219791957,0.20074437919904167,1.6875559867573824e-05,0.22025314205851537,25.482342260122092,44.66823979260252,5.586364789588853,True,2.740618628249851,6.441871986011678,3.4154639175206962,0.04379808762080167,0.018050532003905294,0.007803447373288133,-1,,2
1261,0.1459889823244325,0.058939514069902686,0.43362132944113513,0.19884881366756094,0.11430378419062226,0.04829757630634654,33.17272858438806,44.792295215160735,4.276144596463956,True,68.27743066190452,6.805088092852022,2.121066019195767,0.03154513662181677,0.06394476202216635,-0.009450119428087865,-1,,1
1262,0.09157948843476559,0.3633310152555795,0.017936953405777976,0.25229031463160806,0.0005250459063662668,0.27433718236590265,31.501330762327356,33.79790875476705,6.627537134747316,True,0.2231349370704679,5.929284226846936,4.951704195480442,0.04017903808479835,0.037662828152230945,-0.011384287975846858,-1,,2
1263,0.17426048302776784,0.057914926784576486,0.24476206920132523,0.4060195354420976,0.07714395874527158,0.039899026798961214,38.50519574504951,42.24189273735795,4.912529795631912,True,43.10638691659723,6.593246761020585,3.01670535280374,0.045770942475145945,0.008649452523228818,-0.01220345594598147,-1,,2
1264,0.45695011346676634,0.08879159942072778,0.18210029464446836,0.13645975067651503,0.06669069965210736,0.0690075421394151,41.16940894462272,13.641464404747921,3.008767980023981,True,90.22588509509785,7.179211007217732,0.6897871648725739,0.04940572508293031,-0.03395046432091765,-0.009047313158489388,-1,,0
1265,0.35903484366427474,0.009444729726748742,0.3037535559407716,0.19974024206768223,0.12432790189288248,0.0036987267076400545,30.849684324656852,26.640265763210774,1.9481680249223026,True,35.37956924972584,7.2089361938339405,0.4866443388958258,0.038817800633027845,-0.028434796194368787,0.00860303838707565,-1,,0
1266,0.2309648055948904,0.27236730627603917,0.28770256686152,0.16634074950169647,0.029124166990385197,0.013500404775468792,40.36768107076844,12.8976194637041,5.831582679193499,True,3.4158366578139137,6.231273960703329,3.5930396667738975,0.05331698762636181,0.05074671527443853,-0.010239725907545308,-1,,2
1267,0.21414752005813223,0.19352578748282775,0.1018993193558866,0.16803227539861473,0.31980933379410903,0.0025857639104296336,32.9673806033609,22.554986439535107,5.111824943845126,True,15.34533164136644,6.631494714387655,2.887308927226327,0.040152333690230774,0.02449136663288127,-0.018807598248179062,-1,,1
1268,0.46955873986166763,0.16259710728969276,0.15438480757146586,0.02843982333846346,0.0005747514598090519,0.18444477047890112,40.624016822596374,27.9737861712278,5.092767386723804,True,26.223168584279055,6.6739165777349525,2.512635441494092,0.051742273068973214,0.061011685580336705,-0.009432273409775382,-1,,1
1269,0.4705304904343146,0.21720796666035602,0.14796546421438633,0.05338963045400512,0.00351615937562557,0.10739028886131236,32.430383236474455,28.77223182433417,5.4645660683867545,True,5.3179497845218755,6.390433218203085,2.913086723207818,0.04605308387085247,0.013323038424641054,-0.0026029037523967076,-1,,2
1270,0.8341131309988755,0.023745865694541145,0.06482962259367774,0.023319446590306464,0.006137997807705091,0.04785393631489394,40.99543514064833,10.12709877845991,6.5379749811867,True,0.40337063971982223,6.108878578888022,4.12216996878904,0.051316588886220336,0.019790903388399894,-0.0238470981523241,-1,,2
1271,0.19941520245723787,0.23790299477177498,0.17669901469815583,0.3591581612906175,0.0014426769110213093,0.02538194987119242,34.35151127427034,46.04131687544685,5.415061362608266,True,9.394458698128762,6.398471366920372,3.596339059439447,0.040631412711549776,0.022414451230008917,-0.005380743461415348,-1,,2
1272,0.3022335599243955,0.018686074445277066,0.003871810973473996,0.5339640523810866,0.045544313322687706,0.0957001889530789,30.818782050324838,47.00735005507561,2.6009694502884875,True,58.685159006276805,7.271288899391612,0.8631540221679461,0.0566913759625262,0.009895107798510749,-0.014014201503326303,-1,,0
1273,0.3376987443079502,0.12038902220950684,0.18680207029877566,0.2800710437782437,0.014746813798485798,0.060292305607037806,33.091494597610264,49.452657818697816,3.0411501622420607,True,66.76682249395493,7.14486570516054,0.9806111387708485,0.04548724245380875,0.035111685175128804,0.010776052361118085,-1,,0
1274,0.3080284267276516,0.03978153053069603,0.23596365175805437,0.3151554727834288,0.05825045349119462,0.04282046470897461,32.12026525301079,32.18476960833029,2.0462667113729056,True,45.29582404582823,7.166087144325261,0.6649544638930553,0.04142892902306911,-0.028443033823468796,-0.0029067417254512035,-1,,0
1275,0.20116198364963503,0.39160476859668997,0.17019126339445254,0.10442177598632835,0.11827492722348561,0.014345281149408327,39.08059009980581,32.27654501660211,4.2816011310761075,True,99.34638684585553,7.024403863803943,1.7681278603500767,0.04097326259652494,0.0031414892812153417,0.01096832702119456,-1,,1
1276,0.5417290200555719,0.13438939731113758,0.15659642856544198,0.11734399385070614,0.037241583825594234,0.01269957639154834,42.20293992791221,48.59554748465932,6.521611319241913,True,0.595592125977375,6.044467520244019,4.415214389133379,0.050824194516940965,0.020038123468717552,-0.016152626647244463,-1,,2
1277,0.454361920162335,0.04382894424878555,0.23089783189024532,0.1779167913855981,0.0689573045433836,0.024037207769652277,35.61244235670112,38.01863389602931,4.4742266473594094,True,54.24684794403794,6.82030262273298,2.2709164469705225,0.043899704453323675,0.029859977525909624,-0.022985386633040547,-1,,1
1278,0.2633078399842862,0.042746373067496075,0.2710899351098511,0.09878351179536442,0.2817361126628141,0.042336227380188045,44.68355981652008,35.74352376575504,1.0266730863606346,True,50.90286741157395,7.311640920330354,0.37234945766157934,0.0554099257866911,-0.03253443470046008,-0.006551721079220853,-1,,0
1279,0.32901777288995565,0.18901635410242423,0.009982837107550513,0.19756916928174928,0.00811327082357555,0.2663005957947448,44.03103393054599,45.32950793800343,2.376322384438163,True,100.53255279658599,7.088139306057799,0.459304283346935,0.07044235249606406,0.01154965338695111,0.008425154733375458,-1,,0
1280,0.15375378146519894,0.20170041074443706,0.40207649230429665,0.04158113073506717,0.04398085933577965,0.15690732541522062,37.44676968816549,23.412110770420213,4.602401985399025,True,68.69375914289911,6.9225066502279295,2.0138982940496066,0.039603017742905595,-0.03677485684131457,-0.009407103947209684,-1,,1
1281,0.3192180261373421,0.10134429681454094,0.149470652873614,0.0659748481641579,0.08902430178720756,0.2749678742231375,39.644233060063556,14.920829347675983,3.965128929420379,True,82.16726646391783,7.097363922687374,1.472849436975038,0.05255075527539608,-0.027476278708508863,-0.011342615671644882,-1,,0
1282,0.12059026197020196,0.12387381121476534,0.10682075296128352,0.15696851391158026,0.029539198998945894,0.46220746094322296,31.317620316594024,17.272071491675483,2.6080667251525393,True,47.868436100380045,7.106437127374324,0.5340557937035249,0.048207511540389124,0.04035642931460812,0.010931625453847293,-1,,0
1283,0.5166070519944747,0.0834482970349529,0.09569491481542164,0.06195304852461029,0.0007662315720919004,0.2415304560584486,25.629938879736034,26.490306580221883,5.05452613724637,True,9.766594434854138,6.553108115853134,2.5033546592191858,0.04065136005479705,-0.025444789191941986,-0.01405219886525129,-1,,1
1284,0.5628910096732759,0.02705597479057105,0.1594933653380147,0.09908860043377904,0.036879449404761094,0.11459160035959809,30.93679818496547,31.918492167634742,4.353069066366584,True,49.96926346258613,6.975454667808996,1.8465987159432244,0.04599526078983123,0.04135758610153081,0.004966858093490499,-1,,1
1285,0.09088074387802944,0.02128893413782467,0.6370213426755582,0.027666476235791382,0.002924867744467571,0.22021763532832866,30.069095219571388,44.27739046073529,5.131235661485651,True,13.253654192821397,6.463505786338972,2.7814964839811056,0.04701010810885689,0.04420897518359007,-0.008654880843250893,-1,,2
1286,0.17970721757620214,0.057184303889467894,0.0556501481122435,0.060161851083030085,0.005652800239644787,0.6416436790994117,29.850118265781433,21.607024705525394,6.507171020179998,True,0.25853094553224165,6.07028283679505,4.271391461148742,0.05035988933954955,-0.024728632230124024,-0.00954599946086924,-1,,2
1287,0.48095689011679876,0.1468879383325688,0.08468157657096269,0.13577554685504284,0.013623127233035446,0.1380749208915913,25.546755265792594,29.85090466020619,4.026439477269097,True,40.69214957135051,6.860229553445644,1.596563586232371,0.04842275595232104,-0.017225266931245216,0.018210637054911855,-1,,1
1288,0.11669226400978544,0.02929344217880352,0.46665926673102004,0.07497018832690043,0.1299255476297617,0.18245929112372894,33.49736106999926,33.968598195690724,6.173993430743551,True,0.8995513279793479,6.027909358970995,3.800626350414986,0.037341062344563046,0.07824907658149853,-0.039921162699565,-1,,2
1289,0.5707860049431996,0.11491470973850873,0.10002378147413005,0.08625518830924178,0.06977347367180287,0.058246841863116926,42.529748097672666,13.471681326333304,6.560279299565833,True,0.3904127103864736,6.001439498715043,4.33400618645535,0.05635921681858486,0.04262199243217372,-0.009508768112009049,-1,,2
1290,0.2065807682722797,0.004697955248716022,0.6694325684775088,0.10221555226786116,0.0034386705489704984,0.013634485184663765,37.90717877769663,28.370724288441153,3.419605291569536,True,99.52989067783462,7.286810370159618,1.0499081338303888,0.06460947731513665,0.045836519932541356,0.001499486237273376,-1,,0
1291,0.2999393368109003,0.059186815138166725,0.05500437403640492,0.06905356456705955,0.05954750851116165,0.45726840093630705,25.465120527576634,26.32640355234113,5.5176706623821525,True,3.0218088170680506,6.501358384501587,3.02866643813273,0.0454494521422868,0.025870868582612762,-0.007067998109635389,-1,,2
1292,0.45598068843012307,0.1570405771090737,0.16768185137610217,0.07806566877033828,0.08709815111824683,0.054133063196115924,39.27423339396955,25.125458399175567,6.368495094667542,True,0.6675283159409964,6.0034092289397565,4.196628999789642,0.046888533193446595,0.032017747727593415,0.00613158959201404,-1,,2
1293,0.3319283925644955,0.15048462986734187,0.04989746887118596,0.04358942083786534,0.3835039955106608,0.040596092348450595,42.07583544815856,38.102255155186114,1.466665207364031,True,62.34505383667487,7.257293256935884,0.43665127570701273,0.04781885693459862,-0.012728250012982414,0.0064789857895487255,-1,,0
1294,0.2432015511876137,0.03176100425000514,0.05414386135212702,0.4288032927659265,0.0032896361351560373,0.23880065430917163,42.348567963638644,45.23420349141473,1.668581700363846,True,74.49176687713502,7.220547700306168,0.5950585814430458,0.07389453175554622,0.04959234019533111,0.010028708138500453,-1,,0
1295,0.3709324648781773,0.0473522370923161,0.16915222753638753,0.057726502961690615,0.3162029932748453,0.03863357425658322,32.19929217607558,31.658093834611098,1.6178603694056983,True,33.33863458160122,7.197344826038913,0.36965428193975236,0.04218648622746744,0.024696540981993934,0.0021468591485169545,-1,,0
1296,0.7028997081864673,0.18111550758959646,0.03983857019433244,0.03584289042165575,0.004141900747679591,0.0361614228602682,32.233303649522966,17.081301422661774,1.8382817502990905,True,31.222915713823305,7.233825418091099,0.31207789179305645,0.04577789773611712,0.0003075906360254707,0.00950310704116222,-1,,0
1297,0.5303755454248652,0.016497581040934333,0.06337211274616866,0.007345749726105587,0.19175990350264482,0.19064910755928136,36.63071319040952,27.82886249855583,2.0436435724675217,True,54.996017411100766,7.247528093006113,0.3599716666712849,0.04308088011877024,0.03312540311642944,0.0053440487625565185,-1,,0
1298,0.6653585280039791,0.09604985324917632,0.05549363722252095,0.1422650869144423,0.005947521855838202,0.03488537275404316,31.066074606788867,25.664419596999302,2.2400334723123247,True,38.62510676667838,7.206942759574209,0.520128595981344,0.05349388847473625,-0.0018895495344447351,-0.006632686276130798,-1,,0
1299,0.39003158188542464,0.16600203838459662,0.17375599042198647,0.18034723646956813,0.011940325720129725,0.07792282711829437,41.45886113372486,37.958787294785786,6.612882031416238,True,0.468213182590977,5.857641736830502,4.6274009227044175,0.049143658987409064,0.011467740764823386,-0.020890010207946664,-1,,2
1300,0.27375742751044085,0.012115236925928268,0.568369326500822,0.009501745260024824,0.11774301849588069,0.018513245306903497,31.57953133890013,13.602601895227405,4.26508889070012,True,46.740803088555204,6.769593560546464,1.5580528879439886,0.028433067864979542,-0.05295685988798233,0.02092432821012183,-1,,1
1301,0.17783794850908324,0.20521684356706246,0.033568815440488176,0.3689634726675751,0.026113957201681713,0.18829896261410928,26.398544322751487,16.90043218876658,3.326673221253981,True,44.4659861485122,7.232564268499979,1.4952574428412881,0.06074990124420661,-0.006950831198261869,0.0038290855089305616,-1,,0
1302,0.2691178116128725,0.06701543850668637,0.31729334051424163,0.17890353203393816,0.05046267014662046,0.11720720718564105,25.417553197122924,34.99363437432067,5.157195271550339,True,7.207426471840061,6.5904540028676655,2.835704537444682,0.038306994850558655,0.05845333004823479,-0.022299476642876834,-1,,1
1303,0.36288500138530483,0.11024157947233491,0.0711689195519246,0.11121487986801844,0.14295625849974755,0.2015333612226696,39.73448863888744,34.03294442783723,2.6188084021188116,True,95.2961547039193,7.229793669058195,0.420832745917313,0.04910579450726304,0.014169035948097108,0.0118270435658757,-1,,0
1304,0.44443495945584327,0.2741838198320824,0.10020635581595798,0.021177098172456384,0.08578724275978082,0.07421052396387919,42.28964954928305,25.98373106184859,1.7628851777929195,True,62.81497827128553,7.226940595383453,0.4477342302249957,0.05288135981883486,0.021979255321214666,0.015625849009131856,-1,,0
1305,0.47561966630433467,0.3447079795010376,0.04114177595427041,0.07104998199639319,0.06401620877748902,0.003464387466475125,29.873718609106607,46.95080171781243,3.9438952055570735,True,59.249003557072456,7.046865537581174,1.37461931376133,0.03283606743815819,0.018708227984910165,0.0021956689045905305,-1,,0
1306,0.08780815021931228,0.0546460125491953,0.0011869362931768868,0.4071467658577838,0.014370952642531225,0.43484118243800046,28.443024822492866,24.39735514361591,4.3711136108761295,True,45.09973523553224,6.760986028878205,2.4594091365713457,0.053416297196592584,0.05746098647871423,-0.004751225362081423,-1,,1
1307,0.5291475028870719,0.25154609671282885,0.09898919636378459,0.10405307139250378,0.011752165875027235,0.004511966768783622,37.177422255051155,29.638863533452643,4.695049539067647,True,44.5953786315963,6.640621772036078,2.1937195913920076,0.046260003988483164,0.008609400316700828,-0.0031083699792423033,-1,,1
1308,0.48497850377916984,0.15263470495304637,0.10830711794259144,0.09923928961675904,0.0399426479189302,0.1148977357895031,26.80836986920934,48.88975376820277,1.969991310756162,True,22.538819165583472,7.167803140504736,0.4090123056238671,0.04953329824875538,-0.043725876869154794,-0.0024511627960746045,-1,,0
1309,0.6903973866054739,0.06098679699069387,0.015790331188309092,0.18248633716990595,0.02248709689529832,0.027852051150318972,36.34947909008068,48.73451701532298,4.343726317623949,True,76.72507933399653,7.047293821009041,2.0991365606798467,0.041789309752734996,0.019530016784117,0.004558047454473742,-1,,1
1310,0.47467006605662304,0.12320847381759403,0.10058758638262441,0.2630557432737275,0.021269418520492033,0.017208711948939054,29.948774193048546,27.614406418335516,6.576458609156129,True,0.21515995742643118,6.099589821046742,4.989583961247463,0.04236219022199049,0.012915869271191122,-0.01457503932912266,-1,,2
1311,0.327291609839078,0.13046319236872106,0.03279976574186802,0.10912343546512744,0.1496858318773087,0.25063616470789674,26.733314848602177,26.00672603965132,2.9617884479349046,True,36.77791667028635,7.14304887322704,0.6587429164279522,0.04679799346264147,0.004601515874008924,-0.007181498296694747,-1,,0
1312,0.09399362688524376,0.12078848199653178,0.07050316745750224,0.3983574857786546,0.28418404139261394,0.03217319648945356,38.207554031512984,26.871392304299032,2.153605955961004,True,70.63687727780088,7.255177771228615,0.6203468501319451,0.042814857409549274,0.00850921461344283,-0.0052723177789647455,-1,,0
1313,0.22630304460771136,0.10950467354806614,0.0869710966240501,0.2888047446227556,0.25922879716103897,0.029187643436377694,41.46062875789301,27.846160174342618,2.4951388697378913,True,103.95436075457842,7.18672377999877,0.6365044497226338,0.05585839264698085,-0.043679935724995976,-0.00034559472403380655,-1,,0
1314,0.20751799333457718,0.08404174411900858,0.014030490506172987,0.15618436618376796,0.3518427937078123,0.18638261214866117,35.72614539616676,42.59347860678869,1.0036442765086158,True,26.594079003487202,7.209155833076258,0.5327275816102303,0.0478311532606924,-0.04694002381593871,0.016047841202170902,-1,,0
1315,0.248341471110383,0.04687419029054529,0.3688850731697237,0.012677987241026744,0.26657724556468954,0.05664403262363174,31.90832869213328,33.96736123635707,5.727359462727396,True,2.9518486675783397,6.4440016766562564,3.198105919617847,0.037787837253206835,0.06093036757341718,-0.008961407769156837,-1,,2
1316,0.17664227281758438,0.32967725053411473,0.09874717366036707,0.10326619874672259,0.001938612484511135,0.2897284917567001,28.069592801879356,48.03307883378593,4.933394851331971,True,16.595753174590715,6.548079890791592,2.5292849563995725,0.04391655395126956,0.02675716469624098,-0.010177517716197213,-1,,1
1317,0.5120408465052607,0.22170391261858466,0.11818020258493214,0.10840955119839306,0.014347161921979112,0.025318325170850232,26.83625442156353,39.78934976071506,5.591648603784156,True,2.819890715364757,6.364458160505537,3.229118352865398,0.03620152564663217,0.01932457410376772,-0.013059760133838264,-1,,2
1318,0.572669163765136,0.16019629853935224,0.011710978152287044,0.1312572294476926,0.052966787648197636,0.07119954244733459,35.73066933731849,13.232753793382797,4.251420663230382,True,56.90754759210369,6.895455453172646,1.8170080986500676,0.04248603928734945,-0.020319256708771515,0.0020761028712674057,-1,,1
1319,0.29242525359957844,0.3481723959472975,0.025690065153459382,0.18272559559100002,0.12007815204107786,0.030908537667586704,26.61441117711181,41.61026822461814,6.775938703641307,True,0.10836495850241279,5.969167981279634,5.074758049936784,0.03389185171027635,0.006340419533359468,-0.010442798634003436,-1,,2
1320,0.41739712441714055,0.1951218332158918,0.08303002012419712,0.24548728122781777,0.004197122495181507,0.05476661851977116,25.900525328329135,33.21947856599496,3.462845651411387,True,44.448969124596836,7.267894029336511,1.2169760729524373,0.036984019079714506,0.02780480400838045,-0.004412099421676925,-1,,0
1321,0.2516105799102083,0.20084417181594913,0.2855146299070168,0.20859104487245234,0.018827734262179586,0.034611839232193735,42.405991466228414,35.922552406814845,6.528578823525304,True,0.636545488667725,6.0780696271741865,4.67707085500675,0.04916813940137051,0.03254175905490212,-0.01732380893307691,-1,,2
1322,0.7436623409456447,0.09042380239580475,0.054371070317521863,0.00013834610815728228,0.02184732057697376,0.0895571196558977,28.672827891891984,15.027530118408365,2.433759909200605,True,29.391995200430394,7.279720928702024,0.48338148126443614,0.03875317249417618,-0.0028621191704981184,0.00864067814699435,-1,,0
1323,0.32076490016306375,0.07578954163963104,0.03528581093464418,0.24119874899416388,0.31218448891803313,0.014776509350464198,31.604639824886675,12.935498754547785,4.859835376029344,True,24.070414930800393,6.758262085342974,2.6612025779439246,0.04253114183495319,0.0018726532114606773,-0.010159179610883824,-1,,1
1324,0.3920699940316456,0.029896113507361374,0.3408142621625802,0.1253922475150011,0.00014023831864241694,0.1116871444647693,25.816941930001402,48.06121573480209,4.1289330923188015,True,38.53630803298266,7.00173890319656,1.6431078529183705,0.036095774431731675,0.01402961164223539,0.004447050179305243,-1,,1
1325,0.23282980578131218,0.0577120773419613,0.0570045175235142,0.25090047775856034,0.09704768959124366,0.30450543200340824,30.786456363443683,23.707608171629207,6.252573450871161,True,0.7043836651955994,6.06371404207215,4.4573913198557475,0.04921384255966897,0.014244046134154923,-0.03130836624311486,-1,,2
1326,0.29599157625186856,0.13861034089451973,0.24228743298005095,0.0426770244142383,0.002022526373158857,0.2784110990861638,25.677345987220615,43.50113621070236,3.689871776668001,True,45.759763114585304,7.05552868106402,1.2465257751214713,0.05243806987021278,0.003171260696704858,0.0031590477040967196,-1,,0
1327,0.30254601110835316,0.2362564877511804,0.14570039286554115,0.11161014680590238,0.029364143423077655,0.1745228180459453,25.329631363918036,42.919716498479744,2.527580571825232,True,31.74498731912731,7.148852615367716,0.4082466868831772,0.03595452072300331,-0.01939893294934113,0.006984294388176279,-1,,0
1328,0.27686212299514285,0.1567352012651073,0.27359074363574876,0.08673008112951604,0.14556715257170835,0.06051469840277667,34.60010662533331,42.58120634594859,5.774162339529803,True,2.906358480863037,6.244041691925097,3.474206263254168,0.03422174974316822,0.06548108126079867,-0.01818711561898071,-1,,2
1329,0.28335337255712734,0.12406997408604145,0.42154013688536507,0.09281101040367697,0.002090713187364942,0.07613479288042423,44.0853053011896,31.456350005371494,4.897841800212307,True,47.74453710006691,6.6366013667578585,2.436623385343345,0.05216160972226389,0.06126577439602265,0.005682541641077846,-1,,1
1330,0.5416264166544664,0.11298911331374309,0.16310107177490457,0.04620439177987181,0.11840846358514738,0.017670542891866654,29.271491975357304,23.890004349267407,2.683353205639095,True,39.58735104300596,7.239582809368133,0.4072267250239684,0.033758290566147216,0.0009561373634291148,0.006142219559433554,-1,,0
1331,0.37490138312722476,0.008921432885680975,0.5351045208717337,0.03050688463298927,0.02247039013142736,0.028095388350943898,30.375884786709157,14.333442020178095,1.7402056938019843,True,25.571451894502072,7.120196981283545,0.35509084124261403,0.030091136531489,-0.013769342402606428,0.0022669320466074537,-1,,0
1332,0.4772414857310464,0.048589469881693256,0.06445169550107466,0.3123364153980215,0.08298861973936354,0.0143923137488007,26.23824204206433,16.999211741117076,4.27296200156785,True,36.67582167878597,6.864242442822265,2.314759937330331,0.03980971776912868,-0.029974732851585376,-0.010933017518034643,-1,,1
1333,0.2753272869265831,0.13276878953032456,0.3607230827139779,0.1482957459238942,0.0011721988743136234,0.08171289603090655,36.86145016923164,49.10872062471818,4.249325620153035,True,81.51912968936628,6.822505519511062,1.8876973574972564,0.045287473944290405,-0.001115243772036617,-0.0234213876429878,-1,,1
1334,0.1394318616526851,0.16010477586762775,0.360390633045124,0.310408895663314,0.018738848417683678,0.010924985353565541,44.485035002926395,40.42269976886553,3.071346298431753,True,172.73231173572168,7.423763220521771,1.0189253602053518,0.06160557027001767,0.006035737164110613,-0.007775970497116423,-1,,0
1335,0.1860603464571103,0.12377100696908909,0.10720791324893553,0.4517741300716132,0.07578812327648878,0.05539847997676303,28.304970600177597,37.47087194976372,3.300017980872278,True,49.93457930303213,7.1231069111281515,1.4809874801629277,0.04198868456252561,-0.02454470022645105,-0.0015365175712689727,-1,,0
1336,0.20007073270974213,0.21439388145311275,0.5165870023061598,0.0036921777864076656,0.06492420822391759,0.0003319975206598978,32.380595349956906,33.64023379645882,4.906730278742071,True,20.386395525754445,6.507501502760348,2.3081502381295183,0.035111678283233874,0.01921969742619474,0.008169539546378543,-1,,1
1337,0.7826677605746591,0.022505216454029867,0.0017848448184548211,0.07433580538682123,0.06805826774863402,0.05064810501740087,40.960043071542394,49.542142569737614,1.440514513032747,True,50.66278905010738,7.2138167754228295,0.4384029265432742,0.056141396736153634,-0.014565513849601005,0.016310777832221,-1,,0
1338,0.47235573968372313,0.04659803569162859,0.19607211307673403,0.1835487263865499,0.058236936027727455,0.04318844913363693,33.40756729412349,27.94846661905593,6.098824647917807,True,1.1843623079942112,6.1776341694048,4.052711283209349,0.04161030903681879,0.007830229968850431,-0.0039020934925839725,-1,,2
1339,0.5276665325661938,0.0019320439972143934,0.3433245224454161,0.0919987572717728,0.015654902365269705,0.019423241354133213,41.341705880378385,28.80612631683187,1.2397051673557382,True,47.87853749436557,7.238560102986301,0.3364694362756737,0.04791194538575298,-0.0058646846192069,-0.008635556395875032,-1,,0
1340,0.5782236039768541,0.2193676531169665,0.009426991851517273,0.014817360310781678,0.050106263320335194,0.12805812742354516,34.43983572553687,24.596062540494053,2.189291979423106,True,44.346801634647136,7.2077107932959406,0.3269249010128594,0.04251271028183838,0.03526455931504729,0.005045472888188371,-1,,0
1341,0.09623032344973809,0.1654888137731258,0.3272095488622811,0.23690052836704187,0.05521412794549074,0.11895665760232249,30.567855572211386,42.10465200332982,5.148417372495002,True,11.178278447783718,6.624079947572437,2.940738872113169,0.04130647810787364,0.017776970619088447,-0.008489706268470381,-1,,1
1342,0.3598695804982449,0.21619489118262397,0.08700367669049781,0.2811299389266262,0.041598716284161126,0.014203196417846191,32.10742154375605,40.9365949998848,2.9104047284641656,True,65.85778618398203,7.153886577400166,0.8799557841485546,0.03687044645946384,0.014468121230259354,-0.0076803575102076,-1,,0
1343,0.5960035286842145,0.210760724599334,0.06577792409491473,0.08197550527487105,0.01903985358699405,0.02644246375967156,28.91594596702117,19.177703917190698,4.198521233095035,True,40.84970765477545,6.802259173927316,1.6562125159104744,0.035525054749134824,0.025834377876134046,0.0035759938892192546,-1,,1
1344,0.2215633672421969,0.43388668167212413,0.2301828876857559,0.06833622775297174,0.030398426073562183,0.0156324095733891,41.70826111860033,41.84495289035935,1.1372074741507239,True,46.293923057510995,7.150826239060672,0.29272645996535357,0.04349466783406063,-0.0010091616850251223,0.010599745518450226,-1,,0
1345,0.14888381690981156,0.09234970978317768,0.06192635530911972,0.3687548336565558,0.3174308174226168,0.010654466918718387,25.36777689540298,10.415672498887858,3.0666464635510646,True,35.18475151259228,7.262542467137854,1.1577334866038167,0.043716867449818744,0.0348995089585311,-0.004174428580038316,-1,,0
1346,0.32170316208897093,0.11433317802122024,0.2317845514235011,0.300557911387784,0.018180382833839017,0.013440814244684563,33.99030752718591,35.94507039225741,4.206487141967304,True,81.46264012937573,6.874147222171597,2.2270439289434374,0.03592477566855149,-0.04740572146634289,0.0011391824247827219,-1,,1
1347,0.33099558564000575,0.37384619743387015,0.08747039320343214,0.17589001374185828,0.026673804823049763,0.005124005157783848,42.591000866243625,46.669498825879856,5.025083891068494,True,34.560120726749766,6.629465593677366,2.698218116378586,0.04893758181947075,0.06002396066310957,-0.009240276696800198,-1,,1
1348,0.5654111969810123,0.004493585267330124,0.20056064019972678,0.0028888891526466297,0.0653571136210511,0.16128857477823313,29.36378164001959,27.846859642918254,4.709871787721742,True,23.329389917612417,6.683816986820622,2.0131331339104777,0.042877980296127355,-0.008237723304504577,-0.007855147936110342,-1,,1
1349,0.4247299883001964,0.0692582669727936,0.41004886009059965,0.012583024609101252,0.07228917314015257,0.011090686887156335,42.35696156425801,44.983509659045566,1.5153733784393326,True,55.92915144056347,7.239265606122961,0.28142810113588884,0.04556921126178938,0.006478438462873491,-0.005388400245184583,-1,,0
1350,0.45734555868693677,0.1349971968976534,0.21542747259120928,0.07309870231432228,0.03359434217601496,0.08553672733386336,43.58801784320889,20.887811203790836,3.9515355332847633,True,129.816124672407,6.928226251277441,1.4526788226728482,0.053753591021321274,0.02002089646905872,0.0037500537460353083,-1,,0
1351,0.15047365024982026,0.43792173315830907,0.08233063957478076,0.2514254867220902,0.07216672413860002,0.005681766156399721,35.36811966479932,36.43875088164061,3.9037106090459925,True,94.28791150526361,6.948141463115505,1.6691110853588322,0.040393264108873075,0.03430779998108286,-0.014848144041360967,-1,,1
1352,0.3012044091780415,0.18175252020814736,0.20722565458702832,0.26141871944522305,0.001787674871280716,0.046611021710278894,44.84077324750936,46.84196372515258,5.0196332459352435,True,47.10357605057943,6.6393579528320315,2.857127866989351,0.060132311411335446,-0.003057989197168369,0.007465669868894242,-1,,1
1353,0.3824063140339468,0.42968115865485657,0.10946821821170469,0.05827879961103381,0.01331427234324899,0.00685123714520914,32.888542267894564,40.03958341945441,2.260817374351812,True,49.30777895267345,7.211851793911052,0.39052825306596484,0.03354241537499098,-0.04947108285909923,0.014042665850198716,-1,,0
1354,0.06605089449746286,0.1363768513213682,0.21136675769318652,0.34931709358974106,0.07920973409248679,0.1576786688057545,42.01047764287209,45.36021019922483,4.359580835562872,True,119.93413954155733,6.919560985409441,2.2877864325770774,0.06282832233994991,0.006413184659820365,-0.006278487188741959,-1,,1
1355,0.3650143362659461,0.016544096625535357,0.001595487912097789,0.007988841368204587,0.5961683222671401,0.012688915561076269,28.830582987125165,47.25000336070123,5.773965823568238,True,1.858958425825241,6.311655091957348,3.278822956438095,0.03592290201095549,0.044579013814740484,-0.01613674302593345,-1,,2
1356,0.4196480079109459,0.33570254001766253,0.14393597664797103,0.008488431601823008,0.028942027698235763,0.06328301612336192,26.301845703503318,26.33503889429178,1.4890416711432735,True,16.227725596350318,7.023907209204373,0.33081662774636134,0.04383669002048986,-0.030231265307791976,-0.009695355719069588,-1,,0
1357,0.287505117928211,0.015081600857529026,0.19654958921152868,0.2210985889651583,0.05873869204343237,0.22102641099414064,28.133531913444564,44.796924666001566,3.4594970464995036,True,64.16009665168957,7.124520047448771,1.232075307698121,0.04068071278215881,0.04437953342283327,0.001060997135457569,-1,,0
1358,0.29844264308171636,0.16985494899613499,0.07065193088459494,0.042043221754259334,0.3046687650723542,0.1143384902109401,40.922610452942806,13.966119310035072,1.4242350097623824,True,40.05497075821049,7.2013042857664935,0.34992453589533173,0.04682802531280827,-0.05482215166141424,0.003751656928857698,-1,,0
1359,0.470356116591366,0.16645113348312904,0.2276457193809246,0.10328888243892119,0.030697845260263985,0.0015603028453952206,35.59049730695027,26.335464577103064,2.65816998342964,True,63.19655795954114,7.100679918188891,0.4813157483316858,0.042400038031158674,-0.0027867285158795292,-0.0011736081221372316,-1,,0
1360,0.3449185909430112,0.12479023759488117,0.2689164121330657,0.18728004368579004,0.0031427111044333377,0.07095200453881838,34.436883991990456,34.591419427510246,5.386394031749593,True,8.556526057239175,6.457939997305611,3.1369584395144243,0.050109402128640006,0.004728127333082279,-0.005901903307669379,-1,,2
1361,0.1433660069908946,0.2070584319412398,0.22472468909173202,0.2303707759989148,0.12149398985661827,0.0729861061206006,40.05099046389276,44.080623601414416,2.4589055204905534,True,93.51680535302279,7.257650517650512,0.5405896047042713,0.046493954581882505,0.031812931564694856,-0.0013928994438107587,-1,,0
1362,0.17353158414036038,0.41378128169913087,0.18814000142504905,0.1651172696654585,0.0003427677923415155,0.059087095277659575,43.14043183699739,21.328752630081972,5.970277889294523,True,2.7939103912670467,6.196721323767164,3.7585007424123344,0.04940295202565059,0.048216824503402804,-0.018475927185034536,-1,,2
1363,0.2508787337324236,0.35076393274879847,0.0474933409995874,0.12849680279759526,0.012208548116085627,0.21015864160550954,39.09957368054871,25.00232486573301,6.180111010995299,True,1.3257816526307071,6.123208020165403,4.041444118048077,0.05659725808688832,0.01297463809685704,-0.010850007560406268,-1,,2
1364,0.13640626069108344,0.19673296209847513,0.40957987345455155,0.2284012486984928,1.2018053179413187e-05,0.028867637004217673,44.91540567664242,46.60680652855595,1.0673993493061438,True,63.175331874381,7.305698825137347,0.3687382638318899,0.053321428005391296,0.04306654384971152,-0.0023208013800288035,-1,,0
1365,0.2643370109472969,0.1926232634274152,0.046170209081325526,0.3654241591548452,0.012254664079638414,0.1191906933094788,39.14730802906794,20.61108406353449,6.571296890330352,True,0.44109370622370303,5.996735568339213,5.264237049758126,0.05068932237273479,-0.024858764607012758,-0.012806085400961379,-1,,2
1366,0.3869438200838342,0.08280821518345756,0.1480572780031878,0.3153236625845328,0.005000958750846084,0.06186606539414137,43.72941847072585,44.313429058661285,1.7569381498082703,True,93.58488099639614,7.031489705182809,0.6557877151909068,0.05928498605735444,-0.032660229804855,0.0020771709757351465,-1,,0
1367,0.1561291161070767,0.03870247486745773,0.2544111264957437,0.48225247135998883,0.0030828387903998524,0.06542197237933306,28.138525091820846,44.446126801943706,6.068881239090745,True,1.1885260971610538,6.155136828204031,4.686823515628195,0.03907533037911549,0.03553575662575058,-0.0008918311029457813,-1,,2
1368,0.47976288124248473,0.26086911626484904,0.12339639894304794,0.09383804797670425,0.03932524407802291,0.0028083114948910656,30.0506314099023,19.583493495066747,2.480252210229354,True,37.709747716155434,7.1513242715887175,0.37825748003130594,0.03452029003391145,0.01019898379272097,-0.006203502817889925,-1,,0
1369,0.2522786034589621,0.03379426520068559,0.13491728850576648,0.210773605097823,0.006178355533470494,0.3620578822032924,25.543190158589827,45.612407778435795,4.046934618894829,True,41.69633498676306,7.068397750011554,1.8400016300766808,0.07644715778513689,-0.006993388423363977,-0.009557049893813807,-1,,1
1370,0.04124136405958782,0.22473666187351898,0.31652870326734955,0.03287186223602912,0.01371277604122097,0.3709086325222935,41.420059821568465,48.62504035879891,4.661221597455442,True,67.69935773312206,6.931991403839793,1.9947721488550878,0.05097612402499689,0.030245467468173585,0.006166980768987546,-1,,1
1371,0.3114799243854197,0.38937962243497826,0.11813476400171262,0.13612130059940863,0.003068872210074683,0.041815516368406115,38.692320095809876,42.25767379860654,5.005245020271267,True,30.35427954166912,6.598470652149004,2.5700815545166993,0.04235422942092854,-0.02712564730155041,-0.011885921016818988,-1,,1
1372,0.4363150528732531,0.020908873324280725,0.051587386730815074,0.03907680167095623,0.13075169331026834,0.3213601920904265,28.55408301818307,13.75932939189667,2.8103695596416665,True,34.112543910717314,7.343897305699947,0.5429535599606315,0.0441019855988963,-0.04295370176613657,-0.013207455800883672,-1,,0
1373,0.11449930180482618,0.223105246514325,0.48565042666954583,0.025329837810998703,0.009253078842462004,0.1421621083578422,27.747491672182655,30.657731206729657,4.321300256915876,True,43.99207583984766,6.897865176765895,1.7367583198948695,0.04539842906683219,-0.014436525433267658,0.00491812724106805,-1,,1
1374,0.38420758981980807,0.21882018323747715,0.2325176849774524,0.14628303355155592,0.015664636211675253,0.0025068722020312848,38.112857582678025,21.254365920814124,3.1740974249330165,True,95.62980612246609,7.156396621325939,1.0058373475555191,0.040630987033501834,-0.015408443453355734,0.02362318949011456,-1,,0
1375,0.3116236835656136,0.46987893435134254,0.01506867033968197,0.0355462419066108,0.07429761211158768,0.09358485772516334,42.34290035747196,48.97503964144197,1.9106065378601602,True,78.05280637498326,7.141507783021474,0.32367739772264414,0.05845322404348996,0.07369103462453128,-0.007923320628134833,-1,,0
1376,0.29986233810230994,0.2600725814191465,0.02863093181294694,0.3492082749619236,0.009085336566039989,0.05314053713763327,44.4575449204994,22.987208689367506,6.286144558329771,True,1.4977732025689559,6.081160422595145,4.6554245890701065,0.059901772174490206,0.05226662539250084,-0.023782160236622447,-1,,2
1377,0.15547657910927573,0.4123479842797741,0.026788507221572742,0.11092267294980726,0.08734675987659948,0.20711749656297065,29.792626509189617,38.174821556841025,4.71456045755017,True,27.5774343756723,6.722847750697955,2.207501939568826,0.03691180077720604,0.019667334231411218,-0.003026045046332884,-1,,1
1378,0.5184051554978801,0.02708398244522906,0.0660757579366442,0.2852586304926456,0.007507070361952782,0.09566940326564824,38.77508655212465,25.379461332750036,6.822080517478395,True,0.21025123500607645,5.86161403240342,5.210855824756087,0.0651000703033167,0.03794964660817188,-0.03258982815869937,-1,,2
1379,0.15730682223958975,0.567860887635389,0.16460645698089102,0.042187423778609845,0.037432520973584425,0.030605888391935857,41.09120506395976,34.82100994256581,2.457102184973653,True,85.06243058221085,7.285367713094722,0.4813576070219673,0.03989054236007976,0.06468527054499579,-0.0007403426780964868,-1,,0
1380,0.2262719404965785,0.16614957996535445,0.2617570818149732,0.005484731652524496,0.2848634010595107,0.05547326501105863,34.94374339040782,47.139190057507804,2.086413162837875,True,46.97803582006544,7.204320997972497,0.339180200328578,0.030285917527897093,-0.010821976261250716,0.017497808792989365,-1,,0
1381,0.3260891360671824,0.1787295560830278,0.15497855428899399,0.22169061473428323,0.10001015054680494,0.018501988279707775,34.9126057407518,15.525885039220793,4.512021359287822,True,49.651811236302485,6.70755858977491,2.221031452927634,0.036933430890343864,0.0019840275617434393,-0.01165513187793221,-1,,1
1382,0.3641926749520939,0.04321864006273494,0.020245877172073733,0.2785406911810767,0.16771115851206075,0.12609095811995985,31.375618981005395,16.24245804966604,5.123086414894034,True,12.390832814787958,6.725977269389037,3.041039467176177,0.04693296342606345,-0.025303308663770608,-0.010086492379689987,-1,,2
1383,0.4318293455413954,0.15682867475054715,0.310534335872769,0.003928180437941521,0.05196512799644731,0.04491433540089966,43.251077077877966,46.851585987270646,1.698573668405395,True,74.44853541900608,7.367482296767087,0.30866126094899127,0.05184337047931317,-0.027637038706695462,0.0030907587083503084,-1,,0
1384,0.27847839137911834,0.31943378173477277,0.08833003358410778,0.2016225156927039,0.05509239634061718,0.05704288126868004,40.80307388435741,24.165184336025142,3.2725423825879236,True,125.19962699913943,7.283947612495355,1.015938586053531,0.051287915394562573,0.032987141900687585,0.004493297937867338,-1,,0
1385,0.3366805762377931,0.05809147372155559,0.07734235283326692,0.026253930441299433,0.5006821334208525,0.0009495333452324822,42.214103910232055,44.86963995404104,6.709365304477345,True,0.38271285160764057,5.829394321458419,4.446793096182111,0.055784925906949036,0.008461433093466225,-0.012483121924796371,-1,,2
1386,0.40740709089988536,0.34701957571700637,0.07619448585639238,0.006761534684581595,0.05397706210795917,0.1086402507341753,44.47594614935222,29.83743006460692,4.015582499248819,True,150.14822901289023,7.019898469544664,1.3720136823806606,0.05808735763239164,-0.04761244020766975,-0.013590415950183222,-1,,0
1387,0.17400846146728458,0.11476652497978501,0.14138228105277917,0.420708491784196,0.06996118103119262,0.07917305968476263,25.93916688044915,44.95172556218242,2.7048184215678406,True,46.22467387276813,7.118228018862317,0.8213945331977887,0.041768149991031456,-0.017638256719739592,-0.015228033054230268,-1,,0
1388,0.4076746617125055,0.031289954288205954,0.08628888243041148,0.17735804218573,0.10219308622146911,0.19519537316167812,30.59485367946261,26.313653983542657,6.670817763548439,True,0.19462450825277483,5.711353111816104,4.742351501709628,0.04691832865382571,0.042679652166042616,-0.006713563708474993,-1,,2
1389,0.1851028589636403,0.4106923394606471,0.010282878017331952,0.20606600382514223,0.0006241455831883736,0.18723177415004982,34.562192555964614,38.50368690931483,3.044588042015336,True,76.33495688113389,7.180764367816743,0.8054705924446453,0.0460597713687905,0.001998413554972732,0.0025058765223484854,-1,,0
1390,0.12114706725971786,0.09213408447758775,0.338467356682605,0.022467798558755428,0.25519449361466257,0.1705891994066714,37.911532314097016,23.695364197802974,2.698107042893821,True,80.05942870652038,7.215334335533976,0.47241605046994983,0.04117777834803376,0.016503542423936562,0.007200857013980965,-1,,0
1391,0.7545708198580251,0.049371691353702424,0.09740996121540506,0.0874565854117383,0.0007826148890135212,0.010408327272115417,31.291768477927985,23.422685058978757,5.548130803073652,True,3.2247054986851817,6.416391226764799,3.1744793419777904,0.041254731918634414,0.024378257270633405,-0.012082630933864956,-1,,2
1392,0.2703890416869053,0.18373860042442522,0.08664467548027684,0.19048495220074868,0.18721180972170418,0.0815309204859398,33.078509253838334,18.83598766609577,3.344680722114692,True,63.71487420001749,7.2043942419678775,1.0278538354834914,0.042689808324857186,-0.03225253885274423,-0.008147641584375873,-1,,0
1393,0.11092613938539458,0.14923746712837319,0.0028777484252977053,0.5749328496414176,0.09933860102443626,0.06268719439508073,31.507695886068536,12.304641823892077,2.385021007562856,True,51.10444258975454,7.199477254838685,0.8348385810111038,0.04311110712399683,-0.056255089754337136,-0.00594130764738223,-1,,0
1394,0.22974477430024925,0.042139289191368244,0.18166813117399508,0.19425866483321222,0.0866703232062512,0.26551881729492416,25.63942294002658,47.492571177600645,1.6955561924352196,True,24.1851542821319,7.17908597202068,0.49778805869885984,0.045083689270708695,0.02206785008998632,-0.0011409076520299238,-1,,0
1395,0.2382804289246714,0.3146933312715932,0.020543258047463785,0.3706133941871386,0.04408798825168258,0.011781599317450545,27.141052540252897,10.53605521609767,2.5676002101506907,True,36.984884891355875,7.118690762017681,0.7458803288474588,0.047364827833705846,0.011087560494932038,-0.003228025711048316,-1,,0
1396,0.21269663038637573,0.16020156328291776,0.237707858448069,0.13818753816924767,0.11484404799674482,0.13636236171664515,42.386366760963,21.745485753183548,5.1370493973363835,True,31.025719988761992,6.317286714137583,2.7469539380615595,0.050051541962602,0.03183603450425291,-0.014062785928764374,-1,,2
1397,0.3599324593827614,0.11234672313456298,0.08564532012075655,0.22116330672328002,0.023013616099895225,0.19789857453874385,42.0040347111387,23.62672390249038,2.9365313214607633,True,122.87444467281914,7.178129616246249,0.7600113228875346,0.05717095288136241,-0.027654580976231635,0.0007832024903906202,-1,,0
1398,0.4317533482076221,0.17987238002344996,0.0009136207553326998,0.1768020223464872,0.06772042183737936,0.1429382068297288,28.987223692743868,49.3129745105034,3.0336042762736164,True,43.622619370199146,7.237095695300226,0.7784163169185709,0.0415689725550678,-0.04385166122080508,0.004466327403654632,-1,,0
1399,0.5675590051475797,0.18918794062126276,0.1405021577701234,0.006318919740641508,0.08234119842869586,0.014090778291696497,37.19931360004423,42.09508886197193,1.6600130327713694,True,43.22323056499054,7.185197151809866,0.283496334005213,0.04540933349769051,-0.03854083460710557,-0.005742201939861644,-1,,0
1400,0.28166331716486465,0.08805622961094191,0.20921817778821233,0.24043976696416386,0.0015036964541491023,0.17911881201766794,28.02426020886472,38.477414351455565,2.2941493624128606,True,40.39973301584705,7.202042620225476,0.4985932847715848,0.0425794731204381,-0.0114918277536983,0.010157655628597812,-1,,0
1401,0.426686674316278,0.18843800850971157,0.2820046323097714,0.0038991681828054736,0.0016293714798281738,0.09734214520160551,35.94906070013594,46.1661611302843,1.0372713622144536,True,24.378506541388198,7.178325269725344,0.26504667556250683,0.046604261820426054,0.05241870953584266,0.0036361514935006256,-1,,0
1402,0.6771685978262046,0.21943518281844648,0.05058493810379843,0.012177110868992454,0.005473939696830582,0.03516023068572746,42.96009189300391,16.121602457344537,5.319112318430389,True,15.095047820400948,6.462155933157969,2.746715567817841,0.061254830235004706,0.04263304234753047,-0.01586192270519557,-1,,2
1403,0.07892434360419165,0.21735785213256428,0.18754897656270542,0.2884412165598729,0.05019683469045455,0.17753077645021123,32.325908602636765,14.539537109646915,6.529168801096612,True,0.2900482213849721,5.987674738582638,4.964467839924382,0.04046618003949436,0.023378760990180464,-0.005625156194687789,-1,,2
1404,0.3273816256607702,0.3095878815262073,0.09848333797665286,0.19646875643105927,0.0674353260637694,0.000643072341541075,44.12206566991121,18.349295676402658,4.878496166400151,True,50.194975785000395,6.704108510115515,2.67679637678971,0.05803757759780998,0.040269391998539836,-0.011568548581164566,-1,,1
1405,0.33546558084836897,0.27205112662533865,0.09987346609860726,0.2291253409609074,2.941425488686757e-05,0.06345507121189081,42.3784167206809,22.517198993447188,6.309163909366486,True,1.0347551082987947,5.997954601689677,4.7864095013918675,0.05555678118124582,0.036865283123790324,-0.011231576431202173,-1,,2
1406,0.23727756602049524,0.07714317377444209,0.02574576139512481,0.2776922740989095,0.050898422722071804,0.33124280198895656,32.755588063433564,36.35497970166112,6.803248688577453,True,0.15853074551661303,6.003835797139137,5.173316018869746,0.050191821492249086,0.03944285327126759,-0.02985842455450037,-1,,2
1407,0.17777563445363523,0.3280113071004273,0.028430590953541814,0.08091953989350643,0.0024919199670437498,0.3823710076318455,39.290224295864014,28.84642571465585,6.248408086228008,True,1.030197640426688,6.045710288700807,4.0149375787676895,0.05179795394619998,0.016132371318784047,-0.012807977821677323,-1,,2
1408,0.10845459612321551,0.02510411553387074,0.7630208380887866,0.046949149136173464,0.006528124623183656,0.049943176494769925,35.20742091988688,11.260951528268087,3.445233931548863,True,67.04157307280121,7.2176625920726964,0.9594868917889322,0.02716640736487231,0.03629814883875126,0.015670002436456082,-1,,0
1409,0.04296260723174403,0.16831423491083428,0.38569640524119403,0.05115755351675461,0.16986436077359088,0.18200483832588213,39.25757040382615,10.1512451542263,4.425793029615428,True,58.67225047480908,6.916048914477095,1.8485512244911788,0.040665697625479356,0.017078509247569172,0.002474624931580712,-1,,1
1410,0.29420062640248806,0.15724769786731052,0.07208240731089062,0.2305991246790046,0.21515159530224137,0.030718548438064836,42.813601588261676,36.945122663459074,1.137625948630282,True,44.93289596289359,7.2815895449573045,0.3571784469665447,0.05608814897937472,0.030414072193865205,-0.0013071769534088926,-1,,0
1411,0.04686927100597111,0.02079643636867189,0.2949507652603238,0.22840562187513985,0.003682909499533174,0.4052949959903601,44.66488533068934,33.06156242133767,1.8394577463353683,True,99.12115355370852,7.2240477854536564,0.4846655912628607,0.06539587947648598,-0.004292456762429875,-0.009523292413359129,-1,,0
1412,0.46070579279844664,0.3158548700889959,0.10271133447010916,0.07456190490284233,0.036840395533194376,0.00932570220641181,25.13880780409557,35.109889524418435,4.988291482286368,True,12.036657405283513,6.433568858085478,2.663737621891619,0.04341681800513238,0.028313733175099106,-0.00643389313002905,-1,,2
1413,0.38961074689446173,0.21704164434756495,0.10250728914872104,0.031087211140869868,0.24528495710485793,0.01446815136352458,39.07706389649282,32.40222868817441,1.4787195146691272,True,47.37931050617891,7.163120655041885,0.3084508630893939,0.0413183842467048,0.0006288626537149603,-0.005663134914023558,-1,,0
1414,0.1043652849629802,0.2500212005404156,0.14389623220675163,0.14606899743097712,0.02130753367847525,0.33434075118040013,37.12936896642279,32.62363783502286,1.8395108031479983,True,62.000787388684735,7.1649980061528655,0.4057320690581261,0.04461001302526534,0.060716996333098835,0.0026519123482481193,-1,,0
1415,0.2744806345148834,0.2291291144500649,0.2949976035377005,0.03784591423765552,0.057988838770971246,0.10555789448872434,28.192412984774414,13.842729708458755,1.7454637335157355,True,23.041559929079263,7.1780332268637626,0.29557658580101215,0.04424876788714833,-0.0036372820566419857,-0.01112617588370118,-1,,0
1416,0.24939179208996523,0.21380975788058595,0.2622917225656137,0.05747971046797778,0.00454443916803859,0.2124825778278187,44.39130870590748,44.083521612679434,4.082157096199412,True,130.4462801241105,6.948145438390443,1.5385701040042583,0.06402994746263896,0.014622003622958886,0.000854897140948455,-1,,1
1417,0.16097952743235133,0.4613061059319109,0.056305847837672854,0.11405386644762518,0.07382200788176967,0.13353264446866991,32.09856317102688,27.287644388615146,3.39318425678157,True,68.0753434678454,7.163216583643836,0.9941613862788586,0.03515180481983958,-0.06039430466333359,-0.007736144928333581,-1,,0
1418,0.2139749542504649,0.14217592768731327,0.35199512780793507,0.009138153772137211,0.12826684309665937,0.15444899338549029,42.96651135593206,23.123280497489965,6.096588583050363,True,1.9125767668085145,6.21326471313299,3.5250452761631257,0.04785648125867755,0.009889808582076484,-0.017581593181057346,-1,,2
1419,0.147367199047438,0.7149056022881434,0.006051543454670486,0.010210490274259274,0.009929341785440995,0.1115358231500478,39.06335313856103,36.61816337940702,6.287186413689235,True,0.9065641809674512,5.902756989259521,3.733799950901024,0.05121707845812261,-0.007824380581930357,-0.0017759798330964482,-1,,2
1420,0.25500713611331866,0.039032017072843726,0.18989154610987205,0.19607717877207304,0.024764201854306583,0.295227920077586,41.00822459554874,36.53164451341617,1.0137736831560118,True,41.39768813502457,7.2073157494224045,0.40677522571122793,0.05367708159457569,0.011077689636125721,-0.00754540112155078,-1,,0
1421,0.1807867463178162,0.206316213268429,0.14337024812023125,0.39935305868149773,5.1032667207516736e-05,0.07012270094481834,40.31173830537934,43.86989989506016,5.2327505299979205,True,23.39130637045133,6.529041551041678,3.423620794178824,0.0477769429467847,0.02127623381708145,0.006981161247348848,-1,,2
1422,0.21193969200978102,0.011394508584727061,0.36452611808356955,0.044845033590951586,0.01383620473653872,0.3534584429944321,37.74824165236497,38.67724512327464,2.9301512328789565,True,78.35219791611226,7.258647904171933,0.6733987669018965,0.04706249985149459,-0.0344434060499776,0.017880980034008044,-1,,0
1423,0.5254818177766973,0.13648919590024208,0.05417457539497627,0.053768419925399366,0.032108137862308136,0.19797785314037672,43.7236282670801,44.914990786533394,6.525301293854694,True,0.6260960187307484,6.0171164017513314,4.2813512234207876,0.05671319984287745,0.03753979712055665,-0.025122643912352617,-1,,2
1424,0.20373569185193033,0.24935913982690255,0.06929932136700213,0.34036211241777103,0.01763077020191257,0.11961296433448147,44.9666126502217,31.887145990883926,6.128414732485849,True,2.578694816135573,6.17010032070264,4.426969868470132,0.07149141348002921,0.06334320945817505,-0.019453567123170683,-1,,2
1425,0.3656836303937334,0.04443532646309801,0.29642845870299434,0.10634745566040683,0.004789458563592387,0.18231567021617506,29.718672280673793,26.541492452234223,5.26013876587954,True,8.567813881850531,6.467045584565711,2.8651732996378083,0.03884296548994626,-0.007486411528102838,-0.020154147276899525,-1,,2
1426,0.19622524933770014,0.08109577485152868,0.20603277268520206,0.3626969798067416,0.0431372636760311,0.1108119596427963,42.404723634088185,14.090613293170033,6.3269272644350405,True,1.0281843786591713,5.9542298046054745,4.744146252425822,0.05251388088293294,0.004720022728469591,-0.016086559669283806,-1,,2
1427,0.20361318683456714,0.10049324790587184,0.04452896449463022,0.4744573272561507,0.052568388935892676,0.12433888457288746,43.9889953458761,18.948271782196542,1.5609493462789765,True,85.00093825887674,7.269706796905531,0.570118111504267,0.08830058612682266,0.02283294969844821,0.0017314125269399018,-1,,0
1428,0.32068386810053257,0.09703917863483373,0.11565951386022884,0.2739565460717308,0.050335367605833854,0.14232552572684018,33.32863530482662,24.955502048478685,3.133975301252551,True,71.02817037699988,7.138169841109374,1.0984946226636088,0.06163154449521299,0.050010204372468205,0.010556799849403317,-1,,0
1429,0.2733668855482738,0.04112837710776951,0.001189722301953754,0.33371749294469705,0.09514680552230009,0.2554507165750058,43.329677911707996,48.03331561665446,2.4816726839740575,True,125.70263672009693,7.1116642520322575,0.6166721401259758,0.0738828187437145,0.047118769225502434,0.00804995191084915,-1,,0
1430,0.7379700185601795,0.02306888287392112,0.05479701584661568,0.022022617310483803,0.01916519353800248,0.1429762718707977,31.027790816657742,16.670414345736354,6.593565566987984,True,0.17940602440645304,6.023145792404739,4.213027258749408,0.040146077941125374,0.02212175710768017,-0.0027850215813910624,-1,,2
1431,0.53859017555849,0.0153340660595481,0.0206068816328932,0.12873135171475752,0.2428397806359839,0.05389774439832729,29.52914116068051,45.195399206239436,4.499664177189373,True,34.84610433056184,6.732412785922766,2.0850962703252853,0.04122321138827548,-0.008580984278338545,0.010594373467338512,-1,,1
1432,0.15759039209625983,0.529325924234185,0.22120744199897657,0.05419550783015459,0.03388512101290504,0.003795612827519028,43.44731191306923,32.78655408552892,6.470476839098438,True,0.7325063059040501,6.128676128025212,4.054759722550242,0.044553641301279874,0.025820479661304675,-0.00854352333360844,-1,,2
1433,0.03649959359788408,0.42553281930324627,0.026960287100255814,0.055718933662385894,0.14138887148081214,0.31389949485541585,38.73725368124157,11.829717816846186,5.632638317835656,True,4.398873925731586,6.421789108981487,3.1185494302325205,0.04758174610168701,0.039710217265599555,-0.013023964155300723,-1,,2
1434,0.3552568522214887,0.34806840754336504,0.01741326121816846,0.07116939847653896,0.07886339688376119,0.12922868365667764,44.07528873872839,46.61306718158543,1.8623913148139433,True,68.85587821569355,7.174923878326709,0.49722806100794303,0.05297389603602397,-0.002149235175595663,-0.01202921367362016,-1,,0
1435,0.37383090014414105,0.10273918201680242,0.16192100099455461,0.2892377006390328,0.02198581540896745,0.050285400796501636,41.319479661674066,48.05382812006483,3.282590568736139,True,146.27643031220092,7.270313545282848,1.1643745896951283,0.05158277611384341,0.004248198540729406,0.009282353201001606,-1,,0
1436,0.1976000695128096,0.3942132013833204,0.023161822511433436,0.30614413651545436,0.007461089478433245,0.07141968059854893,30.22149347468105,36.6577662199296,1.7338372634124302,True,37.166480907044544,7.2195307551392105,0.5002120714564107,0.04213974672448989,0.00863430366103769,0.014117237708457358,-1,,0
1437,0.15452621510663667,0.4291122083672994,0.09350518596623296,0.11998706372357539,0.18916253066103406,0.01370679617522134,35.00354874704537,44.13805623253252,1.3805769728749073,True,35.85489948328537,7.253045933795064,0.39787229510838457,0.0288072913994568,-0.0063233313614796385,0.014222771446124662,-1,,0
1438,0.22618292989313946,0.15262515258189716,0.11963177456883654,0.021216515858208763,0.39541838061927814,0.08492524647864008,30.499892502713628,35.51554770512482,6.243290585396661,True,0.6002699409562888,6.075829776298533,3.7618811592598425,0.0388244252525109,-0.013528256936141896,-0.009095055140305855,-1,,2
1439,0.06961395216292511,0.03827250251701806,0.3891281259819929,0.15007107182598575,0.15786303670335033,0.1950513108087278,26.20452578368441,13.300919280701278,1.223212191320254,True,13.378857271830764,7.229561631812997,0.3348177850821968,0.041356762996202154,0.037488982670853946,-0.01723138489499202,-1,,0
1440,0.20934757635782844,0.005349334227144986,0.4267107445448789,0.25975534897049973,0.07389488009878109,0.024942115800866856,30.912157759895017,44.664687242628865,2.980016162083248,True,56.85307339443652,7.206021611135217,0.90733631586,0.03709211891230236,0.027520341830375335,-0.006507899280313376,-1,,0
1441,0.08378649451653036,0.4196372354299792,0.031491372786694845,0.4196166144437638,0.008739679678470478,0.03672860314456126,42.155544794195364,22.165649772743954,2.4530781998786817,True,120.96038680676573,7.1613724733238575,0.7686945345569689,0.0721292843889828,-0.040335991418259436,-0.02182837786711803,-1,,0
1442,0.10161387390319923,0.2750943325521136,0.4124782094718259,0.08985987614070326,0.09043436940181636,0.030519338530341483,39.29702963931439,28.20371995476132,6.2566357949632945,True,1.2004864081880469,6.058597699374854,4.036515635167388,0.04581841934113798,0.016052074791873802,-0.01626589608774834,-1,,2
1443,0.5265750910175876,0.20332003018594946,0.0007919108261779111,0.21728211069335707,2.8040186976645843e-06,0.05202805325823025,43.364091134950925,35.86896101885239,4.513822438849775,True,95.16338703330769,6.706632082577207,2.2316992464249266,0.054513067356861074,-0.04314045874669419,0.024264310887182422,-1,,1
1444,0.48252821706799987,0.07606912072450416,0.2959150833437249,0.11721255879466477,0.028026027952632863,0.00024899211647332796,27.605099660918945,20.20187165876457,1.5508872768062787,True,21.112875441614495,7.221179907021251,0.3717451808640612,0.03402699798063491,0.0368343013908744,0.0009601895412320921,-1,,0
1445,0.5439915776410482,0.07202031540364406,0.08306161221093633,0.07897693987299209,0.14804710304534424,0.07390245182603508,40.45317606806346,10.659661147466455,4.159282075087954,True,80.47339338005636,6.943719887946537,1.6431567983557132,0.053972960578839255,-0.010895088098574071,0.017866578209705736,-1,,1
1446,0.21383750214431876,0.1636217636658561,0.1193043338130548,0.21215864143653435,0.16341793208202046,0.12765982685821545,40.54611144228198,33.956328894411065,6.538078223887222,True,0.7123602340046123,5.976726817035941,4.677269722841119,0.053274088061242786,0.1407337934902241,-0.029137922826548243,-1,,2
1447,0.1883602306346279,0.14950315077656232,0.3242435746974289,0.10016694965727228,0.1294609051431238,0.10826518909098481,29.200570931297857,37.02090633135026,2.623975759752258,True,46.951286038461,6.982635532842408,0.4437841873024048,0.0339132946688828,0.049265256269732174,-0.011353257827303993,-1,,0
1448,0.09694379526568801,0.40249188197661534,0.08057921119422917,0.20074793904038357,0.0605203639250694,0.15871680859801443,29.05132593093569,49.18403965603721,3.725838269010846,True,54.1288585794894,7.052389393114673,1.37708583102638,0.03514204391791871,0.017369953951268512,-0.012639655591578829,-1,,0
1449,0.5882728073078514,0.031333166407673155,0.3144745147107465,0.004730635984168419,0.0285927402031491,0.03259613538641154,30.70826989674917,11.944209165154946,3.2782478210298764,True,38.53080258432186,7.150294545027018,0.7300672647282961,0.033693113093057496,-0.023171794215408412,-0.0010603294788395403,-1,,0
1450,0.3826944304937682,0.13745018537309156,0.02082843836763418,0.07717374872177316,0.37523357695086,0.0066196200928728376,36.72003935007447,16.581977936651757,1.5107813561134504,True,36.3495983979633,7.0820486593903285,0.307963924204913,0.04301339204820542,0.05832394638925131,-0.017735049361833174,-1,,0
1451,0.24502592544238408,0.019525706575557546,0.20091358711066146,0.1515096228550527,0.3374588521945255,0.04556630582181887,42.496818258266984,26.655399259994415,4.403264515125819,True,114.15458072653158,6.894231866210656,2.0192663238348816,0.05332932192074409,-0.012301945612959704,-0.0006350694424945209,-1,,1
1452,0.20439258123412182,0.056120628024608744,0.19522105229957143,0.25193664871255594,0.0430492354664568,0.2492798542626853,37.4386637823185,39.12249360889185,4.014897830415072,True,96.46938501179697,6.960269077447532,1.7662994413692779,0.04628910196708572,-0.037057490475546614,0.0004207290722213503,-1,,1
1453,0.5210749644620195,0.2967749938842629,0.014750167518974448,0.08205635679680522,0.003062653779748124,0.08228086355818974,30.355970931946214,18.98134319348457,1.7125073005911098,True,25.53531229183033,7.143010489441445,0.42803089523936005,0.03974508160821133,0.027110851840603595,0.0010174739673857302,-1,,0
1454,0.376434429594742,0.2618068017677288,0.03622939039149668,0.09812888590821198,0.0027755656083661776,0.2246249267294544,41.06979680674051,10.966648712239003,2.655505519362601,True,80.52138266463773,7.121052511696257,0.4422647848838454,0.058668693467663936,-0.024729482313182262,-0.005451549865354507,-1,,0
1455,0.3019640772361447,0.21975077788370107,0.05359771358153388,0.10184688161437136,0.24431676962033044,0.0785237800639185,26.546289689267816,40.3956357096353,6.6810921662464295,True,0.15975600902925408,5.936760099378494,4.500019595096028,0.041800650413601315,0.04283958008123921,-0.01621692566023313,-1,,2
1456,0.13389203252865575,0.28168078621903986,0.12742096583365728,0.23423698524290898,0.019285209962727232,0.20348402021301093,26.30678675539505,48.53837369077377,1.5958908269950574,True,23.578892667166418,7.234934250962702,0.42069299039959435,0.0373448230223174,-0.020440421522225246,0.0043586024388772735,-1,,0
1457,0.8066296501119513,0.007062955577439835,0.07725824096464447,0.022085521559094115,0.02447477889896107,0.06248885288790908,40.833552097681114,16.594380835702765,2.417085893368584,True,69.23568543322821,7.212482054535271,0.29691272469549396,0.05509506185774708,-0.03752618414979384,0.0012145565683201697,-1,,0
1458,0.3062725321414284,0.20952004964767623,0.12241570563124694,0.10754653344047896,0.054414682787791616,0.1998304963513777,30.60050643101704,11.974170255266126,4.4707135992469365,True,34.33559630196112,6.80176820741081,2.017153180802932,0.03754584105269123,0.014528262040985314,0.005757781233160343,-1,,1
1459,0.1469743150040464,0.04795813334158533,0.010050077192958407,0.4306039247555589,0.04794746976185649,0.3164660799439945,30.72992652185762,23.695425402105368,1.8660873635941695,True,43.669564280139056,7.311247384118913,0.621302029192177,0.05022985830993149,-0.014487326890895831,0.004441294316683179,-1,,0
1460,0.2343787691824047,0.31868980765831295,0.04636737824747014,0.0845703033677329,0.04341461179602501,0.27257912974805437,44.42526309851816,48.88308906744522,6.40672799970596,True,0.8904168620511405,6.039414620844965,4.208293553715545,0.06422169503992295,0.012850022655709115,-0.0015826065383850868,-1,,2
1461,0.5035443918532708,0.14905787254141206,0.25022514274113994,0.012920001612468753,0.03908129401822988,0.04517129723347848,30.649786057579206,26.5488992509197,5.995617349002775,True,1.2603249613938623,6.313877437181471,3.736265115864445,0.03449202152430645,0.046495450639758816,-0.001062589830591749,-1,,2
1462,0.26106114736490044,0.1513680701162443,0.17128065004772405,0.3002677126116844,0.09811182912769076,0.017910590731756135,37.35324728689993,20.287883410833683,3.143913196028268,True,89.99042682481489,7.3540341889283605,1.0136493675079947,0.04608047637470003,0.020486401428754287,-0.0012685621509923148,-1,,0
1463,0.4586807177081189,0.09607350513526028,0.0063990854637428094,0.012934513361596092,0.054906111053822974,0.371006067277459,34.28093303086308,18.301845189776593,4.562423461974757,True,43.007178487395585,6.746291820034189,1.913093911840162,0.0517824835960447,-0.045942463103717066,0.004990497913502377,-1,,1
1464,0.4321924004699442,0.02805046859684626,0.019334915921696085,0.04157327872683041,0.41958298783620773,0.059265948448475214,30.70419956572138,37.460351262934616,2.8488283353490598,True,54.12432355393117,7.251233507001546,0.4992378325132978,0.03560899484152417,0.017294715264052053,-0.007004660483926822,-1,,0
1465,0.01967903448796917,0.12336788980931455,0.06650847623838782,0.7123177016942596,0.028057669971561273,0.05006922779850773,36.5022173199384,15.251312514961107,1.1708015477310525,True,31.134614978800034,7.376049988041409,0.6964699578623407,0.04680041355645381,0.024778264168860916,0.0018792749335892682,-1,,0
1466,0.3424315286051188,0.03693482319423057,0.17811014721840704,0.020451594085088853,0.2615934983179924,0.16047840857916237,31.06593198619849,16.284022553991257,3.8348333072146286,True,51.243202475000814,7.008409723186787,1.4129519640055879,0.04986523712441038,0.009725402567590222,-0.004617449576521303,-1,,0
1467,0.4548780415738935,0.2548718408616012,0.09496796094367939,0.011716671332864281,4.055253128864282e-05,0.1835249327566731,25.29408745164071,35.59993922585103,6.146575480150777,True,0.5462537431030443,6.106454929338449,3.659725114767613,0.039865499267642455,0.011418185743851412,-0.00848417939453831,-1,,2
1468,0.0804813031790757,0.06440270817559672,0.6227571267243552,0.183654633124646,0.031798265488397766,0.016905963307928443,26.047734795759805,45.502187536978205,3.67385005659883,True,52.14701490088069,7.244908220218162,1.3209886222208622,0.03238422716246352,-0.02474556973053975,0.009628199971285863,-1,,0
1469,0.2581626136773288,0.050702220340393844,0.37072074565083335,0.20424717133042158,1.676710953301284e-05,0.11615048189148948,39.12077314924439,17.831664147670207,4.479355883613856,True,76.72901579805635,6.746197328900653,2.156622427398188,0.047667405642157525,0.04369567658406297,-0.0032916286844599137,-1,,1
1470,0.2861993073587016,0.38550499095339374,0.15704196929278363,0.05894049512938629,0.024041201831148155,0.08827203543458657,38.21957167404485,46.73418678270184,2.1749206990105625,True,62.99532725217404,7.112640096632976,0.31311979307386173,0.038710404513938514,0.025398016141149615,0.0044437178996639065,-1,,0
1471,0.12553547583624647,0.17627040647238656,0.23793572991666342,0.280081550171817,0.011421050558622829,0.1687557870442638,44.23339638051715,47.26525806143637,3.7363937036213266,True,176.64481888289174,7.124718835153773,1.502848461307787,0.05763034161480539,-0.002698145825355658,-0.0010406928751228565,-1,,1
1472,0.43064283828597505,0.05962835824208298,0.03221710653632358,0.11674072176725651,0.0075451010221765326,0.35322587414618545,31.993186158115883,49.11610970916854,5.299597288165161,True,9.699709016580012,6.490934355959769,2.8874950978014176,0.046214311948679164,0.009857796210557294,0.0048808635998166885,-1,,2
1473,0.016784185049854232,0.3458443511685337,0.3754911406718319,0.15616459127534713,0.012160378941093349,0.09355535289333945,37.79737411543412,23.359871321279364,1.828715443845328,True,57.47090500922883,7.226227512174883,0.37199328907664414,0.03512034384142229,-0.026179387613817794,-0.027641227790348215,-1,,0
1474,0.23044444943247017,0.04342378455619503,0.23616493559756527,0.06522706955524771,0.0040219201897256935,0.4207178406687961,41.87481726025415,10.784752830269305,6.052160016450554,True,1.7989098943060986,6.1052683600078606,3.7237380535618825,0.06172209335757827,0.04524805145596677,-0.014191451073784734,-1,,2
1475,0.3285003300917535,0.09911076626757845,0.12943428235218107,0.1442170594598169,1.7947095437142095e-10,0.2987375616491991,43.695889787300416,45.30747550543048,5.827150029441955,True,4.889339244274898,6.341585352035438,3.6379093333689836,0.05892850066666686,0.029221478467772507,-0.012770074111519852,-1,,2
1476,0.3344705192036396,0.010561481735160088,0.03155031355195138,0.17796690579540309,0.3475522265890221,0.09789855312482373,41.89956690836833,31.233209049941383,6.2930868488001135,True,1.109916868082497,6.027639990426502,4.348302015165026,0.05487796016980016,0.03684223492587603,-0.000848228289573592,-1,,2
1477,0.14043499456138572,0.10553514873381904,0.3641009622552257,0.16960148828180602,0.028760639117001118,0.1915667670507623,34.63975269699958,20.319937729393985,3.834444226472222,True,86.96438066032691,6.961229294893958,1.624562062786374,0.03694480399598844,0.010073792930949335,0.0022234659051847284,-1,,1
1478,0.5024864720638912,0.25198627158815196,0.10278645205139206,0.07190869400708821,0.02627197612067392,0.04456013416880264,43.26589159505997,23.92816232361821,1.9692551513401766,True,78.54334563108827,7.360922931205598,0.34011773309524673,0.055151427686549404,0.047422614405259425,-0.006271287887151513,-1,,0
1479,0.16044080758986046,0.2859803333175486,0.17285296137052522,0.292536378564141,0.07801879590057605,0.010170723257348658,42.361483762889,20.516360646269618,1.4262335805543909,True,62.302298930230485,7.162022144342186,0.488450384821285,0.047805744373366744,0.028309488000831603,-0.0012261131191051414,-1,,0
1480,0.38575131471685886,0.09566106138565574,0.07655912853138477,0.13406311600094778,0.2845674732917162,0.02339790607343668,36.89409717122525,19.014926127893965,5.146674873078701,True,15.999582616609068,6.6220522678682014,2.7547717342685205,0.051088036138390414,-0.02495847211029873,-0.005336863058393635,-1,,1
1481,0.8205999829557042,0.009322246084747602,0.035181906756781144,0.08599132483343228,0.0011839249418607546,0.047720614427473856,36.1231570000871,25.134819377576072,4.037826391055288,True,80.74726741249518,6.894383493487471,1.5122521104884048,0.04742622430246141,0.07166090505502391,0.001055316081742752,-1,,1
1482,0.38364853040319385,0.21427959877274338,0.04093158445142503,0.33961906591469015,0.0021978573225130142,0.019323363135434587,27.118735431222596,21.995336662667214,5.86665109796757,True,1.5746162801070638,6.244959011678417,4.208884197505665,0.04461449433398471,-0.019128158130775223,-0.0029991594769892774,-1,,2
1483,0.3969496552545323,0.033712888881237614,0.02397892776542849,0.15661616965048974,0.340795484835638,0.04794687361267401,43.50768077500239,42.18951434009779,4.691068046970166,True,86.65728862061131,6.7039820036967,2.461388053323352,0.05427805809242106,0.020542434166531127,-0.0020969269628495608,-1,,1
1484,0.2813501155087096,0.2814557459592191,0.10937329801463533,0.2041643684572562,0.007851167256763244,0.11580530480341653,32.3934369349744,41.36839806537685,1.4965419379124187,True,28.48266674419082,7.2087878256289,0.42980129408266077,0.0374447774895912,0.02424292769433245,0.017932476939905122,-1,,0
1485,0.34848735976077283,0.17278625145006002,0.07088546621138977,0.1805692098578025,0.008275693317095175,0.21899601940287972,38.71322309406523,48.32193319849111,1.457153847694537,True,43.28629303577515,7.266109322522866,0.4815367834361849,0.04953077582930592,0.06572784623479955,0.01108364891448129,-1,,0
1486,0.17761542669613903,0.1728038272610808,0.16018040313618956,0.10291408381307701,0.2819762798777406,0.10450997921577299,38.43028102000513,33.580087603417994,6.325605314594016,True,0.8246999200120477,6.0029347835441556,4.178728405219891,0.04364558092919306,0.07330126026532571,-0.006407531305943024,-1,,2
1487,0.6055245383135484,0.0007660968024421502,0.22097739032422697,0.049038142259183494,0.008592625511193025,0.1151012067894059,39.76584011381327,16.40002855879829,1.0971949590287902,True,29.092819045857752,7.139303766089266,0.388755109604557,0.05322571087291954,0.026373793751258603,-0.014380534222721838,-1,,0
1488,0.25156589161625365,0.30540365434125105,0.07676488411502992,0.027655246695681555,0.09274193047005858,0.24586839276172529,39.72174984847323,17.698173440896966,1.7963948624203259,True,54.19266286283386,7.109768596134493,0.39720522380856754,0.050431995156083285,-0.020610209776344975,-0.0056037821061807455,-1,,0
1489,0.20867963968352354,0.018048446408994927,0.15385804828765068,0.3068713899776675,9.516641482360311e-05,0.31244730922733993,27.631804543539825,48.434775572147444,6.715111210778188,True,0.12999397292999343,5.8062410141894745,5.223849507213135,0.048425339710235014,0.04073209771652817,-0.0047943710392600696,-1,,2
1490,0.036800156317652565,0.06506053452311333,0.006218902954637562,0.7892510571696483,0.04435157140425319,0.058317777630695185,35.984337333122674,31.761007003649024,5.126766241049284,True,25.696978740466637,6.624337438002721,4.102758635033099,0.050157269122567495,0.07842938183015308,0.0036211148868690105,-1,,2
1491,0.6059467891583278,0.06666701121091806,0.006649536069006368,0.017875541312469,0.14181819632608642,0.1610429259231924,39.864145479561564,40.53947587296583,6.393325257732488,True,0.6761017152090334,5.912423446461563,4.0459684772197155,0.051541621616544936,0.049901391273881546,-0.013689932707658125,-1,,2
1492,0.44569214818352615,0.14658056464076966,0.062122178650851546,0.2688794073207311,0.04898581468329621,0.027739886520825385,41.91511814383155,23.83430137458359,1.580948925673671,True,60.421562787639935,7.219404701914952,0.7281043097163923,0.05257195736115075,-0.02424691166385419,0.008581625458072421,-1,,0
1493,0.3824471309277603,0.22642957677679604,0.3361268630287823,0.00739714085011061,0.003460781238471385,0.04413850717807939,28.18088481652016,35.35541533454171,2.565353726656645,True,36.59772444344398,7.198849235980351,0.8215959317381563,0.04360785414371123,-0.038131240299280326,-0.0068266232420568255,-1,,0
1494,0.2384917887002634,0.06963888166247575,0.19473037442114607,0.29901245208756944,0.042615694518838045,0.15551080860970706,32.074877711872006,28.75531664545222,2.9916770184897703,True,67.36257892148187,7.069142155894882,0.8959411937539882,0.043748547525367096,-0.009798271041421001,-0.007134520920692859,-1,,0
1495,0.3828474476446523,0.31203441649285923,0.16685300390638386,0.023367302587402848,0.05147359710432947,0.06342423226437226,36.515684518357304,43.14039319379768,6.908986756711929,True,0.1127096645739812,5.834485438080575,4.565525492714227,0.043235974087877486,0.01652731961185955,-0.001051575673983552,-1,,2
1496,0.2612681625715895,0.1268385274780421,0.3146280816766819,0.022679794387720133,0.24750158762070654,0.027083846265259965,43.21653843773298,43.131592609890404,6.942806197521583,True,0.18406855276114858,5.780507300940637,4.607262636833173,0.04615162891036485,0.038426879735233385,-0.021785453369809214,-1,,2
1497,0.009956166231290257,0.35286254196379446,0.13787578688960445,0.07988176353957872,0.4013884014320073,0.01803533994372484,25.956500274231466,45.66260321691863,4.9802740265829355,True,12.625494200153495,6.567804858169654,2.4776101315892283,0.03350144546323944,-0.00473868550058729,-0.004567761887171779,-1,,1
1498,0.10767155062802171,0.37826632953850986,0.041585521969060145,0.06323995438343949,0.11823542787560266,0.291001215605366,30.30192299376892,12.473010706074028,3.5530081325749974,True,45.25014440486076,7.226030367149359,1.1182608672842131,0.041261028043187,-0.019716571280985667,-0.006203096236921343,-1,,0
1499,0.27237132999476643,0.12436266384804032,0.03237787864630874,0.23660023641893568,0.00036313493098458015,0.33392475616096423,37.746964370256734,43.47288649736178,5.619421655510218,True,6.156770396074774,6.409875700229433,3.594600525893202,0.05601863263938786,0.02293025753100465,-0.002022180762615556,-1,,2
1500,0.3395569532873403,0.296398950464635,0.054612641811965394,0.10152302806457651,0.08518772927918364,0.12272069709229923,34.61020841370459,46.89749735891644,5.917854586459134,True,2.166061314165059,6.208535622456683,3.6904082078791807,0.03675846695866421,-0.0009837046494938773,-0.0019282097644690438,-1,,2
1501,0.7005601086980003,0.035110680103702135,0.09430273448817582,0.040555716872183824,0.12172466492541342,0.007746094912524671,38.50593921148055,45.28600085595758,5.63115557827084,True,5.628456081176931,6.219639981525012,3.1022030650531853,0.06149288042911447,0.016963358498443763,0.008198611561382149,-1,,2
1502,0.15977336093585218,0.11615129109088751,0.4000585240744221,0.09761118897860097,0.2061290626866976,0.020276572233539597,36.962298558523806,47.60365686444026,4.052332056836814,True,87.70591792288738,6.96623377281997,1.7316092140939958,0.039443440822547096,0.011454152266422702,-0.00812186004854539,-1,,1
1503,0.3046210184267507,0.05889936499560001,0.09371681378794,0.26379054704352056,0.00034609222658331086,0.27862616351960534,33.94094749714927,35.61751186400063,6.699427145201712,True,0.22062718962144914,6.052231756300795,5.308548705443145,0.05133406759563362,0.06363804033600017,-0.019038796008226496,-1,,2
1504,0.0537803373556296,0.23558377464399835,0.13697531817048508,0.4618196066646518,0.07107320987386127,0.04076775329137384,36.41839470047134,21.44183540298439,5.91593501780613,True,2.6543143083715184,6.3890747075149985,4.546302506835806,0.04513136813428968,0.04946324253704626,-0.018661918308262925,-1,,2
1505,0.16046968026983188,0.03793184181598547,0.01378573057391995,0.39541917366322255,0.2753396030659867,0.11705397061105347,37.096373591958795,31.065772108516178,2.433805053300132,True,82.15967586877174,7.213743338102791,0.6637065835927297,0.06382400593434034,0.0011428439374305606,0.005868415832231268,-1,,0
1506,0.1260603345567455,0.0924654079813994,0.2933933304888258,0.25761268467676784,0.004217948432942613,0.22625029386331894,26.333597841336477,26.626491289559887,3.6173950135653303,True,49.5978301076878,7.192358559790048,1.4364388769823075,0.04209066252025118,-0.0066219619200405515,0.011630847117946536,-1,,0
1507,0.3550163923328463,0.035678116511771704,0.334068624809428,0.11933776143684222,0.021073366001789655,0.1348257389073221,44.7346625996955,48.43531270745555,2.1005104446121434,True,108.83847881958131,7.21896953941504,0.3665400046398844,0.06623805616418474,0.022812972764488362,-0.00231506249325649,-1,,0
1508,0.16949619911821226,0.008413132447677541,0.3605325500051554,0.4305977100914804,0.028754139720969397,0.002206268616505198,29.06988205969578,12.208204197225978,5.681164561566181,True,2.875065610121672,6.324449224958891,4.147267878037273,0.0373756883148374,0.037283431913050086,-0.01346595491214719,-1,,2
1509,0.2408275516309076,0.35042117812949863,0.07085982331175933,0.25425691271407763,0.05114447629127348,0.032490057922483245,27.59640745984939,14.135908427766157,5.100665767508259,True,8.364084103558637,6.47515367186909,2.9799098345160586,0.04003037112557872,0.0033563100960707706,-0.004594659634223876,-1,,2
1510,0.20951587390848206,0.36152311273654925,0.15405130528586528,0.05452784967728553,0.17385482496862764,0.046527033423190325,33.63674915557441,38.64858761883026,1.357952412203348,True,31.478282361125846,7.0449492670131715,0.29370320946084905,0.03227870885620482,0.05009846063813812,-0.00517634897643167,-1,,0
1511,0.33906885371044615,0.09714236309304054,0.11513631887546451,0.17471500015807925,0.07850686325185816,0.1954306009111114,38.9580166984793,19.8771609668082,2.8435012442031113,True,75.4795340247839,7.199051000943595,0.7069101279737068,0.04733941025867245,0.007501517859979263,0.012957068577518018,-1,,0
1512,0.2024212251358045,0.014705545586647066,0.40844665276452663,0.1624908108939897,0.00028130761010091104,0.21165445800893126,43.21330351412619,27.21753210385913,3.1067182913852847,True,133.9146798512812,7.1788926833575015,0.9295959024143068,0.06419761427922743,-0.0020376028719543697,0.0007936677523761962,-1,,0
1513,0.2216955310500117,0.16870342656539686,0.13957665523476662,0.30948490206004386,0.00029543905161342354,0.16024404603816744,30.098749901454834,26.711598315213827,2.591881403327143,True,51.21074712028252,7.169688709577874,0.6770405511276051,0.04357462613113037,-0.05179354233725307,0.006565526227862638,-1,,0
1514,0.12300979861206189,0.21926064381805904,0.15077259193552203,0.16029244917411048,0.12406048204171327,0.22260403441853344,37.94516080519378,17.99598896277842,2.8003760298716083,True,94.26549225859436,7.168831828816346,0.584442072172647,0.04264151788258803,-0.03047891248656792,-0.010258431431545008,-1,,0
1515,0.06190933055781554,0.007488529880221099,0.05155845460923855,0.05547814731937802,0.08894545408004038,0.7346200835533064,26.914739483410887,23.490694678579246,5.24474506649776,True,7.119504146897193,6.597340424014941,2.744093933718943,0.053064996226170204,0.040177965902618615,-0.01925334690861282,-1,,1
1516,0.15475503833989254,0.07466187945101242,0.13973240827398425,0.25289085089708013,0.35833634255450436,0.019623480483526103,38.44021706892879,13.393603965804356,6.887736811541195,True,0.15185693461641556,5.870747612039513,5.274048156828523,0.040876626619376785,0.008952317353725876,-0.02515455629704197,-1,,2
1517,0.25566379009475104,0.2065493375209649,0.23779618623644708,0.26133711241615326,0.00010631498742502277,0.038547258744258586,37.351540700903826,38.26701424800645,6.732900012020518,True,0.25181408707385367,5.794571551519752,5.0194782252946615,0.04922270106610137,0.024243599286161033,-0.007677764129077214,-1,,2
1518,0.7171229577681347,0.09242147543856105,0.006650948692203686,0.11117809477278459,0.07197125200664496,0.0006552713216709905,44.284197033155024,24.861670704380447,3.873937474106972,True,146.09660290531613,7.133157792503389,1.4215107727144023,0.05657262246823683,0.032518068712139594,-0.0005197340818805258,-1,,0
1519,0.394063764637975,0.046732237872436716,0.27067790025374117,0.15207921801929242,0.05215392120162249,0.08429295801493236,32.10495677781833,23.285378859881554,3.4642527714845945,True,63.88829016247142,7.247738041856341,1.3021250756055283,0.037826621894218544,-0.029492007071353493,-0.014320831096859596,-1,,0
1520,0.3655022930735968,0.04445659596915584,0.13392750003044934,0.42104623870892205,0.03372354483230797,0.001343827385567999,27.303695294507058,35.51232898757696,1.4780849366027191,True,23.50958678771374,7.2280782408566076,0.5868011549331122,0.04370469609498532,0.020737056655747755,0.0031293908841788097,-1,,0
1521,0.3660964485265602,0.0896842004122818,0.2039310913272635,0.022909203078474855,0.014331156332684981,0.3030479003227347,43.407174213993066,28.336378643858676,3.2007230490345595,True,113.84133928307077,7.298221073462435,0.6890053614757925,0.06088351480394444,-0.018436266070715794,0.0018892219243969598,-1,,0
1522,0.1401497085338513,0.177373921302179,0.20534724308530986,0.0650227191058045,0.2837997513485832,0.1283066566242721,43.74196626943819,39.53370083035128,5.247272725384823,True,21.813064781897644,6.416326217956509,2.748341192833372,0.05264517037964504,0.03974152947736473,0.001934093479150037,-1,,2
1523,0.27046155665670585,0.16777343990438115,0.036547056105742326,0.030351870438488665,0.01917467419992341,0.4756914026947586,44.0827640733544,24.62126158518505,6.403175058855769,True,1.0391703325389723,6.0351129314733765,4.164077524363784,0.06840376518645855,0.07308223790139491,0.003909928530208958,-1,,2
1524,0.3834741088124708,0.016638965400168154,0.013622488239967721,0.27741999398218803,0.2454437183203972,0.06340072524480805,38.64603458559314,10.400669085775593,4.928691883783208,True,27.05703363980009,6.607695032469755,2.909694545406521,0.04790136064862136,0.03873108974167179,0.0026158499300303825,-1,,1
1525,0.12706203140453146,0.023935505387933653,0.020993973735170045,0.5145481869949248,0.06626303088754537,0.2471972715898948,29.11811076349461,24.423849704562365,3.3904321480775588,True,66.48350975332112,7.1435090820057185,1.6506990499024299,0.04662079166802976,0.010052594289786158,0.010542313705051303,-1,,1
1526,0.7118291287900985,0.13118940549767838,0.010024361488395677,0.031232059654514886,0.004595723953924852,0.11112932061538776,29.830375878635813,16.027908231917284,1.6163631794957345,True,24.378673951139014,7.184209840440383,0.30694292172318327,0.03894831826303426,0.016355152909318313,-0.0036557940930016385,-1,,0
1527,0.5792958498852937,0.1411153568851909,0.07197936992010592,0.20749487734945782,6.7629744523097315e-06,0.00010778298549929081,40.02585342465273,18.520996771990145,3.2356306244180155,True,99.97030255758555,7.214608430021683,1.038930393891553,0.04764444351791244,0.04047788906524364,-0.004383751876189172,-1,,0
1528,0.13875965963228343,0.5770489206359728,0.014014864876208814,0.11887440572725276,0.010261691077581687,0.14104045805070073,36.133403344072725,34.571349216670264,2.3901994483970315,True,70.10169317285828,7.26239051476636,0.38315403182051927,0.04620986695229296,0.018685665776940717,-0.006866391575540875,-1,,0
1529,0.7423538136109291,0.04179811361659227,0.025628455201721526,0.12134178718219146,3.9045641080045525e-06,0.06887392582445759,34.40602453300107,23.56175025365182,4.402142535852409,True,56.558969195996966,6.8670582082344085,1.9724330750449814,0.04132385109121911,0.03760701459539071,-0.007047923768410118,-1,,1
1530,0.1617438416785433,0.22768496402053912,0.17776239790446102,0.31922664492214287,0.008759602262790385,0.10482254921152326,41.75180389768282,16.175551041240976,4.636189933297582,True,79.45750183177961,6.706525386386585,2.7148382328052856,0.053849849280301065,-0.01571027734262678,0.0009063677858076567,-1,,1
1531,0.3774137858595371,0.041067614346258594,0.22857607789760087,0.024308268043055126,0.01346226685435674,0.3151719869991917,29.036752301884015,40.468380636174786,6.567306042470013,True,0.19693381295467016,5.975572847806207,4.182475037789849,0.05072236024630586,-0.014506407465666837,-0.017682728426363994,-1,,2
1532,0.3493497399225088,0.3928811261948624,0.1292525866953647,0.0010314893683232352,0.08221626252641576,0.045268795292525095,30.17727174814741,11.333132337720304,2.627058571386775,True,33.91123172445756,7.264788888074898,0.553169514362172,0.030273877847096693,0.013556851666590554,0.005873600337284184,-1,,0
1533,0.5807203624775851,0.03868892319685721,0.1758909335655847,0.07361782993827465,0.06876591376139643,0.062316037060302025,42.007199576582146,38.17807651542189,5.497717152656436,True,9.940808197927657,6.316286785401751,3.0178626650886553,0.05531637620445255,0.020036273926345643,-0.015317817581096117,-1,,2
1534,0.2856163050727292,0.1098345627673365,0.18811138034705302,0.02828603116953269,0.337260545871423,0.05089117477192562,40.0306383049143,22.828519695276395,6.961677324975612,True,0.14450582008992638,5.928086058202106,4.66738102046953,0.041909143926829116,0.03957312338233607,-0.021832328818027002,-1,,2
1535,0.5729913227078611,0.033820156814685184,0.04736268661467972,0.09400485462171858,0.227768409257969,0.024052569983086247,39.96732724394576,29.215733587867177,4.705689750441726,True,49.954052102960034,6.6239820173768855,2.203538982159144,0.04889814557229373,0.013782373255934888,-0.006181714138663924,-1,,1
1536,0.2247500683933228,0.10797278103593574,0.33490987592943516,0.016775224804995895,0.12326089306577931,0.19233115677053111,41.60710792562598,12.933421992267228,2.681987971589319,True,79.1485772481484,7.25960216719094,0.3683326959789267,0.05038462355948848,-0.008139326922694158,-0.009214011894422927,-1,,0
1537,0.33742183861543273,0.2980110294235143,0.0012759281797245943,0.27025931542019865,0.011996531411565597,0.08103535694956404,33.397833144552976,26.69534084504816,2.537469673576167,True,60.9166687072459,7.2166658372961,0.5577111854766628,0.037684296785527496,0.05046781684630277,0.014003211352246723,-1,,0
1538,0.29497845197759676,0.049546204441125626,0.3507831628598538,0.12636749205699352,0.011602796932237185,0.1667218917321934,37.65410373382931,30.530497848780584,1.0014924609247164,True,30.20146430756373,7.100332116531479,0.41332543038713115,0.04980045493855192,0.00972253142889119,0.0035810294282045247,-1,,0
1539,0.31036510487601376,0.08516502482377754,0.01572310166387245,0.38148370547400995,0.002851180015183364,0.20441188314714284,26.138056445121855,37.5023299895828,2.778494328595544,True,42.11891739659621,7.193293468765952,0.9432195421110146,0.04428539821960339,-0.016787215414079182,-0.009984704196975898,-1,,0
1540,0.31779544399171356,0.1943908370646493,0.02733022041922531,0.04212537724936103,0.15672824990554604,0.2616298713695048,31.893418127357293,36.828404967715116,1.7014827153782628,True,34.26209468823113,7.161153112906254,0.5603867610148697,0.04661220320076284,-0.04068089083459384,-0.012461071962770473,-1,,0
1541,0.2753937786744734,0.1539216648459136,0.08763349206972884,0.3210087883624761,0.016836303260482226,0.14520597278692585,25.424469966315087,20.864231845579994,4.8343230263262775,True,15.473775586345145,6.701587033385504,3.1454984028851314,0.04770315133402772,0.030304505138458178,0.010428889548041474,-1,,2
1542,0.22250372632113052,0.26790431662993885,0.20971965159739112,0.24191444089578545,0.00022188840650069473,0.05773597614925327,27.69470170155629,26.894652558047937,3.452378232303956,True,49.847560747102236,7.179475130784737,1.18036766794585,0.033123359867426296,-0.00953308265671057,-0.008003566116660574,-1,,0
1543,0.4737770750923158,0.24827260083347777,0.07396612606329156,0.15732920050674826,5.902656312105184e-05,0.046595970941045534,35.10329965053571,20.61256444043845,3.684042787453547,True,70.87460113942551,7.193364084314112,1.3736820221181154,0.04957754292150061,0.03435048517148186,-0.003876188362643408,-1,,0
1544,0.7413024067783608,0.042853764002140735,0.04967342523027019,0.1295556552116612,0.0053641778990846075,0.03125057087848243,29.88540944402061,40.472962370905094,1.3085050088790742,True,22.616540042461928,7.1448036869486895,0.380200298615079,0.040241235067501796,-0.005530270524120298,-0.008504713995101722,-1,,0
1545,0.342902552124087,0.3478669757108719,0.030591183201792767,0.07095390147075617,0.006650669521558946,0.2010347179709335,32.66329884585477,21.803791475093774,6.109309457302225,True,1.0657940061703497,6.136898317697109,3.73240164105935,0.04083940018325281,0.05115605144953253,-0.014921394761708716,-1,,2
1546,0.5667158958424898,0.2739141519110857,0.014144714295643917,0.05405502536382352,0.01753266315567191,0.07363754943128524,30.47024524091808,40.7644896327597,4.081140235667231,True,50.194483563574344,6.940872588606805,1.603042305851296,0.035922844175201786,0.011928867224378612,-0.009408363907063663,-1,,1
1547,0.29692071938797515,0.030970672616088872,0.13620519274338747,0.27830693282279967,0.07170704949854578,0.18588943293120302,33.32214799236112,18.91348678127081,6.573997942819743,True,0.29220196106322194,5.930088604445881,4.9420929486958585,0.04490871323804977,0.06391838316634108,-0.014628278515044937,-1,,2
1548,0.2426982958183838,0.1254401533961503,0.38093799079776647,0.18877340682404203,0.030895205754861026,0.031254947408796356,31.25652112843523,32.641868405214325,2.4705814725755753,True,41.88073464007226,7.299564303149216,0.5069686951872592,0.03213791029737099,0.021817918724243095,0.0017098214062033377,-1,,0
1549,0.03870683120132454,0.19133948039856188,0.35712120859970176,0.06409169187178265,0.2628049744374997,0.08593581349112935,39.26798462308757,31.61888324306473,2.7364205890756224,True,81.17102679310347,7.22828528084114,0.4313657274789315,0.043753187914891335,0.04293657403242482,0.006547674390716408,-1,,0
1550,0.05137192163485733,0.42809931698621456,0.0363779823040787,0.3015147028111754,0.022885998939736224,0.15975007732393792,26.440045583312745,31.1409116493671,5.695019275879078,True,2.222467967877206,6.419574073109511,3.8530925121679283,0.037285008369392955,0.028628483103798816,-0.011815405599827971,-1,,2
1551,0.31308401816544423,0.22450164310148496,0.22469312327623345,0.0502618526405001,0.17881538627819377,0.008643976538143371,25.357523684702116,45.650459881937444,6.2767241252173465,True,0.4198970498030858,6.165358170202323,3.877478026270584,0.03136851467893475,0.0022034308123032413,-0.003759162395273328,-1,,2
1552,0.3407675356558008,0.19489700591035103,0.08234836447815484,0.07529502657331066,0.2651089580465604,0.04158310933582241,43.11111292333625,15.812682722350875,3.0022062491099955,True,113.94496613907346,7.29464519092637,0.6628952138202844,0.050400038169259954,0.025263988383027205,-0.022982656355777946,-1,,0
1553,0.2738940046550531,0.5653926387046533,0.06628660147101273,0.058831833989312354,9.33885132265682e-06,0.03558558232864594,36.53975491163558,33.66507594050851,1.3142611171329925,True,32.569223455081364,7.096437011676574,0.29030514088969955,0.03491376041581478,0.02155375529953911,-0.007984075839513702,-1,,0
1554,0.2060066687053259,0.2098259610221174,0.26055808483166193,0.2708400405246594,0.026186421747826667,0.02658282316840862,28.156296628373944,42.65266273508995,2.594996443369506,True,40.706106192150905,7.1672856538535425,0.6196008450234237,0.0450449610146802,-0.026965041791679665,0.006598709298118764,-1,,0
1555,0.37587305573685303,0.1708971870200781,0.24259158729406716,0.18674362683993714,0.01638435933281871,0.00751018377624565,37.09605007684195,11.059413570453614,6.536377913268361,True,0.26784105240291955,5.8436956593386356,4.567596298457645,0.0402455627056814,0.023000132870059038,-0.0419770388840106,-1,,2
1556,0.20798934921913317,0.22366252805830644,0.32374141311006,0.050665981843469696,0.07097945280015264,0.12296127496887821,32.85922608859149,23.85586370786819,1.176187033682648,True,21.183123319334225,7.220453817516234,0.34311133960503404,0.03981707226421927,0.04612045632387722,-0.011692566291623829,-1,,0
1557,0.40260910428384344,0.08101879101579154,0.09821259090192394,0.18418658625060014,0.1496525440758598,0.08432038347198112,31.942778976552038,29.0210418903689,6.513051154653926,True,0.32210208832385906,5.966487227543884,4.561553453652085,0.03862190784484629,0.010255891249165826,3.0494572296740213e-05,-1,,2
1558,0.1358854090174809,0.2720270927676462,0.29354267417138696,0.23291307944110196,7.016716649003632e-05,0.06556157743589384,41.447913302153395,40.26154783973592,5.569137083792016,True,8.491932516211977,6.343497622706192,3.4488058177391814,0.057965635054154946,0.032266844516668745,0.0007869121912366193,-1,,2
1559,0.2822124908135849,0.3530523228897503,0.18812600375779712,0.09314336589886155,0.07996570922694146,0.0035001074130647596,27.7842579099441,33.356737222092676,5.736834207852414,True,1.8675164212906283,6.32255159542662,3.319782722249632,0.03199484157246982,0.08190059132619733,-0.0022129734391583937,-1,,2
1560,0.1599592542691518,0.3122128868607573,0.1733563114950143,0.0060780520387125545,0.06497974296964826,0.2834137523667158,31.774693385502204,31.488156685232788,5.607055286818847,True,3.5096752015564605,6.391328975067863,3.460180455878419,0.047355402154733495,0.01735163673225626,-0.00566177724521374,-1,,2
1561,0.4384337359388488,0.25869004541186436,0.08992287036298305,0.12604437502191232,0.012456037979634089,0.07445293528475751,44.56962758209419,16.657796988976152,2.3579048417361435,True,86.82352607864412,7.186980716552947,0.4921025498340864,0.05567872463811163,-0.007021337537872679,-0.002612812817470517,-1,,0
1562,0.6097966010895151,0.18447296408865674,0.02459321886809623,0.16616917824797714,0.0003480383698447143,0.014619999335910303,32.52258650484105,19.331872416859404,2.334766311567484,True,39.955150665909144,7.281537481149508,0.8267289162170186,0.04254043863615071,-0.06545481375090662,-0.0005839071427072203,-1,,0
1563,0.1678757299880028,0.45935068680811114,0.14725362317215582,0.07956221054205302,0.012556628868733693,0.13340112062094345,35.24154571908162,19.122966589324022,3.440151135798372,True,75.88546790662866,7.239993234619441,0.9637983489207845,0.03310044520934369,-0.008650225858099662,0.0015799619110630017,-1,,0
1564,0.5695777573077022,0.027175177766965698,0.14250414440743947,0.027674418067265245,0.08538971968535107,0.1476787827652762,40.44859677928237,22.51465624290867,2.3456706088024486,True,66.88157054910664,7.1643525977675715,0.368607222950872,0.07869286972854203,-0.02591285181911907,-0.0065508976074009195,-1,,0
1565,0.1921743562449186,0.6455526761011183,0.010171557100091343,0.12289571873807995,0.013333840263756721,0.015871851552035077,29.88293336393038,34.082859997481506,6.348161613999786,True,0.41798120434670527,6.168472478170475,4.091674413800912,0.03975435756386768,0.03697683406349933,0.005284520539930396,-1,,2
1566,0.21612048291583558,0.3769865055019559,0.10082325213517919,0.29907980725578104,0.002025915078730612,0.004964037112517507,29.04790582196396,13.614186513862183,5.994557350004723,True,0.8905717209446732,6.203412966649968,4.143969245154243,0.03942636192824428,-0.04632461689821775,-0.007849752931210223,-1,,2
1567,0.12179554628566368,0.3766432666927245,0.21392037960295157,0.12191183544828757,0.16416364423918875,0.0015653277311839181,32.16234169136501,30.389500042864977,5.68278721999977,True,2.916002445162924,6.326385651256815,3.308000911471554,0.038083978288524584,0.010289252761431313,-0.015367577890903759,-1,,2
1568,0.4492652560793412,0.0839598196650346,0.04219161146965984,0.19808200176418855,0.04376281538977356,0.18273849563200206,41.02594648894352,28.488326610083128,3.4637999929285828,True,103.65025562525305,7.00884017820334,1.1991640654153923,0.05618338281235861,0.0078042239633944535,0.009831071409425952,-1,,0
1569,0.5910664705954873,0.06803746758200721,0.15891061059844278,0.032950046642992226,0.03481305598751956,0.11422234859355107,30.156397138324294,45.710313134798064,3.5677124316176583,True,52.68256086587258,7.2495619724675615,1.1600411108672841,0.040828151772638516,0.020466345774144443,-0.005003416620648293,-1,,0
1570,0.22831234052945504,0.2642275067147914,0.29928737801649735,0.15581682650639997,0.0021063196299840902,0.05024962860287223,27.16476119738467,44.533824133952635,3.916413787835853,True,54.0173797344121,7.166622664924217,1.7318342339726456,0.03171817575664889,0.026507240223324402,-0.0100743497578491,-1,,1
1571,0.440298227992828,0.06623142683209624,0.0658464392274347,0.18995929223044514,0.20401584110689652,0.03364877261029962,33.0390279715421,45.952580239963524,2.2733231565889724,True,55.06562937627558,7.2515618565356155,0.4461868487732735,0.038176040306421466,-0.01985128535722844,-0.001518242458716554,-1,,0
1572,0.30349210907526836,0.02544841891979169,0.3786129699672317,0.01091413945459397,0.17231148399996815,0.10922087858314623,37.711998259002314,12.04775497654742,1.4830621414604395,True,33.1650164884413,7.145579410829042,0.3160720751755701,0.03771020049639737,-0.05750081731983509,0.00735363819224291,-1,,0
1573,0.30312054514787207,0.07110631566393716,0.19779809583564747,0.2638203675863095,0.05369254613467782,0.11046212963155619,30.971184331627455,35.806133021911464,1.9035783137744078,True,38.13455593175985,7.242379785385886,0.5925575560119501,0.037946843433907376,-0.0038858211880164017,-0.005062675837887795,-1,,0
1574,0.4594400317476124,0.03333811107565479,0.2740867817752239,0.043215311127146674,0.014679348468279603,0.17524041580608263,39.417396726158955,48.39489135874303,6.662504136943833,True,0.329890318455588,5.90631436788993,4.376222677316209,0.04937080063382358,0.04430688290746131,-0.013556059221558014,-1,,2
1575,0.299433307381919,0.03224746734944137,0.4524409493877416,0.10639231423218316,0.08807753390906628,0.021408427739648565,32.49393084996806,33.779981734047254,5.9639168613818425,True,1.5610498921642297,6.196191878761076,3.6938429133154753,0.03191354628721926,-0.005845587613966363,-0.013477299816830011,-1,,2
1576,0.6681874313051053,0.015664479430867958,0.24438772850749038,0.005824509527271079,2.8254898468347333e-05,0.06590759633079683,43.20553266231488,26.229204482409546,3.4232121737422263,True,113.04090559272522,7.21264968954706,0.8355636150501113,0.05206920974713277,0.009384911355582424,0.018202999731593776,-1,,0
1577,0.41020090362640743,0.10578363485168543,0.28461650430389235,0.07492385121971845,0.12236916970818067,0.0021059362901156274,26.21226328792104,20.996042553621216,4.308185330815872,True,31.942016477362582,6.816392061919095,1.871940433502848,0.036778973266476556,0.008622473092248922,0.002113894439713271,-1,,1
1578,0.6291713602895845,0.06778319589837523,0.09455116335350465,0.11975090504478404,0.007082053158466328,0.08166132225528518,30.585647250397187,41.826504653961855,1.5150782799712257,True,26.237600496001463,7.25552973692712,0.46906541745133856,0.04030649925204886,-0.016278908548069685,-0.009051889648586768,-1,,0
1579,0.07063092345799986,0.007057479983995144,0.1267297467614998,0.2237324509791412,0.0680959352507673,0.5037534635665966,26.424063376529823,39.10625575590936,4.892983672252563,True,18.16122756998556,6.625462030351792,2.6789163063767925,0.04722189798386123,0.026808601841678877,-0.014417016101289728,-1,,1
1580,0.31001198978757577,0.1200116030022639,0.30886541650509103,0.17690881399463304,1.66713087622357e-05,0.08418550540167404,42.37096888511272,41.433444872477295,3.2452440423949915,True,121.96652867436974,7.109077094552206,1.0073144796223845,0.05087620981054464,-0.003934725598381386,0.01364595859209028,-1,,0
1581,0.06996955831712186,0.16569290288160274,0.015102489257795863,0.05059685831856095,0.656211250099449,0.04242694112546954,41.097474084207306,37.845768244619435,1.0759060992750167,True,46.134775491739774,7.142649806036355,0.49205438055332684,0.04448701666020378,-0.00822744105453176,-0.0006252111905265527,-1,,0
1582,0.17887984713296962,0.09012210019701036,0.22175483263213244,0.06068446211823956,0.29052377779123373,0.15803498012841422,25.6250862942077,23.466338976901767,4.0752761215301625,True,35.24096424310992,7.051160057842719,1.4943599505077987,0.03584552046838562,0.05076637452226801,-0.008160782715058362,-1,,0
1583,0.08357092597334075,0.2463442874480064,0.12340329033399154,0.3825139525505187,0.09294696571707399,0.07122057797706872,44.79184849345017,40.450733629411246,3.2636923353218865,True,189.09467897278986,7.200409530269968,1.3099216207943032,0.05837791823272732,0.0038198961875151854,-0.00905415182467951,-1,,0
1584,0.1247380283334519,0.20349989490757178,0.4481360956696138,0.19379395698104537,8.496871686869059e-05,0.029747055391448302,44.460269862912085,15.608239643508512,3.4373760406437577,True,133.61318700840775,7.0835799715209085,1.157126591768755,0.05437367550340103,-0.005651033474488981,-0.008131392919341418,-1,,0
1585,0.33440671343786255,0.03348196727543266,0.10400509156653139,0.4988734823104485,0.0029515758371048274,0.026281169572620233,33.892111546050806,37.34477054667574,1.1342064848516622,True,30.80000199355123,7.165867496344175,0.5604710703170719,0.04520408041355308,-0.029315038618319033,-0.0055565700188250425,-1,,0
1586,0.1804245349103473,0.15252838922448422,0.055182802349535306,0.030622781112737005,0.21809581492533264,0.3631456774775634,37.071447227327795,40.52902916306891,5.58022382007577,True,6.7474593997464245,6.376648873569082,3.1828216121975212,0.051117437685031325,0.041103679303946684,-0.0025915653413384147,-1,,2
1587,0.30664360296475096,0.06144847252167191,0.4683365642616027,0.055082700720233566,0.026824871652291808,0.08166378787944903,29.68629543171594,22.33692983506134,1.430936259925155,True,23.398908432109145,7.273880170881413,0.297288957862696,0.03959213064384723,-0.007553235765025165,0.011688012629111677,-1,,0
1588,0.6017433890055544,0.0626575842554711,0.052410962197108925,0.1525671865985552,0.05284107814872015,0.07777979979459021,25.58426104034559,22.765125631531657,5.889981286776165,True,1.0618884658842989,6.218575778531317,3.6602880531820823,0.03995055679257583,0.049059152594244655,-0.02419554377995805,-1,,2
1589,0.26784288744744084,0.4785579806026339,0.017600266581945228,0.05253028354495653,0.1804005346121641,0.00306804721085935,44.20047576674004,35.45084476681971,3.639366181255112,True,176.569679559337,7.05610698984932,1.129382859435435,0.04721486994860373,0.019059651604063966,-0.022760305164640168,-1,,0
1590,0.6188954012212237,0.07264146170826148,0.04080579111076941,0.038680657298103445,0.1805153862287487,0.04846130243289334,35.752358950716726,22.882085199076982,6.316376845561503,True,0.5841118868061016,6.050852473777202,3.958184504836825,0.038043037014058124,0.06529095397945694,0.0054995680852078285,-1,,2
1591,0.3413237634123045,0.06727947143090508,0.5723731318727656,0.010526605185420056,0.006710101336443156,0.001786926762161734,25.456421601711106,38.53109366089227,1.0279136336955768,True,13.958041794044785,7.37553864921651,0.299833310695877,0.0317387168874952,0.021738286245841176,0.01466779184086786,-1,,0
1592,0.4082880670812284,0.2724602845982142,0.08911420130374856,0.19318016192192172,0.007414820445231718,0.02954246464965546,40.81503266051945,42.275633074371335,1.1826851824474256,True,41.180672444706154,7.266411109330648,0.3643054066572739,0.047016154849681184,-0.01898591337597567,0.018969327880978826,-1,,0
1593,0.2503822568991253,0.18954180481332691,0.4550366415205381,0.0005570767069278799,0.0189250113280337,0.08555720873204828,29.94980221777155,14.037697828672368,4.827687069473052,True,16.201885901590085,6.584367725788703,2.1393391716197816,0.03122871607944241,0.04240257668774307,-0.004163706707936592,-1,,1
1594,0.5069921920343273,0.1427481501278471,0.014940221363061763,0.3065487559679356,0.008864187441511222,0.019906493065316867,36.443884112570515,27.36606401761446,4.21216679567574,True,74.7835399311054,6.775668820304708,2.057045061809014,0.04710997990108411,-0.024982753409762415,0.006985090265590316,-1,,1
1595,0.3713763668530216,0.10538414402531136,0.2904098087603868,0.030297163964368126,0.11779033079316606,0.08474218560374591,39.20737380404202,41.969211466447234,4.643607543053315,True,57.30459997554108,6.59128518801961,1.982928989487749,0.0418791771394048,-0.01753249051518843,0.006567138810945017,-1,,1
1596,0.2320476053244645,0.08041328351545653,0.6419677066143694,0.007202499631311904,0.0037848147614263764,0.03458409015297127,34.25838960576108,34.119512225082715,4.214608462342082,True,72.04551773628354,6.917943506009121,1.762043053020632,0.026751088592129612,0.029111214579304295,-0.024539788054189604,-1,,1
1597,0.4539753489264107,0.004932558067324172,0.18762168606646165,0.17404676515278622,0.0026388854025502064,0.1767847563844672,31.50988533542082,19.137372023402563,3.7003956062465884,True,58.779242168303114,7.199917685922422,1.3597646140668458,0.04065060205609755,-0.04024918550534949,-0.01691132549800369,-1,,0
1598,0.711354584174386,0.06187757901890084,0.21011128840621215,0.009343822536736506,0.006797783272018981,0.000514942591745218,34.71279063285973,13.201680920718161,3.2503553383377186,True,48.20381486772412,7.096818000156518,0.8667448022266617,0.04728942882421043,0.009048446048342543,-0.014255149149006148,-1,,0
1599,0.22033376831471352,0.40430059648429273,0.005091503274959097,0.14502115735579565,0.21964348036296677,0.00560949420727209,31.151067482500103,31.361395373722818,5.389175367650516,True,7.206487411868294,6.461045201694709,3.0537367504858675,0.032692722039111485,0.020961322673731835,0.010364990395415174,-1,,2
1600,0.7010154735655783,0.056712103938534895,0.1846872311798603,0.04596436261531422,0.004329075019690611,0.007291753681021976,26.322412686096737,43.1516722867422,5.830829204004678,True,1.2302805360380396,6.245722634778414,3.4148716372074897,0.03696374503183837,0.0065756362422975285,-0.0024346449076803455,-1,,2
1601,0.5882260100394886,0.14395803516621933,0.023464202896227672,0.2089208450105352,0.01858725459583272,0.016843652291696657,39.40113870247254,16.111514288172252,5.1056205486665975,True,20.180727317734416,6.71266607163178,2.9008161726281934,0.047702627586567695,0.021501898295524735,0.008514203416123075,-1,,1
1602,0.2648868326564666,0.272448782591034,0.16708544835513095,0.0941093754810976,0.10282736921286233,0.09864219170340852,44.678773955960295,48.097722120935224,4.471492418099099,True,98.08385066087764,6.736885387953369,1.9542237581548267,0.06015728691836314,-0.03549911337461631,-0.007830666442528382,-1,,1
1603,0.11341038399009827,0.046781525807215035,0.2157355534411994,0.4717779362278912,0.040743072515546444,0.11155152801804973,40.20329902437665,41.58597345555249,1.3279069394414873,True,51.25705934400901,7.130447048300533,0.5083950604135489,0.05703475356726892,-0.02188828232438334,-0.007974301608959063,-1,,0
1604,0.32608069934264167,0.49338626234570726,0.08938006142423166,0.03361785573715454,0.0009674754818891321,0.05656764566837581,34.115721592267136,39.316907594697184,2.0445816578140272,True,44.683351585413014,7.3115416392236225,0.28115688906974906,0.042746428757108386,-0.005723797749394506,-0.014580745276048863,-1,,0
1605,0.5014556838437434,0.08876637413260445,0.11257927834892198,0.05310775978235286,0.23566354125055222,0.008427362641825233,29.622147297644645,17.09087497847046,4.139303492285337,True,42.35225037239918,7.078631687593887,1.5776665284537439,0.03748447279522394,0.010841713944842523,-0.010573116627678604,-1,,1
1606,0.15946904812243642,0.31078754592995406,0.04957993093647918,0.1640594078550926,0.09473162217862403,0.22137244497741373,29.798642697341688,45.3700386989683,1.5208399437197664,True,29.328949698457993,7.292408032318507,0.390236521202396,0.03827731429044054,-0.0052891660132769035,-0.003729586558642214,-1,,0
1607,0.33469885201167227,0.013291679995073299,0.014561542668452776,0.2975350421384763,0.3383070501744339,0.0016058330118913636,39.11250177518382,49.17649951945953,5.557525590484685,True,7.825920062147404,6.3287073400691,3.8701052424577056,0.045865968687972776,0.04157999413683582,0.0003284846301581691,-1,,2
1608,0.23891543338284377,0.1314746440397782,0.1968876527607163,0.12308886484441482,0.28779330744922416,0.02184009752302267,34.971910428049284,16.76332270210026,5.879714966263978,True,2.3177220667816014,6.3007639412991665,3.681394211619836,0.04133352446795749,0.01485256131436443,-0.024928683297742314,-1,,2
1609,0.4259879134487585,0.010709235135735958,0.1967141539531475,0.11205191625409136,0.2042865334064544,0.05025024780181214,43.36591732502669,20.57811180197042,6.453810023011414,True,0.7330323211244371,5.983745131294355,4.309442135376428,0.06920438676836016,0.010321670687195271,-0.012253557877187906,-1,,2
1610,0.6344696218513513,0.08539778566073163,0.0908869718141786,0.0018201095727313373,0.12453852498853149,0.06288698611247591,26.194395869793112,19.878816096570574,4.525504851184782,True,22.806715788132497,6.70646117142539,1.9659949587577517,0.036801093035057325,-0.056027804293896574,0.001359239784003356,-1,,1
1611,0.2139361953922925,0.1531434526869212,0.1510929878793913,0.3124084892865131,6.329682566204197e-07,0.16941824178662535,26.51082858055149,49.727304846282074,3.2951700547100398,True,51.72872401340418,7.258531963636614,1.1547632847339098,0.046065096859783355,0.03858674843996375,-0.0014442663210293483,-1,,0
1612,0.3385676372991562,0.17517537931119087,0.33574558159454676,0.022258971926006003,0.06142693124266057,0.06682549862643963,41.17111591474214,11.388133514970264,5.992696565761881,True,1.919024420221137,6.185330048523944,3.7915159044734446,0.0451649200758868,0.016091383748265034,-0.012838199850199126,-1,,2
1613,0.2130584155361822,0.4327820434867534,0.04563737369297273,0.2379008435986183,0.05651084274434992,0.014110480941123504,32.19225720214387,21.482345856873604,6.021861273971197,True,1.0335476865178557,6.042301031283564,4.105156835552002,0.03242178403322982,-0.013457854319062323,-0.0058824813662163794,-1,,2
1614,0.1488078116337599,0.42211381303444145,0.3061058506465259,0.08836810994082066,0.0036007056244781715,0.031003709119973712,28.0693563453925,29.693801560580045,3.6668716860808717,True,48.48206378054406,7.214792246140298,1.1591209109591676,0.03342831364359295,0.02419114752306397,-0.002437676919884454,-1,,0
1615,0.16950402202400855,0.13332005494397317,0.2227012215278483,0.3948983322801762,0.07369251454568446,0.0058838546783093245,32.696358509553455,18.610989907146532,4.64906696752551,True,39.28233021048154,6.86417788281468,2.8260470268763935,0.042317131397772545,0.05088450688395073,0.0016497230697190323,-1,,1
1616,0.3318457876392649,0.26591863117514275,0.04642398267545214,0.04747026505111656,0.11181436119524825,0.19652697226377525,29.934722304819005,26.615554597487417,3.5580722106204297,True,57.286487526109745,7.189070582352169,1.1291105619402066,0.04776089204252972,-0.036028672675036545,0.010888410235821844,-1,,0
1617,0.5148386084029303,0.18220025252945873,0.1020267830596882,0.0015945250472937378,0.1496768151590399,0.049663015801589105,40.16600863021297,18.843817719888527,2.790838350907644,True,75.71195423610382,7.156950180850845,0.41705059078688744,0.04763695405862538,0.02549189818039735,-0.0026140463875663532,-1,,0
1618,0.3661648932474153,0.23453629893134087,0.018216570614400424,0.09689946098698712,0.002207089215873387,0.28197568700398307,30.905813522229323,45.164039593722755,1.032777504414141,True,19.300341286063006,7.235917246741131,0.43408601464502816,0.04120353087820571,0.030448098163219434,0.000502577720555026,-1,,0
1619,0.38018792540385643,0.06411037196501823,0.12269198945339192,0.16379572003957477,0.0022557815629268684,0.26695821157523186,41.88230321460557,34.3486573239689,4.987473375487196,True,36.385100758485706,6.641874323973102,2.787138389415234,0.05707879339418377,0.005937636812461339,-0.014762272314273517,-1,,1
1620,0.13741002679721906,0.00034250456360240556,0.23745781622965284,0.3006317490226078,0.215181605841672,0.10897629754524583,34.06300878967118,11.594366347121712,6.698895226442813,True,0.178753731737663,5.850385459403474,5.077663215334886,0.04020206100062869,0.017231806102137048,-0.03100058145577072,-1,,2
1621,0.10032426862483831,0.2990958228542211,0.4963115924840236,0.023403529618495775,0.08080370294107707,6.108347734399017e-05,32.27378419618854,47.7380168647814,2.6464443499546473,True,52.17814107781614,7.23257769765412,0.4804131852969687,0.030968811589003855,0.018541332615944615,-0.01175588411879529,-1,,0
1622,0.5566215735101203,0.04832966792556247,0.12033725657261467,0.163727707794652,0.11066687468923699,0.00031691950781362674,28.122895143968268,36.2543186603489,2.9924559857970197,True,40.939120213817674,7.088421918060671,0.7793661540302492,0.03953677548567427,0.037947027445580074,0.014137978905883036,-1,,0
1623,0.18043135771413205,0.053165824815258965,0.08047737566892316,0.28087886625694464,0.35514826598441257,0.04989830956032859,30.361723063963233,14.218909061611544,3.0747264415742643,True,52.07002393170465,7.200453830275953,0.9359476130870008,0.03709952929080309,-0.021460263337254006,-0.00035943818523349636,-1,,0
1624,0.5145933115504386,0.3199047226135118,0.04734514192161076,0.03294647415404584,0.002980415576943113,0.08222993418344986,29.595936771958055,10.13424006789434,4.41175609007847,True,29.005195912474775,6.785246035995917,1.7727439679744001,0.03685674137630148,-0.014439702938626385,-0.012656942714814115,-1,,1
1625,0.19523286886707786,0.005603756170335754,0.010715201534317906,0.365357506177503,0.1738284649562119,0.2492622022945534,44.369864410051456,45.090504164020345,1.8148684315739936,True,101.34848142065876,7.197244683775105,0.5810820103325021,0.06685370141851954,0.04524728917730748,0.013491289665806419,-1,,0
1626,0.30328148669553245,0.009762581146092913,0.16703029823104387,0.09426219323945373,0.0005684908014657195,0.4250949498864114,27.91681973722432,32.75240444328361,2.169517429928071,True,33.1428739109625,7.001783954651218,0.3921608644595903,0.067577173327216,-0.005266035544131157,0.0267733881587316,-1,,0
1627,0.42903647023947583,0.14156158682736988,0.12382430705693473,0.0123444238271348,0.030867984660536245,0.26236522738854845,37.780802981625506,11.47148403954601,6.320154759489096,True,0.6092687883765391,6.055645384728638,3.8345849490852437,0.047032316534336385,0.029440485395583315,-0.012798762239646246,-1,,2
1628,0.11506842503827519,0.024059491214560025,0.2639802198263785,0.24000258592382023,0.15319417302604157,0.20369510497092452,44.546233878665134,28.50204121538048,6.3997271010475725,True,1.0698246302751904,6.022369052637151,4.521578945767987,0.06459342622711531,0.0022613619629231474,-0.006695505549139366,-1,,2
1629,0.4929592751818623,0.11478349658035317,0.04198486894211952,0.14375339215911595,0.056281293856617155,0.15023767327993182,40.32242041422614,25.081818144545455,1.4468020112228177,True,53.659813879626604,7.3992059499092235,0.33855453296232524,0.05039749104704683,-0.042472061909287116,0.005501036972148048,-1,,0
1630,0.19210193218680996,0.06614300687832722,0.13833710436361563,0.415476754042724,0.00011483351952555389,0.18782636900899768,33.87725502210819,27.2196968864565,4.917782949462529,True,21.937389919397138,6.5320968926647085,3.060087061802504,0.04724033001877792,0.031552644971706394,-0.04599384263772252,-1,,2
1631,0.527060958523089,0.01608170962914031,0.2736479013719016,0.04541304865930691,0.05924896855958716,0.07854741325697513,28.972289934235494,40.38371150532048,1.1084204233593564,True,15.682718052508841,7.168191273827804,0.9376371327395598,0.037621595460381664,0.012312580596757862,0.009239397082865603,-1,,0
1632,0.4045648503016416,0.3254713376909119,0.18651697013527624,0.02692251285561242,0.000276169930013337,0.05624815908654436,39.71558635289491,11.085431718645943,6.003114219556805,True,1.5778446908545785,6.201552442767445,3.64791698539667,0.0425257705700557,0.0327154983261939,-0.007056959494317174,-1,,2
1633,0.44809597274756446,0.23009893173705329,0.0687230629750419,0.1694457399535464,0.005486398139543943,0.07814989444725007,43.581649264230364,34.6866296345911,1.3740356895878345,True,58.97395755992354,7.2526885511411905,0.3536548011134789,0.0591183000834296,0.012033102529785279,-0.0003886728577447424,-1,,0
1634,0.34581138357381647,0.02922437902438642,0.20874731332697316,0.2682291740730902,0.08948598335069909,0.05850176665103459,39.95891385917949,39.564225609142724,1.5313032967438973,True,51.39291814113784,7.075919677476607,0.45741928296777795,0.0479486450426804,-0.007723254026355281,-0.01071756128337311,-1,,0
1635,0.5729791958480214,0.1224745369995608,0.04430199311671458,0.16871458330941594,0.00035656726111230123,0.09117312346517513,26.32417870722001,34.343559599547824,2.3268389359086035,True,29.34950065425008,7.19591977358555,0.6860013504097604,0.03911678156547491,-0.020363922489263723,-0.010221444502032993,-1,,0
1636,0.25173424265644617,0.1299666629644568,0.06874706365762025,0.19286997034619752,0.19432398656853453,0.16235807380674472,38.04284577432096,22.333781079471425,3.445135902672333,True,102.71068354784204,7.252953133913879,1.1498129428853225,0.047114364173012395,0.0037155911952571623,0.006805675676311895,-1,,0
1637,0.3135910958812615,0.039696643600096504,0.022125055126233858,0.3247805868422976,0.0015351138291392532,0.29827150472097125,39.6318326275816,19.714778163578597,1.9647722716613105,True,77.87256522050244,7.235970593015443,0.5591502402906322,0.05674096577030153,0.030838566545947934,0.010156371099338948,-1,,0
1638,0.33738456168873143,0.07708088187637503,0.2747332342200108,0.04324354689544252,0.07253542917440217,0.19502234614503813,33.25487709142746,20.491503346043128,3.3736681565144626,True,63.725569905497196,7.324770889507104,1.0613704004776168,0.04534830034755936,-0.011410161376040628,0.0037151789686796937,-1,,0
1639,0.5100934406614402,0.13443979147197035,0.09492771881702314,0.21454740320030527,0.0319262307161363,0.014065415133124873,33.278236676945596,31.436827656691605,2.828089148593996,True,58.38256345819402,7.180421018959301,0.7326228240795842,0.044642891858259696,0.024725533962464148,0.010001334582212314,-1,,0
1640,0.48199684552722727,0.23002010313366963,0.007710100288131935,0.048208938437751196,0.15132836448121306,0.0807356481320069,26.69219482945285,43.96759320498959,2.1504520476064295,True,27.8960460094582,7.248480807809606,0.3154317375323281,0.04434479208144675,-0.019427479779618437,0.0033498121879892736,-1,,0
1641,0.3013584789013686,0.35037790121455625,0.1422366504991757,0.1064293348372128,0.02575072242433133,0.07384691212335531,36.11188628127111,37.98362299600235,5.530176175697941,True,6.716466772176488,6.4193616550042725,3.278352594514904,0.03740701751683922,0.0232537536378166,-0.005232709318977616,-1,,2
1642,0.3426011789290581,0.12515752793701204,0.0439802690228997,0.2912704446478602,0.045183675032185816,0.15180690443098405,42.70341999157922,49.813363479920994,1.894214671557453,True,77.667301589182,7.225923698238743,0.4847079160064399,0.0615465619661249,0.012043863830132473,0.022255166814719663,-1,,0
1643,0.3190399054426126,0.11579494818295634,0.15339944427100885,0.3028559363095076,0.09481445938151896,0.01409530641239563,40.183178929756046,22.14300465257437,3.9905225493420406,True,106.36532501788317,6.945484571494451,1.8729369483043172,0.05371079981143373,-0.02246720316927287,-0.01487020945511166,-1,,1
1644,0.17413586017379976,0.46133774811569855,0.007263340192609292,0.19473710717220188,0.034204136909196256,0.12832180743649432,33.06553188015198,46.559686406891714,6.732333359517352,True,0.18914792242386286,6.000096566363632,5.061865436424274,0.0354725020361556,0.08560169339774046,-0.019019493933574733,-1,,2
1645,0.1629480439079051,0.4381284056261076,0.09653841760244,0.05055446457809132,0.20733201430243897,0.044498653983016896,27.199553538566125,43.14785434824608,2.1948098354759646,True,28.822200742242725,7.17519952706062,0.5272905996622184,0.05181325065077586,-0.0038538883613428213,-0.016810090036493534,-1,,0
1646,0.3617419503025637,0.009946666867012099,0.1374303971548912,0.10940719392804178,0.08903763604837749,0.2924361556991137,44.40762672518002,42.592401959389164,2.3440758750034405,True,113.97300804299734,7.215796630227672,0.36649329589283813,0.06802582967270727,-0.020044821586992573,-0.0025680164253594545,-1,,0
1647,0.25940120509561837,0.26085817893389773,0.12455808732558508,0.24416494124035099,0.07970722253340182,0.03131036487114599,27.038226574498616,24.143742325773715,2.790893065339045,True,40.34748854551762,7.142477308889546,0.7064301238175016,0.03357307758656861,0.005186563249926894,-0.006347000789712444,-1,,0
1648,0.04045050953912702,0.28032466710728937,0.255610799230585,0.09165154615105857,0.14590367286903286,0.1860588051029073,44.76146754634653,40.557528378756665,6.444888962387761,True,1.044446825893744,5.99096780076321,4.205437996862706,0.05544926355161479,0.005545707569848821,-0.007380735560439679,-1,,2
1649,0.12420238430542786,0.0021218505559343222,0.212671138266275,0.49886654921140416,0.006047402090224464,0.15609067557073417,28.075732087178974,43.9027369008621,4.646772387764875,True,30.84709072546365,6.740475165864495,2.9397623787223663,0.041047247972775334,0.035077826931594155,-0.011224277519967572,-1,,1
1650,0.18512549461816122,0.0455389719687664,0.33507228301568376,0.15707377908052403,4.9475409718309386e-05,0.2771399959071461,37.79223648879126,28.134923848311235,1.4009917733985298,True,41.98911046650902,7.1972502378070855,0.4619499839450579,0.045613596307998217,0.0024953537645285824,-0.001401871788819189,-1,,0
1651,0.25840687733031664,0.18860681892023531,0.026070374544247616,0.1991578055611975,0.22693555429780748,0.10082256934619532,35.31561037814133,32.68560669643745,4.491853037781475,True,54.56404302747216,6.811255429089736,2.2659389175413547,0.039606831774779194,0.02436096805176465,-0.012039229553072133,-1,,1
1652,0.1746990268543221,0.07857637763298193,0.07873068671741489,0.09267748171889881,0.3505288657473607,0.22478756132902164,31.8920996837211,48.115684102501874,6.045746535111785,True,1.0604841834388818,6.164876259256696,3.715442030805939,0.039149049251586326,0.024478690351052455,-0.014909126632397162,-1,,2
1653,0.5298907805614324,0.0652018398621373,0.357112860066055,0.024907358882319583,2.461554683003558e-05,0.022862545081225632,38.11580765391522,15.076688747909692,4.3774439098717846,True,66.33811506195839,6.825315401471957,1.7632016318360724,0.04037404306876493,0.007764772278348893,0.012239996572388882,-1,,1
1654,0.20300453710610356,0.3232694148413127,0.1621430521304073,0.012845846989741923,0.07679483837485304,0.22194231055758162,33.451823878878855,20.32590577594314,6.743923776457999,True,0.1792650221764813,6.033830697077451,4.3115093440352386,0.037385360612688344,8.747435604211651e-05,-0.02545460791638373,-1,,2
1655,0.3921827963483052,0.1110172963324624,0.36276233229046123,0.023528599284968685,0.0016178549732015466,0.10889112077060102,25.664038337840648,21.22178414803647,6.26204918922194,True,0.41925415969408864,6.136261748451251,3.7654376019302322,0.03388933749242001,0.057783419738783995,-0.008834588327227989,-1,,2
1656,0.10013516496407976,0.46657409817189854,0.15951509174278516,0.09682979236154633,0.040498715400671695,0.13644713735901862,29.244458818007242,37.52584673829112,4.380456405874487,True,43.34719117420672,6.9288099516546175,2.0203239341239563,0.03193502524598339,-0.0031019749845814532,-0.00941681260224361,-1,,1
1657,0.3614443078266157,0.11148692049323422,0.30801748372537285,0.20441677028268126,0.0003890599897804137,0.014245457682315412,27.34462545810798,14.804557689583415,4.515766050704974,True,24.588995657913266,6.805813151885163,2.2355168425478245,0.03602313968632185,-0.010416833177450823,-0.005140181993787328,-1,,1
1658,0.23493825326302628,0.17583779165110588,0.016443464355021024,0.30436129038552484,0.00028006738204024926,0.2681391329632818,40.62684893302843,37.56969221520254,4.755749366027899,True,70.47249051348665,6.643368826889231,3.155632732242463,0.057683431470083674,-0.0022263375689474084,-0.020551574161065546,-1,,2
1659,0.2944814585617131,0.10925237545732806,0.06402031949772305,0.36453853102904943,0.0447033509390548,0.12300396451513158,40.1882348548544,16.976051309783614,3.7564960463242034,True,122.31873279205026,7.086815181567755,1.7455663226353475,0.051836256767530946,-0.029503921106167497,-0.031011503520439507,-1,,1
1660,0.10417807138583547,0.5643851841159705,0.08139397991419875,0.06232478121441704,0.10445431395698117,0.08326366941259689,28.919529295153694,14.679456206648647,3.418534329171224,True,46.493188052334816,7.2691592660047695,1.0863963073395635,0.036504086223921706,0.10168668996439191,0.0014843861543695543,-1,,0
1661,0.1329881271572086,0.285965567101137,0.2903391719244167,0.01946838264057799,0.095858450180659,0.17538030099600085,28.080108711668657,15.174992788602854,2.022998612418677,True,23.397179879665384,7.115009715782565,0.3552672590714241,0.03160932107754763,0.035601970539517025,0.006574104382527297,-1,,0
1662,0.29787345231251006,0.1625434155689546,0.1838812607125476,0.09301966873374548,0.20231557125014824,0.06036663142209399,41.62423112907743,47.2397106301017,2.501273399547115,True,108.15597175008742,7.245431034705195,0.4661743586976187,0.045910601959931886,0.013014262432866514,-0.00504147379139578,-1,,0
1663,0.14789545715778055,0.17601518373385105,0.368368916689001,0.20548784818085597,0.0019137873092672,0.10031880692924428,39.12162989228043,25.1704355745067,1.7524560673401517,True,58.576118623189394,7.229194176508569,0.48418924422609344,0.04089118595513534,0.04838044695193351,-0.000968445930724261,-1,,0
1664,0.5979864345213526,0.04902625655457059,0.14244557469869712,0.0801067290009508,0.049733215725135525,0.08070178949929345,30.17334171048537,23.50747388310744,6.428970869859697,True,0.31942588880395406,5.9767667621178795,4.137852004985033,0.044917475450695986,0.0904933074959381,-0.01494763925080207,-1,,2
1665,0.10816289334846989,0.48040527861639276,0.11278690455448752,0.10275528293272825,0.02248668307433459,0.17340295747358686,26.049815480786176,26.3753734126352,6.196859033233989,True,0.5414075112882893,6.0509370130436695,3.8722794388297763,0.03536102536949376,-0.0019036140740705115,-0.02676782658770758,-1,,2
1666,0.6981590677926258,0.0015082163456050968,0.06544308972111272,0.17679040775667212,0.006980311000279382,0.051118907383704726,40.476386498244324,16.42659946581011,1.230158665579964,True,37.166753431444015,7.051054012067263,0.3898162724811495,0.05279926418614881,0.008997270057672134,0.0024299217335438505,-1,,0
1667,0.2860161059991146,0.07125453394205748,0.04900371139392915,0.3231330190240739,0.05852840795580682,0.21206422168501815,37.749142603857265,21.965985871132098,1.0513599228632045,True,32.34712409324236,7.308132981117382,0.48299122324283195,0.05804658821037214,0.0127096410685711,0.01675453670499755,-1,,0
1668,0.283680910126323,0.34643068385995807,0.05564750577855911,0.10552366330157167,0.023167572564768722,0.18554966436881937,30.40770289241385,35.42053012786606,1.8306223584388421,True,29.49209570076521,7.174358617449397,0.4010323843172362,0.04783719977383201,-0.05664340706027182,0.004523625255076583,-1,,0
1669,0.14309647811131004,0.36091805741735583,0.08745229287385521,0.27916209815577275,0.11814095251050234,0.011230120931203815,43.985415303366906,45.5379551807011,5.17228519943812,True,28.85962453435778,6.504213930111248,3.145507287567383,0.053899459652106546,0.03986931416502919,0.010351694616785229,-1,,2
1670,0.36151836802701154,0.07514215042234498,0.27541529223284833,0.12135401873478485,0.11904274564880447,0.04752742493420596,28.43398392992058,22.489046323988084,5.21295743089585,True,7.603596566450896,6.450020466369966,2.9905047096294686,0.03497261327790955,0.0023096992155907797,-0.004248086370143397,-1,,2
1671,0.6685455138840529,0.06355320922192072,0.02550910177416999,0.18290932341636973,0.03692305584946784,0.022559795854018908,43.04202713250886,31.764129631200205,1.0353009366174437,True,39.15328850463028,7.286554477325236,0.34832100201360805,0.059074223394570316,-0.011630481857297169,-0.007799387064477461,-1,,0
1672,0.35210575929876375,0.08020583866076703,0.01864602376109986,0.4359357801342938,0.049410075076515125,0.06369652306856063,32.178803675322555,29.683594177973948,6.7412094359505135,True,0.1786291305085036,5.906754002869478,5.590105997925693,0.04500052163708533,0.041961568269336114,-0.014524134532046432,-1,,2
1673,0.06902126482853053,0.0991832350245444,0.20077232000172157,0.622402445957539,0.0006536481969517793,0.007967085990712684,30.272206611293065,31.05298831810408,4.0631263628734695,True,78.69026474444121,6.923589774006559,2.4590323413841686,0.047407548295624706,-0.029604523193540008,0.013795687340502627,-1,,1
1674,0.5855507443150529,0.026423206231394367,0.21529462019215298,0.01459056125743608,0.028235182144557894,0.12990568585940573,34.53720494916067,11.307463725622702,6.534645604044643,True,0.22545563328207027,5.9359225851992585,4.109399664985673,0.04064696885617068,0.05376818350836781,-0.023053243061972373,-1,,2
1675,0.3708685479368341,0.02142796788061544,0.23942653650005577,0.12225099293430423,0.23778352404880568,0.008242430699384733,29.375136672209145,46.98929436949641,6.1552815111780115,True,0.632756715164897,6.136928570415817,4.097834980720534,0.03518045119193327,0.021215434427994218,0.005399153224018778,-1,,2
1676,0.1477550485971635,0.1412333499208296,0.35630333024572985,0.067030015630301,6.466981812321731e-09,0.28767824913899415,37.800969801386316,45.893413757694155,5.243799977401264,True,17.192299775789873,6.445122877686186,2.763869119670186,0.042471711673342925,-0.06230800246468081,0.013069672826393576,-1,,2
1677,0.25800707289489105,0.11730624183617987,0.08051892746341424,0.3105876778919417,0.16112343357532344,0.0724566463382497,28.512508257108415,15.069950211622194,4.741426440705235,True,22.281085674736122,6.703979906110593,2.7275604006095127,0.060520246665537805,-0.025821046232917064,0.001726891051779293,-1,,1
1678,0.008217687480528877,0.10352789927355419,0.3610270392663896,0.1490780589713402,0.07983045473027647,0.29831886027791066,37.82323742947051,24.74134121052957,1.7570738193526145,True,60.725843697174774,7.223548414725432,0.3996939853491422,0.044083001034111294,-0.014219645939157753,0.008140890942422607,-1,,0
1679,0.2243468818714124,0.03822578797400487,0.18375705980909335,0.009023311639170833,0.43932240725487326,0.10532455145144529,36.212016719546035,38.411397408750105,4.6937387437783995,True,47.174401814150116,6.920117158289029,2.0986541584345075,0.05225433109528607,0.07367933503087046,-0.00785448597000458,-1,,1
1680,0.16791369894764505,0.3986373716931851,0.15212498705775238,0.20464356534967598,0.06396735697625003,0.01271301997549152,34.86974377067111,11.185225858421717,1.3779090306784314,True,27.546468834841928,7.24213840136463,0.5598276440413039,0.03061964151006794,-0.00635158355077754,0.009522960810241352,-1,,0
1681,0.13391179849577434,0.17959599926358347,0.09996026777407419,0.14484130252873714,0.2982541199982647,0.14343651193956616,34.51163709054322,36.43181895884543,5.417696044954882,True,7.881597573529279,6.427608359687558,3.113071634314831,0.03651179656008417,0.04487426106303513,-0.012926947597061672,-1,,2
1682,0.07109064590054372,0.468494767097618,0.31423854763718917,0.13439627383134037,0.0007929508901624243,0.010986814643146266,40.84113642119714,46.0171612668744,4.215689371808857,True,89.18140728703304,6.827101096105698,1.7313092759764572,0.055391900236157164,0.03302075154753134,-0.0063818076723739705,-1,,1
1683,0.2735483642361988,0.29524238330220526,0.06620990334501288,0.05935679469800355,0.256485102825657,0.049157451592922424,34.00515116076141,24.91485400127473,2.2055216583492117,True,54.102880554146175,7.245942986057959,0.3718892001741466,0.04317851605235869,0.01795938229667714,0.009117831018045223,-1,,0
1684,0.2743415023021372,0.007967425158386256,0.11186570946435254,0.039890614286352405,0.3267235110133005,0.239211237775471,26.17890410543999,39.89420915348087,6.226899639973618,True,0.41733903044920057,6.164663324107923,3.8395491196242455,0.0479683612375497,0.021079940347906022,-0.017754535603844927,-1,,2
1685,0.16838051315379673,0.013442615990580864,0.5490107350660618,0.15877764954505452,0.002316106586863793,0.10807237965764226,38.83445191923322,15.287937196302778,2.8105870885072086,True,79.97835075570801,7.1047305533346705,0.9687001257638439,0.04704842917772424,0.028345901911937935,-0.014993705323454724,-1,,0
1686,0.49098145663415543,0.2162539437743698,0.09777327357932117,0.04962922847353038,0.025057442922240856,0.12030465461638243,36.599828929916995,31.758521350274876,3.0132499323860698,True,74.87158823712453,7.264204655960273,0.6112415565708826,0.04600095361464955,0.050302588362291095,-0.00700824183976935,-1,,0
1687,0.15407684901870095,0.032452409013490446,0.3416463283709139,0.055154276234760616,0.18315125333072374,0.2335188840314102,29.42450840550623,49.282978658396175,2.225320853871705,True,36.24739365230682,7.254870637736152,0.4470544118668395,0.03888855469478021,0.0770739348273142,0.008440147530341852,-1,,0
1688,0.2382137640853326,0.2492094654194236,0.1266507417848222,0.11448765864226627,0.03957067455044253,0.2318676955177128,36.5464602764834,29.344588082498483,4.40517492345673,True,80.26567967752068,6.871748024552447,1.9787557535828448,0.04808681549905059,-0.02960857932230202,-0.005569971610861932,-1,,1
1689,0.36041938637232257,0.0002388085702427152,0.28103205491954125,0.1319186187724592,3.1553710126196615e-06,0.22638797599442168,34.984787891968544,42.06381240091223,6.011198116563971,True,1.505995103467894,6.422424281724492,3.781747486043283,0.04247772720877417,0.04889038116967688,-0.025891761160415278,-1,,2
1690,0.2531810652437254,0.5835193990795298,0.05334253070110148,0.08035323238633661,4.752417861609984e-05,0.02955624841069056,27.97763896433967,36.29127865818302,1.1784714842110362,True,15.477705428646015,7.279412605183543,0.3119813413140189,0.028830807712543136,-0.007115877702772156,-0.011431870559769295,-1,,0
1691,0.39410201061271644,0.18272698994326564,0.029324349836716723,0.29779062801294415,0.009915300403321028,0.08614072119103612,33.69800002437488,49.827412404635794,4.935668051696993,True,28.73929573196361,6.683676845761659,2.8538834375438067,0.047300234978850594,-0.04363999317730541,-0.006531867371657405,-1,,1
1692,0.143779887526469,0.09052340938208281,0.15819552866559644,0.02164244613950672,0.06551621176204979,0.5203425165242953,26.75532545019339,27.180212660251687,1.4321012145820533,True,19.87205831649655,7.133836269058179,0.26718129607670893,0.04345080031633753,0.03843571338629553,0.0071660858269926775,-1,,0
1693,0.17218386678336584,0.10377717162858069,0.45612061811984045,0.09797986756268437,0.018299352265758573,0.1516391236397702,37.68794668709005,37.44243859340355,5.453705088155977,True,8.44754686692659,6.504467903977098,3.042954262964325,0.03842678462133233,0.03411802025143428,-0.015760148091303435,-1,,2
1694,0.31131197162254104,0.2829128806830198,0.09107287698167017,0.12420624948219261,0.03274067147176782,0.1577553497588086,35.778222169055354,15.009710547486247,6.345621747561335,True,0.5429480130640235,6.00067880591758,4.209816874134024,0.04582188324970876,0.06163391219862385,-0.013996498929541289,-1,,2
1695,0.2958449180971322,0.08317552510905098,0.03736448164305,0.25023584441697583,0.032076349917690705,0.30130288081610024,41.47160027967055,21.20609489072779,3.314418987230558,True,123.30770552192918,7.128595153000397,1.148773098438054,0.06247671618129211,-0.01359949358970659,0.004813478976524545,-1,,0
1696,0.15350278553741448,0.39401328267725333,0.10536643178059527,0.027980566477638136,0.26076697061464715,0.05836996291245171,43.96423789953035,14.076436504750994,6.643415443997374,True,0.4480692691524789,5.9957555830404266,4.251348713334377,0.047404016002365226,0.015342198829591862,-0.01471898310455469,-1,,2
1697,0.525547018894092,0.021374076810261905,0.025829700255600493,0.35237853332463887,0.015051317633488588,0.05981935308191817,43.38525973550803,18.1909994987766,4.450259003794667,True,118.28431292630196,6.880089868393867,2.528133041969766,0.06008221569149323,-0.0396125714616501,-0.015563297773845705,-1,,1
1698,0.22055890688757912,0.29064008349794657,0.261846358579784,0.1323644327688279,0.02357951536320241,0.07101070290266,41.424157318657294,43.44946349713943,5.23043171174791,True,18.865375534530365,6.296781725627517,2.87127446732134,0.050205517846338935,0.03310348906763401,-0.021975821995444123,-1,,2
1699,0.429265149139727,0.08010263679649414,0.03788230458284141,0.27597571848291647,0.11137979030285373,0.06539440069516708,31.089599527691682,31.122669536014108,3.655729763111723,True,72.62538079970265,7.1144782609144395,1.46722841745475,0.04161093025653928,0.09573769588359152,0.005024530858060781,-1,,0
1700,0.19068605367902222,0.08123859127788886,0.021270211140009383,0.5570595635427651,0.07373724832177636,0.07600833203853793,40.18658941460812,10.295273533877216,4.889110400029273,True,35.74926790447658,6.643392265977247,3.3380605194394968,0.05767011823093079,0.0029062367291377636,-0.011813613225937662,-1,,2
1701,0.5227183038142066,0.21993142660173315,0.09215709067921735,0.13204698067553772,0.011120537025027305,0.02202566120427786,32.47911117279394,20.631167560283572,1.0265579549094805,True,16.035764770184684,7.101298356330458,0.38563957346122874,0.0370186778306401,-0.014415250725199662,0.009276872160580941,-1,,0
1702,0.0720451017163441,0.11854691305273748,0.43706425261395787,0.2736908418763943,0.0008495778355331583,0.09780331290503304,30.27638970949669,25.00856140103902,3.182699218841571,True,59.77980015053227,7.282318200832956,1.0031474964504847,0.04176822634868459,-0.04749393673034384,0.0022772074124936133,-1,,0
1703,0.38054804433947664,0.028125864153423535,0.2399113603579436,0.19525018132787492,0.07559147534033792,0.08057307448094328,36.20999538052106,36.47310065743251,4.6124217948232324,True,56.91104141172045,6.868573298680043,2.31892567423728,0.04200572989795167,-0.005631786446248531,-0.024811567203238405,-1,,1
1704,0.3032416268300151,0.3696721631665495,0.03694595180614738,0.18106489622397656,0.10856919358918618,0.0005061683841253065,26.78013186433262,35.522679206729386,3.2978102805032847,True,50.36391232194868,7.146151419493918,1.1529008030744228,0.03367634543786087,-0.03448282669255584,0.005563900789711953,-1,,0
1705,0.0366639768962452,0.12309394019303178,0.6148984453124282,0.03309844298496729,0.01685478976970943,0.17539040484361812,26.302165123711006,12.264203662738176,2.9598045794073373,True,32.087316243179494,7.154548106896858,0.5372214027823171,0.033273697147778586,-0.011261617834461567,0.0057399314313594674,-1,,0
1706,0.4812611502521073,0.04244462118784602,0.24361813596585258,0.11659679905908374,0.03706101886608146,0.07901827466902897,37.06877448460793,36.5747099017445,3.5079694356145454,True,94.51801662862535,7.139325094716657,1.2240942133954031,0.039973996882353494,0.0631594012102763,0.009307694367395411,-1,,0
1707,0.10036874728423766,0.36257381045927783,0.07859640037918728,0.25005684348013496,0.05200001016752186,0.15640418822964053,34.86531442768286,14.412307998087645,1.7579769884465244,True,42.4501848841396,7.227345781809795,0.658974536704028,0.04032888994351548,0.0377953329059418,-0.004135932300489595,-1,,0
1708,0.5087402281491669,0.09351669951930967,0.1744962821078763,0.0016194621698647404,0.1409448645801178,0.08068246347366466,36.942836114601135,26.8266785877708,4.943377159261704,True,26.519582364966748,6.517880556311497,2.2460640536768532,0.04545445876469006,0.01074642919766412,-0.018064916954096694,-1,,1
1709,0.5682151191470503,0.0006209973826880232,0.12389151000896564,0.22713185542549355,0.005022159605997058,0.07511835842980558,33.360801391557445,11.657540752712583,3.938613200107266,True,57.12050269643174,7.096848121703214,1.655174925727105,0.042677163469141556,0.0004667059935278394,-0.005139728850654264,-1,,1
1710,0.0963699935280994,0.7957031999404692,0.01650641567910867,0.0039112432195445145,0.00048525196406357855,0.08702389566871468,37.69241650880606,23.977210481122498,4.2072060157991125,True,91.7623174601553,6.997896557449224,1.4893108470930656,0.03206671900991053,-6.323929942188625e-05,-0.010036319082365724,-1,,0
1711,0.4681641011761656,0.017710450310231506,0.007917035031913043,0.005504322650567838,0.4566026164273669,0.0441014744037552,33.307005412793146,37.74251194725163,2.8161766343953607,True,61.11849168795165,7.095832981139282,0.44171556822807717,0.036245431357247844,-0.009822862981009072,0.006587793635803245,-1,,0
1712,0.312906177585311,0.1038477235534087,0.07163102673127182,0.41005472834373113,0.09548264028232555,0.00607770350395192,34.09639011196978,15.807195328508282,2.004668805216763,True,40.8412099194227,7.2893989307368425,0.6108857109442054,0.03784560166127755,0.046812819479881695,-0.004820248811414021,-1,,0
1713,0.42145856334426607,0.17084436632659583,0.2286180330011493,0.05241820589244592,0.10856625878742429,0.018094572648118746,34.769086925958604,15.7862102919173,1.0546956376873848,True,18.767506848402004,7.112700852778777,0.3538224597475646,0.035359491162991405,-0.055767978843507364,-0.010090435539899738,-1,,0
1714,0.3232083156556716,0.08191501463781418,0.5630128137481877,0.011981133550326995,0.01695002369204977,0.0029326987159498277,39.420989731778306,28.075551021221603,6.909238143833605,True,0.16036376446735914,5.802079135730894,4.494266431822822,0.04153023197184567,0.010118416151192328,-0.021630912853406712,-1,,2
1715,0.03636854060308388,0.35043814572598914,0.02422226404626245,0.0404055201318121,0.09979656137547861,0.44876896811737377,25.62450847697704,43.814972804592436,6.492178014772941,True,0.2037164048700026,5.946604839236166,4.09521033029779,0.04304022625725161,0.0450076925909557,0.006133690846961614,-1,,2
1716,0.4615661827323134,0.16303567416674186,0.02909080647854333,0.08107476466625498,0.1842020325067713,0.08103053944937501,32.375932310407364,33.03042148308466,3.163834350590319,True,64.69108705330899,7.192242422132111,0.815448124943748,0.0377330384407895,-0.04431197980650352,0.01463055169242124,-1,,0
1717,0.3440669615198701,0.03663474221946601,0.17047467636939212,0.10904996160885912,0.11782741841506553,0.2219462398673471,35.19252027900909,49.18986832451998,5.618210539457781,True,4.5567088503574205,6.296830724748312,3.272166416472354,0.042610634538106484,0.0004668235000171578,-0.0022479246762267553,-1,,2
1718,0.31002204677254835,0.3205202961354778,0.05410695252193191,0.17329502904777772,0.03355984423317957,0.10849583128908463,31.874685363982742,12.870705199153104,3.3401839708670407,True,53.83584118685883,7.135801708255795,1.1972983678207898,0.04577270234148875,0.005047870893813399,0.011128049395850128,-1,,0
1719,0.16759198394668665,0.4292628267256923,0.3053958629140436,0.015946498372325965,0.011756359699709465,0.07004646834154196,32.40600806651572,16.685530904403084,4.803277272507782,True,23.47678126808489,6.724660650588159,2.2248136825760936,0.03311064052779204,-0.012064262527087751,-0.0024990647691646934,-1,,1
1720,0.31232001400346454,0.018259122945843562,0.19027451405172452,0.4520181747224526,0.015306446621222972,0.011821727655291797,40.227506038512175,39.92960307793834,3.842227406607436,True,136.42564770354647,7.065865541888256,2.0052868965719606,0.05033679755521549,-0.013808604114455973,0.005274961639088365,-1,,1
1721,0.09060831044261473,0.001571089201881486,0.3962980995738186,0.2922970887002188,0.04403668708486599,0.17518872499660026,40.549475147365186,24.75298023068751,2.818332303511863,True,104.72916843312464,7.133206972737798,0.8309875209055431,0.04941485474138665,-0.00827337348641591,-0.00895822705857077,-1,,0
1722,0.09256874800171565,0.07113515133659455,0.46301140965347054,0.004615971753976201,0.32214521288571035,0.04652350636853267,44.26320774948057,14.72707575867787,1.434162235567593,True,50.98605129204706,7.246623418075336,0.26641057699672455,0.04602887243828686,-0.0030434151706486517,0.010732156976493943,-1,,0
1723,0.34967467993811846,0.33203704162528125,0.12314055032598206,0.04051795970978417,0.040362404828821884,0.11426736357201203,28.288488186257027,24.436608617007685,3.221477454769159,True,47.81899679983655,7.07187247700492,0.7783152246630464,0.03429138402072043,0.026256116284993906,0.002234476377216564,-1,,0
1724,0.5819935740739337,0.06288234262668858,0.05355386745742685,0.21170042333637704,8.918762157423502e-05,0.08978060488399948,31.914694050297648,17.200168807380788,4.237670049786084,True,57.08542539797499,7.027947956031771,2.0080042511472906,0.04091075059992731,-0.003092435785680768,-0.004130449028971304,-1,,1
1725,0.6707356989170163,0.23327014544436123,0.003916644261963832,0.04523566907900206,0.0063970175591596,0.04044482473849687,39.21208933811692,29.54475884400596,4.557267223661377,True,53.368710662450475,6.70570540832789,2.0140244219712673,0.04720780832333954,0.024576337324125112,-0.014404106375665655,-1,,1
1726,0.22804750030360693,0.06616650409106216,0.18143115914412866,0.3569865637971551,0.008168885582637833,0.15919938708140946,36.98313840848921,14.422083937386528,3.6461395741650766,True,78.51239348387523,6.9958965135608535,1.6025800407858082,0.04588494870742431,0.0003350870467656525,-0.02204510170608343,-1,,1
1727,0.42571614698293686,0.05714992427162717,0.16095444708364387,0.15415232526467978,0.08809877583653974,0.11392838056057258,32.025565130689245,22.20166350042902,5.034194009903341,True,15.574605521548714,6.631884867903845,2.821883869962368,0.04076755512924369,0.049909809704696315,-0.007728017623956997,-1,,1
1728,0.24327868692744442,0.09934964184947019,0.11250369164041885,0.2948769459669246,0.012878192256347887,0.23711284135939387,25.39896227142912,31.57775089034049,4.1642867499835505,True,48.53918012005462,6.8551562657058405,2.2013933498239786,0.04632203477376523,0.034037364193652365,0.004476139212678339,-1,,1
1729,0.21778008951886044,0.131645728520057,0.21857616398582747,0.08698338615093724,0.004943272897022121,0.3400713589272957,42.71388897498531,18.12781522964341,1.9565896094375421,True,78.83968341626644,7.1893202234563045,0.38173069000873006,0.05569995446552541,0.054883686343371416,0.009300685383867307,-1,,0
1730,0.312940332304827,0.18553817957803376,0.035881729561518395,0.222881403267517,0.006558338514079227,0.2362000167740247,40.60613674127129,26.36322507945042,6.8705332440482865,True,0.22323445677188328,5.977953806756688,5.08349237419464,0.05355068402693178,0.05171598576195908,-0.0111490737088637,-1,,2
1731,0.5530945157163543,0.0832117479433951,0.20105711910302826,0.11943694446565947,0.007828928766359662,0.035370744005203396,38.28985262877173,16.655936766638856,1.9249196211838298,True,47.946257515957356,7.200572132848633,0.35130314365814586,0.044204806444684164,-0.018007176688227555,-0.020149708300377364,-1,,0
1732,0.7273624565165705,0.029635982478293025,0.006197413571461166,0.20030550895366714,0.03569226467047985,0.0008063738095284606,41.10321547221074,35.03692742018994,6.785831338528486,True,0.23945950264095217,5.852799010409864,4.99824564064981,0.05258612874112529,0.010841760053015372,-0.03671029397579441,-1,,2
1733,0.23062748231980557,0.431115185078078,0.053967893260636945,0.24642709767691104,0.025648711147158682,0.012213630517409754,37.33615024929335,36.855907888530076,6.7426357960029994,True,0.2719034313647162,5.927836013604399,5.2120297585195665,0.0385942813473947,0.003906766013605588,-0.030234049869890693,-1,,2
1734,0.46071368571626853,0.1302956033552424,0.06541729540640198,0.2539556403505935,0.0891015427268725,0.0005162324446210732,33.15189809383301,48.58787711641823,1.23812955527887,True,27.406021424500864,7.219042011095843,0.39687508349620637,0.038465496212536705,-0.03379993602405493,0.01201598392138184,-1,,0
1735,0.266694801376491,0.019103421234977522,0.024234405334618563,0.5601668080151994,0.11347468663477474,0.016325877403938743,25.261762460562032,16.237908143330493,5.141824709085259,True,8.958914692538263,6.447186823865929,3.763408866272179,0.04441397096664773,-0.0010666809788485929,-0.019498173327294522,-1,,2
1736,0.491638321673207,0.08872870944049317,0.22056600993813857,0.0020684372341088476,0.015328326809528309,0.18167019490452407,40.243588210823745,49.442457332658954,6.855051885521123,True,0.16486863848594865,5.8991882501334585,4.564133160418303,0.0544248837104324,0.02809344769273335,0.0035137560899818725,-1,,2
1737,0.15382455212178378,0.20009431490862556,0.10862264822590602,0.059018999260992445,0.0012367105508352136,0.4772027749318571,32.382967411856676,27.77186986948105,1.0746669852063102,True,22.1328421333539,7.081976363258413,0.43004996426599074,0.04386491411914117,-0.006081988824662844,0.013997403605370945,-1,,0
1738,0.39610823603443823,0.050768193259881834,0.1627038067902138,0.23071242048737092,0.014994548914551332,0.14471279451354382,25.44649887359856,40.17016062561247,2.0388438479702753,True,28.056364950716326,7.195587011406502,0.4549115973557455,0.04628868886333792,-0.028224049140190072,-0.007463220035678749,-1,,0
1739,0.32364822054330783,0.17415303828021095,0.08248274587026384,0.16604925547647145,0.24689932217572164,0.006767417654024249,33.874093876690544,38.07598573791017,5.104335236871854,True,16.560908701729623,6.59933983521916,2.7594606359366676,0.050392891457730786,0.020751522388946227,-0.004487333687759807,-1,,1
1740,0.1595619570112247,0.1363816164979168,0.12151430749779252,0.10889842747479768,0.0190033822943833,0.454640309223885,37.053890352178676,33.392493473395454,6.8847967412280635,True,0.15004498216853882,5.957172678035925,4.9234287923014834,0.05371087880786787,0.016926472163387694,-0.012872596851891207,-1,,2
1741,0.3095475793700103,0.044148358200217244,0.05999998574656969,0.34527973587085287,0.12082046231624306,0.12020387849610671,38.38033501657337,35.97765359696524,5.449366434705075,True,10.555511703783603,6.465863033062975,3.734495580151567,0.051374064503880316,0.02145320036769019,0.0008958887929132759,-1,,2
1742,0.14168598189824153,0.09874512300234878,0.5882354677506212,0.1119961590670118,0.014886093472592106,0.04445117480918456,41.53778963465069,15.597277847030139,6.7615825970182595,True,0.26679176591004217,5.858899675821092,4.633340849123691,0.0453225352377736,-0.012820829997795241,-0.022813647383507524,-1,,2
1743,0.3139298565349679,0.22848708198761167,0.026993070020862535,0.14616666530430378,0.05802922449200382,0.2263941016602502,28.420033609339995,28.00826654649174,6.4145840587140555,True,0.31624329032989557,6.128352562359037,4.45953890740228,0.04661265087117271,0.07224651836889283,-0.012362129067675174,-1,,2
1744,0.0733146141992129,0.23814743476684377,0.29284867821143823,0.33239711358756524,0.01835524403571878,0.044936915199221,29.57055441561768,38.733655559462875,1.7945634003148792,True,35.97096280832758,7.2464967823957895,0.5896484276744589,0.034385242766874526,0.015102014891646188,0.005971650120279005,-1,,0
1745,0.24363203198980743,0.1739080574594079,0.10285120304658903,0.10937602848349937,0.016670946814740482,0.35356173220595577,38.70283847132072,24.20279697744514,5.792117423431456,True,3.1220967324185236,6.35185994245695,3.607304033664053,0.05704227783280097,0.017342074644591518,-0.0063440763921489,-1,,2
1746,0.17223576984845732,0.011195657451606469,0.4022363009353052,0.20877952865905008,0.004846602841599469,0.20070614026398143,30.619967133073033,11.988347416604107,3.229567891824296,True,51.542372193700615,7.262057173262503,0.9587772903704451,0.0425373896147349,-0.0038498708930331874,-0.0077060982744185874,-1,,0
1747,0.4221363100805612,0.161670974511758,0.19064046599178314,0.20474764017554212,0.016130483634945028,0.004674125605410516,38.162581593340384,44.756665169179534,1.712062858165395,True,48.743363963513666,7.160893683317719,0.5872818213670931,0.04221031600846078,-0.007761520102897062,-0.0077096526781732,-1,,0
1748,0.2758801354709754,0.3754276025590535,0.1035387726779211,0.020487020412823295,0.19152903019363235,0.03313743868559432,29.82985527851023,37.33958839136865,6.423813299581824,True,0.3624199722154461,6.058001477416131,4.027057755144454,0.039111581032272476,0.06257938395269746,-0.011514152157627059,-1,,2
1749,0.26977756516260104,0.4731715570905644,0.06827840559090757,0.06890236934375467,0.11812176083890082,0.0017483419732714966,31.242174550107563,38.29623859348031,2.0624125148915287,True,35.2764294760257,7.364825866410192,0.3134338023296135,0.029018474854611207,-0.07673549108789873,-0.017229600161902916,-1,,0
1750,0.17551233492998322,0.188741707468029,0.06663386840535462,0.36505303884917223,0.03626055808627077,0.1677984922611902,38.29142095376075,17.32602950264885,1.115613484447701,True,36.602806340587655,7.261548058660347,0.5742744421827534,0.0472286725846079,0.05810702407372098,0.007032487316319455,-1,,0
1751,0.1811985385594883,0.26513422511184775,0.39034825013370766,0.14004868412044613,0.0013210667120494967,0.021949235362460524,29.333545631171233,33.07215573427276,2.7464360857082886,True,41.94219427322666,7.160235870902158,0.5686501444738886,0.03768549022006204,-0.020006170349106116,0.007642017307034744,-1,,0
1752,0.3816435638783032,0.19773571718365807,0.2570612640128831,0.017403896884186084,0.039763416866810536,0.1063921411741589,32.17715253748646,46.737891984942145,1.8839860456680453,True,36.051734257614946,7.202321629691469,0.35299766988239434,0.042095056900166,-0.02337627904683587,0.015739312584011476,-1,,0
1753,0.23485916498666237,0.06529182624047028,0.273989963949436,0.0028246092410045376,0.33329806703229337,0.08973636855013344,28.279125849522956,40.81396333891101,4.641000673381088,True,27.26039136075392,6.742700863905261,2.0126033673128556,0.03327646707635753,0.02360925981735894,-0.01769187655212809,-1,,1
1754,0.23907015531294817,0.058542834978246854,0.49136176594379344,0.15783044205706281,0.03481113537172526,0.018383666336223493,41.22063844819753,13.27450780301401,3.8903700031131496,True,105.76450066662699,7.120645107434712,1.5517314594421978,0.04616121393944713,-0.015084991842049048,0.0016575046687490325,-1,,1
1755,0.6549276996953634,0.02122264828753046,0.07856111504024736,0.03241032212316241,0.16678130860864476,0.04609690624505185,28.41838166607689,40.03620246324489,3.845037977532682,True,53.234837760372145,7.204112182798712,1.240670155466412,0.046955362424524916,0.01241261021790797,-0.005556138837633443,-1,,0
1756,0.2641329237256383,0.08704421138889193,0.05371736667927678,0.04364412191351797,0.4243812258905221,0.12708015040215295,31.71913850400846,13.721190402575122,5.950224645588901,True,1.1206684788414099,6.181907531675611,3.4763907133392156,0.03761457368285136,-0.013354776539912364,-0.004209816011953296,-1,,2
1757,0.7849009191345854,0.026796058721162384,0.043741826230077246,0.052831886014898556,0.07041082764030517,0.021318482258971514,42.68215388380678,44.8074872067573,2.0882853041493545,True,74.08553819953829,7.314742581288828,0.3289100231225448,0.05320603706907479,0.0032511368991763067,-0.011247055691520815,-1,,0
1758,0.4521770111454745,0.13785907527985417,0.02280732855585663,0.3547001440655612,0.002603932060969809,0.029852508892283518,26.299347357758695,24.120840919922756,2.450747996324108,True,38.11526141146302,7.2858050394653056,0.6348063359364806,0.04293921839522299,-0.001981350203418025,-0.010181428155864283,-1,,0
1759,0.4353575593300384,0.0908167873335598,0.12566992631401167,0.12356926384893452,0.03331436515858057,0.19127209801487494,36.756516608134284,24.09291040832949,6.614648643796718,True,0.35692134448643476,6.107972165949917,4.475155326804736,0.056703245082161416,-0.03547118401750125,-0.01990997517611207,-1,,2
1760,0.41893097974226934,0.27201592910618844,0.06377395785045634,0.028307174571458055,0.0005185197214508389,0.21645343900817712,38.095277951840835,24.001640858577716,1.8618150129263558,True,46.83034908561463,7.191869131623466,0.35225990029499343,0.05652009714457564,-0.048564827727781715,0.009655906401595216,-1,,0
1761,0.1724489931665719,0.05397229684357219,0.16237724299987416,0.4990364355205963,0.059673988218109014,0.05249104325127659,29.65040105185138,44.262715465657,6.95453751129657,True,0.0861474888197621,5.862360093167378,6.0,0.038727836301446494,0.06321059656763237,0.0005459671470012424,-1,,2
1762,0.20525582799685246,0.05801255487790575,0.004649753482245941,0.3209208040010788,0.20871230108801253,0.20244875855390448,37.35359482981581,17.08055430552313,3.385880610978961,True,96.61195393047761,7.285186736870483,1.3896391016585707,0.05074252469308242,-0.07671180393789115,-0.008118864584609493,-1,,0
1763,0.5365653432973727,0.02933123893618372,0.28019386124564666,0.010587311241550745,0.02945128490630856,0.11387096037293759,29.849312347674374,23.820239981832625,4.790255108786993,True,18.974750213506713,6.761721367746204,2.1737011281590757,0.0493933625988851,0.01181643215709672,0.004080535351953784,-1,,1
1764,0.29481269976148644,0.2939315855446194,0.027495326950025285,0.2741478405869667,0.10302456144437483,0.006587985712527399,28.735414044664623,18.78007340667839,4.791525748180438,True,19.484428263617595,6.659861631922274,2.612408738787525,0.04122015859086404,0.007067990234839399,-0.015174665034385085,-1,,1
1765,0.3872354680270824,0.2504134838627023,0.07630442963088402,0.2769832097494195,0.0015780412623785161,0.007485367467533192,36.38765953402677,45.74850270889489,4.017699575763048,True,86.7808714439409,7.120699636666254,1.8169744207887715,0.03835195021627203,0.06219160717070634,0.014557869952610637,-1,,1
1766,0.19480047483289134,0.2828561260171424,0.1352086910962106,0.15643642166426344,0.01920743377319612,0.21149085261629608,42.43242355535526,13.440903941706797,6.6821044198424975,True,0.3500079696013637,5.848654802235157,4.666705611076566,0.055939524181695996,0.042960100974930075,-0.036294385731806475,-1,,2
1767,0.05740259015390673,0.05359797814746424,0.6622746393819702,0.22422524657070453,0.0011478418593079242,0.001351703886646324,44.47622178810205,22.059922719279097,3.262257046777879,True,158.77256044822312,7.111569672309771,1.0208455039669508,0.048615612259451615,-0.01723259909566158,-0.0048548200099979314,-1,,0
1768,0.26276926743958723,0.330858926141249,0.05115221632755738,0.04538673313242693,9.588623550766508e-05,0.3097369707236718,28.95285383151534,45.76825775134899,3.4020307747592113,True,46.04323190559061,7.222831727016798,0.8874539126503904,0.04431202571538076,-0.001214093093324967,-0.0025792126960562925,-1,,0
1769,0.2549062638284623,0.1031011136520902,0.32102536056808495,0.13673767391905645,0.032362654675547234,0.1518669333567587,40.45868512955822,39.07791577360254,2.1666981414968727,True,90.17323107868019,7.052909465905981,0.3951062401270947,0.050510023260615315,0.014017278252291319,-0.011989232273470022,-1,,0
1770,0.23464795690044646,0.05826993590401644,0.4655274884045007,0.07052659635257946,0.006707944939900992,0.1643200774985559,33.545436604176835,43.32989225196664,4.179572854810294,True,62.22773557723683,7.092855231440673,1.6229122276344912,0.03700993189294061,0.026821020997647275,-0.013961130155254287,-1,,1
1771,0.5041824568519583,0.057542993439464174,0.32421103384192596,0.10720947749930133,0.0002388469349411988,0.006615191432409079,34.54609600376429,19.304946673057252,5.528557028631878,True,5.519235269811159,6.300166259517531,3.1660816081909173,0.03502869795793191,-0.038849504246168454,-0.013819153764269912,-1,,2
1772,0.7113955273721535,0.08486272426311155,0.15023013002858648,0.01947540495953342,0.030392889625860856,0.003643323750754458,29.22447470183898,18.138700778462365,6.4235477557174745,True,0.2601845374562244,6.126330160085215,3.9840289391275308,0.04547120331609438,0.03587003658204595,0.005274888845144446,-1,,2
1773,0.36991394779497083,0.06860661923119772,0.2749908104614914,0.11930613737503208,0.026982143215307543,0.14020034192200037,44.67724988089131,47.69668883982082,2.935062966216494,True,143.13857166371838,7.145669572333419,0.7712850555804196,0.05626621635136705,0.04543238923319995,-0.0003383448578644646,-1,,0
1774,0.23301750474499094,0.045524093382207344,0.3857914224325042,0.13476024694411004,0.04204492411946468,0.1588618083767229,37.17086394133936,17.5377174316807,5.85798838460497,True,2.6920025684019095,6.289026764272455,3.550118016923346,0.044030767083364994,0.06007308248157528,-0.013630100070625043,-1,,2
1775,0.12463436961321261,0.11406942841951076,0.08984056388207148,0.28791864113373483,0.3668554476513128,0.01668154930015746,30.503286514025994,48.455372926294146,1.8231294328633671,True,40.3738409064479,7.2612533472454635,0.6809596252013845,0.03423141831363068,0.038415903160444846,0.005491319863249747,-1,,0
1776,0.2979781451362341,0.059304484222850146,0.10130429668907312,0.019880597988299734,0.4749300892851185,0.04660238667842444,38.18818723845813,36.48754584324415,1.3478190537049222,True,40.95803887234729,7.189826858960444,0.4374550958345485,0.044361814731563545,-0.0013935642933766055,0.0009155465930532848,-1,,0
1777,0.24305201369697116,0.18463704999501276,0.10056599411375296,0.414842643429992,0.009504796073254922,0.047397502691016016,31.83317077818284,41.58796698034034,4.897078758352151,True,24.543151073949875,6.698532543492089,3.0689742647227014,0.03910617185196788,0.012250635060758228,0.0011396606981853678,-1,,2
1778,0.5867244902458697,0.01198954749401344,0.02812177133818043,0.21676053005375392,0.0005243656027522424,0.15587929526543023,26.06295028669718,21.97166269599384,2.5041010291709425,True,32.44922447654704,7.147575998997335,0.5223148531673731,0.04275495500360118,-0.012440017812422426,0.01022471589417492,-1,,0
1779,0.26477480951602517,0.07603887154010311,0.482387908858946,0.021396410153524184,0.03369834302895808,0.12170365690244353,28.83225694536915,36.64866029180358,6.612947075270289,True,0.1594352880793618,5.86957227584773,4.307372003379788,0.04025700622288615,0.011235062437142021,-0.02619207062175791,-1,,2
1780,0.7159922502431946,0.138430283847974,0.03904547139115663,0.002984069512998255,0.0905903499704132,0.012957575034263279,32.452437431107306,32.83038213675012,5.4804933521363175,True,4.5009901098484635,6.5669865316883635,2.8538994826630852,0.036316398631364634,0.034905606919137716,-0.018972969097777327,-1,,1
1781,0.4715701503899396,0.013257675217041048,0.21148079381925985,0.08425055918428469,0.1042237499122539,0.11521707147722107,42.67036556434215,33.90200448217605,2.9831565452869073,True,100.94858399798407,7.360838896551986,0.7121753365032993,0.08459246904710821,0.018825213435032708,0.02646295744105766,-1,,0
1782,0.3371512671558626,0.052933082337856284,0.09519035400615447,0.021715458394790405,0.2927956443908657,0.20021419371447063,38.75102168030387,39.664060928536486,6.336992668811963,True,0.7715643061556742,6.104931281987155,3.8708918526095046,0.04736023811664189,0.07836234568450762,-0.022999110853366436,-1,,2
1783,0.27611248758106227,0.4975233580642977,0.016035613392375567,0.1802440504896585,0.024371353738592297,0.005713136734013765,29.52836374131762,22.959136652656653,2.100749015586101,True,33.54548316163126,7.207824781903295,0.6144392164294222,0.03389469887708098,-0.036512213223545385,-0.0015333649423157278,-1,,0
1784,0.27069244003064014,0.06678269371135873,0.29095883389867194,0.0013983845291160276,0.00580963204482277,0.36435801578539034,39.54414078066983,34.753297617032494,5.4517218497882,True,9.99524289735727,6.332910509222151,2.7873986955503494,0.04925822992347582,0.07281609420062982,-0.006946350563118335,-1,,2
1785,0.4307518781326101,0.08791609501084695,0.010397027795157526,0.1516543240134503,0.007270244618188117,0.3120104304297469,25.527602618836134,11.246376046900775,4.517189843454973,True,22.59988578602277,6.732448781587179,2.1444055382737064,0.057645462509829645,0.03799458685211252,-0.006793580953543441,-1,,1
1786,0.23760817756489738,0.3779192810598276,0.003716748523363256,0.021030837163695113,0.25734492333651193,0.10238003235170468,40.33633006747021,34.47478392948341,3.085251149835909,True,92.25074078979107,7.220509898341149,0.6686641987142545,0.04397722680472209,0.01860369320418718,-0.008584659046669958,-1,,0
1787,0.44777253899814584,0.07433946483810028,0.1945019239799836,0.23887556020504938,0.01845279969698506,0.02605771228173579,29.72957348509879,32.313022262159,6.720046056944495,True,0.1672461947309589,5.995497050511103,4.946221627668871,0.03751949501860797,0.08183026602345705,-0.009708804929344818,-1,,2
1788,0.19984881775778077,0.1776511933397255,0.00145297854832463,0.6164133905321044,0.003622645515942984,0.001010974306121707,34.60399264688139,14.328403450924023,1.370813006482243,True,37.85049489783199,7.337595055034911,0.7712460410661357,0.042256655608071146,0.03337389772336805,0.006007558266044917,-1,,0
1789,0.329508020410756,0.12994822221699412,0.23756169482364103,0.10535766508580567,0.08027073477961788,0.11735366268318521,42.84226747813209,45.29877871134859,2.548874024002317,True,118.22597737450012,7.199991919194172,0.3904633402825644,0.05739880974570675,-0.05546547634595622,-0.004884548505114546,-1,,0
1790,0.08551194460674877,0.07748203591063298,0.16980348780838853,0.05871553508958882,0.09312816847477308,0.5153588281098679,33.288109344219755,28.742133879669794,3.3584762499889402,True,69.02053356382146,7.252664271321723,0.9176638984413853,0.0504072730153032,-0.029222790709157512,-0.005517508563509156,-1,,0
1791,0.5518807634584404,0.09811980700842941,0.06435088463828238,0.0468207871306922,0.032931686414677426,0.2058960713494781,44.048970069545774,34.476182024917286,5.2363989106941995,True,23.74095474613363,6.496890257416324,2.697123703367728,0.062046881650236856,0.022690349175071692,-0.018397792692501445,-1,,2
1792,0.26789707399660284,0.0053592977033008644,0.19319351877988844,0.09758368812746088,0.002926562764412065,0.4330398586283349,26.07520850687235,39.724831895872775,1.2722000361480066,True,17.797969906369925,7.170289839477964,0.3913909796130837,0.04517664658607895,-0.03891160896151028,-0.018872720885425156,-1,,0
1793,0.3904894185970021,0.02189380563344271,0.09043789914302852,0.394140776411369,0.000533370276708747,0.10250472993844895,42.77530605010661,42.78330030531761,4.728585745912167,True,78.23838799934494,6.800114565067097,2.795277711140204,0.057096011829744095,0.042060963299462316,-0.010783697061153289,-1,,1
1794,0.35479157929770083,0.1219892624283768,0.3997170066082434,0.07860722194911278,0.008988535900071886,0.035906393816494395,31.246618518732163,33.80104085941593,4.893135051031245,True,21.585742966743037,6.5907831530807455,2.560943906312398,0.04136647893401557,0.03916867034594134,-0.011134858547623503,-1,,1
1795,0.3589773210348595,0.1784809665658213,0.08326383753334464,0.14806549949991618,0.09298898351440676,0.13822339185165158,43.31228855270989,10.372197030742933,2.300195757833148,True,69.33456722343097,7.1422943166099575,0.4939839744031964,0.07177647836133437,-0.02807826119516807,0.004362584120029904,-1,,0
1796,0.34003893333397,0.04573386912954959,0.3926140710820828,0.19066910419679567,0.0054382888265676645,0.025505733431034315,31.894514131606833,32.58351119146593,5.625692051286874,True,3.4142714138065187,6.4469561670746405,3.523275550873283,0.04003174571393732,0.04156022488974068,-0.015000581368242463,-1,,2
1797,0.10879802966474922,0.08131914637228702,0.16331409268013578,0.18681825101785707,0.02164034215720575,0.4381101381077653,40.64884020845491,13.516936735701638,5.632748958661024,True,5.706303818612986,6.297395961536092,3.4271206348141416,0.05477940379886907,0.07790952806740913,-0.011597505104395613,-1,,2
1798,0.32443457279761595,0.1742999516090393,0.38590033981549565,0.010940075491815124,0.019410070418011065,0.08501498986802293,36.50741244108597,45.714222483728186,4.936568438035527,True,26.20941669153874,6.709681321068343,2.257953518637555,0.04573065305832437,0.052607726856461826,0.003052201917302463,-1,,1
1799,0.14147542644953676,0.06413238556266802,0.41932914720610753,0.1402396131928086,0.04015093856411348,0.19467248902476567,25.002669114930285,23.079373884530728,5.996280200329615,True,0.8744848463252184,6.2492291101353565,3.7250282044906275,0.04746327400844413,0.012268266682980533,-0.0020539737667914643,-1,,2
1800,0.30121812338484094,0.3134010392869932,0.10896139770117118,0.027831999564171827,0.02072069641761503,0.22786674364520787,38.64473251998726,48.326001632825346,2.949492222114288,True,92.71709042445771,7.190672874824241,0.6342944652564813,0.04614588518082456,-0.015365100976457399,-0.02046597605981519,-1,,0
1801,0.15563517527168777,0.41936687956083246,0.18123880196243564,0.2333689813797523,0.0010074904943351117,0.009382671330956622,39.77628741655434,37.32546336025309,5.855309627661702,True,3.1699469464638903,6.308368629429938,3.833043385736448,0.04155150255849668,0.10510979555191957,-0.004389534508981851,-1,,2
1802,0.3318107507825272,0.39630333478580637,0.0719542644379638,0.07297306434094382,0.058440196529200024,0.06851838912355888,39.09193340560073,15.509658706936866,5.749956965541295,True,3.4327301224891094,6.311767574657041,3.2682145824302817,0.04211233961303913,0.03926568153753311,-0.013296369847864885,-1,,2
1803,0.2832239236015456,0.013265429782749225,0.05947094055858437,0.41107338220296163,0.15937469637698,0.0735916274771791,36.7697150823671,45.83977715281201,2.4719392894311576,True,87.24038337368621,7.319215601655959,0.7715503556763861,0.055022363542404806,-0.013996414588315263,-0.003546581908166041,-1,,0
1804,0.37748776489982805,0.33137076618024863,0.029611526281883602,0.03839717507845023,0.04042363912399423,0.18270912843559528,31.717704136752836,24.702258828010738,3.7009624125486713,True,67.0060824411669,7.231359883113364,1.3278475572184725,0.03771303979145179,0.01667960576073951,0.014452186074242304,-1,,0
1805,0.35555664276889737,0.14788540700305455,0.0860591877992775,0.23155834579743415,0.0001068798945654338,0.17883353673677108,44.74805939511884,16.014335596510264,2.4082168703282756,True,109.91668428185605,7.188511877592856,0.5003853809007336,0.0617477084165719,0.02545217369536685,0.003075639637253518,-1,,0
1806,0.16602377492367812,0.5305565375044445,0.0627161393987938,0.05740831875276373,0.15150580113663376,0.03178942828368584,41.489434100819665,35.754037455942864,2.8295080086678803,True,99.45491313651947,7.218131713964756,0.473091734675485,0.05249547331606288,0.01076499308426405,0.008571884027467402,-1,,0
1807,0.6273810751852691,0.03303190192922277,0.02518512099677514,0.10355980045513537,0.011856578032881399,0.19898552340071624,44.86893723655491,48.19618409021955,4.200421548113887,True,155.09436279950268,7.028821914370162,1.7065714836845214,0.06327450497588215,0.05326095068503556,-0.010476449230399986,-1,,1
1808,0.2523436942320221,0.09657473253150996,0.1877165905790262,0.12060060970542703,0.24545127736948083,0.09731309558253382,39.69587921696094,41.11490709764391,2.1024560699541706,True,61.30426559968637,7.308955410451213,0.38892383191561714,0.044282594209475584,-0.023954664817741132,0.002708390340119211,-1,,0
1809,0.3871671547123373,0.1387054198395798,0.1737202212909521,0.21817900155066713,0.002392882268083198,0.0798353203383805,37.10967528773638,41.297793600571964,3.107715675892748,True,83.14959959157045,7.166187772662157,1.1182231837287575,0.043505368357738376,-0.005669988430300418,-0.012118817761092826,-1,,0
1810,0.73115611105168,0.1317324488588293,0.05301301266579655,0.027529166308026654,0.035750666722336316,0.02081859439333132,37.960493602406515,11.58670017522077,1.4326388056180972,True,28.969775338071987,7.065632696730711,0.30665151041389194,0.04501929547709626,-0.016892538031603458,0.003713536992179287,-1,,0
1811,0.5277340726187165,0.009263144665844505,0.23851167437881457,0.19594650534653957,0.0033083078456019196,0.02523629514448298,44.97385952799629,35.255374687322984,5.698240781123081,True,6.770439176310106,6.237111448890144,3.6959733693377173,0.07010257883545687,-0.016307324033741598,0.002658568926272871,-1,,2
1812,0.11601185248230783,0.1886153497000756,0.29099564966633035,0.11877353866142015,0.00961590877563076,0.2759877007142353,35.03709728510158,41.356446662247784,3.1460872005093554,True,82.65725439045596,7.125001886891973,0.8368391931844444,0.037765373156110525,-0.02400044084340293,0.011702057591957063,-1,,0
1813,0.5190923502333409,0.1384023430607649,0.20051885992407148,0.07763652851175058,0.0037503683566345184,0.060599549913437786,36.81548075868617,22.79706760353443,1.2848493177555567,True,31.409042068852333,7.222325069375289,0.38983314970641714,0.04570025614293981,0.026021292704595387,-0.004473807246797887,-1,,0
1814,0.2475495630990527,0.050955530851666785,0.5742990519646097,0.02919126425445344,0.015386718993046061,0.08261787083717116,43.469914385956855,34.589897459019454,6.5931760987167936,True,0.5351894731398978,6.020457118386647,4.286384889175122,0.049553971895128085,0.055933818723079114,0.008887433337452627,-1,,2
1815,0.11133371992921713,0.22322823170121944,0.36170101437853563,0.054642626777867666,0.17202904797960053,0.07706535923355955,43.04016076347215,22.60500568252093,2.839143878481722,True,121.46922685223443,7.226119093265023,0.541947091705223,0.049331172593018224,0.08307615496665618,-0.0006713022216154373,-1,,0
1816,0.1123022659410577,0.2905615121122201,0.1419559220177658,0.21993046577760236,0.006777345281139408,0.22847248887021462,30.672907351283303,27.040502294951395,5.174744751202651,True,12.487196575804342,6.429205868324975,2.94656351816123,0.05751560643577883,-0.014551337262412256,-0.013431580420572907,-1,,2
1817,0.37516980727105115,0.2892831670672011,0.09551745081691874,0.2277222968834604,0.01227797464021226,2.9303321156285705e-05,33.12706781649155,23.49570014640808,3.402571025017264,True,70.1831477646185,7.19287151767552,1.2444691766770901,0.04138842846550783,-0.011977610989803825,0.011290509740251573,-1,,0
1818,0.2676376838960493,0.23197783537293334,0.22226875128502302,0.0051266272941143795,0.2148869683733111,0.058102133778568835,27.576505923040603,48.09675096351502,1.009444433998716,True,13.805428893081585,7.280444157992938,0.27207873833520474,0.032290312506073574,-0.02606502646497122,0.004822885448413041,-1,,0
1819,0.07046134937886621,0.19271039118152908,0.3259208425815214,0.3520699208693288,0.0017962260183357484,0.05704126997041877,25.379340161521775,31.744834039684736,5.981728686366957,True,1.0011637773181359,6.2338169813876805,4.280129411330558,0.04203480314352399,0.03319684005007939,-0.01684108256960295,-1,,2
1820,0.19992549475198407,0.060088555023011664,0.021432636914545434,0.1390115983538893,0.09016721229473046,0.4893745026618391,29.63115759484216,15.884140532951836,1.874343175164474,True,32.602824111822116,7.257281138355937,0.35568503165447873,0.04691114354933166,0.012663816235548526,-0.001195205737253673,-1,,0
1821,0.28973733992962997,0.24150906564076594,0.24607838181514408,0.01737367016675462,0.10878930851522735,0.09651223393247817,31.79668590948902,30.942344709603088,5.139826154445929,True,12.768861658783518,6.3857383529967775,2.4783912958349963,0.03188405570764724,0.07497438031663864,-0.017752210852434024,-1,,2
1822,0.5286695309377365,0.03356548949712105,0.09902576099626646,0.12616935733762116,0.09046874471588577,0.12210111651536906,36.817672051972096,49.187525785634996,4.838027377283761,True,35.97941072692705,6.711266434232192,2.421083441917576,0.0440568142792632,0.0272263472317573,-0.005573555466202809,-1,,1
1823,0.33578119095193404,0.21278685061102212,0.059080573771746886,0.27583910234557824,0.09595146648645464,0.020560815833264075,31.731289465439936,39.90650980190115,5.138229412032304,True,13.548106381758494,6.585602087398541,3.1342784700735677,0.045677503587720346,0.029203493392190874,-0.02494640591836373,-1,,2
1824,0.28655186491492096,0.13749856466423402,0.18307344165215642,0.13309211464048032,0.2513684382831274,0.008415575845080979,34.54271930932643,29.654684427342474,5.253333266421831,True,12.592573841006523,6.646125630725723,2.8514155930808145,0.04265471808746328,0.0006429835198259147,-0.016346615337695807,-1,,1
1825,0.0401483551521995,0.17773768312922825,0.27351847371813726,0.3799441179276518,0.12053825805040133,0.008113112022381854,31.09152712376497,40.84164824949927,1.6922009279014454,True,35.84421182129034,7.134004512132357,0.5775942256685652,0.03667158481437738,0.04739525541201674,-0.00714619469323301,-1,,0
1826,0.4244442051991597,0.14408343584682365,0.12436937934650985,0.001638008670434168,0.24342477026028944,0.062040200676783355,42.40724861783511,25.909195418422854,4.787289040057511,True,59.123000142261105,6.60766307237642,2.137455129212525,0.06316848102663322,0.009624131300216606,0.002225128107757793,-1,,1
1827,0.38701225233228004,0.44474523386120896,0.036409788324506955,0.12515007758945815,0.003988837688533777,0.002693810204012157,33.95874122827094,27.67968968070454,6.181623943780801,True,0.8179521110411115,6.109955043775703,4.124957820675647,0.0523146074295901,0.01021017812445419,-0.012246704669757228,-1,,2
1828,0.22350053813411508,0.09753177532867947,0.22508001024544028,0.4222338090700509,1.7582990880924657e-05,0.03163628423083329,37.27254877617311,39.40484803805282,4.544302592698157,True,84.47596300406984,6.843967155493837,2.7519906378350925,0.052063754897143405,-0.00786065674734912,-0.0064789704221673945,-1,,1
1829,0.18752165674353036,0.3685974109526344,0.3628727965790597,0.06101223726919349,0.011669510049339275,0.00832638840624285,26.80136664278404,22.158253719753247,5.110505676508976,True,7.854168306499114,6.5254290408364355,2.57026156730154,0.038161330793624965,0.05268350565911215,0.0018904578803029277,-1,,1
1830,0.3981321634732941,0.282575462355727,0.036665034117828156,0.05705101514460294,0.06371136501228304,0.1618649598962649,44.422108503332744,35.24651279561213,1.3857619462182158,True,64.2472921798747,7.246240592632242,0.47230021234447606,0.055364448488233964,0.006615489111497073,0.004780175753180044,-1,,0
1831,0.13747410021736847,0.010117400443910947,0.5061974826984177,0.15099225285201273,0.006515676759844775,0.18870308702844543,41.69773674397197,39.30057564559563,3.771365949813917,True,140.70412407065402,7.174964900048698,1.3792518916435603,0.049726188288864506,0.03896377816767431,0.00574097433430629,-1,,0
1832,0.27917129677320585,0.0273342171701208,0.023178597226665973,0.5047560441929854,0.1367366623715641,0.028823182265458082,27.68414989844633,17.38488251239452,5.349513255484706,True,6.112174822999167,6.577114481559795,3.846493489956988,0.058508802466391494,0.052025067453898295,-0.025744100129510925,-1,,2
1833,0.15475611133183997,0.5483034632943372,0.17334594472166723,0.05518024213577584,0.045811241839586056,0.02260299667679379,33.90081626946441,12.837863255329314,2.47943873270034,True,39.21230239740649,7.044152911567975,0.4313460177263175,0.030868875232410734,0.035452326772546346,-0.0035339534647554354,-1,,0
1834,0.47424840720837924,0.07397104502327502,0.08578762498959597,0.12514215930324127,0.0994852724320732,0.14136549104343527,31.048492853672553,46.453850569334136,4.098147042764435,True,52.92238624372385,6.930821998239243,1.8312803644174005,0.0409927781396119,-0.025032812436070948,-0.010575503081449576,-1,,1
1835,0.07096889822095755,0.3447895321228806,0.13518508804631946,0.2912847447169667,0.08037696384944477,0.07739477304343083,40.48398409846003,35.592560429165616,4.3117659033657425,True,102.37017282656423,6.825819816192665,2.2532377070957708,0.043883357514286264,0.07134768842092835,0.0071143451611569075,-1,,1
1836,0.27990247418420616,0.10513116769334914,0.14082456969211643,0.466893142285837,0.005818234740054269,0.0014304114044371551,42.189568129739186,23.398823271789592,6.405997559809963,True,0.8904491392390237,5.9339601816972385,5.12115366297704,0.05625523985928818,0.0475265761773648,-0.007926590805187018,-1,,2
1837,0.18010506277695848,0.0678625844987148,0.27008677402426273,0.3431117668228436,0.06501391325305533,0.0738198986241651,44.88635455791625,16.476908823400937,4.052219048313476,True,169.77785076760395,7.038661779995551,2.018669651916403,0.057502060525927615,-0.010307285669090845,0.012851213879604952,-1,,1
1838,0.34855305730605435,0.009565554858890515,0.19525381005738893,0.02328968384391309,0.21118044606502148,0.2121574478687315,35.209528543613864,36.645436762107664,5.129526124656413,True,16.9520323619601,6.633963203001855,2.638037147098678,0.03793247181017956,0.06873988673636212,-0.02062712476585997,-1,,1
1839,0.09176400227874323,0.09902420736013318,0.30700090539989366,0.3546342759699347,0.04698308530023279,0.1005935236910625,44.35035536765403,17.352320027195496,3.7968997915097646,True,169.46598860674013,7.1056562897362054,1.7932929819847168,0.06773261006293443,-0.029752613926388477,-0.012775373040582447,-1,,1
1840,0.19482117941313307,9.1727196927935e-05,0.17781431124670188,0.4371119718058633,0.16934178652229562,0.0208190238150782,41.23621050986033,38.10973454021473,1.5325359492116895,True,71.91755472118749,7.174066446431882,0.5280642453551315,0.050954173125455075,-0.042484308916067165,-0.015070445616364439,-1,,0
1841,0.25731447457928464,0.04701674839332829,0.0753623022099429,0.3352843071813543,0.002078708860768524,0.2829434587753214,32.55002593988736,35.10012635358208,1.8559032516979999,True,35.64465392708919,7.235679398004518,0.5799556996322786,0.04690569944873222,-0.018420014268887647,-0.0009417319786329804,-1,,0
1842,0.4158455636201951,0.10980574060450334,0.10085809847774564,0.036382114144568226,1.6537357432505293e-05,0.3370919457955553,30.120543973024166,11.24282747698543,6.715317897405319,True,0.10573820730040567,5.979919895138501,4.386983035886869,0.04438578339387068,0.039291316273817455,-0.01845141199036219,-1,,2
1843,0.2096080897488031,0.11717486356060897,0.003801210621483236,0.08770298768403975,0.2494464830500631,0.3322663653350017,41.9623992416966,43.094014411678906,2.671995353286302,True,114.05586564021581,7.317981068426597,0.4785713918047038,0.05725937864601251,0.028444776556296108,-0.01596614496315301,-1,,0
1844,0.40144418947901367,0.08361526258295009,0.3181364282637281,0.0999871327914953,0.0033886405826363403,0.09342834630017657,31.776859471338433,24.614406246389223,5.568276116213733,True,4.182804900690561,6.4931759226121155,3.172449981225766,0.04071399885503631,0.011751929753819394,-0.0029791757018817434,-1,,2
1845,0.21208643732190297,0.0004320169877362788,0.1584220936128173,0.30225044333561984,0.10845018176832465,0.21835882697359874,25.55796293907739,34.741233465878096,1.8225076308615227,True,26.445244082471177,7.10429610910874,0.5511804736804257,0.042902644407529195,0.018284317136491066,0.001852926884111042,-1,,0
1846,0.41839992471267645,0.10054093144449971,0.003153461111952813,0.014717391408475064,0.10158052707216156,0.3616077642502344,40.73603546893996,37.49462481812893,1.4625497082277477,True,58.556388980751194,7.2427591825657,0.3971748497908768,0.05636553686036664,0.035925842211762364,0.0066524069871911565,-1,,0
1847,0.14059142633149901,0.11492593118812075,0.19842511098966553,0.0203513156212126,0.014240190459293775,0.5114660254102085,31.647645784483707,12.657201292367848,4.045347065723595,True,58.27945062119249,6.857598597882733,1.3950797496308722,0.044844136234884514,0.027857607967294452,-0.007373426270277152,-1,,0
1848,0.042899492031264294,0.22221661863115907,0.0809513563960021,0.40373714731575405,0.05804437521386153,0.19215101041195898,31.619888724125136,21.622817690006123,4.374883743398072,True,59.46833312237537,6.794497822558305,2.511825750493131,0.05940153080281388,-0.020607103184558936,-0.025241364926824276,-1,,1
1849,0.25894716739603574,0.060546522034161436,0.0749335642771145,0.2910690757988165,0.0008406659019677132,0.31366300459190394,37.71025697088972,23.176009093097207,2.4006695345984363,True,72.6257484131316,7.217570788879055,0.5659065317287102,0.05068589142593488,0.013833801641772881,0.000827340555267559,-1,,0
1850,0.5249965083003717,0.29980185283947425,0.01544281280374928,0.12044536640591015,0.02480994860081456,0.014503511049680203,36.24103069022878,38.358394535701684,2.3443521847239013,True,56.236252972150616,7.180117527910811,0.40619203290841355,0.04845865822994277,-0.05747465803095119,-0.004745855570368336,-1,,0
1851,0.36958073620549575,0.21173855050093285,0.15378763574760798,0.08323343674877215,0.030010808445188927,0.1516488323520023,27.74050056590665,14.70176611192857,3.64640837026344,True,47.73469466570014,7.137408822968199,1.1724159830464431,0.041743335299928463,0.02405454440695744,-0.004710428008636046,-1,,0
1852,0.29823050635490167,0.3268691976652109,0.3299419477108746,0.03562700397940736,0.0080290888899891,0.0013022553996163027,32.21346182893278,45.42818940999079,2.8505143856403543,True,48.95224905381633,7.15918351935565,0.4972523435228538,0.030509405009262438,-0.03770385119058533,0.008516123986928689,-1,,0
1853,0.2176715583081581,0.030060766349900694,0.15534684530907736,0.3715782690482228,0.015991336668012862,0.2093512243166283,28.3824698440069,46.78450754649825,5.850748836135563,True,1.9112823683031765,6.163985137377202,4.20363389500211,0.05924759872937026,0.03111242539524936,0.0001968674513424546,-1,,2
1854,0.5480007546740595,0.009532556637985806,0.09381485853818591,0.09178427448380796,0.12492219947381933,0.1319453561921417,38.846768863174674,37.55273859620354,4.301636709254689,True,83.92440466724527,6.949224900831547,1.774397815881962,0.05281657010604214,0.06195965196477703,-0.0118073313550602,-1,,1
1855,0.18373081683742362,0.5182790050794264,0.058934345256572436,0.16623270296713014,0.04950443814419316,0.02331869171525432,35.53952374458405,36.739227942466854,6.984200694059751,True,0.104092172329605,5.85331141924614,5.1739081465405645,0.03441055309425848,0.04205828767452127,-0.02057771407832473,-1,,2
1856,0.5423964449085465,0.17127742846572638,0.15811165051120832,0.049254570281626484,0.07871636141966389,0.00024354441322844056,41.73919130500254,47.281322395218226,2.310446995273667,True,83.18361580700771,7.215957479329865,0.4501583237697148,0.047607294649461236,0.0004091210470026853,0.0033757037594572856,-1,,0
1857,0.48830738636199855,0.35012177836812525,0.11194941775856102,0.0452179250051946,0.0002015918302172214,0.004201900675903281,27.163695947422358,29.122484324680368,1.008556847411815,True,12.5705029122182,7.162753571025883,0.3741073730583882,0.031730087723445696,0.011743759045854068,0.0007684636265266886,-1,,0
1858,0.34604865395835627,0.0462096626818174,0.3317625082088079,0.027540195292292347,0.2402354447798308,0.008203535078895218,30.89578883811436,39.162574538226224,2.087005615620762,True,33.39520366032303,7.277524654941435,0.3968337401737154,0.06460155538299485,0.02015717211168695,0.001689774916024718,-1,,0
1859,0.445216262891415,0.009139035944218887,0.3077962781609763,0.13879060109437003,0.05723400137994456,0.04182382052907515,44.71998452308797,30.369864994794085,1.5855314145085553,True,77.6252299196135,7.138710154024378,0.39330295044232966,0.05809004601913126,-0.028393688517652296,-0.01210815164639648,-1,,0
1860,0.07145105837806658,0.5274814191289009,0.2902568049799255,0.007706905411955969,0.010273025122763641,0.09283078697838726,37.889186611136125,13.359980570265794,6.637666780622369,True,0.2685009387474181,5.941959156939067,4.168928984561426,0.033406778165445704,0.02521699270132712,-0.00016394524678635392,-1,,2
1861,0.6630819941846243,0.10950308746171031,0.06401672336229525,0.07563404833910606,0.0002788702901457925,0.0874852763621183,41.534137862328954,23.8783235693187,2.2864240945085514,True,81.98324122737075,7.116361010801964,0.38471457880718657,0.05731309772492982,0.07111447605764508,0.002605919116373595,-1,,0
1862,0.31814858782046185,0.04081297394052682,0.20109984897395614,0.21510194158457652,0.0004241682913481262,0.22441247938913053,44.80863973688136,26.207332968314276,3.0352330912374343,True,154.90038398001417,7.177214103203984,0.8237757877743531,0.06259354715290662,-0.015407481028762136,0.010442938827599486,-1,,0
1863,0.16395288909594588,0.022036929950077788,0.10592760469079311,0.3602070201959856,0.00010878872479202318,0.34776676734240564,38.78270188699322,14.390976639611882,1.6206020184495944,True,53.93424689253918,7.381062164790477,0.4969772891512587,0.059619000617520214,0.017332649548560414,0.004724230627961214,-1,,0
1864,0.34396160268930004,0.28397755632908994,0.10852306823883773,0.03459269842930639,0.06303787668098475,0.16590719763248102,36.47650589020006,18.208605386865464,3.8440706269372473,True,78.49545031427327,7.1496912220008,1.412517775588407,0.040759942875182226,0.018269521616318264,-0.01736571771522041,-1,,0
1865,0.05497249352259571,0.06815219688948887,0.23752042547453606,0.06367361859877743,0.062450443786542645,0.5132308217280593,42.460016142880214,24.870502825947682,6.5760245847981675,True,0.530912163387024,6.032293839219785,4.363894512846034,0.0605504244262641,0.013619506174539109,-0.02959165613670764,-1,,2
1866,0.3517867378222502,0.08754483011853327,0.13307626752570648,0.024828532333505255,0.32700622144295866,0.07575741075704619,44.16076329088989,28.941454602355027,3.791823833219212,True,142.89254564902063,7.014430583737297,1.2358070093578355,0.0549179876871361,0.001801466615016188,-0.00407469144821958,-1,,0
1867,0.2850690278700666,0.3882212197310257,0.16729954484186385,0.06215139550696279,0.01430046168033655,0.08295835036974462,28.328337092594815,41.34281389002258,5.301367278050087,True,6.3201905636650535,6.426155824550009,2.756594088144652,0.039756351279240924,-0.002134781556471149,-0.01538529271471681,-1,,2
1868,0.1622370367707044,0.23528920305995313,0.4053525093758338,0.11615533449554942,0.011918719355525763,0.06904719694243361,35.79018399144645,23.34391995503403,6.111287828033691,True,1.202892880166723,6.1011674969761716,3.810808731203067,0.03441953151025792,0.04998998422583166,-0.013153757688407841,-1,,2
1869,0.5405498724530362,0.06488298680237346,0.11244515649627633,0.22347380642245737,0.02431004602554115,0.03433813180031546,38.36119136475662,17.427017128064204,3.0354482938491563,True,85.65490312869218,7.323892936724254,0.8732197786939916,0.05174962722664858,-0.024481957383854634,0.0022302565882575042,-1,,0
1870,0.14116892479953175,0.2611766696805875,0.0933819735237117,0.1109704939628223,0.014838096074555603,0.37846384195879135,40.121619431020676,14.195874707864728,1.6942852970579823,True,51.11166194861205,7.124010840293967,0.3325248881737037,0.05902600708546461,-0.03421921918759586,0.004906463381872163,-1,,0
1871,0.2783887678104357,0.27555315769450406,0.00024694436325781296,0.13562129250229815,0.261306767160503,0.04888307046900139,38.642146895548734,30.398155123233423,6.21236346274044,True,1.0417263108147015,5.964441394215081,4.137403947402048,0.06811678862977466,0.028031057795755304,-0.014176689849730126,-1,,2
1872,0.5171798911706865,0.057986441439031644,0.2976721332082089,0.06964156373398302,0.0391115097466773,0.01840846070141262,27.50902927703317,21.106824597146755,3.8590909230649673,True,45.769948381815446,6.967515239991436,1.293754827668407,0.033123203532079454,-0.000976554239999216,0.006906562584719687,-1,,0
1873,0.4284764828836507,0.34049106040785126,0.09700686290769218,0.003269665675383749,0.01605789112049679,0.11469803700492515,40.366544135195284,30.104477969225943,6.7637631927944355,True,0.236709617893312,5.973660683768299,4.353942225607348,0.04703392129138152,0.02020230508416111,-0.012651688224096324,-1,,2
1874,0.08447725422847506,0.20464297873573845,0.28222316253868257,0.05128349265775788,0.24673767685633577,0.13063543498301017,26.626680873467706,27.51407872056763,4.918227111450358,True,17.061587993646974,6.734148900756802,2.4159061408244393,0.034593936572149965,-0.009929607245230197,-0.006943463519836207,-1,,1
1875,0.18031815837436557,0.0992368960942919,0.20935396554497038,0.15028600611966683,8.651546639119495e-05,0.36071845840031413,25.460605863950224,14.820527453028332,1.3173895720387665,True,16.727692905037628,7.245894689960009,0.4079475173805622,0.05181906335206728,-0.019010688525389573,-0.004180786460029045,-1,,0
1876,0.19417217843962212,0.05860061890903597,0.2415564511046521,0.4340008366384977,0.053647589207491464,0.0180223257007005,25.625146051857218,40.25226993575473,1.6180006309255284,True,25.52558240462554,7.129984922710997,0.531567537134166,0.04841134388146341,-0.016125756820823185,0.016512911996795353,-1,,0
1877,0.3384435249531671,0.017611418749987003,0.4885787414162783,0.06880504919087108,0.05840007457993724,0.02816119110975952,37.99692996098461,21.638830056987764,1.6672590974010606,True,39.358511556469715,7.2340517776927635,0.30735065590924315,0.03815203527285364,0.02368810104347749,-0.015010613035847059,-1,,0
1878,0.24845694396514256,0.012083650366828904,0.013372851428753305,0.46472947199413744,0.014935885107749482,0.2464211971373883,41.756041671782455,47.75063014781792,4.654038098433946,True,89.51235403891246,6.6402643401008765,2.92030922023457,0.0705959600397657,0.03306987356148513,-0.019779987553126367,-1,,1
1879,0.40041988916925564,0.20519067822960355,0.11490022440265768,0.1136483029443318,0.03301239647910759,0.1328285087750439,38.857248069195585,29.514299023350517,6.150447784838066,True,1.339452047302517,6.244115703056984,3.8669356612666226,0.05013392880316452,0.044991864145735666,-0.027047395085307513,-1,,2
1880,0.20417806234926053,0.30735270843566953,0.12013311265582062,0.2788136004057945,0.04174056991773691,0.047781946235717694,44.49238184476586,40.66253827079163,3.8540831309566324,True,153.60217143614807,7.0529609789692955,1.6949569124514643,0.05449921665298848,0.00040232641419412664,-0.025567327503437202,-1,,1
1881,0.31296644999150836,0.2608215832840727,0.028160661694581788,0.17025740560584143,0.008261212997819381,0.21953268642617657,32.90127399133577,24.863844823925888,2.879851159833291,True,58.36341449577498,7.329450495648134,0.6423601628884522,0.04728858231582422,-0.02495080257644847,-0.004973758222042903,-1,,0
1882,0.25269960659386664,0.10436818541125957,0.17567523348422764,0.014441747432864681,0.05486875948070793,0.39794646759707347,33.1346651766642,46.937412690778345,3.304321828375847,True,67.60560581145293,7.306647284330655,0.9633623055829132,0.048181862094141124,-0.0002107297065143273,0.013691764528089923,-1,,0
1883,0.23430346762685306,0.08663745556153572,0.19780074445800722,0.2171105868868638,0.20420513424958242,0.059942611217157854,38.70065485298486,36.47729756815979,4.672640298450243,True,60.99456569605151,6.829894200183255,2.396073023545781,0.052029387521177785,0.0076100489252530525,-0.00043689690806835487,-1,,1
1884,0.32018200884362197,0.030133354415110426,0.17676698296664603,0.10812991110152254,0.11310507903428604,0.25168266363881303,26.424899711286255,48.908446528716276,6.8885746404601,True,0.06705035065348716,5.865877523949691,4.861885868513393,0.04335785193232577,0.03564179399635334,-0.003523683277515021,-1,,2
1885,0.1011365494005348,0.04231859579390035,0.135364435086534,0.29637493645569835,0.03069805588979624,0.3941074273735363,30.5952876853029,10.899181756149204,3.0239402443990153,True,44.851384424527225,7.105955748584382,0.9082160516635671,0.04708562824157212,0.015541194938806476,-0.015962211256886908,-1,,0
1886,0.34423102981763937,0.06587510182937867,0.05480047554669116,0.032919726054098326,0.1334555383240841,0.36871812842810847,38.25818521991143,35.976832340738284,4.816496345887728,True,40.137006030984,6.6970303579602035,2.2477547968830223,0.056834414423807794,-0.01923275130112622,-0.01768363896109604,-1,,1
1887,0.24166965205312785,0.3933767370169745,0.268750864935763,0.03606462727560248,0.011513133885367666,0.04862498483316434,33.19047120325899,20.843785369337983,6.392354300216043,True,0.35033623032472144,5.944363529386049,3.922551458223112,0.03463075403234331,0.02902845252771932,-0.013079052218530018,-1,,2
1888,0.43975051417853567,0.10807265863336606,0.20705045441256367,0.05584933732851726,0.07900957173865639,0.110267463708361,28.7142378019377,22.23171441382634,1.773782157852444,True,22.467402462044742,7.2753573099074496,0.557101469909437,0.03513442671306037,-0.033319120364896926,-0.008048502474520207,-1,,0
1889,0.3797694863888029,0.2595849057653399,0.19006810215285966,0.0511905426596294,0.06612611278403921,0.053260850249328986,25.742211344468522,43.66770093080462,4.57980162232121,True,26.160154168190594,6.824728230824215,1.983528073277379,0.03291104981613676,0.012499603868634829,0.00029130463094264366,-1,,1
1890,0.5509554659010462,0.18179051869970336,0.05232151946389431,0.08032472576199359,0.0034298358013277234,0.1311779343720347,28.03745822785755,19.10413755276739,2.6310506244992684,True,28.214757136338214,7.0992373873500645,0.42134283218649404,0.04319764845096266,-0.05519359870843366,-0.006944473555939364,-1,,0
1891,0.3745251636218426,0.19888962540403363,0.08368166434177839,0.29886061364154176,0.01621837132991154,0.02782456166089205,27.94622901611463,30.50276727732577,5.667898553378106,True,2.680209194760798,6.386416050382117,3.9265615073419347,0.03884651894351287,0.062214191196510255,0.004753668394776235,-1,,2
1892,0.33066611985938654,0.18549535503907416,0.04489929453066339,0.3251430546078446,0.10843882482068033,0.005357351142351046,34.65132546865708,27.806261424420015,1.4749486788060244,True,35.781934328205914,7.068100599233426,0.47793258536858246,0.04548139993857759,0.010667330729073872,-0.005645105100314413,-1,,0
1893,0.3716311053767981,0.19521641840462053,0.3702637488752645,0.010561960739044043,0.047229338883443335,0.005097427720829748,30.525926545764626,48.69514591756547,1.079008861233104,True,17.59578354691943,7.200156092904521,0.28563824038441293,0.031708642542407954,0.04184066184731642,-0.002718001966427858,-1,,0
1894,0.305050401835738,0.06701917662076112,0.13681221642190278,0.13700928495596912,0.14546197567696673,0.20864694448866225,26.057826741000355,14.718075617197552,3.6419993825749843,True,33.22718121376486,7.121070044410272,1.311791768717802,0.040354261484986005,-0.0034142843587922416,-0.006626848249440046,-1,,0
1895,0.4079451779786905,0.1808553118557616,0.04722724792409971,0.04697588622106672,0.004660985011164046,0.3123353910092175,27.74024923073371,46.57499699622269,4.279072609065544,True,41.85938579718521,6.801217492596549,1.7214118354919101,0.04756492045260921,0.04796327475504261,-0.001912075924601372,-1,,1
1896,0.1288817656795992,0.36376729606799074,0.29050510302787647,0.053693132548081494,0.026740995724885534,0.1364117069515664,39.418201692265136,35.322474174610754,5.983180633157568,True,2.249836566491789,6.238468075043912,3.610597431925305,0.04328063590393359,0.04624899659348513,-0.007773922107087771,-1,,2
1897,0.4356764642747839,0.12032439965299359,0.02215008015277423,0.12968164114139616,0.02792955374295396,0.26423786103509805,31.11214203597656,39.69093623498738,2.942783465078544,True,50.57271721735671,7.131099400132422,0.7095725534992683,0.04849992237336379,0.0334676079760764,-0.011522071790543618,-1,,0
1898,0.04172016448979912,0.6529692743216373,0.20320468053122806,0.00661052038432913,0.018117110785633647,0.07737824948737286,36.21300588200216,24.589512797941467,3.7561548904214153,True,75.50373856282108,7.056541941043909,1.1320651826881527,0.02728338805212029,0.020128020717101625,0.002359139026922359,-1,,0
1899,0.30811573807353076,0.20198010325883647,0.00862968593388032,0.0847966851934882,0.0010914349383217537,0.3953863526019424,41.727884355999194,24.547860363417865,4.1756769253119925,True,102.37189263745562,6.995220496986136,1.7126032679804133,0.062163994507536346,-0.017674006411311532,0.014352065899379336,-1,,1
1900,0.4225535243883453,0.06501450114229039,0.006891551875334486,0.4615278508748937,0.02016296724558852,0.023849604473547645,38.22501828111353,21.413915822174076,3.003274776617003,True,85.87490280419024,7.162656454718017,1.3302303843295333,0.05503885401167679,0.04842297023261416,-0.0011953072812214368,-1,,0
1901,0.4301860719029815,0.21734210356290373,0.04921393412554973,0.021134551376787714,0.22113641042144985,0.06098692861032752,26.401214068645427,46.162208866602505,4.444924859995566,True,28.830315806071603,6.920798086768973,1.8604809955256079,0.03410214476861105,0.005855893407404562,-0.012575407766623298,-1,,1
1902,0.5735245220644921,0.07816775848647911,0.07886073058348533,0.2314486344578474,0.02975468977418457,0.008243664633511363,41.63972896554476,35.56961399982513,6.572281172347558,True,0.6619996364147693,5.966705176926714,4.764024513936481,0.06439694972962968,0.032508124824792664,-0.026944945011542737,-1,,2
1903,0.21689108307412414,0.07410252069676182,0.6314157574406233,0.03220364535887457,0.006931302772077689,0.03845569065753855,35.24196145762557,39.0302329594402,4.344658096936165,True,65.39761948901024,6.810069708478546,1.7520424179452272,0.028175997187769475,-0.00246030726494925,-0.005321833810332012,-1,,1
1904,0.3134892730959695,0.022488677949636753,0.2955451621952578,0.23430743119345787,0.06358592501719636,0.07058353054848165,31.25049484107899,31.782032857941658,6.052536787626063,True,1.203005956627403,6.073926192490052,4.120069951346416,0.0385840315823798,0.006148447993116528,-0.0058277862443579026,-1,,2
1905,0.1942229607314018,0.4065476742507861,0.1557660083899237,0.14368783390849327,0.0002729949244963808,0.09950252779489882,33.57709148154073,38.69100798276078,6.767459896868861,True,0.14946028636035286,5.8194951495795735,4.708991688185805,0.03907558447324049,-0.016672963239156575,-0.0022812869949792123,-1,,2
1906,0.41819715260506785,0.5256141258586458,0.0017578399191144122,0.015832034796689157,0.030312225878356754,0.008286620942126288,33.146554014126295,48.049947642247886,5.668088869280288,True,3.492777209779083,6.23012142362938,3.4075192531616136,0.03000224270605151,0.02832741935608836,-0.015656581237084986,-1,,2
1907,0.4203158514584972,0.05441420696772031,0.10341135258497243,0.29566501997721695,0.009136468831196351,0.11705710018039674,33.06369682614155,37.5634362050462,1.4709766543755252,True,32.542900508026015,7.3144840132093805,0.4926480529530138,0.041338384868552194,0.01257014081264343,0.00909081703728321,-1,,0
1908,0.13090629712988813,0.4524239933548292,0.13421899998178624,0.1740043954999699,0.014291154453577433,0.09415515957994904,37.65535573283175,19.130080852838013,2.8857472204738697,True,73.54468324420826,7.304407349408521,0.712239267099409,0.038403296886349705,0.02315362088636247,-0.0022419085859261647,-1,,0
1909,0.3135239198969868,0.3404540096040469,0.20494547508000988,0.11271227193527616,0.007550933965127125,0.020813389518553202,30.59189828049664,17.41071145436267,2.741031098491259,True,45.650274283445185,7.246652898970906,0.5535748003474126,0.03317332639008818,-0.029223057921325835,-0.0017072336701067393,-1,,0
1910,0.15118490618671318,0.10472830962603713,0.33456598290048634,0.131153753102299,0.14160141621777367,0.13676563196669067,26.40332108476997,47.85201660044036,3.154312418294791,True,48.41227117752988,7.147616856724817,0.8750832981091423,0.0378520205330388,-0.006788329104736602,0.01612416507037574,-1,,0
1911,0.7309708765831225,0.11475971458056891,0.04618889385358443,0.040200916167872254,0.0511645763695041,0.016715022445347838,27.300145177199955,29.458320054132912,3.09233480879662,True,35.599121701842186,7.141759097228473,0.6493856565985251,0.04523544777424876,-0.04087842096054018,0.0003191842413126154,-1,,0
1912,0.17170498912470009,0.06902193917713763,0.161247717269828,0.10897068113765591,0.043869497272094465,0.445185176018584,44.71332495856631,45.23975566233086,5.204748583658983,True,26.098983943600683,6.372308240376749,2.8859452911976016,0.06289576574597194,-0.0014183746867285352,0.006149404130046967,-1,,2
1913,0.19219535368542912,0.07026517280516184,0.14689779146246304,0.5474626599679749,0.035134045455531476,0.008044976623439807,29.306752397856744,21.378188968637097,1.0286410846812226,True,19.510480346170585,7.317325511970522,0.5569388850880773,0.03840971511236909,0.034463922921068396,-0.00988084332418165,-1,,0
1914,0.2704147388470395,0.3613941514995798,0.08329831758165435,0.04036552136582133,0.043216222066109325,0.20131104863979554,39.556376863015956,23.965091542984798,3.611257163048559,True,105.56291947688231,7.149103374349387,1.2287021117946688,0.04434439352520726,-0.020475831510225653,0.0186697695265573,-1,,0
1915,0.5462189535341169,0.031130521779135497,0.19195918231098816,0.1409298918585196,0.013553182590380505,0.07620826792685942,42.1254703342701,40.23132974522724,1.131038206165064,True,43.9132317273487,7.268642726118944,0.3878624250596435,0.0549691543597999,-0.013547719859184227,-0.001718315380226744,-1,,0
1916,0.05574245544244139,0.42744476059758696,0.06972535492611025,0.3982043315179319,0.013179416861321977,0.03570368065460759,35.237093897811164,18.79247484252282,3.8612853276451897,True,93.52528341293272,7.023093563221997,1.954995583316189,0.033668866672266616,-0.031983713792257465,-0.013471061060402783,-1,,1
1917,0.20365475939798147,0.021508337685651434,0.22400236035046675,0.31638460819308567,0.10064020420341305,0.13380973016940167,39.20208465845691,20.876870012535175,3.6815392697268154,True,108.74329497151035,7.303641202333511,1.5372586813857443,0.05455946788415647,0.010530557716019379,-0.0032426240726216695,-1,,1
1918,0.530776597676123,0.28672316136274323,0.07201169968584689,0.04387742365900765,0.015500536509081285,0.05111058110719806,44.11219325042599,16.47500026303334,3.8591033067492635,True,105.53425660085372,7.151642959649369,1.2532436511987908,0.05257272324746974,-0.016804522004018666,0.008683545058115319,-1,,0
1919,0.19071758887483803,0.4567398572907999,0.20654325361367196,0.09249391764186421,0.05103945866697429,0.002465923911851517,27.927566475954716,48.6774165127424,3.2744416844762583,True,41.953941460206714,7.1914233774344085,0.9340324817438743,0.02990408016328643,-0.03741084672884211,0.007872553068762602,-1,,0
1920,0.4074232405651983,0.031779460306479476,0.09219117320408962,0.17842140941135964,0.045318334052707666,0.24486638246016532,25.332516850973587,47.568559399201824,6.828853446740438,True,0.09015187889143195,5.886491871283666,4.949110287022676,0.04900307597196602,0.015605659664041018,-0.012579737901618827,-1,,2
1921,0.08060220722601208,0.12811638243293932,0.025870205247553287,0.1686950384120877,0.42674635678989753,0.16996980989151,26.67198796352838,23.743099385368026,2.3951039544517796,True,31.1138736449351,7.1709755366295695,0.4286295299786839,0.03755844673432011,0.028863793236908634,0.006632280830782075,-1,,0
1922,0.36319950763013675,0.047170002917194344,0.19647385606103743,0.28279638181903727,0.00724606445747613,0.10311418711511805,26.988126914292554,38.57369668684476,2.8894569817946785,True,44.07342882391077,7.188058756207867,0.8075489494269705,0.041251307226209594,-0.000501596591648924,0.008479919418390162,-1,,0
1923,0.3296805166705099,0.36323998525520623,0.23538276772260486,0.03347439184764844,0.031000574218346975,0.007221764285683444,29.436415545573794,39.19136979799302,5.840020360345548,True,1.5313108319533608,6.199853228762654,3.315061552673503,0.03159654780763937,-0.01743188179280643,-0.0023919782814579658,-1,,2
1924,0.46375953782660795,0.11228664914943133,0.004575018268784326,0.1498208864147099,0.17609814845239216,0.09345975988807427,39.745788224463304,44.415730915039745,2.6656633003569503,True,99.42625909503924,7.3111065709189615,0.6151693130150608,0.05498948428362164,-0.012370215354090077,0.00290791593951315,-1,,0
1925,0.2597138957315163,0.19185761921397243,0.1619932415654772,0.18991029050748764,0.050711352813843105,0.1458136001677035,39.625148579771114,33.176984451615844,4.115807690650338,True,124.43518733092606,6.899751114977106,1.8376895038170373,0.050201934993758336,0.058467852090463,0.007572224456040855,-1,,1
1926,0.45569421969622004,0.12767122673203216,0.10509289398193125,0.12343924612976945,0.05205282127120621,0.13604959218884094,37.45471418018739,32.43780068689791,3.1546764888298777,True,93.99666072498414,7.0011647046023135,0.8001632517453158,0.04802390238962308,-0.008400849136097063,-0.0010904305284878226,-1,,0
1927,0.6861329224493561,0.1980256524050998,0.03180639257677812,0.07115345562916671,0.0006654977594939336,0.012216079180105184,32.934673605616624,24.656436546909283,6.633727660305134,True,0.19398066822817572,5.964151589905076,4.603633372640058,0.04016403292226231,0.041662921518850586,-0.03278747255816164,-1,,2
1928,0.10215526796136253,0.4570291689741817,0.1358119577818388,0.22449834862447604,0.0012298039623413418,0.07927545269579964,31.679289880681743,30.614599712029754,6.6644925134739745,True,0.19575478784520406,5.902643882756345,4.811753531057254,0.03194897513329761,0.06982749179758685,-0.018270272271572276,-1,,2
1929,0.19959631373740033,0.21932803943262036,0.011793534655252477,0.24288300045666902,0.01169256514408363,0.3147065465739742,30.195712921270406,10.777360029855085,2.5025448518078104,True,33.70666281853994,7.266327920298872,0.5148533548623627,0.049181242209053046,0.032745468019897625,0.00023154316162884254,-1,,0
1930,0.437084848526409,0.0032854087549218517,0.17525626980710443,0.004587384283372325,0.12098687381377965,0.2587992148144127,34.145593639251466,47.32939669454828,4.017868728877273,True,74.42842447282298,6.876067454587159,1.3724169509349622,0.03961215708730837,0.027853543734796204,-0.015733112502703737,-1,,0
1931,0.2576191805583651,0.07876367387847337,0.11497063190286476,0.073653778383276,0.46163099474493197,0.013361740532088913,29.608762080207157,44.31577270756814,4.698800914520453,True,28.846182879270632,6.762591757498236,2.1671340030931416,0.04073360967884464,0.013564752226386775,0.000614845108444383,-1,,1
1932,0.31620976980421456,0.15190855401771014,0.017275998548669964,0.05386325280911933,0.26292099002443253,0.19782143479585365,27.168349338103805,29.648169033248607,2.9925825003770963,True,42.00937456139186,7.257724789866043,0.5977572894000203,0.06254137833195993,-0.009141508855395726,0.010783127397198786,-1,,0
1933,0.30490013689170176,0.2901771556807057,0.214541985618424,0.11123527113434538,0.0789546588138322,0.0001907918609909583,36.47850797861981,20.183382015935596,4.964587188521472,True,24.278874865669835,6.6300213395461345,2.5926724082420867,0.03979456685135713,-0.02373194696713859,-0.009704074823255953,-1,,1
1934,0.46009822078713725,0.0833548123237609,0.02751957658224735,0.09088140958165206,1.6299842655053937e-05,0.33812968088254747,37.03171937989012,28.601764083476574,4.247496155473592,True,80.38241146532006,7.109683581083203,1.7441105409908368,0.048757287451245745,0.005792722940085092,-0.007936007851135508,-1,,1
1935,0.34676805852213516,0.20486248695923018,0.002887260403123989,0.4127107534850904,0.017301855670217824,0.015469584960202445,41.112519200211615,11.626255212809685,4.7064852918765006,True,53.170718047443685,6.765436002210265,3.0403174139822187,0.053522321879576264,0.04553107018399862,0.00077664719234546,-1,,2
1936,0.33834933209448637,0.06436646162499524,0.2554145833078579,0.16791578930432943,0.13271496584601072,0.0412388678223204,33.20916180417886,28.515613077150434,3.9325261769780693,True,74.96409838738475,6.947091548586081,1.7067764329011363,0.04347261907207534,0.030871744385227162,-0.003874327684051082,-1,,1
1937,0.3453850705096147,0.3955960944726388,0.11503673014019758,0.10116456251038011,0.026503627260187408,0.016313915106981335,34.970319198565306,39.45727584291941,2.286197494075993,True,58.99459602739769,7.142380488575674,0.4433295944212584,0.032681898272896866,0.016768302474175732,-0.01367960871969353,-1,,0
1938,0.0841324174625988,0.033748964791003665,0.009316378061545517,0.08186868166098281,0.4134973969778625,0.37743616104600664,39.15358670582773,36.65599697866169,4.547618447263556,True,82.20200568026003,6.799270958425004,1.9964752278257667,0.052751693228425746,0.013242736706539006,-0.00560613946023968,-1,,1
1939,0.421202631566655,0.06622099705108822,0.11701081048069747,0.3683206107137859,0.002562937827800083,0.02468201235997332,33.07875931990206,27.04594684670497,6.126504487805733,True,1.0610384748171042,6.132317553060506,4.55598808541117,0.03986756725265933,0.013024555554306667,-0.013997620312005202,-1,,2
1940,0.4330393252054142,0.07466024727801336,0.15144631613096815,0.05073793346822501,0.16901910538818168,0.12109707252919744,39.66916899245371,45.964889064307776,2.354687277179993,True,66.78686327370748,7.060407258965981,0.32547007249934157,0.050580964973969786,0.0004393194184594791,0.009639036774714387,-1,,0
1941,0.5294945527195626,0.1192906755792605,0.028774543167448718,0.05598462639906209,0.07889930236656738,0.18755629976809882,27.056632091707904,19.85950584186636,6.189803451823844,True,0.5030573722137981,6.187321494061842,3.9354316516084467,0.05719719570010458,0.06326804392690116,-0.0004981433823485811,-1,,2
1942,0.06332575430747604,0.7740345363331308,0.10097054059798509,0.03812287479309545,0.021304277203377398,0.002242016764935245,39.66750738622195,41.17780863435322,3.275312983445918,True,113.67779025330493,7.253212277828889,0.7615312898506567,0.040964192479721565,0.0022841278982050736,0.010947946527632941,-1,,0
1943,0.5873474814710349,0.2728342057440208,0.021974174131154545,0.0373670033556328,0.014563274529837328,0.06591386076831945,31.0299432129787,11.787851903870274,2.9928689262126067,True,40.41705338342339,7.280849264260723,0.6400802006855619,0.036765046060960344,0.044379105481999526,-0.014428200122967994,-1,,0
1944,0.254592157094893,0.14405578284407733,0.15328882587423123,0.07899563714636836,0.31239407165504385,0.05667352538538619,34.99724276072597,10.030512191553473,1.0577427162024189,True,18.52173171677193,7.326981523128762,0.305423922317667,0.04178681896884961,-0.024607473978394936,-0.014000606578982541,-1,,0
1945,0.4088404798624121,0.008775080907460642,0.05878181393242359,0.4446627172207983,0.00125931916431136,0.07768058891259395,35.08536978037803,42.15919754740586,6.993003511660131,True,0.1072865571278506,5.772149583355,5.974118472230252,0.04243107829918274,0.08817339869755522,-0.0047699517415557,-1,,2
1946,0.1134381713930834,0.1280787375446004,0.0738348412652288,0.2894376693865979,0.015536314696087395,0.3796742657144021,44.500453404576206,27.9132285553581,4.247068197068717,True,158.6364180997773,6.9052979825612715,2.0778430245054826,0.06436897847685104,-0.04706196398282176,-0.00431833895273102,-1,,1
1947,0.10489702165178853,0.6140928491964146,0.041920581014655914,0.07635218729672287,0.09974180186244934,0.06299555897796869,31.448811726821738,23.577182323114666,1.543576762725758,True,26.79077331820401,7.2635345955895785,0.33298663153709607,0.030811578281940807,-0.041471021401609125,0.003774696083623266,-1,,0
1948,0.04242647586464385,0.08597018215105978,0.019759124814588847,0.20818913703264777,0.48282350852864214,0.16083157160841755,42.096536252453134,48.76568430996839,6.200752093419138,True,1.7424085047115143,6.068349402495791,4.215469997396169,0.05652302950264219,0.07384600418538348,-0.02066710571129026,-1,,2
1949,0.1394003666193135,0.13074712500109978,0.14491415140940844,0.20391738687237704,0.000948510676210929,0.38007245942159024,36.158381308709565,19.291431318210932,1.8458140677672878,True,52.39124768131656,7.2181846730534165,0.4639923873849282,0.04808140448903157,0.016462737471805006,0.003334228833692663,-1,,0
1950,0.2552057642339764,0.11189533360142857,0.001536451414572298,0.575861364684186,0.017656563617901865,0.03784452244793489,43.1494721561294,31.5752249854264,6.407164046039086,True,0.9835451333674691,6.072109056525981,5.453627142211813,0.06534958919985444,0.09660194252999928,-0.011580422918641293,-1,,2
1951,0.5005191686857894,0.10924789997227487,0.0005062445207638929,0.165508600054495,0.09232827541760134,0.1318898113490755,31.823161629225304,29.35965580108619,6.206940043951059,True,0.7367689572379369,6.25687286716484,4.087381641019412,0.04749889726503788,0.01816995769103899,-0.019392203881415132,-1,,2
1952,0.137488212706635,0.24098084620148758,0.24180091197914375,0.24301329318826073,0.10998080443349137,0.026735931490981482,28.774914551001306,20.653001851652814,4.493464907228916,True,33.14140323483114,6.939122410306832,2.2256770688850747,0.03163572203160898,0.01853134835930348,-0.010137434792219797,-1,,1
1953,0.07689007223258629,0.2946377591040645,0.15829082168727696,0.228231159566647,0.01713360865306045,0.22481657875636482,28.17083152565982,21.015875667426744,5.4001769180103,True,4.978692793886662,6.574562827362361,3.3259720761901375,0.03652794755625624,0.017431323190072668,-0.002532139133052007,-1,,2
1954,0.1981750823695211,0.09482466097794232,0.20623127498854169,0.17292538092809628,0.004837378709716639,0.3230062220261822,42.066118097122605,40.30537965983409,3.108017831669819,True,126.4725642419399,7.237834632928007,0.945155042986495,0.06308490636503111,0.01207662683603268,0.023288365715253313,-1,,0
1955,0.6086577621573589,0.13428026603935406,0.032613485705033474,0.1517548111151923,0.028210996534257675,0.04448267844880355,26.617539356583823,25.644264944580293,5.061856164190938,True,10.432569287624906,6.491154429278862,2.7394916350494376,0.04589734554910542,0.00691444795319675,0.0014016764699091074,-1,,2
1956,0.25454610114904175,0.2102279556786423,0.26258575701249853,0.1694731945051208,0.0008468159500990982,0.10232017570459752,32.77407575263461,10.792060368081348,4.272411627103499,True,49.91092325711831,7.006563967160993,1.9827036532008848,0.05204315110226883,0.04861927530142266,0.002074603086231819,-1,,1
1957,0.547909868845665,0.13485630754242772,0.007213762480482901,0.10812914818102369,0.05339201595376756,0.14849889699663305,30.722442737917476,37.043861876592345,1.9132294098707388,True,35.201708247263525,7.161316308661602,0.42470332450833764,0.04170280907241946,-0.06220882780518252,0.007290240247264816,-1,,0
1958,0.47764604371519015,0.21175867545509627,0.003475938236538828,0.0662832539070849,0.00151580747342013,0.23932028121266968,37.054310507696144,40.69432152034217,5.7403417231379485,True,3.4427353631379103,6.288162922082781,3.671310802107772,0.04774756680021148,0.06310244958175892,-0.007803445363281748,-1,,2
1959,0.1674099334656424,0.03156072053261706,0.08065684582886148,0.5378025999294764,0.14592747501600709,0.0366424252273956,31.165325847248567,27.476160538366486,5.510273605483787,True,5.299250333986773,6.47551857256744,4.12775707560063,0.05024186381991537,0.052463329109697046,-0.011047993602981436,-1,,2
1960,0.17674061927761944,0.03928566660189692,0.061415955500236576,0.45200814096148834,0.12968694857366123,0.1408626690850976,25.675294952030804,15.70492483970554,6.91793016674781,True,0.060688846539065464,5.75613647363248,5.8179875945281525,0.04154382911773782,0.024189643602862368,-0.008733670151628391,-1,,2
1961,0.3595326033911592,0.2394678987786344,0.2846009673575826,0.09835770198502174,9.996795279113191e-05,0.01794086053481079,41.465827014133225,41.47131116216303,4.704218987062196,True,61.433167531076016,6.739902338863768,2.18208408051427,0.04412606548734008,0.03570609828649969,-0.00794631638469373,-1,,1
1962,0.3092613919412419,0.014487498552710264,0.23227477857596776,0.0466257180548875,0.3200715103570915,0.07727910251810123,31.993364994024574,33.51012705732906,5.61972033350687,True,3.6413165459280856,6.323603531425694,3.1204678674065254,0.03585813543154422,0.048981114889255425,-0.005814207740202248,-1,,2
1963,0.32881353418559717,0.5031087461293645,0.014648918927318667,0.054026875776167965,0.07734670114310935,0.02205522383844224,28.465934210064148,37.66469362691441,2.6527985457154077,True,42.339666191067764,7.0699075090345955,0.4063988035615198,0.032468039964181225,0.016072450068727626,-0.0074659140848545615,-1,,0
1964,0.15021493047851667,0.11675428582101573,0.04020715684096813,0.49880916772282674,0.018230153780612223,0.17578430535606046,37.53431811095204,31.61348830892175,1.659798469175115,True,58.25737598273894,7.154315573785447,1.3205562700246674,0.05051101112389536,0.045454068221289216,0.004133958928529437,-1,,0
1965,0.3615159556043016,0.07912964049444932,0.45906974309551196,0.03536394726991916,0.011938096204335624,0.05298261733148216,39.36409345922385,11.063800872472086,3.2677277841744807,True,72.17842715642561,7.19379993894709,0.8547219160363405,0.04322196376177506,0.07038551067835365,0.014933276152156925,-1,,0
1966,0.3326874783645828,0.41672624490735327,0.11457154314457779,0.008241065982510717,0.07104681167435929,0.05672685592661614,40.67555086544397,49.52735505325079,1.9567981371776488,True,60.986876074407185,7.102450020901523,0.28659061858018864,0.04425042552401244,-0.0061555826909104935,0.0033594138695056596,-1,,0
1967,0.21997349861084978,0.2605936939484921,0.48638011817691595,0.0009185271147527473,0.0006143982388073841,0.03151976391018189,36.55886026971988,31.045680784013623,4.882443831366977,True,28.317782107530782,6.66841943679964,2.3677978399386284,0.03494801467942708,0.0071704585788619855,-0.0057539048092547125,-1,,1
1968,0.4751177533066509,0.03184173913197207,0.28232388180021034,0.1705740988888993,0.00509407935588955,0.03504844751637772,32.151252128454715,12.96483675782508,3.1658645671794123,True,53.637226888875084,7.199818543980185,0.873572713379202,0.04042606839327066,0.017215725417214913,-0.011336926244053691,-1,,0
1969,0.15725778069689073,0.1312416379307341,0.09428924566095223,0.6099135710578798,0.0010812922636265236,0.00621647238991638,41.82304524071871,41.20593936724723,6.103808521211391,True,2.8333230629095993,6.258422926309938,5.170591543085976,0.05556606331395891,0.0751773264812133,-0.005257917756752799,-1,,2
1970,0.12872271551387432,0.0168840523268713,0.44750204593441456,0.10920587215911821,0.21301170843543404,0.08467360563028745,26.264680464628743,42.63271215484879,2.602110852375188,True,38.76122972264339,7.28413026791564,0.597494459924572,0.04201701779073381,0.017141674286222514,0.007723932985926454,-1,,0
1971,0.2107170902892685,0.38429355099941515,0.067837094998126,0.19340999835757522,0.03366565153611489,0.11007661381950036,37.529957712788885,16.875480730333724,6.827352173138081,True,0.20027364160135305,5.866764541466331,5.062398148923665,0.0441918306756262,0.009481492114626823,-0.01922284968013666,-1,,2
1972,0.19963689414129202,0.2852718162638002,0.42409474468533614,0.008733719247334694,0.0013912100519159504,0.08087161561032115,26.677162450738322,44.13977870300919,4.050134954899157,True,39.47145847653022,6.990564208007879,1.5017081265176873,0.03064878503518301,-0.005590863614102484,-0.0009628397067418352,-1,,1
1973,0.48691597847479245,0.05141318189666975,0.011116718451697784,0.10400239565443886,0.1648252445229552,0.181726480999446,43.63459916003348,14.23172298760338,5.507636250460441,True,9.341046825300866,6.386397493015708,3.3621749897272317,0.05758651267536277,-0.013723183799287365,-0.008618004978341375,-1,,2
1974,0.38052313094675466,0.008475773848031333,0.4996028420256519,0.07816516366518256,0.0029961601389319925,0.03023692937544754,36.71985379760098,21.039843044645853,3.1019218583458654,True,74.36621385339645,7.217279835494118,0.7196776752790779,0.03494149603684227,0.0034934210066709334,0.007078333320587583,-1,,0
1975,0.21013342245385339,0.285037348685762,0.0513512474468072,0.3013937676092699,0.13228268463996573,0.01980152916434196,43.46582932367245,11.754901672562546,2.7928343305871928,True,101.64964302803818,7.226246596740099,1.1552424201680633,0.05604716284770988,0.017955278157529734,0.003255962916309829,-1,,0
1976,0.28479945076481955,0.009721042903059106,0.17581469621958207,0.022695039495256475,0.2608389172849375,0.24613085333234527,26.37357902415527,32.90955172857254,1.4988850362572022,True,17.573197339787395,7.1543751291575575,0.41253713529319935,0.038878314638339816,-0.007434870912950149,-0.02647085191033857,-1,,0
1977,0.3624976133939349,0.137869894105576,0.14177838950290483,0.22284678859555943,0.09939274809641041,0.03561456630561415,44.22547853389952,43.14620165101236,3.4260557007867476,True,159.98737150859162,7.130819473614114,1.1750194751886152,0.06131066020330528,-0.04435352512757442,0.007442766815268924,-1,,0
1978,0.3334552404474439,0.04598678683259767,0.25769093766165185,0.228144814896165,0.007815596023618357,0.1269066241385231,26.225497671479836,12.380281766553498,3.192760321127035,True,32.758900201123936,7.305679398666875,1.0907620944535183,0.037955449137384904,0.057809662904715474,-0.019643557223503253,-1,,0
1979,0.36361402310378993,0.18578543960927876,0.10219726503926682,0.0906351805942997,0.010344478651816697,0.24742361300154808,39.99701909685491,44.28592319703012,1.6910915773835868,True,61.95814381539596,7.121680700804898,0.5026758456619478,0.05710683663131833,-0.027242812353639814,0.0029325059826474814,-1,,0
1980,0.20043394074212295,0.4002769349970488,0.04315602952755008,0.15381208076487626,0.004481458391365812,0.19783955557703617,26.90365016506917,20.807487062967134,4.919116624095107,True,16.631073129535498,6.616345390491214,2.6420455684296296,0.04342379613605673,0.06437867451580477,-0.001163826565939617,-1,,1
1981,0.44063224436006393,0.035998567603019414,0.38788830641492994,0.06705822360420177,0.018513494115785144,0.049909163901999745,34.553697651650154,46.11849627274638,4.365329613895046,True,65.28706442859279,6.803884043642978,1.8135984218663916,0.03700416129444857,0.04712224491332255,0.006880339479787079,-1,,1
1982,0.30615059538523565,0.4751178436157512,0.03659202750828636,0.1722544507679018,0.005099817337833802,0.00478526538499134,35.469848166683946,36.2963969091067,5.171618487076472,True,15.502043349668517,6.430232910201591,2.920759293496125,0.03815022051629974,0.044609435695539386,0.009510050352383568,-1,,2
1983,0.29303904628016997,0.17661208759011485,0.07735812915087856,0.25506212191159416,0.18527626290323654,0.012652352164005853,40.51928065699198,49.790690518187255,4.250054280209495,True,135.09787072348317,7.047653582649508,2.223228454295996,0.046312781880651986,0.026606989369839858,0.011827559521754901,-1,,1
1984,0.4311096581467501,0.24378718214229658,0.08748491432784201,0.08762260638659632,0.07498899929328266,0.07500663970323217,39.98990172252926,36.56403440368072,2.0934981501731214,True,61.728104427928756,7.166391246990551,0.47079813905346946,0.044471420090910686,0.01686879970104968,0.007207211814523618,-1,,0
1985,0.2306463238173764,0.04820804185793125,0.23547589493544158,0.0634672463332736,0.0019623369203733095,0.420240156135604,26.34677729296883,35.812060030422934,1.4398641432444155,True,23.02289357367659,7.304555034796579,0.29687910914408416,0.0428144830052763,-0.021841576241968245,0.005530893902450845,-1,,0
1986,0.24448660289564508,0.4030801795310614,0.13212910661765134,0.06321972802959488,0.020863869931755735,0.1362205129942915,34.08036263076942,38.48021607167355,1.0527805142021542,True,24.807846679362545,7.131452440044776,0.29534718592289677,0.03576324195550059,-0.015472950564831658,-0.0027949141516744424,-1,,0
1987,0.4590111988700206,0.13840118836918475,0.33741665171774754,0.024533273438241382,0.011337960676804468,0.029299726928001407,40.16705405362825,39.543384096051575,4.207931900490953,True,89.10820561270022,6.83384298173959,1.5782663331815538,0.048698409113253446,-0.00017772417529364828,-0.026041757375439033,-1,,1
1988,0.27335522056025985,0.008221993132744874,0.24852051121508847,0.2258370308088166,0.1677162043011182,0.07634903998197187,36.239601984009326,42.72639781369315,2.905189263272103,True,77.60612658813739,7.079373613597568,0.9067605608826921,0.043978585906401316,-0.0012589658303467617,0.0030985432429701566,-1,,0
1989,0.21675726742268708,0.17145816988228696,0.09171091903738046,0.23570628740884997,0.03377065021690189,0.25059670603189355,40.95239944445702,38.948936123482234,4.794392007916042,True,54.969037297620226,6.698877474722103,3.073121077549752,0.05574365772750925,0.0023935192123587384,-0.0030067752889378274,-1,,2
1990,0.24225567190654598,0.24094950996256312,0.23074658954092467,0.07353545531725941,0.12267796992890775,0.08983480334379883,26.778305375709884,29.70485896299263,2.640152405745343,True,31.113135504096316,7.194022719186279,0.44581022888151206,0.03171284720982931,-0.01686286040162407,0.004989633431890808,-1,,0
1991,0.2301746551672337,0.1953984570232707,0.14692154588138587,0.0988671104346736,0.11175825508867732,0.21687997640475876,36.89279994247063,47.99473681396661,2.0399873706816987,True,56.706305123391104,7.30599109143443,0.34064622311965465,0.040656074504057775,-0.009499170157993021,-0.006633597729741221,-1,,0
1992,0.06798452978391993,0.06990770442718387,0.47295943100517435,0.3794256660836024,0.0012260044604804818,0.008496664239638884,28.519049359851532,10.722145324197143,2.444295941330056,True,35.519288117959164,7.266198251745734,0.841857949309561,0.03466118505676537,-0.00926827828450674,-0.008829184933375662,-1,,0
1993,0.3590326986878281,0.15271801062515933,0.035095932864850896,0.2602922628870618,0.1857707220110065,0.007090372924093188,27.00180225815556,15.241339585903546,1.2424023750533333,True,18.074018769624004,7.186310179925303,0.3931405117920707,0.03642536832087901,0.006062724958745101,-0.004370991903826223,-1,,0
1994,0.031828266485846246,0.17323616934976171,0.24331584924575814,0.005779503857160083,0.4678986886807521,0.07794152238072168,41.47713962306045,29.947137122514093,6.544314862962879,True,0.47529899990793323,6.088876593145357,4.1109223803165085,0.052538778207929175,0.03724690004824192,-0.023411054084721987,-1,,2
1995,0.19909250462051648,0.4356556359958576,0.12179038474180218,0.17974545612436346,0.0031356346853107717,0.06058038383214958,25.63210298050545,28.43108206370577,2.4006244793429543,True,30.663191895349787,7.235020148874016,0.4371735293512802,0.03308191539823581,0.05833495634172212,-0.011366544762625339,-1,,0
1996,0.4607124671718095,0.13453505987467518,0.11569004613476633,0.07682051555250066,0.17131798356082625,0.04092392770542204,44.38321643635486,17.111807102845724,3.790618331495418,True,142.84863218623417,7.060340843644493,1.291463168683454,0.05941023378566264,-0.010036265935657537,0.006197650413492523,-1,,0
1997,0.014611132940626267,0.07410504760453794,0.6379207412781495,0.09275391835150365,0.00035076369977893963,0.18025839612540384,29.297170595652517,11.706049950366033,5.724072176159368,True,1.9769711623767001,6.268245909645295,3.439363846529977,0.03600722287902281,0.009910287559383182,-0.01909471897283431,-1,,2
1998,0.2433278615456061,0.34070060047422185,0.29959286629327614,0.014257054512729928,0.09534896209300771,0.006772655081158179,36.67584478144424,30.046102079766328,3.521707947463936,True,84.3242289849356,7.367452043303931,1.0199033358213971,0.04146442252522419,0.017369478733047512,0.02254877578960476,-1,,0
1999,0.37800926701862175,0.3072409633630787,0.24740836616153267,0.058002056405043106,0.008621005936889308,0.0007183411148345226,33.99705384544433,17.18526182442759,4.367307000434806,True,43.57896407802568,6.798352443948756,1.8392571653811236,0.030668891300931322,0.0020924633224746053,-0.008968338904320344,-1,,1
