idx,cow_frac,rice_frac,wheat_frac,food_frac,press_frac,poultry_frac,temperature_C,HRT_days,OLR,OLR_used,converged,q_ch4_avg,pH_final,VFA_final,S_nh3_final,vfa_slope_last5d,ph_slope_last5d,first_instability_day,sim_error,stability_label
0,0.1351796264404011,0.0523384333341993,0.5100151214308846,0.10836816173694946,0.00493254021871866,0.189166116838847,40.479120971119265,27.555137590082094,4.9252672593503775,4.9252672593503775,True,64.76115272657259,7.309785203397638,0.06491921128989082,0.002274990315758766,8.821330235616593e-05,-0.004067061267740743,-1,,0
1,0.0931873801475246,0.026084982901221118,0.5867019154119906,0.06068954103840481,0.05393776806874858,0.17939841243211022,42.171958398227645,37.89472116237455,3.734598220039166,3.734598220039166,True,53.84258293231473,7.356929247540707,0.05073636990997906,0.0025541926370255047,0.0002842623071947639,-0.0035959764853894386,-1,,0
2,0.10733680044407337,0.21646168285820047,0.035892485489929696,0.219119509807716,0.10292528597668404,0.3182642354233964,26.88354695775299,49.024894065470235,2.5226108270398373,2.5226108270398373,True,42.13288678432569,7.332185465108167,0.17461549466689913,0.001299655806057317,0.0018693299965495862,-0.0017229625879277614,-1,,0
3,0.16035258486896836,0.2695584144330508,0.10633913936962344,0.09576069624502608,0.3404928559681535,0.02749630911517767,40.222794039807056,41.44257221107815,3.388419531759687,3.388419531759687,True,50.48530924887367,7.365077139816622,0.04594583978405782,0.0019404600606415464,0.00033372868656106883,-0.003227340684406346,-1,,0
4,0.48609291937295845,0.03955075172891894,0.31144566602845486,0.11959602789728953,0.029481715599988884,0.013832919372389289,27.562272653510917,28.015437515822686,4.198237368330677,4.198237368330677,True,48.01979312666833,7.204684618147222,0.08870976220767866,0.0006699571485819634,-9.002337805189943e-05,-0.0042580093139178155,-1,,0
5,0.3033871246565742,0.29321572406507285,0.04406933883887349,0.008947179526057442,0.21374088035272115,0.13663975256070104,32.41596048465163,47.07059955394407,2.6447590204469607,2.6447590204469607,True,37.26549729157,7.3142308499470765,0.06050443444237513,0.0012817751531693728,0.0003617163861522088,-0.002910020695087165,-1,,0
6,0.2684096060291243,0.31773877347762813,0.015357324247245749,0.31162707023208736,0.03101456677921944,0.055852659234694915,37.87730240161329,42.910464530833195,2.9482157730668748,2.9482157730668748,True,48.95293817149785,7.399915840944971,0.0783751902865182,0.0025522157126329045,0.0008018576684187266,-0.0019268532652022843,-1,,0
7,0.06707639861748653,0.07491188885119748,0.31704025310555006,0.13035487699333353,0.3921893205171616,0.018427261915270755,33.86828397654662,19.089548871391074,7.7857919935296795,7.7857919935296795,True,85.9175568820544,7.136246310839862,0.07449269766908619,0.0006805947834243088,-7.686483384715765e-05,-0.006300527604489217,-1,,0
8,0.2743787277313499,0.26088214323932507,0.20845580744620515,0.19196366984402347,0.03988930834503054,0.024430343394065822,41.552623439851644,35.26657596488259,3.7413221461651545,3.7413221461651545,True,54.501670084210936,7.36981992645108,0.054101098982992486,0.0024820622089480452,0.00028430225962486236,-0.0031620144228030143,-1,,0
9,0.41789865012503724,0.16431335285183646,0.09457536534830971,0.18572605581771223,0.028012925686523072,0.10947365017058117,40.161754801707474,24.181038725194735,4.766650968974791,4.766650968974791,True,61.14591837944222,7.351987834912968,0.08815352096267873,0.0027111049973125366,0.00018432835102515988,-0.003050213231400578,-1,,0
10,0.24738455769230333,0.07781162640141102,0.27710214172555414,0.2764980097716149,0.03383384965812969,0.08736981475098693,44.413960487898066,45.724844852887905,2.775991116214868,2.775991116214868,True,47.249314160298844,7.466947761540833,0.06814811817365268,0.004500415403881987,0.0009535627686326853,-0.0016870245884412311,-1,,0
11,0.17681250930696985,0.21517243561637334,0.09276390208465836,0.06871445405616934,0.26864197011954594,0.17789472881628324,40.56766994147524,17.785548314078703,7.276727042240217,7.276727042240217,True,79.39677660721192,7.259428251563408,0.07903689202233288,0.0020436906211198673,-0.0001151395484945058,-0.004428351389112133,-1,,0
12,0.23154086352253667,0.15880059964533022,0.004332490582407408,0.35598040204462883,0.13608844731747338,0.1132571968876235,28.085789841350955,37.32195812969819,3.281704023611326,3.281704023611326,True,52.87209998953623,7.324209652778723,0.16417662884355952,0.0012654981577810555,0.0010260039633966703,-0.002035938254772896,-1,,0
13,0.3746456144138647,0.10831318390286421,0.013120456788846956,0.23421898896123808,0.2174114328029445,0.05229032313024165,39.895243118156344,48.7003892973684,2.415235837576116,2.415235837576116,True,40.5445864309364,7.441861239554811,0.07433220950197032,0.00324119608780105,0.0010890915546968943,-0.0015634136253868114,-1,,0
14,0.1276654702021001,0.02889893748601282,0.10087699761331473,0.37709417373415366,0.05543343993542701,0.3100309810289916,31.51650716276304,24.818388241394757,4.780280374712889,4.780280374712889,True,72.07208529427089,7.33098277107716,0.40229460114550086,0.0020255941588765603,0.003254634336936798,-0.0021918565080126014,-1,,0
15,0.05523407397115349,0.10330477025932239,0.26923660214043316,0.08215742014913238,0.24162228237335748,0.24844485110660103,34.39111622551616,17.578854363371427,7.689854503476648,7.689854503476648,True,82.3068917711512,7.183597727690209,0.10615179964216336,0.001215212868040843,-0.0003862621895241683,-0.004988038556989901,-1,,0
16,0.30739960486909007,0.007453433232708784,0.5642957076641846,0.07526371253636067,0.007150949761846562,0.038436591935809235,27.598430106709433,29.02819704903735,4.554430370394581,4.554430370394581,True,51.39231634445719,7.151264193781667,0.07224686904257913,0.0004908218783111756,-7.185623834169052e-05,-0.005505398822736442,-1,,0
17,0.11022415533207564,0.11084026267249293,0.3661579606286972,0.2636006616227882,0.03334987058073157,0.11582708916321438,29.53818698101768,36.79255978730041,3.74659970225144,3.74659970225144,True,56.6768850081725,7.276876057940809,0.09266613076427666,0.0010392430798326368,0.00010154324843929923,-0.0031146395379032157,-1,,0
18,0.1994174684809142,0.4866791723886864,0.1376212026277848,0.16952393567506127,0.000367866231199232,0.0063903545963542715,33.74303837744662,43.3071278423135,3.2940030561970364,3.2940030561970364,True,48.15273050425988,7.281931445590857,0.04865174569253694,0.0009897220341993345,0.00013721396366088976,-0.003724295084550729,-1,,0
19,0.334226669744043,0.2561956347265465,0.08236836297178993,0.23140059784029857,0.07264110470493257,0.02316763001238931,39.00530204004498,22.494665655281644,5.557626428282596,5.557626428282596,True,70.210651531272,7.308273747237244,0.0769950677193581,0.001990363458319931,1.7556666768186344e-05,-0.003617239916710092,-1,,0
20,0.13264576641950218,0.19287985949273384,0.021241333195221698,0.2039491670479734,0.09236717584273296,0.3569166980018359,41.64519602790402,42.190574299872075,2.8403706866831713,2.8403706866831713,True,48.05250016979623,7.463992850310092,0.13510681309644243,0.004914645318142105,0.0027050747709099375,-0.0013746319210806782,-1,,0
21,0.010208535876283654,0.18829293166123845,0.36318229873189845,0.2573464983624459,0.10685568333533269,0.0741140520328008,32.74956758060349,21.533124157209762,7.023327570620721,7.023327570620721,True,87.81126335533051,7.182334843898043,0.08525094166673522,0.0008870075331492614,-0.0002489671804430766,-0.00521789343187969,-1,,0
22,0.023927548658894186,0.007136526193781049,0.2184922311682006,0.09662757758031289,0.6244671902656146,0.029348926133196652,40.73848755004277,36.59403426368129,4.059966418597583,4.059966418597583,True,61.39772401737536,7.367762955577813,0.04858376967664919,0.0019717101391585876,0.0003669914533067421,-0.003349039680023308,-1,,0
23,0.4172441342334398,0.05461483795720531,0.10218736596935035,0.06217068572370482,0.21214457066075626,0.1516384054555436,39.1033075725267,41.22916124087872,2.7529572925118964,2.7529572925118964,True,40.04028270010692,7.4009388837759555,0.07369005226722836,0.002842392662523366,0.00077927002663199,-0.0022850804600398488,-1,,0
24,0.14939310096750882,0.08177529728481604,0.09331913901390543,0.6722604741624996,0.001846164927085048,0.001405823644185181,34.1783155107668,32.74964783811575,3.9449450268798616,3.9449450268798616,True,73.77231195264935,7.403963131437377,0.21980079537834477,0.002506863618507926,0.0036860125174250076,-0.0012259129624477424,-1,,0
25,0.2568796830207915,0.032520625968068075,0.30916741889164834,0.13410546210573224,0.030150803321904143,0.23717600669185585,38.36805923580943,28.8438482457253,4.182461883247001,4.182461883247001,True,57.048937659499664,7.349907560617912,0.09663694082288297,0.002603497081825055,0.0003978351878534602,-0.0029513345058442687,-1,,0
26,0.5424724345919466,0.048863461219278155,0.1288984714862395,0.21470867511298317,0.007553568339611553,0.05750338924994107,36.30472212962378,40.59995429664102,2.692544975227966,2.692544975227966,True,40.624655526551116,7.3846784504433165,0.08479156126815274,0.002332475558483914,0.0007573592822509649,-0.002074618800840352,-1,,0
27,0.4589334989476725,0.08112751694801666,0.002973066509912133,0.2885626724230551,0.010350646339220084,0.15805259883212358,37.694366400011816,32.143176026319836,3.34983136422484,3.34983136422484,True,51.0695420602105,7.408443292437381,0.13981360575845495,0.003130585335533085,0.0014762649613259643,-0.0018315012399592592,-1,,0
28,0.23751567472557591,0.023424075729687376,0.256060620180671,0.38383750774370184,0.0008888177649025205,0.09827330385546132,36.184143214908275,22.158003922504488,5.604288929080082,5.604288929080082,True,79.29157761113213,7.331569895327049,0.14030726657636444,0.0022015405295751182,0.00021381185348483806,-0.0026411919573866858,-1,,0
29,0.3905337939563246,0.002210231256199202,0.12400513190050003,0.045355809800336835,0.3991577117389097,0.03873732134772962,25.61635669135879,27.468695569294496,4.35822751487708,4.35822751487708,True,48.898514590946434,7.1943941985627555,0.10018852019444965,0.0005644004417183409,-6.824538412237751e-05,-0.0043740353713549165,-1,,0
30,0.0409909234525234,0.4734968571607669,0.031119131198799922,0.43238326681027145,0.0043801316444375,0.017629689733200886,29.291693456390583,26.341145748985447,5.624192447238677,5.624192447238677,True,81.845468822215,7.23963964048609,0.11293322497702635,0.0009047378006643063,-0.0002346833004030422,-0.003627915795130064,-1,,0
31,0.3697990293330272,0.24428224826179193,0.10668529330144737,0.11336190466505545,0.1569231303047465,0.008948394133931727,42.06806146536332,19.35757943461363,6.47233101586556,6.47233101586556,True,71.24557490815596,7.27751840582008,0.06114753378396122,0.0019296308748272357,-1.2325650381927631e-05,-0.0045025295371997585,-1,,0
32,0.42938731245896716,0.042159743434832087,0.053012069419074756,0.3624508128446918,0.11250305446577692,0.0004870073766572911,26.16605483378132,21.255355680879862,5.400221410471674,5.400221410471674,True,67.5947306867286,7.237973368849973,0.21215145047514275,0.0008222859010485297,-0.0008718679348010057,-0.003055211937561797,-1,,0
33,0.1651050125615088,0.412064805929098,0.058799805171735754,0.15463198215919832,0.10072260886408518,0.10867578531437377,30.871875155333672,36.476660589075806,3.730252536105587,3.730252536105587,True,52.16019596576002,7.266411506770717,0.07343504550254572,0.001008512320542129,8.498922432917509e-05,-0.003625828655614551,-1,,0
34,0.16762451034069334,0.15962761069545656,0.11981630510407594,0.17213472289197732,0.08101874219196693,0.29977810877582994,36.140643046825566,41.35592836425654,2.945022343387347,2.945022343387347,True,47.03711577952066,7.392415030949577,0.11980115645357613,0.0027163998352594735,0.001522111977111416,-0.0018974029302657278,-1,,0
35,0.062430605844237805,0.15136790409651327,0.09995571156459025,0.11672639521140181,0.013323069326475187,0.5561963139567817,38.28627080654775,26.255474457602823,4.439344882002848,4.439344882002848,True,62.61853775717492,7.382168990837198,0.24571991841710167,0.0037570398046218654,0.0026841537856286497,-0.0022983691089367613,-1,,0
36,0.058166066789579335,0.2110896164996566,0.13192224195788618,0.12765773496014826,0.10815249048599154,0.363011849306738,41.2804076933207,16.678916796308158,7.640996648085088,7.640996648085088,True,88.77988901858805,7.300977015223769,0.1223932490791993,0.0030775771306914904,-0.0002326935692374564,-0.0034344623214736768,-1,,0
37,0.15961664175972554,0.2012417080719807,0.24717480086974233,0.021816016277930245,0.24749692592369452,0.12265390709692664,39.447187011929,28.475089210055494,4.819582306414324,4.819582306414324,True,60.12369821464262,7.283635101054136,0.054467469795558714,0.0016744388241161977,0.00010739544335799653,-0.004682602017873378,-1,,0
38,0.30649593940699854,0.026834408116730442,0.1725768786569684,0.15650355154081527,0.0665341927757799,0.2710550295027075,28.225435580672034,30.04179100413454,3.792687568598657,3.792687568598657,True,50.57987808350709,7.285780040001428,0.17873244327250973,0.0012329304137514755,0.00025730543042152746,-0.002829839542479791,-1,,0
39,0.06040315554082753,0.49146424898227686,0.034117005633968384,0.33923797127417893,0.0004889442561145358,0.0742886743126337,28.046242054263367,37.85281500310944,3.8251850112147876,3.8251850112147876,True,59.64567445904464,7.266677783710975,0.09413402316532007,0.0008756748556384153,4.224489327425381e-05,-0.0030768596071687458,-1,,0
40,0.3475518268021256,0.18860145024060618,0.034395213606716546,0.27295332421012347,0.07905599385626305,0.07744219128416495,33.92312551148061,25.2408490438593,4.720008699569067,4.720008699569067,True,63.472708157148546,7.310842920228482,0.11674321004604259,0.0016679943638937315,0.00011853879632486015,-0.0029714326805836983,-1,,0
41,0.14756474337169687,0.19788678472739205,0.24959132979591744,0.23520003221427388,0.0359380449726719,0.13381906491804785,31.030241782957532,35.21130372475554,3.8025885555666474,3.8025885555666474,True,56.05507262696572,7.288821265725325,0.09275029928352956,0.0012213460842199232,0.000162402306970252,-0.003108312348971958,-1,,0
42,0.16586844230875133,0.11875463739318626,0.01028691263123144,0.5529546067793102,0.0022001753011264536,0.14993522558639436,27.360118042410306,48.47590658198058,2.507516990427189,2.507516990427189,True,48.56885280863001,7.368926596746548,0.2810349979482079,0.0015435139996575872,0.005274997896244348,-0.0011037170948199958,-1,,0
43,0.398286800207671,0.04137816674418563,0.16072921194189457,0.16521556142755212,0.07504260227201286,0.15934765740668386,43.17161381415214,37.98828535242998,2.9901592076197816,2.9901592076197816,True,45.53934842704266,7.444836783153188,0.08221882696466502,0.004325961762079996,0.0009686348678878474,-0.001982345362817628,-1,,0
44,0.4191736030199915,0.19462877390481687,0.017780595088990395,0.04328277682965163,0.29416423428741145,0.03097001686913818,30.317399229190393,48.76705509390896,2.4575909110741456,2.4575909110741456,True,34.840805181129944,7.3061886912049285,0.05934304975688982,0.0010296402551607906,0.0003266206133374123,-0.002754215648484454,-1,,0
45,0.20174653132415393,0.40452320694349225,0.11533598007880581,0.13823438737458854,0.10535587055663634,0.03480402372232312,40.575018079315896,38.67560756635982,3.5922864129847873,3.5922864129847873,True,52.22415918439342,7.351661032742512,0.04746344797062313,0.0020116231195561936,0.0002607200144436531,-0.0034616077872350677,-1,,0
46,0.10629796155213275,0.28185243893637224,0.07168001711676293,0.43381717357570854,0.09588971874596533,0.010462690073058476,33.98723004287577,20.88966247380636,6.674930777618149,6.674930777618149,True,93.25023899248447,7.2784966324847815,0.12060431916021433,0.0014717542931948634,-8.21684223293651e-05,-0.003236965820261774,-1,,0
47,0.29259932299868807,0.1603434420875102,0.022746666353652276,0.5226405249673127,0.0014844674869981278,0.00018557610583862054,26.927819243069987,46.10409586175366,2.649785335151337,2.649785335151337,True,48.1215781888931,7.342409874906891,0.1574526901188375,0.0011940570326238037,0.0013707335257689018,-0.0014055123703704,-1,,0
48,0.12860861102060886,0.1081658848705807,0.10494477900280358,0.5170189964890173,0.05504115999000329,0.08622056862698627,34.11552579667222,18.094534591809214,7.136295902549672,7.136295902549672,True,101.89813726649432,7.311872788840249,0.2369980013293273,0.001978400510980475,0.0001800977064357667,-0.0023601624861448777,-1,,0
49,0.1620636235740769,0.061303847556257424,0.15826707910419852,0.051865371675837976,0.1396254925194301,0.42687458557019897,31.11913248301305,33.16878275767584,3.5230967637161723,3.5230967637161723,True,48.599422680773316,7.322258139176459,0.17603102439102286,0.0017673017020131368,0.001139812965113356,-0.00262980051871978,-1,,0
50,0.21769446392876665,0.48329217396266866,0.06683214104235877,0.030941254461019575,0.055798304062819624,0.14544166254236682,28.535455658784635,44.26457136369502,3.017107228836902,3.017107228836902,True,40.48772871188906,7.2421286363520325,0.06205333920363388,0.0007623778014259316,8.314152186258763e-05,-0.0037516635978620196,-1,,0
51,0.04943464329859315,0.07657254551027191,0.1445619923145519,0.48713920556508994,0.018445729137043225,0.22384588417444992,40.1703905967042,38.77851823803747,3.2957421465782706,3.2957421465782706,True,62.32222648407352,7.46670544006168,0.19151442057161305,0.0046540023243954,0.00461331069247397,-0.0010001984110136301,-1,,0
52,0.42694674723518516,0.020125236881209364,0.44900313450693563,0.052856854299070014,0.004883534047278942,0.04618449303032083,33.641860795502076,35.092353628097726,3.4854858774497752,3.4854858774497752,True,43.70980499943419,7.265881103081365,0.0574585494495432,0.001116843219231635,0.0001241396562651601,-0.004025108887468193,-1,,0
53,0.2984901555073335,0.29306786895623105,0.0182712765893068,0.11799704125859585,0.23937191742186653,0.03280174026666621,36.68195937825471,35.9938640621928,3.56042190103544,3.56042190103544,True,49.667722135429116,7.329064128599374,0.05924409681794351,0.0016390778582184556,0.0002747539003094622,-0.0033030539299761996,-1,,0
54,0.04886401835910194,0.010932832727022465,0.5032799137778486,0.17128460298286746,0.010732476731121297,0.2549061554220382,26.688886422797783,26.632296086824386,5.122300632780054,5.122300632780054,True,64.75220760406656,7.193279000696689,0.13521180788138848,0.0007778836188120175,-0.0006900371100947302,-0.004342396297057016,-1,,0
55,0.156218897846645,0.2531302984419866,0.2323174200003673,0.15190880321091105,0.09923744728368608,0.10718713321640401,25.83228347723785,29.759632769780758,4.6035627759072755,4.6035627759072755,True,57.28497328483392,7.178944860367872,0.09586470141089272,0.0005606921205326621,-0.00030554325881287665,-0.00467058346942035,-1,,0
56,0.2903175010300962,0.05351947042570144,0.12160217654393927,0.24790278375580624,0.17022368529467685,0.11643438294978,31.597224246655706,15.780967554641876,7.619994397600557,7.619994397600557,True,83.29727216436254,7.218738379172936,0.17093749684707224,0.0011374351942675454,-0.00070632476112957,-0.003525378817503036,-1,,0
57,0.026107515336788064,0.735460931142871,0.04261903928289879,0.05694697075283093,0.042864536439391775,0.09600100704521965,27.068059354451034,33.50578288710848,4.741039846202463,4.741039846202463,True,56.49903063261285,7.109490969203311,0.06158303111963354,0.000328794065827792,-7.405901936671439e-05,-0.006823498570936715,-1,,0
58,0.36337321990675425,0.08734118164081046,0.19261736873798424,0.10424918669550763,0.17239308521187388,0.08002595780706948,28.411859370737723,47.004804735071886,2.57544915556953,2.57544915556953,True,37.45217248742226,7.293116740591642,0.07373324277239889,0.0009578935900745433,0.0002881440179747832,-0.00268151194810612,-1,,0
59,0.30567593764089745,0.11984262288023027,0.11035555883923652,0.1734298775759364,0.05346675878299693,0.2372292442807024,36.6212227940079,23.87479218139348,4.847149082296955,4.847149082296955,True,62.70580843473709,7.331833555981172,0.12937984470788022,0.0023392124546084136,0.0002535383468707076,-0.0029282791678321507,-1,,0
60,0.1665192995260928,0.14160619666355523,0.0004772518805722723,0.456933924210305,0.16964034930341748,0.06482297841605726,44.17118426482891,29.29213747771601,4.3482333122222805,4.3482333122222805,True,74.0183292789834,7.4707588336802075,0.12038464094554355,0.0052258561771355485,0.0017563764894617487,-0.0014609983345050608,-1,,0
61,0.4105149129049023,0.18881483325638598,0.060579709903073174,0.1029750890863514,0.17043839691240345,0.06667705793688365,34.73316661676321,29.628279774180836,3.99935425421962,3.99935425421962,True,50.60777080173931,7.299272118170195,0.07578202550089277,0.0014883624816994076,0.00016565048361129913,-0.0035267821394429043,-1,,0
62,0.3091166549763559,0.12333341135018565,0.4215269777449014,0.028201044102984765,0.01849231805999561,0.09932959376557661,43.75652909949966,32.86912209504301,3.9275491161388136,3.9275491161388136,True,50.73362822036114,7.349114523635653,0.04712055629414001,0.0026060078239489278,0.00018616355941797035,-0.0040266669790490145,-1,,0
63,0.22938988596931803,0.015043323301889905,0.13275057161005424,0.3682341557488164,0.03921888274171493,0.21536318062820664,34.469788021139074,20.679026523675745,5.67440843425218,5.67440843425218,True,79.12489273012378,7.3323594644796,0.2454819950597987,0.0022543030642424968,0.0005706596504477756,-0.0023559866186264747,-1,,0
64,0.05008038292660825,0.029429439743490875,0.7428113730924525,0.11863676454113123,0.021117600867460184,0.037924438828856905,31.631379946851045,30.82689609886151,5.138218300990787,5.138218300990787,True,64.80646456755697,7.1455652153854095,0.05424200252777346,0.00047629208347155347,-3.271369548625375e-05,-0.006637490077316241,-1,,0
65,0.05830167676217667,0.15030285175908986,0.2206018112868703,0.29229814693047207,0.27179824030155914,0.006697272959832114,41.525838483887156,45.84643087359067,3.198662282194417,3.198662282194417,True,55.749606766607634,7.426114464568536,0.05413803736409418,0.002747259477726709,0.0006423639070442888,-0.0020621771746511582,-1,,0
66,0.15623405739091129,0.06208921951966613,0.13538637946906018,0.40300136961726246,0.14180374778671717,0.10148522621638276,27.804981779972216,32.16144574156198,3.973944057099698,3.973944057099698,True,62.94754551712038,7.305243970330683,0.18568795286292722,0.0011856595974293524,0.0007309012386700341,-0.0022945175009499307,-1,,0
67,0.0835357993381616,0.07470225139816818,0.5302090650219442,0.14734533802720243,0.10449029398802383,0.05971725222649987,27.171514822708872,36.889603721592465,4.032189061329923,4.032189061329923,True,54.9909419364379,7.189587781685061,0.06656824074672145,0.0005050338133625447,-0.00010661866100599446,-0.004756110243912481,-1,,0
68,0.19926700572695985,0.16875635580005868,0.07563659032925793,0.027918928371939183,0.07045575888895933,0.45796536088282497,30.624675676780164,36.376905387676075,3.138383579720479,3.138383579720479,True,43.55959443155495,7.327989521934125,0.17512502077304767,0.0017615820797773183,0.001408982064007391,-0.002464263959069933,-1,,0
69,0.42964937410238396,0.05758974810155677,0.10142755997324175,0.22511333657265975,0.04119478608310017,0.1450251951670577,39.53989228573765,40.74589967670628,2.730752063443968,2.730752063443968,True,43.31229973455855,7.428686893776245,0.09704461391944773,0.0034503209767695756,0.0012582378512582216,-0.001730479852407385,-1,,0
70,0.15743963458316915,0.1723131443143949,0.37462537571064847,0.14591938130662024,0.1383265682268029,0.01137589585836418,27.154818919117933,46.640473805504314,3.094210062383971,3.094210062383971,True,45.32909700869162,7.230372420404628,0.05670099820544112,0.0005320557762164951,2.248769552792245e-05,-0.0037753028123244524,-1,,0
71,0.5084825040910895,0.2673755165048898,0.05877272742456621,0.0315534013110699,0.007020496284012568,0.12679535438437203,36.09704938782967,24.83689135449755,4.527374493140117,4.527374493140117,True,49.763302671761075,7.276180845434513,0.07669987574771014,0.001582056427058145,7.128456187271288e-05,-0.004019878198660864,-1,,0
72,0.2638189118001525,0.09953166033462792,0.21824042662203724,0.07803789327693683,0.2569890244134855,0.08338208355276008,41.59579486264826,42.330058882572075,3.0324701957020466,3.0324701957020466,True,45.213528200553085,7.399463612984441,0.053257735285899284,0.0027591016909735244,0.0004902686525884713,-0.002702171330117529,-1,,0
73,0.32897484958706624,0.2807345938208685,0.15412486956781682,0.04429351744856134,0.03282680731578019,0.15904536225990681,31.342777856454305,48.1159758027898,2.552249597601525,2.552249597601525,True,36.28598229007881,7.305594671407219,0.06509693463179912,0.001234914145478422,0.0003332697569354184,-0.0028232352177243645,-1,,0
74,0.0568382435581389,0.6430886428457125,0.057261080088187664,0.08625621462272551,0.10434418402500371,0.05221163486023176,30.818356762802374,30.602285169268583,5.108971564837079,5.108971564837079,True,61.85439285192256,7.144198691211913,0.056470251034827834,0.0004670391084531435,-1.5975697487413118e-05,-0.0065650591622938795,-1,,0
75,0.06491785657361818,0.15623583166984498,0.09884554594382593,0.44638916694270553,0.15480099279006768,0.0788106060799378,30.119301811352056,47.44174280195853,2.8708776791789394,2.8708776791789394,True,53.229264556955734,7.363538361776611,0.12546147133594138,0.0015042750634517317,0.001480709616792762,-0.0014544774486282615,-1,,0
76,0.27842174525328095,0.1136556964712921,0.16489234910520054,0.23447807945405383,0.015882562085897885,0.19266956763027476,33.70194120006076,49.69502256223348,2.398874692166245,2.398874692166245,True,40.220176654196415,7.383925497663997,0.10292333979657636,0.0021289315647091685,0.001261569587534751,-0.0016388796759613175,-1,,0
77,0.35603166233000066,0.008899616335057495,0.3965101152475333,0.14192042782034636,0.0005525272291216285,0.09608565103794056,42.83354532509828,39.94432077827797,3.056999493597548,3.056999493597548,True,45.56688897238272,7.410699876365811,0.0593779274451059,0.0033651160451676106,0.0005078140891983317,-0.002553445673358859,-1,,0
78,0.12371158029257905,0.06585545668589052,0.5687745881425067,0.10017759792776207,0.11602149400969651,0.02545928294156527,42.815849817570495,45.73786558791453,3.260132832832824,3.260132832832824,True,49.66297194601178,7.3707332306728475,0.037338272171792156,0.0019946404890940905,0.0002653273263857908,-0.003543488228908148,-1,,0
79,0.15500320027461947,0.03353534998280064,0.24839602329105498,0.03905969400101598,0.3315559092115711,0.1924498232389378,35.37716720772898,22.63716207323172,5.741603235486064,5.741603235486064,True,66.77579204968008,7.246086538584638,0.08515034335350907,0.0014177911403184783,-6.233023895225803e-05,-0.004518539570653278,-1,,0
80,0.03489483248570238,1.0096057608457445e-05,0.12504317438707283,0.797795263908192,0.030705626760554793,0.011551006400869628,40.44024864221976,36.466450526710446,3.6729137720819747,3.6729137720819747,True,77.64768013535779,7.495495133781102,0.24867129297756962,0.005028469689426491,0.008027443199733543,-0.0005319594171231774,-1,,0
81,0.15936010440552675,0.32042062259119464,0.2114877118737778,0.027387544298031325,0.13245108005763925,0.14889293677383023,39.935792226980524,20.498420636914588,6.700532939214271,6.700532939214271,True,72.063760439256,7.212600747535066,0.06050730858124996,0.0014760181575817876,-4.8496468721135274e-05,-0.0057274622546495185,-1,,0
82,0.19867299868622001,0.07999964733938549,0.26242138460653686,0.34215979883782854,0.02439547647306422,0.09235069405696482,43.736263010675586,19.63882300022739,6.558828852987793,6.558828852987793,True,89.68668492492745,7.372685405542601,0.09506559239578725,0.0037083729725270282,0.00018817066949143786,-0.002753532910216901,-1,,0
83,0.20024637615543686,0.2298295955827085,0.03147223679671152,0.022137882946948708,0.282022361217912,0.23429154730028234,27.45515864822972,43.24450688499625,2.885934251084413,2.885934251084413,True,40.386421277185654,7.281773633845906,0.09348296179244449,0.0009666700308303699,0.0003388476181028231,-0.00289560464506674,-1,,0
84,0.3674728761227727,0.024263005092656328,0.013649505193437467,0.3801433035470581,0.17760210854095723,0.03686920150311836,28.065686332489882,17.17073232630956,6.734340422255586,6.734340422255586,True,81.14397969325212,7.237868641907108,0.2649859067016977,0.0009820028686453662,-0.0013059635939209186,-0.002890344418263582,-1,,0
85,0.2942841656504129,0.20267963383030677,0.14006029031579265,0.253463792144705,0.09198140075932765,0.01753071729945498,36.98765583041687,44.98248163349858,2.838256986167684,2.838256986167684,True,45.89805109826578,7.379381469309862,0.06445332999690111,0.0020696003688180815,0.0005495989872030767,-0.0022183518661722332,-1,,0
86,0.11753004356948307,0.20858809083795496,0.04317396194495999,0.3926493799885926,0.027880962501693692,0.21017756115731562,28.928693314291465,22.41294691600379,5.620252338638712,5.620252338638712,True,78.6579240079442,7.272563758093178,0.28968381884128547,0.0013211560103568573,-0.0004682660088808057,-0.002723810004398643,-1,,0
87,0.34454719920444005,0.02391177921197652,0.12687952063577113,0.11921459360075763,0.05037520109670934,0.3350717062503452,40.548096764823555,48.873057042438695,2.233722094430139,2.233722094430139,True,36.594125258990054,7.458996630590074,0.11205923979728503,0.004386205003803901,0.0022091363992762505,-0.001366003555435729,-1,,0
88,0.42176985388868654,0.0027693427784097942,0.1929501967770415,0.18597724787553802,0.19317213797890595,0.003361220701418344,25.278725754164032,19.18624119995421,6.186397975933958,6.186397975933958,True,63.567513424470995,7.155284037967999,0.1527778799961838,0.000523418398722435,-0.000437905449119979,-0.004415796653570914,-1,,0
89,0.36208119133935307,0.1101249244872558,0.08049509562010658,0.2963112308342116,0.002776951539475187,0.1482106061795977,27.636444355730422,37.1063469445143,3.0821878364679414,3.0821878364679414,True,46.900029421428734,7.314553256895395,0.16421593289999756,0.0012296808685102925,0.0007690908638782937,-0.0021563000418491156,-1,,0
90,0.09078859172563244,0.5598332399104158,0.22161952791132628,0.017561847601882542,0.006344097783039442,0.10385269506770345,27.436650092570623,30.25319726482532,5.03687589962411,5.03687589962411,True,55.36081952579956,7.085876891708279,0.06381938500758075,0.000329102609635812,-2.9090218980876727e-05,-0.007375776234449511,-1,,0
91,0.13887204451477966,0.4062969121589512,0.2902019498075894,0.09702557727636901,0.04842881282930365,0.0191747034130071,38.88524871285773,33.2446643688361,4.51593704199581,4.51593704199581,True,59.45280572133515,7.257202718826702,0.04265570946163246,0.0011067333477819859,9.651477931831068e-05,-0.005307469339738936,-1,,0
92,0.31000283919478966,0.16651002202152249,0.018193491145051133,0.05206693704242088,0.11448025420802098,0.3387464563881948,28.995513033201153,42.16498104729051,2.658266351637676,2.658266351637676,True,38.06280102630136,7.326972677106069,0.13963058758097535,0.0014540378963118165,0.001120975720476517,-0.0022471844752707123,-1,,0
93,0.2916225156144534,0.15668312496377948,0.09632588861134307,0.14457999016401896,0.11773146932635938,0.1930570113200457,39.30814259231603,39.55936015662167,3.014051790286507,3.014051790286507,True,45.993570738384065,7.405070975839891,0.08572633127694036,0.0030786152462625614,0.0009216172685545916,-0.0021505449475782714,-1,,0
94,0.18315098967313734,0.2591090136165224,0.048778506017831964,0.3878670362293883,0.009320200739677115,0.11177425372344287,43.55125102013015,25.903127752997626,4.931415984568365,4.931415984568365,True,76.46016605866605,7.425712481551769,0.10751087941613174,0.00444304242223575,0.0008863418024256735,-0.0020725142368725946,-1,,0
95,0.13566625986371,0.07662113067166579,0.3299916307101159,0.3658414074522511,0.049440483057583424,0.04243908824467372,31.018973835618795,29.543361814061335,4.641353806987271,4.641353806987271,True,69.33338264397105,7.282159739783769,0.10563582760147242,0.0011809649513635308,4.648536776038567e-05,-0.003125385675458668,-1,,0
96,0.2184326455506921,0.029353741023478583,0.19121451619769622,0.3530755461742151,0.0627198045673479,0.14520374648657014,38.25728425527165,48.2249302818788,2.541767583061428,2.541767583061428,True,46.1355281636588,7.440946782656375,0.10817035671655571,0.003329875006053181,0.00187491825980612,-0.0012155604804331623,-1,,0
97,0.24785312722987077,0.17394001583150495,0.08710865237322613,0.35263370292083274,0.04758388145721343,0.09088062018735212,30.7289245376411,46.992337172481086,2.6422498482083516,2.6422498482083516,True,45.50664155164462,7.3576301948946465,0.11172186264644593,0.001558464965196401,0.0010431068807854973,-0.0016834409347113678,-1,,0
98,0.5146224190050404,0.10660135455294367,0.01540365391652128,0.08564964949243328,0.12296980678992676,0.1547531162431347,25.497189827725126,32.20792169307299,3.3447047548157895,3.3447047548157895,True,40.93962552784058,7.2565814132977815,0.13491333165940794,0.0008416443861441559,7.007098753709933e-05,-0.003103375085392524,-1,,0
99,0.3983321717448103,0.01797438043626591,0.31831419915887815,0.031024604767744903,0.13748526466983826,0.09686937922246258,27.806791941278252,26.76457277265215,4.480229827454578,4.480229827454578,True,48.6435595677705,7.189172543063973,0.08975583498938937,0.0006691562378492649,-7.749965693776001e-05,-0.00467742180231991,-1,,0
100,0.05571672744308462,0.13280783030368448,0.11472231591861347,0.27941795143875553,0.1967420175740062,0.22059315732185572,44.324638242863635,33.84170212937491,3.8782775968733807,3.8782775968733807,True,64.34999436333582,7.462282168110361,0.10681362971483396,0.005237336850590103,0.001611407914259854,-0.0017258367922211955,-1,,0
101,0.6396636675359597,0.004480161981229161,0.18126006613684148,0.005678468040028913,0.11411070760546421,0.05480692870047653,43.660464432004225,42.17443662451883,2.5362251990102633,2.5362251990102633,True,34.38388516872952,7.426006780355446,0.05376667857285259,0.003612577260507444,0.0005743311329130817,-0.002528842518896839,-1,,0
102,0.31723323643583123,0.18333051478056842,0.20893734327920854,0.18484554262977543,0.005614266970838323,0.10003909590377802,34.34763203110583,41.39053797008749,2.9893279618456745,2.9893279618456745,True,44.8439542416762,7.339029900612791,0.07393852094717168,0.0016933592792286142,0.00042042124507572515,-0.002609439937099808,-1,,0
103,0.42745866177605174,0.20505557000866748,0.019675975329545334,0.2677236961106126,0.000623053672687515,0.07946304310243549,25.356735679539753,14.365759870629397,7.976351938324359,7.976351938324359,True,75.69194944346029,7.143502700840314,0.28225627572449136,0.0005947829536874411,-0.001501010544202768,-0.0036120185502053173,-1,,0
104,0.14492298056584235,0.4856641175731644,0.16410451150025193,0.019579569276517685,0.1820636402784708,0.0036651808057527615,41.58857229765473,41.872683533006466,3.6133560498160393,3.6133560498160393,True,49.707504232355525,7.315339211988649,0.03438228523542195,0.001294888160914559,0.00019589980226273045,-0.004682503363948267,-1,,0
105,0.01182164002478414,0.10476797499072148,0.18333913600229806,0.3033551339118273,0.08296811580518035,0.3137479992651888,29.652814839328673,31.23078362396214,4.1487116614908,4.1487116614908,True,64.37778542199632,7.314643254873791,0.24201176051431822,0.0015883791698933789,0.0015970583454427768,-0.00237356524766464,-1,,0
106,0.30760187636545727,0.07408382547998484,0.008823960982695295,0.27443061158359067,0.11484797330178344,0.22021175228648837,37.120316414000214,44.70955815104045,2.529052541809376,2.529052541809376,True,43.392260554987146,7.43506509748894,0.13666991578289076,0.0032890442159478387,0.0024696784920415047,-0.0013050417493615713,-1,,0
107,0.40671605077650763,0.07139688422627229,0.14813608161188777,0.15874748049769571,0.06789607067627042,0.14710743221136613,37.06214314677452,26.502862770947214,4.300826356095501,4.300826356095501,True,56.00166590124145,7.338086318450588,0.0997151355915361,0.002230072824155331,0.0002743792411259786,-0.00298143555439277,-1,,0
108,0.5106258611895709,0.004353520496402729,0.17024203776521576,0.14119082897494298,0.11432765622104249,0.059260095352825115,32.48368086814365,27.035283454940394,4.128697485981032,4.128697485981032,True,50.75882887569686,7.287489105257516,0.09664603442298556,0.0013286090622219905,9.277695054378296e-05,-0.0033520155886083876,-1,,0
109,0.0942526097538803,0.09150535049139136,0.2944130195416245,0.35123221341765665,0.03275233767336083,0.1358444691220863,38.03862051159948,44.699625270092994,3.0112944919887736,3.0112944919887736,True,53.54068527435231,7.413780261910103,0.09244072424824495,0.002867859503288153,0.0012415584856346965,-0.00161890485527403,-1,,0
110,0.17581150565047562,0.03708939713216701,0.3133858170704601,0.44420209241238506,0.0019087239551602148,0.02760246377935211,34.07793764152599,19.913582518054326,6.654979054079846,6.654979054079846,True,91.64309558537627,7.283833681645228,0.1368458672616888,0.001581021168198749,-0.00018650880386541596,-0.003034155075478009,-1,,0
111,0.1115691029620621,0.179066517235222,0.02677839074365272,0.5208927524262121,0.14924153478904256,0.012451701843808612,29.733247259951625,39.84057120973786,3.3731901428489124,3.3731901428489124,True,61.027980271934794,7.353615156483002,0.14699648401846757,0.0014407931890883876,0.0014889996964830255,-0.001599226162464408,-1,,0
112,0.1686776447115459,0.17648640391711096,0.24994453142393513,0.17964730690782646,0.17110764431088124,0.054136468728700295,26.331177139103563,33.77734655025807,4.071359808858243,4.071359808858243,True,54.709306372015995,7.210416575810334,0.08522026299665712,0.0005965539787491595,-0.00014916252155493365,-0.004119018341605297,-1,,0
113,0.24654807531864656,0.19400182930499973,0.020658644773837963,0.22037321629198386,0.047181179984676316,0.27123705432585554,27.923464883853967,42.98656761825365,2.7181332440220944,2.7181332440220944,True,42.83991218300015,7.330613611202154,0.16975867347387263,0.0013792517872912259,0.0014649588277515797,-0.0019284350616466932,-1,,0
114,0.12536180948705036,0.061137692416353404,0.008128118579413462,0.32831291172833693,0.04346562705304451,0.4335938407358013,43.419409449749004,16.62126890941113,6.808892463342315,6.808892463342315,True,94.37541174538184,7.415685420991696,0.30850959728346755,0.00568894594192867,0.0022898541788187593,-0.001773091778198864,-1,,0
115,0.229486563686701,0.16165042264826054,0.09186763514923114,0.06007609061441868,0.06623891461101229,0.39068037329037636,30.694401646758713,16.144535807682345,7.129208142959269,7.129208142959269,True,69.9687150222218,7.198203514128037,0.21247391552243636,0.0011909819657302833,-0.0012260586719809047,-0.0038848866939717227,-1,,0
116,0.06570296386278665,0.2875141947116761,0.3357426956223275,0.10291803387327082,0.2024553735770157,0.0056667383529233235,26.067638652543508,33.64575264443885,4.643663525730232,4.643663525730232,True,57.873491058579,7.1237544522304175,0.06401685570675993,0.00028679452480114334,-7.991754904395146e-05,-0.006262178204110702,-1,,0
117,0.006638395233437119,0.2757201985266063,0.08097627426142222,0.4692864757935334,0.1618635570886677,0.005515099096333385,38.61429053599013,25.74521827328113,5.739016833312834,5.739016833312834,True,91.95267862966011,7.361504587578806,0.0980115782884071,0.002447417825594183,0.0006331042792093308,-0.0025167732294019115,-1,,0
118,0.3838627495913422,0.10261036464535463,0.08013155558537731,0.25887547043161535,0.002547264696463504,0.17197259504984713,31.359821939040987,30.181049480889204,3.7286319645226484,3.7286319645226484,True,52.894930050546236,7.325985559195536,0.15692112287322657,0.0016426543580849737,0.0006075395480357319,-0.0024452979581274428,-1,,0
119,0.18764983206081756,0.3757065870892839,0.1465671037725698,0.08421253070234264,0.05613903540633784,0.14972491096864834,42.500098844692175,44.04526507288824,3.0432512918329064,3.0432512918329064,True,45.63812206292243,7.398155045886963,0.052015413166862805,0.0029872255776689336,0.0004676801479188724,-0.002801269617793871,-1,,0
120,0.6008382982209505,0.09870939911484183,0.13825588236646838,0.019718346227397533,0.1343052048559941,0.008172869214347778,29.73489742208792,19.975503033288472,5.569253380726509,5.569253380726509,True,50.62545436509106,7.1698942074957275,0.0945903560128486,0.0006713212998556387,0.00011840416445704712,-0.004875565385273165,-1,,0
121,0.27844826716321425,0.3024327987953047,0.003100528411584902,0.17530424910291784,0.12715270454331234,0.11356145198366607,36.42465303485545,26.650497028127692,4.667857841601398,4.667857841601398,True,61.3113220197402,7.312359350205441,0.08685780944640517,0.0018536202953161392,0.0001436672096204173,-0.00339263863310324,-1,,0
122,0.13683519077316614,0.09957054192048966,0.06449918869149325,0.4436554681207834,0.22527983404105784,0.030159776453009667,25.98508239855188,24.944565538382864,5.287262330022313,5.287262330022313,True,77.06625807388102,7.254503606970518,0.21145598982630023,0.0008701913425006679,-0.000359595229370413,-0.002866173856618553,-1,,0
123,0.28717386197307665,0.1494326197905886,0.231548552276097,0.12598856299465375,0.03778655917181984,0.16806984379376408,41.871499031955054,46.106125757104685,2.6656267006206305,2.6656267006206305,True,41.72344570686705,7.425394927872954,0.06549634508774929,0.003515423598934561,0.0007855414071932104,-0.002114226460710581,-1,,0
124,0.04064319503563448,0.1254494962675493,0.0031149106934195087,0.5956133390892555,0.020698189500983313,0.21448086941315794,44.59141361173185,42.08103521094374,2.9888854744570144,2.9888854744570144,True,61.11895934899055,7.533755278564989,0.21325015997329833,0.007460443106113464,0.006980657941203149,-0.000501746436730782,-1,,0
125,0.2644041878391999,0.1035884018437902,0.09208136272844135,0.2297710210585706,0.05322134480085417,0.25693368172914366,40.58955081542658,35.69933103982191,3.2492541394745342,3.2492541394745342,True,51.59075836029326,7.434427469017289,0.12427270898539397,0.004073878577058727,0.0017163634216263584,-0.0017425242879683838,-1,,0
126,0.31885359225995796,0.11362938476169807,0.1174331830128523,0.33784769433723244,0.03420276384567999,0.0780333817825794,40.57992709156258,15.382088336525882,7.803496472662195,7.803496472662195,True,94.35180504199036,7.322962036927549,0.12196820560458609,0.002696290024668475,-0.0001692312204031508,-0.0027379070577131493,-1,,0
127,0.22832154333197582,0.3999773620733685,0.13045338791495928,0.008525994519255656,0.001214544571747245,0.23150716758869347,35.721360718952745,30.56891480761658,4.185361698437898,4.185361698437898,True,51.04815187111204,7.272032177245529,0.06886945042932961,0.0015443198870835758,8.280922532861418e-05,-0.004231324474615209,-1,,0
128,0.1026661549874859,0.4119416076768692,0.05815445389408585,0.04704048219906048,0.16336690510704482,0.21683039613545368,42.15144288245115,28.511974623740635,4.778043598505494,4.778043598505494,True,62.37449138851376,7.336157955854369,0.0624543322348054,0.002703187130155937,0.00019480582365454622,-0.00393418419493297,-1,,0
129,0.13851183512207726,0.10922763326680777,0.2608137854631371,0.19055272410586613,0.22817999258232396,0.07271402945978794,32.701789922007066,35.5825308494844,3.861028477887213,3.861028477887213,True,56.611500271910295,7.294672250570644,0.07289557149404347,0.0012131665204228649,0.0001987746335535765,-0.0033338507553435292,-1,,0
130,0.3013677726327219,0.10745558964018252,0.07630059811907285,0.22913192725814646,0.2159494557502266,0.0697946565996496,30.329266350016923,15.590736438158274,7.839491612760655,7.839491612760655,True,82.00900598640426,7.187600876823769,0.15864405859900715,0.0008894040049188676,-0.0005938676207505167,-0.003896419996790579,-1,,0
131,0.46406690669252154,0.061611798896513005,0.006982054738051836,0.41922057167401666,0.04354160676604923,0.004577061232847712,34.557545480474914,26.6755747437954,4.189007280311757,4.189007280311757,True,62.682717835919505,7.364186013850692,0.1510434440668352,0.0021271794131708967,0.0007535418102681974,-0.0020781423008589045,-1,,0
132,0.0506817283307785,0.040638987943320985,0.5175147421388951,0.1669102207677247,0.16250602011256715,0.06174830070671353,29.651398810577476,24.700472404605122,6.07794245602266,6.07794245602266,True,73.42689058266602,7.144612949602749,0.0784690102652334,0.000562074516034708,-0.00019409415607444063,-0.005947391186938211,-1,,0
133,0.20863998611512746,0.025016517799169316,0.16929654223071738,0.47977699384701916,0.04998682240380942,0.06728313760415741,32.32784899652495,23.09982257650182,5.405436610142484,5.405436610142484,True,81.00608388486783,7.321938555064061,0.2049541584586989,0.0017398297094822724,0.0005209336573669653,-0.0023305662453618394,-1,,0
134,0.12316814131077189,0.12434198554863338,0.41555431353578665,0.19844477394393897,9.541976069582776e-05,0.13839536590017332,32.589281594538576,37.429733818237814,3.682403993671382,3.682403993671382,True,54.532282849878584,7.291047732715531,0.07543144563573356,0.001280885773905232,0.0001616440988388544,-0.0032988324429523127,-1,,0
135,0.04826957480583447,0.02139686722182953,0.06052179704016468,0.45968939630984584,0.4095652597128437,0.0005571049094818716,30.937529491425707,47.95431706861362,2.887713982183144,2.887713982183144,True,55.08945011863257,7.382475570515992,0.11139071363075796,0.0015391342460892154,0.0015588612508858274,-0.001285683560916984,-1,,0
136,0.4425647097881127,0.06997736214305195,0.1013539498193449,0.1708037774815137,0.024494538897270858,0.19080566187070602,43.32696039076356,29.236417132003144,3.7478544322823395,3.7478544322823395,True,52.72721932230274,7.427715210402049,0.09727661619346872,0.004401659722485042,0.0007786685788664682,-0.002246621527783259,-1,,0
137,0.3150513346392127,0.27588309162837876,0.01214729404035108,0.14546869082918903,0.1809813895373918,0.07046819932547645,31.567224100093775,31.417391593200126,3.956443543341618,3.956443543341618,True,52.09173134055501,7.276498360188059,0.08301967538535071,0.0011360045042299624,0.00010087228546407639,-0.003525367449738239,-1,,0
138,0.28010704878604853,0.2699987144130283,0.15827083585393348,0.2343170155126615,0.013534962453174348,0.0437714229811539,41.97120977547249,36.10349362240408,3.5754273310519125,3.5754273310519125,True,54.1577463262329,7.395433423549067,0.06131184126111461,0.0029685806309495246,0.00042106341222089,-0.0026783059394442053,-1,,0
139,0.24532579902590773,0.04345507165890637,0.1998756743374887,0.3832438776527845,0.029071480157141068,0.09902809716777157,41.08783655894155,31.308891042629607,3.931477350855219,3.931477350855219,True,64.11957493671399,7.42724616126602,0.11189287270162442,0.0038225210365306237,0.0011988002786709022,-0.0018135990038017729,-1,,0
140,0.002254006297943679,0.37092672321185405,0.05596227134678985,0.3215482737874409,0.14461089493188165,0.10469783042408998,37.65835258535242,21.52622456729847,6.775652947768473,6.775652947768473,True,93.15625518930707,7.290285174430618,0.09475959900100582,0.0019359848035617614,3.825024784153802e-05,-0.0036284050789166244,-1,,0
141,0.08102183213704081,0.095934370907399,0.21567088559615408,0.5110856717953173,0.007021756890867936,0.08926548267322092,38.89596257636997,44.42876273303576,3.0224376817605627,3.0224376817605627,True,58.20160759730097,7.448323193216468,0.11875050952019098,0.0035203656818580857,0.0022118451755581015,-0.0010524176153868749,-1,,0
142,0.29228651399845523,0.030992306794598842,0.2522537410707266,0.14016668632335125,0.17472740010747173,0.10957335170539655,27.642056746030878,34.57518962167679,3.5744582668314537,3.5744582668314537,True,48.16953630953393,7.257040654171487,0.09794047482996437,0.0008693001416512165,2.897475130529972e-05,-0.0033490743424259063,-1,,0
143,0.0889492672042036,0.18508269785059644,0.13926846212070457,0.5566397616670041,0.005550228941084109,0.024509582216407057,26.901914964598692,39.02862513085708,3.513076687368871,3.513076687368871,True,62.82497378048429,7.318567254927339,0.16849732669805886,0.001102030465904112,0.0010898203797736691,-0.0017952013088781975,-1,,0
144,0.34199644672315327,0.07413989644170722,0.4771118148157365,0.08391196940618889,0.0052776296492126834,0.01756224296400133,26.689864376470403,47.43759290802504,2.7496800498832727,2.7496800498832727,True,37.66974007753428,7.225987733906341,0.05661003664511917,0.0005662824075993298,3.77660500293691e-05,-0.003689410459680119,-1,,0
145,0.06322031339976947,0.046184327017520996,0.053907059322028,0.6296653184173951,0.16959709012732577,0.03742589171596062,27.748158600756042,48.355209836363215,2.7434533885151673,2.7434533885151673,True,55.6281186846863,7.3760745893070965,0.22150794077732402,0.0014649914800096983,0.004151735108337708,-0.0009528177202418537,-1,,0
146,0.4817108013929638,0.3123820421153119,0.023050633319300434,0.03849202212496892,0.10080211031780079,0.043562390729654205,41.01768352170193,33.747280178654165,3.4838178079519064,3.4838178079519064,True,44.35885396298907,7.3538475998251105,0.053083623634093684,0.002345187198108598,0.00027381042161267623,-0.003474120545860782,-1,,0
147,0.23537710520570182,0.22568050613311263,0.06333606535583462,0.34243064088633907,0.05207262248071038,0.08110305993830147,40.65248209259094,41.804593559323436,3.0172293741845526,3.0172293741845526,True,51.72706383978931,7.4375013740947615,0.0864813328225017,0.0035300966355819694,0.0011507473743493852,-0.0016287590336697072,-1,,0
148,0.4584241703456323,0.16542342341913166,0.007081429030720747,0.25454930246686047,0.09573107116474351,0.018790603572911416,43.92054125634661,20.135334153567488,5.704915610631931,5.704915610631931,True,72.21391562361163,7.380327036653215,0.0829778002603425,0.00349707779010696,0.00011230851599403425,-0.0028384836221802476,-1,,0
149,0.47145361175062234,0.03150740294487851,0.1394462135841904,0.18882816369537758,0.008453691947761481,0.16031091607716977,36.299012229448834,32.89722056135399,3.3157339321914714,3.3157339321914714,True,47.236437795630366,7.372384352737998,0.11004672511982164,0.0024538289973149614,0.000781788800451991,-0.002312662760776879,-1,,0
150,0.09490968963047013,0.28244088300185216,0.258636672561776,0.2584887090470167,0.035148032421075975,0.07037601333780891,34.319703059624544,30.90527102052491,4.6484306694790805,4.6484306694790805,True,66.79512318919382,7.2786809323415245,0.0722379940497433,0.0012974919225575145,5.820225147104522e-05,-0.0037841924103051536,-1,,0
151,0.034497278899246045,0.06550629298210003,0.3416142914036379,0.37279771745234075,0.03208730106931991,0.15349711819335543,40.27846780013176,41.96978866048266,3.2931010973212005,3.2931010973212005,True,59.111222654469394,7.433085816465747,0.0958969088789615,0.003552012817547175,0.00143055166253703,-0.001564539950061711,-1,,0
152,0.05032472815278914,0.40229170792583946,0.007817541720904283,0.282199215571135,0.1852120141711263,0.07215479245820579,34.843064311508584,33.983737660904495,4.245091861979491,4.245091861979491,True,65.47630699903965,7.322018182023258,0.07732325043462544,0.001567653690272226,0.00033446636370074455,-0.0030341024983897473,-1,,0
153,0.3680815894059128,0.02451696162775519,0.07946057348657479,0.13853198831027888,0.005017642369844254,0.38439124479963416,43.62472471380204,14.789343540044912,7.1287868446562905,7.1287868446562905,True,79.60407888158132,7.36906289043707,0.16202373704773937,0.0043960287646261295,-0.00011870078431838462,-0.0023789106279821165,-1,,0
154,0.28827559426572547,0.04580763771002882,0.2290816945291096,0.023907128139433322,0.3871119209466618,0.025816024409041183,38.157265700810555,26.74433203161518,4.852737529353586,4.852737529353586,True,58.17730657949132,7.274616336299193,0.0557004985577435,0.0013994086944464292,0.00011610016420694384,-0.004636768038023133,-1,,0
155,0.4057436428686921,0.09235319221674589,0.18752799151269522,0.10000220696062766,0.014218865723826283,0.2001541007174127,40.486428322836865,36.8492565323437,3.075974485267914,3.075974485267914,True,43.99770140098112,7.401125828525825,0.08098569488918247,0.0032857193174117166,0.000735027334375831,-0.0023908305008285276,-1,,0
156,0.11409876838389978,0.20112190433026816,0.14006901321473716,0.3486112665609074,0.016278836271401118,0.17982021123878633,31.672755166564762,45.93466189446143,2.8300741104115734,2.8300741104115734,True,49.53273237805325,7.364750180584202,0.12650726436007678,0.0017928716093257979,0.0014091859790239286,-0.0016579351323711112,-1,,0
157,0.18696472000364597,0.3281954246187566,0.09858354313902314,0.0281990315168145,0.10585214477009526,0.2522051359516645,40.25064294141305,20.821397636407028,6.125123344248033,6.125123344248033,True,68.45483547681305,7.273460717944605,0.0769832201925087,0.0021914889454270337,-7.735188535566938e-05,-0.004451050411763434,-1,,0
158,0.14151226234992245,0.39669203085350385,0.02580114054373182,0.21713156030834557,0.0927716354985347,0.12609137044596158,32.28384035544108,22.577599208170515,5.972639084487316,5.972639084487316,True,73.69429014734082,7.228064400547739,0.10259738239257787,0.0011196178446402755,-0.0002589024266269827,-0.004257712562975473,-1,,0
159,0.29936825191117983,0.1805375794182537,0.04910207073086347,0.4025475335143344,0.0006403608925662743,0.0678042035328023,28.152232972499995,15.911334901687667,7.596917054899735,7.596917054899735,True,88.22812966186255,7.209479893852043,0.26053317002405174,0.0009223375707681919,-0.0017115142885010567,-0.0031008802852724128,-1,,0
160,0.21062737217602231,0.2983641800081835,0.20506142848346615,0.15286088788375352,0.11335548916979904,0.01973064227877554,43.72254926751488,27.51616148795013,5.031345478359565,5.031345478359565,True,66.63827223995881,7.335240101582081,0.04959529480750749,0.002364917916980225,0.00011643972017088349,-0.00419739411231028,-1,,0
161,0.10638663117096422,0.04254613170075621,0.4173082273031134,0.17435578666541102,0.18765494884091188,0.0717482743188434,32.666396455548195,39.18742834709512,3.6266835279195933,3.6266835279195933,True,54.24843998249579,7.289320671383425,0.06326480492851433,0.0011077457834996105,0.00017716807904102962,-0.0034354990995379537,-1,,0
162,0.19864979146756512,0.29858937116648204,0.0991036067420379,0.06768235904410773,0.3175774625310066,0.018397409048800523,36.059861305058,47.445599473538486,2.926612285171789,2.926612285171789,True,43.49110365101309,7.330087343344924,0.04446279836692118,0.001291780146140537,0.0002914491532824308,-0.0032124173381783356,-1,,0
163,0.09229355156339233,0.07980848544480951,0.009036846966333351,0.4045059783861632,0.2900554900656228,0.12429964757367885,40.60602987818784,29.174782564981612,4.425736859291645,4.425736859291645,True,74.36598971814242,7.436237071694009,0.1449778243195398,0.003994468397724487,0.0021397191305421765,-0.0016271862537705537,-1,,0
164,0.38321809637701587,0.0011012096640102165,0.021643349108636384,0.4652433624484233,0.061396365365905134,0.06739761703600926,32.52718946961652,49.46526179697288,2.269485911625414,2.269485911625414,True,42.37142626838319,7.413421714768204,0.15561396542487574,0.0022551268869043252,0.002720374605583703,-0.001001223201917275,-1,,0
165,0.6429161772941545,0.021828570952572228,0.19738513143596823,0.0054348648066395115,0.0013647101479648221,0.13107054536270069,39.35520472007287,48.04778640015365,2.174104106814682,2.174104106814682,True,30.424616590171038,7.403054659193403,0.0620564695757223,0.0028889929556515743,0.0007552657824848041,-0.0022140352909960225,-1,,0
166,0.11271830394848162,0.28991322732091,0.14523282410422536,0.24716727294084406,0.039527629896726126,0.16544074178881282,27.36957154434083,44.021347167631305,3.0518942969998704,3.0518942969998704,True,48.22800711767444,7.2894585943099335,0.10432417689780293,0.000987260907346614,0.00031628667382570393,-0.002536199560991775,-1,,0
167,0.4839917404170285,0.2174453374446195,0.021592455105509695,0.1988357315374734,0.04192111722497361,0.036213618270395286,37.74147767982415,14.876867133404502,7.686567294848415,7.686567294848415,True,77.89128398838821,7.253674300760303,0.10477238368392702,0.0016315761129247512,-0.00020572353907451714,-0.00351354053761071,-1,,0
168,0.2874835479550751,0.09546237196369288,0.019427057895183515,0.2096432209439691,0.10182187975581058,0.28616192148626884,36.765159999384416,37.443854604217954,3.0078481322313797,3.0078481322313797,True,47.62740812168916,7.411331957011127,0.15186948132868328,0.0031209540918292374,0.0022151869054692747,-0.0017102920938873792,-1,,0
169,0.03523884520820044,0.039898758525528086,0.0121545368342664,0.870300683212722,0.00843543651398688,0.033971739705296315,25.246053717772057,28.17271847366986,4.621449554932452,4.621449554932452,True,87.15692187175894,7.279787300690993,1.3687324940693588,0.0012110022694712685,0.02127064521708102,-0.0023326431463631804,-1,,0
170,0.519389009343577,0.2282339496059549,0.015394173698286537,0.05498463682170559,0.0071256953599642256,0.1748725351705118,41.50799022392643,21.814361013763595,4.98016555372082,4.98016555372082,True,55.82721693022772,7.339236720070616,0.0825293253633151,0.0028511504951452813,8.680371472096965e-05,-0.0034228063920614515,-1,,0
171,0.5743743729698315,0.07140069306826587,0.006878043764294317,0.12507388985019532,0.22125651345798067,0.0010164868894323327,34.170961635971025,27.692565082715728,3.9597586822300723,3.9597586822300723,True,48.81943462392168,7.308972265296992,0.08456511726898355,0.0014893257652315644,0.00020169156109163517,-0.0032506814859092096,-1,,0
172,0.045057806764852555,0.32942181086037714,0.20990726986835737,0.04047436503165024,0.3278025367007319,0.04733621077403083,31.038547828849833,46.73767582062217,3.3032484274761265,3.3032484274761265,True,47.49349179199881,7.244808955254508,0.044920757122624264,0.0005942199369337722,0.00012185255905278425,-0.004277466022208122,-1,,0
173,0.5260560316105578,0.1730628259351004,0.03835697600494977,0.07904244778769094,0.1807362126854001,0.0027455059763009998,40.62588070863032,14.423536439844419,7.93732172869394,7.93732172869394,True,72.85551648839848,7.240345769040323,0.07813049092802254,0.001632237172155466,-4.127802763619275e-05,-0.004064031563953724,-1,,0
174,0.1433987171628182,0.17146869570306977,0.011331949789254994,0.26637461656366446,0.02924994803196802,0.37817607274922455,44.940693156751465,45.16800097230981,2.5895071218537624,2.5895071218537624,True,46.30149898319198,7.51191558182941,0.14639955567620508,0.0070082337111625525,0.003654739771943787,-0.0009751217909110717,-1,,0
175,0.1073553451726065,0.3228797838692879,0.07551056067820687,0.07648066569777386,0.19372602323713323,0.22404762134499148,30.67816875728078,43.47586318643753,3.0705089354184896,3.0705089354184896,True,45.16500387244988,7.300873014695323,0.08037756884989632,0.001217631548613422,0.00036845841224203885,-0.00291982444009746,-1,,0
176,0.1708030874840595,0.034472733167037715,0.04572888477599034,0.5153353565265905,0.06862854700888389,0.1650313910374382,27.128390637427657,49.964189218969544,2.4060617160346864,2.4060617160346864,True,46.48394586642035,7.370071051094578,0.27465591421608637,0.001520410405017578,0.00525594625078587,-0.0010922498995641712,-1,,0
177,0.012369403060851858,0.33537890252633223,0.05182538331410495,0.41948582174932586,0.16558231867282247,0.01535817067656267,38.313694722130734,36.00500062235188,4.1190895949718955,4.1190895949718955,True,70.98921588677787,7.388284886386896,0.0787694060202928,0.0023797251040080752,0.0007685212817207046,-0.002151625413231445,-1,,0
178,0.32844431488865233,0.19448805212095369,0.2918893108759268,0.0157418918557673,0.07072011005731807,0.09871632020138196,26.808814539682654,45.88133595586501,2.7691635920148707,2.7691635920148707,True,36.52726528499124,7.232437321779069,0.06182349439863998,0.0006480353111608996,7.178165610252852e-05,-0.0036372958373450093,-1,,0
179,0.11481302279179453,0.22804932477811818,0.1080489663551071,0.4949980030788485,0.0015769937517640443,0.052513689244367744,25.579990064089387,19.63312232164588,6.863598483795194,6.863598483795194,True,91.52552759505944,7.206132561587872,0.2650765562198123,0.0007732424381332136,-0.0018967654327884866,-0.0032280712991297326,-1,,0
180,0.31147295576449957,0.15758974179358978,0.17090954452227455,0.11004937288449812,0.013170800708068468,0.2368075843270694,27.8604375033327,41.070717627688744,2.8642613453202825,2.8642613453202825,True,40.531325511999896,7.2919212248221354,0.11266751220429279,0.001118266481886374,0.0003851258748009171,-0.002643446910070603,-1,,0
181,0.02692314567079732,0.2621814900136426,0.04654526184588846,0.4709436437510691,0.0066078857925828665,0.18679857292601967,28.964084544257958,46.42552908523541,2.874931284845338,2.874931284845338,True,53.6512822483833,7.360199163695545,0.19409902467258008,0.0015885672680049873,0.0028115295253028976,-0.0013574844362170741,-1,,0
182,0.2887898362966403,0.04927548634013566,0.5727732648530961,0.028878839884487077,0.034665607857320445,0.025616964768320385,37.11850355295455,42.05927243437661,3.236238480608396,3.236238480608396,True,43.6984794472317,7.2880301761092605,0.04126449995510064,0.0011887390487293036,0.0001795714249081328,-0.004223480119584004,-1,,0
183,0.20763072697488094,0.5398463815727846,0.027994268441859902,0.14237163404718117,0.0049192612570047815,0.07723772770628863,29.77105641254777,43.976353716922915,3.112963758670225,3.112963758670225,True,44.56869116798886,7.261570846388241,0.06126866423540607,0.0008444471325429426,9.54000221717121e-05,-0.003495619246297368,-1,,0
184,0.19548468298233992,0.3287302723989843,0.13321607325683876,0.08668029387254537,0.013189881720570168,0.24269879576872158,26.144638803065206,42.03855414566705,3.025459553528201,3.025459553528201,True,42.028697280993946,7.254267041547466,0.09927756651249604,0.0008404581656401491,6.856539410763508e-05,-0.003125433280223361,-1,,0
185,0.41624474893577007,0.2689388692850208,0.08079540915231992,0.19001580715120617,0.0179585105440033,0.026046654931679777,43.55590860344561,40.88433596417522,2.9464898594484854,2.9464898594484854,True,44.577915704577535,7.4277902176708,0.057349504284212816,0.003552065756923579,0.000535925108523108,-0.002365792136192134,-1,,0
186,0.1304310391367385,0.05274213798490444,0.15218334373181283,0.4583421770349967,0.007836180418333533,0.19846512169321398,38.96241567957274,43.51920874621533,2.8461609707346236,2.8461609707346236,True,53.91654699618124,7.459631271023316,0.16381347146082384,0.004077714556979895,0.003662516637553192,-0.0009678799183573856,-1,,0
187,0.36231931106529447,0.08250002756163685,0.04451398668549322,0.26800320930834765,0.21695965224453814,0.025703813134689578,25.80302599094133,18.071284428762215,6.594941739427959,6.594941739427959,True,72.3155243802623,7.182145377818046,0.19673300267028873,0.0006458910397083421,-0.0009241828860688861,-0.0038024486223851126,-1,,0
188,0.16917325135163253,0.15942905749926786,0.2771503064844715,0.1924567258226283,0.002754616219866428,0.19903604262213348,27.498473586112862,30.181239607719462,4.278126821526299,4.278126821526299,True,56.90785588049681,7.237425994554701,0.12478687643134588,0.0009072803647392587,-0.0002833639091580251,-0.003611097619799933,-1,,0
189,0.644908879319228,0.14968839529133735,0.09561276093840931,0.041031467320882815,0.002967185256423241,0.06579131187371925,39.90376256657689,35.20047378305595,3.032723101813338,3.032723101813338,True,38.628668083193084,7.369397879446332,0.06188537582755267,0.002555921568669937,0.000408754394551399,-0.0029536813356367897,-1,,0
190,0.759871636043203,0.012152921449331257,0.11201554222807328,0.04806096679831936,0.04211785332540042,0.025781080155672726,42.0226219952387,16.208519697643634,6.256577764558924,6.256577764558924,True,58.47402595766899,7.304578204379428,0.07816071225099838,0.0023139008500902714,-4.034013439405701e-06,-0.0035362891175069583,-1,,0
191,0.06902450653622226,0.0236523840827191,0.32305674910139565,0.4249419258680204,0.017139815394261803,0.14218461901738086,39.69242183870323,17.721659634756165,7.567303699648424,7.567303699648424,True,105.28366372156269,7.335180005866198,0.1453323748359521,0.0029291394104552656,0.00018498169442942187,-0.0026072769213158938,-1,,0
192,0.14396587360570529,0.22661380184087937,0.20482747932052514,0.19383889163816523,0.08217210558598735,0.14858184800873772,30.415175026356003,38.396187891252154,3.482526824635179,3.482526824635179,True,51.6418895003424,7.29001112000232,0.08797366539419872,0.0011577373848375907,0.00021746404298526422,-0.0030302818092296795,-1,,0
193,0.09927703580949403,0.023237622377735506,0.06287063711774347,0.267518562322775,0.3542249361042985,0.19287120626795357,44.604095697973634,34.46174423908278,3.6838670469281323,3.6838670469281323,True,61.73226469902935,7.479389876474804,0.10991081669168884,0.005505543414638681,0.001858424809290231,-0.0015501833262535343,-1,,0
194,0.22983814476751158,0.04156098674822078,0.19833077860310358,0.5001716035677674,0.0011402874383348572,0.02895819887506199,26.090006299825912,34.652358797101314,3.6330615590659647,3.6330615590659647,True,60.0553289113654,7.301614158793773,0.1926827362421692,0.001026573112697704,0.0006152763954795362,-0.0020486841916400084,-1,,0
195,0.11161114874035617,0.15967615490128512,0.29407242255692906,0.2828124351306221,0.10088066934561782,0.050947169325189647,25.84701103160334,45.36582845467269,3.109368133406331,3.109368133406331,True,49.63976754590632,7.262825718364878,0.08419059708640542,0.0006931530518058334,6.34069645764551e-05,-0.0028352594145156663,-1,,0
196,0.18944164606559552,0.059321801593914446,0.1311071398287819,0.3578170651781771,0.11533162383779856,0.14698072349573266,39.19156570201241,16.92511385690013,7.315333364596877,7.315333364596877,True,95.90078084450981,7.335132977501111,0.1547385848444212,0.002808170317653067,4.503119714146188e-05,-0.0025725537652784313,-1,,0
197,0.14313186439197406,0.2021055805084234,0.02029486312610437,0.37835990813808457,0.1703382628694844,0.08576952096592916,26.83442011648396,17.341329155212758,7.526880028279803,7.526880028279803,True,90.86263976287937,7.191589274717524,0.2405581588018405,0.0007928622314749844,-0.0016143015804088018,-0.0035316061955710525,-1,,0
198,0.08424146256346193,0.2888873750655281,0.01260926768510006,0.38475201983923196,0.16315067631701868,0.06635919852965906,44.60054359108385,28.342425698339593,4.853487301308321,4.853487301308321,True,78.34832650253338,7.439453852521973,0.08847752453965226,0.004517803949403878,0.000911903622821088,-0.002077499338053664,-1,,0
199,0.25749108155950196,0.20706651189077901,0.19675212370373607,0.3060152456891376,0.006064433204071877,0.026610603952773638,40.68161896682816,35.456333684311076,3.6667792525726726,3.6667792525726726,True,57.62724896914709,7.393962103288271,0.06912740725565865,0.0028281554615142666,0.0004931663220636998,-0.0024486146629136376,-1,,0
200,0.24744311389592247,0.2608878317098648,0.00500654317708218,0.051489809076936746,0.1360785726981142,0.29909412944207975,43.9204890711619,22.053705300588717,5.372420182864273,5.372420182864273,True,65.36684233241782,7.369351065550894,0.09093171198791092,0.00393736365234508,0.00019957195699787963,-0.003215205001636947,-1,,0
201,0.4797356669872265,0.009231503161025407,0.06860355348840974,0.30660707350421823,0.11187161918908729,0.023950583670032735,36.56034431615085,37.991037783562646,2.9351564730974076,2.9351564730974076,True,46.65603272289571,7.400933999572488,0.10021498886622389,0.0025228097753917465,0.001006482390949603,-0.0018217595425753593,-1,,0
202,0.1337058806896463,0.47033198683819144,0.024262668410507657,0.2106683195920813,0.005649902265872063,0.15538124220370114,37.984663104906176,47.62377638782074,2.8406964620165063,2.8406964620165063,True,46.57159786048745,7.387284259603282,0.06777009272249473,0.0024232028424720233,0.0006893681136873271,-0.0021744625177269414,-1,,0
203,0.23042240805824038,0.16219043488388474,0.03676049569080084,0.2439448798921698,0.08501777347608876,0.2416640079988155,27.968779798401158,30.334109537877683,3.908137670672968,3.908137670672968,True,55.43988942043389,7.293185791939079,0.2030665522066356,0.0012487324247378586,0.00046040116891589634,-0.002611899797894104,-1,,0
204,0.2134275759092703,0.38663024115262334,0.25605929513178793,0.03732910860388344,0.045907660060327565,0.06064611914210734,33.08068781481532,28.966749179304724,4.855352416725237,4.855352416725237,True,55.66300443835875,7.175563027060086,0.05516800708752212,0.0006873493889154495,3.187449960789019e-05,-0.006012698050593003,-1,,0
205,0.6195943461910394,0.027983699430629443,0.23322925247207935,0.03894634550976761,0.026138825257925533,0.054107531138558686,27.384350523954893,15.363784394910613,7.065201408563014,7.065201408563014,True,55.19810692674043,7.121022302301162,0.14836449133074242,0.000537533311861929,0.0002668821430839679,-0.004657056656766276,-1,,0
206,0.35201317335226806,0.0018766798449703801,0.007760368636883838,0.4421249198407575,0.13957338597237387,0.056651472352746375,30.56151091562515,22.18818415043325,5.159573119995365,5.159573119995365,True,73.73699776211413,7.315346745447116,0.25692510014258785,0.0015351202909052472,0.0004098032989929488,-0.002271373630169186,-1,,0
207,0.0872734303298576,0.1766091494808489,0.49378688649651264,0.22002690229683428,0.01766706680074467,0.004636564595202178,33.558064273627,34.439501881465134,4.431837922116246,4.431837922116246,True,63.109918984923,7.2392378303725575,0.05383443195612573,0.0008350883156279257,1.5505967189263786e-05,-0.004647278846042591,-1,,0
208,0.19070828427431705,0.2663974292121144,0.1499775607483301,0.15405947069231915,0.16205477847045904,0.07680247660246028,37.692582348365264,26.47243586342281,5.0917568432241875,5.0917568432241875,True,66.07976130823762,7.287626146477138,0.06693967996782636,0.0016403772782108395,6.43586629064546e-05,-0.004111323650754529,-1,,0
209,0.3131051152843386,0.257926553981546,0.027654614812581996,0.34978186389449395,0.04102419962260096,0.010507652404438385,33.17566218857394,18.70514106787848,6.654983236081787,6.654983236081787,True,81.83838142458184,7.2565561076537906,0.1278084030488796,0.0013002034301377433,-0.00033884835837197396,-0.0033973375272535033,-1,,0
210,0.27051352024426306,0.041871316570261365,0.013404763038507985,0.6501268687081745,0.01872361831905582,0.005359913119737356,36.766124968180165,22.681636452689517,5.26882711310403,5.26882711310403,True,88.00562466245947,7.40343097160049,0.2712008023640181,0.0030779155473454494,0.0032304930474933487,-0.0014764654868340155,-1,,0
211,0.2264102396503847,0.27001071206696853,0.25580308155767606,0.03447054022995642,0.12682671005822366,0.08647871643679063,25.721196685547273,26.736001766274416,5.07139599637178,5.07139599637178,True,53.6070183678145,7.114457833610322,0.08420087815797521,0.0003985086303880599,-0.00010823278143083111,-0.006077136227362682,-1,,0
212,0.17026165623848954,0.09346903084112418,0.13795461455224614,0.08618236164640687,0.3069479155365924,0.20518442118514088,34.482653501803405,19.02371472816844,6.661222911970915,6.661222911970915,True,74.02353156882397,7.231326379641439,0.10931945641598721,0.0013806417088242297,-0.00025412424837177003,-0.004300211957895598,-1,,0
213,0.17921108723781176,0.20957278282335096,0.1724331223191542,0.240383744550582,0.07043470721032893,0.1279645558587722,36.449158662442315,32.63087601727683,4.003479937896688,4.003479937896688,True,59.58338450205641,7.343279723477625,0.08701045096276049,0.0020624751203908134,0.00041326072484132177,-0.002814198009154231,-1,,0
214,0.08503264444748246,0.026086511413561133,0.045384386397831336,0.018700120057500262,0.13968296731142366,0.6851133703722012,39.04004362220743,35.9179392880484,3.026878588381458,3.026878588381458,True,46.535684131908845,7.440444776375881,0.2970429286591301,0.0047847149276709884,0.007679514965551795,-0.0017780659879633412,-1,,0
215,0.18442100546663165,0.11266430855660661,0.2055066882462108,0.24596648829890042,0.23520656208582402,0.016234947345826423,38.04866113042063,22.648566072961724,5.972228943476365,5.972228943476365,True,78.49598769434428,7.292617377056339,0.07603242224452782,0.0017273567192187503,3.206975044703679e-05,-0.0038268490210277284,-1,,0
216,0.3368469233826087,0.009180327722578414,0.15047598537637602,0.07536489718723557,0.1056378605620355,0.32249400576916587,40.74864443971908,31.965775343987175,3.461055268064563,3.461055268064563,True,48.74244243130658,7.412129536757131,0.11396166269979885,0.003864114785140834,0.0011601184223966872,-0.002250250666303964,-1,,0
217,0.2766481606445053,0.08076255964596081,0.05184550398331917,0.11026820113259142,0.14874694643818814,0.33172862815543525,33.6283639035978,35.04049923764228,3.2164804514868672,3.2164804514868672,True,46.642830590378765,7.363228798426137,0.15306603000217742,0.002233974958631291,0.0015007467770930994,-0.002213980353855008,-1,,0
218,0.046702154070664734,0.12041658693918572,0.0018798360377989094,0.4393087131665738,0.0640125819872416,0.32768012779853517,32.213146689005086,30.50956978427033,3.994057045122978,3.994057045122978,True,67.62384746454545,7.36832150167262,0.4715731782343346,0.0024274703102688576,0.009345449753432404,-0.0019102768057930265,-1,,0
219,0.03955640081541223,0.2354245672920941,0.32503062177667646,0.19339729200251876,0.00589836122706687,0.20069275688623156,39.73411376964441,45.45611546894831,3.1099012633532173,3.1099012633532173,True,51.20012332952873,7.393160750049878,0.06676413243683599,0.002767937562535296,0.0006856069024359085,-0.0023222927108888397,-1,,0
220,0.045281707501954205,0.06595051141321871,0.04257278741899349,0.2696632423562915,0.05293769400856282,0.5235940573009792,43.421143945903836,30.145317007323968,3.8142266269760636,3.8142266269760636,True,63.45707177173431,7.478213387421152,0.3026658562197786,0.006848722552460783,0.00780025716656115,-0.001433523780764491,-1,,0
221,0.08386688756845953,0.2493288903301661,0.06672386261215986,0.1640786463450857,0.0893048061058117,0.3466969070383171,35.405502294811384,41.994816430553456,2.99128479977914,2.99128479977914,True,48.21889822522108,7.3863893181792,0.12934097339485293,0.0026143651490288956,0.00171417464772904,-0.001901449676380251,-1,,0
222,0.4676434038374036,0.17036233798870062,0.18172663810796794,0.10579683076912072,0.04452649027960167,0.029944299017205463,31.289013834884024,43.495294493802746,2.719078787960967,2.719078787960967,True,37.714921242178,7.298235386401185,0.06319096131597754,0.001125301042097436,0.00024753075807079427,-0.002978987567137773,-1,,0
223,0.5134634473905696,0.1027334928647169,0.009267153276804087,0.33725227733075874,0.024934188376166216,0.012349440760984366,26.441182941458873,43.679728441578526,2.5275100473856087,2.5275100473856087,True,40.00048207023956,7.319292459818448,0.12925517424089272,0.0010568245021095736,0.000657656256532298,-0.001883670324122573,-1,,0
224,0.04477247382067295,0.3821653600974144,0.1903199822945566,0.177550057673848,0.14709574337696552,0.05809638273654249,26.111358338137556,21.224457445346236,7.140648334207363,7.140648334207363,True,77.33754637451811,7.0695751030950325,0.10363965008661973,0.0003570410357628964,-0.000319334848953423,-0.00682288172130361,-1,,0
225,0.097524628201833,0.0011087535763001782,0.03393117014174457,0.07152168008125509,0.2582238585661884,0.5376899094326787,31.682600810030916,16.919777807663753,6.669766453792701,6.669766453792701,True,74.51479436242255,7.254452041870908,0.40152309998662994,0.001729804273876554,-0.0020461348716292794,-0.0030170754096576027,-1,,0
226,0.06548426741541717,0.1359848784187652,0.00920630104305751,0.13814102601752787,0.3332705257385049,0.3179130013667273,31.277867396039785,39.707702669003424,3.1666030107492276,3.1666030107492276,True,49.57516609424563,7.350973094864843,0.15033267139750173,0.0017826270572249689,0.0016397113390608608,-0.002123058889888488,-1,,0
227,0.17331120278343398,0.31750723781996154,0.1132876178381437,0.22521707445846767,0.07051900783214937,0.10015785926784385,25.293656871201414,43.08693698082746,3.1075891921832994,3.1075891921832994,True,46.69416197059578,7.254682505891794,0.09390299204717963,0.0007077986282930605,1.6869761130482236e-05,-0.0029538242085508457,-1,,0
228,0.20285231066655499,0.03518003645156433,0.4061885919357316,0.18498430086534365,0.13401107775615986,0.0367836823246457,42.130960471491164,24.89046292766193,5.461359848006002,5.461359848006002,True,72.09896490932478,7.322100355919411,0.05879055121834785,0.0022780073547165407,8.386415450587284e-05,-0.004013796764196762,-1,,0
229,0.1034240743169759,0.1508834522387574,0.012389419054084723,0.03226551752919339,0.6863061174285792,0.0147314194324094,28.072257981212697,34.03361631780324,4.18916994888862,4.18916994888862,True,54.403960500363574,7.21473100463503,0.06593459600673213,0.0005354956920092498,7.887097187158796e-05,-0.00460348745321042,-1,,0
230,0.09868734652301647,0.06752418025531744,0.4694030168124557,0.058760737235270005,0.29371533429700303,0.011909384876937382,27.393451117297886,24.5967744431301,6.139176928193419,6.139176928193419,True,65.85592455806083,7.0689389970895515,0.07527024728479408,0.00028762978656434645,-7.0145257848200895e-06,-0.007566068430152293,-1,,0
231,0.11078577131433713,0.14677387116411622,0.23885586840177486,0.010686309183973142,0.48096377490060105,0.011934405035197644,44.16858361801945,49.81857890334548,2.959296262675185,2.959296262675185,True,45.206025960726315,7.4113011909354425,0.03482038652650086,0.002221164765684654,0.00035729075456851663,-0.00313372943624932,-1,,0
232,0.3998571915072685,0.018390819765401335,0.14475212306073607,0.057432707846969175,0.3737053645123495,0.005861793307275396,40.442097827091715,22.43846039683065,5.397320013617624,5.397320013617624,True,62.11277794964883,7.301322247101008,0.06236664476190309,0.001886722656554304,8.463819441250287e-05,-0.004175976720889106,-1,,0
233,0.09894243220789631,0.17752402111428348,0.0886266969270366,0.4061840034958422,0.022387875641640086,0.20633497061330133,38.75330098332185,38.21625461936051,3.334387787903009,3.334387787903009,True,59.3567460753416,7.435573756949607,0.15051406307299603,0.003706890428298868,0.0026548966649556954,-0.0013522823144521401,-1,,0
234,0.2946397940810474,0.3234725737895199,0.0033766886509468555,0.05422210438543086,0.004710003471086599,0.3195788356219684,32.75683390327299,35.63554538344638,3.2484103476873485,3.2484103476873485,True,43.85701566331215,7.324118400727816,0.11274018773808739,0.0017841109671992046,0.000603833479759533,-0.0027683975842201216,-1,,0
235,0.12477876904900659,0.47606700313408973,0.028551759606506504,0.26890084601337916,0.04121956650960892,0.06048205568740899,25.214552899513524,18.36230634408966,7.681452793935039,7.681452793935039,True,81.95563344297132,7.096087248463557,0.149649213252552,0.0004398902252352136,-0.0007728669896706666,-0.005451982352211897,-1,,0
236,0.0320256395677963,0.2222289642594968,0.022109828571737343,0.4646042719487406,0.17749482581836917,0.08153646983385976,28.318137357530674,43.452171622009516,3.1799237043472006,3.1799237043472006,True,57.78414432983804,7.342349379100886,0.1486370254786196,0.0012845215959992975,0.0015292721490978932,-0.00162887726725464,-1,,0
237,0.10444354189146707,0.007635528958736492,0.12877736832258654,0.3373857280778386,0.41106920978917627,0.010688622960194981,44.78266005367211,32.238777121137936,4.236883411574438,4.236883411574438,True,70.53943233046593,7.459479179370998,0.07660379350063767,0.00438906869708375,0.0009607629509237775,-0.0019271081149960048,-1,,0
238,0.1502140905232926,0.06323041157448141,0.0031875863875160996,0.13094389513876062,0.5287173232712994,0.12370669310464966,41.78139461763427,49.6128665730509,2.5975477535454985,2.5975477535454985,True,43.939172929526,7.460154609304327,0.06771639353103745,0.0036128815331167544,0.001141581028373315,-0.0016227889552705428,-1,,0
239,0.17106253226124984,0.05230087426239057,0.1624803972231225,0.15007181321335264,0.046862749564134915,0.41722163347574964,27.831917771375494,27.929824530174045,4.134762676272498,4.134762676272498,True,55.24081584091436,7.281659953757385,0.2887767781198576,0.0013403942647587843,0.0004764215915098149,-0.0027723735595734634,-1,,0
240,0.28328243743072384,0.16438544223443224,0.30833866561727075,0.14422098616323115,0.09737906778139178,0.002393400772950219,40.10660345589489,27.35116109290372,4.8724977719999645,4.8724977719999645,True,62.46755052693907,7.297057954466693,0.053634243947516015,0.0017112617456097221,8.197435664037287e-05,-0.004345475360897239,-1,,0
241,0.1564638526499678,0.011046774577699666,0.10998944631446043,0.24984036349574507,0.0698472731209977,0.4028122898411296,34.38653868380803,16.026918952529606,7.136051770927793,7.136051770927793,True,86.42618392414734,7.290273348911854,0.3548293011313426,0.0022016690353608565,-0.00111785409518719,-0.0025503355910164367,-1,,0
242,0.12117467096171884,0.02624335091992411,0.3997727459946591,0.3947106588947451,0.05270640262696288,0.005392170601989956,28.61853304461736,46.2841448862486,3.0339052946347738,3.0339052946347738,True,52.52028803523816,7.3093417706578006,0.08546894489229417,0.0009873265403473976,0.0003417251143125904,-0.0022350451894685803,-1,,0
243,0.10327103557588414,0.08639746264380632,0.009900050958535096,0.5820929416894,0.15455642555890467,0.06378208357346975,25.892981779485577,19.31409139774825,6.681609372144213,6.681609372144213,True,96.80765409158104,7.243185838321347,0.5336426479840852,0.0009859805043414245,-0.0021754026834655935,-0.0023680645846825034,-1,,0
244,0.20035538164476013,0.03130274318786726,0.06008104768867792,0.30407849002609694,0.2263668522553601,0.17781548519723775,30.841186606290567,29.607901696063458,4.079739189093337,4.079739189093337,True,61.51107310343185,7.33095507565184,0.19130080144937345,0.0016405372654716352,0.0011440693816419803,-0.0023072260258712243,-1,,0
245,0.18902517081033784,0.12036979332505439,0.07292421843631051,0.4444415937881986,0.1528729943940391,0.020366229246059433,36.72890346029592,29.731599034026665,4.346815667654498,4.346815667654498,True,71.099619542836,7.3833888842950355,0.12113113403046381,0.0024702346762704246,0.00102243078098595,-0.0019991544525598303,-1,,0
246,0.41695860725718314,0.22716112161880153,0.21399540511474896,0.07106531722953335,0.02773965211090125,0.04307989666883177,26.68230669113764,19.74669816222854,6.2082204136770365,6.2082204136770365,True,56.7797596974338,7.105861056167772,0.10845205618370718,0.00044929072958452797,-1.3755793488277556e-05,-0.005678087374574497,-1,,0
247,0.0015028333413532257,0.29730794960236073,0.21590381067357495,0.1641143192816156,0.1367154464702457,0.18445564063084968,41.871767695250824,35.503548019138364,4.093250800208771,4.093250800208771,True,62.55778408795114,7.379683837095042,0.0637877497349473,0.0029534574817542875,0.00047326662520861856,-0.003009046495011769,-1,,0
248,0.11304863898721577,0.04461692089209708,0.31041016216481226,0.32097228456835164,0.17318057246305443,0.037771420924468814,37.98298100268549,36.8081302140542,3.7743104023528082,3.7743104023528082,True,62.03342405447022,7.376861042828826,0.07402995285692418,0.0022503401925156384,0.0005857593570907145,-0.002388983930310885,-1,,0
249,0.0665182251359445,0.005105153303411191,0.03404766297361228,0.4960067242706038,0.10347866294027111,0.294843571376157,32.33216769865225,31.581097410467148,3.801654903330115,3.801654903330115,True,67.12215837757219,7.3805783642582385,0.5504327341527259,0.002548791010579579,0.01342729902028957,-0.0018795092768675752,-1,,0
250,0.600993061647282,0.1500633909807908,0.013014639595696821,0.11557473620230567,0.11488321901831354,0.005470952555611064,31.769129665946522,43.77915493148746,2.498353908582689,2.498353908582689,True,34.95065863484111,7.328517484874708,0.07022127813352942,0.001347409245386933,0.00042244213027753353,-0.002519673478724015,-1,,0
251,0.18495835950565617,0.055403428137969335,0.10205072148740374,0.16902876655943352,0.13695587292438907,0.3516028513851481,34.65145017174588,40.745103578375165,2.8596840482517343,2.8596840482517343,True,45.94489862275656,7.3950717023967325,0.16207135929214642,0.002664093268937787,0.0024777157796713654,-0.0017254669864793578,-1,,0
252,0.3323899701258614,0.07258633328081461,0.22471230061995826,0.09151265250665197,0.2178351344647375,0.06096360900197602,42.04031033762338,30.191659316139923,4.119525019290073,4.119525019290073,True,54.85597078975178,7.362459064815276,0.05838740004778958,0.0026238488659832905,0.00025301741087500906,-0.0034284778636020268,-1,,0
253,0.40024572802362945,0.35852901305429064,0.05544385555258722,0.16058210480413743,0.005927262386584711,0.019272036178770435,43.191044877427,33.484957621479225,3.681263418493941,3.681263418493941,True,50.99662030706635,7.384928705109566,0.05452108720112773,0.002945013861040824,0.0002837966696825164,-0.003130133490871032,-1,,0
254,0.37457997303371005,0.28478145787629294,0.06938424451610856,0.08863574706724123,0.0778669367650788,0.10475164074156847,42.005485976674436,23.623631823660972,5.110423841712564,5.110423841712564,True,60.776548593374464,7.326293206227313,0.06583810254379187,0.0025329740037308176,7.276513132389833e-05,-0.003862100535105625,-1,,0
255,0.6064416521723064,0.025366828871719368,0.03835857574598559,0.17387140293973902,0.03885645035249814,0.11710508991775158,34.9763391706297,31.25644164018311,3.301003316603241,3.301003316603241,True,44.764478816435144,7.361554663682112,0.11447553469827827,0.0021603951985240044,0.0007020962326751845,-0.0023836209922686886,-1,,0
256,0.4337682150241076,0.2725727684444205,0.08385801539717769,0.0719916687614517,0.04191597954055739,0.0958933528322849,27.09959431792141,25.942100268061626,4.542809491864253,4.542809491864253,True,48.88947321756393,7.18922393681675,0.10036285860171858,0.0006650709031530584,-0.00014781707939090914,-0.0044960856571376,-1,,0
257,0.08221730490532436,0.2942212957813392,0.0172799461600964,0.30646294064246965,0.2668565486664792,0.0329619638442913,43.34675345103352,35.233289614589694,4.014107563329251,4.014107563329251,True,65.88955832671708,7.430178320384082,0.0664678601092206,0.003535026895420584,0.0007035420293145974,-0.002250963821888229,-1,,0
258,0.08278738331041191,0.06073415939244793,0.14629344636199618,0.1392124483477006,0.5488836956576867,0.022088866929756704,28.55013164873935,23.5542254243842,6.057405725372387,6.057405725372387,True,72.75720845013116,7.1720639909140145,0.09160211747773038,0.0005799459667544503,-0.00014408906434440865,-0.005192873307785465,-1,,0
259,0.44965980180993187,0.40057387816724993,0.08488049660840527,0.04361941618221995,0.01635330333406022,0.004913103898132801,43.54920917008053,27.92829313027486,4.42688413832923,4.42688413832923,True,52.01192960567423,7.321261887698441,0.04612696920181294,0.0021927704585356297,0.00012079596079363626,-0.004485698829652992,-1,,0
260,0.21632540434165173,0.006225511167468661,0.34408105718185433,0.049489728573931274,0.2546810636665502,0.12919723506854375,31.150701448415724,33.93908766230946,3.833889432285856,3.833889432285856,True,49.9804991352219,7.2568354768101875,0.07253153377211458,0.0009986795492126744,9.0940862569793e-05,-0.003945389219688636,-1,,0
261,0.3839176580939405,0.051392175044188276,0.3282030392101949,0.1298113724119862,0.05909283328090489,0.047582921958785294,25.146289125860314,21.120884264032554,5.800487386972415,5.800487386972415,True,58.33188801681606,7.13063300590583,0.12481370746619586,0.00046765048414500724,-0.00029587662675545904,-0.005082013838015567,-1,,0
262,0.4406992952510875,0.03833639369419302,0.10712198655081873,0.04516263907285571,0.11593790298210908,0.252741782448936,39.060669313977854,35.350790922770514,3.0637492524245324,3.0637492524245324,True,42.36053443786981,7.396713015665281,0.09541514602859587,0.0031302971110979943,0.0009279235576100367,-0.002350772795888076,-1,,0
263,0.09464417453026953,0.5341865479266958,0.011900186953514589,0.12535810623365795,0.18777496349528705,0.04613602086057506,44.63611895085071,34.81430838632176,4.262403121199328,4.262403121199328,True,61.0628035192638,7.370824659188187,0.04335146603861571,0.0025382335586739057,0.00023282769721467508,-0.0038697179082688494,-1,,0
264,0.2858793562606689,0.0310203440221519,0.20764795793021745,0.11411739581727491,0.2607544361304646,0.10058050983922219,34.55011747255465,40.457302527360305,3.06726300122303,3.06726300122303,True,45.19198265453581,7.342608057760067,0.07176537056019956,0.0016726903831581173,0.00046551967073883216,-0.0026936967413362435,-1,,0
265,0.4842134417465652,0.15382936401239766,0.11921905188142586,0.04967387072283367,0.1043432131800252,0.08872105845675249,43.06655743928106,38.827837868734065,2.9441995137522805,2.9441995137522805,True,40.65831520191546,7.410526721702062,0.05724411379697216,0.0033758643353950894,0.0005013294025508337,-0.0026958862395335087,-1,,0
266,0.13141204644602295,0.0013677881197362224,0.26381783082892263,0.17153108316330234,0.04624847724858671,0.3856227741934291,44.26422447098759,41.28020682952709,2.8973670855926867,2.8973670855926867,True,48.334820032309054,7.479850863994404,0.12278124599490464,0.0059852927612175895,0.0023675519275897,-0.0014298077568226388,-1,,0
267,0.09935636441495693,0.022555308188685508,0.0701736249942011,0.5142844832654564,0.06557535910000387,0.2280548600366962,39.648270059875756,27.603547981094746,4.412645151314913,4.412645151314913,True,77.21774236024396,7.444558358581958,0.29743441620915445,0.004554413268747052,0.006474806579558675,-0.0013661466701574475,-1,,0
268,0.5916199030904475,0.055342492341325045,0.22508204923580546,0.05174392814178581,0.06507319604825883,0.011138431142377484,36.06207604822551,36.16409637929427,3.090879404963909,3.090879404963909,True,39.31817930714514,7.32140320140361,0.05853334756508324,0.0016181918535218933,0.0002783070678424299,-0.003301730006108682,-1,,0
269,0.13588778881283817,0.03927312804224529,0.15101878356882228,0.3487639261568806,0.16711652622525164,0.15793984719396206,44.39630233411139,49.383123257264984,2.5694043179363435,2.5694043179363435,True,48.01804257684178,7.505819308989741,0.09635170007373131,0.005605685230268104,0.002079059504314128,-0.0009761854565993,-1,,0
270,0.18931371722181414,0.311363242015918,0.1450328616695686,0.15590201275595525,0.1298590622253865,0.06852910411135764,30.764564909758107,39.35013989751665,3.4607278499189293,3.4607278499189293,True,49.5272606158405,7.271576511410528,0.06659401100269452,0.0009524706795368677,0.00011892513236287708,-0.0035018747923171727,-1,,0
271,0.09114348159283049,0.07336793155096462,0.11536996662433556,0.11884543935458015,0.15951785469886756,0.4417553261784215,39.99967075870537,23.859714452521953,4.988485856959492,4.988485856959492,True,68.20876102138467,7.380788084097008,0.17562782455366024,0.0038313849642299023,0.0012508364345782598,-0.0024977393578810942,-1,,0
272,0.15745288449762096,0.4113903821524699,0.08351695698228981,0.1880580160953826,0.04764157141724663,0.11194018885498999,40.54686255058357,29.587989672676237,4.608814120723185,4.608814120723185,True,64.38403074038179,7.339873229674878,0.06496234735575793,0.002390451701188746,0.000208082516400594,-0.003510610725549885,-1,,0
273,0.17470722789658827,0.2657665682884678,0.015479879539410312,0.22876277194477576,0.24588832502304714,0.06939522730771085,44.71080338989852,28.598938247746123,4.638645610784889,4.638645610784889,True,68.20792971128597,7.413309785027041,0.06862771651150636,0.003845346319672778,0.00045953846703531315,-0.0027485505869710276,-1,,0
274,0.08679099203334659,0.3191183760711828,0.0633213015897459,0.14154846770845972,0.2643556271328201,0.12486523546444472,44.5583395814768,26.463040087762394,5.277398067216693,5.277398067216693,True,72.3093026644916,7.369230245682816,0.0612605192936546,0.0032690494626797257,0.0002448157236946194,-0.003585819794660492,-1,,0
275,0.15355989643701198,0.26145425903293756,0.11051970724586999,0.10938760755606795,0.2630950871974497,0.10198344253066284,36.109234202755275,42.08239147942897,3.23263400959559,3.23263400959559,True,48.48273046379976,7.340734129321149,0.05894886099326116,0.001661332120990246,0.00038166253264225876,-0.002970485243199275,-1,,0
276,0.3347739859238725,0.36242578781680995,0.049911725025713186,0.09201847062269487,0.0645842943093603,0.09628573630154914,43.49403334439778,42.903323624697265,2.9039124496937077,2.9039124496937077,True,42.64419049747993,7.416010524230589,0.05281423886738105,0.003361276033551883,0.0005004479051704788,-0.0026321089180205747,-1,,0
277,0.6424787347327107,0.011446508990389218,0.044490654592937114,0.06022413912541409,0.21557276962148897,0.025787192937060114,25.739414544023486,24.90809365226937,4.247325345541421,4.247325345541421,True,44.249640114996865,7.212015895234624,0.12072307524977308,0.0006571919478800664,-1.10277765670792e-05,-0.003891185584572906,-1,,0
278,0.3206255167183392,0.189699456899343,0.0014284204298096103,0.05847990532007478,0.38188968799098155,0.04787701264145171,38.50611257334968,38.53032785246793,3.235056478372716,3.235056478372716,True,45.67722458830479,7.363866887990273,0.05695416328226626,0.0020438924940678316,0.0004129974831616157,-0.002975710066443366,-1,,0
279,0.14539991157009555,0.05151270230837507,0.12621864477715508,0.24430457726965232,0.12055926792296706,0.3120048961517549,40.47441365503253,44.618261922226516,2.6884775760475055,2.6884775760475055,True,47.03660228018945,7.461808892755163,0.13547008872952832,0.004471827900069988,0.002817465040914389,-0.0012447596375865717,-1,,0
280,0.2955581061686804,0.15294957753536426,0.041826666302550074,0.3653082622508123,0.13879518878297906,0.005562198959613898,39.7886293695302,42.03486368426528,2.951689887220503,2.951689887220503,True,50.88650833563478,7.434347856663504,0.08262519754929126,0.0031658408916668546,0.0010607027631815223,-0.0015971552399309187,-1,,0
281,0.07206002270464494,0.1366455290994628,0.3163459454787999,0.13378535835331928,0.039407541374865795,0.30175560298890736,25.979274196465585,19.381406017651944,6.787759185533543,6.787759185533543,True,72.19030764350363,7.135076239375303,0.18358420572540193,0.0006701217057891533,-0.0014182794132080654,-0.004928409380193242,-1,,0
282,0.10719168210894674,0.17746243755044436,0.13199843628099966,0.472396699671947,0.058745219699870704,0.05220552468779155,37.43795546750491,44.32501218499293,3.0493826441920793,3.0493826441920793,True,56.93210564310119,7.424602303176745,0.10208842764474757,0.0028240449102467633,0.0015459083640372677,-0.0013069438248801825,-1,,0
283,0.1372138182099246,0.0527312730179554,0.26235122379484854,0.2269174619798682,0.31721871767319687,0.0035675053242064355,25.090002498793183,30.58517368465399,4.5766668561003465,4.5766668561003465,True,61.48528026582533,7.196956016837504,0.09746337717176282,0.0005110449309956147,-0.00023727781959043812,-0.004222045816692184,-1,,0
284,0.01764271754175607,0.09542812398921978,0.29516438075929546,0.2393215576417482,0.008884153120875147,0.34355906694710525,33.02711115106776,45.82539525534787,2.8438720115471914,2.8438720115471914,True,48.74530280982749,7.37392479431922,0.14460723601146658,0.002199675437726906,0.001980891176006817,-0.0017080092852328017,-1,,0
285,0.1317988186117867,0.07267211159444709,0.22009026414552973,0.24331965671341393,0.26379213089159437,0.06832701804322812,38.432256177117175,19.506334534423893,6.957776482084897,6.957776482084897,True,87.99420500297518,7.2812901478077805,0.08771218255347019,0.0018624017217115745,-5.0830998742595977e-05,-0.003825085358911283,-1,,0
286,0.10761961879389229,0.03886705173416145,0.22644833703605247,0.5084168013284349,0.06532782510463617,0.0533203660028226,42.05562259263826,23.921256936380573,5.580123948160612,5.580123948160612,True,90.86099904404065,7.419997899395012,0.13065035932763314,0.004080175033733759,0.0012740279210306834,-0.001838843479844257,-1,,0
287,0.16927366881727454,0.045558168627556676,0.21431502813468933,0.15924780704759328,0.3162222849173522,0.09538304245553396,42.06689342288119,21.95774604475622,6.014717589475655,6.014717589475655,True,77.36750693282401,7.33188977598106,0.07274396874685812,0.0026307805981200883,0.00010948262245448771,-0.0036715239564400026,-1,,0
288,0.11874881602108678,0.0246223428620908,0.0997646567516944,0.15797734634587388,0.23384748119865165,0.3650393568206024,36.80640501766298,25.87760270991336,4.614023543961531,4.614023543961531,True,65.12647295378704,7.365167251657361,0.18427122262541634,0.0028985973269495375,0.0014015512299471265,-0.0024573171674082297,-1,,0
289,0.01696906072199973,0.11756253262976998,0.21657207491247354,0.3837199847442138,0.1086675955815398,0.15650875141000312,30.49650101510134,45.46230248687477,3.031839269469001,3.031839269469001,True,54.40177602372944,7.354125529090369,0.12880012406698302,0.0015612602265930363,0.001398350782287198,-0.0016868252518537788,-1,,0
290,0.07796702077428022,0.14930216380361985,0.33596998383237175,0.20048860074776045,0.12419337277848203,0.11207885806348568,31.838538770913207,38.7055659056627,3.6706519378446867,3.6706519378446867,True,55.42584510312238,7.288628486423798,0.07258882115020293,0.0011426892921647797,0.00018449809106023537,-0.003285019534724393,-1,,0
291,0.12064192608880898,0.5612348393204042,0.069915512054205,0.14968704751840395,0.021715092173241496,0.0768055828449362,41.14863211952563,49.94973480267059,2.9106297869963775,2.9106297869963775,True,46.08520587191539,7.384786113885597,0.043782361732327316,0.0022584627195300308,0.00038286667692295415,-0.00282346871432201,-1,,0
292,0.2386479846300743,0.37832129072384624,0.11480827310262412,0.1857791919040858,0.033954936665482806,0.048488322973886826,30.9272411402233,26.317678045251288,5.086986070276232,5.086986070276232,True,62.32028248492476,7.210494109936568,0.08031439586867771,0.0008327709903712304,-0.00013921162507737095,-0.0046270830827378805,-1,,0
293,0.5010674306145597,0.008037785606259607,0.07561182535832645,0.37780726041863943,0.03234897546378837,0.005126722538426442,27.736425560592526,32.99487718492134,3.3469743630851303,3.3469743630851303,True,50.14274768314791,7.313151846968232,0.1610054457974925,0.0011609108798481035,0.0004708977309539724,-0.0021835308720573273,-1,,0
294,0.40907978478638585,0.2508957469923074,0.004170938072814173,0.1851481074507061,0.05696703501196411,0.09373838768582252,44.95160074525835,38.03524040482634,3.0620568431675683,3.0620568431675683,True,46.29855143710986,7.452948392885183,0.06913501609533372,0.004561221583497091,0.000738912324116101,-0.002115241401807298,-1,,0
295,0.22659817722576903,0.011702069763030629,0.05496043112441062,0.0055027079989801685,0.22553673348520628,0.47569988040260325,36.904256808267434,25.694763716871762,4.273635939305348,4.273635939305348,True,54.86366592093815,7.3631392909224385,0.18578432449958546,0.002978668463837938,0.0013389902190127261,-0.0026277039534733093,-1,,0
296,0.015678103888681644,0.010212706793058978,0.7447297727233124,0.07263439550719517,0.09081174762754944,0.06593327346020224,43.30597520571109,29.876663845213976,5.3662996574028226,5.3662996574028226,True,70.7900907909085,7.265636415221069,0.03962149300743455,0.001450431377768606,7.698525554655208e-05,-0.006015119561893957,-1,,0
297,0.15598451391843837,0.1499732659432001,0.17988321748717107,0.23096656086545986,0.2714902422193876,0.011702199566343078,27.68733826626123,24.61513852796534,5.618150226551782,5.618150226551782,True,70.1124510621726,7.187749723141162,0.10113454025374559,0.0006212875177309709,-0.00027317347641130156,-0.004606987277023466,-1,,0
298,0.1775849370438936,0.2225669290144279,0.28655990086357175,0.08397118769519044,0.1469324632898114,0.08238458209310491,26.34333337695534,18.079161507551262,7.657460667086724,7.657460667086724,True,70.37251269025386,7.041955263671708,0.11664413245672035,0.0003512563187768512,-8.860623416429382e-05,-0.006906969141150975,-1,,0
299,0.20136071635072555,0.08455228682539308,0.023759462923450134,0.4294180006672063,0.001979734603342467,0.25892979862988263,25.353375619998243,28.131196660006538,4.114824927746398,4.114824927746398,True,62.856561734132484,7.28264869498502,0.5825808353153205,0.0011647913410228424,0.002733210898165009,-0.0021714353648419884,-1,,0
300,0.632548527099522,0.01643328538682255,0.029777815145284547,0.1266532517081901,0.03576961185567693,0.158817508804504,37.690805299035944,23.73169849515631,4.2511746539815904,4.2511746539815904,True,51.4274494458481,7.356427585282308,0.11844760231209805,0.0025515245627466,0.00037653415129009583,-0.002721553329874817,-1,,0
301,0.41650077181126105,0.20359584600722752,0.023590863158855096,0.17309706028367516,0.12088887613237054,0.062326582606610656,33.40763543010554,48.36837091378304,2.4218502788368808,2.4218502788368808,True,37.61286607900094,7.360230069574174,0.07329219974586426,0.001689662418451485,0.0006314564798841186,-0.002099807547602152,-1,,0
302,0.4119915072000461,0.07123433882146447,0.06565167118912664,0.35650597603295214,0.006840840932962939,0.08777566582344772,40.03926243149831,31.63426547779805,3.5635457690383636,3.5635457690383636,True,56.32893828689208,7.425842802472911,0.11947820137732969,0.0036193057825753563,0.0012437238442261783,-0.001764543015879579,-1,,0
303,0.5706717357559555,0.12965528235980733,0.009334432138302744,0.04494867556538834,0.1668247156714417,0.07856515850910432,30.690817502236506,45.87987195091981,2.3654378536922223,2.3654378536922223,True,32.58324851740487,7.3242738339461555,0.07356605817115822,0.0012934695222244954,0.0004865395928078217,-0.0024786403849370777,-1,,0
304,0.049641412881991996,0.11823785703149203,0.35079550926360836,0.41183680446572013,0.017035343480047867,0.0524530728771396,29.70194233761319,23.01370922066708,6.261847763861357,6.261847763861357,True,87.11036989332729,7.228978246260621,0.129587921522805,0.0009651655341622819,-0.00041955818900525567,-0.003737524987026301,-1,,0
305,0.10891994315754015,0.06571531934593072,0.05483876192807326,0.4743284435663615,0.15425912986938503,0.14193840213270928,43.18129628845897,31.181682211402894,4.058049433502278,4.058049433502278,True,72.12895253465418,7.47858117856836,0.15940869967461058,0.005473550355343297,0.003091705061838655,-0.0011989384065596936,-1,,0
306,0.09822382987618032,0.12207926597599139,0.22504542242135378,0.3716156720581933,0.06484676962747636,0.11818904004080483,39.84635898835953,33.629791766550646,3.993405462372097,3.993405462372097,True,66.64234031469104,7.4086468922363915,0.10174052977194635,0.003256912562942056,0.0010930842689783231,-0.0019706743795925344,-1,,0
307,0.24724196492149375,0.14310540056542084,0.028031859287455965,0.09846054842593954,0.43318046245598907,0.049979764343700946,38.0687841801899,21.97533166059302,5.847034732242553,5.847034732242553,True,69.75969646167025,7.280272001601784,0.07275163121887405,0.0016327154003914451,4.5248882839812395e-05,-0.0041974021907046225,-1,,0
308,0.1889512146796196,0.03163555181936955,0.2729115494502205,0.21181115044647036,0.004083746771823371,0.2906067868324965,29.82744123253326,22.89969388674661,5.268951865205676,5.268951865205676,True,66.59678780469334,7.2578933079654036,0.19967483138385864,0.001308691196333641,-0.0005880718713961409,-0.0032776359931293076,-1,,0
309,0.08837930455492383,0.37205885103097747,0.1835783202688712,0.08087856258319112,0.19007677333410433,0.08502818822793204,28.10883128166845,44.9725746116323,3.2710414996196455,3.2710414996196455,True,46.391313590448526,7.229256672830228,0.05673690345030154,0.0005912698410157453,4.7499507954944315e-05,-0.004037218573154958,-1,,0
310,0.19599456091378423,0.007240502383794285,0.04914366545840397,0.13231847021687507,0.5977132001735977,0.017589600853544756,30.664938665002282,32.459575776575385,4.041369244997896,4.041369244997896,True,56.16145836466678,7.283393266306045,0.08072876659302058,0.0009881287781464778,0.00022123976018762056,-0.0034212105288563984,-1,,0
311,0.3989196190806897,0.10562156404582519,0.2988250528791329,0.10837779022799947,0.053251095809445564,0.03500487795690697,40.83948850282748,41.35296437502854,2.972378269305159,2.972378269305159,True,42.8621744028959,7.379656413477933,0.05145855486385909,0.0024746915219810905,0.0003792253452640954,-0.002888125344122068,-1,,0
312,0.5494809266582856,0.08049415924510189,0.07179238278261944,0.052350481701072045,0.05083337958157276,0.1950486700313483,33.76772517168386,29.050292343469025,3.62405839316943,3.62405839316943,True,44.0478634954378,7.318743970879334,0.10623819499788824,0.0017605062259349223,0.0003679956091477106,-0.003023847687919013,-1,,0
313,0.0587627384265089,0.2810031643777329,0.14624194865989099,0.3705700849562395,0.1134990942373749,0.029922969342252897,44.894034978700496,36.98389907916096,3.9183099307936247,3.9183099307936247,True,66.9567233527413,7.4504816364462645,0.06522314831187415,0.004124172729968532,0.0007650607638356601,-0.002036436885038596,-1,,0
314,0.08264114788081449,0.31939700459694137,0.04061536982385431,0.3625928999977073,0.011278018525004168,0.18347555917567843,41.292768862357654,46.10215876876928,2.869794558700116,2.869794558700116,True,52.24274658666472,7.4589547877607725,0.10133641935290533,0.004196303404086857,0.0018286442458628578,-0.0012690435708202826,-1,,0
315,0.489698227903652,0.08949883344548681,0.04647017158505555,0.08429143117867352,0.07802100657143364,0.21202032931569853,40.75179672458678,17.407173798142704,6.144794832457572,6.144794832457572,True,65.7905165324145,7.325995007659122,0.10862343371886637,0.0027907476134769074,-7.891312713267913e-05,-0.0031699043023124623,-1,,0
316,0.16848173924772733,0.5016448606040217,0.025546941942134672,0.040526301906917875,0.11551362578391255,0.14828653051528592,38.058442531279965,48.213977127512436,2.832398645749813,2.832398645749813,True,41.89643750382876,7.352817015742132,0.04939622385035285,0.0018936237880014506,0.00038791172699581875,-0.00299264536015867,-1,,0
317,0.11402049280673167,0.13492916199251784,0.4753047678832169,0.10465749256129121,0.00874588170534416,0.16234220305089828,35.254641286002226,27.31889971471069,5.130830120268189,5.130830120268189,True,64.27609572499941,7.2335279503935475,0.06716164265495538,0.0012332851799058836,-5.826351399000666e-05,-0.004891633369582553,-1,,0
318,0.22179421790164086,0.11524286974828012,0.47447684945139224,0.0917282950089296,0.04861948322228163,0.04813828466747551,25.716855028363263,48.390980893168816,2.859563260916123,2.859563260916123,True,40.232077768242895,7.215049311857709,0.05832427453517649,0.0004957861197571884,-7.5744727380898415e-06,-0.0038073430432561508,-1,,0
319,0.0388425337752728,0.4271556286627032,0.36598425935129325,0.08841154330529477,0.00846636628461172,0.07113966862082423,34.102356848235246,30.643512050284496,5.18001498862018,5.18001498862018,True,64.42294835715946,7.16511841041328,0.050012019804697244,0.0006188210183820433,5.459862097855036e-06,-0.006643090110184702,-1,,0
320,0.3981055405577234,0.07549075902475495,0.15780424076162755,0.14091166492312446,0.140530945769901,0.08715684896286859,27.232007364984533,25.380175119597123,4.628799988508191,4.628799988508191,True,53.817553024446006,7.217970380753406,0.12035786828931146,0.0007706668867142859,-0.0002521861171802199,-0.003926861371195391,-1,,0
321,0.22561446003787164,0.1613085604465656,0.03305187901558586,0.23814442660584637,0.0300849117181985,0.311795762175932,26.210569016530723,37.92758902439654,3.0510344243782894,3.0510344243782894,True,46.565765010733536,7.3095657958290134,0.24349722250782638,0.0012277078014286038,0.0017042822690267062,-0.0021009625973305267,-1,,0
322,0.31726549356252515,0.08945676867464306,0.16778858348252082,0.14347045317878918,0.051425558874254956,0.2305931422272668,29.14041083049624,22.08286275134554,5.256825408450205,5.256825408450205,True,60.449861711078064,7.234476952456744,0.16249635666494594,0.001075538255192353,-0.0005321857962787257,-0.0036742715781685003,-1,,0
323,0.4562361271315849,0.004830631617056813,0.024334327761284854,0.2689281321592021,0.15139094611502324,0.09427983521584807,32.88251554356195,26.664385322765916,4.114917962695891,4.114917962695891,True,56.817978853369546,7.3368604501879116,0.1508144505953388,0.0017899552313602226,0.0005381685590019906,-0.002462271530194773,-1,,0
324,0.1342426019855512,0.1356672569098134,0.21260999840789238,0.08758431159988932,0.42664402444609123,0.003251806650762593,35.1633471162575,29.580080260288323,4.855014822607163,4.855014822607163,True,62.90074701157697,7.247408649459004,0.05502556319495862,0.0009550767630638899,9.25827884824102e-05,-0.004852294148723719,-1,,0
325,0.43629283880005887,0.13075480250285287,0.2887548118186362,0.05224549025114818,0.0009216573099782176,0.09103039931732565,31.661883220212758,27.253080805857984,4.365810906063403,4.365810906063403,True,48.92452184540347,7.22477777394804,0.07591492600405383,0.0009577334007391538,-5.432955547513214e-06,-0.004466449462155169,-1,,0
326,0.3432868353447873,0.36645977654121303,0.0034769346454707156,0.21232808019008276,0.02116271192936273,0.05328566134908343,40.61162275053169,43.64814824859826,2.836440400316821,2.836440400316821,True,44.42442280832522,7.408730668522859,0.06214479557358859,0.0029044319147365108,0.0006085213568382781,-0.002228717297893882,-1,,0
327,0.10361947886217461,0.04344492879732739,0.010776119672717195,0.5202895915756113,0.20090488654799335,0.1209649945441762,30.206970868305,22.899617638709195,5.509737310669397,5.509737310669397,True,85.9913510549259,7.318831924436222,0.37926640393890587,0.0016527579752362918,0.002484224495337653,-0.0021328943181450045,-1,,0
328,0.10951763070749038,0.18789415234351686,0.13325673960921128,0.31133382962877393,0.004046829684112276,0.25395081802689523,29.849657060566656,29.194536022042605,4.335341642020662,4.335341642020662,True,64.23520257075695,7.30212422256667,0.20230781428607975,0.0014840054153420316,0.0005805461178870581,-0.0025868365971124744,-1,,0
329,0.1384034653366352,0.09525175430399134,0.43173110646360535,0.09866984717941044,0.0366064875461242,0.19933733917023333,38.665167153176256,19.13011501853682,7.025715108035047,7.025715108035047,True,78.094667316464,7.224274708506277,0.0772647489891671,0.0016507860611407064,-0.00018129297644768876,-0.004948379308097353,-1,,0
330,0.2867943554498699,0.1810401204824778,0.17615687152139864,0.14733029450079488,0.11899603812095581,0.08968231992450303,31.61471484109733,47.215384703566016,2.672884797092461,2.672884797092461,True,40.72303144926199,7.321841642303559,0.06890084986167577,0.001277663082878203,0.0003855590650803112,-0.0025558810983913353,-1,,0
331,0.32317902690379363,0.15216574263800278,0.016217468788877542,0.020826102531684165,0.07562607375080732,0.41198558538683455,25.97138579693916,28.430784209582647,3.82178285977143,3.82178285977143,True,45.33784332655783,7.256995861271923,0.2280653776894181,0.0010465829293964438,1.299832069722489e-05,-0.003141095520592972,-1,,0
332,0.2670850672009713,0.023819712125216073,0.024759592951148383,0.44169516845292456,0.20378874246775266,0.038851716801986964,25.947480400109637,15.52821486554123,7.778202312576727,7.778202312576727,True,92.84708793419743,7.200418476868854,0.383089507400483,0.000790422073871776,-0.0031040030595186306,-0.002822288301815076,-1,,0
333,0.5672808937572694,0.20573740764130152,0.06617197430854085,0.13402158652758114,0.013855035145883033,0.012933102619423991,27.212589351244066,34.80597146513185,3.2190796084935664,3.2190796084935664,True,40.278573472673465,7.250821112400744,0.08736510562179313,0.0007950615143972918,4.6799250856577756e-05,-0.003346070566964513,-1,,0
334,0.400194994373196,0.21683848810944534,0.08662255064355392,0.10586648085164174,0.09983305389175287,0.09064443213041011,29.832778174781716,32.76848201722707,3.6252986892371006,3.6252986892371006,True,46.029196981617375,7.263044212298716,0.08578427374954847,0.0010022425721522912,7.355345360781641e-05,-0.0035319657929181233,-1,,0
335,0.06858778657827519,0.12638963098974818,0.041209559316500735,0.2825309755703335,0.09601292803935778,0.3852691195057846,36.80390765532252,43.977413323591165,2.741921908681783,2.741921908681783,True,48.94603107835452,7.4374538905349645,0.20822340610038148,0.0036369286656343747,0.004969804039402634,-0.001239077853751719,-1,,0
336,0.0533037223398916,0.2120600888545221,0.034640106027427994,0.3454865798561857,0.270921840005111,0.0835876629168616,25.09482785823748,44.13477837369467,3.1372763848083576,3.1372763848083576,True,52.931695536845716,7.293503724475567,0.12486388171844563,0.0008258259959163256,0.0005468586053992763,-0.0021831902382234494,-1,,0
337,0.1332738847205145,0.007572640603643162,0.2864903726092097,0.17253955495743506,0.03719051291614384,0.3629330341930537,37.38238172853948,16.509739444198303,7.328050489206937,7.328050489206937,True,85.04319903691878,7.283456060674258,0.17058044442484305,0.0023829174316948205,-0.0005251844792067181,-0.0031961936688472067,-1,,0
338,0.3023003863271462,0.012012427572170739,0.3480116294224607,0.10129366771009564,0.08564558090341857,0.15073630806470817,40.458747762705684,44.21966167162343,2.7742185303750695,2.7742185303750695,True,42.26057249676228,7.402631197052572,0.06366913443570277,0.0029552863378346774,0.0006510428672213489,-0.0023537661102788865,-1,,0
339,0.12403815592757841,0.05395622977376486,0.0020146555965424914,0.04332113732858576,0.41669181415553747,0.35997800721799095,30.085269675083147,46.751747236107235,2.5628150654946764,2.5628150654946764,True,40.16765755933847,7.3587500320147345,0.14246040430956092,0.0016810866241091901,0.0018686391795219527,-0.0018836552494207951,-1,,0
340,0.455889804198632,0.15862715701859617,0.08367559618032765,0.09007834437764446,0.05094850842281081,0.16078058980198906,34.08914860597316,34.136978173332864,3.2799434925066375,3.2799434925066375,True,43.48847147590652,7.328717520011502,0.08984587144473406,0.001764276514350386,0.00041520782759002793,-0.00286850095386383,-1,,0
341,0.09783982187372448,0.015881880564227034,0.6509064194530088,0.14129463826158853,0.07707743152847783,0.016999808318973356,44.69299067235288,24.461443145567973,6.215081008501362,6.215081008501362,True,79.04125139216444,7.276219189066622,0.043823928113122815,0.0018157389460589128,3.496688838006366e-05,-0.0056089717973683275,-1,,0
342,0.4425884853528624,0.16348243535196894,0.04301423057083418,0.051025082613196715,0.2884840869237255,0.011405679187412346,41.26318691640226,22.735964713138387,5.240041799009817,5.240041799009817,True,59.466721732417795,7.3086060490774045,0.06028530499335588,0.0020362529084568238,8.797216591102414e-05,-0.004158340460932504,-1,,0
343,0.366299418817459,0.30117841168250553,0.014208756122399444,0.09609208993607589,0.12480295314420327,0.09741837029735702,40.98427044482982,34.0293567545057,3.552824343733306,3.552824343733306,True,48.661478834549634,7.374952005750221,0.06276219220265782,0.0027183806645971324,0.000378018209934258,-0.003019199148889371,-1,,0
344,0.19366916276906707,0.5443755904545897,0.03823771440600086,0.09345967542216588,0.09020574348740354,0.04005211346077307,29.32711390450803,26.561043751569457,5.328578631555429,5.328578631555429,True,59.67698779040969,7.140552815560569,0.06989638704729795,0.0005025328385874959,-5.784765587510731e-05,-0.006080889897355068,-1,,0
345,0.45060472250912914,0.20845171626377024,0.24869424990619407,0.04298215455065384,0.034010469706718394,0.015256687063534322,25.596695401993948,23.859146216287236,5.132193062864745,5.132193062864745,True,49.19920784398898,7.115534214039267,0.09159255452708467,0.00040055136997590876,3.187302949563404e-05,-0.005705285714148883,-1,,0
346,0.3207264046229268,0.3441591744887396,0.07840354822504647,0.028151701155317004,0.20527587250407894,0.023283299003891367,39.50366641701738,38.32364942734351,3.4049349257878663,3.4049349257878663,True,45.46071545239606,7.330225410294616,0.04495240868796128,0.0017070237244857438,0.0002449273403647037,-0.003801807683857915,-1,,0
347,0.4016813146893274,0.065621874423087,0.28871489171608666,0.05247551099845563,0.17598269924965293,0.015523708923390455,39.771607729147654,22.68612684519915,5.450013187236713,5.450013187236713,True,60.508006387187365,7.265121891688164,0.057962628056161904,0.0015654253368624037,4.938859281168586e-05,-0.004754781511436376,-1,,0
348,0.1633449992983281,0.06508194572774716,0.045884592849627086,0.20384499650118743,0.12923686838692125,0.39260659723618896,42.80038914235391,33.75322192113791,3.4035775254108853,3.4035775254108853,True,54.929161631159936,7.467372108043779,0.1704987064150767,0.005630095082463173,0.0032413821450056205,-0.0015038972720033403,-1,,0
349,0.13746745768407503,0.18535785034293661,0.059255975047353485,0.3175283503156698,0.00215012262698206,0.298240243982983,27.520526834932532,15.748746458221365,7.6991527075190564,7.6991527075190564,True,87.99101343110712,7.19309786683711,0.42510575887065616,0.00101130449592263,-0.004607396880540728,-0.0030271710151669167,-1,,0
350,0.49963222863650886,0.0910111302235043,0.1696515512498645,0.18429182394396712,0.045040490279344966,0.010372775666810235,38.86190853859403,16.917757457683123,6.7953522291113355,6.7953522291113355,True,72.35142859619984,7.271851178186012,0.08701775957741219,0.0017661164439257407,-0.00011505130055312497,-0.003716916619947777,-1,,0
351,0.09956678231190816,0.10849002459744085,0.031973585481123945,0.1711781414273943,0.3883052783151175,0.20048618786701522,35.145854031640866,49.67097903714843,2.5969053605536145,2.5969053605536145,True,44.34009944738081,7.401974577953845,0.09341657013064308,0.00229221852177223,0.0013772143820194006,-0.0016339415171967573,-1,,0
352,0.0984611902170359,0.04753313288439123,0.5647132630304998,0.18951706336914123,0.052572261569115625,0.04720308892981611,44.86169163861013,33.38555336536662,4.419572879389945,4.419572879389945,True,65.34186245903315,7.373239705482692,0.04645301445812153,0.002781096662048394,0.00021693424287675477,-0.0037022688541602914,-1,,0
353,0.027222759208907082,0.27332512592628927,0.02731836107121285,0.016960710260347386,0.2590943416788384,0.39607870185440514,27.538199510370262,45.892087990163745,2.8067385544152548,2.8067385544152548,True,41.831607825620964,7.304164976790501,0.12757336997026109,0.001191917784806798,0.0008729057621160724,-0.0024590747918322923,-1,,0
354,0.15238124588456672,0.05997297556851551,0.25839770700957415,0.36522529100808027,0.06787598376951243,0.09614679675975103,42.607606002553844,31.44801652445501,4.167776729351021,4.167776729351021,True,68.14153363333769,7.429618746546354,0.09429476478056405,0.004022733150144039,0.0009795362074783362,-0.001982540779525114,-1,,0
355,0.22104983779083437,0.6619764426020338,0.0630097379259287,0.03239164996948733,0.01773175957897644,0.003840572132739445,37.43584059721513,20.927487660035055,6.975250840667359,6.975250840667359,True,68.37788852879096,7.101308499379226,0.05269728536078533,0.0005792758698370919,0.00010939079028749459,-0.00812250752806826,-1,,0
356,0.1839989208226321,0.07363959089574865,0.15344863363501068,0.24130664980328936,0.10028430138353682,0.24732190345978247,26.010393927440102,33.78270435563458,3.5954958656571443,3.5954958656571443,True,52.65065107118068,7.28267629412126,0.20212553551308124,0.0010515619169273037,0.00044127840227906864,-0.0025566022229294087,-1,,0
357,0.04395160046619281,0.040772809809181784,0.15676776886100444,0.3344257005631218,0.12716132695082352,0.2969207933496757,30.895103864055258,36.544841866414075,3.4526792432140065,3.4526792432140065,True,58.08487851295913,7.358231219586047,0.24356263009650833,0.001943432620191112,0.0033967971552806547,-0.001812343465704465,-1,,0
358,0.29885641298268967,0.17830281004801612,0.04182818161608035,0.04969360157351474,0.08467434299923182,0.34664465078046724,36.91427549371455,19.25122158747409,5.862447213442935,5.862447213442935,True,64.74947663673085,7.293650869419477,0.1365485866880382,0.0022225508677400007,-0.0001665757351684871,-0.003443487618571445,-1,,0
359,0.0643320814821348,0.37230310133318606,0.2686876946149552,0.056499447727521045,0.11001161337585989,0.1281660614663429,37.215402664708364,32.14163360358446,4.626447935334654,4.626447935334654,True,60.25104254452411,7.251717876585334,0.05075685505868581,0.0012224236665199395,7.405242836948875e-05,-0.005089375134769471,-1,,0
360,0.3199524633074624,0.056219310901630654,0.07160478783913954,0.16366750076621425,0.050479912006800805,0.33807602517875246,32.92333000118498,37.10483054399177,2.951985702350993,2.951985702350993,True,44.56364109162928,7.372474225759685,0.1795554023564531,0.0022699143807722514,0.002172609651867019,-0.0019281533876067917,-1,,0
361,0.0855453471536657,0.06642512998425591,0.24225622406421327,0.3745839505951021,0.14899486622077193,0.08219448198199122,39.51539269430867,32.67751181277547,4.178859639918813,4.178859639918813,True,69.44877297882658,7.401571429002648,0.09661997115219062,0.0030106994610762747,0.0009712533748305681,-0.002072868637948348,-1,,0
362,0.36466984346548587,0.16949361162201193,0.0036511590719899394,0.12134606825595508,0.19069027250350093,0.15014904508105612,40.16844474369508,49.33668303971751,2.3526126628758215,2.3526126628758215,True,37.53066518417914,7.435413912563806,0.07317654788661324,0.003353831931808358,0.0010752002422549393,-0.001746622596923085,-1,,0
363,0.516107073281761,0.09070563086632043,0.07463068563782294,0.1613806941716775,0.01981278458432154,0.13736313145809645,33.3854477580161,30.583322075421236,3.532006386529252,3.532006386529252,True,46.82766621685547,7.330484266441608,0.1122392992151314,0.0017675955322664653,0.0004328890471501795,-0.0027011239158782115,-1,,0
364,0.4217851737576731,0.026599619518418566,0.2792044754956897,0.09109180923073658,0.16385706037090525,0.017461861626576747,25.249397558824263,41.84114225241514,2.8909894592338192,2.8909894592338192,True,38.36449401641054,7.235136129001159,0.07471400352404996,0.0006018617497752229,3.563106324052443e-05,-0.0033898032309561954,-1,,0
365,0.18460577926567054,0.32812752661364875,0.24307069074423848,0.08681108470091653,0.0627722894339115,0.09461262924161411,35.404601340919875,26.318457214422608,5.260229512274626,5.260229512274626,True,62.618564044504474,7.217764983754367,0.061268377677882915,0.0010639413378465642,-1.9417144273235784e-05,-0.005278293257130725,-1,,0
366,0.05668692097046966,0.1391916773184128,0.028304894450645695,0.0188780124475267,0.31794853884535873,0.4389899559675865,26.881439261787918,45.58625686701589,2.683231954711404,2.683231954711404,True,40.56679315410872,7.319015625575779,0.17211431496752724,0.001276329374415107,0.0016899120087087761,-0.002158005587449081,-1,,0
367,0.27624795638482974,0.06950039072106176,0.1978450816918111,0.284465499098072,0.1330419736461986,0.03889909845802704,32.90014480081113,37.303263928368814,3.3754494602301452,3.3754494602301452,True,52.41069499270423,7.336199299161044,0.0892718991683316,0.0015366408679029996,0.0004565660249126197,-0.0024679383339251838,-1,,0
368,0.24974265903647538,0.4837360595085851,0.02926870146380398,0.10607947941887114,0.12706005204579207,0.004113048526472359,27.987483127363014,48.4619851816413,2.8374982070694217,2.8374982070694217,True,40.33857199482953,7.244087066130937,0.05302053212320809,0.0006019958612072827,8.87046728107427e-05,-0.003592135100582807,-1,,0
369,0.20825236461635718,0.23326836056208183,0.0037428636514995127,0.09363798470381497,0.18411484809311637,0.27698357837313,28.56883523643662,17.981679715979617,6.720440056861277,6.720440056861277,True,69.05586377382544,7.1813886057899605,0.18154353446977745,0.0008994244388543142,-0.0009413172445966633,-0.004267638059938162,-1,,0
370,0.18771312386467984,0.22836118569010974,0.06222720319674722,0.08215768227539288,0.26271289267122677,0.17682791230184342,42.17965721115428,46.503309765677244,2.7573993475483753,2.7573993475483753,True,43.38912287572066,7.432456178157461,0.06298296652441807,0.003502706533197118,0.0008242269159919156,-0.002129350005625445,-1,,0
371,0.3044663194736386,0.010100882918391951,0.19877976614969292,0.17654662043756345,0.05754132609809748,0.2525650849226154,29.242948150466027,28.792035526993118,3.984057636484721,3.984057636484721,True,53.18976969609828,7.28986492146901,0.17204854094655908,0.0013232112893919515,0.00021509960417653772,-0.002856785917157302,-1,,0
372,0.2227981518894929,0.11124497802257921,0.004626954633225484,0.1999501022531114,0.40029941588170936,0.0610803973198816,39.6698980912566,45.134629352432064,2.8155901480598198,2.8155901480598198,True,46.71798745915863,7.428238053187544,0.07004530593996675,0.0029004161578461874,0.0009325637014876067,-0.0018355566176242136,-1,,0
373,0.22025176783515876,0.23454688831389595,0.3445361881781701,0.19548938198604549,6.866396445012716e-05,0.005107109722279593,32.581053900746106,30.680779473977168,4.5397399373103795,4.5397399373103795,True,59.69313581093773,7.22965924819295,0.06248754098939479,0.0008622375303278017,-2.6695700281845317e-05,-0.004595716651042017,-1,,0
374,0.32853184103183014,0.004602978165074052,0.5284103483129067,0.0740916090646726,0.0543992746037823,0.009963948821734033,39.8343282103947,39.245439066111814,3.352745585175184,3.352745585175184,True,46.24661997315657,7.329681434261661,0.04389796993143647,0.0017274692603013466,0.0002160726172597223,-0.0037836816884503546,-1,,0
375,0.16821651324753256,0.11743208013567875,0.11949768509991467,0.21649882710400065,0.10597274735815099,0.2723821470547224,40.659202600521695,32.79735274566106,3.7128262456362147,3.7128262456362147,True,57.77603787700114,7.420165342395948,0.12238748505742718,0.003925285565901965,0.0014607737986075133,-0.0019876090898262684,-1,,0
376,0.19671296847585845,0.03930722731562741,0.08389932868068616,0.44750527016158886,0.08052870304453849,0.15204650232170042,27.092301936095502,46.158931635121604,2.6173183612149025,2.6173183612149025,True,47.58705658133074,7.353153807635026,0.22207143076506555,0.001388082903872849,0.003027896216497402,-0.0013419451337278437,-1,,0
377,0.06078744881236793,0.372454764900137,0.21330232971711086,0.2961265563621376,0.0002539571242715291,0.0570749430839749,42.311450786420565,41.92389743273332,3.530075099653451,3.530075099653451,True,58.84622643371701,7.4062402081460545,0.05482560982741781,0.0028901818386857644,0.0004953539838667881,-0.0024963411761867835,-1,,0
378,0.10837390290402636,0.2843458659015886,0.19151046760822216,0.21031991341752804,0.16273912739164392,0.042710722776990916,44.584492674145594,25.085787214227228,5.734131628719671,5.734131628719671,True,78.38216548310552,7.3481999647532,0.05525672623720032,0.0028028671931908944,0.00013587749615093207,-0.003919196953970607,-1,,0
379,0.2986443496229688,0.1637078636592209,0.1338000080369546,0.07463258700534589,0.18039448590429374,0.14882070577121612,39.38625067381647,45.502843539521734,2.69254435532187,2.69254435532187,True,40.71871402213232,7.397624667336198,0.06339078195990715,0.002694580141385118,0.0006746021322595511,-0.002334167792969925,-1,,0
380,0.15427802133290833,0.18553344380438422,0.050345384981832504,0.3316210515751759,0.07080106307679672,0.2074210352289022,32.892597763001646,22.765299543986643,5.459574652904812,5.459574652904812,True,76.09291025734193,7.308250604584762,0.19724375571189634,0.0018218637123936195,0.00023247434320959926,-0.00271093475054959,-1,,0
381,0.18055739609868657,0.027256277387412632,0.28732341273186995,0.15555674979937717,0.17988597194075748,0.16942019204189607,37.17482257796493,33.23957494992203,3.8575295695972063,3.8575295695972063,True,56.22502256893298,7.350454025500066,0.08407061649447511,0.002214384228106468,0.0004737354697386997,-0.002858865302895556,-1,,0
382,0.17337008674033347,0.05540029469705254,0.08331941139661107,0.15823009907227195,0.45911157768797684,0.07056853040575427,33.18279955249594,34.07099023470834,3.844618808804961,3.844618808804961,True,56.00853519266547,7.319432448585698,0.08191489925552661,0.0014037014448409226,0.0003814292267007128,-0.0030068123466159783,-1,,0
383,0.32953354972890636,0.212761808946389,0.15866015478711848,0.15528801450235788,0.044838917067853,0.09891755496737535,43.70762739132989,28.70561026506386,4.288605724263489,4.288605724263489,True,58.231518750103454,7.384729645258959,0.06528829113899974,0.0033781961610773723,0.00027581173888574577,-0.0031182936121030122,-1,,0
384,0.07239998452983999,0.5222122724376778,0.032135581638455056,0.021075749675230723,0.22546679256786747,0.12670961915092888,28.934843615012625,25.088239315320155,5.858858378202464,5.858858378202464,True,62.91210435282788,7.110015983598682,0.07470748945000451,0.0004736370187371987,-8.163771238995226e-05,-0.006824179671505086,-1,,0
385,0.36784065114488956,0.0791212339675959,0.0444960890664127,0.17219287011465975,0.33616264369460336,0.0001865120118385874,32.882139651862374,15.244347721048793,7.953754275517135,7.953754275517135,True,79.74692248141346,7.19315977422229,0.11812425283885626,0.0009407633619089317,-0.00020611721404874666,-0.004111377437193852,-1,,0
386,0.16030805369260745,0.4234092582387099,0.05795594498865925,0.23149511844197937,0.06562146462373947,0.06121016001430448,28.2574300110911,37.38248293574709,3.697784772792291,3.697784772792291,True,53.397548485069706,7.250963559911573,0.08029680757134322,0.0007940403220903663,-9.748444274940413e-06,-0.0035048022403658245,-1,,0
387,0.1450253574466081,0.44029329061460454,0.10718191687782999,0.03300910626978731,0.08140322780958102,0.19308710098158893,31.789555084178055,48.1959356742323,2.8248101283431026,2.8248101283431026,True,40.78437475289025,7.292256405262413,0.0592993979794019,0.0011394449115261383,0.00025661329443502784,-0.0031966876937833534,-1,,0
388,0.28753349269906925,0.28204481293404066,0.036943019158047055,0.30933985818646,0.018614934369472588,0.06552388265291047,40.07009126000516,45.241442076714804,2.75236196427461,2.75236196427461,True,46.629513323219626,7.429119066235141,0.07649669539167947,0.003205996773043067,0.0009631755878735817,-0.0017052648143416882,-1,,0
389,0.3496381729443827,0.0858245279216097,0.17535493165053473,0.08312241301198914,0.00305313262739456,0.3030068218440893,30.562267137429757,18.08352406581912,6.195917041418425,6.195917041418425,True,63.074002267777395,7.217167645017803,0.1774847183808829,0.0011686008439342169,-0.0007271153590916211,-0.00382943065330668,-1,,0
390,0.25540271921149993,0.05531065391698116,0.12309476663171505,0.29248509260671046,0.01057076362743446,0.26313600400565895,28.715322697421744,30.880492054660493,3.7299842896669406,3.7299842896669406,True,55.250183251214445,7.315399138821955,0.2492185830179634,0.0014714959913308995,0.0012976096117863227,-0.0022646404734134105,-1,,0
391,0.13262118990982144,0.2840225501127244,0.0828889142409435,0.09388304482566229,0.38715687501381435,0.019427425897034025,34.36833282493542,20.37759359418137,7.024647966680132,7.024647966680132,True,76.94858846167492,7.160894425463738,0.06975385667158779,0.0007540696177135429,-3.0299752195142516e-05,-0.0060353829606436624,-1,,0
392,0.4269635905801065,0.20368274290731972,0.13105447923524016,0.07683288952081123,0.044031611013989315,0.11743468674253298,25.90346233978853,29.259653613051228,3.9935449626028974,3.9935449626028974,True,45.572970588869055,7.205286854637431,0.104961513297382,0.0006685711762538632,-0.0001681744749888485,-0.00407619751723293,-1,,0
393,0.07070347549608125,0.31309477746980224,0.24469507612799496,0.21092740580759997,0.036876026871204615,0.12370323822731694,44.18664695271217,36.10076803010653,3.9746629695515714,3.9746629695515714,True,61.541569447473755,7.404046640483144,0.05759086979002461,0.003450815984200377,0.00043745946513940807,-0.0028836483931516522,-1,,0
394,0.048472741551725325,0.1471610087994097,0.10901629879374035,0.21662004352608552,0.403273691662787,0.07545621566625216,30.048725810991748,21.79095798298171,6.507619683620411,6.507619683620411,True,81.01383996258662,7.200788949104925,0.10883365756518198,0.0008309181584775259,-0.0002713880842537943,-0.004550248237941924,-1,,0
395,0.43105299831042754,0.016813568275781215,0.0991770505560466,0.06904610320995126,0.1346773703672182,0.2492329092805753,40.29607105214468,45.068431890584776,2.402534725340658,2.402534725340658,True,36.70315040721466,7.4385660292537565,0.09075211711780254,0.003779907716075125,0.0014006675107086871,-0.0017503788779435038,-1,,0
396,0.0707271593295351,0.03161779767836023,0.2335524127759419,0.2716364799636129,0.009094011663991982,0.383372138588558,43.03283707132877,49.382744330030164,2.4727177058092846,2.4727177058092846,True,45.576703819104246,7.494668201922508,0.14225274764175652,0.005929828961221671,0.003591041323149505,-0.0009526891375805956,-1,,0
397,0.07382511356512117,0.6310564775467477,0.07823283924057906,0.11801229087809446,0.07658235643901681,0.02229092233044079,44.647333662090645,48.11996531071926,3.2518089436105266,3.2518089436105266,True,49.96481788184804,7.390772132776964,0.034412985138546986,0.002154428513207384,0.0002717879396813382,-0.003530688057185759,-1,,0
398,0.26333765394637454,0.13074442105200101,0.3026800289825239,0.21665438876803197,0.04041107276704933,0.04617243448401931,31.08933052952066,32.11593016257846,4.058883106026562,4.058883106026562,True,55.677868598040234,7.263075459896993,0.0798525164512949,0.0010251967031599772,2.2608675088923425e-06,-0.003638030742613968,-1,,0
399,0.44008125728868946,0.09384233744894734,0.17802875006389493,0.1844126136042659,0.0362286843671475,0.06740635722705501,26.939557774109588,43.8318783120857,2.6460614391366444,2.6460614391366444,True,38.50335631065268,7.287897942036912,0.0927931696298282,0.0009250007925841846,0.0002530973545592983,-0.0025392541209727634,-1,,0
400,0.23074705314591148,0.18684397885730175,0.0548815810898864,0.26880832357986273,0.1741112731446356,0.08460779018240207,37.335123581546185,31.694576092088198,3.9914314831904023,3.9914314831904023,True,60.31729679628391,7.367217288183655,0.0924697554498913,0.0023387269771061696,0.0005850038984265037,-0.0025093185552673316,-1,,0
401,0.6302111645059032,0.00871728505917194,0.1704639293461355,0.06061170410463029,0.0014110900173671286,0.12858482696679213,28.306226467345823,20.130218976007896,5.171950878013294,5.171950878013294,True,49.71245413053452,7.208133646506985,0.1403535349918928,0.0008459894743357441,-0.0001381863946331202,-0.0039553155549174905,-1,,0
402,0.2410562891556584,0.041941537392418536,0.28461483386491243,0.013142537251825898,0.17431424895234493,0.24493055338283992,28.206240499645162,44.07732631179194,2.782768518332313,2.782768518332313,True,38.83347543335653,7.284166839219873,0.08846787269313222,0.001035140796220804,0.00032404688975204177,-0.0028927241388878194,-1,,0
403,0.11592147733808683,0.005858698433098276,0.4459060286415411,0.39963387960154334,0.004088750932399437,0.02859116505333101,36.684557201224365,39.40517710078534,3.5476791921580038,3.5476791921580038,True,60.9670668788251,7.3736632564075215,0.07877708345006885,0.0021108400398376585,0.0006268647820386697,-0.002155186337024762,-1,,0
404,0.19254415452414983,0.5740207767896585,0.016695943857345786,0.10313309274309504,0.08982669723775616,0.023779334847994476,30.920657258200514,24.850105483531088,5.743283637687115,5.743283637687115,True,63.44405451736538,7.138714845265886,0.06727355609276328,0.0005377876607237237,-3.2682562026315823e-05,-0.006306893246116204,-1,,0
405,0.24635523075950766,0.026738873707213173,0.015827816129620437,0.3530757669526462,0.1812684520772149,0.17673386037379762,33.09709928853067,40.400598869761396,2.8902635241012162,2.8902635241012162,True,49.883936346301006,7.397896689788914,0.17846631318022582,0.002322205584560622,0.0028193372660000045,-0.001434729346601969,-1,,0
406,0.49844998975917254,0.029267469508902067,0.3786203926035497,0.03235794796335076,0.06042326525255787,0.0008809349124672672,40.44705975349136,18.27254110056127,6.5359095531855225,6.5359095531855225,True,62.84289566875343,7.222371341238058,0.060138981593530004,0.0013918934118856696,3.548654139982167e-05,-0.005165183647117994,-1,,0
407,0.46975017527140606,0.06017732433034095,0.13979501806127037,0.1728219035562969,0.04978813154552708,0.10766744723515864,30.29079622302622,43.85914144271828,2.5493982617630655,2.5493982617630655,True,37.93745351286804,7.331930062265945,0.09577851878315521,0.0013897054625449502,0.0006095509515930817,-0.0022130400853595756,-1,,0
408,0.0859160602181074,0.24385758205779073,0.29140546732214573,0.1633783319438744,0.19980974358349754,0.015632814874584126,28.58984144692175,26.542717252398795,5.6505275888800774,5.6505275888800774,True,68.55893703848368,7.143286910667978,0.07448893421213519,0.0004678579818746628,-0.00013747080806259342,-0.0059359952704850115,-1,,0
409,0.15351636717020692,0.13836521162025,0.04074982243579412,0.08060010368574162,0.11698290160419118,0.4697855934838162,33.99718599888253,19.810358920928387,5.785803258431555,5.785803258431555,True,68.12420467713561,7.291004738352275,0.23500314309126363,0.002085801582673063,-0.0002895592235464241,-0.003116670398058239,-1,,0
410,0.076883356457167,0.07711469035338932,0.06872419951504206,0.5572521506739962,0.1568999561138038,0.06312564688660158,39.20490402671973,44.05338597608815,3.0016943130597826,3.0016943130597826,True,59.70588467995525,7.47004189144203,0.1398931934402342,0.0038883568553086663,0.0032137177670047983,-0.0007835388183268507,-1,,0
411,0.06335919528461949,0.2977721176514551,0.07593695380029568,0.34912830650571897,0.1287004082909848,0.08510301846692588,42.49150279711144,23.572885829462436,5.9464277810998984,5.9464277810998984,True,87.79277824432977,7.37537145897393,0.08801975551424916,0.003340349454207697,0.0004211094783018929,-0.002795312585416581,-1,,0
412,0.08789493424498256,0.022802363753877182,0.255089965914535,0.18210648434386403,0.02592792933929476,0.4261783224034465,35.61700788575629,19.936256154626058,6.039663228571815,6.039663228571815,True,76.85932539072978,7.3076221468314255,0.22308087906838772,0.002433786182041733,-5.450510633573879e-05,-0.002914378689106005,-1,,0
413,0.29832132030795777,0.05329271772324786,0.18496539972448037,0.4048496342007255,0.004745357595608511,0.053825570447979885,29.89593003100291,16.450162514076965,7.391645792422549,7.391645792422549,True,88.68166146769525,7.230472328399821,0.2160427457862432,0.0010806908272305946,-0.0011256742155098414,-0.003077056387784016,-1,,0
414,0.42296935356982795,0.11173474417789167,0.12543195975540603,0.07663589970439763,0.035535342677968734,0.22769270011450793,43.800380216150295,45.519553144223195,2.439352383893913,2.439352383893913,True,37.14089675510543,7.459113847131254,0.07589538892745469,0.0047211303372944585,0.0011289277186753834,-0.0018362547436805259,-1,,0
415,0.2999448750463827,0.10446751719269534,0.09338024919540906,0.15796096894770673,0.23559253620484072,0.10865385341296532,40.547174266553846,30.70646085150916,3.960955539641158,3.960955539641158,True,56.27255649664782,7.384519129889325,0.07850490291664114,0.002918152841806729,0.0004979351133612028,-0.002725758187043404,-1,,0
416,0.12448945542765741,0.006538456168534417,0.051693145145091234,0.030149549772223318,0.05146481961133857,0.735664573875155,34.812158310237436,31.189826647299917,3.356448798706208,3.356448798706208,True,48.27017384293364,7.384486803895435,0.49623272886595404,0.003341131919344466,0.011413992035957547,-0.002333620631469666,-1,,0
417,0.0049815819777157344,0.6223454118562596,0.20246652597027154,0.04120401316202641,0.06493655812440487,0.0640659089093219,35.73136027154179,27.382523387907614,6.0393930475545865,6.0393930475545865,True,69.60545944228161,7.113907930550725,0.04752190517021633,0.00048318768462264595,5.1412825358591e-05,-0.00839720162594865,-1,,0
418,0.39093926488694003,0.13602860465370634,0.10258024218169755,0.12977190698050065,0.10971929687647039,0.13096068442068495,27.63509665784135,15.02655411474144,7.734281123634609,7.734281123634609,True,69.7445019677032,7.139294239582451,0.18400659900404137,0.000656090003321862,-0.0005348901705714723,-0.004290885032533267,-1,,0
419,0.42552681266230447,0.05090103966687883,0.1871366846181705,0.15997802171313266,0.145542911668565,0.03091452967094856,44.044994316913666,29.281230383454023,4.037391946779864,4.037391946779864,True,55.23255492407979,7.4015873260736385,0.06351441431493883,0.003470200954383782,0.00032288832316317603,-0.0029112532680253206,-1,,0
420,0.28867769641217395,0.0839055530645212,0.33717521739487727,0.21936223827797627,0.03007641266695335,0.040802882183497965,44.06411049810378,16.5430751084044,7.771358272747056,7.771358272747056,True,88.5335796872255,7.295579305753831,0.06957169713824896,0.002559214479397259,-9.901973604356833e-05,-0.003892250568182479,-1,,0
421,0.6510909425791773,0.1610651209804269,0.06662630977806938,0.027808349785265394,1.430238832993508e-06,0.09340784663822788,36.08833104079867,18.30869013406157,5.756429907424742,5.756429907424742,True,53.94894944743911,7.247326483832132,0.09088491389014403,0.0014397302088410013,1.2749238881174127e-05,-0.004057099515399737,-1,,0
422,0.46532837370386493,0.2378705951689864,0.01730150424796044,0.13863293023223275,0.08490893641939555,0.05595766022755985,27.379066214804226,46.67393630516783,2.4747624099425622,2.4747624099425622,True,35.5836998292593,7.291640420143129,0.08066017886015911,0.0009268091550149681,0.0002907110801813289,-0.0025394144275073046,-1,,0
423,0.19658901076235374,0.05546449243252069,0.07404148324137518,0.0722545944683139,0.4552054178373711,0.14644500125806528,31.430659829646636,34.32516847658366,3.6840331523683307,3.6840331523683307,True,50.82772197546046,7.300659478916888,0.08947669818262653,0.001259432524984745,0.00034268938409292394,-0.0031745146214663214,-1,,0
424,0.12588302933228707,0.3107938804384408,0.10147251476785434,0.06219789564809036,0.3556136655527911,0.04403901426053613,34.30028263978546,26.01804980981113,5.522917232624561,5.522917232624561,True,65.71185130623996,7.20187469258437,0.06007417640813667,0.0008300220133093328,2.501617577923953e-05,-0.005605894419940546,-1,,0
425,0.1932702787106415,0.18382695648348854,0.2580708278347701,0.3288950238790448,0.011221620233623546,0.024715292858431232,35.637721826921364,17.48955778461366,7.727479981027078,7.727479981027078,True,92.78994474068234,7.231134578570286,0.09996313341294409,0.0013369610605180769,-0.0002798750187488615,-0.004007287222879508,-1,,0
426,0.23903706672258465,0.039781155282160356,0.04932724053397182,0.19076580587367237,0.012496388751077643,0.4685923428365332,44.772077970391535,42.73231474815452,2.5217652611399295,2.5217652611399295,True,43.12311391137174,7.5110847979145685,0.17227056439278773,0.007304078491308403,0.004466771080112185,-0.0010576831349194524,-1,,0
427,0.23451608646517264,0.25402173113381915,0.18694617028180968,0.14528136912297526,0.1488815049259087,0.030353138070314617,39.83229265463031,28.7503718805581,4.688358210177693,4.688358210177693,True,62.11104291841917,7.311059756958871,0.055877101180765984,0.001826998623318827,0.0001236291087203032,-0.004060828041008272,-1,,0
428,0.15098435921495446,0.18408797122030518,0.37241789352614396,0.27901241717884717,0.0009354516670491371,0.012561907192700077,28.05754244252672,46.82663433094271,3.0433687696292075,3.0433687696292075,True,48.44377131670329,7.268262971523898,0.0665977625411658,0.0007449462794229632,7.074364862763546e-05,-0.003010119168719443,-1,,0
429,0.32245456936151246,0.00023622893205089133,0.15984239318301846,0.28084102172488146,0.046965764934941256,0.1896600218635954,31.848073536212574,41.77828121983538,2.7397336815116535,2.7397336815116535,True,44.74217914272727,7.370131297096257,0.14544515722581322,0.0019323118533131117,0.001619284045258546,-0.0017152747585715124,-1,,0
430,0.021281999454121073,0.6101194729168151,0.1168880735079096,0.22709800879823439,0.019802776506672195,0.0048096688162476975,37.45417489976416,40.03354338979439,4.031037970059612,4.031037970059612,True,61.4415247339819,7.295327418335035,0.0435769189082029,0.0011316403872402118,0.00013619242843745615,-0.004145022661589444,-1,,0
431,0.3817012927663951,0.13055162556624583,0.3213881792852175,0.09461799444420964,0.00794795361368069,0.06379295432425107,43.4756663218636,27.519584116814904,4.490154339389741,4.490154339389741,True,56.370824396632926,7.345239698997477,0.05454096778507827,0.0026878844824476267,0.00012704393287623242,-0.0038773193212679647,-1,,0
432,0.3307320851101014,0.1651652184348397,0.007639481789290199,0.454188971439129,0.019836884879302342,0.022437358347337438,44.86736996822356,21.235855438566205,5.629364306796545,5.629364306796545,True,83.89591999131444,7.436898807139901,0.1141550977924254,0.004870228815183966,0.0006940306100657281,-0.001912773462922414,-1,,0
433,0.19974551633673543,0.09376213463109094,0.038640219909293415,0.002354672466998306,0.34970319676078915,0.31579425989509274,26.241262130803104,28.33048166146056,4.202152152170974,4.202152152170974,True,50.19390427993447,7.237070959331335,0.15864449068821948,0.0008954147713725435,-0.00016349152490405076,-0.003667858126604301,-1,,0
434,0.43451712367441186,0.006612842629618366,0.23337225729954592,0.15744312845220973,0.0039336105473901095,0.16412103739682404,27.580601143640834,16.09306840630303,6.9616225769779225,6.9616225769779225,True,66.61739539554664,7.171032537989126,0.20276347089370828,0.0007667849282939888,-0.0008535364265708084,-0.003904363765904416,-1,,0
435,0.483043670795068,0.20826992125775143,0.01804970026806675,0.15635225499493974,0.08757605911975026,0.04670839356442385,37.645656260604206,25.71709566280933,4.443967926532345,4.443967926532345,True,55.44928615903312,7.324550311044251,0.08033407044291338,0.0019899501512586995,0.00014748999214115178,-0.0033181796262202754,-1,,0
436,0.05042234668993401,0.2001977859857248,0.2055651053741923,0.3490639132710257,0.18932204245988798,0.005428806219235114,43.4370490030999,22.766259784322802,6.464946996066883,6.464946996066883,True,93.86487642965837,7.358520722070338,0.06893768266242196,0.002939036778667893,0.00023586838532895646,-0.0032594099600172332,-1,,0
437,0.07031487967767128,0.30551276751818707,0.4069076834365362,0.008642753555678472,0.03956950113441031,0.16905241467751664,39.523602567678026,28.443977206196305,5.19485132092553,5.19485132092553,True,63.00489641830894,7.233993977177627,0.049006124464107265,0.0013801610723573454,3.631861682311216e-05,-0.0058348996803239345,-1,,0
438,0.1082631870589546,0.3940992729871565,0.007369302505774658,0.24021510474016117,0.05126463766819091,0.19878849503976204,38.19902602258558,33.98781426863962,3.894315330315382,3.894315330315382,True,59.96457631242021,7.373434693137511,0.09520405600414913,0.002680993193642489,0.0007352074659349685,-0.0024781835421370402,-1,,0
439,0.43399177392017474,0.16688437297001343,0.1073973607709087,0.22742149972874096,0.06255012612530303,0.0017548664848589161,34.45567945517996,48.00244378497749,2.475195160940091,2.475195160940091,True,39.15160639667437,7.364791492459641,0.06717470678636508,0.001745267369187607,0.0005490302140865971,-0.0021199982766416966,-1,,0
440,0.3061944129418823,0.04814882018676154,0.043974771556638995,0.5291312435345207,0.00015835400136170075,0.07239239777883487,38.561881217596564,43.84030245231635,2.6571544279418773,2.6571544279418773,True,50.69991831722661,7.463737199577945,0.15185367886096546,0.0038473403858477234,0.003176987772833746,-0.0008644892645415406,-1,,0
441,0.20254547869398054,0.022446699908431865,0.33605543180792957,0.1477524959492908,0.249902068723609,0.041297824916758104,25.805074798798476,27.98530753690722,4.8135582162306125,4.8135582162306125,True,58.6673283170063,7.174513320846688,0.09504460219818534,0.0005142402536563003,-0.00023848272758833012,-0.004761564135518076,-1,,0
442,0.1230562061906115,0.36469092276307696,0.2413001648236375,0.15565718408669357,0.039809175463059475,0.07548634667292092,42.84975379374653,39.9847447569147,3.6099182416813465,3.6099182416813465,True,54.49956268886721,7.377752212654636,0.04671404778827583,0.0025495618511258335,0.00030543757911959325,-0.0032907925600929254,-1,,0
443,0.192395515874863,0.11213485400177027,0.4900168515036716,0.05790042164121088,0.12275013385207496,0.024802223126409326,44.836154329952564,31.25655246388975,4.580747069768424,4.580747069768424,True,59.8353133698307,7.326635356629648,0.04003156420856004,0.0020771967934712634,0.0001295127044694448,-0.004852891497794683,-1,,0
444,0.0763016406001528,0.25604203019011074,0.09840714274465638,0.25936565776332055,0.11359792972254158,0.19628559897921793,38.199914376023024,22.099211245517125,6.0425605421632556,6.0425605421632556,True,82.00703879774854,7.319688202423851,0.11317477658063757,0.0024147158274029105,0.000148350177547476,-0.0031993186683229235,-1,,0
445,0.6580198528714254,0.13841319414480727,0.04566199253117611,0.11795939849139626,0.017322154683304884,0.022623407277890077,43.95071199331984,24.653419542261453,4.306974497359172,4.306974497359172,True,51.71502588594834,7.3832051911189875,0.0671891431804093,0.003356580309723234,0.00018681158581452175,-0.0031123338874878073,-1,,0
446,0.04457380302485402,0.35931113093603073,0.2053972987330142,0.16902964759145087,0.06534756170906365,0.1563405580055866,39.770214253732576,26.12560816476328,5.53364374616875,5.53364374616875,True,74.02815979971241,7.294762504860603,0.06626907952667013,0.0020330653123023417,6.1524968044694e-05,-0.0042296252127105366,-1,,0
447,0.07208347516241372,0.4139112476241747,0.02500038460398177,0.06210904514565814,0.008008555047679255,0.4188872924160925,36.236378601259986,38.79130140086185,3.2579179118287427,3.2579179118287427,True,48.1052526228734,7.364142669887457,0.11375860523505085,0.002610943757348558,0.0010974142407724383,-0.0024459880654314516,-1,,0
448,0.08283187602799892,0.28239577519170206,0.08658751546000248,0.20530210349557682,0.0337711987774251,0.30911153104729455,35.178683035027085,46.28345307638034,2.764758316609897,2.764758316609897,True,46.34320229121772,7.389891425978118,0.11715367956754552,0.002519521374552312,0.0016061769664491154,-0.001739075480660622,-1,,0
449,0.18949388302193046,0.08398462640297451,0.10363370812261896,0.34454125775574423,0.001853610383965884,0.27649291431276585,33.3860197585562,35.882871925733006,3.284303781903915,3.284303781903915,True,54.58852130258852,7.383672515886159,0.22049733805321545,0.0024546605002680973,0.0031966387121541632,-0.0016662320995501606,-1,,0
450,0.26866724342716686,0.18877946892066663,0.18718731026497218,0.11908400081070893,0.05725551170924517,0.17902646486724022,31.847248666001082,26.326266729240523,4.694634241738879,4.694634241738879,True,57.404628973522726,7.252298790468895,0.09997292733350231,0.0012089689713149839,-0.00010310737632576668,-0.003913292316873725,-1,,0
451,0.38969165486585694,0.22529580889834583,0.12235030420554431,0.15659871868302327,0.05995988122895586,0.04610363211827367,26.834473581180134,36.69959692587032,3.3111515057752907,3.3111515057752907,True,43.99530772188922,7.24595676798377,0.08645209109188531,0.0007499735314434398,-7.181426200759976e-06,-0.0033972326703392824,-1,,0
452,0.48361791648453667,0.15178160722675355,0.23565917238300543,0.042603348717025306,0.0006032513741840878,0.08573470381449488,38.11035476686104,36.51638856840381,3.180929361736434,3.180929361736434,True,41.34728445233117,7.33609850495774,0.057963329189213354,0.0019892326207110963,0.00029582389647562975,-0.0033079815978302868,-1,,0
453,0.39890779301804846,0.5326045458318395,0.030965426976787964,0.0026526307755395597,0.005849431779059947,0.029020171618724708,25.395328906853834,23.061873706871197,5.540412774234207,5.540412774234207,True,49.15702477183242,7.068857845324286,0.08797862408438867,0.00031484421726961294,0.0001726675169515418,-0.006711810800405486,-1,,0
454,0.6132491862342476,0.09296079624510628,0.01609484439774068,0.048544097207360255,0.057006120898603956,0.17214495501694121,28.95619694518394,41.12605690176049,2.498418831003127,2.498418831003127,True,33.14236661634859,7.316490061581325,0.10414562963753925,0.0012797581013065638,0.0006284555476271265,-0.0024332085952362445,-1,,0
455,0.1677558664594145,0.08546282363511756,0.44729718898427745,0.04750338219972074,0.07040040201541445,0.18158033670605536,42.2126080279226,19.867215089045892,6.753129503161092,6.753129503161092,True,74.70746458271115,7.251028059885453,0.062321971144605845,0.002058996371654628,-7.834264779233405e-05,-0.0051094475371779345,-1,,0
456,0.15722478024130862,0.26361406566501894,0.0027404853804353195,0.37587591443797247,0.013980029180474621,0.18656472509479005,30.670415331984586,36.98946189397112,3.381742218908446,3.381742218908446,True,55.944765511280856,7.347971727286429,0.17697765835182994,0.001712818861455548,0.0016317317145158527,-0.0018872919782655093,-1,,0
457,0.25829189445426,0.10605635961906043,0.14551413487904552,0.39060207662230906,0.0015184540942159408,0.09801708033110909,43.20653820370505,18.10089631696744,6.762567796580751,6.762567796580751,True,92.33826219456985,7.383940697164877,0.12062150622420545,0.003932616798284636,0.0002626221381035207,-0.0023497852917472757,-1,,0
458,0.21781204715118663,0.04702958245429556,0.1253588080584528,0.17779227666583183,0.2879734490481413,0.144033836622092,35.841580699014386,38.055644049737296,3.267921594292472,3.267921594292472,True,50.49414682246051,7.373231867050399,0.09169119972273718,0.0021876039649221155,0.0008206949526956379,-0.002284998570629831,-1,,0
459,0.19733601245582225,0.28986227123635516,0.21484348889041344,0.21302850460538048,0.08338576340865309,0.0015439594033756616,44.05844936971131,34.40241931548695,4.058104741343236,4.058104741343236,True,60.18978718259999,7.386654962553913,0.04882850107046469,0.0028041169396989868,0.000268758786803702,-0.0032829072703177155,-1,,0
460,0.1897774928674112,0.26003846231760774,0.11890169838489933,0.28392505510013105,0.0900710219606233,0.05728626936932724,30.102138620547613,35.01912627655745,3.802258682047859,3.802258682047859,True,56.700377866962505,7.286941204481576,0.0927431695814543,0.0010872935557621687,0.00014317771966982325,-0.0030150860012251677,-1,,0
461,0.3914119765508627,0.0403934625937911,0.10218109238743249,0.2650010845911579,0.07193967947414386,0.12907270440261207,31.409823233560324,49.04513562766831,2.308968228347934,2.308968228347934,True,38.49106532581588,7.373215059050438,0.1133811835778176,0.001777519313751655,0.0012926203094493047,-0.0015739483272457966,-1,,0
462,0.03223126958893958,0.08679101997814674,0.22035550759402342,0.32356009615819076,0.11239911517464102,0.2246629915060585,32.99352270327274,37.41710883044057,3.55645784396196,3.55645784396196,True,59.58576657807051,7.360617116467318,0.14720201679004702,0.002019580440515571,0.0015622268945024774,-0.0019721721621931256,-1,,0
463,0.623525455945864,0.0532419650326057,0.10046370100318956,0.08888131834774546,0.11833851021180984,0.015549049458785323,25.46455164693517,26.002457845390214,4.152645935015027,4.152645935015027,True,44.275932494807655,7.205596419689571,0.11423181910130212,0.0006242832712417259,-6.734674140699815e-05,-0.003946644755870415,-1,,0
464,0.029392211532671166,0.3185498832077247,0.3928948759056504,0.15934055864177962,0.08498116497867159,0.014841305733502416,42.50215226645023,34.40909777732983,4.660878630416163,4.660878630416163,True,67.08286432555802,7.31195776438089,0.039755534721061817,0.0015745242230175778,0.00013282194477856472,-0.00477677257387161,-1,,0
465,0.11500952979388829,0.03170142211408487,0.1628195592283111,0.1807733668379669,0.41905825189737816,0.09063787012837073,33.878857727919524,47.437499977429034,2.841633615225855,2.841633615225855,True,47.077751707681145,7.365316969124456,0.07176044374396624,0.0016358928198158668,0.0007001446972512836,-0.0021330044293488863,-1,,0
466,0.14751566490982518,0.0376078274708636,0.11013269735544268,0.2377571444158837,0.040970461894160065,0.42601620395382483,42.07968752294458,22.88862695291753,4.998500028460321,4.998500028460321,True,72.51616637024654,7.4215449783521255,0.22272398397202584,0.0050692460028076945,0.002408056543258322,-0.0019507136633762701,-1,,0
467,0.11468773699434874,0.4567407415796315,0.3003047169849475,0.004333990530792274,0.07824392319084525,0.0456888907194345,35.89096804082679,29.59297024369851,5.2034695161516655,5.2034695161516655,True,59.90866057877023,7.15360381308869,0.04505866186587419,0.0005773611609484365,8.856117770838904e-05,-0.007343270564368523,-1,,0
468,0.3149189330175607,0.11859463539598603,0.05858950744171838,0.25250273482696467,0.14020542003711958,0.11518876928065061,37.64405000229725,23.364450678350224,5.087414343204612,5.087414343204612,True,68.43427033736009,7.343660310217005,0.11433916569510028,0.002388534779845097,0.0002664687646277173,-0.002816164726954035,-1,,0
469,0.1692775152573838,0.3108301760833307,0.06698696867969667,0.35666151309918503,0.02629358269208672,0.06995024418831705,29.884100015317763,46.506873410221445,2.8555435258428616,2.8555435258428616,True,48.65593760201839,7.332611783676586,0.09659286359998855,0.00127755072132931,0.0006219016707602387,-0.001998589701206141,-1,,0
470,0.49644699471371606,0.16873656392042796,0.2612863834431846,0.00573567501853906,0.014538616173529015,0.053255766730603206,43.477489989970124,43.73291543047916,2.697020126074646,2.697020126074646,True,36.616893559596306,7.396734444713822,0.04484600442054742,0.0029706952736356144,0.00039436630038386323,-0.003026652816849167,-1,,0
471,0.06242003579283115,0.34339607585797083,0.014962618594412476,0.26651580351063486,0.0706251651385347,0.24208030110561607,44.564088615291226,39.79966103118754,3.3165860259171556,3.3165860259171556,True,56.24685750065555,7.47020992393816,0.09588862989472526,0.005326049753471461,0.0015563527303831435,-0.0016109580219997382,-1,,0
472,0.26713171627538607,0.16165938785191358,0.1180751242670609,0.3165462219642251,0.008957783412958668,0.1276297662284557,40.29334457123999,40.50360367850563,3.010311853694456,3.010311853694456,True,50.568826058347035,7.433522992321013,0.09600000050319493,0.0036004429546613154,0.0012667642267194842,-0.0016519830856934457,-1,,0
473,0.46236607918231015,0.10509605298747852,0.09642120837609634,0.31835019937908277,0.004558042570260253,0.0132084175047719,34.61215261884613,28.258087780570868,4.05107307169759,4.05107307169759,True,57.34912384865712,7.338262843762065,0.10779735239165038,0.0018403631919261614,0.0003049333936448993,-0.0025921343894222985,-1,,0
474,0.3706447027676784,0.28820430497297844,0.0428063286182131,0.01493078706368699,0.11657337496897116,0.16684050160847183,29.804525522980065,35.79276777437162,3.316422390120916,3.316422390120916,True,41.368735884543035,7.2640999133834905,0.0805088936308131,0.0010272993703364793,0.0001488759162415816,-0.0035564468860340417,-1,,0
475,0.054370760075513,0.30708662796678854,0.06408585611764733,0.5404751562409776,0.010749843440884749,0.023231756158188788,30.78640272204669,20.312336388094177,6.960275823264574,6.960275823264574,True,100.73522921590889,7.265503640969602,0.1841431058629425,0.001267481487951535,-0.0002761941778716089,-0.0029106604289321964,-1,,0
476,0.4363163962161574,0.12861807535901018,0.0905050306294217,0.06508172781036796,0.1872324700392575,0.09224629994578536,36.719227481921095,26.399295529001726,4.388922988090824,4.388922988090824,True,52.6329243555436,7.3037708955039635,0.07610728330363735,0.0017438735544219842,0.0001419013775652355,-0.0036796780898134904,-1,,0
477,0.4167509960608604,0.09068010209068283,0.021443073994609627,0.4234510962406251,1.820634710112564e-05,0.04765652526612084,29.377132175892644,42.642240670113246,2.650773460368914,2.650773460368914,True,45.121911176694596,7.358872617237379,0.15386218539755311,0.0015297213736417063,0.0014746230580492373,-0.0015337494328833488,-1,,0
478,0.10537165761203471,0.0197879251159858,0.15940619145997487,0.1181668954474771,0.1600515547825193,0.43721577558200814,42.21139838588752,16.70798078711124,7.0753248250439595,7.0753248250439595,True,84.94231837081738,7.349692754967528,0.1637782859080665,0.004012542182920776,4.746699907022393e-05,-0.0027560021949113284,-1,,0
479,0.0896519234983499,0.08729546461059963,0.23712522817392842,0.1377766860316184,0.07186850654817023,0.37628219113733335,25.150140655999998,23.44519874117495,5.293426058542609,5.293426058542609,True,63.18534961487826,7.200740781717091,0.25504770808853383,0.0008439338963014438,-0.0018277413816414165,-0.003781790902915249,-1,,0
480,0.23236769209717173,0.037768106796363006,0.04585012537348458,0.4361703790241828,0.09261131007583355,0.15523238663296435,40.95021671361505,43.566954649372974,2.710555294130213,2.710555294130213,True,50.72619529858524,7.48275706554274,0.14540911049678243,0.004750584057153695,0.0032719717741085236,-0.0009038216657844601,-1,,0
481,0.12051230532919036,0.1367862527251656,0.01017861950562333,0.2596075948334201,0.44822251370758165,0.024692713899019125,27.766581402320984,40.973436047322046,3.3234678374535687,3.3234678374535687,True,52.92564151992628,7.2994186657348745,0.09244440137893041,0.0008971555874736398,0.00039199903694158664,-0.0025595631445776124,-1,,0
482,0.41651041995209326,0.037289529038999826,0.18103249671712268,0.09274591524091491,0.20969549774831578,0.06272614130255351,27.31408334618859,25.60250360626117,4.603761384434403,4.603761384434403,True,51.701801764266534,7.205943501866988,0.10527557789322911,0.0007010769649880657,-0.00014108497685960637,-0.004229278108114748,-1,,0
483,0.3424606407032062,0.17823172964985248,0.21960056519024476,0.2184737307159611,0.02891148096613475,0.01232185277460072,44.97219030023832,17.70363292923639,7.123873122632424,7.123873122632424,True,82.78303075647695,7.319921842599793,0.06514054591981225,0.0028086412934842137,-5.6085147340341035e-05,-0.0037928886512745975,-1,,0
484,0.17487637720478094,0.13366091535819993,0.07875938191419705,0.15077924248937302,0.22478661354820687,0.23713746948524203,28.079271651552528,26.91201330187174,4.592757643930334,4.592757643930334,True,59.18344320176858,7.253740309962317,0.15825190366367375,0.0010514070662346003,-0.0001931422290930289,-0.003418245906099264,-1,,0
485,0.21261422065265734,0.035983632923455036,0.4141130389850321,0.046168245004566344,0.17551109743268717,0.11560976500160226,37.39337051939723,47.31603129653013,2.811843743613926,2.811843743613926,True,41.933291067434695,7.3500119510779065,0.05053421767540689,0.0017922928739311013,0.0003804755871361745,-0.0029423189107619725,-1,,0
486,0.22785851456865996,0.3330226302289146,0.0858971758019889,0.2327115904876192,0.09979906336268674,0.02071102555013053,27.759950346958107,41.62951895583976,3.220893246293323,3.220893246293323,True,47.91424142906026,7.264876613866818,0.07568744780593407,0.0007755117785974972,7.149949221452115e-05,-0.003126855037071291,-1,,0
487,0.09600452078376115,0.3235312614054742,0.16569202258116827,0.021580884705781685,0.07890354074920647,0.31428776977460815,30.41264304541721,45.39396238025442,2.9024089552820467,2.9024089552820467,True,41.91587286105982,7.296576441193941,0.08372568279417296,0.0012651751860015467,0.0003853310318064257,-0.002922819814357751,-1,,0
488,0.39667830938701604,0.2961723109470714,0.05876334038802887,0.054938549032506064,0.07478724353475599,0.11866024671062143,41.65058569848014,17.054255200323034,6.990221214285931,6.990221214285931,True,69.83758151759456,7.261093567223173,0.0720443899643225,0.002044233425607837,-8.226138692455708e-05,-0.004378822042546531,-1,,0
489,0.020617877166054566,0.33160829097430145,0.02269011125596906,0.45817064929363593,0.021390612061053405,0.14552245924898569,33.469907893593074,32.0873971423732,4.287601678833081,4.287601678833081,True,72.22942367409291,7.356616476510874,0.16298107930489905,0.0020633594817549487,0.0015456813882515892,-0.0020009483122758005,-1,,0
490,0.08098614198667359,0.13643603092970133,0.08151956355103485,0.10889140439920864,0.024412917153735784,0.5677539419796458,35.015322981605564,37.44651662460602,3.0613126886511646,3.0613126886511646,True,47.75886751211546,7.395222927011397,0.2633524715668784,0.0031436644401301255,0.005138121107156369,-0.0018517117418469053,-1,,0
491,0.018815970311183757,0.32774321506958887,0.01766294167044892,0.13473499476267312,0.42270359987264905,0.07833927831345609,38.0537346973851,49.68168022112219,2.9786373593888276,2.9786373593888276,True,49.042713078501954,7.381913787763314,0.04998639843276621,0.0018553494937491146,0.0005139898752116392,-0.0024760292624190156,-1,,0
492,0.5870541382573365,0.007465201814731651,0.11142243323202682,0.14564125587678436,0.038778608684894314,0.10963836213422651,44.988438184483755,30.65837610542564,3.4319275661776163,3.4319275661776163,True,47.21686346737009,7.442882496205109,0.0796060262376446,0.004698946239287992,0.0006330294444303233,-0.0022857950346857163,-1,,0
493,0.22173412341806065,0.01744617606549533,0.24273279347825916,0.31951156879637893,0.04004142290120912,0.1585339153405967,26.90398173921728,39.11373195874873,3.1394522608233864,3.1394522608233864,True,49.95604098563784,7.3067104093566515,0.16019358584654628,0.0011264967913843257,0.0007212166379428764,-0.0021599963595172415,-1,,0
494,0.3665919146362371,0.36094030965477125,0.010528862615576971,0.21266369760117274,0.002501010891128823,0.04677420460111314,44.53328156433179,22.733055505160813,5.395617014199989,5.395617014199989,True,68.77483768460876,7.366456381851518,0.06708334804444957,0.0033131569006264656,9.360405311870423e-05,-0.003341300110603439,-1,,0
495,0.4614159517148786,0.09577693891017625,0.16008059176151562,0.062512281091669,0.2194480227979401,0.0007662137238207037,34.22417771675148,26.991076992618236,4.410157095442228,4.410157095442228,True,51.12035295217373,7.257918160951422,0.06688261954815235,0.0011304365714024031,9.199989032824769e-05,-0.00425238820797054,-1,,0
496,0.5930049293323733,0.06878140894812229,0.13570305328481094,0.03821625386023182,0.10392629198177357,0.06036806259268823,26.028383091138586,36.89057724893779,2.953553574805714,2.953553574805714,True,35.63911087701835,7.245421539401307,0.08671504443699621,0.0007376886621881663,0.00011323239804072148,-0.003342659789237923,-1,,0
497,0.5611439100820322,0.13474383248183489,0.15491558050691973,0.08099341890458969,0.02503186945069803,0.043171388573925475,32.06675390136935,41.498554985260085,2.6970847111730474,2.6970847111730474,True,36.143422722092694,7.308747346389762,0.06669175154031771,0.0012857360271668044,0.00030732817606805114,-0.002911087877424737,-1,,0
498,0.4793917013983671,0.06517554124344553,0.16891069285589635,0.13167812575565635,0.12555673927426153,0.02928719947237319,41.642401505639725,42.84923146391382,2.6960051502765547,2.6960051502765547,True,40.194972449695186,7.417360350231835,0.05856912732046177,0.003111019201719679,0.0005942830827883737,-0.00231060197633845,-1,,0
499,0.07637192300605879,0.26431122584390093,0.08061730264403104,0.33514008650517213,0.08157701245319568,0.1619824495476413,33.3333199607976,22.861827289635983,5.866025629756192,5.866025629756192,True,81.57137144688195,7.288238807984361,0.14590232637950817,0.0016444138919949084,-1.0234317341154889e-05,-0.003134117261722577,-1,,0
500,0.5992172750310086,0.01282546603428958,0.07924923656190914,0.2375152147642534,0.025482950613045167,0.04570985699549394,39.976415593341095,42.05557735370892,2.5135473193953803,2.5135473193953803,True,39.32766481827485,7.434191089327313,0.08434125260221147,0.0034108910870025997,0.001059340442492767,-0.00171850858074659,-1,,0
501,0.40978194209591157,0.03661832437241496,0.014822830058165497,0.39977072294654786,0.13513150644291902,0.0038746740840410556,34.82514892782732,45.721240781452124,2.5078466877064844,2.5078466877064844,True,44.26088644985267,7.412961727106421,0.10942339521848056,0.0023657279197805375,0.0015010770386025877,-0.001317158849886032,-1,,0
502,0.08224910151839764,0.5013556221442524,0.24970507465840572,0.12576044376962128,0.022096552406874657,0.018833205502448276,27.878173921571165,45.162751186358406,3.467299651171448,3.467299651171448,True,48.696788313275384,7.191004981417251,0.04984009123809942,0.0004005355428635365,-9.4475112825511e-06,-0.004849368784737604,-1,,0
503,0.5242681162592706,0.25771336143696083,0.024621735759613288,0.0281718221236446,0.09515292271060626,0.07007204170990446,26.921904659437626,16.141020882184556,7.0249514268795155,7.0249514268795155,True,56.21711291475673,7.107984034669543,0.14049103072930355,0.0004956017320926036,0.00019395296566155352,-0.0050625807096146645,-1,,0
504,0.2759162509271485,0.05522839980371464,0.05107025775120438,0.13951830834244525,0.33518579310522373,0.14308099007026362,33.72633319388527,40.98495525168919,2.934390415026269,2.934390415026269,True,44.85966652933986,7.363154894015349,0.09292700374092044,0.0018529368871360275,0.000837690688719305,-0.002221130759445349,-1,,0
505,0.06761632971938901,0.225098806786198,0.025306819740454848,0.2007957122396679,0.00023400144127385365,0.4809483300730165,25.696767005598314,36.09030425863422,3.286480896856237,3.286480896856237,True,49.67810316460016,7.29706473499736,0.40735810811128026,0.0012855305734189033,0.00374437320309412,-0.0022570257768013057,-1,,0
506,0.18042801166248823,0.39861516305462225,0.021063372893546792,0.1433181963067645,0.015955863661089004,0.24061939242148928,41.46254634832373,16.720033943114846,7.585474706273385,7.585474706273385,True,84.24881106217889,7.280937705113963,0.09374679128372818,0.0025796883671526183,-0.00021788280531132557,-0.0038305006632412646,-1,,0
507,0.2832855101088253,0.08085962939354736,0.0008968714859894881,0.17701534443916836,0.1646049489346746,0.2933376956377949,27.937274696428084,44.43203894482144,2.5315078130811792,2.5315078130811792,True,39.96009087653939,7.344114741312641,0.18237736601746493,0.001456830411459535,0.0020564282926428847,-0.0017811338072185145,-1,,0
508,0.6081010043987992,0.15074491431936643,0.031377833667559106,0.044461421332353764,0.04316329001033724,0.12215153627158432,41.46249219900189,31.557670650567474,3.347883056337647,3.347883056337647,True,42.416629711352286,7.387975291288798,0.07141376025612797,0.003151402647896026,0.00045822548669587884,-0.002832965193561947,-1,,0
509,0.12486297365714744,0.13172252236617263,0.07843738718848305,0.45695305379999285,0.1465754330676612,0.06144862992054288,32.88963035877509,39.51190224425491,3.3322355806313713,3.3322355806313713,True,59.38671744604614,7.378916637942766,0.13361737381191308,0.0019436732667165396,0.0015906580422993593,-0.0015865682466822306,-1,,0
510,0.35592409566006633,0.1844671132842431,0.0455310732483547,0.15102268608436212,0.20311605758760834,0.059938974135365336,30.149039186479268,40.093156577342114,3.0219729368740254,3.0219729368740254,True,43.34314599907371,7.303193572822298,0.08092067568775783,0.0011258064803294167,0.00030332154263245487,-0.0027983952957000833,-1,,0
511,0.5858334038479645,0.10925111174593301,0.14534593446825583,0.02279073579620253,0.03137860814736764,0.10540020599427646,35.08357208781628,40.01063951792932,2.7094871164954744,2.7094871164954744,True,35.42437735424802,7.337486519865422,0.06703625416117821,0.0017831648491254065,0.00043714905230533385,-0.002843161597605829,-1,,0
512,0.3293304610681796,0.058065747074512127,0.26325440528927124,0.22424423777921623,0.03278847309809002,0.09231667569073082,34.29359275714659,24.716173608872705,4.918539412952964,4.918539412952964,True,63.40470889580762,7.288100615028513,0.1003931426021883,0.0015442376508106646,-2.5570458462543636e-05,-0.0034271276265526855,-1,,0
513,0.3220400201689186,0.04531973851292211,0.10631960918761227,0.06303091084498011,0.11567612170796969,0.34761359957759713,29.38378432957265,18.335173657400603,6.02455469975003,6.02455469975003,True,62.1235143014978,7.222439021950274,0.22115147601229398,0.0011464897471931007,-0.0009759846398164051,-0.0036536720543411706,-1,,0
514,0.4468609965216936,0.07298032693850387,0.3048116384927563,0.09862984545859359,0.06367959862880064,0.013037593959651952,26.719647002218903,17.051654600885207,7.077476004635663,7.077476004635663,True,61.75195024982258,7.095593657603815,0.12736198645817326,0.0004363690440303929,3.948851340446059e-05,-0.005415515174236312,-1,,0
515,0.10506288982540178,0.16284026862753823,0.3680694649829078,0.2719210103004056,0.081986998109685,0.010119368154061534,28.50693022907844,42.92430491227599,3.4066668286796937,3.4066668286796937,True,53.21971288352222,7.26046780340428,0.06691727730216827,0.0007267330355324515,4.7629333828719375e-05,-0.0033087369300921097,-1,,0
516,0.13025953000725418,0.06707889884277464,0.2798814049658344,0.1570522862433676,0.14439903060681838,0.22132884933395072,32.97013246948425,49.615538294419295,2.610283109862558,2.610283109862558,True,42.801229625618944,7.358859764862701,0.0874953748752498,0.0017693114156465326,0.0008662764800258477,-0.00202381901446481,-1,,0
517,0.30466322762506337,0.07055017455346625,0.13813653589684483,0.07807281423701651,0.26000956018712884,0.14856768750048,27.74422515581225,36.141593027745735,3.338257107084631,3.338257107084631,True,44.53232795291244,7.268533142641148,0.09852498629305673,0.0009275619695668604,0.00016143379052755991,-0.0032036252996963067,-1,,0
518,0.3476388581465779,0.2335600208833969,0.05643176398190538,0.12865342133643592,0.07945573771875396,0.15426019793292994,33.974590144025015,25.716727067882957,4.608515717580165,4.608515717580165,True,56.72294674088453,7.285250443864247,0.09892359586144807,0.0015324661577176958,3.190456257830611e-05,-0.0035551019170506886,-1,,0
519,0.04836962306392487,0.0645995400813536,0.5576091492231229,0.26506447181732756,0.006908404551977686,0.057448811262293405,42.50168398108165,49.02382583313599,3.06350599450247,3.06350599450247,True,52.81492106281813,7.415589270424448,0.048221199142757895,0.0027888956355368987,0.0004955237164290064,-0.0023526585539464274,-1,,0
520,0.5808354329703181,0.04983189039452194,0.029792706327940205,0.1567357979704473,0.07622959016276998,0.10657458217400262,42.457179175483574,17.69202716140532,5.939162507310027,5.939162507310027,True,66.77068984856064,7.3578537344988595,0.09969409235607159,0.003207516112737208,-1.256525650993607e-06,-0.0028697071775654185,-1,,0
521,0.42865015012781843,0.08871780328835559,0.3159108498621677,0.08979250141082318,0.0017338196222970307,0.07519487568853794,29.415958424178683,36.242955163802534,3.294936184235193,3.294936184235193,True,42.13725915810399,7.253553175411449,0.07407601314438168,0.0009057448708854452,6.73845435464385e-05,-0.0036140918440302015,-1,,0
522,0.15556587188574791,0.3089756131621514,0.28203255127720134,0.03629939067789145,0.007533197639072262,0.2095933753579356,30.781671632763832,39.389005231223194,3.4270526725472883,3.4270526725472883,True,45.775343520141924,7.251540217576495,0.06737457588495942,0.0009924826061463964,7.312507350370828e-05,-0.003921999433851956,-1,,0
523,0.12125217995253247,0.24400717552879053,0.1075301943704876,0.06480674257604684,0.378914344064378,0.08348936350776462,36.3284130161929,32.03635073961612,4.373234852794453,4.373234852794453,True,58.52898380474089,7.2873572285930095,0.05769037081571446,0.0013455222271996062,0.0001664528297208087,-0.0041857240090305906,-1,,0
524,0.19300467736865323,0.08101342474515204,0.1901281366389086,0.1975599779799968,0.011912661205713541,0.32638112206157566,41.57093849677572,38.42131086970711,3.083919551232816,3.083919551232816,True,49.8845979897351,7.445185542823856,0.12290324111686354,0.004558276556512298,0.0019292711729326506,-0.0016616571727604743,-1,,0
525,0.24722799946062554,0.011759262194899908,0.23480330241158714,0.03713197659649037,0.22971841422524608,0.23935904511115097,37.031169049120315,29.44768302489102,4.107065511860028,4.107065511860028,True,53.509105367500574,7.330353442167163,0.08855458258475865,0.0021633148489667966,0.0003406409689379561,-0.0032788424864773876,-1,,0
526,0.258329949518058,0.08451986857572756,0.027301356334650622,0.22645395937998253,0.18951447177873978,0.21388039441284148,30.203693106859827,26.746243492592065,4.376844318631999,4.376844318631999,True,59.89256756466363,7.302689971971564,0.18742341887163214,0.0014561120016674351,0.0003943709645708259,-0.002731728177152791,-1,,0
527,0.42752567130843366,0.34780324335824875,0.06327882592250837,0.02358361440368709,0.0040879193583621895,0.13372072564875978,40.15820637465721,43.064459386317196,2.7397964999275297,2.7397964999275297,True,37.80798003598445,7.377144900036627,0.05526625373646914,0.002590465051007201,0.0004674085451024481,-0.002827605165884338,-1,,0
528,0.22595068735726306,0.14107662781967492,0.14549323989329038,0.18540177799469088,0.07998189275372598,0.22209577418135473,36.224461357800884,25.41477923428412,4.793132653230301,4.793132653230301,True,64.08963741969019,7.325393056748902,0.11813954386659625,0.002181725003918844,0.0002551105120693808,-0.0030345136373628955,-1,,0
529,0.14881725826227923,0.04585968550943288,0.17396315165231466,0.10143873664720802,0.3580880504791906,0.17183311744957458,30.41393522990214,30.876738830770137,4.193720538280452,4.193720538280452,True,56.19243766106352,7.271181417899581,0.09994145393955366,0.0011222132740789645,0.00012849671741732148,-0.003541439940075044,-1,,0
530,0.04441338634810026,0.25905148081529045,0.2809622873886198,0.009713533707499023,0.10103580358143764,0.3048235081590528,31.29499237128762,32.56380548188892,4.21634917979399,4.21634917979399,True,53.80124966980158,7.239150122422764,0.0833504265705489,0.0011127755122518931,-2.5435157131855446e-05,-0.004319047108569447,-1,,0
531,0.3560114922721172,0.08392496324910845,0.06821299976865172,0.04075008788683139,0.24990846964839672,0.20119198717489456,25.021349300454943,18.491085553629716,6.217519483651653,6.217519483651653,True,58.378555708587974,7.14732041533206,0.1864497552923628,0.0005872346196863145,-0.0006180882172724437,-0.00456799016331765,-1,,0
532,0.1246474424860428,0.21731729150747686,0.30610480579801125,0.22831656665680633,0.04409585685891893,0.07951803669274372,42.89022995437562,35.85163052914237,3.9231413811932976,3.9231413811932976,True,60.556667246350926,7.391461611171396,0.05727352322182746,0.0030018244627441045,0.00038955110615744863,-0.00291238824431357,-1,,0
533,0.24480860965001444,0.10173897334981191,0.3290738623488776,0.12334331591742974,0.06874969260282063,0.13228554613104565,28.439207038740456,45.61055847294475,2.8138585395274163,2.8138585395274163,True,41.31297665091665,7.279282318482095,0.07578858708078412,0.0009353927283010573,0.00019423021034128976,-0.002920210433853985,-1,,0
534,0.07159049816795046,0.1814509986183874,0.15887390566849913,0.08718345497278106,0.1928158205331531,0.3080853220392288,34.3991188057468,29.043670267146425,4.475805953392669,4.475805953392669,True,60.27617624690179,7.303966731510271,0.1102154602527914,0.0018283843131432769,0.00028597519154572123,-0.003363444152426528,-1,,0
535,0.310101861351194,0.06600349611728804,0.1311193628719442,0.1101396402959265,0.3630093961264592,0.01962624323718817,29.30356549257437,33.4308530061889,3.7693766290965267,3.7693766290965267,True,49.57583585049233,7.2565563759354115,0.07732650424437092,0.0008358935123649335,9.165600101263063e-05,-0.0036845865952901567,-1,,0
536,0.48588917880952887,0.03024262674845211,0.22880010203705395,0.08590588823596226,0.10565409910449633,0.06350810506450656,28.909730191640083,37.18108036835831,3.0813581863436417,3.0813581863436417,True,39.97980378974457,7.271253160332376,0.08032021514949118,0.0009512327277179742,0.00015670278709300334,-0.003232338768243111,-1,,0
537,0.5513206508838878,0.14227706073164015,0.04128312344016024,0.041825918327433174,0.007713335067773769,0.2155799115491049,29.139703192816796,26.90936137088249,3.9009228983171558,3.9009228983171558,True,43.741365157753194,7.2630655697549695,0.13001289188353837,0.0011308715585804125,6.693921592206817e-05,-0.00340317453061118,-1,,0
538,0.10815679461156485,0.04313331650344027,0.03069255742614243,0.6424137813916284,0.07427789099858052,0.10132565906864333,42.20563772437882,22.815888143892312,5.497673110870209,5.497673110870209,True,96.41238655219671,7.462880165096669,0.2760134687039931,0.0054144090674579926,0.005534589364074012,-0.0011994522097437663,-1,,0
539,0.256075294318846,0.09455686942298103,0.1380290116889936,0.405450693684529,0.014304614697412708,0.09158351618723759,32.14739247004108,20.592287092863188,5.941405447202201,5.941405447202201,True,80.62613716605519,7.290843048983034,0.187518365963639,0.001546575277171556,-0.0002490505203467968,-0.0027584190195175055,-1,,0
540,0.36339799216423174,0.01153841922561487,0.2851228354647946,0.014160969087228565,0.2877433021131451,0.03803648194498512,37.20970134683577,18.215611906896267,6.837082141483965,6.837082141483965,True,66.68289251661628,7.193237588914975,0.0696051067299396,0.0010863458396096458,1.904234961224429e-05,-0.005358659876399473,-1,,0
541,0.10569196709695493,0.3133893712746164,0.040756305127524046,0.03960836911515222,0.1814932303024669,0.31906075708328535,42.76730906125681,47.18666483678221,2.7152968491019975,2.7152968491019975,True,42.81202138529772,7.44306781183998,0.07519027624280426,0.004203755582791498,0.001140764316811831,-0.0019768354169143586,-1,,0
542,0.39445596074179634,0.07285146913498217,0.17385961995870525,0.10215771240163657,0.09241828845476406,0.16425694930811563,27.30652876221976,34.782770252412476,3.3057250916090526,3.3057250916090526,True,43.09782507912291,7.2665833834047175,0.11160075200268688,0.000951546902493979,0.00010954742086770335,-0.0031138594743013023,-1,,0
543,0.07770718518119468,0.1894605072573745,0.054537886149513,0.524675822308394,0.0050552332637716175,0.14856336583975213,27.43937928419246,44.095292717210654,2.94422221566491,2.94422221566491,True,54.947787400524895,7.350166310929283,0.23930462364627464,0.0014194137178007479,0.003387361620597438,-0.0013625660902662564,-1,,0
544,0.048157165773224445,0.08830596809726649,0.018482206642706108,0.30791801242330163,0.11811676305862528,0.41901988400487605,40.08543029875785,42.79235432952096,2.7799554301366465,2.7799554301366465,True,50.94943222501176,7.475925686281863,0.23532245608601926,0.005126365947334819,0.0068745044084106794,-0.0010700854368574733,-1,,0
545,0.21677713911375007,0.24898615333641902,0.174618042815348,0.16916217477203868,0.061591234408778096,0.12886525555366615,35.52121053772042,49.86708846076614,2.603056124757346,2.603056124757346,True,41.81855365019903,7.366072771028382,0.0657549423088981,0.0019092851647964557,0.000590783541497791,-0.0022320512150721078,-1,,0
546,0.3730601669830855,0.002934524879730617,0.09480778080962361,0.31469702776808606,0.030166235555665333,0.18433426400380906,25.883502058883224,26.050598567444535,4.2522995503291074,4.2522995503291074,True,57.71339239854503,7.272753958312233,0.2979679998513219,0.0010446448977485554,-0.00028597084486035125,-0.0025560268747731613,-1,,0
547,0.08461494167036214,0.39678796967778257,0.32707828818165136,0.1480855397028298,0.03176083908668438,0.011672421680689755,31.47873337875272,47.945819948505644,3.2446587234352067,3.2446587234352067,True,48.46300811129456,7.2466469021365585,0.0442281827341195,0.0006238712050774509,8.210713531367917e-05,-0.0041576404991773746,-1,,0
548,0.2487985532281415,0.6576063119759746,0.050127071226064385,0.02726339246587484,0.0031838228912435883,0.013020848212700886,36.537219169951854,42.24763861778901,3.3765846453412025,3.3765846453412025,True,44.23719171345961,7.262903184926783,0.03866555885294332,0.0009360422485346462,0.00016154459066636725,-0.0047416187585154305,-1,,0
549,0.034099756265517436,0.0463057397147887,0.3591670950628594,0.2846043039536678,0.2603846127987602,0.01543849220440662,28.406823873170378,49.145365756017554,3.0328402951499402,3.0328402951499402,True,51.33065953417143,7.29350736672969,0.0670862804606507,0.0007902003229219794,0.00023992107935777657,-0.002615117754662277,-1,,0
550,0.01053687407433795,0.00757366628139314,0.8507739323670638,0.1145588828937905,0.0018548174606173777,0.014701826922797045,34.972790937526305,29.746883050825833,5.621614214782041,5.621614214782041,True,70.90115366168591,7.1353615305090985,0.0466895944948621,0.0004501024297581924,1.915660683482463e-05,-0.007673439812404307,-1,,0
551,0.12431999682980482,0.2179544762459759,0.32912749636473326,0.04310357363637944,0.04245289611292352,0.2430415608101831,44.417694570914755,25.229294448685803,5.32503990158959,5.32503990158959,True,66.48643805329739,7.332906346859968,0.06139311830886589,0.003167151719788985,8.287888436925772e-05,-0.004191250402707023,-1,,0
552,0.2058559472803914,0.12869057276448556,0.16637591168414148,0.22592474118527822,0.17663530635855368,0.09651752072714959,32.95050049109986,33.39010811219747,3.865641553224246,3.865641553224246,True,56.68287203648602,7.314827485851907,0.09172654366626459,0.001475750582292688,0.00031454228451430086,-0.0029224825660782924,-1,,0
553,0.6212655064019998,0.005188475154253703,0.01400152141212695,0.17606380280672437,0.1727553073096866,0.010725386915208461,27.56105221095574,22.843425056474196,4.627627319386584,4.627627319386584,True,52.044157721300735,7.244385316257589,0.14470266318252745,0.0008632242952509532,-0.00016493487500599595,-0.0033843788395639886,-1,,0
554,0.4994535028083499,0.2115901617855388,0.11918368325102469,0.10474630906546342,0.039440968431500724,0.02558537465812261,42.3228921266204,33.57324664509904,3.466131792903771,3.466131792903771,True,46.17183429292275,7.379251494908371,0.05588832715169792,0.002813799098853063,0.0003060635077388899,-0.003126558328498001,-1,,0
555,0.08437461526455863,0.01951003962373197,0.5153327142380774,0.057016003172225896,0.28898520723951376,0.03478142046189231,32.173455830558225,26.346775094668512,5.716166794442268,5.716166794442268,True,66.72034514639374,7.1441096502235135,0.059596724759293666,0.0005309158066877917,2.966636435832939e-06,-0.006656911596621631,-1,,0
556,0.1631856853565823,0.053266837885655796,0.12781254448711635,0.6306625093657087,0.00384459228955247,0.021227830615384437,33.63038007374709,35.32596728578838,3.6201492382320613,3.6201492382320613,True,67.69867941192841,7.400580667279839,0.20232984746576882,0.002373334939298484,0.003255221943959072,-0.0012311464979158178,-1,,0
557,0.0007745497582510102,0.1413717596472963,0.2690753779920777,0.4983157874189399,0.05540418594290674,0.035058339240528535,43.535387829779864,47.3111847862793,3.1003371039097583,3.1003371039097583,True,60.54084408252637,7.483644919140592,0.07821607170522901,0.004432590897225611,0.0014623948697617636,-0.0010935547708452416,-1,,0
558,0.2549262986828657,0.5190670209903726,0.05252347600159967,0.11192374293102998,0.01602790871078077,0.04553155268335124,32.82983959061327,23.170498383910783,5.856262297168601,5.856262297168601,True,63.86627408045156,7.167547902889336,0.0695243398397585,0.0007495256002827465,-5.8577539796147524e-05,-0.005742691396045608,-1,,0
559,0.1345778779394608,0.04038861057368788,0.39918296598109815,0.28122250493247575,0.1012551565624929,0.043372884010784304,34.020930003705104,32.717369217139705,4.256011063843044,4.256011063843044,True,63.777364371638804,7.301761362171528,0.07606319862773611,0.0013792315413490113,0.00016815096185731615,-0.0032736289646797825,-1,,0
560,0.06828059466281855,0.554612961797366,0.06652700530798727,0.10194527572151611,0.2054513500517008,0.0031828124586114033,34.236358228994966,36.350136392668034,4.30644602768787,4.30644602768787,True,58.21881452427987,7.226293718324969,0.0453749183452425,0.0006706174840300973,8.249782350054806e-05,-0.005289419848803264,-1,,0
561,0.3237629543157486,0.24968112544054893,0.09985537975402287,0.00755692474103854,0.22136135020320882,0.09778226554543218,36.08798046759527,22.828621867763044,5.488743784503878,5.488743784503878,True,58.79654811223152,7.2269766082199505,0.0676151589649985,0.0012071399729686576,1.9175335752213025e-05,-0.005023545061073498,-1,,0
562,0.03224930491459876,0.3553358419169347,0.02719144310619241,0.48399887370412426,0.09643699205800585,0.004787544300144047,31.914616115252652,25.143711502389237,5.802320515329409,5.802320515329409,True,88.66718081243378,7.288253905455579,0.12496702585832709,0.0013154104264402637,0.00016172579936994823,-0.0029652118505261813,-1,,0
563,0.4733986281592313,0.1361761338385201,0.30905179467811633,0.06991400749114318,0.006490460564910961,0.004968975268078298,26.892795364987773,16.642505296558923,7.26543362667421,7.26543362667421,True,59.43831608416392,7.071288304675795,0.12120990804998448,0.0003889705497898936,0.0002363383851455613,-0.005811256308766735,-1,,0
564,0.06641336164090941,0.2624634142723734,0.002366302775607603,0.4335666842968619,0.005651386109639897,0.2295388509046077,39.462276042907725,25.5638684608832,5.010110736924025,5.010110736924025,True,80.76452979796049,7.407445189574384,0.19923280160776344,0.0038540652979282995,0.0024404820554098836,-0.0018109658092222976,-1,,0
565,0.1975394168637414,0.03616587812486638,0.43289760242771413,0.2898112144126986,0.04348738798994812,9.850018103127176e-05,29.290779451202873,32.50689642299429,4.224375696065379,4.224375696065379,True,60.39219006150473,7.245824296832541,0.08206173679265961,0.0008188457088366205,-8.363472075411716e-05,-0.003698172713742466,-1,,0
566,0.012849489007469085,0.22891904310771116,0.26184293606623743,0.04729044786932945,0.24473075102241326,0.20436733292683978,40.11079084946854,20.296894493814857,7.125936166267818,7.125936166267818,True,81.40304612919844,7.224438292535507,0.06580266044803557,0.00169322123897934,-8.787393453446539e-05,-0.005490111558632032,-1,,0
567,0.11070850219547028,0.18145355681096897,0.1373595927610021,0.3313036977893036,0.08040979806985807,0.15876485237339696,41.53579763847489,47.100194385001984,2.786656786336765,2.786656786336765,True,50.33925156721369,7.459961952124038,0.09130181237407468,0.0041018996987962335,0.0015923626088831608,-0.0013239299817860669,-1,,0
568,0.37032592028815164,0.06990532267591551,0.264891300384325,0.21050960896309595,0.030681720439498458,0.05368612724901333,36.94789058147681,36.75790635966318,3.2995718589240735,3.2995718589240735,True,48.7537482917512,7.356997370493555,0.07259143418105214,0.0020697258582287525,0.00041084666644889144,-0.002657972460281237,-1,,0
569,0.1316648329512773,0.14230476590384447,0.36540435784781194,0.10131263244898253,0.1206909351469442,0.13862247570113959,26.05151980646111,47.820795640876256,2.890153754736465,2.890153754736465,True,42.40191517792855,7.243724027826301,0.07099725263631507,0.0006548915818373748,4.581560436954299e-05,-0.003300390870675907,-1,,0
570,0.4752953830977883,0.010228899631574105,0.4840599664003327,0.02912826126848043,0.0006510647660376138,0.0006364248357867956,32.84969468529888,46.95601602181719,2.602487162407727,2.602487162407727,True,34.93581577970982,7.283392799566933,0.04650146577467666,0.0010243048187245272,0.00020748027463222369,-0.0034747651724856706,-1,,0
571,0.19684641706229475,0.1011632652340409,0.23873371287138004,0.32598838445345124,0.12382418644428253,0.013444033934550405,25.770839986468715,37.21675222679688,3.5887978969850907,3.5887978969850907,True,54.65554725028359,7.258858632068489,0.10528942501392254,0.0007297028654632148,-3.097058780065025e-05,-0.0029388088809749325,-1,,0
572,0.17235170640751835,0.008143446011026893,0.2395099312291973,0.25964637985412703,0.10016942738233948,0.22017910911579097,39.869199224447705,44.08581348276727,2.8019630838364042,2.8019630838364042,True,48.27106985931486,7.441173536539225,0.10626721574148741,0.003750480140380777,0.0017410586739831269,-0.0014808990036024006,-1,,0
573,0.3865495928895887,0.13552213984657643,0.13393989756417735,0.0028317588118887396,0.07352940026875653,0.26762721061901207,34.92834964878617,28.6302976142902,3.9333792512760626,3.9333792512760626,True,47.33469547117539,7.3072629930975275,0.09686919654829626,0.0018425489573530196,0.0002549305422004254,-0.0033945439997257586,-1,,0
574,0.06912196392177486,0.005143652475001272,0.004186916429719489,0.06914535400549886,0.7978111379342109,0.0545909752337946,25.10946217669255,41.46598849974397,3.3478137262723915,3.3478137262723915,True,48.81340318539835,7.256432542952386,0.08120005645544204,0.0005777849464580602,0.00021293394926884084,-0.00325382547517554,-1,,0
575,0.14982836316201958,0.006183312303898972,0.32108302295058205,0.44994279718483204,0.03391547075053336,0.03904703364813407,31.61432133492211,45.150544791301584,2.9508955304774998,2.9508955304774998,True,53.35888920663767,7.362238341507652,0.10768093454658882,0.001604828870768663,0.001014860637169299,-0.0016420874802366388,-1,,0
576,0.5728376423120699,0.2595187445730442,0.0352204466284683,0.004782509452249082,0.010461417327707409,0.11717923970646119,32.46121175116106,32.60311642522822,3.355667139918588,3.355667139918588,True,39.10673301599517,7.280178540799103,0.07458586335783186,0.0012722642552277924,0.00020898858601710494,-0.003576736043796717,-1,,0
577,0.09163650321230597,0.4063598933882231,0.04644859055442157,0.19663187936642107,0.19204496612946265,0.06687816734916556,40.49815806762656,29.863619153851264,4.808193541697795,4.808193541697795,True,68.55043758754948,7.335742404691172,0.059418463644470614,0.0021512881468413224,0.000216328065690094,-0.003662108500900332,-1,,0
578,0.008663348776022803,0.17754221303547543,0.6230816497061747,0.14031854844021358,0.029077907606160802,0.021316332435952552,35.72975847504502,48.61663813926942,3.3902043018066697,3.3902043018066697,True,52.38104469753484,7.2761608683446655,0.03769344952463282,0.000779042770121825,0.00012904478860345297,-0.00430479061102926,-1,,0
579,0.0792695936510423,0.18296376951019183,0.22972641207216848,0.00748349871396135,0.03414276459664737,0.46641396145598873,44.27159824444307,44.22568486809614,2.7955544900891702,2.7955544900891702,True,43.42705352376488,7.456531177204879,0.09505060287690419,0.00542998725642688,0.0015703980460017254,-0.001886859787529209,-1,,0
580,0.23008265360895708,0.03828339372537853,0.017089848566338543,0.34521140379401993,0.293821942822192,0.07551075748311388,28.75218585530067,33.7709077720632,3.634644455741987,3.634644455741987,True,57.2545181209835,7.324528374369407,0.16147245457978848,0.0012853445298679365,0.0009445701855918057,-0.0021766632404547743,-1,,0
581,0.1256656047750347,0.20108889648333383,0.5406661354408128,0.024376611689218834,0.028803765320141193,0.07939898629145871,42.56294849311075,24.978557457957507,5.976031053878729,5.976031053878729,True,68.90356885386531,7.21583805780385,0.04330978770888781,0.0013069893464478218,4.201084392137012e-05,-0.006751547868175323,-1,,0
582,0.21718445903306896,0.1666152903146995,0.3353344254009311,0.22170190871472806,0.011939693274606611,0.047224223261965674,27.0221233187117,42.438516089596874,3.1790383604666066,3.1790383604666066,True,47.06238061272107,7.250963810940425,0.07590392791019225,0.0007175059553339191,-1.6073658087952512e-06,-0.003258180321682189,-1,,0
583,0.25345560060550654,0.017927775027432476,0.01035813658856966,0.5153010296565993,0.1945564369099852,0.008401021211906798,34.635271027243434,32.57570721436714,3.73780280676164,3.73780280676164,True,65.13177610266793,7.4007334768198225,0.17092727494395804,0.0024261720766322143,0.0022414427449842,-0.0014753026631869875,-1,,0
584,0.45406449724127385,0.06086027248607642,0.04861052389231564,0.22597886787352853,0.0632494025952302,0.14723643591157531,44.64288592635689,34.28845721976288,3.1876026813463847,3.1876026813463847,True,48.82223418051375,7.46762686720284,0.09544156302168309,0.0052318618775064095,0.0011701528514641932,-0.0017685866246833193,-1,,0
585,0.28330082667321804,0.004378745892530642,0.20150105673136898,0.2513110692650352,0.2403983982779693,0.019109903159877744,33.49958771332203,24.79937471388791,5.075033644117574,5.075033644117574,True,67.44378091353148,7.285847715735346,0.09729671861853469,0.0013568816362866584,2.549479272352542e-05,-0.0034207886817124726,-1,,0
586,0.49503160783088984,0.010595674359719873,0.00849459517316303,0.2046494452080364,0.23473783949270605,0.046490837935484856,33.35238585308091,14.73596332714675,7.479367097288048,7.479367097288048,True,76.450896400483,7.243484579552867,0.15580260515234856,0.001276793798570911,-0.0003779200108922577,-0.003213316595355914,-1,,0
587,0.26314552537465774,0.0015060083859632354,0.3515807598475096,0.17894370228257414,0.15197619164455098,0.05284781246474435,40.89501116835144,43.50867432748164,2.9657099009554604,2.9657099009554604,True,46.875385490794166,7.405145421073275,0.05744389727188993,0.0027633453130817822,0.0005491023967567585,-0.0023813805365788246,-1,,0
588,0.2506958648511239,0.031314087243101425,0.5394733998592193,0.07168633696154335,0.0067963221076838,0.10003398897732828,30.687942691468177,22.151864736397762,6.001287587354536,6.001287587354536,True,62.42413234688582,7.13675007545987,0.08037463079246841,0.0006417662849693543,-0.00011618730099433257,-0.005971961663189836,-1,,0
589,0.3264147642892519,0.409903437004155,0.17902174953722422,0.012812342714909853,0.06872234613044183,0.0031253603240172685,35.409148875344556,28.54702858726004,4.715014729905975,4.715014729905975,True,52.368470455351215,7.195685756601338,0.04924248717542608,0.0007829298175129566,0.00010492121403820076,-0.005927348390758142,-1,,0
590,0.04404409878703846,0.1631154096408807,0.03028462859376131,0.20725866482230532,0.2086965850086851,0.3466006131473292,38.802535391569194,16.53566800597818,7.590655706716984,7.590655706716984,True,93.49503330070446,7.311784410507533,0.17929929365645422,0.0028597724012410803,-0.00016070220633999273,-0.002917995594101119,-1,,0
591,0.6849516252603275,0.04810166794815354,0.11799377940739,0.04390883599658164,0.004052763564434084,0.10099132782311311,38.36661481590308,25.06936031499506,4.095062695846593,4.095062695846593,True,46.079959175894274,7.330018486441523,0.08084074668046486,0.002206066299857037,0.0002135627367980627,-0.003333570892938549,-1,,0
592,0.22078451353567563,0.07177235555723778,0.043884653471189715,0.03991542654634643,0.16686630984008174,0.45677674104946875,34.234543943690184,30.890035759294886,3.5980089058173848,3.5980089058173848,True,49.271335208063945,7.3589355300878685,0.1922882673386036,0.0024738888779577846,0.0018581604823881446,-0.0024114194046316985,-1,,0
593,0.21991507850757908,0.1154102120193514,0.18352853954911166,0.05007720238376918,0.12574227803648888,0.30532668950369973,29.28652805709973,15.584946167164828,7.713901656918451,7.713901656918451,True,71.14020669257438,7.145390272319178,0.17689035246668577,0.0008465749194223284,-0.0008452162944874946,-0.004577440815457543,-1,,0
594,0.05050153005663008,0.12796737979406783,0.05555313503551639,0.4750811886362445,0.11249578931742452,0.17840097716011655,28.769486060246027,23.765643122533923,5.459534038691563,5.459534038691563,True,83.15299537012122,7.292786944883636,0.3589337238909303,0.0014108267389375605,0.0011207553393837858,-0.0023808023697869155,-1,,0
595,0.11339880949611787,0.19978852394226335,0.14781320541074897,0.22389787428021807,0.2545232720195274,0.060578314851124214,26.936202986099428,47.892791829184176,2.9068934844470338,2.9068934844470338,True,46.57854481541354,7.283247215977536,0.07755955552756161,0.0007770783460974323,0.00023001943400582318,-0.00264477684189194,-1,,0
596,0.16730517690142455,0.02913708963761086,0.1408587702548629,0.24146933960502998,0.003921462458770298,0.4173081611423015,33.09988122991635,42.35878410026996,2.690111241300532,2.690111241300532,True,45.38734807919679,7.396770460729988,0.24552633702689444,0.002644137977375908,0.004901098814580927,-0.0015100259601462274,-1,,0
597,0.35364557862576035,0.3963113895742751,0.004511853819269519,0.1988930720343288,0.028777363992807843,0.017860741953558284,38.03338935869988,44.85636346964856,2.800890355764474,2.800890355764474,True,43.07718618645026,7.374543294789403,0.05714556280250428,0.002110872736021222,0.0004490289082621216,-0.0024880177722083657,-1,,0
598,0.24673193067548654,0.3321990997133952,0.1400715425860745,0.24171881470187873,0.003908706085372418,0.03536990623779275,37.68468867933457,27.161044854296506,4.885062112430734,4.885062112430734,True,66.01489957532948,7.302813610648935,0.06941445828742637,0.0017396626129757523,6.744219098924961e-05,-0.0037152562061640044,-1,,0
599,0.23003683866568428,0.05151465563340226,0.09362675284703685,0.5373365083502728,0.0010930355413084729,0.0863922089622952,35.69201502578551,49.7417198714739,2.4330995072001174,2.4330995072001174,True,48.00513874141128,7.44273922511216,0.15240295175258536,0.0030123133314084293,0.003200946243362268,-0.0008034302036594102,-1,,0
600,0.2985362431567667,0.2915084707064994,0.16227082814948443,0.14686256638844483,0.04891861496990338,0.051903276628901276,39.115940072589765,22.07059466787723,5.852222798413328,5.852222798413328,True,68.68104956666687,7.265877280178278,0.06590949329054215,0.0016553602197018039,-2.91136238498314e-05,-0.004493221317469287,-1,,0
601,0.15700672874875624,0.16641067801725157,0.348507380687675,0.10071383616034857,0.16778531285316647,0.05957606353280215,43.71748204022161,43.499029751511074,3.2488443076969578,3.2488443076969578,True,49.29234054373279,7.398205038517652,0.043230369086764524,0.0026944736977838305,0.0003558428047564158,-0.0031047523854019826,-1,,0
602,0.40375509618259003,0.12787064598473336,0.08482634405510008,0.21038124661443314,0.16650678495818447,0.0066598822049590495,41.69415328653872,16.230306838983175,7.372491273555948,7.372491273555948,True,82.16024021988353,7.301058170352963,0.08224399699974688,0.0022852110128396483,-9.307315295729876e-05,-0.0034898212312812513,-1,,0
603,0.19936306294028078,0.10065028106061324,0.07230376503724549,0.2613797502728915,0.3219964242541343,0.04430671643483448,35.697963059517406,46.62979431514838,2.7802251423845967,2.7802251423845967,True,47.25826040507885,7.392897997790316,0.07592201313507674,0.002060843826795752,0.0008618323094291904,-0.0018335360308601048,-1,,0
604,0.4114861227451137,0.07718830033606047,0.07183441787587434,0.1355997607484149,0.20802878098084748,0.09586261731368899,36.34896227098647,25.889332058912963,4.450134320750369,4.450134320750369,True,56.44578468343136,7.323134696271723,0.09195373925577491,0.0019182925896657564,0.0002018109193229073,-0.0032138041234833696,-1,,0
605,0.04319718084963019,0.07756804515051603,0.4165171199955294,0.2472942342359704,0.022685137477065766,0.19273828229128814,44.37504642723198,22.426167403243312,6.200045653085729,6.200045653085729,True,85.93184326843641,7.362244707787119,0.08142645378870747,0.003769953216805766,0.0002118197468498956,-0.003250587109834141,-1,,0
606,0.5830461080260576,0.013119454387046326,0.04979350293582329,0.08027979054472524,0.0010575594140676938,0.2727035846922799,28.787269833457078,21.44189207361581,4.657394398193868,4.657394398193868,True,49.74791473150968,7.26211187571643,0.21389825134763196,0.001199049553916321,-0.00020230835771981926,-0.003166870928351516,-1,,0
607,0.3812328829021692,0.014357169280536963,0.1734744658315752,0.19560957745713003,0.09121704158837156,0.14410886294021716,42.34606081002363,38.31375577605791,2.9906667125757305,2.9906667125757305,True,46.51898358615957,7.441879691590748,0.0854954698999442,0.004092503725752865,0.001033206882082813,-0.0019038622761483235,-1,,0
608,0.22269984311156973,0.010707497860574643,0.3593943018368227,0.25928156257468743,0.008990594716099606,0.13892619990024585,41.60038358318056,49.035901614715854,2.5767819110073447,2.5767819110073447,True,44.52031166812905,7.446048009011483,0.07480388876895087,0.003768783470616536,0.0010958825681443292,-0.0015995012839867188,-1,,0
609,0.18671224952313087,0.05815098934814354,0.6370343354728297,0.07525126072769386,0.03288603257289642,0.009965132355305462,41.843093110337435,47.73529405111412,3.0653588456714176,3.0653588456714176,True,45.55888080578812,7.351564918230088,0.03530592818744262,0.0016962689705792178,0.0002390976254750466,-0.0037471823291913,-1,,0
610,0.10180441972697654,0.13815575085719006,0.136496807404301,0.19168130881266474,0.2405888560605674,0.19127285713830006,27.538705135818397,41.8315426066788,3.142062610076044,3.142062610076044,True,48.73673883263437,7.2977700795895695,0.11504365789579145,0.001048226931000879,0.0005061119103546957,-0.0025146954353128057,-1,,0
611,0.4617215093274344,0.1673696777254854,0.04916230885097274,0.18511395033461983,0.10732737826100566,0.029305175500482013,35.91351388162096,31.739823803194426,3.645070623387095,3.645070623387095,True,49.82834999151223,7.338307314665986,0.07920753201937726,0.0018469019095623933,0.00030939875988466605,-0.002908323952895761,-1,,0
612,0.09331578252804072,0.4965887736277743,0.2011394600253143,0.1536183539223373,0.007056959830376872,0.04828067006615646,42.978431526410276,48.87215274586845,3.0958656937277835,3.0958656937277835,True,48.84572238923209,7.388398457816293,0.03898424272788121,0.0022767461513401093,0.00031775276156655193,-0.003127110908643086,-1,,0
613,0.2476978729122223,0.19896396548482406,0.019793503406432083,0.30245044184380776,0.09589346469841067,0.13520075165430293,39.09676646086362,29.317535578871357,4.162969842100933,4.162969842100933,True,63.31938739434238,7.393215483559971,0.11392700295660534,0.0030855069522870916,0.0008936729261677268,-0.002207076208222839,-1,,0
614,0.38925194341834096,0.12314963813738379,0.10825608543081708,0.09701828739573753,0.2673583226332887,0.01496572298443186,34.12807715803691,25.453658288927272,4.790895916122288,4.790895916122288,True,56.61964084279537,7.25838160618205,0.0735333526333399,0.0011635290241876618,4.9216100534382405e-05,-0.0041836183120582205,-1,,0
615,0.5903041573314751,0.11392025026646836,0.0029177553552049195,0.16738876975929545,0.013264489925903141,0.11220457736165308,32.23198059145325,25.660273667377254,4.08431708248414,4.08431708248414,True,49.86156458122491,7.30492094002666,0.1274465111038758,0.0015202121282483084,0.00016983723765155956,-0.0029533481392526742,-1,,0
616,0.013783299341937795,0.1735716392760904,0.22471088449093457,0.26391085355093263,0.12838000481248835,0.19564331852761624,40.597396877446236,27.842915716809046,4.996542318196024,4.996542318196024,True,75.42621185756472,7.3723199866788045,0.09574156392796324,0.0031348270533135074,0.000616998584680856,-0.0027457512841895584,-1,,0
617,0.5080427768995552,0.1825329717285498,0.06686681923737832,0.15200519437655216,0.021680414000453525,0.06887182375751116,43.61368977089241,34.4888403437581,3.257955692660119,3.257955692660119,True,45.969263154706596,7.421845178209471,0.06708628718522548,0.003803517266300016,0.0005259580053680823,-0.0024841941519047374,-1,,0
618,0.27781062305263576,0.025277464742872787,0.25204197545858,0.14867845165839486,0.18848675490756822,0.10770473017994829,25.703519643688395,16.30093365269918,7.630929914144865,7.630929914144865,True,72.38301841032278,7.110614044424251,0.17728935878936414,0.0005080316778369622,-0.0006344128104792782,-0.004874313564545042,-1,,0
619,0.1592200546740912,0.3920776503482291,0.25252007475003513,0.07873024330302228,0.03358711448881493,0.08386486243580747,29.116395860260152,49.029440975586425,2.9162193125680296,2.9162193125680296,True,41.749938030007534,7.243077526740941,0.05171882816656945,0.000672352259598033,8.213036136541246e-05,-0.0037805220826775117,-1,,0
620,0.2425917643078246,0.33752692704136167,0.17670900007188498,0.08556987526703337,0.15690144116792606,0.0007009921439694055,29.3740845230327,30.630227051522052,4.5217503087362525,4.5217503087362525,True,53.817359865420926,7.174784737904114,0.0626701821673917,0.000527514472085046,-2.120245563527071e-06,-0.005419708408547626,-1,,0
621,0.10685308661876657,0.018061740944835127,0.15184840676947295,0.03753136261876462,0.581839719055486,0.10386568399267483,43.72353863280392,49.087709196574295,2.7819701699095045,2.7819701699095045,True,44.64630790430694,7.450088157642805,0.04967799133781114,0.0033661589697640735,0.0007012773745777111,-0.002202848476000052,-1,,0
622,0.11102052708550668,0.0549255596587263,0.16743729554580122,0.15108702418036257,0.022642595001801623,0.49288699852780155,28.902484821846727,32.742788588149416,3.5325302688604916,3.5325302688604916,True,51.40460813316953,7.317597144699278,0.33020808493833337,0.001675204426960047,0.003050639337383093,-0.0023435506222583015,-1,,0
623,0.48742674347194104,0.11742645665932175,0.021905258934556335,0.346476303168761,0.021590269451688487,0.005174968313731221,43.24897592591284,31.4887553477736,3.566412289121908,3.566412289121908,True,55.27994662958432,7.446403347030985,0.08973824482630104,0.004249506841148819,0.0008305457491853237,-0.0018709367988776029,-1,,0
624,0.4368616218397628,0.13493519257321435,0.22031382185795484,0.033521980667036544,0.02675262352788083,0.14761475953415065,37.51979113398161,18.074690064381645,6.403334287202579,6.403334287202579,True,62.64375073046631,7.232025111929373,0.08344032600611101,0.0015201496261353128,-8.968897298796194e-05,-0.004493231375771061,-1,,0
625,0.37072129707684126,0.10762349393956878,0.1475594734198623,0.18402372441571918,0.008326636982229513,0.18174537416577896,41.011672413477,34.711556340223325,3.304491722092473,3.304491722092473,True,49.13568087182126,7.4141445373197925,0.09181030433738235,0.003611150263621208,0.0008706169899832955,-0.0021798424974348385,-1,,0
626,0.4213585620534418,0.047146915456490524,0.0261946491168649,0.2625954359085621,0.19842127886706434,0.04428315859757628,42.2827365838545,47.95372428023136,2.3828488002860477,2.3828488002860477,True,40.533497662721274,7.471539186818539,0.0775223255012337,0.00415880598005862,0.0012700037808416388,-0.0013888232710527223,-1,,0
627,0.13446461349035221,0.016519032828850026,0.10523363971871251,0.04261959474816494,0.18110081004293688,0.5200623091709835,29.518579158335648,27.51366262703349,4.111278689255115,4.111278689255115,True,53.36222026714953,7.299403352641219,0.3042112828658781,0.001637471212979719,0.0014289598597890137,-0.002796612209845488,-1,,0
628,0.17346261457092557,0.1780784646249183,0.12432163911769391,0.40559043995569327,0.0580222680292249,0.06052457370154413,43.91387303648946,25.13239289493661,5.2019051946701085,5.2019051946701085,True,80.64668312990862,7.4226006591272675,0.09752529480064207,0.004291135902748549,0.0007326128140800688,-0.0021640542688778084,-1,,0
629,0.06307517390119367,0.009337860709451225,0.38813126146501586,0.1948552010440219,0.021240216906983495,0.3233602859733337,40.4154642733074,31.6190676868302,4.0779410982545,4.0779410982545,True,62.390392015134616,7.394983459228867,0.11579888327997871,0.0036535610577960896,0.0010902462915186365,-0.0023388052636155038,-1,,0
630,0.12992638339130116,0.23952310916068192,0.21884624138378905,0.15780843708703626,0.09099736842092672,0.16289846055626492,28.656175408619532,22.829364758138063,5.916045117364529,5.916045117364529,True,68.60883167218724,7.175324457401276,0.11210101554004515,0.0007545929847189917,-0.0004509740713789956,-0.004875704827103642,-1,,0
631,0.07970292065327149,0.3111354965578919,0.0640807912911943,0.19518740192651085,0.31776505565463403,0.03212833391649743,38.063837700456375,36.914135787395736,3.9330333519363334,3.9330333519363334,True,60.1290179796783,7.345349644549248,0.056156973708959036,0.001750984092804338,0.000328871940122062,-0.0031895212247944945,-1,,0
632,0.2589487738476112,0.3505877544377697,0.004249141932649803,0.09270334845873149,0.26633599737792235,0.02717498394531554,33.695194936180926,19.145824106484586,6.920562890809383,6.920562890809383,True,71.33051647178344,7.165995475744785,0.07869336105898243,0.0008034464596711633,-5.053798447282349e-05,-0.005535597806745545,-1,,0
633,0.2939394032343549,0.09181858879241561,0.10505923515285814,0.08968659385487354,0.40197696301045027,0.017519215955047532,39.43813559025352,16.75492166450859,7.611608461750999,7.611608461750999,True,79.39432464886272,7.232922417102471,0.07283452176140376,0.0014610260806397907,-4.390348347815685e-05,-0.004645186076651592,-1,,0
634,0.11896513700037749,0.11151507686036488,0.22119346223563238,0.46377228956999184,0.03767031692767128,0.046883717405962116,27.14624725665041,29.905908094615153,4.517309637112053,4.517309637112053,True,70.57313965086375,7.276811469710837,0.16693957922706543,0.0009916623031679865,5.933675760115333e-05,-0.002638436782022267,-1,,0
635,0.30853883923960024,0.3876516967138536,0.05230185663083927,0.061371542902165094,0.18929833444984603,0.0008377300636956934,35.39099196219388,30.327716591129793,4.367724954491098,4.367724954491098,True,53.09487661040372,7.247362217843503,0.05315335309532622,0.0010178549230296509,0.00010010310914131128,-0.004798276387910223,-1,,0
636,0.11618608490078436,0.31242743626108443,0.11469445132395252,0.028144751481126527,0.050095376522252044,0.37845189951080016,33.73334978677679,49.79259571318433,2.5249430661803007,2.5249430661803007,True,38.838656971843626,7.358751117698724,0.09372047692967198,0.0020434185846775477,0.0010131723208014014,-0.0021601961117485597,-1,,0
637,0.1052561858585788,0.21750912984106457,0.1543057340520614,0.2642231096469941,0.23802648925107048,0.020679351350230708,34.72561225341164,29.11786322959324,4.885162061275048,4.885162061275048,True,70.24653051657883,7.2905040334031295,0.07392755035469713,0.0013353636050923712,0.0001256371174170078,-0.0036321895078744353,-1,,0
638,0.13529597432050192,0.15283373889973828,0.17635556529920876,0.4196058585859466,0.00664237546249947,0.10926648743210494,36.85913262299232,19.118710888927296,6.8522340165935365,6.8522340165935365,True,94.75271228294369,7.316096133723841,0.14854202733964286,0.002248170058762121,4.057289565938935e-05,-0.0027521105592565663,-1,,0
639,0.24235529940962333,0.0184334529444186,0.008892127672873893,0.3206056468832916,0.30105301976710513,0.10866045332268753,44.62774202506003,28.760203160506887,4.182266515830429,4.182266515830429,True,66.69331203536852,7.467673728868644,0.11166440161786496,0.005267496340947513,0.0014159387154772285,-0.001704836149185586,-1,,0
640,0.1571976403919372,0.06918734103681343,0.12186905297596022,0.527213913986031,0.010914264881243576,0.1136177867280145,42.93510743181397,29.02244692931739,4.313799375408114,4.313799375408114,True,75.73839270404518,7.468120096735107,0.16272009518529013,0.0052714182105977085,0.00275841860583764,-0.0012555460873044373,-1,,0
641,0.2611604269517965,0.012700218138089234,0.24126634766537378,0.35190991885292594,0.09844047045104218,0.0345226179407723,26.206616371484436,42.88854184375228,2.9351798272147493,2.9351798272147493,True,47.904372670232775,7.299510717636807,0.11756767779854202,0.0009223751473890643,0.0003869239138514322,-0.002172940792588453,-1,,0
642,0.2538059726010181,0.017793185267508234,0.3090726095875403,0.1884972929010253,0.04825507074380083,0.18257586889910707,37.96367459334269,41.270281902957805,2.967292058644003,2.967292058644003,True,46.81224159474026,7.392962002717724,0.08630156189335605,0.0027280871241233662,0.000880172516536305,-0.002113039094955945,-1,,0
643,0.2086183389801721,0.1945877265220713,0.3168775745705848,0.03740749376144686,0.01702052524481945,0.22548834092090542,33.56339727017747,35.5174697698658,3.6221784900902794,3.6221784900902794,True,47.73608580671964,7.281774211675277,0.07237947613481345,0.001393084388568358,0.00015275147084666823,-0.003710786504737959,-1,,0
644,0.06340195170372336,0.38071435594078745,0.31925283792153497,0.20187836422743577,0.021895028291642093,0.012857461914876267,42.12458007593215,35.2426177148755,4.420869536160124,4.420869536160124,True,65.20263542293755,7.329405216362326,0.04251416531034816,0.0017957262137302205,0.00015698673850336444,-0.004218583500088748,-1,,0
645,0.047797423762235475,0.20749478888623363,0.22460128341673938,0.20616266514249906,0.2918882046367383,0.022055634155554234,31.953472696718066,36.501183774648,4.102252332248485,4.102252332248485,True,60.925384640644474,7.268635173854959,0.06186340121213549,0.0008966616891355853,0.00011524778110134298,-0.0038150265746383443,-1,,0
646,0.26876097886180267,0.20227933129253617,0.04440162448566114,0.2773075904028846,0.07873784841504447,0.12851262654207102,38.43708377228135,48.423478500265,2.5161248035356976,2.5161248035356976,True,43.337914893475485,7.428818637773135,0.08836023869418116,0.0030782539838366497,0.001303781187162207,-0.0014974080147392018,-1,,0
647,0.15079640141463158,0.5517551355470038,0.03717482540752275,0.09637238177597308,0.008706714030524493,0.15519454182434414,32.418246430833385,27.003270700565245,5.104920592129699,5.104920592129699,True,60.772743204575264,7.205096847445051,0.07358735890060462,0.0009453177045785162,-0.00011205349842648653,-0.005070937109798781,-1,,0
648,0.2312216048862571,0.18700116107447118,0.27203477409223464,0.11045741271437505,0.15273216141771964,0.04655288581494251,41.24245922374118,30.230492589709648,4.463655328394375,4.463655328394375,True,59.462974103896876,7.3259529126528475,0.051894774806287895,0.0020463419939021916,0.00015529685919951936,-0.0040455880002627604,-1,,0
649,0.6468497797558722,0.10825469397469205,0.015430922753820527,0.22475401112974075,6.282184712005558e-05,0.004647770538754223,39.73146186231466,28.388378578143683,3.7174568079135417,3.7174568079135417,True,49.9597494998139,7.384126861725831,0.08531275171539028,0.002801291039944651,0.0004102344322084473,-0.0025367018100365796,-1,,0
650,0.166744841776386,0.12029448512041381,0.010982430556314334,0.49065749111957163,0.16506831132309674,0.046252440104217606,29.30990283625401,39.808153711240436,3.205973515345136,3.205973515345136,True,57.24703394834974,7.356780602261394,0.1714210263944494,0.0014881219253013317,0.0018972800508728679,-0.0015410813963789144,-1,,0
651,0.3823859248767915,0.0582347937111786,0.04814889050639779,0.4511191705334571,0.056193603465885505,0.003917616906289378,27.6231033836942,17.943346541252325,6.4842930124840334,6.4842930124840334,True,81.59402345972045,7.243659035116327,0.27448626601762727,0.0009715912023248058,-0.00141995542122258,-0.002746060488534742,-1,,0
652,0.017150881758628663,0.1652947606019017,0.22421895147378082,0.008524226860811487,0.14605650827403185,0.43875467103084526,37.536499655684175,39.89079200768279,3.2283178090242752,3.2283178090242752,True,48.17243365775302,7.377327019912904,0.10546563908595159,0.0028860859097942825,0.0011754752637176528,-0.0024300934066588684,-1,,0
653,0.15393851175945855,0.15226717469123222,0.3388392327709161,0.24526705637870075,0.050116705752622996,0.05957131864706946,42.893757737356296,20.903459896635667,6.624780983412981,6.624780983412981,True,85.38049940504517,7.311634211228705,0.06611027504751547,0.002507050909158149,1.8511008575717152e-06,-0.003978417011419999,-1,,0
654,0.7831795942803185,0.006508474355783075,0.06817374941109405,0.07944370633119839,0.031143562702303368,0.03155091291930268,27.214485172011088,48.241866380905165,2.060904944808752,2.060904944808752,True,27.951192396883727,7.308114983682458,0.08289448430419186,0.0010302948655429756,0.0004824601546202795,-0.002245747700393486,-1,,0
655,0.4017017830198749,0.43585547655719353,0.009835419226520018,0.12507905554077978,0.023112712383748745,0.004415553271883006,28.088461760442847,17.90667929018558,6.980619342956857,6.980619342956857,True,63.90760044198578,7.106717398177742,0.10971766768588927,0.00047999148133014315,-2.8426393568697267e-05,-0.005563176447916878,-1,,0
656,0.15065002340598918,0.09820035417184149,0.24179501085263985,0.4272364934329321,0.08172514834302402,0.0003929697935733813,30.826589071169316,31.175654161051497,4.3675948490465295,4.3675948490465295,True,68.77318970721205,7.303616870733525,0.11202498183932406,0.0012410756645260378,0.0002527067672259523,-0.0026780931256361637,-1,,0
657,0.2444025894327869,0.04710172073547222,0.4594642899454822,0.1386032408162718,0.08429918620459823,0.026128972865388705,42.65651132068156,40.42184090919468,3.3502336467546807,3.3502336467546807,True,49.947307107097586,7.382631091198925,0.046069521618186164,0.0025188948410325906,0.000311140889914043,-0.003164631568796862,-1,,0
658,0.2754270224297571,0.08030405497472562,0.021194636626100508,0.2132413617134809,0.13533441271085656,0.27449851154507954,39.1631510768527,17.007222714240147,6.6747856084391355,6.6747856084391355,True,81.02455157333604,7.338173874761992,0.1715610041929661,0.0029774267853244323,-2.4841052294544002e-05,-0.0026405819868415576,-1,,0
659,0.10949023724883873,0.052603540228492146,0.18618066480688109,0.6021021737821496,0.0008601247762697608,0.0487632591573687,32.15365263051949,29.136197043467117,4.517608163320502,4.517608163320502,True,78.47666994137138,7.359421100733318,0.2286617258880574,0.0019574826825528675,0.002430366435834449,-0.001712484399624241,-1,,0
660,0.09215766192546132,0.048420991514891806,0.24512118508442365,0.5917146218759695,0.01993401536113831,0.0026515242381153527,27.94851906971172,20.9371880850669,6.534815426516522,6.534815426516522,True,97.17430431004705,7.259789589174921,0.2561918406447323,0.0010660571330415966,-0.000541860936977814,-0.0026399465781713626,-1,,0
661,0.68290449120525,0.06791954828497115,0.0440640103964061,0.07003061368129837,0.05618255723842275,0.07889877919365174,31.166664079056886,15.091047933161569,6.80318433332487,6.80318433332487,True,58.19177589017776,7.201460522153511,0.14699660340814283,0.0009483089687392024,-3.3559688098399306e-05,-0.0037359437302776207,-1,,0
662,0.0969433610186222,0.016092904804187395,0.27028436509856824,0.17288626063149581,0.09689654557215958,0.34689656287496673,36.004793838165156,38.201127860967716,3.2439896407243975,3.2439896407243975,True,51.57848503524485,7.386445717952276,0.1391380904057806,0.002767409828890709,0.001747409189042651,-0.001984633688821241,-1,,0
663,0.3861246184210296,0.08666848822007626,0.1163290793703554,0.18874211975166852,0.0794333696542279,0.1427023245826424,26.398632629537225,29.24492407052599,3.9228793697599964,3.9228793697599964,True,50.429754842228604,7.254606951966692,0.14996038274110107,0.0008995338995368176,-0.00017079102191469385,-0.003151844991289849,-1,,0
664,0.4653226475715313,0.19054872874637976,0.03719675419105976,0.21858235795944378,0.06136883796083708,0.026980673570748216,40.6442239053559,39.91960515809787,2.889825891857642,2.889825891857642,True,44.165814199241616,7.415259657964461,0.06950384584422452,0.003087178989639496,0.0006711361319239558,-0.002145729406140027,-1,,0
665,0.33095620903538836,0.11198594969271085,0.025152748997286152,0.13828134657984192,0.17951013523549905,0.21411361045927363,41.30146192437508,27.92962532682428,4.097458041024628,4.097458041024628,True,56.6874733833504,7.400847052559055,0.10292852922587024,0.0036295686551525838,0.0007258158213392959,-0.0024807852615067625,-1,,0
666,0.2036604231578134,0.12934627942353197,0.2200092136976094,0.2464036797953452,0.05736742621135544,0.14321297771434466,41.41114165279721,19.630122848570778,6.4885026367551975,6.4885026367551975,True,82.88618808020503,7.3303906559740275,0.09435548653090138,0.0028587679769453583,1.2297185104529025e-05,-0.0032577327122803126,-1,,0
667,0.09658662759047669,0.1719579191697161,0.06611662842284918,0.2238481586308774,0.31544374000797565,0.12604692617810492,32.2162112283503,17.054223056712054,7.880207093588541,7.880207093588541,True,90.17513815249119,7.200702932022154,0.1327206838654742,0.0010769175834142893,-0.0004852127176494153,-0.0042087450022913085,-1,,0
668,0.21979239956205626,0.19355320473716983,0.01804313694017049,0.23690241183207178,0.0013581100737055326,0.330350736854826,34.349690788571436,25.68240089661773,4.498204866502812,4.498204866502812,True,62.959909668884755,7.343594972692218,0.21272254121625084,0.0023585618118972733,0.0011277612606055054,-0.002427007499090297,-1,,0
669,0.11869168965381209,0.1299220212731479,0.12374941344714413,0.031944968066161775,0.434978106438743,0.160713801120991,29.81854232828624,40.071228369231264,3.3468467414167167,3.3468467414167167,True,47.03079440023682,7.2795693553599214,0.07459484410816362,0.0009793413221305994,0.00025402587391508413,-0.0033555900292749383,-1,,0
670,0.4369301236633357,0.08762714796190074,0.030051058662369148,0.267745944568299,0.015609348547295955,0.1620363765967995,31.276935442232933,20.91217320583343,5.2241696991484226,5.2241696991484226,True,64.59025136367917,7.289289043133772,0.20186001399922068,0.0014900646946392983,-0.0002838000590313327,-0.002821313699631245,-1,,0
671,0.05531941509320013,0.00311108307239323,0.22551064783153232,0.14496941349461864,0.037685102219791475,0.5334043382884643,27.6178066170099,27.55286807207795,4.252512474339392,4.252512474339392,True,57.96921291922495,7.278188850142216,0.4448264067506328,0.001433842888461125,0.0014956430623108933,-0.0027051805111032675,-1,,0
672,0.1478244957535042,0.03753745206223896,0.24989922582141108,0.005650877716679144,0.2832587776233949,0.27582917102277177,31.05929257674604,24.770913653638743,5.112001881518751,5.112001881518751,True,59.01314520231457,7.227288928450124,0.10764439880210269,0.0011107200035920634,-0.00017221876656293086,-0.004399241681310895,-1,,0
673,0.3302452227900448,0.011752238620223841,0.18562795482408978,0.20512098619996075,0.24176889679843683,0.025484700767243806,29.71994525241105,40.52621959279602,3.0355455748234252,3.0355455748234252,True,45.46787642186705,7.307659564004753,0.08401880094118577,0.001093497226702417,0.0003258137043969835,-0.0026315368146269144,-1,,0
674,0.5126510092482904,0.05023732505730072,0.07207034397154045,0.17965175733061406,0.0229047467320056,0.16248481766024875,43.60006694709435,29.917274111555507,3.5601990621964323,3.5601990621964323,True,50.317645183600234,7.437523290108905,0.09628692085177698,0.004551361638814194,0.0008333421664066393,-0.0021351946268721306,-1,,0
675,0.3450092178897308,0.016074072703370235,0.18250376009791952,0.15778791868097763,0.14755873930565477,0.15106629132234706,37.85996846681665,44.68689106426824,2.616626855401317,2.616626855401317,True,41.35753455738957,7.406410009854732,0.08270391678966149,0.0027587557278125996,0.0009951959920531646,-0.0019142381586289235,-1,,0
676,0.3521461295784163,0.05340501976929279,0.15926885361196527,0.29172344504687997,0.00011871010106568079,0.14333784189237994,44.97659274667318,34.54065938919328,3.342173176892045,3.342173176892045,True,53.45343963922196,7.470002041640168,0.09637685394493112,0.005389650167291385,0.0012123835935104335,-0.001690997347251412,-1,,0
677,0.041330950935707926,0.11729043643301673,0.48673137840552194,0.1572867321156306,0.01114459083949665,0.18621591127062623,42.79558933079737,46.34432986222568,3.098883733203812,3.098883733203812,True,50.56794103604869,7.4131467848560355,0.056008390532689876,0.0032814372898520255,0.0005921414685720208,-0.002464687780648515,-1,,0
678,0.48069324783976913,0.1600340609785125,0.2832942496373627,0.016088246357957334,0.01929212850873414,0.040598066677664246,40.829029756152444,28.43725564292441,4.20262622392914,4.20262622392914,True,48.7602084832508,7.303364091929907,0.050998474936615155,0.001903855248229602,0.00013481572918009295,-0.0043652691981914,-1,,0
679,0.20861878998708233,0.579469365516613,0.05151263255930767,0.02921493686307496,0.06749923852817047,0.06368503654575162,34.54401266565849,29.772581341384708,4.735417717399191,4.735417717399191,True,55.05911910580246,7.1969452037642565,0.05185447687461465,0.0008011621701343249,5.785332669735062e-05,-0.005819131828680339,-1,,0
680,0.4266771014132022,0.1485533250776603,0.06601511009699301,0.25733576743903747,0.03163792823862197,0.0697807677344851,33.14724775725945,32.72669405165458,3.5133806344857947,3.5133806344857947,True,50.54596045810318,7.334953583923908,0.10585634957302832,0.001687336904802757,0.0004355248735976696,-0.0025342519503922696,-1,,0
681,0.2673837335689,0.0020254983328224724,0.1304319602723001,0.34160433558077397,0.0483640998732438,0.21019037237195964,36.043254066088544,43.46452164130772,2.6576618231946294,2.6576618231946294,True,46.70749968120593,7.425123455683742,0.15401551547936485,0.003047215381840221,0.002734318221830252,-0.0012781296733604052,-1,,0
682,0.03708961238651408,0.011228260944929118,0.11804970009548973,0.2307972721785231,0.19753831292819504,0.40529684146634887,27.173142065245248,19.007106644221818,6.395793676653502,6.395793676653502,True,78.78871456320387,7.219964724254777,0.49242644628422116,0.0011347577938971129,-0.00403942741438502,-0.0030076799140542464,-1,,0
683,0.06604500687343426,0.33286294808020683,0.22676286409942692,0.19786564603968532,0.09955309591164868,0.07691043899559802,40.86009957919261,43.91347468894618,3.3571246523183604,3.3571246523183604,True,53.924494657480466,7.382466363972875,0.0500095941342225,0.0023329581181073017,0.0004068907273103633,-0.002819472240035201,-1,,0
684,0.22353219207206837,0.0603575871318935,0.33280690881127706,0.09540470009938563,0.10596039039177241,0.18193822149360306,44.896484272417354,44.91648065548337,2.825383770747568,2.825383770747568,True,44.02607084874129,7.448101397045494,0.06037606085804914,0.004331635775141162,0.0007412310257044929,-0.0022133631690118716,-1,,0
685,0.29855742481141706,0.48496913968596167,0.13970895380409207,0.06118655577168182,0.012233667789893894,0.003344258136953548,42.79798014144662,22.573917705196195,6.055334076871219,6.055334076871219,True,66.1041739123606,7.235188116662462,0.0461588235267046,0.0014391529582380399,4.482119763186751e-05,-0.005994124717271186,-1,,0
686,0.04276799396953565,0.09670849476947727,0.42087926064478953,0.0826136731192913,0.09741270331529563,0.25961787418161053,33.033232680187524,20.72340419282204,6.673993571328388,6.673993571328388,True,74.73818090908381,7.179727018883014,0.0969728387483801,0.0010797831170678207,-0.00036346106805106807,-0.005289315035488545,-1,,0
687,0.13442310924812903,0.1556275413952718,0.2661524581285833,0.20219368558998366,0.015306854065746459,0.22629635157228586,37.125987963854314,47.55221416828154,2.7267745133399512,2.7267745133399512,True,45.46874282340957,7.3948540180308235,0.08569092914681134,0.002614643581169335,0.0010318240799468273,-0.0018936291105016725,-1,,0
688,0.007002713333036451,0.43238146222122303,0.3925465410646123,0.032522194608015524,0.09994247970395267,0.03560460906916016,31.892817730232355,32.28007127525801,5.191840794140005,5.191840794140005,True,62.14105490113563,7.102188484123079,0.0481519070773566,0.0002877133118873118,5.3133706875878565e-05,-0.008157988282253682,-1,,0
689,0.180176995903721,0.3249489649765188,0.3185903808691132,0.057731612618312174,0.00015341491806060642,0.11839863071427431,43.98587046018515,26.115184340305184,5.333548345038463,5.333548345038463,True,64.97293873931672,7.2960894187401255,0.048158804920918265,0.0022390528211779924,4.812816249621621e-05,-0.005045552965299601,-1,,0
690,0.09626960451517934,0.2133077485279167,0.024725752790575116,0.11184562297281418,0.09916251450957585,0.4546887566839387,41.68241784004216,37.253178907587646,3.196284394542977,3.196284394542977,True,50.39929543559076,7.4470413003878075,0.14668531985675143,0.0049283060650931985,0.002606391378487161,-0.0017127153444566616,-1,,0
691,0.3443540554881499,0.031910043054047155,0.07625870902943106,0.16795497267861012,0.3233138336185609,0.05620838613120085,28.838423228221707,17.018489863163513,7.040737591012614,7.040737591012614,True,72.60085435384887,7.18165557491467,0.15037218009977202,0.0007601185803070048,-0.00044015112490211275,-0.004154538211004747,-1,,0
692,0.12950564449211285,0.3615156968890797,0.14545889595751843,0.26848691228976795,0.03608066067143301,0.0589521897000881,41.23976403021089,20.588468424781496,6.832573889371216,6.832573889371216,True,87.71188014256089,7.292609545726204,0.07044195765876529,0.002172888762270651,-3.08891826873276e-05,-0.004057134252789428,-1,,0
693,0.25775770357599137,0.1775088646062588,0.3366031801263611,0.09284938146370221,0.00024823687309443246,0.1350326333545921,38.554172289089394,42.57895504123736,3.036349402429557,3.036349402429557,True,44.39524597886402,7.354761425231169,0.05644366295438203,0.00213817062812786,0.000374577067497649,-0.0029741944435577213,-1,,0
694,0.310198773545106,0.3145039580455627,0.10882853054388655,0.12895576343151066,0.030926109606455827,0.10658686482747826,29.7051277683129,21.048294538262642,5.952006377796448,5.952006377796448,True,63.08349402421726,7.174499709468208,0.10452438622645176,0.000764794503792221,-0.0002747359718898989,-0.0048624341263288325,-1,,0
695,0.2349238331405104,0.015907385229944056,0.19671732244302967,0.3725757202406968,0.04911362600546188,0.13076211294035725,44.29037772278403,20.58390421384633,5.919224964122406,5.919224964122406,True,85.42997208450905,7.4165143388185815,0.12201259729877097,0.004699744510681348,0.0006451114606548472,-0.0021424252890234604,-1,,0
696,0.1942701592678473,0.11404504245976875,0.4937055331892528,0.12327356554572338,0.024860535574929107,0.049845163962478546,33.599140998000955,27.300623729694642,5.139524304462481,5.139524304462481,True,62.455729774621226,7.199430356494471,0.06133453105046423,0.0008394843098472992,-3.9208102887515024e-05,-0.005401907465800531,-1,,0
697,0.1339007208063665,0.1542398799524339,0.4777187329560373,0.11805792027463695,0.11139818802576394,0.004684557984761482,30.06069499859367,41.03164345748362,3.639951096943343,3.639951096943343,True,50.60917777598276,7.215035444639944,0.050405440427586365,0.0005476162724211876,3.427161692605435e-05,-0.004682493446863959,-1,,0
698,0.5044818997460452,0.06542992939814207,0.047948538009507824,0.154352133341972,0.016241667524936058,0.21154583197939683,40.436986864583105,25.132720568951427,4.188931763343619,4.188931763343619,True,54.63812810622041,7.390207523194554,0.1172656664976097,0.003447418633029868,0.0006021811974102176,-0.0024700363071937363,-1,,0
699,0.4952481056810656,0.039552583589112206,0.0765669442357449,0.1115730004035389,0.0003235348868275992,0.2767358312037109,41.702515821614675,18.522997375960095,5.60585026832337,5.60585026832337,True,64.14267065363353,7.364202862016306,0.12721777324633887,0.003550663901524968,9.156283536575768e-05,-0.0027331841429395626,-1,,0
700,0.13907182830340342,0.24538025532357724,0.28388387981950847,0.29480926770308225,0.0186894652853981,0.01816530356503053,25.086115513353572,32.84669448222964,4.3340013445796135,4.3340013445796135,True,60.40675845488605,7.1983552651871525,0.0951119141535608,0.000531442352192982,-0.0003289398214237189,-0.0040798863627081175,-1,,0
701,0.19073818791408165,0.024649983362233906,0.2236283244209246,0.021990343569969106,0.024373050297321494,0.5146201104354693,29.15996147416921,30.756585699483367,3.6506206313051335,3.6506206313051335,True,47.3932421816263,7.297370317705876,0.23482168475658097,0.0015494818759072115,0.001026942517494933,-0.0027959792580704262,-1,,0
702,0.12271404696490024,0.05319534185940355,0.24424357131568855,0.13997857327190827,0.1570030783577235,0.28286538823037605,32.90469307517789,39.883032025195455,3.1633742220498275,3.1633742220498275,True,48.66244257724877,7.346352514806838,0.11447299877208644,0.001865035697341248,0.000952594986160762,-0.0023333913962216477,-1,,0
703,0.443612506785425,0.008572472818122057,0.47996679624218974,0.04446094661734083,0.006903287332685792,0.016483990204236524,32.43086416812723,17.55345681902556,7.014151675506956,7.014151675506956,True,61.79559009490022,7.1159635570849264,0.08290649234397299,0.0006166029922502626,0.00010194665360863372,-0.00594251698544518,-1,,0
704,0.0949957767728016,0.47404199004597586,0.1764505548630385,0.1833671974663464,0.026060887352953796,0.04508359349888395,28.909916547931747,26.40195147659977,5.66655087697688,5.66655087697688,True,68.1609141023544,7.141686940510329,0.0753164532374094,0.0005100674219205972,-0.00018310999427130682,-0.005948006085555621,-1,,0
705,0.4043645853882003,0.03758105885762742,0.17394660584793437,0.22320066051376633,0.06620255529921686,0.09470453409325477,34.58834149611782,44.47257671264056,2.5955739563385047,2.5955739563385047,True,41.147045823162394,7.37713096215217,0.08837828149803208,0.002060090362677461,0.0008493629576957342,-0.0019454482261828756,-1,,0
706,0.13292943783547487,0.434383725917389,0.16562117095065346,0.049929871692473156,0.05243918055871106,0.1646966130452987,37.84504837135987,37.61607818062006,3.711155244119455,3.711155244119455,True,50.93056138857752,7.307476755655194,0.05317786849733241,0.0016794885788023101,0.00020211361921490303,-0.003921136771373152,-1,,0
707,0.09265920139256698,0.09299817524625295,0.10741724943471338,0.48011563329921075,0.06506255913023683,0.16174718149701905,44.65974343071814,26.47373761203895,4.831129126807594,4.831129126807594,True,82.06009131235267,7.472266552919062,0.15969029803408474,0.00601487375122122,0.002571042244668166,-0.0013885859495638214,-1,,0
708,0.23554367356036093,0.257462941090123,0.12190509606546551,0.24714118083187847,1.3017164180261624e-05,0.1379340912879918,33.06708806498257,46.93387870903249,2.68722864473384,2.68722864473384,True,43.88743056547663,7.35632967405135,0.08736099019701297,0.00174514704030033,0.000732661229813035,-0.002037979627429677,-1,,0
709,0.21559410736791373,0.18400511882139395,0.1480387037752682,0.3163183221401106,0.08092161997992108,0.0551221279153924,29.917511740101173,39.192609852114664,3.3159030527482627,3.3159030527482627,True,52.43377476884999,7.311950510679389,0.09841842817670352,0.0011946647997664694,0.00037115271793827656,-0.0024738193940402617,-1,,0
710,0.1418906056421243,0.07150299674886605,0.378680534802039,0.2137524624520021,0.1295256040321078,0.06464779632286069,34.36462811387168,18.02249885286216,7.699692353401503,7.699692353401503,True,86.9014678133344,7.182441942491315,0.09037687401522283,0.0010093922106798351,-0.0002447054432901075,-0.004979268606367705,-1,,0
711,0.3152044878195339,0.010928977885559694,0.4587636180600892,0.10021218995723831,0.09862822029241095,0.016262505985167926,28.707505456049713,28.553124418515047,4.575421594625289,4.575421594625289,True,53.383072327528964,7.17933793109399,0.07292590909066309,0.0005856522873668994,-6.235080685737144e-05,-0.0050648407065343225,-1,,0
712,0.2867751599268405,0.09203033758760223,0.4170670918255164,0.12403693233110699,0.019644330008713545,0.060446148320220425,30.7885941501613,41.842417905034836,3.1224639069752227,3.1224639069752227,True,43.94698409008041,7.269046771349611,0.06121774444969536,0.0009406909059119884,0.00011485340412315464,-0.003492835679924167,-1,,0
713,0.5155795007203969,0.16661447922154535,0.0076850853633319465,0.08199754478752938,0.08515484947639185,0.14296854043080454,43.15209782780965,42.108824211534625,2.585011657840643,2.585011657840643,True,37.773602281765356,7.444173972916089,0.07036536917613677,0.004141035364921356,0.0008822101394932037,-0.0020614971762268784,-1,,0
714,0.11137212558031016,0.038628181272506036,0.12116917246098867,0.0714685514793031,0.048299442360269264,0.6090625268466228,30.320617452433304,20.965375747544336,5.289787285380628,5.289787285380628,True,63.246086279061196,7.269887273072725,0.47456127744275967,0.0017295021071527762,-0.0005098480881417452,-0.0028996803108518455,-1,,0
715,0.5053017348607833,0.08772682717094497,0.004107666098858391,0.2951110772413336,0.0012071610181453771,0.10654553360993421,30.09456700234935,15.401523842249443,6.972492192368677,6.972492192368677,True,74.95008090940965,7.240210780708895,0.25160775094784543,0.001153792487659026,-0.0011589777661961296,-0.002871846933623418,-1,,0
716,0.5011329659280918,0.2819221348720425,0.004161326534851636,0.17026597876768548,0.02581535139513872,0.016702242502189973,43.87596736207422,26.081911926282775,4.420144206732326,4.420144206732326,True,56.679512158145904,7.381241904314748,0.0640890186251568,0.0032429046147089296,0.00019036611611136266,-0.0031602420395645046,-1,,0
717,0.663213478048308,0.14131630625022001,0.037296286191489676,0.08470785233337447,0.010096881497878112,0.06336919567872976,29.493789490917475,43.86684202032974,2.3879008635288663,2.3879008635288663,True,32.14458128972581,7.311038530781374,0.080288856117895,0.0011901755816751574,0.00042660279560228256,-0.0025129216703017776,-1,,0
718,0.20890262212514307,0.23823309724032046,0.15006059467092753,0.3335090472066148,0.057903518896994896,0.011391119859999138,28.238831404992624,35.570013614246804,3.7592018022208005,3.7592018022208005,True,56.80577529978169,7.27287541412733,0.09630377973859647,0.0008972856949229463,3.7860675129816296e-05,-0.002992663954218828,-1,,0
719,0.10103896035258574,0.1576198795950829,0.009785344615702274,0.29437170476498276,0.14487842718116178,0.29230568349048464,40.65810548343448,18.43737553954852,6.665434437807096,6.665434437807096,True,90.53972060956276,7.3687028128579595,0.18516064709339794,0.0037416445650102965,0.0006667991700291067,-0.0023698880088302656,-1,,0
720,0.258113782869137,0.018152385335583745,0.026924527812058577,0.5419822652234288,0.08745772992526174,0.0673693088345302,43.34791178532284,44.039884802086576,2.693601670265679,2.693601670265679,True,52.749327711688515,7.514804393565576,0.13725235542645242,0.005804463891047345,0.0033238487297047505,-0.000648339912733077,-1,,0
721,0.23668155978538385,0.019071733717236798,0.37242366054655773,0.342132362020531,0.0004368980083580337,0.02925378592193247,41.96761508122162,19.106445871968564,6.823229860448987,6.823229860448987,True,89.80942177164013,7.3321823450725,0.08494326743158576,0.002734142419252133,1.07100225061798e-06,-0.0031920608007820397,-1,,0
722,0.4195082294275696,0.28280427333038066,0.0769582399030448,0.07881825990262432,0.1363478702648539,0.005563127171526578,26.010719773001153,44.69694157930335,2.7500399324962213,2.7500399324962213,True,36.66530357085619,7.238860911443925,0.06510184750607703,0.0006085843683763227,7.672444653156638e-05,-0.0033993881394998133,-1,,0
723,0.1003642701803195,0.26506420673930814,0.14565841010468814,0.16263472012294541,0.24484202748340864,0.08143636536933006,31.116004574771345,34.75665524694104,4.06972581288054,4.06972581288054,True,57.47776597926226,7.261750202263247,0.07161732895688093,0.0009530860872774125,8.430731701569553e-05,-0.003813942785767224,-1,,0
724,0.3709742911223083,0.016366915828197957,0.020355869986382117,0.2418920053843543,0.08470302951865222,0.26570788816010515,40.61676709038096,47.540458358442635,2.2670269063415827,2.2670269063415827,True,39.270720353184736,7.475989266509608,0.1320671760591315,0.004665118746305509,0.002900658485539512,-0.0010966486956320892,-1,,0
725,0.29799277567172877,9.949929234817313e-05,0.2023378006012371,0.27970822689524705,0.1037497021562646,0.11611199538317438,39.567499314928185,27.648909939222325,4.331098417724808,4.331098417724808,True,63.73058727007219,7.3866379687940835,0.10643512411206903,0.0030478296357386828,0.0006549497769339279,-0.002378980480548478,-1,,0
726,0.02425304360121867,0.09239348209332525,0.2256615508530177,0.24186437775762842,0.2793430491031781,0.13648449659163178,42.533562775034056,31.09830520290236,4.52298855867735,4.52298855867735,True,70.72325982795999,7.404773606038621,0.0781508792431414,0.0034971858025352807,0.0007024184255678191,-0.002558112947109272,-1,,0
727,0.3900866803286531,0.012186871031744794,0.15007737318137215,0.23945305641862846,0.1074570289563044,0.10073899008329704,39.89541855633508,42.82023775434416,2.687086383322748,2.687086383322748,True,43.73666345874293,7.432758404944371,0.08639628098397724,0.0033857026885607097,0.0011374362261282918,-0.0017021680547414258,-1,,0
728,0.3726842373819942,0.1048924855698403,0.03266846773418536,0.364575273644146,0.047917444125956866,0.07726209154387745,39.98705723398012,21.514195041926158,5.356908418284345,5.356908418284345,True,75.14860645985586,7.382546942896727,0.13176606021225873,0.003198009864053019,0.00047841753278799327,-0.0022777188735141458,-1,,0
729,0.1891267585927414,0.13140886438366253,0.2227364342575704,0.2601707170213118,0.09398925306547874,0.10256797267923523,27.35687801811662,19.533541174482405,6.677871656038618,6.677871656038618,True,76.78804007153099,7.173857670914624,0.15457278065522567,0.0007150363692178599,-0.0008163793001843729,-0.004321162150179157,-1,,0
730,0.13904768356791017,0.17674401655444366,0.2612997686117125,0.19675346843052635,0.15204129616755213,0.07411376666785519,35.05749873960706,30.211076891723835,4.587235779876037,4.587235779876037,True,63.849661636590405,7.285752665437843,0.07064420081185262,0.0013829601449522743,9.795410037125744e-05,-0.003806871861369357,-1,,0
731,0.048104752194276755,0.3591848472952406,0.018577843937258868,0.16240674483885054,0.11912542632106929,0.2926003854133041,36.65288698629075,25.804073501915635,5.124178506622579,5.124178506622579,True,69.57784929005335,7.31737064405221,0.11590991261268255,0.0022546673741676905,0.00027646429190564015,-0.003263512881291426,-1,,0
732,0.4125044943503233,0.008846968019318141,0.06854855967039823,0.27102537906211377,0.06430797794578574,0.17476662095206086,40.737827629000556,46.52615001388831,2.3509249825297656,2.3509249825297656,True,40.33557317470435,7.467448640886142,0.11047203002268813,0.004322006555254501,0.002075384155814891,-0.0012145539277376106,-1,,0
733,0.6140225961322301,0.028035969982683692,0.08786013712967089,0.03112580918994696,0.13987330427039607,0.09908218329507242,29.934501069589423,39.46092870807552,2.6731508271058875,2.6731508271058875,True,34.45166017416126,7.306058763237432,0.08442245710943755,0.0012099969982374283,0.00041201641249544245,-0.0027678473991743432,-1,,0
734,0.4237270502144535,0.15949267888919919,0.11100037133007801,0.11818477027765206,0.022408266704101103,0.1651868625845163,38.5594370509009,30.9236199711726,3.671864128122674,3.671864128122674,True,49.19008763118986,7.3615554684103355,0.08558618711705993,0.002577662802260864,0.00043629809760962313,-0.0028298577773756012,-1,,0
735,0.04545152823422605,0.2113763364288897,0.3801454272647602,0.05508635332029407,0.22478659312038232,0.0831537616314477,28.770604677483206,41.809290343308376,3.6456904398426313,3.6456904398426313,True,50.15201508817295,7.206577407117085,0.05388893023882859,0.0005241674347182972,2.440665387688214e-05,-0.0047368789581356905,-1,,0
736,0.5608853042636738,0.08345032406551604,0.017627762274191796,0.18192672858379538,0.019309640980020616,0.13680023983280248,44.21252571257665,38.87345328934454,2.6993955777710146,2.6993955777710146,True,40.98724321282181,7.468737016082762,0.0865816102138781,0.005023671912786585,0.0011695729667591962,-0.001730685444256212,-1,,0
737,0.43210183868523544,0.018028389065471082,0.004211631797691198,0.14317208616481278,0.15977791173754666,0.24270814254924278,43.35719993251468,49.36741059791999,2.1584196560883906,2.1584196560883906,True,35.687971761570836,7.491928583667272,0.09838590321424773,0.005367608927299364,0.0020332467717345017,-0.001243891770447566,-1,,0
738,0.3919164785019438,0.05877805646585671,0.3195039292065095,0.024850284123901712,0.0075321700549908855,0.1974190816467976,32.04101348478476,35.528942117053475,3.278199467957174,3.278199467957174,True,41.7413372294483,7.286621858049841,0.08043459708274753,0.001328136700982582,0.0002128944852125151,-0.003375153965637144,-1,,0
739,0.4984912678576922,0.11185412255579405,0.06315976105829925,0.28704411582729955,0.034810817373066474,0.004639915327848366,34.47865475276156,49.4651498745292,2.2823332538433454,2.2823332538433454,True,37.683883985054344,7.388687733283024,0.0806964062812093,0.0020321656374129964,0.0008627433645830372,-0.001678122277813269,-1,,0
740,0.6302563356849851,0.042037216241545126,0.016126677859118303,0.023690513415929548,0.22832012553366754,0.05956913126475441,26.8761564801545,26.494996571888983,3.984268314804012,3.984268314804012,True,42.21399207703714,7.228172178788418,0.10986123788842947,0.0007550634725521153,6.516539660021494e-05,-0.0038143554641163566,-1,,0
741,0.2215796796783012,0.14932100086791614,0.3333979080995358,0.007168273217393196,0.008518657948661744,0.2800144801881919,42.51078089054472,21.362052421060618,5.844942451436825,5.844942451436825,True,65.60603825464062,7.296932720204722,0.07178872358942394,0.0027224525229365337,-4.894863504995278e-05,-0.00432895073926542,-1,,0
742,0.08894198964918958,0.08382282874094228,0.18538623680022015,0.17270123675470173,0.23832190330838438,0.23082580474656197,40.755857012777454,25.31132651121023,5.148264523128384,5.148264523128384,True,72.04986951637777,7.365292797809451,0.10009706242639234,0.003170493555322289,0.0004849794640394733,-0.0029335735776669703,-1,,0
743,0.28889569715634456,0.042441845257477365,0.12043621392789919,0.41776950987941663,0.10139236284380587,0.029064370935056275,44.59957079780317,45.341193456948304,2.6909184755246174,2.6909184755246174,True,49.29473935462572,7.500872660582905,0.08719496662367793,0.005304675648528565,0.0015829026488244917,-0.0010906073292570742,-1,,0
744,0.07683243769902245,0.02345594232270613,0.5590196540772272,0.1976496375004213,0.014589016487484821,0.1284533119131381,31.026407153252308,40.807724541514204,3.5057804753114703,3.5057804753114703,True,53.23369438060414,7.276573680682055,0.07054179443774074,0.0010437731577638814,0.00011795466221592073,-0.0033612866693680217,-1,,0
745,0.6813415421917701,0.04020840056090513,0.0185906102825774,0.18722514765553433,0.0027940130868562385,0.06984028622235675,31.737130876665375,34.25451360862141,2.958074439005735,2.958074439005735,True,40.19487273829727,7.339202111290803,0.11410707320555574,0.0016159933543572298,0.0006227256329209828,-0.0023596632482479085,-1,,0
746,0.2274617061235076,0.12648318068241798,0.2230276551447161,0.1472765548010482,0.23255961405834083,0.043191289189969354,38.16961536786584,43.1838163634282,3.0726463060581297,3.0726463060581297,True,47.26865186042104,7.368140803428251,0.055014107637507914,0.001983513040387128,0.0004237352573112076,-0.002719040287228325,-1,,0
747,0.5880185691867237,0.04764480222492455,0.10812651863339931,0.07189313266778856,0.17245178167460543,0.011865195612558409,25.489016817640298,18.80631564609199,5.854073997528045,5.854073997528045,True,52.756243976559254,7.147826232554201,0.14045681032756502,0.0005064879634504846,1.843670666073247e-05,-0.004585107622979128,-1,,0
748,0.10449719093066573,0.21451369162002917,0.4276802347784034,0.07078187817491777,0.12586270557559073,0.0566642989203933,39.238356211771574,32.54092947878149,4.598284114088171,4.598284114088171,True,60.70331086327401,7.26537011938233,0.04435331276939977,0.0012492598857839594,0.00010128088890334926,-0.005184214388122827,-1,,0
749,0.04787911702239413,0.28037705756022774,0.1965177028784861,0.23006783571416725,0.19046203508892567,0.05469625173579896,31.965517669229122,44.604009276425934,3.3190788830892655,3.3190788830892655,True,53.20389445715856,7.304341563283984,0.061556614910315006,0.0010627815282343263,0.0002545114974562327,-0.0029792771388069106,-1,,0
750,0.12935922752357953,0.4614814220748886,0.207198930380832,0.044162039262070116,0.014569653929974386,0.14322872682865534,25.617856740720644,25.857449414592484,5.524816855395267,5.524816855395267,True,57.65495420648936,7.0846763230379555,0.0872282966812433,0.0003754455290597371,-0.00019023928232618078,-0.006757143532539387,-1,,0
751,0.3498195955277046,0.16063334173790808,0.4381310676613535,0.023652822350463624,0.005463461653453654,0.02229971106911646,39.994115020892735,20.30450464728146,6.476619994279761,6.476619994279761,True,64.54358615197462,7.182559592224284,0.0528863465487385,0.001086469934772068,5.2794198812356175e-05,-0.00633681100845819,-1,,0
752,0.09144096631508268,0.23342580870355648,0.08772501810960345,0.4575531026961714,0.056231973129881,0.07362313104570478,42.33217664307345,39.84271915837461,3.404341499824489,3.404341499824489,True,62.26611819828787,7.463462002058233,0.09789687904134492,0.004313499114236339,0.0016237674521049413,-0.0013157854718392102,-1,,0
753,0.03541409518189155,0.017053746966180783,0.14132731596632075,0.6604083114619776,0.005820257431155883,0.13997627299247337,42.71410341716726,18.63699161725064,6.9482927956127245,6.9482927956127245,True,116.05990768207755,7.442496094322567,0.317062135740525,0.005527272269646444,0.005267833204477136,-0.0013508523359178693,-1,,0
754,0.15696002559292282,0.03842350348455332,0.3469624193329529,0.22599766455514939,0.10339998613808458,0.12825640089633691,35.6258550963721,41.17079774299203,3.2143682909200635,3.2143682909200635,True,51.39379010487686,7.359177984410907,0.07859561318232468,0.001971290271414946,0.0005938760745023185,-0.002401296162464401,-1,,0
755,0.3798016551978562,0.09552556124149668,0.30395415700976447,0.032863811544677206,0.05530603855591907,0.13254877645028645,29.91399485989962,19.229852210688676,6.259297721326337,6.259297721326337,True,58.74227270484008,7.1467555910296054,0.10297639041833956,0.0007037992309490676,-0.00011840062927814509,-0.005276354646399567,-1,,0
756,0.06797750886813912,0.3969411053666319,0.10460052669100914,0.18855475906664623,0.052137753945387534,0.1897883460621861,25.5436426699517,48.340611759018095,2.871106159004766,2.871106159004766,True,44.79112422938572,7.266024855909299,0.09314349350095326,0.0007754685293014824,0.00015308993434966575,-0.0027289960265251064,-1,,0
757,0.2417953677840999,0.4213027654215989,0.06668319423183307,0.09890292217000655,0.10308470599647125,0.0682310443959903,39.20033760109247,35.42241416040739,3.779261772996834,3.779261772996834,True,51.796093715804965,7.327529955891156,0.05212853420705465,0.0018485669274548129,0.00021706950424904738,-0.0037168492623561103,-1,,0
758,0.12476724556264747,0.19222493294199558,0.026630678012439134,0.4913643862368257,0.05552706255301283,0.10948569469307927,39.879894453899816,31.264516747817574,4.117107763131673,4.117107763131673,True,71.84539980966997,7.435952386300322,0.15292693549924138,0.0038870602571879306,0.0023454117696452433,-0.0014447936588307033,-1,,0
759,0.3291176478423681,0.08128960337546039,0.002098105677679663,0.2878946017015345,0.22637248557768036,0.073227555825277,34.52267642180821,27.981289644940833,4.219578172872751,4.219578172872751,True,61.16829278280249,7.348528425420603,0.12526247743727434,0.0019676695230500135,0.00059290826295254,-0.0024671192352261335,-1,,0
760,0.054102472703856694,0.1357838994713007,0.12828363388267458,0.5626733749462465,0.00953918234173442,0.10961743665418724,37.808784242072825,18.06139901569533,7.3873980610050225,7.3873980610050225,True,111.3642557672648,7.3553086573645965,0.22913590857438462,0.002943591111300898,0.0011631469677479396,-0.0020389754984013676,-1,,0
761,0.12366660093227731,0.4768914748064395,0.13742107412191334,0.03193132511968922,0.11622656421158417,0.11386296080809649,42.76117390029739,42.47009484877061,3.399636266724765,3.399636266724765,True,48.606706232099825,7.363242400148857,0.041469865974649515,0.002273690015093676,0.0002826133441444109,-0.0036966020887751927,-1,,0
762,0.022297332555256212,0.0693102034832092,0.09743568081102798,0.28934258251739453,0.2675901410650216,0.2540240595680906,31.991272229040675,33.144371872500976,3.9258462736509068,3.9258462736509068,True,63.08163848992878,7.3497592787447275,0.1878060289804555,0.0019168063029820232,0.001952128145556482,-0.0021312711551816467,-1,,0
763,0.6775354962108968,0.04160541434204168,0.05067771846329928,0.025525447876459433,0.18463299851790618,0.020022924589396637,27.82054599900029,48.89384991734392,2.15089927991727,2.15089927991727,True,28.858041392257707,7.300076336143953,0.06962004702802103,0.0009631473404369277,0.00038136311969082064,-0.0024976750737177008,-1,,0
764,0.42156661660329364,0.2061340297232367,0.09127182106469582,0.038345130356813265,0.1745047915577878,0.06817761069417293,43.057853752605666,46.87590025996802,2.545745154293411,2.545745154293411,True,37.12109390827897,7.422944393795565,0.04986274151360308,0.003249490394350412,0.000557572276695213,-0.0024798789248189354,-1,,0
765,0.248741894446482,0.05302792740535806,0.3163335366260493,0.001307141466472678,0.05387468044563075,0.3267148196100073,31.64326095406903,16.76538829531423,7.106516014442133,7.106516014442133,True,66.01793951047547,7.166619038540578,0.1361867437380457,0.0010353249623258243,-0.0005107240209511426,-0.004750041628144095,-1,,0
766,0.23074973016553665,0.08975770100520386,0.31558021899322103,0.032480177888249896,0.17361474839734234,0.15781742355044617,27.650841619028274,43.09018382362946,2.9906596509992647,2.9906596509992647,True,40.85830896413887,7.2531119014828125,0.0728393635208813,0.000796467396496655,0.00011337663610595443,-0.0034240884422736015,-1,,0
767,0.2728323228380392,0.264596818285438,0.28913418076359965,0.06282203591609119,0.0713432862389524,0.03927135595787943,36.60480433485886,40.976688182773294,3.2917541037094455,3.2917541037094455,True,45.19172139300398,7.29926069755317,0.04596682785291632,0.0012995554887512916,0.0001927619986295318,-0.003886760200593073,-1,,0
768,0.11803728249250486,0.2291020340945462,0.5144618370672157,0.0712623538457574,0.0043005982717207285,0.06283589422825517,37.6182401554531,45.28700281315792,3.319072643052982,3.319072643052982,True,48.05271801797158,7.294596581185547,0.03952004571797559,0.0011718072345402784,0.0001725083856473062,-0.004199514695856593,-1,,0
769,0.20915375017592838,0.19115562318560386,0.3323850660525606,0.12403165502178153,0.11198160635119417,0.031292299212931404,37.769350555294814,30.885003716126036,4.488535829195983,4.488535829195983,True,59.283751409307804,7.279443505742717,0.05264588482508931,0.0013698786015199083,9.4670194484064e-05,-0.004454428472755727,-1,,0
770,0.2152727622024179,0.07744890922075154,0.03244276989870138,0.1264016352046592,0.544612829630342,0.0038210938431279882,39.25499387522599,27.895710071684377,4.720962149616467,4.720962149616467,True,64.16942740396317,7.338588158348241,0.06355933316768016,0.0019510973553882815,0.0002596609554290255,-0.003520309719746298,-1,,0
771,0.21393996439771432,0.369686451813119,0.05211623226263293,0.3358438118155265,0.012618043743630219,0.015795495967376914,31.921276458094695,28.7060980980085,4.6616405973165405,4.6616405973165405,True,66.33681988426568,7.27779755377006,0.09330405726631051,0.001182044160170285,-9.419326324149511e-06,-0.0033522553469394947,-1,,0
772,0.24628180887825704,0.010966948035863146,0.015175647237309822,0.23221348532866637,0.45293188859525413,0.04243022192464954,28.394282101971214,41.86286919210765,2.9722958162261386,2.9722958162261386,True,47.0671108379186,7.323963432051848,0.10376021278847987,0.0010962935672196505,0.0006495438431658376,-0.0022100010120585244,-1,,0
773,0.11149150220471614,0.15388249759894118,0.12230207352093672,0.38229830792999825,0.024334338676277795,0.2056912800691299,30.214075626718895,16.1412618534819,7.874951586160373,7.874951586160373,True,96.46229749769431,7.227517807089633,0.285975745367722,0.0012541333690651406,-0.0018901924233505028,-0.0030352044257882385,-1,,0
774,0.24172722681551276,0.15459135474589017,0.14371809282047296,0.3273375982476542,0.08970289654941192,0.04292283082105802,29.927044835664535,43.68280607088959,2.930440336487868,2.930440336487868,True,48.205787961955835,7.328314508258875,0.09558904113396077,0.0012497323676263247,0.0005341175274317408,-0.0021421986532710944,-1,,0
775,0.05432288936551966,0.28983704243218306,0.3685133207771667,0.08901142483638722,0.018880050128791598,0.17943527245995186,31.60402591195463,37.44199478023601,3.8901907521178094,3.8901907521178094,True,53.38846447421279,7.240111459253184,0.06333169733147394,0.0009394176135249126,2.0071134459582884e-05,-0.004331000645070861,-1,,0
776,0.07142974396334806,0.11760258688949153,0.07636846023403872,0.2852898216585616,0.2923348715265588,0.15697451572800136,40.30048810356086,22.306618655161202,5.944357998270457,5.944357998270457,True,84.9994880936864,7.364913391923155,0.11610510196392114,0.0031008161584752327,0.0005527732684986597,-0.0027020033772081425,-1,,0
777,0.33541094004879257,0.16388809007569397,0.13286618643280496,0.12075441813094152,0.00011017515480433463,0.2469701901569628,29.332447283680853,37.55605809811889,3.068854451279133,3.068854451279133,True,42.76519425359107,7.3035972818921,0.12163315042715936,0.0013129018736886015,0.0004727130848085464,-0.0026469231090190163,-1,,0
778,0.523437669456254,0.1476456857959888,0.032220942539438226,0.1166851533283653,0.03256482138262791,0.1474457274973256,43.19593245466467,21.800768348495815,4.952907991508438,4.952907991508438,True,59.02971882041088,7.37470007993697,0.0864643656716606,0.003530914198640874,0.00015882045547028996,-0.002995187647987918,-1,,0
779,0.3758276248288525,0.011886936138096047,0.0835280383692517,0.18796543672518784,0.08311687031435107,0.25767509362426083,36.37667610768638,21.59336455397966,5.054487547124918,5.054487547124918,True,64.16298949905095,7.341464122940803,0.16924424525708104,0.0024844056794284908,0.0003548871970556352,-0.0026499978750660408,-1,,0
780,0.07852801997808544,0.22038817037294314,0.2150122189277099,0.34967463441651,0.015018735438715092,0.12137822086603633,36.08571171452856,34.87448122617362,3.9521484091352774,3.9521484091352774,True,64.33938599285797,7.359574440784658,0.09748193762953873,0.0021742138780507436,0.000694785554309332,-0.0023619191925528956,-1,,0
781,0.6710508992151166,0.01916139897730292,0.04223427152267277,0.20866435978634668,0.040045606462744986,0.01884346403581612,37.206707775803594,34.941854785709836,2.9567909374622166,2.9567909374622166,True,42.05503803110163,7.3878996699174335,0.08929547081384656,0.0024894392557578684,0.0006964797086010751,-0.0022007804900930996,-1,,0
782,0.8511080014299395,0.05295431925014847,0.008753329498504062,0.023423794961615074,0.04715565568334911,0.01660489917644389,27.701595844350482,37.74161878346878,2.5840600093668837,2.5840600093668837,True,30.39210088296424,7.281098323482772,0.08381773932926104,0.0009508569228456903,0.00033349672268235777,-0.0029157559178640637,-1,,0
783,0.10588454846491867,0.17418245475268884,0.06450672781041718,0.35346169930942023,0.06238079738177424,0.23958377228078093,38.49500712760447,37.30352488867533,3.3655963614975737,3.3655963614975737,True,58.236314382021924,7.429286706873993,0.1533829016444546,0.003626018760627965,0.002594407962973692,-0.0014734066084385999,-1,,0
784,0.05394694158958272,0.007451283089796668,0.30070157627275274,0.5396860194548496,0.021512629956270863,0.07670154963674732,26.481411054774128,27.873553696566105,4.895668736142327,4.895668736142327,True,78.74066711857738,7.279376898425377,0.2533758983220875,0.001049449910138103,0.00038842024405193746,-0.0023918465590553805,-1,,0
785,0.07233671533085168,0.23497576669912562,0.19193231075736156,0.25237363418550546,0.04930526921164234,0.19907630381551336,29.447358557936212,27.63850527192147,4.889415102421695,4.889415102421695,True,67.30010089054663,7.252650485587628,0.13297592937123265,0.0011095150567020156,-0.0002144658197729719,-0.00351889247604564,-1,,0
786,0.3175092861638073,0.08540600716075274,0.0851402523973755,0.2640404325354781,0.20553023295084674,0.042373788791739496,39.858126197161646,19.482483079386526,6.253676465958284,6.253676465958284,True,79.40647265746874,7.331305628754491,0.09680513794758,0.0024394794414190238,4.165648416811323e-05,-0.0030971227145102005,-1,,0
787,0.2817676443176032,0.17642302856095382,0.14225512161583173,0.27993443908495713,0.005383277534268772,0.11423648888638534,41.59499820249823,31.83193142957854,3.8573433672179522,3.8573433672179522,True,58.932090796314405,7.409626298583504,0.08824811860256654,0.0035501038519373395,0.0007011664367171081,-0.0022660273527100056,-1,,0
788,0.4927639254805579,0.006941174578410072,0.08316626927788315,0.04972591855928631,0.04108744616354435,0.3263152659403182,40.20843370369235,28.902239333474284,3.5474716379525133,3.5474716379525133,True,46.462455560217045,7.403084351666878,0.12295477959903005,0.003701306154205334,0.0010544495405285725,-0.0023516899468638474,-1,,0
789,0.15967266437742733,0.06388667620242987,0.3854300385392967,0.2257224560751057,0.1391683925594531,0.026119772246287445,34.98388450844447,34.78877557518561,4.009977642026936,4.009977642026936,True,59.26521606852941,7.303409830956701,0.06344649670800517,0.0013503553489052674,0.00017164867481058663,-0.0034574416368119906,-1,,0
790,0.11021643931468199,0.1518995870943476,0.14578031471695196,0.037932439091218746,0.0889224074634572,0.4652488123193426,43.55941216331648,29.6725032565164,4.029104541797908,4.029104541797908,True,56.67018342162249,7.421786204099941,0.12171117825634252,0.0050544927410547435,0.0012579622309209205,-0.0023800175839439235,-1,,0
791,0.40071468905334034,0.12499799494148381,0.005906378474291654,0.24611464044324535,0.011203165946258104,0.21106313114138064,35.573150762165824,34.07987854110118,3.2158021849782976,3.2158021849782976,True,48.70775811322543,7.388033241960149,0.1458572444515284,0.0026345493220405877,0.001501548313269009,-0.0019307134425060205,-1,,0
792,0.32797250706941555,0.2223053433031524,0.11187926578236077,0.010867533604512203,0.2481138897300242,0.07886146051053458,35.313748770439446,29.26366356824174,4.294045572565029,4.294045572565029,True,51.09661735992831,7.263797979446457,0.06131345831661808,0.0012434908882494051,0.0001157723973243356,-0.004416408004415685,-1,,0
793,0.17093015056480235,0.08074378012065549,0.12557919921184071,0.279528786490338,0.29663032114049104,0.04658776247187233,43.4336996847514,29.740263217453645,4.433145893759617,4.433145893759617,True,68.51296622816533,7.421423110678129,0.0764843627646313,0.003728645971860248,0.000648070082298211,-0.002389119581634791,-1,,0
794,0.478127277476151,0.15843838647525404,0.01959324156695465,0.09621894105099474,0.18762484892192863,0.059997304508716924,34.36641069388662,48.48799954138808,2.351307995206773,2.351307995206773,True,34.97621821850243,7.363438559485106,0.06587176774073358,0.0017664300080582312,0.0005991295453005825,-0.0022316621194260386,-1,,0
795,0.08775596215071939,0.16252585307034076,0.035515945118213606,0.32100101723251534,0.32457609962307066,0.06862512280514033,34.01152927201763,17.235377212883613,7.894328588280374,7.894328588280374,True,98.50882212826725,7.246047942114314,0.13330028301498012,0.0013818865051154429,-0.0003025203131248457,-0.003577204539676394,-1,,0
796,0.1251665650909134,0.025451350558041323,0.4244605121104241,0.20184790464902494,0.12407198563216942,0.09900168195942657,25.01136258517889,27.277826440019275,5.063725091507115,5.063725091507115,True,63.423780546045656,7.169782431624598,0.11355732022712793,0.0005360256075853239,-0.0004967143933636902,-0.004655566884412805,-1,,0
797,0.09499963925258775,0.1186569610189347,0.30569548779477473,0.15523039171662956,0.24700375373748168,0.07841376647959133,40.38485162596443,39.338657711993434,3.618392094139216,3.618392094139216,True,55.833706697639435,7.37261842339093,0.053845264627406506,0.002276035755703048,0.00039549961458916336,-0.0029978842157627767,-1,,0
798,0.024033734009142927,0.16942267047483442,0.18440472617661355,0.3574635916588979,0.13681884286482407,0.12785643481568715,25.642981756057004,32.79931614376132,4.267648662063704,4.267648662063704,True,65.58888043872416,7.257758838590909,0.15597996010227053,0.0008422067418949142,-2.1999721165959717e-05,-0.0029211070476899163,-1,,0
799,0.39594021521310985,0.2130748023741953,0.02716482329262246,0.15584134823383847,0.052627910813564105,0.15535090007266983,28.08566250826952,47.64305139058789,2.406583892003018,2.406583892003018,True,36.30947454622351,7.317672100416696,0.10119514684086282,0.0011741502969237596,0.0006104358512994856,-0.0021508410773713447,-1,,0
800,0.268539616882699,0.008503256428071218,0.08049928745729534,0.19014709451231374,0.22244594401772902,0.22986480070189166,28.347299992883585,35.06556870789926,3.3036842950835097,3.3036842950835097,True,48.50716820370064,7.316823995743656,0.17354556164730087,0.0013259505300628378,0.0010013858646818897,-0.0023392010381459217,-1,,0
801,0.31547415599617873,0.18518663106660435,0.19884927587512452,0.0355280668606226,0.18115114106059108,0.08381072914087871,31.524767243281136,35.662453038574085,3.5520428780922177,3.5520428780922177,True,45.20657220086531,7.2568669954464475,0.0636240697096315,0.0009650977746003834,0.00011735287687777899,-0.003980285022969271,-1,,0
802,0.1566076016471665,0.4726846846560679,0.1294202073358289,0.07440260056779342,0.09609471181048491,0.0707901939826583,33.245171929281504,40.38572209225579,3.549286251354733,3.549286251354733,True,48.56066928078525,7.2568594163832465,0.04991431444646958,0.000907427273441509,0.00011463097560919137,-0.004278605211642782,-1,,0
803,0.10985798981648946,0.5077750054275015,0.07835430306698626,0.20053602543704788,0.02712285653494465,0.07635381971703004,29.613582506557158,46.2316741165704,3.1218329369534463,3.1218329369534463,True,47.79705100187456,7.271705104583303,0.062411531261704546,0.0008459579524816502,0.00011887222638207274,-0.0032407502648561346,-1,,0
804,0.5268002857636669,0.030566103073159497,0.23374947331404944,0.09683953239650775,0.06552967776123808,0.0465149276913784,35.00419298626704,40.243725908514115,2.808038783587969,2.808038783587969,True,38.776643381771194,7.3387110371707935,0.06562256897847359,0.0016969624927054513,0.0003883034851408981,-0.0027837841497348314,-1,,0
805,0.17009082678991067,0.1853997762152861,0.26614462437111186,0.1085023224987285,0.16561921838505803,0.10424323173990473,41.99460382802454,49.9531444381922,2.7244522539994036,2.7244522539994036,True,43.39778055619227,7.413638583726312,0.049205151870446114,0.0028457151573731635,0.0005453181166103161,-0.0024197870832680457,-1,,0
806,0.23363470021691643,0.0882406187718652,0.12259133410326828,0.23035723199658045,0.17033326779708288,0.15484284711428672,29.478913311879165,21.475696542538195,5.715237977057717,5.715237977057717,True,70.07750856398856,7.240117643685144,0.1624153933568793,0.0010781487837903867,-0.0005189580385049827,-0.00355603503241927,-1,,0
807,0.04260154592323679,0.37628643625356417,0.055259123920304354,0.243109825667889,0.23924261622652568,0.04350045200847998,30.008661734637766,20.514853286391308,7.221458083686341,7.221458083686341,True,85.81569301490913,7.155282824177311,0.09855112625447446,0.0006653151900861479,-0.0003125206211714914,-0.005338226709496444,-1,,0
808,0.09928661984113687,0.06784120790867669,0.3629163744006924,0.161709434025364,0.26768987227661195,0.040556491547517864,36.64889483078755,49.74090092583372,2.9039500290922233,2.9039500290922233,True,47.37215036323972,7.357188404380053,0.048736514569452674,0.0015552186890026944,0.00038570379264546407,-0.0026657434904384723,-1,,0
809,0.17763852467133026,0.06348164221214032,0.010720155038710573,0.32959963877474724,0.09713664850979535,0.3214233907932764,44.80556174185509,31.070929254492306,3.7045921168715177,3.7045921168715177,True,62.15598369703768,7.492824328776938,0.18507667368325903,0.006816664231613828,0.0037481947878643283,-0.001264295933326442,-1,,0
810,0.0875196098673632,0.31579981952485764,0.1698717241276455,0.08781750659585466,0.027545634824729274,0.3114457050595499,37.780544205293474,44.398821748064236,2.95964353295113,2.95964353295113,True,45.82050411438713,7.378341877229574,0.08104839159242762,0.0026384158838824545,0.0008308455898202384,-0.0023644867549224863,-1,,0
811,0.473484639931921,0.016890132618772608,0.1913162865547574,0.05959022440189081,0.15314833899515456,0.10557037749750361,43.6586691690701,18.154425093181757,6.229191201670058,6.229191201670058,True,66.32585433223075,7.322681186645099,0.0726950023471216,0.0028254766848790757,-2.976495272607165e-05,-0.003725385377453112,-1,,0
812,0.282805640955624,0.11459257605709765,0.13427941453793638,0.44554499101439615,0.00470585325090603,0.01807152418403976,35.57083457884906,43.31348218646049,2.862400164012409,2.862400164012409,True,50.988179546260746,7.403594004641134,0.10382881237588844,0.0023821900176722306,0.0012448110152858253,-0.001472547548951637,-1,,0
813,0.07251579191202553,0.03307762724858938,0.08712109511674938,0.7319992196369585,0.04930223646801882,0.025984029617658416,31.06404153269183,27.592361699218667,4.760405906672845,4.760405906672845,True,87.02356216946886,7.364869244060032,0.43088474505050284,0.002002249289760284,0.007954730099549877,-0.0015929170029998741,-1,,0
814,0.4284666509764674,0.38459550738354104,0.058463268980011224,0.03501954110330537,0.07562551247660469,0.017829519080070456,44.71242203024016,49.40186786883484,2.5055261827104256,2.5055261827104256,True,35.95066598241906,7.4222098155772604,0.04070851764359994,0.0031624987085966524,0.0004305915689944589,-0.0027781687311266056,-1,,0
815,0.06715519289098094,0.03541023028612529,0.5174869896083374,0.171332897879066,0.09043192873923471,0.11818276059625567,43.122136215303634,41.937933793122305,3.4445643242176915,3.4445643242176915,True,54.91852754949572,7.403272760901815,0.05221619559161994,0.0030272870562646566,0.0004585038627435352,-0.0027729217214327423,-1,,0
816,0.39087234935593124,0.2211304039978682,0.006928485161445439,0.06694239606132515,0.021748859548315024,0.29237750587511485,30.382610014456116,22.8340029626875,4.825875574766586,4.825875574766586,True,53.59865662237616,7.255093041391285,0.1569297068103673,0.0012755695131106328,-0.00024701661183547293,-0.0035546138805822793,-1,,0
817,0.2694882046377395,0.2208906276642942,0.18308485297264318,0.12188260549532033,0.056714920656791075,0.14793878857321155,35.9456568240975,32.43109498248049,3.871182009027569,3.871182009027569,True,52.45869205711737,7.315473144369946,0.07539648075582059,0.0017760519606665117,0.00022603261501056882,-0.0033531306813050325,-1,,0
818,0.3457111273057701,0.2461975718337972,0.15397112775630215,0.1442006739092856,0.06330716035726766,0.046612338837577254,35.11005638714134,35.466811196652245,3.533650832713225,3.533650832713225,True,48.56192714195426,7.309569295746123,0.06401863188653115,0.0014772903543110413,0.00020357032227944763,-0.0033637238807037273,-1,,0
819,0.22709882083387753,0.1043454164976503,0.02714559916458047,0.3403186406159271,0.28581952654785736,0.015271996340107123,33.16646045265978,39.96696629262132,3.1868782784015166,3.1868782784015166,True,53.234936568514186,7.367560444476148,0.09801486696518952,0.0017265271655433811,0.0008743182107161611,-0.00194135802491545,-1,,0
820,0.1060418095974268,0.04960578549843542,0.20322985467000187,0.26529903293788343,0.1209235922781971,0.25489992501805553,31.670998529567107,23.227079877854102,5.430901354149505,5.430901354149505,True,73.71647003920852,7.286321296789447,0.19248541192933125,0.0015883464536837486,-3.9765546168691006e-05,-0.003012470197569452,-1,,0
821,0.19627100396087732,0.13456257437925587,0.1548020277452414,0.13881291980816463,0.27600025405836537,0.09955122004809555,27.54451923783656,17.54848840115677,7.45567875055493,7.45567875055493,True,75.08184578908978,7.124230049223523,0.13681331999368723,0.0005708679588124241,-0.00045004891715278025,-0.005188299506127717,-1,,0
822,0.06431808857221856,0.1816550891058691,0.24529649932940187,0.20544364032204385,0.23337877202024504,0.06990791065022144,42.01041757842715,27.85129354321766,5.197072310373159,5.197072310373159,True,74.3065380278122,7.346081705851735,0.06033288914539893,0.0024775296978436366,0.00022549243802220348,-0.003635708929773171,-1,,0
823,0.28136466791859843,0.4624954133355047,0.025972753759281268,0.052293490787716765,0.15614491536187056,0.02172875883702829,29.557355731056674,40.373644000895496,3.3293993518084153,3.3293993518084153,True,43.19193996383096,7.229281668275061,0.05442047215686068,0.0006546300796622674,8.554836671102406e-05,-0.00425548437228961,-1,,0
824,0.030849629487759645,0.030560024268442593,0.4961751711014683,0.13794437767810336,0.2663587817985266,0.03811201566569949,38.11745721965681,21.001241625210113,7.315909767549856,7.315909767549856,True,86.84053834298732,7.183374111279158,0.05866043375822448,0.0010052691425839497,-3.8549583874012886e-05,-0.006206531033994216,-1,,0
825,0.034916497438384264,0.16952466624134516,0.33218036002674906,0.235163323897231,0.14581203408669058,0.08240311830959984,37.1313267039086,27.78752112042983,5.311341052025565,5.311341052025565,True,75.13824045048194,7.288135098946385,0.06848188918646489,0.0015869627985608925,9.029572805863613e-05,-0.004000046940751097,-1,,0
826,0.30448653608806736,0.10321023088898928,0.355413358715339,0.17456043037830699,0.00702058595324206,0.055308857976055344,41.05504500424431,45.722099390130104,2.8004491173424317,2.8004491173424317,True,43.81674879995635,7.40029422960618,0.05380663136815055,0.002731960995860968,0.0004924921472896277,-0.0024532626031380286,-1,,0
827,0.26876397209737224,0.12790113866138791,0.33157563930790795,0.12045448707000558,0.0006560208509072029,0.15064874201241912,25.22033334768457,17.14416702788471,7.367484600882124,7.367484600882124,True,67.48758290440468,7.084889127431895,0.1619239580079289,0.00045800287680645583,-0.0005297310272654463,-0.005450028041059581,-1,,0
828,0.06369244722733185,0.019191411552647194,0.6390075044923927,0.16399948244544899,0.05475574407520216,0.05935341020697712,43.078083775909576,31.979744512002327,4.736859953695404,4.736859953695404,True,67.85910500160456,7.33014608647556,0.04574343166024575,0.002129102399424341,0.00014395476237275378,-0.004307431839935968,-1,,0
829,0.30652596982237323,0.005200085255368362,0.04854958727349994,0.05975105670472169,0.41932149777997363,0.1606518031640631,38.19972488474228,38.992672889874925,3.022441919733295,3.022441919733295,True,44.54436692922669,7.396646498800574,0.08062131844378032,0.0026522311713357586,0.0008556534402479035,-0.0023074328708118847,-1,,0
830,0.26979309946023794,0.3000684423134522,0.16882872499138568,0.04665674834694152,0.08282128417101368,0.13183170071696892,36.9885361715987,48.12593519650103,2.673349194101826,2.673349194101826,True,39.224546886532416,7.350713831942097,0.05292467254296991,0.001851295283610313,0.0004100749837665137,-0.002827687012899089,-1,,0
831,0.26758275400986825,0.08443186944432261,0.12051825472242082,0.23229120046363014,0.2616007713786587,0.033575149981099714,34.88127207323554,22.01087648570107,5.747116706974078,5.747116706974078,True,72.82168137853581,7.278683424254276,0.09660231458671181,0.0014589265669841048,-3.81691032439784e-05,-0.0036257781002155248,-1,,0
832,0.5197326543880373,0.04562621206636728,0.09356577223752381,0.10450435270809873,0.20775490207330652,0.0288161065266665,34.54465819951593,24.386651746664437,4.607632197174971,4.607632197174971,True,53.61373969811831,7.284073714482198,0.08513500218233223,0.0014107104502114273,7.804190384116372e-05,-0.0036702317914061866,-1,,0
833,0.2531051909106834,0.3898758958378897,0.02305722677106735,0.28216023048923905,0.048689825990300535,0.003111630000819891,32.04424987130248,38.45637390838969,3.442022937935676,3.442022937935676,True,52.21364545379958,7.306180908548576,0.07330834747209045,0.0012004687460184008,0.00021112407204643442,-0.002908568712250112,-1,,0
834,0.39879783498317917,0.041557293955879274,0.04499090901586167,0.257395635874972,0.041355737521247,0.2159025886488609,25.368756057503877,27.56714052823739,3.945441432884649,3.945441432884649,True,52.60843864229441,7.271987027075787,0.28267756039122216,0.001008788574622041,-7.615558321354948e-05,-0.002595017963166861,-1,,0
835,0.43589825845299307,0.006462918737682563,0.24521802543504415,0.20349911207348564,0.03272059169564114,0.07620109360515347,37.88018802899737,34.41616436697229,3.348644206392265,3.348644206392265,True,48.597797968361455,7.372726472795399,0.0817726028268242,0.0024350158182739005,0.00051625122334648,-0.0025050782413699193,-1,,0
836,0.07280890684524549,0.001796690292618893,0.03398518083208315,0.3996158331086033,0.35108105133884654,0.1407123375826026,40.53296871777432,42.420788626391904,3.033001097748886,3.033001097748886,True,56.991278143947525,7.4765430634700305,0.13332454777856814,0.004320550967933202,0.0030203943284342035,-0.0009929659693269917,-1,,0
837,0.7541400035432135,0.10639345091733082,0.019811345538554553,0.053139360570608966,6.283467750929198e-05,0.0664530047527828,39.23411641838776,14.111907845789977,7.110859794700763,7.110859794700763,True,61.28142695192919,7.2684829216492215,0.10009478751402644,0.0018428883450124784,-3.800907516616764e-05,-0.0033678264056509143,-1,,0
838,0.22191218119428308,0.23569617550799776,0.05183981695503711,0.24015680261596734,0.03911901078750162,0.2112760129392133,34.50044888008721,34.13623829950434,3.572306242938588,3.572306242938588,True,54.10691966528883,7.35598533098015,0.12412492378792464,0.0021476969136159305,0.0008932515205546302,-0.002314912702002503,-1,,0
839,0.15715701906395294,0.07667233528574492,0.32807595739347334,0.2178587253784781,0.0003124411735598105,0.21992352170479101,29.471806417520938,28.195776069305552,4.533143406070858,4.533143406070858,True,61.26862131452621,7.260078348774633,0.1364962911272971,0.0011616332537581673,-0.00018610189304315794,-0.00338124451435037,-1,,0
840,0.48652314986881184,0.019338138777476237,0.18542399077681826,0.14966713972339707,0.05250416142119825,0.10654341943229834,33.27860638109202,17.066679253086466,6.520369642082825,6.520369642082825,True,66.74404876921074,7.234450511315585,0.12829439200799353,0.001252913285553686,-0.0002937426889018019,-0.0037145797829013423,-1,,0
841,0.4197589619834337,0.16094845959753576,0.02741823030102657,0.19929941662557196,0.1387217539323285,0.05385317756010362,41.48831085366986,47.027466749468985,2.475388832948693,2.475388832948693,True,39.913728982213,7.443026598597686,0.06753533548753092,0.0035179549492843467,0.000906943415481289,-0.001776995197885534,-1,,0
842,0.261847277411079,0.05475832814725861,0.1437826638232275,0.34588795077059764,0.0688916303274123,0.12483214952042512,29.026966381054304,47.182916622688865,2.556922151419057,2.556922151419057,True,44.068163062615334,7.35142431251687,0.13541005416397214,0.0014408714713217232,0.001329354456120647,-0.0015977339686050606,-1,,0
843,0.2750632106764219,0.24763903382676566,0.24753399471469106,0.07627235185717904,0.0331656768481709,0.12032573207677158,25.357219183503616,46.99849890827782,2.7418736983627907,2.7418736983627907,True,37.98123348643041,7.235306932309085,0.0719064288887791,0.0006307550465259206,2.1879122381986217e-05,-0.003329199125732608,-1,,0
844,0.27792753647285323,0.09290459893231592,0.3472029496618544,0.017795500084124755,0.11821623076279661,0.1459531840860552,40.26038593553496,48.808062902793736,2.6037451119643755,2.6037451119643755,True,38.579011014662576,7.386180656291045,0.050669997919406316,0.0025158632655413347,0.0004996829546474258,-0.0026712773938649295,-1,,0
845,0.12825381616275403,0.24781852622485198,0.11417648948037927,0.0552689688982441,0.37060577022190083,0.0838764290118698,43.11804437635557,48.82840644784852,2.8650155085670472,2.8650155085670472,True,44.73391557692296,7.420583039568667,0.04443125161858502,0.0028149367425733523,0.0005043379492734758,-0.0026111624966270626,-1,,0
846,0.1356683942331498,0.4241713652900965,0.0779690964543224,0.04291574799732884,0.03965203700308275,0.2796233590220197,41.99578395610072,34.55313023236046,3.7862798719594593,3.7862798719594593,True,52.591545738523074,7.374022722748799,0.06840791386934829,0.0032152112809307343,0.00043989827200011355,-0.003152891141072492,-1,,0
847,0.29781792616338104,0.376094502983661,0.017976603858301566,0.00873124746871967,0.10629161892822095,0.1930881005977156,37.294734883765784,26.69014439434745,4.610038264304998,4.610038264304998,True,53.88370565527492,7.282863106227591,0.07118880976513778,0.0017479722795863952,8.263355250003843e-05,-0.0041949976859757,-1,,0
848,0.21387286881195589,0.007873254584101243,0.03429455417015367,0.6394038578144657,0.07161845631893346,0.032937008300390105,36.43683953042218,16.14319116344458,7.5304341092893,7.5304341092893,True,112.46351169082853,7.359672553811777,0.34464381311108366,0.0027383116159504202,0.0016817949793309136,-0.0017015328885887887,-1,,0
849,0.2998947121220833,0.12967647677957964,0.022949101396713002,0.25418960082360037,0.03737587006557374,0.25591423881244985,39.59561534087584,43.95913690499416,2.575653329846808,2.575653329846808,True,43.69189637551119,7.45118495205115,0.12821926993788105,0.004045087580936867,0.0023654789608054177,-0.001324135118175777,-1,,0
850,0.3413257761684377,0.18729379799070286,0.04525142501656411,0.2414019910535252,0.03480930649332703,0.14991770327744317,34.44937355128977,30.393214642281976,3.8421765782081088,3.8421765782081088,True,54.89247659795152,7.343216332489507,0.11964592897472501,0.0019994134437448154,0.0005481377579826092,-0.0025424519275100647,-1,,0
851,0.2547832515557927,0.018504182717058008,0.47065716194363827,0.04456089108520853,0.20215174961715304,0.009342763081149367,31.244285458441567,48.7783433490235,2.8054828628469024,2.8054828628469024,True,39.95678755065435,7.267410376560833,0.045749087545045114,0.0007612400409057141,0.00016304133583257667,-0.003652762524014936,-1,,0
852,0.24853911503169457,0.18212277030553226,0.37830529365280685,0.03303044928055095,0.025203004424688043,0.1327993673047273,39.66248949119091,24.7595421320138,5.324429460341975,5.324429460341975,True,61.16930099256296,7.253606796738922,0.05698071437807701,0.0016271396490998913,1.2878311080813318e-05,-0.005094811590540136,-1,,0
853,0.32207114394588543,0.3412626032155864,0.27228714040875035,0.01918961004796557,0.0019882474677103967,0.04320125491410181,28.4961477246601,18.783183688083653,7.0748203339255245,7.0748203339255245,True,59.969912099053616,7.038174209436675,0.08985145535941842,0.0003483939494744358,0.0002149459145612128,-0.007402151033602375,-1,,0
854,0.40920362994487364,0.02097645685205436,0.09456106606194777,0.14790064860004432,0.03401516086659999,0.2933430376744798,34.278445722201,47.70273601257352,2.239876671056324,2.239876671056324,True,35.844949709034026,7.402944282325321,0.1310258591577709,0.002567971907132927,0.0020650330144057305,-0.0015270946667254703,-1,,0
855,0.050634436409748344,0.052275983320251254,0.012350391630012801,0.5499521078624428,0.28271684607063674,0.052070234706907935,39.68292691521836,18.609749927165993,7.1678352807733665,7.1678352807733665,True,111.86731282942323,7.392080434413577,0.2052780092491855,0.003505846339637608,0.0018599720693739487,-0.0018206281273432843,-1,,0
856,0.07505316649901832,0.15855144845711003,0.4875740794123577,0.05171486307130548,0.20328562442657203,0.02382081813363652,42.19122266837796,25.128020920387243,6.183951215373366,6.183951215373366,True,74.13997966088411,7.2168869432104215,0.042607379760966776,0.001119433674696581,5.794478971476944e-05,-0.006775461211706956,-1,,0
857,0.05577892857332339,0.1727631340811176,0.3445544012893911,0.32480017140508394,0.06564014348376282,0.03646322116732132,42.034443655050374,19.667983919245238,7.499573872240408,7.499573872240408,True,99.78958763991105,7.296856505478693,0.07052858074270686,0.002299222826724541,-5.60220757219005e-06,-0.003950563547206903,-1,,0
858,0.4195684308686579,0.04322864395956779,0.15719125363685418,0.07855954590500477,0.14055465816250878,0.16089746746740655,37.37321223872635,47.066819523251276,2.408881907952923,2.408881907952923,True,36.43187934450573,7.39650975249459,0.07413327441409964,0.002558049688759321,0.0008661520472435789,-0.0020518840976843705,-1,,0
859,0.3186787441010979,0.17210441827061787,0.0630767076788606,0.09975101674867289,0.1621606260418951,0.18422848715885565,30.157880182955882,37.7170636234342,3.1382857466428744,3.1382857466428744,True,43.619806993447206,7.304889262010468,0.10036970647614471,0.001280202521568958,0.000403366775960521,-0.0027963818119027704,-1,,0
860,0.39266551389943377,0.13617405310153632,0.3015437145149179,0.07136413280615735,0.037134718123434815,0.061117867554519804,44.746252399142875,16.02393148972014,7.682419153089857,7.682419153089857,True,75.64796996756375,7.258875829426932,0.06034339125827895,0.0021998197144243873,-6.566540538782253e-05,-0.004655832839486063,-1,,0
861,0.35275769177851174,0.003701335339479922,0.3071255139390376,0.26549690712468027,0.015310230710596673,0.0556083211076938,26.768045814013487,36.96780769779265,3.2760004930562845,3.2760004930562845,True,47.63049728324289,7.272864372918566,0.11000707118128955,0.0008856126625969144,4.937110164961318e-05,-0.002796426827264864,-1,,0
862,0.19128813763075714,0.3051246550670313,0.05481139327268037,0.21162272904348525,0.15065662060909904,0.08649646437694689,34.50611235767208,40.15082718575823,3.293520595358585,3.293520595358585,True,50.76790650897671,7.3401816445447094,0.07352455651327776,0.0016446108950695438,0.0004369375699255396,-0.002654879189724548,-1,,0
863,0.06581205231986059,0.19841446827865308,0.07475937036332968,0.208916933874524,0.4375607506437399,0.014536424519892724,30.702448008303776,23.401875100205388,6.19367718516089,6.19367718516089,True,78.29299785697351,7.201873201175583,0.08787713507222311,0.0007589508266004234,-0.00012558552950698825,-0.004780733473322537,-1,,0
864,0.3482496475583,0.21799404527123328,0.23734980180264043,0.12206263140827703,0.040008437273807075,0.034335436685742286,41.91398801293944,30.802876490459525,4.123207974909945,4.123207974909945,True,54.52061460527094,7.344607672917677,0.05307070444187653,0.0023484679162012775,0.00017702451431170194,-0.0037207498107797894,-1,,0
865,0.15691757269921836,0.027079429940929017,0.002046341786444908,0.1534213254545802,0.2742133788903862,0.3863219512284413,41.85463937612944,27.85557968574838,4.1266326497435735,4.1266326497435735,True,61.55308933701155,7.437974028360811,0.17515203503257168,0.004886223453836359,0.0024659697947794048,-0.0019039111842617223,-1,,0
866,0.49127606186276607,0.04762010232788385,0.22732444681524086,0.0801860232907655,0.1045551279469178,0.04903823775642585,44.05950323120207,36.03178358870947,3.196952925710639,3.196952925710639,True,43.92276111716511,7.411612531546966,0.055679197295947974,0.0034797974815414874,0.00041522052271204764,-0.00282326112126652,-1,,0
867,0.009180506286937387,0.08734848951168976,0.2101308915859266,0.12959991635531956,0.1427352515256987,0.421004944734428,27.31797730638499,45.40371952907203,2.79273495139498,2.79273495139498,True,44.623328161698915,7.321186875937914,0.18705278209468315,0.0013508034798904057,0.0018579065719934382,-0.002037875323553199,-1,,0
868,0.07829528702822469,0.3561628484778179,0.1639212520838665,0.33480329378074986,0.015284228995799322,0.0515330896335419,28.053802676828415,37.501357404394874,3.8547606568607566,3.8547606568607566,True,59.70773562281429,7.261410213569426,0.08939941762316649,0.0008325924443763861,3.4151411315035534e-06,-0.0031898556143681416,-1,,0
869,0.19790518287855166,0.49195849075247006,0.1322852747509434,0.10701019312218811,0.02605186930899417,0.04478898918685269,25.947450134589797,21.46375059655253,6.589382945943584,6.589382945943584,True,64.53273893756607,7.056025123554516,0.0969155207024189,0.0003209648510479845,-8.292442027734177e-05,-0.007054821507885042,-1,,0
870,0.39098061002001155,0.08534757818712857,0.02679773752117887,0.39158797155424185,0.07121891842616605,0.03406718429127313,27.795751809397363,27.64309718469137,4.174324953062319,4.174324953062319,True,60.14514759862551,7.294250265399286,0.1896425496637385,0.0011264503294120172,0.00011898768218685082,-0.0024687199881344105,-1,,0
871,0.2851672685053727,0.021134187147004116,0.1604644584125993,0.48779023724947995,0.018058190056353726,0.027385658629190197,33.287075439887225,30.875057387554236,3.9398673435414624,3.9398673435414624,True,64.89008040360416,7.3650547214955635,0.15912542587235579,0.0020008977029002885,0.0012163814256283783,-0.0018557152101495546,-1,,0
872,0.5647927800394056,0.2408772655117659,0.08860091236530089,0.056316076790389094,0.019717219238278818,0.029695746054859758,37.28772213070371,24.948720115294055,4.536563803814327,4.536563803814327,True,50.00955982187511,7.277789188642016,0.06543895917862477,0.0015398543091214155,9.150828408654546e-05,-0.0041613843636963375,-1,,0
873,0.16440195563215299,0.009818073885133085,0.027450899381527748,0.2623970590253246,0.050029568077744495,0.485902443998117,25.275547105881007,19.93176991541171,5.4860747946265045,5.4860747946265045,True,68.4677009177004,7.2007042572968745,1.1086525540846945,0.0010475119802047558,-0.005220708069920148,-0.0023514862013125884,-1,,0
874,0.19596791792104196,0.0920947997078292,0.024786058774910736,0.30612241030929455,0.10290690864277191,0.27812190464415154,34.130946459881045,25.76287896673869,4.536487074079498,4.536487074079498,True,66.94479607383742,7.3559030216155294,0.24404728934368564,0.0024031618540599,0.0018882681036608388,-0.0021884123980455967,-1,,0
875,0.184899467678948,0.005705523797397907,0.16345142540425553,0.20930430498469776,0.32010467226904565,0.11653460586565514,41.20605110546933,25.113505767712958,5.073166731892674,5.073166731892674,True,71.45896972311716,7.375502169579617,0.0895217541760271,0.003077718173974155,0.0004365018193237211,-0.0028384928553399544,-1,,0
876,0.03329809184831432,0.04631267832912838,0.27343780626334047,0.6351268823111611,0.010770489005742734,0.001054052242313026,35.608823592061576,33.74062369768769,4.192260368681207,4.192260368681207,True,78.50616684434071,7.400629367670182,0.1504699858442746,0.002523007898898144,0.0021933505417209434,-0.0013834332555938886,-1,,0
877,0.4958942836787085,0.15897391624170007,0.0667110488899907,0.12423703486459074,0.004574110978109964,0.14960960534689993,25.436627832916233,30.60533507384756,3.5861841955577898,3.5861841955577898,True,43.468228638586545,7.242750857863336,0.136896574233354,0.0008054925034668921,-0.00013016303507726594,-0.0032738647516578796,-1,,0
878,0.19081061862125645,0.20771968173606745,0.015240389996428974,0.2480658162971934,0.2596875842849308,0.07847590906412304,31.896625187976756,26.851205107330184,4.82589138920608,4.82589138920608,True,66.27739572539414,7.284510913899735,0.10882837811552254,0.0012842065651278403,8.335791271217158e-05,-0.003303720768108749,-1,,0
879,0.048866307788916964,0.2994034490421522,0.1997656123831866,0.14950747085000457,0.1990463299174208,0.10341083001831873,27.005747969905006,41.31282262594581,3.550072691297616,3.550072691297616,True,51.53951457669382,7.232227226386361,0.07172432965811942,0.0006328149162277168,-6.653237605574978e-06,-0.003795191335505939,-1,,0
880,0.5630129123560661,0.006697969849812808,0.18901430527908217,0.1442293559863934,0.04357095690171638,0.05347449962692932,37.02745525622696,40.553762691534324,2.6979011452739248,2.6979011452739248,True,38.973808128496024,7.377541377793506,0.07274957141374602,0.0022844454347671424,0.0006001486716447075,-0.002338902317309183,-1,,0
881,0.2277594661500325,0.050678734078446634,0.1907973856510135,0.09798072419136589,0.15672985105264273,0.2760538388764986,30.696151772997787,41.50222339452867,2.8807488676348965,2.8807488676348965,True,42.77492866816238,7.330909585998055,0.11605002289192298,0.001543078215271982,0.0008444154636340075,-0.0023538481275157605,-1,,0
882,0.06887269346249289,0.6831997795527768,0.07697398657255794,0.026308509965782354,0.00034021233665683934,0.1443048181097332,37.64710101532603,47.1665052908428,3.2005018668368854,3.2005018668368854,True,45.764814086366414,7.303139780405822,0.041104848131786456,0.0013394500644654333,0.0002100963647651315,-0.004017359072713707,-1,,0
883,0.2058694887435914,0.013413663656028883,0.0131926790249709,0.36718974685461647,0.0327709958375593,0.3675634258832331,33.898755220540124,31.87951150312873,3.4689477663539208,3.4689477663539208,True,57.533384382089984,7.395660906562523,0.42245320922599805,0.002922282345543139,0.009118121576692286,-0.0017544880465347151,-1,,0
884,0.40033668677219875,0.4290576350827158,0.09763698973687346,0.027504625408938048,0.015818737652192254,0.029645325347081936,27.93486466415305,23.45143321709447,5.396148560528605,5.396148560528605,True,51.442308896572285,7.114053795131386,0.07969260940523418,0.0004474489536531574,6.886158124369717e-05,-0.006124786369524941,-1,,0
885,0.46809704838382893,0.12893424656104846,0.011792509030391486,0.1031424704738503,0.07561742784994663,0.2124162977009341,34.05015863048768,43.706184868727846,2.4682656514493804,2.4682656514493804,True,36.54255419643585,7.376340693288751,0.10197059871009395,0.002161523276591861,0.0011089109422622906,-0.001989216688013584,-1,,0
886,0.358484490218454,0.08080715291347718,0.1617021970839235,0.2607233445135049,0.0031477502020468484,0.13513506506859355,31.47802525438577,29.191940110206133,3.9827486895567925,3.9827486895567925,True,55.522175478691786,7.310224158726395,0.13478138522800232,0.0015071827229458875,0.00026799540075905277,-0.0027199830935612256,-1,,0
887,0.04920698752684677,0.18738985128469898,0.2804736823675857,0.08795818993801675,0.061144975256813824,0.33382631362603815,44.5609149157596,28.995073459028156,4.5687300918071365,4.5687300918071365,True,64.1589492382273,7.39562339012819,0.08256941930671376,0.0043869297300282795,0.0005224627428006472,-0.002987613684191627,-1,,0
888,0.2655781037058327,0.1512434794101099,0.28179131661206624,0.2181343198513422,0.03022915900607362,0.05302362141457547,43.90833144879897,20.632376531002627,6.291684211485451,6.291684211485451,True,78.63572682682613,7.330304364133099,0.06610495425774106,0.002827343288333278,4.61215069289042e-06,-0.0037632895312709027,-1,,0
889,0.4756524685381643,0.006634459542853084,0.16790893561831693,0.2110327007343246,0.04558432312129496,0.0931871124450461,33.4731024110121,47.204220770004966,2.3574730187265107,2.3574730187265107,True,37.332971733074466,7.374845436436888,0.09009409560425997,0.001935757722880335,0.000909453815096677,-0.001833854504037444,-1,,0
890,0.015693737048507423,0.08283020754612147,0.4585929742007908,0.12937107376383825,0.09277410818673942,0.2207378992540026,35.04825987261877,48.84540607209311,2.920626998795977,2.920626998795977,True,47.266130296773085,7.346123886037257,0.06615843922803101,0.0017520245422314566,0.0005242174280354682,-0.0025545364639670757,-1,,0
891,0.3393786303906757,0.07367738162840393,0.33154635980285824,0.08514922798990526,0.012667045437573729,0.15758135475058316,30.176712744747995,30.181809588157485,4.009752112243061,4.009752112243061,True,49.1633987292699,7.244610815792214,0.0899219684398715,0.0010154210334981945,-4.358432257691357e-05,-0.0038985456958988115,-1,,0
892,0.22046531962487986,0.02345790514147858,0.41183677225064486,0.22028435803015647,0.057138000456671646,0.06681764449616873,42.19061583618651,27.93009418214975,4.731751108364064,4.731751108364064,True,66.71958178213737,7.359808309272037,0.0650330073110386,0.0027770585858961114,0.00021447908220186094,-0.003303317145816397,-1,,0
893,0.11000012035847612,0.08677805656946062,0.07664315958920674,0.4516665273637601,0.003513029982964834,0.27139910613613155,30.58974747140379,44.219014536715264,2.7380795885385396,2.7380795885385396,True,50.881603083994534,7.387410196535539,0.29417404336600667,0.002128147470754282,0.006324740658455581,-0.0012819986228238794,-1,,0
894,0.02898378399953208,0.20086843769752175,0.10537935619786835,0.35192907441726423,0.27861558081297866,0.03422376687483492,32.797789377452176,31.228931642409364,4.637636770890648,4.637636770890648,True,72.70558429921583,7.3113065071094026,0.09444186167986204,0.0013713770735178314,0.0003721574393668148,-0.002905908816919163,-1,,0
895,0.24131959566337396,0.31817804893200985,0.04761178595098392,0.09638846592898274,0.0015940944623635558,0.294908009062286,44.53054132830292,17.459331790234558,6.872826598470749,6.872826598470749,True,77.20723775982194,7.333985073980132,0.09187145076189214,0.003729660667698563,-0.00010690953130399882,-0.0034243909081924425,-1,,0
896,0.1778297715551784,0.10220632150546162,0.0064517217854374405,0.14276898392301005,0.21495761116912443,0.355785590061788,32.83675419820106,18.00733722339438,6.464551742476233,6.464551742476233,True,74.94733530827963,7.268969309653339,0.23166418745988032,0.0017169428199408166,-0.0007236369427452723,-0.0031810615111467653,-1,,0
897,0.09673990987944617,0.010625201021243848,0.18381809504830687,0.6692439650033799,0.015839338401947702,0.023733490645675488,38.60069870815783,17.252858350634096,7.65328434708545,7.65328434708545,True,120.12979611217511,7.37897932183252,0.2553176303679889,0.0032631999181640344,0.001929924819697922,-0.0016843879300421992,-1,,0
898,0.2797230064703043,0.14797811315251105,0.31135741141377854,0.17913729791636912,0.007094680766525905,0.07470949028051124,38.49625504811739,20.539017127572706,6.26632753495455,6.26632753495455,True,73.43410864865271,7.259527172628585,0.07469458135134367,0.0016681463277797178,-9.832605959880006e-05,-0.004334387390586853,-1,,0
899,0.34128827222810604,0.14542557137132633,0.00012452280317524372,0.27434411257778524,0.0005522247955980997,0.23826529622400897,32.104356682424,23.9544260818559,4.65234562750422,4.65234562750422,True,62.59197248944847,7.319064487357781,0.2215632749037212,0.0018229209122520554,0.0004558837085418279,-0.0025259321495797204,-1,,0
900,0.10447788555636794,0.2281161861572888,0.49575106997518126,0.005844750576865111,0.015501210813325283,0.1503088969209715,39.33503500327219,28.66037052553372,5.100989332411273,5.100989332411273,True,61.31815141908243,7.228763132049782,0.047891147691913834,0.0012996875301565034,4.187044561652827e-05,-0.00592302258983155,-1,,0
901,0.18692464895849156,0.10125900960058193,0.20738381575487977,0.07343653001472705,0.03088919733623369,0.40010679833508594,32.22597797705366,44.104908761577995,2.6678353605987035,2.6678353605987035,True,40.633397943723644,7.356370053956366,0.13457159757981138,0.002009912607073904,0.001490098407134183,-0.0020521513239230957,-1,,0
902,0.28664224563206414,0.3926017362901316,0.18058697717340763,0.06019892562579676,0.07818000749049436,0.0017901077881053596,36.43901251282405,18.553232851119912,7.363687415829295,7.363687415829295,True,70.64522297178104,7.124080915278114,0.06306693582220503,0.0007071234199069367,6.122472528546567e-05,-0.006784002961437764,-1,,0
903,0.12761270605666306,0.18866983672843063,0.005252268732589831,0.1482994467069502,0.2715900393248223,0.25857570245054406,43.00182556287365,23.706011841345624,5.288832449378183,5.288832449378183,True,72.19343668648084,7.390461333262013,0.10466678609857291,0.0040155660405708435,0.0005660065968996295,-0.0027564339962712256,-1,,0
904,0.05549187252737579,0.05954602808706869,0.00485401276529019,0.06425288238956656,0.2556941609648608,0.5601610432658379,25.779587550746406,29.784008958978117,3.8516645349437715,3.8516645349437715,True,51.91037348891861,7.275562693379792,0.5007382505322837,0.0012509958203746631,0.0031312606781133817,-0.0027265454727279184,-1,,0
905,0.6503109937009711,0.027848908622218525,0.09998397201907089,0.05812653668676455,0.0739046953940144,0.08982489357696051,27.478761088817556,19.538657748629703,5.32348887279708,5.32348887279708,True,49.794915607605,7.196488578966689,0.14340463984499946,0.0007468188994240265,-7.72946236655109e-05,-0.004032621081175668,-1,,0
906,0.0709884719407506,0.5396990513912777,0.10648689173265734,0.09789658979049382,0.03211506682766244,0.15281392831715823,41.138884487080716,47.476291525238146,3.072828355885963,3.072828355885963,True,47.383400221712385,7.376800317834752,0.04694038358656757,0.0023794205496180925,0.00039373471557864085,-0.0029995145008142768,-1,,0
907,0.4238029281070708,0.08089183743778905,0.07787243326311484,0.2285758071121846,0.04152896954326568,0.14732802453657504,37.130642008158894,38.41436768091317,2.901339190257401,2.901339190257401,True,44.93481283248507,7.40124547765324,0.1062873785427664,0.002787208831701237,0.0011529846077011161,-0.0018958863204748232,-1,,0
908,0.34128959355652494,0.0450736887136934,0.002448141298248338,0.3159782897648924,0.007581990526383774,0.2876282961402572,39.27173219814835,49.7123182908178,2.1676674861426055,2.1676674861426055,True,39.39211534280802,7.475140169011318,0.16209277841024453,0.00449059643497451,0.004032841446472127,-0.0009189025424412089,-1,,0
909,0.36632953717876354,0.013685242894028235,0.011962677492048239,0.07936787280676699,0.4016038266410282,0.12705084298736477,35.38334469828643,31.329992393268327,3.6799438982763384,3.6799438982763384,True,49.64204344692556,7.346441194986801,0.09237905722932493,0.00194324764461054,0.0005186738618409856,-0.0028358393833014567,-1,,0
910,0.5048402105226456,0.013883140019064188,0.3563726858733746,0.09928129259391276,0.023169659920621262,0.0024530110703814825,28.558249765922888,34.52437675976558,3.404964318395797,3.404964318395797,True,41.96536175402773,7.235347199843051,0.07187477609765133,0.0007580269599737351,3.6330435402413206e-05,-0.0038454280393745393,-1,,0
911,0.08113559229162762,0.18044642224184937,0.060765199933594846,0.36621167702421076,0.0029522584675506338,0.3084888500411668,25.28249466953648,47.10673609816886,2.6230292874290306,2.6230292874290306,True,46.3741163181222,7.3293731987329656,0.28952255447043707,0.0012449483965432553,0.003937834964314928,-0.001541607447883787,-1,,0
912,0.02464106307487576,0.20523163175455808,0.13325723003676393,0.29660262674709736,0.0702562215604275,0.2700112268262773,27.16498882949714,19.60995793118567,6.740923995365992,6.740923995365992,True,83.69040547329121,7.201789339643165,0.26519907214737043,0.0009538104755230422,-0.0020709684957696483,-0.0036262228957082364,-1,,0
913,0.2618645236779414,0.0945734415265238,0.07212244669031893,0.061492947313661034,0.000609126632385522,0.5093375141591694,30.587096243874583,17.717669459739284,6.0661333381488465,6.0661333381488465,True,64.11823093036672,7.245530048287068,0.3361680230606588,0.0015081204678453807,-0.001711194512663419,-0.003175951511755288,-1,,0
914,0.3468384391876474,0.04606605056669088,0.2881547592927341,0.27503173698181704,0.033240711162443315,0.010668302808667283,32.57241854869037,25.40670949423877,4.878150561233715,4.878150561233715,True,63.924644783825094,7.270739283682595,0.09568658478132472,0.0012209276618107042,-8.185680626501138e-05,-0.0035241724062362676,-1,,0
915,0.1378492244759923,0.09889705213186792,0.4528685347281864,0.10828758822860846,0.05057875728208498,0.15151884315326,31.78015481205758,23.11695534122816,5.953662969930329,5.953662969930329,True,67.86375353205906,7.174009776357997,0.0833212088352002,0.0008461023242447279,-0.0002195113963952441,-0.005425116596931575,-1,,0
916,0.0766378805949052,0.12033444277443257,0.3447411462672965,0.12705129361344497,0.045212640410448854,0.28602259633947186,29.042286003129334,40.265977096664614,3.288638054767803,3.288638054767803,True,48.562691161628194,7.2860011847355715,0.10723158636887435,0.0011753595251678057,0.0003060948129869908,-0.0029106895710424743,-1,,0
917,0.17617095684778897,0.24205600974896305,0.035295617685699915,0.1088121603399527,0.40324365352820796,0.03442160184938744,44.81619531102244,47.14104700229316,2.895227706708442,2.895227706708442,True,45.99844433379632,7.449008327555331,0.04615636832120977,0.003409848504967072,0.0005628654630816206,-0.002363485644525428,-1,,0
918,0.1847074744590251,0.2647811497290772,0.2269599202472314,0.14874394350974568,0.17242881286566497,0.002378699189255598,35.08438711075537,31.272954231117367,4.523424278985584,4.523424278985584,True,60.18401616613425,7.255944373417879,0.05534615635168006,0.001030580723083573,6.789854935189967e-05,-0.004545887449790628,-1,,0
919,0.38119360672140157,0.1667494622811338,0.18364541827281697,0.16078778147874734,0.025597932970878895,0.08202579827502125,31.29163138071685,40.957577545506254,2.9365130205418835,2.9365130205418835,True,42.2373808071297,7.308017336521157,0.07747569969897879,0.0012624105595796225,0.0002935834283173982,-0.0027878728732917937,-1,,0
920,0.23784151129965325,0.13613525323926876,0.40045717247084106,0.01473693569784605,0.191948491280328,0.018880636012062923,40.29513375865297,43.77089430329778,3.1805215550047956,3.1805215550047956,True,44.5231384349816,7.33403411212865,0.03820244375231032,0.001569191596362995,0.0002440939705043345,-0.003891679663939581,-1,,0
921,0.040105380387897786,0.2001813037502654,0.49710296968607876,0.020218627180583065,0.2224395903725388,0.01995212862263626,42.91009154393769,27.373969929011828,5.900094065252458,5.900094065252458,True,71.7946644874314,7.215489282989176,0.03849084558349088,0.0009665545155568307,8.359705132930118e-05,-0.007282593215736331,-1,,0
922,0.11074019032790294,0.19594719798472574,0.32654471645894434,0.09044081306496678,0.09195340568619327,0.18437367647726693,40.33751136214395,42.255949151835146,3.256478372665354,3.256478372665354,True,49.26747315148267,7.374126392752222,0.05726659932567941,0.0025429463206274754,0.00045499560650308975,-0.0029071125617229658,-1,,0
923,0.2596693703414083,0.17714861680726773,0.21397765771595906,0.2111270308795388,0.021005299533292332,0.11707202472253384,31.169192449955005,47.169689760246,2.6761195460703107,2.6761195460703107,True,42.32256161023344,7.328449819887915,0.0809218071876274,0.0013617999578673737,0.0004822380615998573,-0.0023079890772228257,-1,,0
924,0.1087444384432996,0.1226221950470963,0.14961304706621895,0.3395504461786872,0.01003537019515302,0.26943450306954486,26.88683005279311,49.770767166531314,2.502487109340838,2.502487109340838,True,44.40425004830912,7.3414464282289735,0.19825283650537606,0.0013519611196728413,0.002450689043423818,-0.0014786670387859314,-1,,0
925,0.25712969944674074,0.07329972205690444,0.12573235700590224,0.30580336176567124,0.09190025527419059,0.14613460445059062,40.40373898888366,41.96891686636221,2.8708076457390916,2.8708076457390916,True,49.14510300267575,7.446249940524685,0.10274295668533553,0.003826516920127731,0.0015844759837679479,-0.001474631072542887,-1,,0
926,0.35717702088833614,0.31631866337073145,0.1799192436780687,0.024119813161658243,0.07214549243731927,0.050319766463885994,37.04820506182895,44.27441567666282,2.886730144404544,2.886730144404544,True,39.418870702071494,7.321040609009258,0.045567935864134414,0.00150568264682025,0.0002670403598742924,-0.003479850298849975,-1,,0
927,0.34375764473484394,0.012369619609035614,0.18944875340260375,0.3554627465863245,0.04784122456601642,0.051120011101175714,26.957665604297194,21.03695368163253,5.658244824873053,5.658244824873053,True,71.06123884450437,7.232322509862132,0.2022109455074772,0.0008743182836054327,-0.0009360709305012434,-0.0032123891347892296,-1,,0
928,0.5516572593209605,0.011298679119400638,0.13202391507633077,0.14372508669561088,0.14059377625203615,0.02070128353566107,33.96432175142333,20.60853824450264,5.367316919187082,5.367316919187082,True,59.09650891099325,7.2640776317098235,0.0996187423584975,0.0013114738494139533,-5.3662835079965216e-05,-0.0036999349465901003,-1,,0
929,0.1813177443822168,0.029902246033815305,0.05783498856534712,0.563613437858164,0.01503557083690482,0.15229601232355194,32.85470024203506,27.004105279692258,4.430864964924925,4.430864964924925,True,74.97972845258583,7.373165703742556,0.3874796951743108,0.002385445655611292,0.005821146022613347,-0.0016925958975996453,-1,,0
930,0.1344240191831112,0.04670454215945977,0.39499855444506676,0.006864024220703448,0.36402003724244464,0.05298882274921423,42.5882346697537,20.813638821105563,6.9044969058595,6.9044969058595,True,76.13613232497542,7.221384631604979,0.049383264849714975,0.0014189310142762928,3.094723636234546e-05,-0.006230156468052133,-1,,0
931,0.23595698424183373,0.18156345536147614,0.010919344946879747,0.2859527780674199,0.125383820945773,0.16022361643661742,42.87486257432544,27.03883859251397,4.488937381253668,4.488937381253668,True,67.42637126510631,7.424853887315335,0.11012738621457206,0.004304977760309526,0.0009490781791223309,-0.0021293382011693257,-1,,0
932,0.005104714104058422,0.22806554290379066,0.2884687622571712,0.29673421983470105,0.1734016571572101,0.008225103743068602,31.55615441387972,30.10048197340584,5.152378038417436,5.152378038417436,True,74.65875368046055,7.236756715384956,0.07154277024938263,0.0008359876756024806,-3.320418133039376e-05,-0.004296902522805,-1,,0
933,0.3784923212297778,0.06757596779411937,0.014006598018366224,0.08327332952092661,0.04541453527536252,0.41123724816144747,33.354865727256794,20.294892522205842,5.140289194096976,5.140289194096976,True,59.0292589664196,7.305399116740257,0.2410225246418104,0.0020095187296089207,6.126789574373046e-05,-0.0028702650277391017,-1,,0
934,0.043741083165607465,0.08661457631737018,0.40643663348967496,0.11802049432285847,0.011493372280354073,0.33369384042413486,32.038598860459324,32.631608774963624,4.068241499924171,4.068241499924171,True,56.913114107063684,7.287205164501649,0.11425326693893449,0.0015236880173782178,0.00019954716820709664,-0.0033058813909062905,-1,,0
935,0.0914866405778407,0.07217382234300013,0.1607497519486441,0.04302675030647742,0.3615346544201406,0.2710283804038971,33.26816488779717,42.95649444203186,3.0096087515800387,3.0096087515800387,True,45.502423321992744,7.346150211028583,0.09000372919775321,0.0017498585126070275,0.0007908450006274437,-0.002485929103514298,-1,,0
936,0.13998389413191936,0.15109974535868365,0.5800954230481205,0.07063342348388373,0.03176224737492861,0.026425266602464297,30.134435230703325,48.7908631532404,3.084798909221898,3.084798909221898,True,43.83996578388125,7.222448256609119,0.04365150701586609,0.0005252891366635689,7.225957992807383e-05,-0.004456508479118575,-1,,0
937,0.12741213872493765,0.23667870303155764,0.1109362483607168,0.17553027009926253,0.04503142585816764,0.3044112139253577,40.694440417027025,48.70372103989889,2.571635912060133,2.571635912060133,True,43.62412717898654,7.4450792269966914,0.09685087782766114,0.004019000290417387,0.00167514236287433,-0.0015210591523008461,-1,,0
938,0.25995378575069505,0.11867811279638073,0.11097923905631527,0.040253962637821536,0.21665014853181827,0.2534847512269691,41.76273109660608,15.684157034065706,7.60721743511589,7.60721743511589,True,78.21240001496673,7.281442532516964,0.09420383005090717,0.002576227308158186,-0.00019061085173834296,-0.003796570243111992,-1,,0
939,0.12285539020726521,0.14311671271177118,0.218087628709054,0.28938401186912477,0.20919748855454431,0.017358767948240605,41.36454705254515,33.36648596733184,4.202390355824549,4.202390355824549,True,66.25522958155918,7.389799112056484,0.06402920407970508,0.0027217545591838917,0.0004621208130826621,-0.0026908570661252386,-1,,0
940,0.2249406511867381,0.4173528920659046,0.0287309872229124,0.10474875487988546,0.1732316681770852,0.050995046467474284,30.268986287138116,47.18395888028685,2.866666714179906,2.866666714179906,True,41.77295648160331,7.279846018206501,0.05631359449016778,0.0008721804372803535,0.00018505804551459526,-0.0032362458210333264,-1,,0
941,0.22719408581591422,0.02635389307868152,0.002572761781056964,0.14238431350831976,0.14267269007121097,0.45882225574481655,27.303721066285213,32.554496138852556,3.3322366432079593,3.3322366432079593,True,47.6091890766247,7.31583736409522,0.40273267076098374,0.0014876841141110713,0.0043119416906268635,-0.002288587792446563,-1,,0
942,0.02081298829226755,0.043547270591783496,0.4020780136451641,0.1461708627713332,0.2094185123030086,0.17797235239644307,36.957120664124076,42.636048618523766,3.3453574323632655,3.3453574323632655,True,53.2063116520233,7.357212835185334,0.0663927499049517,0.0020015173644230876,0.0005303242441978012,-0.0027007157526486927,-1,,0
943,0.29597914821088406,0.0006531036200657013,0.009435888984245851,0.2009936608905142,0.4328916678701254,0.06004653042416472,26.350546288361066,30.489718844265084,3.9560165390038446,3.9560165390038446,True,54.01700083152899,7.267276077816486,0.13590581215216782,0.0008496101003360764,9.026010272256676e-05,-0.003037373818301969,-1,,0
944,0.1880392748093841,0.14890529081536846,0.27898835262099186,0.04344849145341741,0.03875312307035012,0.30186546723048785,30.171143562974798,36.516978061476834,3.410264224177443,3.410264224177443,True,45.80812183656732,7.279359347317916,0.10078085144818805,0.0012502314262007497,0.00021046552487570972,-0.0032598033810898657,-1,,0
945,0.32030226584957977,0.06776156667586226,0.14617625683748628,0.26511087021114677,0.04792394273577385,0.152725097690151,27.3735473415769,47.482057226820274,2.4681292578885006,2.4681292578885006,True,40.178502126415495,7.327857522363449,0.12962020297127233,0.0012060910815612422,0.0009445391380905694,-0.0018308495138562653,-1,,0
946,0.19457371794628095,0.09289593727544382,0.25561517388556376,0.24328488038721738,0.13244323742511196,0.08118705308038213,42.894571634294635,17.438976795028367,7.532569578038,7.532569578038,True,91.7379144268248,7.3117054048935,0.08031850929079681,0.0027169577814820096,-6.211334221897133e-05,-0.0035776715214742103,-1,,0
947,0.26279908461890295,0.42551982076963557,0.011495975758611969,0.17307409521111097,0.016734329129094495,0.11037669451264401,31.465317687302093,33.50539898612172,3.818949477123042,3.818949477123042,True,51.840065164174135,7.27555800454283,0.08265560651029577,0.0011610164139876492,7.65092533803778e-05,-0.003472011772676143,-1,,0
948,0.383760287140146,0.07479109273136672,0.0456478095952574,0.05564276854565548,0.00772702301914874,0.4324310189684256,39.36124673268501,27.70624060641033,3.755807206251103,3.755807206251103,True,49.73957810569332,7.398616088355083,0.16159785409329944,0.003758889820866701,0.0015210296815956336,-0.002281598414258741,-1,,0
949,0.08040322539998694,0.23979680938191178,0.3909811763789131,0.22524146842710727,0.05016358499142398,0.013413735420656768,44.99530673828688,28.21408485773949,5.375170133139553,5.375170133139553,True,76.07127892678504,7.343538830907115,0.04653147932229629,0.0024858408165768426,0.00012440071076102893,-0.004249064999937406,-1,,0
950,0.3159364993947242,0.14773361176654146,0.28896718908073976,0.19998137228912155,0.0005286845880960678,0.046852642880776944,42.45063498296996,29.295040185164577,4.335224657478312,4.335224657478312,True,60.01642115449199,7.365574399070217,0.061375565719934536,0.002803891994126878,0.00021342642273085308,-0.003276366971490608,-1,,0
951,0.12831849172256035,0.47041287575126606,0.2436369960436113,0.023091921653369825,0.10559401170305442,0.02894570312613809,27.28038382669102,47.18528750896897,3.231448459332624,3.231448459332624,True,42.94189824564684,7.177449059418026,0.046591327277182994,0.00034253151704215814,3.905714003086746e-05,-0.005078238480016105,-1,,0
952,0.32201285389128015,0.01003741925342941,0.08787665797623949,0.38320750308915735,0.16433487315689582,0.03253069263299781,43.9498609008957,22.588697898614534,5.280009767337492,5.280009767337492,True,78.24455883221367,7.429443578047057,0.10846993075076826,0.004422507273510622,0.0006982202294907893,-0.0020514943030935768,-1,,0
953,0.1564983164183639,0.15719807477439976,0.08248546223910685,0.39902643001674876,0.20442199472057254,0.00036972183080817605,32.10329773987743,28.09800939339032,4.780741822206363,4.780741822206363,True,72.76784903430111,7.310029194731462,0.11522364077008558,0.0013862557342842908,0.00030012951698226516,-0.0027513101537418377,-1,,0
954,0.5681493443224029,0.14418317382545082,0.011035419343588851,0.14163132857110425,0.049703615594574806,0.08529711834287837,33.32323360134582,17.601808638383865,6.111421761330294,6.111421761330294,True,62.21678945490174,7.247890176683135,0.12661766276120162,0.0012932016823296133,-0.00020424042902000695,-0.0035860691306557266,-1,,0
955,0.24101754183237964,0.03659132109948464,0.053422903917289224,0.13816433100672576,0.36345141371470974,0.16735248842941103,42.96750767878749,20.13230402822575,6.010292732410653,6.010292732410653,True,75.63481504129295,7.3664338910913365,0.09448512408977285,0.003469484601007244,0.00020374319261904316,-0.003042985051104716,-1,,0
956,0.19139297271413555,0.22584928335319937,0.006344493893048233,0.04468676301904168,0.13157945502747753,0.4001470319930976,25.77502663056859,36.14921890307683,3.230220895799251,3.230220895799251,True,43.44906298229406,7.277092197891862,0.1882138491963884,0.0010629035154659434,0.0005755035197323114,-0.0027663828152447536,-1,,0
957,0.08115490867748051,0.5749156843265874,0.04057326418047638,0.1262779719237337,0.021103745101363525,0.15597442579035853,31.780317151465205,36.21837570880005,3.9650506630430464,3.9650506630430464,True,54.4614306460578,7.250171272349324,0.06681361322376808,0.0009997717440355719,3.3851048099453e-05,-0.0041243537378725485,-1,,0
958,0.1911843472077025,0.1661965580214723,0.2634116071750947,0.2600457436734335,0.023024359708345533,0.09613738421395138,26.880424043376607,47.994055196634534,2.7514868402116393,2.7514868402116393,True,44.180992348081546,7.288412089696161,0.08957182316979934,0.0008880324673388638,0.0002479098894947495,-0.0024362392450928733,-1,,0
959,0.33592103633893733,0.16099621890728644,0.0471277620912303,0.177769641920231,0.12995771879113427,0.1482276219511806,39.97028933786191,45.05068932103197,2.6100985472009177,2.6100985472009177,True,41.89434984078413,7.429481274531846,0.08084628053737807,0.0033465691729336502,0.0010909767549041507,-0.001789404407222201,-1,,0
960,0.06822164748701741,0.4817677431165975,0.05103319189292684,0.2056259408924828,0.025100928560431373,0.16825054805054407,27.72941108089022,22.806438755714776,6.163503300155527,6.163503300155527,True,72.80549632302427,7.162685447467033,0.11976724504289536,0.0006950774179410505,-0.00060647416264969,-0.004977858624046684,-1,,0
961,0.18661581402670865,0.046958937525166264,0.23066022208724038,0.315949624204625,0.05029935348974585,0.1695160486665138,32.366883284126885,31.48690593307274,3.9655351185793553,3.9655351185793553,True,60.73449226026658,7.333169948835989,0.1453193883920605,0.0017616038457701245,0.000746320277922024,-0.002389851114105589,-1,,0
962,0.2936426050833015,0.42754256667298496,0.0483733804788364,0.04783360258474252,0.14637366054309328,0.03623418463704126,32.37756761474942,20.181972585091287,6.563736312057947,6.563736312057947,True,63.9738696566804,7.12975149491408,0.07451320688408695,0.0006240895642626426,2.4945744313990334e-05,-0.006250827382179022,-1,,0
963,0.19842750616330845,0.21927020544460496,0.09634752981060939,0.06074114578902526,0.3332103315943071,0.09200328119814481,32.7184258292643,17.87838170480105,7.434353345237099,7.434353345237099,True,74.05345518291298,7.146153167522309,0.0903345874702245,0.0007755855021822683,-0.00011581511354448989,-0.005631037917243674,-1,,0
964,0.2205722596723281,0.5864639235408636,0.007508116591953302,0.1566462083285965,0.02148299673219451,0.007326495134063701,30.23792749129471,35.07809361729075,4.006455011111109,4.006455011111109,True,52.51960874091086,7.216125661021126,0.05959322324436135,0.0006679605350082312,-6.351832216875669e-06,-0.004607314006899193,-1,,0
965,0.30900052589116,0.16149186676216795,0.02856133041169635,0.17483454238168702,0.08822281275544752,0.23788892179784135,32.7630766915613,23.815335726779683,4.827464001382005,4.827464001382005,True,61.033188316088356,7.298840450118021,0.1563407961259933,0.001686297993174113,6.17985332143339e-05,-0.0030478813431577337,-1,,0
966,0.0897276278518985,0.17635744815167734,0.11334058990644995,0.3037611972106225,0.2881245903114601,0.02868854656789163,35.67811265444746,40.87442163375703,3.4381244392501356,3.4381244392501356,True,57.60310699301432,7.3682879798971666,0.07292123933469415,0.001824792935994747,0.000625907762576377,-0.0022664569066199063,-1,,0
967,0.3818194978753443,0.14549987457039962,0.023840813869080817,0.25417730442826475,0.03647416662755933,0.15818834262935116,32.577359126959145,33.50077970223362,3.3766343380591026,3.3766343380591026,True,49.88399702395203,7.34804795275049,0.13748720671705378,0.0018530993797384882,0.0008733895183659195,-0.0022371422621575536,-1,,0
968,0.17069720263456403,0.15287327632827993,0.30792223530669444,0.08588058623265915,0.0722434254681611,0.21038327402964146,44.324052507363525,30.879204564722027,4.224710683127499,4.224710683127499,True,58.41159818220024,7.386497060318147,0.06444472768075885,0.0036652792253739097,0.00034127961677462405,-0.003238525242606273,-1,,0
969,0.25830292154237994,0.01760211852339734,0.43171894284963513,0.23412233272518929,0.05607130187436666,0.0021823824850314907,43.19595153035089,41.74690497025708,3.187828522779341,3.187828522779341,True,50.77343422947264,7.415983636941462,0.051762743525761275,0.0030670908420675235,0.00044637879128004646,-0.0025177772162096788,-1,,0
970,0.2927929684246574,0.09252486547885493,0.02288261868078868,0.019273356024352976,0.14962008716810457,0.4229061042232415,26.174373633002993,27.163954858770275,4.014856650257729,4.014856650257729,True,47.55110037350119,7.257639824174762,0.2510256372969212,0.001075380497343108,-1.9819567563445495e-05,-0.0031507521624536323,-1,,0
971,0.05196705953809602,0.4237548380883258,0.015085904258913485,0.0011621523831127076,0.12155202612145845,0.3864780196100935,38.96636815737176,49.468476497927995,2.6364754252523106,2.6364754252523106,True,41.000477286142214,7.402846694232289,0.07998127095944342,0.003097942902238766,0.0011026368510975056,-0.002120008151990328,-1,,0
972,0.2020323103658317,0.0009472586117908271,0.29918397733633445,0.4814949806558535,0.0012106609454798731,0.015130812084709669,40.03039120558787,30.307079898471116,4.2827620000095985,4.2827620000095985,True,71.99452602415377,7.413193181922552,0.10764706143025835,0.003289979698477928,0.0010322164542532972,-0.0018326210382118855,-1,,0
973,0.1126337740905058,0.32465899938201775,0.30978622785289717,0.16110431317898874,0.00758241885589106,0.0842342666396994,39.46862736754573,44.774473075140946,3.241400701187769,3.241400701187769,True,50.29903419435215,7.354880726802988,0.047710004411254316,0.001944761378693703,0.0003095400620105503,-0.0031353755873647564,-1,,0
974,0.34356774074163804,0.3437629278040952,0.028657172022924865,0.06072208855057052,0.14543633688211702,0.07785373399865445,37.578960343255545,34.49757317012726,3.615287123332891,3.615287123332891,True,47.50708161250725,7.3214453989064046,0.05802346345991004,0.0017541237420522198,0.00023874286586512267,-0.003581540633197334,-1,,0
975,0.17222226277249006,0.10352983084261454,0.007863582811138846,0.05512210582394714,0.21194515389022042,0.44931706385958897,40.09140590879262,43.69820005810669,2.6044764596201198,2.6044764596201198,True,41.689119634691274,7.452013037246952,0.14065857775815493,0.004430269709246088,0.002899297986574061,-0.0015153982725825226,-1,,0
976,0.24209697118398477,0.18109615397169215,0.34883793071467895,0.07014621753558012,0.1446270331202412,0.013195693473822887,36.12380593595579,18.65077239190206,7.408257887616371,7.408257887616371,True,73.65909650715737,7.131462601029036,0.0650834028877788,0.0007366610693785062,2.2505751931427173e-05,-0.0066003556966610765,-1,,0
977,0.25855867478688593,0.10345380535307735,0.27304953464449117,0.256008134511641,0.08446506412169714,0.02446478658220751,42.20691781563566,35.93590740813445,3.6240617696084167,3.6240617696084167,True,56.237950197826265,7.404418797058136,0.062282335188364076,0.003061519455738095,0.00046875023097977554,-0.0025468057283278087,-1,,0
978,0.14488258487137473,0.03584322311277707,0.19773413704302528,0.15706827746445157,0.28709741971748,0.17737435779089147,33.40444958064876,17.52416912485405,7.352468411174946,7.352468411174946,True,82.2928559922278,7.216361415880918,0.1258303196453385,0.00125050012907911,-0.00041610910344463844,-0.004173675607360765,-1,,0
979,0.35519701604470993,0.10290538306135999,0.025016249219664513,0.28760837622082003,0.13854386975381552,0.09072910569962989,31.78047251839653,38.151107781608985,3.052440793638097,3.052440793638097,True,47.917207321328156,7.354159956805218,0.12154199397400085,0.0016876247201045608,0.0009359723015701481,-0.002023156295810185,-1,,0
980,0.23978399786111024,0.16629267668209122,0.4211182358156054,0.0030196732021504813,0.04416666347678176,0.12561875296226085,42.76057516455102,40.56841398320467,3.2994544974281252,3.2994544974281252,True,45.364096871386096,7.36088942108732,0.04403902241450464,0.0024614726414015804,0.00027815704127448097,-0.0036727791494241147,-1,,0
981,0.3139767780266423,0.15147477177402052,0.1306395734520919,0.0035197808656726153,0.027217819527688293,0.37317127635388425,28.99589861316265,21.692461737199665,5.17726425555398,5.17726425555398,True,53.84437640848967,7.219696486310397,0.1689914777302851,0.00108720637929036,-0.000543572033331043,-0.003991514500524794,-1,,0
982,0.44797558308336477,0.12840726545845296,0.07634811239637293,0.2178176516163113,0.11616721112322674,0.013284176322271295,44.441403542617714,38.3273794703647,3.0413474159116958,3.0413474159116958,True,46.611815703503005,7.449892587650398,0.06457262719541705,0.004141641734409232,0.0006637087661542822,-0.002114167753238933,-1,,0
983,0.39394740204769707,0.04639048555461169,0.1712685223645793,0.060292877616289535,0.07349137905945208,0.2546093333573703,37.2104400842765,22.305139416965215,4.991906994107785,4.991906994107785,True,57.78182737192812,7.31130944306463,0.1100296297745859,0.002205950806803068,6.411400824412724e-05,-0.0033860088498227697,-1,,0
984,0.17177661430114344,0.032472741768808336,0.30545006082627046,0.33011766559522965,0.0003163562387889429,0.15986656126975923,25.09714675554558,39.179803514439165,3.2447442939261255,3.2447442939261255,True,51.31796231902332,7.28171224017291,0.16240816818470172,0.0009159144813058645,0.00031554227851716054,-0.002348860658185777,-1,,0
985,0.2042361089262733,0.2652828857551842,0.11455032028470927,0.25246110367221974,0.04423093189315895,0.11923864946845465,43.977475142982506,40.26012190909242,3.208608477875005,3.208608477875005,True,52.26750464213167,7.447275408171021,0.07122260231913974,0.004245070360522634,0.0008450747104760572,-0.0019914815051374217,-1,,0
986,0.2579401806502897,0.02093516713775498,0.13746718048531148,0.37810014543741793,0.1443997657413564,0.0611575605478695,34.43280381248758,29.441809982434922,4.172571633026661,4.172571633026661,True,64.90841856525721,7.357948950255815,0.13363411383827184,0.0020450152167187426,0.0008275244136498741,-0.002204538975419623,-1,,0
987,0.42941766225870104,0.05503598139495319,0.062078108811368556,0.28384762696438887,0.12503975031191367,0.04458087025867454,33.72272845298211,22.985746684413346,4.966808567174227,4.966808567174227,True,64.82632218774566,7.310751438947251,0.12915905245918452,0.001648174381917157,6.0211325456550846e-05,-0.002885738046597981,-1,,0
988,0.2444475649323926,0.11586584067819769,0.34868917666759913,0.14988626753973447,0.13456722903509333,0.0065439211469827206,35.434284283716806,27.2460382856446,4.979134977766289,4.979134977766289,True,62.810003504863936,7.246250476334566,0.06091289234984369,0.001100389791145869,1.933457738278116e-05,-0.0046642227881718125,-1,,0
989,0.20262074290876378,0.2066477581701546,0.011630092030812335,0.3261772011372667,0.12972916601020743,0.12319503974279525,36.96335760081549,45.92480322004378,2.7260255420476915,2.7260255420476915,True,47.840349784803706,7.419179747982059,0.10140806699085414,0.002783381296332285,0.0014887650675465762,-0.0014614672240212702,-1,,0
990,0.2739972866977348,0.2437346613900343,0.26302262376499846,0.19591710279108746,0.00015367658341057462,0.023174648772734285,32.69366945322683,17.22824783067238,7.699454478964531,7.699454478964531,True,78.82414936524647,7.146498245354522,0.09336110299169953,0.0007612843126863279,-0.00018994952441617782,-0.005275747470728772,-1,,0
991,0.29636300544793615,0.18840825869336203,0.11920812915869791,0.27121461129486435,0.008059259319280409,0.11674673608585931,32.04240947851068,21.49892074193692,5.661174478370972,5.661174478370972,True,70.46983335392838,7.261464783908435,0.1356099432359598,0.0013208204450637512,-0.0003262521439388287,-0.0034282170976469165,-1,,0
992,0.3776301167380432,0.022415724417130033,0.03279669693219053,0.14424041292205342,0.07370401297654634,0.3492130360140365,28.490742632535767,40.56304213685162,2.603935402117841,2.603935402117841,True,39.055596430945066,7.346138392395876,0.21642570491991292,0.0016029149195823842,0.0025500255823552318,-0.0018790004622452562,-1,,0
993,0.0896957838531532,0.23391985037353077,0.32379130670591605,0.1716125774841058,0.14080084585360153,0.04017963572969276,34.92577485658472,46.76982328868903,3.1688301520464335,3.1688301520464335,True,49.77038984306167,7.315860226256137,0.048509264404148794,0.001193222476329763,0.00023817114772945678,-0.003220817931848201,-1,,0
994,0.23438903895521493,0.09680634888775688,0.08245289633212348,0.27698762381317943,0.016397168913935806,0.2929669230977894,30.25459192829667,49.441189723064944,2.3321335694886844,2.3321335694886844,True,40.38439654405187,7.376914358335317,0.18012038350726228,0.0019016586937405584,0.002835091317587326,-0.0013766974735162272,-1,,0
995,0.2660287552468384,0.15507655074568646,0.02623861551680624,0.5302594344403281,0.013340975326100814,0.009055668724239893,29.17919214969228,17.92470965648363,6.877125719694799,6.877125719694799,True,92.57502218404345,7.261760166200322,0.2782339466879307,0.0011727877476263738,-0.001101951837332057,-0.0025601477329646174,-1,,0
996,0.8140602789426494,0.012441147756128649,0.012821051057989802,0.0751741021253636,0.02768793919209281,0.05781548092577571,36.472813375914185,29.919931631726268,3.238630585496342,3.238630585496342,True,39.16205872728245,7.355113324239945,0.08764462254559961,0.0021623485549379607,0.0004845155670887233,-0.002751024779424715,-1,,0
997,0.4545084472526188,0.00387043672126939,0.23141550321001403,0.23719712522660352,0.07053529695144735,0.002473190638047001,36.6087659440569,25.06941112834187,4.657544206968582,4.657544206968582,True,60.595324935278065,7.318456896031286,0.08613637065897382,0.001820690780982306,9.649856777324216e-05,-0.0032045424644645765,-1,,0
998,0.26057027931612226,0.21798721013729758,0.13646499314278102,0.012053096096772648,0.08653755994719217,0.2863868613598346,41.53524719789894,15.543222057698515,7.725724598276949,7.725724598276949,True,75.54851787966845,7.255179894074801,0.08921995951153346,0.002361265307407182,-0.0002219674378553518,-0.0041632928728738425,-1,,0
999,0.06864288893889006,0.39530456653475227,0.06901766773166407,0.25441866998480933,0.09061469595732474,0.12200151085255963,33.56785291682931,37.590473937763484,3.7532465922111227,3.7532465922111227,True,58.303384787613204,7.3193309059946445,0.08049614619043985,0.0015001600870430303,0.0003571938329142787,-0.0028848821802094087,-1,,0
1000,0.3165887483277414,0.18729068298060864,0.11421274025838003,0.055890987858601866,0.00672049146944069,0.3192963491052273,42.36472880565799,24.782864254270308,4.603038880768227,4.603038880768227,True,57.5810823064578,7.373776254538531,0.09749642962265893,0.00372745563944918,0.00034788226904156923,-0.0030011370549163185,-1,,0
1001,0.13105959790211436,0.18284661468160096,0.19089187539220184,0.14178632130704266,0.1680210488893996,0.18539454182764056,39.55761783997044,21.522398748885628,6.146503267176587,6.146503267176587,True,76.2565853296647,7.294723849754177,0.08396972038666516,0.0022213591819685015,-1.6481433141090733e-05,-0.003936333275095043,-1,,0
1002,0.5525257656895414,0.10522256710934864,0.12799935394142337,0.03741914415447745,0.10160254166748135,0.07523062743772772,42.25095600816651,43.421207924443664,2.5522766309787777,2.5522766309787777,True,35.839621256792945,7.416439699644202,0.05620362372295599,0.0032826292040014854,0.0005972153238538425,-0.0024542171953961986,-1,,0
1003,0.3265548954988534,0.14020583873975487,0.38998881761357435,0.0686230337291631,0.04147952540114099,0.03314788901751328,26.125776259639824,44.14520692586936,2.9586593869956745,2.9586593869956745,True,39.129428419114205,7.2125632184481105,0.06055522159164468,0.0005314080814500644,7.492011227456999e-06,-0.003942112644226973,-1,,0
1004,0.2579712895281413,0.02177810208096872,0.42314291896072853,0.022336648769551604,0.2439679799657997,0.030803060694810373,29.694069781037914,31.930932714327547,4.222905620581419,4.222905620581419,True,50.16838098509924,7.1880691898112055,0.06083270565249938,0.0005813099937950978,3.650639932708374e-05,-0.005220084238629531,-1,,0
1005,0.19450031617210498,0.24778250999785284,0.03959286882254123,0.22216972786601213,0.06877326483160127,0.2271813123098876,33.524884063601135,41.82102104914408,2.944703371770871,2.944703371770871,True,47.17508703577515,7.366959281140334,0.11665445079573498,0.002054577465997633,0.0011797853362235892,-0.0019830162365220144,-1,,0
1006,0.13150841756003162,0.1473927613053504,0.4667674347957552,0.11191044708180337,0.02001676694519898,0.12240417231186033,34.77796602941341,30.02643362645079,4.703982655478861,4.703982655478861,True,60.73983378787959,7.239355162209921,0.061808914571291194,0.001131351780378128,-7.378572050520781e-06,-0.004777484989254358,-1,,0
1007,0.07108262300958597,0.17379318410657463,0.3908567067048565,0.02803681878740801,0.18822490487854163,0.14800576251303327,34.55297539145941,45.45339295732094,3.196102227673017,3.196102227673017,True,46.48209958666444,7.294920319749712,0.049478576361604465,0.0011814570611900735,0.00022266032337753003,-0.003674289089719959,-1,,0
1008,0.16192506348584448,0.054351364643912645,0.16713739575043232,0.06014967464236711,0.45004805905500495,0.10638844242243861,38.30427931208243,37.40858477464532,3.5520492061623448,3.5520492061623448,True,51.5546308390228,7.358101641420072,0.06051590997001244,0.0020333410873944616,0.0004322721436421647,-0.0030628194006630184,-1,,0
1009,0.05557003896342678,0.046523015141985556,0.17851481325462085,0.20040064905470556,0.2761299953245484,0.24286148826071288,30.26634564512971,26.74299165445817,4.889709957164907,4.889709957164907,True,67.4665800346014,7.2776032551489545,0.15680382311785696,0.0013239757163047735,0.0001139848180241508,-0.003219781052723485,-1,,0
1010,0.23579267684864513,0.3749433273267906,0.1518801612774611,0.17272741845743694,0.007996677499008762,0.05665973859065744,32.331621269981014,30.85772840631977,4.357552299593736,4.357552299593736,True,56.87894609820931,7.244403773573526,0.06929476480923484,0.0009903095977541335,-1.8693049071632122e-05,-0.004236813546348691,-1,,0
1011,0.17963657011244874,0.2955778491057027,0.05212855558448632,0.18588619731920292,0.01441449148354133,0.2723563363946181,34.24455860287336,23.075934075079573,5.346896095445163,5.346896095445163,True,67.99511780260507,7.289383616235594,0.1393742492865856,0.0018217913284489895,-8.639261238690728e-05,-0.0033259656185900956,-1,,0
1012,0.34193274463956574,0.0005155470125447264,0.196863177894589,0.2739676556605165,0.12173963181843538,0.06498124297434885,31.1096122474234,20.034115666204887,5.96412836250846,5.96412836250846,True,72.1882284428282,7.250181301799766,0.14355833661109096,0.0011612604573318084,-0.0003938015699657097,-0.0034384404733196756,-1,,0
1013,0.352227614551985,0.04588007830186909,0.1433286819373738,0.015360696539388426,0.09004801968285941,0.3531549089865242,32.30094493769517,15.997659117362426,6.858446208602921,6.858446208602921,True,64.66763753806556,7.2163705300381675,0.17785131151654138,0.0013224418139774193,-0.000655830987787996,-0.0038118640782704126,-1,,0
1014,0.2842888182477568,0.10901775328096198,0.018341066389060027,0.04652149533551034,0.33366360543760665,0.20816726130910396,42.44208604007147,34.08477567333709,3.471957427327951,3.471957427327951,True,49.261745774573704,7.418495304844667,0.07920532683168852,0.003764977942045744,0.0007742878011708352,-0.0024848948349942904,-1,,0
1015,0.3771406172246537,0.15606738632738823,0.19204324955671287,0.06792377867900946,0.001504937325367476,0.2053200308868683,27.67572851187711,37.754373368360056,3.0746504770770584,3.0746504770770584,True,40.216183761022634,7.267141688983669,0.10057142423230565,0.0009830311325824573,0.00014546502734130856,-0.0031189625273039053,-1,,0
1016,0.1664609578400838,0.029279191248903626,0.5409714570405493,0.13229949267052446,0.10675487238471441,0.024234028815224403,41.95332935995947,19.501426882090357,7.345951766449483,7.345951766449483,True,83.29100029715114,7.219024804657285,0.05418472540136135,0.0014521113730370779,-3.080000315758596e-05,-0.005755586323876855,-1,,0
1017,0.1785038541622369,0.21112418142123196,0.34817635857182705,0.05791245247830762,0.006872857240241758,0.19741029612615466,25.945006777129702,40.49005393214046,3.282640649637491,3.282640649637491,True,43.5170186811722,7.2173350390954525,0.08080039536213288,0.0006631666483435848,-8.967385575307355e-05,-0.0038688096399611773,-1,,0
1018,0.3492411511626425,0.041600942418144875,0.09228010145634498,0.31466126806526545,0.18382340717892506,0.018393129718677324,36.84265649807334,40.24301129712951,2.9758240584402103,2.9758240584402103,True,49.03697332770192,7.401801184506649,0.08949546048485232,0.0024521573859675747,0.0009431643164570164,-0.0018210642525903133,-1,,0
1019,0.11749609982759156,0.030314664852077077,0.22837864667528587,0.3365933627856736,0.06464667935926906,0.22257054650010277,36.90378704250852,49.64978512560111,2.5395428784528047,2.5395428784528047,True,46.76423953418995,7.432028763108874,0.12448598747847736,0.0031292154873909803,0.002326505570799486,-0.0011751679734112411,-1,,0
1020,0.20585033251736462,0.4030814847616858,0.08175991678456714,0.18074683743388142,0.08635499830990676,0.04220643019259429,27.4785178550703,32.210224796002244,4.24445536033156,4.24445536033156,True,55.1485831006403,7.205955263309429,0.08007503103902411,0.0006252371153033096,-0.00013730826820740422,-0.004355777677329787,-1,,0
1021,0.11228671450119528,0.23536619688488672,0.16008703109205558,0.05634528361826633,0.03298829162824919,0.40292648227534694,36.928901987205464,41.690833486816096,2.9683636368639315,2.9683636368639315,True,44.950768590972764,7.381678314628438,0.10812963335362398,0.0028190406793453726,0.0012521950644032288,-0.0022146361813457386,-1,,0
1022,0.08687351850548963,0.06915299988617302,0.2511076609026363,0.4250246224840661,0.06158260582360778,0.10625859239802725,40.06146547241019,45.701659791803486,2.940879186548491,2.940879186548491,True,55.03517612505419,7.450549205845499,0.09886021915118065,0.0036465584720325427,0.0017145602699961625,-0.0012211818385710412,-1,,0
1023,0.06366408720689934,0.21703191438947517,0.05021826759844132,0.10766644378228174,0.4134429156025692,0.14797637142033335,41.115453966846026,19.89068332317778,6.949239045184431,6.949239045184431,True,84.20304418541845,7.287828156440129,0.07439975437817928,0.0022272009040359944,7.043696345475097e-06,-0.004269519991816684,-1,,0
1024,0.5314694566021377,0.013194169606310886,0.18772090498031335,0.1308077033851398,0.04835608306576525,0.088451682360333,36.117548097515225,21.8964783637432,5.016976905371567,5.016976905371567,True,57.373538293081886,7.29454831581119,0.0962954729089734,0.0017454369466276764,1.8268608822333057e-06,-0.003490535345615131,-1,,0
1025,0.10908222336040677,0.2691552020543491,0.012309399288850676,0.2799866852583493,0.162068252416957,0.16739823762108708,31.59570759103005,47.27777476919985,2.7732689609725956,2.7732689609725956,True,47.4643817322435,7.360952937553648,0.10777416113191514,0.0016646548215662005,0.0011387742857461134,-0.0017858235652454754,-1,,0
1026,0.1166793143635637,0.017858080170667243,0.027954765337119866,0.18667942850538444,0.2112337411540802,0.43959467046918466,38.63791810134147,48.98361653004423,2.3419962433442976,2.3419962433442976,True,41.80960377243725,7.467124599833982,0.18936013662525744,0.004406612246641017,0.005180048977942203,-0.0010765383450002197,-1,,0
1027,0.3568689297568816,0.09698304185489756,0.15725576316211645,0.25035316746805386,0.0029874980276887913,0.1355515997303618,33.33825073437489,31.497502934159062,3.703356442828414,3.703356442828414,True,53.267806147048056,7.3339049902201126,0.11838599194037142,0.0017951330615299317,0.00048014311507156625,-0.0025541752677142944,-1,,0
1028,0.7032253885827894,0.06819801281157521,0.1527517959215199,0.012432960676211588,0.05188703272162521,0.011504809286278605,29.734039890532067,31.105454424179285,3.405523706568801,3.405523706568801,True,37.356462493614266,7.246256959432913,0.07429979734326796,0.0008920920565347086,0.00016312370859731628,-0.003824713697565332,-1,,0
1029,0.3310857545255496,0.14731145399949339,0.002785806591700457,0.14220515948578172,0.17346157412723887,0.20315025127023625,26.347486102660124,47.25847717235557,2.434711709826822,2.434711709826822,True,37.08758487366841,7.3136882389002436,0.12478813017821415,0.0010770507162231266,0.000814322702254851,-0.002058184134433711,-1,,0
1030,0.4946297462050346,0.0332961982218653,0.04937018235432996,0.19989950431596795,0.21211677908017945,0.01068758982262269,27.476873638867417,17.919229856676285,6.28223333112805,6.28223333112805,True,65.1073606771823,7.196123023776341,0.16446581671971428,0.0007251824152154411,-0.00044928736775826664,-0.0038054821966710113,-1,,0
1031,0.17454874666501335,0.2979704373491666,0.07705462802630386,0.2245284819502923,0.16981972122960196,0.056077984779621864,43.00556199230819,39.02803882890142,3.4671709481030946,3.4671709481030946,True,54.95874754985723,7.419936694247024,0.05922444456468655,0.0032868377207094426,0.0005624686753630471,-0.002436457704323923,-1,,0
1032,0.5026001415436977,0.12126820202010809,0.07862683963669069,0.24188295056007492,0.014428209978551806,0.04119365626087701,26.372417142177177,37.67388245142612,2.973994063929089,2.973994063929089,True,42.08146765830547,7.283628796526871,0.11637063603810252,0.0009162243481822572,0.000180568546528552,-0.002574514222392942,-1,,0
1033,0.032953142450162655,0.05438084673510722,0.06014757389958112,0.4642650240235917,0.0827414367938513,0.30551197609770603,37.63257084342636,40.29397730959674,3.059341281282183,3.059341281282183,True,58.40261578176298,7.455413553550536,0.2860374555797989,0.004144152244223523,0.008454861380101519,-0.0010839288703745583,-1,,0
1034,0.16643852319082494,0.2293277791114392,0.39537983411790345,0.00951316782191837,0.10908161124524231,0.09025908451267185,41.563957049786715,38.7340225269262,3.6816299814109543,3.6816299814109543,True,49.982415786206786,7.3243253584123,0.04079811586415645,0.001805336290845217,0.00020169431348376126,-0.004324421362036033,-1,,0
1035,0.4552396235619554,0.0816449816671087,0.2827456154057786,0.04544194153237248,0.023946440929437037,0.1109813969033479,36.723525905419436,22.898532743271108,5.076173520103829,5.076173520103829,True,55.12760627455934,7.259349844790358,0.07414955562350453,0.001514736187405028,4.738107176398113e-06,-0.004331129863665527,-1,,0
1036,0.40500379875241876,0.1333983212451719,0.013732271119536217,0.39370608103573446,0.05241090455127851,0.0017486232958603652,38.94547323659858,48.278863385231176,2.413382936647741,2.413382936647741,True,43.09026269194732,7.445926585106612,0.08872574007346806,0.003246263509257307,0.0013613594526394898,-0.0012512591335218078,-1,,0
1037,0.2577536059278218,0.38023098558758045,0.06314327264522089,0.16711990105664706,0.07293493101897044,0.05881730376375952,36.75043561057748,36.57379473737016,3.589170033712758,3.589170033712758,True,51.40974515421874,7.328035872152603,0.06109820603653558,0.0017052603837977337,0.0002547511336451475,-0.003249464734049278,-1,,0
1038,0.12675231942551118,0.02377881141331492,0.3109978245336128,0.04241054333752707,0.12329522136398664,0.37276527992604735,33.74256084399602,40.24483238972297,3.064848688324609,3.064848688324609,True,45.16884462469517,7.347117554370055,0.11184715086028892,0.0020467946187875566,0.0009651255845326513,-0.002463375563499389,-1,,0
1039,0.08741565226420284,0.10661514185612027,0.23421306876033232,0.034792784341920666,0.21642936681023187,0.3205339859671921,44.953347846772715,16.415572962709444,7.854940935123753,7.854940935123753,True,85.99593428225091,7.302230408538869,0.08347166474073119,0.003457733426109603,-0.00014617120755741793,-0.003949900687075133,-1,,0
1040,0.12339197363926184,0.20818530384997166,0.011872223815375012,0.214155726369863,0.22085680362105026,0.22153796870447817,29.048105590075245,31.57751034657558,4.023896296796308,4.023896296796308,True,58.05906373592391,7.2938119363286,0.15397236220782223,0.0012592823723356515,0.00043020689657781414,-0.002808378914681113,-1,,0
1041,0.10946991331226297,0.23954631806789284,0.1468142906307952,0.07963921816791958,0.18782740386362956,0.23670285595749996,34.62750794523316,32.86279138026875,4.024303973573392,4.024303973573392,True,55.25852587259407,7.305384100407064,0.08434571970856741,0.0016697281815200317,0.00027296192250772635,-0.003426434131317546,-1,,0
1042,0.11287655653128914,0.16687707757967501,0.0975862935112048,0.3657083254493754,0.256141921913589,0.0008098250148665146,25.981480954485463,26.171058253217957,5.302397001876171,5.302397001876171,True,74.09969454365748,7.223371228125923,0.13675016985490218,0.0006875516503934654,-0.0003802564396629885,-0.003594218509090627,-1,,0
1043,0.412851355370659,0.017997715031809195,0.11587597169141238,0.4143528340452759,0.0015464620065313126,0.037375661854312306,36.65956524131121,33.40765405219851,3.4129292353173417,3.4129292353173417,True,55.60393710454934,7.401842437190397,0.12833497056124404,0.0027102684131159217,0.0012568267891968582,-0.00171880237385196,-1,,0
1044,0.7103876033471703,0.10669432243327993,0.04702075839807619,0.12512409049073098,0.009881030765474346,0.0008921945652682125,38.14667923536747,38.80864116010655,2.682152951922899,2.682152951922899,True,36.73871114796566,7.381149596496996,0.06702964392088147,0.0024048870272487676,0.0005379964117527059,-0.0024613845613859864,-1,,0
1045,0.10533263515476714,0.11246886304428654,0.3081444011890705,0.31342545177543896,0.110857103982257,0.049771544854179874,37.83094406681713,41.609726215577396,3.373129123841315,3.373129123841315,True,56.840820921066815,7.381677181985312,0.0685931827603142,0.0022125402099623308,0.0006011569555327318,-0.0022574719718985357,-1,,0
1046,0.26952012175558115,0.39696692203517975,0.03830600150223261,0.23594930189600816,0.05187427344205046,0.007383379368947956,37.49521269369183,31.50030650148818,4.193006511059397,4.193006511059397,True,59.23819503746222,7.322746112105945,0.06390720238125934,0.0017402042102494435,0.00017495415557733487,-0.0034035479249666257,-1,,0
1047,0.23846148798762928,0.3235730962529627,0.22514730974638666,0.17440351753809458,0.022839862502755437,0.01557472597217134,30.4631308145104,31.095991226325246,4.40717690493764,4.40717690493764,True,56.547649539214675,7.2137498852726,0.06736678247337322,0.0007312242541973694,-5.7822149020457754e-05,-0.004622125826344071,-1,,0
1048,0.14840320030921597,0.029821990895743132,0.06931241924720129,0.4251759698782066,0.014688439149950355,0.3125979805196825,42.459744308034146,37.16206225151972,3.1289403582044657,3.1289403582044657,True,57.45687386237502,7.4933999608748,0.22614229577172468,0.006097753466516375,0.006059420644299271,-0.000974507058732166,-1,,0
1049,0.20313978118021245,0.005468645031273344,0.19188161906423656,0.5094605843785158,0.0210649851346657,0.06898438521109616,26.808161569437953,33.690998017776174,3.7026408752251077,3.7026408752251077,True,62.00846731878506,7.314831681256626,0.2348996371784815,0.0011838454829452385,0.0013325566441632528,-0.0019095548933456905,-1,,0
1050,0.35517356522190185,0.16706618567845266,0.015104556053654137,0.004959060042594992,0.14415326525494188,0.3135433677484546,29.43475975274198,39.360662391548914,2.8264224420537754,2.8264224420537754,True,38.02573009212897,7.313954222846923,0.12110698725537107,0.0013882581031614222,0.0007374458907581766,-0.0025868772377625688,-1,,0
1051,0.23168185830310747,0.054352523794563956,0.0690344493876268,0.4893662959435126,0.016557261716326044,0.13900761085486307,41.54881705017495,33.73825090359894,3.5207713282625717,3.5207713282625717,True,62.97857297902393,7.470789108745535,0.16907424124099332,0.004922035766835349,0.003240390239996583,-0.001127194147825856,-1,,0
1052,0.29239779448093095,0.007148139778852664,0.09601430948259597,0.2072203826787332,0.2851374947696338,0.11208187880925322,36.82725219503419,23.54365772843256,5.085701891793744,5.085701891793744,True,67.5021669373942,7.333641727009601,0.11117515036655255,0.0021529495651789804,0.00025553214508097896,-0.002967857208117851,-1,,0
1053,0.5125473947368712,0.027554728003037182,0.1769300471333222,0.03739656065364034,0.03357608472984797,0.21199518474328108,33.92500042322619,44.56433415261382,2.4041690834202556,2.4041690834202556,True,33.971635319938805,7.360318108661588,0.08627758531323532,0.0019855419918555373,0.000813167053843634,-0.0022428204798092106,-1,,0
1054,0.1620656175858267,0.0633933667156239,0.24814116670818312,0.10874636091045373,0.10764076533408252,0.31001272274583,39.46640661934313,30.790146387833722,3.992513733781603,3.992513733781603,True,56.81695275525168,7.376639497913785,0.1052025392990692,0.003153543951746028,0.0007591902736423287,-0.0026506253471437024,-1,,0
1055,0.27224240937370153,0.14983330417636556,0.08856105708146234,0.2750913364658266,0.00804681508589189,0.2062250778167522,27.860148026527703,17.721007581574824,6.651793598360792,6.651793598360792,True,75.67855167669839,7.211392073208157,0.26001236512387804,0.0009750461393041675,-0.001762385476929506,-0.003361867445556475,-1,,0
1056,0.2863006248037959,0.05931534833164558,0.029464615759292448,0.32303447191640083,0.16308364615151358,0.13880129303735167,32.467670865173496,47.76574588305098,2.454212382959133,2.454212382959133,True,42.983663291250764,7.394141553292537,0.13179839387336145,0.0020660367121412104,0.0019122631628457657,-0.0013616470241863067,-1,,0
1057,0.175802330386314,0.34564240868858875,0.17445674869715916,0.03389410791904582,0.24262947013475128,0.027574934174141,35.103067897174974,19.393606530369244,7.39402668507639,7.39402668507639,True,72.98523318218484,7.105963041783746,0.06423477711433846,0.0006016837843253508,5.5479967981614476e-05,-0.0072935061380774635,-1,,0
1058,0.26196187431021806,0.01452529179209261,0.05687389826483062,0.013780896205369302,0.2593072529821632,0.3935507864453263,27.115002749230282,23.53222098411856,4.726272794318462,4.726272794318462,True,53.38217047695214,7.242754488595025,0.2370251392291253,0.0010701973993594903,-0.0005101060856791817,-0.0034724891190959875,-1,,0
1059,0.4530071667241334,0.018215403783810886,0.2763823450732972,0.19481065313285229,0.012689244471984384,0.04489518681392181,41.31461271102114,25.333711736420316,4.593322366974267,4.593322366974267,True,59.740407637332545,7.357395904944343,0.07382995426739283,0.002735935167555285,0.00016619342962737821,-0.003150194689404614,-1,,0
1060,0.032623312388602395,0.1413460476645297,0.20222511438457666,0.33520147771694425,0.0733921967396089,0.21521185110573804,40.45011612044827,42.10819904507515,3.18562239107379,3.18562239107379,True,56.800123099245475,7.443186543766598,0.11047475492414782,0.003916670319451653,0.0018812395085294501,-0.0014481233959603252,-1,,0
1061,0.2025516592656198,0.15953496103354267,0.36538407319674465,0.20063009907560816,0.03782873108924736,0.03407047633923749,27.21641539397408,34.34639010507135,4.007363106610787,4.007363106610787,True,54.082362529802104,7.210325866440642,0.07757463290893614,0.000614245740095637,-0.0001401066431028905,-0.004196398642207411,-1,,0
1062,0.17238341441904695,0.2594216202788107,0.09408580017420823,0.36352189662163953,0.07226123271873086,0.03832603578756366,44.18192126742221,26.085522996142156,5.12809793726029,5.12809793726029,True,77.89688908380353,7.411156667837157,0.0800990957484171,0.003921411130196018,0.0004981019673649129,-0.0024853059770184836,-1,,0
1063,0.014139144172840495,0.24546088083620762,0.47178168636476703,0.10520433358713314,0.12855100552935353,0.03486294950969808,26.018881780060447,46.93210761031514,3.44490866992087,3.44490866992087,True,49.236387251551726,7.176316258457298,0.052057164451992245,0.00031315379303031865,-4.7949500050318106e-05,-0.00492169857613475,-1,,0
1064,0.041530455636614484,0.08599819744228723,0.44504133171580584,0.17118315959724809,0.2160166497912456,0.04023020581679864,42.67332563144966,30.885657888360072,4.918632414908234,4.918632414908234,True,70.92925262509426,7.336282838092835,0.04794583120383,0.002117970978063004,0.00017898875713129843,-0.0041186033380199265,-1,,0
1065,0.47677401949657844,0.10835173460276065,0.012077572590153405,0.33911483943342446,0.019223870163451697,0.04445796371363137,36.04506240688019,18.469644111044996,6.015363262535035,6.015363262535035,True,75.08478570991073,7.320407188259824,0.14755689435255293,0.002032875976725958,-0.00011733630719146106,-0.002666334978085577,-1,,0
1066,0.27596502037933246,0.08843964442195458,0.04660803103714437,0.2018992053918282,0.25881397529994643,0.12827412346979375,41.38901511089274,29.944001535685057,4.027438144166885,4.027438144166885,True,59.29403951178377,7.408890647588925,0.09182528249595419,0.003489111280614568,0.0007498223611368119,-0.002363017001279484,-1,,0
1067,0.27128333753810585,0.08309505249482779,0.11454932088427047,0.10889481105918361,0.1646043635211307,0.25757311450248155,25.67755590285113,37.320598257959915,3.1373875622967127,3.1373875622967127,True,43.46630832547972,7.277120566293658,0.1496617555537638,0.0009601618345799416,0.0003501011854781218,-0.002717811531676113,-1,,0
1068,0.3135251333346738,0.28480508151089035,0.11017991956335021,0.05650705137111777,0.13233093496951046,0.10265187925045723,44.00992539605412,43.16601961383001,2.9145027584589083,2.9145027584589083,True,42.44049506132554,7.41813504288881,0.0504660775468784,0.003396220352017429,0.0004863686110261172,-0.002720154486607724,-1,,0
1069,0.23449825582743572,0.012966769439694461,0.41279841818006896,0.030478068822929756,0.1698163748508185,0.13944211287905267,43.80702825076361,47.482508995188056,2.7359894047973374,2.7359894047973374,True,41.33356694504416,7.422258021485597,0.048990566911322544,0.003360222721108003,0.0005361719849513987,-0.002596188745275933,-1,,0
1070,0.10388196818735759,0.0020516489638067385,0.18636001768099358,0.24599025454049875,0.40850477287335624,0.053211337753986974,35.64830639425739,35.692696466861406,3.8282016037279702,3.8282016037279702,True,60.659892243568756,7.356892743909684,0.07991368928080622,0.0018347753137377754,0.0005913885134723544,-0.0025535585576464343,-1,,0
1071,0.2653230106781038,0.1718576261430741,0.11427753034366983,0.08592306205740087,0.014488492281740501,0.3481302784960109,34.252001214216165,26.790614683950345,4.29566898967805,4.29566898967805,True,54.68065742146133,7.315145074938382,0.1407468409339097,0.00202188659689567,0.00034035392261115403,-0.003045788387439373,-1,,0
1072,0.13559283295284544,0.21101581076410017,0.12770551917567133,0.3880330994942597,0.06741448855297727,0.0702382490601463,29.65464293352375,43.46562985626177,3.0816282082435276,3.0816282082435276,True,52.88300664646535,7.332714818166851,0.10984591840795783,0.001292640742865778,0.0007337621816494883,-0.0019793631260147933,-1,,0
1073,0.08369534250764167,0.04080194563705209,0.35966681143313856,0.47641902033249933,0.018198361457131017,0.02121851863253731,27.9166460147136,19.067946076588427,7.369478011732807,7.369478011732807,True,97.5777774176233,7.203942604835974,0.1820785129870794,0.0008328816814244902,-0.0009925818813280708,-0.003590177499625924,-1,,0
1074,0.5437146073778663,0.15047514405775458,0.02987623672936479,0.04912495520690317,8.896906817207533e-05,0.22672008755993903,35.97228118644415,18.605248723130977,5.633892669779836,5.633892669779836,True,57.22554851879555,7.2800687284967935,0.12138991938379277,0.0018326805089288545,-0.00011035460487164261,-0.003511000081197363,-1,,0
1075,0.17248412722344827,0.34040450941771694,0.08433889300751157,0.120905488882025,0.25098995987117895,0.030877021598119204,28.264133694355742,32.53264966791849,4.298850100628168,4.298850100628168,True,55.06830826348704,7.201964984967247,0.07050633674318085,0.0005892579530803958,-4.490457010575842e-05,-0.00467686807548357,-1,,0
1076,0.04136482331832069,0.04585002386644904,0.17734303294138606,0.5049370454659492,0.14802377270793607,0.08248130169995886,32.36186541993231,35.046371433618766,3.8825339104841974,3.8825339104841974,True,69.22147688636554,7.369386754632415,0.16988043014209261,0.0019292653156424274,0.0021108052770368434,-0.0016596706981039859,-1,,0
1077,0.11207554398157808,0.018692248441686623,0.24855751055832473,0.26219469106515986,0.10610637718265689,0.25237362877059377,43.24410680817353,16.039725257402708,7.863471135924067,7.863471135924067,True,98.75160086750626,7.34798296004173,0.12812522781908944,0.003847958106111186,1.3716392086837084e-05,-0.0027303986886007786,-1,,0
1078,0.5726646385535018,0.026557800378764488,0.11072032155637615,0.11603948756805572,0.07647217203307245,0.09754557991022945,43.268673196261275,46.09959869691674,2.318218528964871,2.318218528964871,True,35.20541214821321,7.457316572152761,0.06833670304418288,0.004264520424596673,0.00097065317235068,-0.0018259095078401026,-1,,0
1079,0.2692422967503602,0.16240816097328475,0.31881292835874003,0.24607162655129916,0.0013816747598622574,0.00208331260645366,41.581751666718056,35.25143669224341,3.768175416599382,3.768175416599382,True,56.63411522691429,7.376303901170363,0.05565528838887421,0.002548561375161806,0.00029880629797165916,-0.0029895302590846255,-1,,0
1080,0.15348022606662662,0.20504021630680375,0.04667954095217854,0.19816664166293432,0.2504459399010295,0.1461874351104273,37.40293314931095,35.56850639746006,3.6491611771093075,3.6491611771093075,True,56.05431286786461,7.373953710504139,0.08713002692795432,0.0023912474894563196,0.0007168294618157496,-0.0024613436201287734,-1,,0
1081,0.5576797001612712,0.051539204547351274,0.09816507523258867,0.15990985178353184,0.10399238967824317,0.0287137785970137,44.16185158321299,33.42415045862319,3.288708339236487,3.288708339236487,True,46.36584456413687,7.432178564031965,0.0673432464250283,0.003977815191995377,0.0005362722141786287,-0.0024075513632457785,-1,,0
1082,0.2496116472478073,0.20360398260472345,0.20218235852111707,0.1499828534754863,0.12813996213815484,0.06647919601271111,40.629316788048435,25.091273562454525,5.214361403265295,5.214361403265295,True,66.64329175258281,7.312994475444162,0.06342799240049511,0.0021224784947392896,7.896095747162173e-05,-0.0039798438895375585,-1,,0
1083,0.11195669045161415,0.14095502734144286,0.0770021632751481,0.020658724797231645,0.36769609311285756,0.2817313010217057,25.24794427831592,30.38938639505776,4.193822405882957,4.193822405882957,True,51.72878584984032,7.218390887158488,0.13603327083059827,0.0007442363959556044,-0.00024201797219539504,-0.003926985651985337,-1,,0
1084,0.04090239316937357,0.04330914936052618,0.39577242546912467,0.4797409393738426,0.036123572264965306,0.004151520362167601,35.14380238631858,27.47957153245807,5.3168253573254685,5.3168253573254685,True,85.22347624757866,7.32556181869744,0.10185305056210725,0.0017591724122447447,0.00037811558501799894,-0.002718209948287606,-1,,0
1085,0.545390319320607,0.08876227052267797,0.06684952069946633,0.060057070526757066,0.22922212366563152,0.009718695264860112,31.794341083241534,19.99304351238888,5.62963451413359,5.62963451413359,True,55.78118116622793,7.2098999315839105,0.09389895793440779,0.0008947591381225482,1.344302066560774e-05,-0.004429924222411147,-1,,0
1086,0.476982969548098,0.016287045810987354,0.11186784260426627,0.1515733817870149,0.19801617915562875,0.04527258109400474,35.55089748994366,25.011125587739762,4.527818644021107,4.527818644021107,True,56.16803256250207,7.31103835340332,0.09104327865002362,0.0017034814028156588,0.00013291632105374087,-0.0032954710880439653,-1,,0
1087,0.30189238066179896,0.19556283269984662,0.025154061973192875,0.35067099825908393,0.04969105611796442,0.07702867028811337,44.39863766099617,16.91709231067726,7.144033003849276,7.144033003849276,True,92.53408229617654,7.3807759591969235,0.10647100392349192,0.004000604609084342,0.0001077422628355141,-0.002481931059294707,-1,,0
1088,0.5779953423034357,0.059131750703552505,0.13719796764136702,0.08635375247784616,0.1330122409656086,0.006308945908190018,31.39331135254174,21.75841883698284,5.1104288690142985,5.1104288690142985,True,52.91391942329599,7.222907145029961,0.09272582015239683,0.0009254033425950258,-2.633858549688129e-06,-0.004227255522835638,-1,,0
1089,0.17641828286738337,0.4004778492288924,0.03125498232500055,0.2904402462181605,0.020441772901434063,0.08096686645912907,35.86618352471914,29.971210278965916,4.4648344784559235,4.4648344784559235,True,65.12284237103695,7.322182626319047,0.08560780208435949,0.0018096489420750656,0.00022973773211285112,-0.0030822459582862554,-1,,0
1090,0.03277066548660964,0.10183605656683882,0.04571433217914187,0.7950206440621256,0.007538586813582227,0.017119714891701835,37.87480930848546,48.00007082296831,2.7990880305519754,2.7990880305519754,True,62.34554546959088,7.485847085886626,0.21222892319589587,0.004022935232710147,0.006808304914680514,-0.0003140609361024524,-1,,0
1091,0.38421384179369905,0.02345237842937236,0.1885981569586188,0.18235464880325375,0.17542696492799834,0.045954009087057705,30.704421709877348,37.71086277019986,3.1628785539925253,3.1628785539925253,True,45.4369897126316,7.308007124089085,0.08598750604284494,0.0012087405504594307,0.0003030629311769486,-0.0027681161686846896,-1,,0
1092,0.08691154321631069,0.03412833393439341,0.2034497115782172,0.4090767712232105,0.09231580407844202,0.17411783596942593,25.500804060103672,20.49553890934498,6.30834492750142,6.30834492750142,True,84.2031138068168,7.21802843346443,0.3462609031845935,0.0008788031310396667,-0.002524996830896174,-0.003051702008833848,-1,,0
1093,0.36131074286040815,0.02660985394286242,0.11851569372962728,0.006865639558412929,0.3585652979868589,0.12813277192183029,37.35338921107278,37.132424336068325,3.1819160001335747,3.1819160001335747,True,43.333937037871245,7.357739950228184,0.06728340000528717,0.0020941996241072244,0.00048339570594383666,-0.0029211729005448016,-1,,0
1094,0.1874701889692342,0.04944587664824813,0.14489881357985362,0.28161302712302283,0.13359210781650052,0.20297998586314056,39.93463429676093,30.66298019372049,3.988578408389844,3.988578408389844,True,62.553448954703285,7.412970943120462,0.12684338318383026,0.0036118008258283004,0.001374250918938883,-0.0019839068249550406,-1,,0
1095,0.2648667503886359,0.005523001391859484,0.007493684375033864,0.11152679200767479,0.009545679259543985,0.601044092577252,37.078893299572535,25.842610051139488,3.938094220145225,3.938094220145225,True,54.73907271980213,7.395786682239656,0.39706855950600256,0.0037672366164759404,0.006540500201221098,-0.002117866994674747,-1,,0
1096,0.13560905085579475,0.2577973454378994,0.019592461866754386,0.4840464352292463,0.07354475192584023,0.02940995468446491,38.09991848402928,49.82221198343105,2.6822769545763423,2.6822769545763423,True,51.630644978161435,7.44293627073757,0.09419023739269562,0.0030181971148893144,0.0016110666086737193,-0.0010710568545068187,-1,,0
1097,0.2541687983217507,0.03876977316341827,0.029015367523270285,0.3542369785105016,0.31090490267610627,0.012904179804952962,25.316064783265922,32.30333987305531,3.850147536657067,3.850147536657067,True,57.99916958131953,7.2783660071751095,0.16038513879239086,0.0008372671978862657,0.0001861105191113053,-0.002564079449837225,-1,,0
1098,0.19543440731682626,0.2659013993687154,0.027112425220847097,0.4037547649795511,0.10429314719542994,0.0035038559186302432,40.02017505765116,43.070993120555144,3.071420820400277,3.071420820400277,True,54.4688738067989,7.433768202640389,0.0780722680537271,0.003110933707136997,0.0010174377394743489,-0.0015864459115328255,-1,,0
1099,0.198244131803651,0.14793914468240127,0.23709810790420977,0.05935990407456436,0.25769292477034955,0.0996657867648241,35.9040980244528,34.79663920736421,3.843082202546179,3.843082202546179,True,51.97732629516309,7.2990932641113035,0.058803735950315295,0.0014315049722393263,0.00019878653774041625,-0.0038214672482999265,-1,,0
1100,0.13445616320370266,0.07666330620821998,0.3382725572678577,0.35108138267124783,0.03484500754844719,0.06468158310052466,38.93449890549107,44.35864998773722,3.0723683371433115,3.0723683371433115,True,53.813021216991466,7.4100035801388975,0.0746616747047505,0.002730273703154669,0.0008512385183651605,-0.001831681209398033,-1,,0
1101,0.6823662729779877,0.0008589994209332499,0.17406543079610423,0.14126591241015304,0.0008881872418116618,0.0005551971530102093,27.445790744056374,47.047287850994536,2.2403068092853107,2.2403068092853107,True,31.436250159353687,7.299644565105393,0.07999468118828926,0.0009762591291070478,0.00034669575946823423,-0.002374302303216845,-1,,0
1102,0.3104987418974082,0.20096338371864983,0.037420383622341784,0.205102520053635,0.171020550261935,0.07499442044603014,25.5203480710314,43.44799003831101,2.823439035822064,2.823439035822064,True,42.1454337457589,7.27867829621355,0.10144984117028338,0.0008041932934052845,0.00021954920481035068,-0.0025646930667542716,-1,,0
1103,0.2889620534467046,0.35737041340865844,0.10365455090375168,0.15917639345463908,0.023188820156050623,0.06764776863019586,26.534808531193946,17.78512846419689,7.2525208338055895,7.2525208338055895,True,69.32651099409202,7.099873628388315,0.13300322643878892,0.0004729412663442153,-0.00033245063302316273,-0.005466291430257208,-1,,0
1104,0.12018059007424983,0.218635693713364,0.03627766743685879,0.029972346082297777,0.4505979154015614,0.14433578729166818,25.077882927622653,27.81026822144163,4.8584401455070605,4.8584401455070605,True,56.196970466445585,7.165834909944173,0.10271427902626631,0.0005110795475486037,-0.00022708260460250638,-0.005011807395308377,-1,,0
1105,0.46167959411749465,0.01235675461398975,0.016010731407445734,0.468520501601328,0.02031395619824729,0.02111846206149453,31.687184534347846,16.639716459481093,6.616559062375704,6.616559062375704,True,84.57904508653723,7.294680947655158,0.2796557871428288,0.0015301188108772558,-0.0007656271824028123,-0.0022819694542030844,-1,,0
1106,0.20736053837855906,0.14828857407299184,0.1128749460428409,0.2513342128548685,0.1817306543651464,0.09841107428559324,34.021803216078126,26.094835326887353,4.902044230699946,4.902044230699946,True,67.4274388205642,7.302114849174982,0.10616613333436394,0.0015948004675720637,0.0001334867511068306,-0.003199862561806029,-1,,0
1107,0.11866547926343855,0.2877122634111371,0.12935957678859206,0.3194434833808214,0.14419942199837987,0.0006197751576310487,40.35322065397483,45.7252122428013,3.115347055047694,3.115347055047694,True,53.81259645901374,7.413088052569962,0.05704011659416864,0.0025709811744391927,0.0006117222327001165,-0.0020721953460356777,-1,,0
1108,0.01714727381791238,0.2244164103425846,0.0961626744744175,0.35765549308728467,0.005508633911458834,0.29910951436634203,30.907815894197014,46.53273187329119,2.7905243785031546,2.7905243785031546,True,50.38179788135668,7.373820578164209,0.1936892300746986,0.0019723088613644944,0.0031564785289370624,-0.0014276384547316212,-1,,0
1109,0.1645745089102919,0.049611256987808626,0.265477782069506,0.16125064964945607,0.0029485017803491174,0.3561373006025884,26.774689860157782,26.27423357563306,4.563785473761007,4.563785473761007,True,58.21700328183768,7.244894481918769,0.23079982546162936,0.0010624426610660257,-0.0007189500704822023,-0.0032584151921922298,-1,,0
1110,0.2720516620429416,0.2418513158834244,0.11033674629186162,0.25284288358633406,0.03873377487450204,0.08418361732093634,43.85009238466962,48.026593658779426,2.6216150141584085,2.6216150141584085,True,44.2114296298626,7.462338737516998,0.06518207001770758,0.004232252320579107,0.0009210661136320076,-0.0017039619932459964,-1,,0
1111,0.4199652918818079,0.10138391897436153,0.14558784066149358,0.05516234257356304,0.03948697054718397,0.23841363536159005,33.22406354097785,36.6958755239519,3.028313650990849,3.028313650990849,True,40.8235091295973,7.332875273570007,0.09907694219770558,0.001788060049918799,0.0005861207396119002,-0.0026805470041890342,-1,,0
1112,0.45759883719167943,0.3054921177672754,0.07989960992137483,0.08016198268403929,0.002750511194009908,0.07409694124162118,34.13491196707998,40.13842157745367,2.9346142328094142,2.9346142328094142,True,39.51206992619758,7.314217284914867,0.06259295820169683,0.0014646669905688601,0.0002854092013295837,-0.0031139453846893,-1,,0
1113,0.2522179671919857,0.07571572747557649,0.01913585852117881,0.27324219163022867,0.20303821516354303,0.17665004001748733,25.63162661385997,15.766285956854338,7.4995389202013,7.4995389202013,True,80.88360946253718,7.17482170308498,0.34593033141558466,0.0007453896143810273,-0.0029640335470742397,-0.0033696035184892417,-1,,0
1114,0.29460093232047224,0.000553252857843052,0.025915402591286652,0.0649443230480751,0.5138785246326086,0.10010756454971431,37.28397607087199,19.302090497722546,6.262314860146839,6.262314860146839,True,70.40907853858407,7.277988907118261,0.09132191046348112,0.0017030721686041854,-1.0257443433483858e-05,-0.003925747973331128,-1,,0
1115,0.06164112667402129,0.026269636910771676,0.4214782474354192,0.2532189393332869,0.11306492599562484,0.12432712365087617,38.32104598538297,24.048917098451934,5.852503541922517,5.852503541922517,True,80.7787755338268,7.30205641413867,0.08335302517261496,0.002028920462527888,7.374396888300807e-05,-0.003678488241899458,-1,,0
1116,0.3340644683417385,0.0032213720328933657,0.36694418069517376,0.04884359407885703,0.12414255770061593,0.12278382715072149,42.73291116255643,42.77037542239946,2.8737157793444954,2.8737157793444954,True,41.89835480636383,7.408126608370852,0.05416934842873222,0.0032007514483216926,0.0005132843857981098,-0.0026704309868972294,-1,,0
1117,0.7285835688562967,0.05195242824040957,0.002175260091229338,0.042557246235878816,0.05202423576238342,0.12270726081380201,34.85675600137564,40.915803483794306,2.417521315820225,2.417521315820225,True,32.35371794205345,7.370439256104209,0.08416192659111091,0.002117587589870614,0.0008044131845684294,-0.002270145514756668,-1,,0
1118,0.3227698307639647,0.03902812424792925,0.0466615804751461,0.445148629324392,0.13551807134738533,0.010873763841182577,30.422757724701807,29.770391072474503,4.005915668000775,4.005915668000775,True,62.92205905714657,7.335010569525946,0.17179376247494293,0.0014950693299094465,0.0008545887432013084,-0.0020893790513590088,-1,,0
1119,0.10446061962460874,0.026448147552258425,0.2803123432575794,0.16507089197701239,0.11131641373787834,0.3123915838506626,28.949641037265565,44.43544674083975,2.827173154549465,2.827173154549465,True,44.96808625192207,7.327160582839698,0.13999935608417186,0.0014177769152298578,0.001147007746591936,-0.0021076984964260243,-1,,0
1120,0.056665554878229954,0.3429755770755876,0.4201794635770372,0.006170875642798324,0.15997242362088301,0.014036105205463778,41.461352331368296,46.08598673636005,3.527608800694671,3.527608800694671,True,50.086666704345525,7.304212731216064,0.0312943867834641,0.0009734116668455308,0.0001850431762029459,-0.00500229627934476,-1,,0
1121,0.4579070170934411,0.08338698186089116,0.4112312307334517,0.022904208699257262,0.020896261715327377,0.0036742998976313688,42.54953962448519,48.38385048237979,2.5485641096712843,2.5485641096712843,True,35.85107574565742,7.385949394988743,0.03953713761952153,0.0024509770301396143,0.00035789222149614863,-0.0030751740775405326,-1,,0
1122,0.09365653512108428,0.21646166339194745,0.12933629383607612,0.1788245756581998,0.24047087719039653,0.1412500548022957,29.56672463263852,47.27297163181262,2.889452800108822,2.889452800108822,True,46.163806407768774,7.311859458900423,0.0809762365358942,0.0011077205851384086,0.0004456911281198128,-0.002481929511517403,-1,,0
1123,0.31668806246080183,0.19416446794339204,0.21038251170041933,0.18535599730730232,0.007685141836726296,0.08572381875135826,36.42426382703995,26.899803356726085,4.635034815187998,4.635034815187998,True,60.17651959782673,7.298535821042725,0.07844230650896207,0.0017089685097004626,6.0700677585665926e-05,-0.0036197634872791582,-1,,0
1124,0.37020707031944344,0.14875453593752974,0.25173096691606484,0.1386844695512968,0.005260185270120677,0.08536277200554443,36.20747791935746,23.70409426601111,5.139957117811778,5.139957117811778,True,60.81025608538321,7.268117332214188,0.0779841384196296,0.0015143166420506758,-3.672748516546176e-05,-0.004084367303319631,-1,,0
1125,0.13186378928178397,0.23648107877265692,0.21857518727290445,0.004653752250971038,0.3815676392800613,0.02685855314162227,30.771060139219042,19.65257351910115,7.443915988792427,7.443915988792427,True,70.8672206192281,7.050712921920653,0.07596415500343698,0.00036142245548557566,0.00011415625220637865,-0.008035456816168423,-1,,0
1126,0.25906987593887815,0.30875667033306736,0.20290846863386694,0.12492194654038395,0.008914678321596163,0.09542836023220742,26.648559789142535,29.862595885887497,4.3853430250497265,4.3853430250497265,True,52.52652483464665,7.182842074509506,0.08836733393101692,0.0005950740910341235,-0.00021766601296830136,-0.004666304644293698,-1,,0
1127,0.06226433465439446,0.06902309662464629,0.10336409999400628,0.0720767241755638,0.38499497680040096,0.3082767677509881,42.75523351427775,35.20607877097539,3.6306145775178864,3.6306145775178864,True,55.40550341869801,7.433980608463541,0.0952441033263907,0.0043312841407486995,0.0012515739625171478,-0.002195554773641184,-1,,0
1128,0.11666766184868016,0.023770017070709994,0.5416660834211322,0.23962242116954777,0.004506250489872454,0.07376756600005749,35.41951265511547,27.143716730036658,5.236132861907997,5.236132861907997,True,71.39468597369759,7.261120184667239,0.0713676619242823,0.0013276090032351153,-3.470793529721331e-05,-0.004223750256089997,-1,,0
1129,0.044366628067315714,0.2678908583549411,0.08415350885569164,0.11170907641552193,0.00782867070315138,0.4840512576033782,34.28803252634384,18.371093902878037,6.676460525467752,6.676460525467752,True,77.16323990105408,7.260251990700075,0.21377137952278008,0.0019788178424738332,-0.0009050169216235536,-0.0034669226650159966,-1,,0
1130,0.6997339521294055,0.01503878410032009,0.027854828950434136,0.12481096842303104,0.1267016910851568,0.005859775311652475,41.458717543861944,17.93531853126112,5.74798118263422,5.74798118263422,True,61.15111284926208,7.336068478480813,0.08510978293177514,0.002550670877863332,1.205572640399357e-05,-0.0031821827257415333,-1,,0
1131,0.06565282940045433,0.301384498123422,0.2400331016785623,0.34652478632394546,0.04112601874019831,0.005278765733417568,39.33245513454626,40.399400459846106,3.690764225729526,3.690764225729526,True,62.02339645412045,7.377077188465767,0.05756433233491252,0.002155914752964892,0.0004289335572338066,-0.0025681804516698276,-1,,0
1132,0.10926504392278831,0.11016665526009192,0.4677694754492841,0.07922208080251446,0.05915008217097655,0.17442666239434465,36.49738084055468,44.51705499819314,3.1348745510209204,3.1348745510209204,True,46.94680121061823,7.329142991125311,0.05564574689185083,0.0016895323859012143,0.00031916135801711285,-0.003181549998095115,-1,,0
1133,0.13110200610204328,0.10589284398399679,0.2544839765082926,0.2581571121490852,0.2351924567294117,0.015171604527170509,30.821007049013,45.26468884971453,3.0968742400453437,3.0968742400453437,True,50.35822107872637,7.312096237047806,0.06765482316613794,0.0010484550813268114,0.00030748062874454715,-0.002636035832518113,-1,,0
1134,0.24059868676348495,0.11118199202581537,0.3265343852495369,0.28327864998035535,0.013146152820227977,0.025260133160579495,39.58820919198608,41.94999311047043,3.150603122429201,3.150603122429201,True,51.30342673226871,7.39234457352174,0.0622194420980445,0.002510583027121568,0.0005173234248611308,-0.0023268072837348123,-1,,0
1135,0.4307266002766177,0.19995721149018053,0.143310110866966,0.05364286115021069,0.15154356117396928,0.020819655042055817,38.291594190546284,43.85372067959877,2.770334927987335,2.770334927987335,True,38.865381342344186,7.356309261669426,0.04920756294982104,0.0019037767235873908,0.00036362921645711506,-0.002986087399738006,-1,,0
1136,0.04647052070268088,0.11067379454776581,0.34948287385899546,0.23239987312047788,0.013724686761851379,0.24724825100822875,44.86197725435272,26.806514180985545,5.039730099543108,5.039730099543108,True,74.53849635874731,7.40690126184951,0.08996538870954816,0.00460912968221747,0.0006052562703277351,-0.0026619261866950472,-1,,0
1137,0.36394464187478043,0.04474399838762801,0.23867446578972323,0.3170989998480522,0.020762826191907762,0.014775067907908382,41.27831367419141,39.783190380721344,3.048559154479246,3.048559154479246,True,49.88573660604963,7.428350407084183,0.07395427086956508,0.0033628488873338213,0.0007723327021909543,-0.0019133986372969123,-1,,0
1138,0.25269146005510096,0.3602657034381977,0.210215097900391,0.04253385763486484,0.12175906981204371,0.012534811159401778,34.05740331424036,47.07795998930048,2.94981355912337,2.94981355912337,True,41.17085832421969,7.279556831401501,0.041950906112569845,0.0009184938174369304,0.00018378205591237535,-0.003881420839412858,-1,,0
1139,0.23006014904667696,0.2330370729727761,0.05817286107162893,0.1360190100363367,0.19350622348099797,0.14920468339158335,32.88851859145189,32.6186366510495,3.8636850108729646,3.8636850108729646,True,53.14271243026029,7.3027561226881605,0.08977625589272739,0.0014437103511764104,0.00025198440306059246,-0.003207387852936209,-1,,0
1140,0.46345139012516695,0.012797174811945077,0.039543568539978195,0.024817889388751797,0.39254897640469855,0.06684100072945938,27.11884713981923,19.03100776265065,5.966117677600896,5.966117677600896,True,56.11270632935998,7.165796138179672,0.13148832669874377,0.0006123135109905892,-6.728885523377239e-05,-0.004624879131659557,-1,,0
1141,0.17941407970514925,0.09946693002002276,0.2084701485651192,0.39859115317202476,0.07407975152265367,0.039977937015030295,41.813923410675216,25.862108913153893,5.087707384760453,5.087707384760453,True,78.62793091283534,7.398556863612947,0.09503918550049814,0.0034372116185415274,0.0006085765804711099,-0.0023305833984768403,-1,,0
1142,0.5140634866230485,0.13619985307238672,0.003391419765293304,0.20151812764191412,0.028999994927233395,0.1158271179701239,32.881681788305166,19.83924072762481,5.45499906200627,5.45499906200627,True,62.24014582524838,7.278801311931374,0.14546266183496062,0.0014762084405590577,-0.0002217588398083161,-0.0031887094278822553,-1,,0
1143,0.027970521753945807,0.01359215307673051,0.16234604092484767,0.29986987713678565,0.286600994864959,0.20962041224273145,34.83220668594909,42.2326784540249,3.1284680759565044,3.1284680759565044,True,54.97326358596208,7.399442412469823,0.13267772630908303,0.002449521338423804,0.002066663951939202,-0.001574384232391972,-1,,0
1144,0.14139401666999296,0.01545408977782629,0.05921858124750584,0.2737777726160036,0.4367254633691567,0.07343007631951448,36.49641462480231,28.69093471569338,4.535419331361428,4.535419331361428,True,68.82447762259706,7.362603572298336,0.10600237874666982,0.0022031922747548665,0.0007291243636012587,-0.002515185188772815,-1,,0
1145,0.09279533581139403,0.17008758364154364,0.21130898740701937,0.08770262384480779,0.36053952483385543,0.07756594446137964,37.28563700943157,27.891027476330766,5.1267316512982966,5.1267316512982966,True,66.6031275059133,7.269524500108115,0.05885752146839937,0.0013587886853622362,9.287543820106142e-05,-0.004623802299576446,-1,,0
1146,0.13688461604442806,0.3168573188146924,0.39681658052653834,0.04752319633023542,0.01132689921425868,0.09059138906984707,32.9728964170683,28.875228497179574,5.073614652825988,5.073614652825988,True,59.142061781108296,7.162048810456398,0.05564682951711137,0.0006587080436519472,-3.0640850718860974e-06,-0.006346277456979692,-1,,0
1147,0.1376261585730546,0.07723280913802598,0.261857241784485,0.3993025489198137,0.12357867637338338,0.0004025652112372444,36.639982575128286,30.03932844127107,4.581331859785919,4.581331859785919,True,72.68017452694905,7.351278095068969,0.08920696998375749,0.002012241317296868,0.00045491189845324687,-0.0025810846113635917,-1,,0
1148,0.30282175053969546,0.2724509108142892,0.03392315788750612,0.2030248808594312,0.025923330958137217,0.16185596894094076,34.44288902041292,42.71341239832323,2.812866074036636,2.812866074036636,True,43.81811551003867,7.36588304597402,0.09273385886744519,0.0020330007750707178,0.00081274607190616,-0.002124613448866244,-1,,0
1149,0.27289999336396004,0.14830186344677218,0.1777151531728464,0.3603269513261316,0.035508601438064495,0.005247437252225407,39.91295982475715,23.65513976724771,5.404573103488266,5.404573103488266,True,76.83726989035134,7.3534396771988755,0.08840910731653223,0.0025547588677094276,0.00020603063691458127,-0.002851209424864967,-1,,0
1150,0.046631552258290784,0.374327396287312,0.2503883880143531,0.09305048068448359,0.09231609595386331,0.14328608680169724,41.011542350306414,44.14602676018001,3.355816992926431,3.355816992926431,True,51.0769432904873,7.364205421901712,0.04672352234367062,0.00221981336626545,0.00034049734115985703,-0.0032774773968051165,-1,,0
1151,0.22610508842394633,0.07924743686256953,0.025522367747304354,0.2567931579430413,0.12497942690378883,0.2873525221193497,28.06984410748381,33.307298469230346,3.458648741387326,3.458648741387326,True,52.14880121458335,7.321559180358748,0.26012811198207153,0.0014410229508799045,0.0019877493833237525,-0.0021614209886890116,-1,,0
1152,0.28805747129348513,0.11146050210316191,0.04404045495614345,0.5033733163544618,0.04931504124616329,0.003753214046584315,30.706239871984273,39.5668928770689,3.0849949748818726,3.0849949748818726,True,54.38274663320092,7.365915388296285,0.1499980531194856,0.0016466320650512362,0.0014873200373701919,-0.001528589719204612,-1,,0
1153,0.10714640276380137,0.06805718678337216,0.48023845011532584,0.015898975259743108,0.11496531418617108,0.21369367089158647,29.775706587173666,36.856140966921274,3.7374674886119688,3.7374674886119688,True,48.829136070443624,7.228989969269859,0.07017930547698846,0.0008534745853423438,4.095862544871396e-06,-0.004310409534231861,-1,,0
1154,0.380724723218867,0.2540305699558672,0.09723410592031123,0.17575444530974918,0.07598920681574645,0.016266948779458917,30.102493121152676,30.445750537197725,4.051418286383086,4.051418286383086,True,51.70788497636124,7.248999431013562,0.08159124740755769,0.0009078724738316919,-1.7099589269809475e-05,-0.0037940116004950334,-1,,0
1155,0.2707656131161748,0.15168719262867908,0.011574474418577844,0.3767873859548328,0.029561338877897574,0.15962399500383784,43.97292935832384,25.25230153825738,4.659875635020292,4.659875635020292,True,72.08122675339636,7.4485664256716575,0.13559734430115095,0.005197533664714501,0.0013813287872199305,-0.0017583973932206638,-1,,0
1156,0.3436505325261902,0.26744778360431654,0.16617439300676737,0.21222652212522786,0.0003280790439659145,0.01017268969353227,42.51476971926415,49.47778324815579,2.565394573543805,2.565394573543805,True,41.38270840006486,7.427884011835283,0.05116000006899963,0.0031353897955041614,0.0005645930930499932,-0.002157499519132516,-1,,0
1157,0.028092865069324326,0.08553783861124584,0.4525549841255501,0.3349766730647193,0.001419474050030176,0.09741816507913025,32.866037673986156,44.82933493271455,3.254648404822741,3.254648404822741,True,55.82757855848383,7.33468206053164,0.07755119993211937,0.0014577827954236086,0.0004809328052878448,-0.0023601132281814534,-1,,0
1158,0.8230930573334542,0.0003825617472230193,0.08485915631514618,0.05996760552294686,0.002805174756793364,0.02889244432443642,38.775044255198395,31.309617093515122,3.1349466281689113,3.1349466281689113,True,38.083756328416534,7.367369161546079,0.07237276416869495,0.0024612307634052965,0.00043913643088339425,-0.002832401016986837,-1,,0
1159,0.3805515940286524,0.010111238828314701,0.21305898963785694,0.30293686568668504,0.0042001701765103485,0.08914114164198057,32.75728050165241,42.49187785881144,2.7340128332308096,2.7340128332308096,True,44.3960583218976,7.365691245848198,0.10745342373493244,0.0018463242488004365,0.0009385130674042682,-0.001861447538941276,-1,,0
1160,0.09041631661667385,0.11232498863918623,0.10548380136663467,0.4161383263894363,0.02035568771940473,0.25528087926866405,39.19116807896442,28.736212784626932,4.331446949640398,4.331446949640398,True,72.27520531483131,7.422370728289683,0.21145858572309567,0.003995945590988981,0.0033193499889067803,-0.0016139587910743555,-1,,0
1161,0.10786949407014915,0.10892810897367669,0.020878264787027284,0.1518357521885823,0.5774490678354806,0.033039312145084036,42.84968674419319,19.197920712745294,7.19577903901171,7.19577903901171,True,89.428636785574,7.315084128097567,0.06781548445163985,0.0024038332130731214,7.969971746158412e-05,-0.003969324598480632,-1,,0
1162,0.5493863575746947,0.05306300737150044,0.24070067127863615,0.1489222893608234,0.0002844409414975666,0.007643233472847657,28.407830183172496,35.712150573343266,3.170059850355417,3.170059850355417,True,41.01954637509369,7.263129598512528,0.08237668479574578,0.0008853547096325602,7.990272440401932e-05,-0.0032556580915149742,-1,,0
1163,0.15789545339156086,0.5702538578521581,0.020193821443615232,0.0023601824362845017,0.24168391691787966,0.007612767958501755,44.43988685403541,19.89026293227081,7.4840657223150115,7.4840657223150115,True,76.98528363289871,7.180827200130362,0.04381179685207457,0.0011246861285132115,5.8050184394867466e-05,-0.007546185313145733,-1,,0
1164,0.10266728582031605,0.16312076771742723,0.31118190281541536,0.1488403780021673,0.19109353773550386,0.08309612790917024,42.21127110547265,19.05590161645336,7.484366311219101,7.484366311219101,True,87.95880983256045,7.253676012791972,0.061814346654276146,0.0019153378053481977,-5.597501318279619e-05,-0.004955661348187217,-1,,0
1165,0.16861390881656985,0.2661764460144492,0.17773324517064132,0.038433136504808764,0.2004841616203135,0.14855910187321736,35.06357053449776,49.634899120088185,2.7137668734856883,2.7137668734856883,True,40.6960147422021,7.3360797775953435,0.05385410567547648,0.0015274002929308824,0.0003929248287404294,-0.002849215750442761,-1,,0
1166,0.04492816558143355,0.4971448354846029,0.3194549332981203,0.09349392775978871,0.030170995698623963,0.014807142177430373,25.24281801844087,32.25944362043177,5.066161144311259,5.066161144311259,True,59.11766605439566,7.059356233726408,0.06552160081182531,0.00018538873782153947,-6.485610972835672e-05,-0.007811255329639987,-1,,0
1167,0.260826832222319,0.25319505512660795,0.017951163891425138,0.31399565938025253,0.13579828649629733,0.018233002883098107,35.24578085409892,42.29789505640619,3.0224063615667616,3.0224063615667616,True,49.84811614256394,7.374454037119896,0.07922525202568342,0.0019364454295909522,0.0006759957488620819,-0.0020570107562535474,-1,,0
1168,0.02687654977187855,0.19520347967578242,0.06148949901339108,0.11330215110469954,0.2521561594066517,0.35097216102759665,32.10563079105554,26.41365435596166,4.881842849403479,4.881842849403479,True,64.95356867116169,7.288327775715967,0.15700396001271402,0.0016344157618121326,0.00022760057731805968,-0.0032984833024863277,-1,,0
1169,0.37468609168294337,0.02760748735632993,0.06375390023753916,0.012666566466764204,0.4999112455301216,0.0213747087263017,28.358759611977273,39.63260926543147,3.063668820996855,3.063668820996855,True,40.251694590191626,7.267939066000333,0.06837596276897771,0.0007839312381130025,0.00021143978592681593,-0.003388702796232973,-1,,0
1170,0.15344191492369624,0.23818349097386343,0.035399403315044216,0.5038559881062138,0.04177312445413931,0.02734607822704284,32.869141479766434,45.71619981450732,2.8879656177617137,2.8879656177617137,True,53.89217181701846,7.388538807594188,0.11779663715688814,0.0019319384247622642,0.0015032326062150443,-0.0013336810868770973,-1,,0
1171,0.005234542207812129,0.3849850462193899,0.3721868041951497,0.05523325770181753,0.002867279886149344,0.17949306978968133,25.054145473515742,21.95036282490529,6.987501966924424,6.987501966924424,True,68.39179238693502,7.005947489909598,0.10193009607338531,0.00028875800104673455,-0.00021225052963550755,-0.008434165790536288,-1,,0
1172,0.20447101054158703,0.4578683182205885,0.2318823021585672,0.07724831124691726,0.010694796416031806,0.017835261416308337,36.10084570105096,23.36375438639813,6.187938456277555,6.187938456277555,True,66.95054305069185,7.147800466004719,0.054309360958021545,0.0007037226085428651,3.573795831268365e-05,-0.0069166590033122605,-1,,0
1173,0.4316040972907212,0.050898031024603,0.42531001000114405,0.0012834547263262856,0.0070954942501006875,0.08380891270710475,30.440903783553388,28.401499396128504,4.262398049150263,4.262398049150263,True,45.94263438572157,7.193784950951526,0.06900116715260453,0.0007514445793026622,2.7686331007595268e-05,-0.004980152338615777,-1,,0
1174,0.1915460796151756,0.08211359820235475,0.08052747143845498,0.2283895765916959,0.3937692081381847,0.023654066014133987,28.630462162193876,31.185009638379352,4.2216162352735775,4.2216162352735775,True,59.54889752371172,7.266314717021135,0.09951173291804317,0.0008880314832108725,8.063080159942579e-05,-0.0033346163544707413,-1,,0
1175,0.29106458361389365,0.01749597532433087,0.07288092307705162,0.0379960961837176,0.5615497817356965,0.019012640065309783,39.133918426264515,33.01179810514009,3.8330004191825524,3.8330004191825524,True,51.92256842361378,7.351411285214309,0.056649213342684426,0.0019502746264922165,0.00033083483599601987,-0.003385909726476312,-1,,0
1176,0.3953670699282507,0.00020074018733352568,0.006101360636378563,0.1442194600595107,0.07515664523282306,0.37895472395570345,26.862186617170618,43.77634456662293,2.357243898470171,2.357243898470171,True,36.107366501145876,7.344874866968629,0.2550288902119238,0.0014735159662399174,0.0035474143782320048,-0.0017355834672463503,-1,,0
1177,0.1534704819512091,0.006917039775276166,0.2843567042992865,0.1888020484802008,0.2846547571475841,0.0817989683464433,28.499556749749765,40.592480024445145,3.303129236479607,3.303129236479607,True,49.95419384579652,7.283591886544974,0.08430171528363564,0.0009193008210223692,0.00022223296823771735,-0.0029402996711074113,-1,,0
1178,0.0749389542793305,0.23741198019635448,0.23551517957578702,0.3602927034799743,0.03347680827517364,0.05836437419338017,32.21130221551701,41.31045392224409,3.455314834846931,3.455314834846931,True,57.90107648899342,7.3274131421422135,0.08309809863424963,0.0013727117188031819,0.0004350038516853317,-0.002436629932889931,-1,,0
1179,0.24885627696140064,0.17456245608534268,0.05904326521561395,0.05099165077879594,0.29421036867985345,0.1723359822789935,29.125458068106916,17.46648414781719,7.090506394361101,7.090506394361101,True,68.14253954200137,7.147374062535856,0.13210457384976587,0.0007221758203595123,-0.00035722864629104614,-0.0049891334428320295,-1,,0
1180,0.15852341499544312,0.0013410238722596642,0.2788229812515918,0.11895198644227267,0.0022035771530953528,0.4401570162853374,29.505946775646667,38.96049008737393,2.9890254292806175,2.9890254292806175,True,44.80471599905354,7.331094133663529,0.20413968776111424,0.0016825177068729017,0.0019361112265533838,-0.002169984775228342,-1,,0
1181,0.40605485474870323,0.015439080342350243,0.19468256207083648,0.3252132646749596,0.024802810455870083,0.033807427707280534,42.641554188762086,41.90068816212716,2.7850784886675073,2.7850784886675073,True,46.71795314137745,7.458066459248456,0.08003519763681044,0.004144635085685839,0.0010642306302078546,-0.0015869156090177407,-1,,0
1182,0.21645788267786367,0.0550863998741938,0.01425280314195833,0.23850819527189931,0.01851212595353817,0.4571825930805469,42.39368591413931,37.9371421831536,2.861468611193564,2.861468611193564,True,48.55770621234704,7.486080699084909,0.22001389092347287,0.006126227887665255,0.0056317049961131386,-0.0012003971009304586,-1,,0
1183,0.3349830110648463,0.08986920679619893,0.020036838042094867,0.2510585150358555,0.09992134834305277,0.20413108071795152,38.48306134587929,31.003729333794553,3.6421737524498883,3.6421737524498883,True,55.16178500441621,7.407064319054067,0.13741039472817426,0.0032941130279705005,0.0014304173473182289,-0.0019607524556186705,-1,,0
1184,0.11920282838964619,0.1972626245143911,0.37454140044184936,0.21312824871303152,0.025010620071536302,0.07085427786954543,38.055744489826296,46.76438658266421,3.0567679247370347,3.0567679247370347,True,49.611011015488586,7.362564737040171,0.0527653249537607,0.0019122765893603109,0.0003871160682375271,-0.0026926165659258853,-1,,0
1185,0.045348804700462146,0.3940176081519479,0.01083021035879454,0.25637869134096375,0.02630426862275491,0.2671204168250767,27.01044002833417,22.63057911384365,5.872734356420978,5.872734356420978,True,74.05325193844577,7.209536338028393,0.20556726452468752,0.0009237408885772774,-0.0012565449887702277,-0.0037883748443294563,-1,,0
1186,0.02717589979335772,0.6511818985831084,0.2225775537748078,0.017027774027627483,0.013406130924522117,0.06863074289657661,26.449099471917435,47.79220687776154,3.4418055263035345,3.4418055263035345,True,45.37274342302086,7.141177104613749,0.046735404131201815,0.0002456455715702093,-6.742867340894235e-07,-0.00588854414543055,-1,,0
1187,0.7146730890485645,0.058640790026551474,0.07930024147480955,0.07556445519154951,0.06966893719801646,0.0021524870605084895,33.90530931998776,37.01377882704754,2.8133298623680423,2.8133298623680423,True,36.03102551777851,7.329122600198834,0.06987970128895381,0.001560201644064915,0.000381434359285144,-0.0028538255910125726,-1,,0
1188,0.009098226841245307,0.04571113706953364,0.25333636997286485,0.22844002571235286,0.2121428865721814,0.25127135383182186,41.82240129008643,49.640009923059544,2.7120232861198974,2.7120232861198974,True,48.73499664517261,7.4639039037755,0.09107158606967022,0.004276243731691707,0.0017498471339820346,-0.0013471212057572176,-1,,0
1189,0.06121843095008143,0.2104267016146057,0.198570746504244,0.2655822392180818,0.21363743843467634,0.05056444327831075,28.235649155845316,41.980504228729146,3.4496685207586877,3.4496685207586877,True,54.58035433894746,7.276198150036558,0.07842000888757011,0.0008215279003527942,0.0001601313506420192,-0.0029940488873163714,-1,,0
1190,0.24953283470165705,0.48350505241104624,0.1598778831749345,0.005100502022213637,0.010657182437383651,0.0913265452527647,40.08181120371147,24.189012847862013,5.6442782347079445,5.6442782347079445,True,61.06167704499669,7.2150520570016665,0.049738501177776874,0.0012843564985445817,4.315956053312262e-05,-0.006089356863669618,-1,,0
1191,0.09517806922730597,0.1120332424367456,0.4446913137287182,0.05855539247087711,0.0013120622745625727,0.28822991986179053,37.971935829408636,30.561927841554592,4.375452721996878,4.375452721996878,True,58.26232762101084,7.307432545115227,0.07570757690861764,0.0021266046924633686,0.0001649615582910707,-0.003790918892565659,-1,,0
1192,0.26083145655243395,0.287075913179529,0.09391286188478572,0.2583641814211334,0.006841657743100773,0.09297392921901702,37.75580080269155,24.056434055981523,5.2646160277087395,5.2646160277087395,True,70.01480993442917,7.3159618059042035,0.09055178570331322,0.002074002008192426,6.499095392636847e-05,-0.0033206911008289014,-1,,0
1193,0.3709216205125893,0.05097194169920591,0.2552442875049222,0.14767566897874188,0.0428888188955226,0.1322976624090181,29.33266876411745,37.67540370823612,3.131636807646783,3.131636807646783,True,43.625138470519744,7.290441122110477,0.09628529016035325,0.0011311629492042048,0.00023421543607704683,-0.0028795904316834394,-1,,0
1194,0.03802476821351902,0.1476653299268357,0.19075419895921314,0.3881309623133563,0.14912387278457762,0.08630086780249822,38.736991315329334,31.56673169427991,4.45323087079442,4.45323087079442,True,73.69579178449625,7.387978372966405,0.09932561480124952,0.002771281975097955,0.0009289938455012583,-0.0021900813832312293,-1,,0
1195,0.5808838959364641,0.07383248207433699,0.14090787880411818,0.042657264288902416,0.1560560380952,0.005662440800978332,43.69915633731702,25.416569257656853,4.399439020044177,4.399439020044177,True,51.1698234392985,7.3563153540719695,0.05623379819374693,0.002768087415588079,0.0001548795970106435,-0.0037008489209379284,-1,,0
1196,0.49377526882179723,0.16349476645234842,0.10365365682149996,0.0330778602745603,0.001175983548098092,0.20482246408169605,39.79662188077009,49.5378965532772,2.2052723014972493,2.2052723014972493,True,32.559725706662945,7.416938673796966,0.0695064667652553,0.0032298680155630525,0.0009421784589023491,-0.001997968747035627,-1,,0
1197,0.47188740543443464,0.032071945083232724,0.1826527657801429,0.08860115119714143,0.1980345416802862,0.02675219082476214,41.93196432575634,33.186588772402374,3.503909447005134,3.503909447005134,True,47.226493833003495,7.384356787683696,0.05858792984626822,0.002803108123151834,0.00035396287796981386,-0.00301850079049668,-1,,0
1198,0.2262772066755454,0.08671272984327494,0.14632041590223505,0.013826421407353264,0.4883122706196772,0.038550955551914165,37.53532128654321,24.13158197747787,5.511235316542211,5.511235316542211,True,63.7844095990776,7.249035643262849,0.05934148151347909,0.0012495760001587776,7.993622111600828e-05,-0.005008744020197722,-1,,0
1199,0.15470300500862297,0.06541071735739037,0.21613777390612088,0.11536248335407348,0.1837445812209436,0.26464143915284866,38.58970436516208,40.815815327253084,3.06466514302908,3.06466514302908,True,47.80122599087268,7.400122699524217,0.09147248234605435,0.0029882970473052296,0.001071382673243271,-0.0021397013155279787,-1,,0
1200,0.052285122361866734,0.11948470297547772,0.3471726375121895,0.34332452025959675,0.0119572190106917,0.12577579788017756,44.964569622357075,29.69851668001732,4.724298933661705,4.724298933661705,True,75.5813443532702,7.427270394238328,0.08097901309200527,0.0044932623761812784,0.0007237010093841773,-0.002331005392010312,-1,,0
1201,0.11276877275704181,0.4425693884708454,0.2453068263468513,0.11623146114676675,0.02917506195503678,0.05394848932345807,26.226081315468846,33.83431802923941,4.418876326697781,4.418876326697781,True,54.81324710178895,7.14129307861097,0.06742824506900896,0.00038302059452296556,-0.00013074735677164208,-0.005728391259444789,-1,,0
1202,0.1768848105408169,0.3318453310777599,0.1064397796372498,0.23526814935403087,0.033643316344031844,0.11591861304611062,27.380482999643373,19.7906017422444,6.706027571431321,6.706027571431321,True,75.00609208580761,7.15729259332093,0.14051301759727786,0.0006680016529001003,-0.0007248547178708854,-0.0046966134804877074,-1,,0
1203,0.197374540812859,0.03760291862902473,0.18787448884143412,0.12984884968879878,0.13852624913521228,0.3087729528926712,31.575598226114746,39.241194925936426,3.0374943958117058,3.0374943958117058,True,45.81986824833511,7.343960458399756,0.13749602906873237,0.0017859898619782355,0.0011896642998247698,-0.002229853859254877,-1,,0
1204,0.05064711354581163,0.04773311177702254,0.3994473803570642,0.15698571727439203,0.2428416720268289,0.1023450050188807,25.89928484997655,44.929597454155235,3.226067069059878,3.226067069059878,True,48.818351467147394,7.2423965356035245,0.07456497748799934,0.0006140700945336783,2.938394915407198e-05,-0.0033737436777671655,-1,,0
1205,0.3178733224646353,0.18064265297143559,0.14675774003407038,0.008333329136646516,0.01647003493728851,0.3299229204559236,25.56584611276229,32.34697185900224,3.538955457555375,3.538955457555375,True,42.29587912649358,7.236401179479175,0.14131790343343664,0.0008647972186018849,-0.00012090963532919366,-0.003481441793045177,-1,,0
1206,0.2686310073420022,0.19226353733757434,0.14807646302199623,0.08428552520140842,0.28482337846859185,0.021920088628426888,30.65068802573422,33.86905401727715,3.8911251735478225,3.8911251735478225,True,50.19492031698714,7.241875597302824,0.0643326631599687,0.0007999147846087588,7.321758815380588e-05,-0.0041922798101497565,-1,,0
1207,0.006203258575190216,0.15283428831572668,0.312722112813263,0.05339312441663822,0.4020169389915416,0.07283027688764035,33.69208351361931,46.93250249241019,3.2794521282278697,3.2794521282278697,True,49.516153578940155,7.291178085134201,0.04524274583797377,0.0009023097349048553,0.000212011069589174,-0.0037062572477037227,-1,,0
1208,0.14548238358466423,0.06889383523421869,0.09708235057200436,0.29524646314976627,0.13620288866922922,0.2570920787901173,30.75618029922736,37.16581473755574,3.274513780284874,3.274513780284874,True,53.35308266997418,7.354542503825915,0.19806152355353038,0.0018203414869144157,0.002236405861880369,-0.001877869106446931,-1,,0
1209,0.057955390418606395,0.1698692620626561,0.4932031094440958,0.002874392772208631,0.24271191717743132,0.03338592812500176,26.081086232371984,48.23442136755701,3.274344775476296,3.274344775476296,True,44.38541837158762,7.166190740253646,0.047718441116163274,0.00026807987215135055,1.7155134968696244e-05,-0.005213045124543484,-1,,0
1210,0.6201574812797982,0.04115669614969175,0.1282475877877481,0.07461066339245792,0.0013802974025949744,0.1344472739877091,44.615149358167045,39.562985160656496,2.6321209545632813,2.6321209545632813,True,37.111607833540596,7.4514444785279546,0.06958476875550114,0.004636989205029763,0.0008101592957216352,-0.002136805674041419,-1,,0
1211,0.03694986369360018,0.05206194784527712,0.0009181200007457377,0.5139791252064804,0.3960416863149373,4.925693895923054e-05,34.304249431271465,18.799737573090454,7.336408369157623,7.336408369157623,True,109.10134981561144,7.320061996760281,0.19159703732107855,0.0018778002484813596,0.0007124039512832744,-0.0024101591026415977,-1,,0
1212,0.22722581781986215,0.15508664559686222,0.2040252764128898,0.02073422172991684,0.16991505383866842,0.22301298460180058,41.25032680495929,39.45416388588089,3.1722530270326312,3.1722530270326312,True,45.43348102207707,7.391765798044812,0.06477662739532208,0.003073234866249858,0.0005784785422911969,-0.0027598494740450714,-1,,0
1213,0.3301312867644147,0.021501034753801294,0.22740046907080524,0.09160487592635304,0.11390774602202271,0.21545458746260285,29.43908079121898,28.048611766290627,4.153029072170916,4.153029072170916,True,51.12558992973662,7.260660673129321,0.12396668540986917,0.0011250172161258462,-4.3012229116234076e-05,-0.003489559831768306,-1,,0
1214,0.36936953326969996,0.12814766816056927,0.18707137923435654,0.05996776022532584,0.1761598625840339,0.07928379652601457,34.2559787563357,43.05642199890836,2.831258428359076,2.831258428359076,True,39.89289285300338,7.3263144088682095,0.0602516395356371,0.0014765488469243929,0.0003505491965057791,-0.002945158353503585,-1,,0
1215,0.14472572466679842,0.2229690916542183,0.20760517800978465,0.38818042942885317,0.017208695355997155,0.019310880884348323,38.67689368668153,35.726701741602206,3.864880154717559,3.864880154717559,True,64.05504136070662,7.383206138480533,0.07684994859347216,0.0024558817987148356,0.0005858349756929612,-0.002289856652559224,-1,,0
1216,0.25836073088067996,0.0029278825707466905,0.14607662109083652,0.055680575487167996,0.42423699337862947,0.1127171965919396,37.99654845126557,20.818803175299156,5.985536965628699,5.985536965628699,True,68.65694080435047,7.276154353848564,0.07997536805380365,0.0017297505712548854,7.032758296932752e-06,-0.004177086253712464,-1,,0
1217,0.41267311655525,0.041625440008416156,0.29384134695277275,0.0597474712068426,0.02122169585438179,0.1708909294223366,40.738822716242474,27.319928606792555,4.224406151586729,4.224406151586729,True,52.468758906116186,7.345608582949416,0.07304259441898914,0.0026908043988788516,0.00021046014384054745,-0.0034056463574538634,-1,,0
1218,0.15490792360395828,0.09110580764349026,0.06268295773161699,0.3071213762661115,0.07297277137082947,0.3112091633839935,33.76476714175147,19.81425059734507,5.969953922444205,5.969953922444205,True,80.10003138286716,7.314235193425808,0.29102275609000705,0.0021586209092974437,0.00029200141046457597,-0.0025252527286310873,-1,,0
1219,0.1079078221342492,0.0437246374692486,0.5123759595781733,0.2968503725562333,0.028556806006929763,0.010584402255165831,29.188545629188578,33.51287718276117,4.3524957930628325,4.3524957930628325,True,63.47666715940404,7.233745882617031,0.07632164841470396,0.0007436892106666418,-0.00010189935301106861,-0.003957189776719298,-1,,0
1220,0.19872835320338936,0.6130587383531054,0.0943455503870092,0.02070163787102407,0.024411733627140674,0.048753986558331255,40.350148319617965,25.05877737625464,5.772464756337854,5.772464756337854,True,63.60906319090959,7.196731900263123,0.04522022818407247,0.0010488637246759676,6.721116149924633e-05,-0.0067583072592690835,-1,,0
1221,0.6757547003339768,0.0008814101591447212,0.15506243348322937,0.13813215958888397,0.01796343308061755,0.012205863354147478,32.60471167798609,27.252731260631652,3.8565083187319518,3.8565083187319518,True,45.837166308354526,7.291576168250873,0.09195907675275275,0.001332276725615818,0.00013628857771312282,-0.0032741483212340074,-1,,0
1222,0.07685102987532098,0.14649376875138886,0.03616988522012043,0.26723108862946693,0.420107517183586,0.053146710340116816,41.30089646816188,22.833475837592687,6.064299885834145,6.064299885834145,True,85.90902433148348,7.3572364241191694,0.08297320553924234,0.0027581091668312362,0.0003394513913236912,-0.0030870989581773443,-1,,0
1223,0.5038857474941859,0.2096398303910999,0.13661380301410456,0.09550145980568582,0.006520828489811321,0.04783833080511247,40.16072422515672,47.58179363118173,2.427030866281504,2.427030866281504,True,35.63092750560768,7.397511598305376,0.053723306170343786,0.0026648203129373857,0.0005432565783620517,-0.0024011881970416584,-1,,0
1224,0.12197804281159631,0.01707219504116852,0.20494111051429192,0.4731841320456753,0.12797663358090508,0.05484788600636304,38.21736391849599,27.267243247080984,4.843924040354903,4.843924040354903,True,79.80318626002502,7.393777988911783,0.13559757767208036,0.002942022492490645,0.0012922411144566737,-0.001926267595806163,-1,,0
1225,0.12629572253406376,0.1584654874698603,0.30570885912777207,0.0871715119389443,0.07680063541432507,0.24555778351503457,39.9557944629333,28.31589479005542,4.652493791665702,4.652493791665702,True,61.99102911117228,7.330203263936814,0.07597680661994947,0.002536962887364079,0.000210458157837177,-0.003602671494710678,-1,,0
1226,0.07756391223919058,0.026826649242805176,0.2736279833419107,0.5983679733086139,0.01889109440769616,0.004722387459783612,33.28854542216281,31.01132654290733,4.444932210868199,4.444932210868199,True,78.68344992859761,7.3651725310011695,0.1619569356248092,0.0019762140058318983,0.001616146002573254,-0.0017368477287054284,-1,,0
1227,0.5620531078193165,0.11999831538409972,0.1346961951219418,0.10460659138684891,0.022173961547748908,0.056471828740044104,33.208829471108935,32.27734884853801,3.426940006438296,3.426940006438296,True,43.12843883622486,7.301108809725275,0.07858496190031249,0.0014068429787283808,0.00021362536119375224,-0.0032411077780990926,-1,,0
1228,0.14811637599080585,0.3139076670284364,0.31533799993530043,0.035286737931697676,0.1467165603032747,0.04063465881048505,37.42916813003888,28.30940746600309,5.203298082358758,5.203298082358758,True,61.90975382195126,7.204263775265387,0.04709187629127624,0.0008833255087246402,6.922313055247688e-05,-0.006216206267934146,-1,,0
1229,0.06389994528677867,0.17943602479128506,0.3150894556829501,0.2856657676865573,0.14723014739929308,0.008678659153135777,25.405222564082784,19.981927037548814,7.456763656043174,7.456763656043174,True,85.19638566047752,7.096616289511674,0.12556490751451688,0.00039561087109675063,-0.0005714758554628656,-0.005785005829918383,-1,,0
1230,0.194051569069869,0.21156264457711121,0.09071168098426194,0.02822769110945577,0.42350094216681916,0.051945472092482826,27.36970504709603,18.67176582925779,7.276296305440127,7.276296305440127,True,67.87581385385381,7.072737029185092,0.104669188627011,0.0003873314494225669,9.040887538349704e-06,-0.006627815701181987,-1,,0
1231,0.401412580499715,0.13098724911651055,0.07529882821080425,0.13170299485808942,0.02290187606149088,0.23769647125338988,30.491404869218364,26.05225341528785,4.2509381819323036,4.2509381819323036,True,52.22972174039622,7.282918021167004,0.15157749480011837,0.0013707756418179303,3.100943904925131e-05,-0.0031324838226139376,-1,,0
1232,0.04997295530208346,0.010269076927967144,0.146364707733846,0.11186394832842116,0.6117700705429084,0.06975924116477394,35.993467985254874,23.16299481605079,6.1179126781304545,6.1179126781304545,True,77.70762792857043,7.258741801404465,0.07485401701901695,0.0013175955442705784,6.11743856051955e-05,-0.004467117791110397,-1,,0
1233,0.33709289844145307,0.020071338133921507,0.013366643611156474,0.3732149123595118,0.12535002833291234,0.13090417912104485,35.967954720694365,18.872932086987113,6.004893345075602,6.004893345075602,True,81.01492962617223,7.343957652206343,0.21122692390150682,0.002410156805989363,0.00034989097488179405,-0.002288632533821923,-1,,0
1234,0.4273021295290218,0.09979851497916999,0.10701414397750819,0.31428776808701203,0.0034454090007526913,0.048152034426535394,25.484587081751698,47.65467605080987,2.413964078972923,2.413964078972923,True,38.853882185871655,7.307565905058288,0.11986467826715594,0.0009459876410477325,0.000534967006954649,-0.0019104359546519578,-1,,0
1235,0.30516833130425514,0.1817518955462742,0.2320581753383231,0.25027082998821626,0.0056974311782754285,0.02505333664465581,27.93093653020281,49.25106095973091,2.5943531888339173,2.5943531888339173,True,40.93721106614992,7.293266126300054,0.07469752847120091,0.0009028139014822833,0.00022293319865590168,-0.0024770313474074697,-1,,0
1236,0.2359201537087493,0.46432388684044085,0.015691539667248136,0.07357019059144375,0.09041430116810815,0.12007992802400981,37.35320480339992,34.41159806815402,3.825860600684511,3.825860600684511,True,50.96432157560251,7.308991714655865,0.058404443874696434,0.0016854995259040022,0.00019626947632587694,-0.003784503255675801,-1,,0
1237,0.13090723233359336,0.010857918004650453,0.23980934940389817,0.5529870068445397,0.0014797585227657904,0.06395873489055248,44.49001785084578,18.160525862161634,7.168660851979075,7.168660851979075,True,109.85937287318627,7.42513086640526,0.15047466777930824,0.005046053691723279,0.0010875823206473452,-0.0017414706820177643,-1,,0
1238,0.18654973748085146,0.18855563604669026,0.2340307055347154,0.131324064359722,0.10532759623656776,0.15421226034145322,37.46143007124071,26.803342612111667,4.890099587406617,4.890099587406617,True,63.530835839646066,7.297277034762259,0.07584025169524458,0.001848515400145914,8.099804338863786e-05,-0.003855303574322727,-1,,0
1239,0.1110273400755572,0.13175988154529117,0.10728758938838767,0.45145159681915153,0.14943456954233633,0.049039022629276036,32.679036269543566,47.2497331391785,2.8363509940469585,2.8363509940469585,True,52.827910648563424,7.387066722859012,0.11121615097445502,0.0018610700417225263,0.001454369764039143,-0.0013700140619982077,-1,,0
1240,0.3034782947991833,0.012109136465167359,0.20096012187798976,0.15877383309227247,0.3190041012400547,0.005674512525332496,27.98455456880513,49.88276044304974,2.539580104026321,2.539580104026321,True,39.29632576729866,7.299130719020256,0.06838237707123421,0.0008573220462219266,0.0002946261642813794,-0.0025061529822571933,-1,,0
1241,0.0955927886393897,0.16345717265399148,0.055071361302814544,0.5834818935390799,0.042380177463287795,0.06001660640143662,32.58250122183097,35.95099615554218,3.673011778054381,3.673011778054381,True,67.68084401558717,7.385111720987769,0.19711345597423058,0.002115576771584236,0.0029526215216047285,-0.0013796855310595805,-1,,0
1242,0.3503016834608999,0.12816434231756155,0.05177683805647638,0.37252912103125024,0.027236869360997916,0.06999114577281412,43.45728725850381,32.71245541417373,3.5875341727784713,3.5875341727784713,True,58.43384579092842,7.458203653744683,0.10173002452147555,0.004691013601311067,0.0012100607714173569,-0.0016512485200897177,-1,,0
1243,0.1768609696125361,0.2550719391786002,0.1225498679549458,0.20395997514172914,0.06105141643783194,0.18050583167435685,35.66774861662064,36.94054858900975,3.477936322500373,3.477936322500373,True,52.911314853763024,7.352945345313354,0.0908205417322326,0.0020918942815896153,0.0006054186764435903,-0.0025440370153392323,-1,,0
1244,0.10745709080703329,0.1613575815859284,0.03894773171632361,0.19860468954081473,0.44082949847694003,0.052803407872959895,29.88238150171153,44.175711639739944,3.1151752134946262,3.1151752134946262,True,49.65729681742174,7.314519950460347,0.0761288039013019,0.0010392931242383695,0.00042441182533529227,-0.0025657670507041857,-1,,0
1245,0.6025211450970085,0.015256282267140339,0.052992227993043095,0.1321966887432547,0.08555382180494707,0.11147983409460628,25.689419856655256,38.3544831376325,2.7116039893374584,2.7116039893374584,True,36.30385241315042,7.288863515421503,0.1279585422056498,0.0009411308098013698,0.0004033169784958506,-0.002493509792777269,-1,,0
1246,0.032513385325631985,0.03832452507168524,0.17675836295022418,0.43760532633965904,0.015498078735681717,0.2993003215771179,28.2209136563988,36.96577203572538,3.397965747373849,3.397965747373849,True,59.347059894346316,7.340764962578055,0.3906523011588411,0.0016452474860943868,0.0063147472765623805,-0.001774348971358906,-1,,0
1247,0.44208254838068317,0.11013963173619772,0.2940320406458336,0.02859237246340869,0.07231666200100278,0.052836744772874054,26.199816691706964,33.591599354234354,3.586234095117577,3.586234095117577,True,41.17690303274488,7.193472464802262,0.07543817255235255,0.0005647410302113128,-1.5070618400143457e-05,-0.004404678255105636,-1,,0
1248,0.23777163312110605,0.16614146827233445,0.1324761995331702,0.45628940283805147,0.0024043920656785923,0.004916904169659162,38.680002071221125,33.52585392456281,3.8293597919111573,3.8293597919111573,True,64.47933484691991,7.40510161306855,0.10021494763068178,0.002872019142503336,0.000942451309150488,-0.0018500110504457545,-1,,0
1249,0.14851511698261274,0.16807397473193633,0.06511560964023355,0.2788423571708027,0.22494245617509573,0.11451048529931904,32.30369406042134,37.89129183946556,3.437878899466312,3.437878899466312,True,54.97267815012218,7.343335095619477,0.10665453895623274,0.001611617534493342,0.0007602950272999768,-0.0022777333828371596,-1,,0
1250,0.3634670822398579,0.1618913467539523,0.03795162746138984,0.029588051315086593,0.2148369658474899,0.19226492638222362,36.88588856027641,18.30548688375679,6.326172479915407,6.326172479915407,True,65.0164315192882,7.25512014267691,0.09817205146452826,0.0016771873407682627,-0.0001256601027275522,-0.0040931728483464104,-1,,0
1251,0.203431396297754,0.026448389736759084,0.04947233819396105,0.46389263029641703,0.010904646249186613,0.2458505992259221,36.2627108717022,45.2762886855571,2.5462013985349254,2.5462013985349254,True,48.66263570721542,7.450490229831962,0.2339738452775909,0.003598064974783034,0.006141300165458744,-0.0009363179782014824,-1,,0
1252,0.09798996392358879,0.4057127387453694,0.11322464741538969,0.052985103101958864,0.2162233199192537,0.11386422689443951,38.336665713809,28.871660295753884,4.989172036785712,4.989172036785712,True,63.091950659749884,7.263062655233584,0.05366856708297103,0.0014105585987609424,7.977965958638293e-05,-0.004969629932735814,-1,,0
1253,0.3426607104840522,0.03755040153772609,0.024628383893030424,0.2752523732228553,0.21077667990175927,0.10913145096057673,44.73251835049929,18.899290085149598,6.112867413728948,6.112867413728948,True,80.80666105581427,7.407994851636948,0.10894800884183634,0.004459778441609333,0.00033301553147995866,-0.0023712229851376256,-1,,0
1254,0.2735679403066367,0.01866333874908884,0.30502929143149754,0.28840181597199765,0.10694402511999596,0.007393588420783376,41.29751885370745,16.745795272199146,7.679317902024581,7.679317902024581,True,92.21388117294964,7.296056185952063,0.08323691394360014,0.0022421366764811016,-0.00010284089706081205,-0.0035200544216676074,-1,,0
1255,0.20919331394933255,0.23900554949296035,0.0423149513993642,0.2866144102422597,0.16347383040582222,0.05939794451026097,30.67202299211148,26.73109276913467,4.855568959839192,4.855568959839192,True,66.6167956588774,7.270446627837833,0.11331857001466,0.001134907144365681,-4.53087668363797e-05,-0.00335050407699729,-1,,0
1256,0.10153261284238776,0.26055926470316615,0.1514013773660406,0.31664797981430837,0.03825902675262624,0.13159973852147092,31.488113282832103,41.934032510394445,3.23276597971938,3.23276597971938,True,53.49498266274605,7.333781365302135,0.10056921492001734,0.0014800669223188755,0.0006485053311939663,-0.0022359924265105604,-1,,0
1257,0.23321770570503514,0.04352160097501028,0.13515388780113388,0.2562861094150656,0.11248615506711498,0.21933454103664013,44.15386816030846,45.01177934603394,2.640243705285801,2.640243705285801,True,45.81788580886252,7.490490168203699,0.10139089420854804,0.0055503032329402915,0.0019456005243947648,-0.001253328463097506,-1,,0
1258,0.15823505147166844,0.24624601725426218,0.05129370832841097,0.26486373995621243,0.2583893597215695,0.02097212326787657,28.07155733895513,41.06754705397161,3.3222013341643395,3.3222013341643395,True,51.72658285375493,7.28561271323519,0.08375866642851688,0.0008624423089507799,0.0002115083857766759,-0.0028036445440783432,-1,,0
1259,0.027683999348404282,0.18485619060660513,0.5820055331731654,0.17715062632052972,0.023432892617538933,0.004870757933756365,27.95893826609423,46.535244262484056,3.4872190921650383,3.4872190921650383,True,51.98192931456708,7.199481172728331,0.049618172085671305,0.00039137283769463086,-2.954411403135599e-05,-0.004654572510147309,-1,,0
1260,0.4106280102455361,0.10969412464457726,0.16971197795103635,0.15363712277963054,0.1169317914228567,0.03939697295636292,35.35757151337157,23.45524352226827,5.093033510945312,5.093033510945312,True,60.6340716365189,7.273339796354014,0.08229192418884981,0.0014303198862570066,-1.1398045346461358e-05,-0.003881024445770427,-1,,0
1261,0.3363276198908961,0.028315777152037428,0.05094984484515814,0.048168678719930705,0.3448049963652977,0.19143308302667975,29.958939833217695,46.56080253125248,2.4769962673806374,2.4769962673806374,True,36.66407351086662,7.337117970764163,0.09486334776688186,0.0013741959878020764,0.0007907874298090253,-0.0022048110319891653,-1,,0
1262,0.025481470011693506,0.32445232101123345,0.005634835089442441,0.4166747229872351,0.0812458017314413,0.14651084916895418,40.94524384544455,48.79174831002878,2.815262058487898,2.815262058487898,True,53.66166104400285,7.467120217565703,0.10071701819934459,0.004084061707803684,0.002020338344445839,-0.0010569992491346292,-1,,0
1263,0.007176145479232078,0.10146304770921041,0.37618101059260906,0.19195398156340146,0.03903896562784818,0.28418684902769875,27.01523042242746,33.68714974022678,4.065098588501372,4.065098588501372,True,58.25322223627932,7.249474134253521,0.13890378389553099,0.0009639884602496973,-0.00012998237910876283,-0.0033315210810767426,-1,,0
1264,0.6356608830147137,0.18142738732162705,0.06528011741820873,0.06444070823821614,0.05317651260616392,1.4391401070540337e-05,30.143009480615532,31.717668230896297,3.451809492971827,3.451809492971827,True,40.02379358293904,7.255294299093372,0.07462226741841829,0.0009338635756256797,0.00012980258137701978,-0.0037036358911818274,-1,,0
1265,0.3574956482886124,0.17566954886908526,0.07457814945196692,0.016975890432769005,0.10943717420853726,0.26584358874902936,31.409097711269105,21.3386220097343,5.335588399417583,5.335588399417583,True,55.77963857261106,7.230708258649074,0.1258237491000257,0.0011918204335628405,-0.00023584720707508448,-0.004106277061374549,-1,,0
1266,0.30534349498457103,0.08964034161183539,0.044283957046911696,0.4744377733174511,0.07861677290928167,0.007677660129949103,36.476906040491954,17.332726474781612,6.9721186474838195,6.9721186474838195,True,94.70358215591821,7.330181663406,0.1715200364913882,0.0022049525970712454,2.814906500518296e-05,-0.002354911359628181,-1,,0
1267,0.2956361270383143,0.003291613439831936,0.2295989932083337,0.06928516652651844,0.14311232714174477,0.25907577264525666,34.38266873944234,36.032490601761396,3.2349699128478506,3.2349699128478506,True,45.398979118679094,7.345022579800205,0.10238716337428119,0.002004259080796012,0.0006892554881361725,-0.0026248970015748177,-1,,0
1268,0.1884912309035514,0.49775771916033734,0.21730220261028957,0.03937953205220932,0.0037767509151867503,0.05329256435842552,27.563641463656083,47.22377083507616,3.0684425606850017,3.0684425606850017,True,40.89485331387372,7.196620453104907,0.04904983720059361,0.0004577042371894086,3.339871145399484e-05,-0.004580412791200641,-1,,0
1269,0.36136960910273913,0.07344997595854014,0.01466133575834356,0.31090089933116016,0.1120423333526952,0.12757584649652182,35.1144939890825,42.78111887537369,2.65712640444051,2.65712640444051,True,44.73828839762588,7.407942077376962,0.125221812200626,0.0025486504431399644,0.0017432909996010356,-0.0014911274393058865,-1,,0
1270,0.1254112850391986,0.04201351886593543,0.3861996150064997,0.20835906493722584,0.1815896568030157,0.0564268593481247,38.07810861242127,38.40003764890182,3.6520756552610165,3.6520756552610165,True,56.76880589735226,7.352998975898613,0.059422041120392156,0.0019282266855301323,0.0003596449872878205,-0.002955978623484646,-1,,0
1271,0.7268031898350834,0.027647615441532415,0.04246600517464224,0.07651966530140696,0.10462712209280604,0.021936402154529123,39.32261881985676,45.0039958824589,2.2692439365507755,2.2692439365507755,True,32.158675665810065,7.410967418188301,0.06372613651106339,0.002838709843800555,0.0007428668686370025,-0.0021280723839203096,-1,,0
1272,0.1568412557086741,0.03623857334077373,0.2923753487873923,0.343036725494099,0.12983908596287788,0.041669010706183035,37.27210870093848,21.128686068855586,6.3593780202911026,6.3593780202911026,True,86.76966199344807,7.303094333515565,0.09963467141520614,0.0019185379303805039,1.854611742819678e-05,-0.0032920918137344128,-1,,0
1273,0.23912166645240454,0.11670287610012302,0.09778863660716688,0.4216246507864152,0.1233902827070705,0.0013718873468199823,26.990192857309143,34.25002477800566,3.7226951927310283,3.7226951927310283,True,58.95328876203719,7.295007441302773,0.14223287322499986,0.0009816252333280145,0.000301131976644782,-0.002374187771465525,-1,,0
1274,0.3252744394939051,0.11860481226876025,0.4089307705928371,0.11706456181282497,0.007813599433427198,0.022311816398245424,26.327056075411623,19.651738067581206,6.639346490758523,6.639346490758523,True,62.9322734767867,7.08065656068992,0.10762625049471544,0.00038304554565002233,-7.479636421774656e-05,-0.006159701612306854,-1,,0
1275,0.11311985889943843,0.0035463519286553138,0.7014217698662208,0.0672358158716626,0.09402818648199124,0.020648016952031625,26.214143692038235,31.955503560262684,4.780263429648223,4.780263429648223,True,56.1863311626654,7.0961509638532725,0.06421814467833961,0.0002692705107418864,-5.064878239037636e-05,-0.00690199108148862,-1,,0
1276,0.1965350093537482,0.3550211808054812,0.1309066594052713,0.13275564908089096,0.1802373453149657,0.004544156039642641,28.206762498857362,34.41629277733893,4.085746287082286,4.085746287082286,True,52.99555273112346,7.200153318718665,0.06512174699356053,0.0005489547123697483,-3.256472556824314e-05,-0.0046892133715213625,-1,,0
1277,0.5466702761900569,0.16018068264794103,0.02227081722331209,0.07537510438238121,0.10237831049809336,0.09312480905821541,40.817302617265355,42.87522883087449,2.5514119573755822,2.5514119573755822,True,36.65450330053669,7.41535091087188,0.06503358090945296,0.0031757942552942007,0.0007182706985080949,-0.00224609792028611,-1,,0
1278,0.17194068920834218,0.39040599463969267,0.16962924518583491,0.052544886928034946,0.03304512211381354,0.1824340619242817,31.19087016275255,31.95818130777984,4.210829098519401,4.210829098519401,True,52.200207024138514,7.224826512200725,0.07204102478776654,0.0009385139305773252,-3.719339935439938e-05,-0.0045622230966038185,-1,,0
1279,0.23500209538670644,0.025741873451316254,0.05461019667943848,0.32657383091350833,0.002065996698933627,0.3560060068700968,36.26021520172718,28.915487286166663,3.8286672527161363,3.8286672527161363,True,60.490151472853775,7.40334377583513,0.3075682353050951,0.003361042046581642,0.005061150578574935,-0.0017472992647360422,-1,,0
1280,0.20834852996666567,0.149048063882063,0.30698175228462604,0.09179597988402485,0.00010814645279968268,0.24371752752982082,41.584422824062386,33.763839478047515,3.729444356813589,3.729444356813589,True,52.708806264282146,7.379472443653387,0.07368280075118191,0.0032373344148779143,0.0004717433523215576,-0.002923857129637392,-1,,0
1281,0.11574628200016729,0.1666575010150164,0.19968465040060582,0.06288402679786419,0.1946832438045399,0.2603442959818064,29.89709494387432,39.827000026411994,3.2717485180272923,3.2717485180272923,True,46.61626892365814,7.289809057401325,0.09370278418092376,0.0011918898858383807,0.00032849151538902164,-0.003052314884241813,-1,,0
1282,0.24269015448437345,0.3416189986183764,0.21448385596051062,0.11804325952245683,0.06327127774419575,0.019892453670087025,26.68961791354144,40.97671337795133,3.357684631793453,3.357684631793453,True,44.936058380065575,7.206582859869484,0.061983882520814444,0.0005164541680842775,-2.7057518260939012e-05,-0.004225643142696731,-1,,0
1283,0.30797898242792027,0.38612099338651346,0.008575567039105034,0.13281974924933437,0.02668536919669774,0.137819338700429,26.590111261847404,40.033453337458496,3.082654258607356,3.082654258607356,True,42.26657852014845,7.2568460077940875,0.09256406904946485,0.0008210454348357042,5.734344332170613e-05,-0.0031398455340569315,-1,,0
1284,0.11780200302306273,0.01777438599843126,0.25503579254355485,0.5133629092275359,0.03678698652896667,0.05923792267844858,30.858718130076745,45.57207403068854,2.9059022016991265,2.9059022016991265,True,54.719757301201085,7.373163586949614,0.14023031966928282,0.0016911824303111613,0.001761301379211829,-0.0013324601274306788,-1,,0
1285,0.3740043401893629,0.04743769054400623,0.1928737186612951,0.11551108451006066,0.09318306754040591,0.1769900985548692,40.24146042060352,37.927609788708644,3.0399807451140997,3.0399807451140997,True,44.66902558752679,7.4052558719956,0.08032934146774523,0.0032134856886330623,0.0007831089330964974,-0.0022970034917610543,-1,,0
1286,0.6813516922553798,0.10507313669383199,0.003926564586729588,0.1719535511356512,0.02136234723121422,0.016332708097193074,30.57212105266902,38.35778076086471,2.7085264825770343,2.7085264825770343,True,37.0738957121237,7.323968402465556,0.09250968912820978,0.0013387392803452627,0.00045329568365307235,-0.0024530657092390663,-1,,0
1287,0.2115104908255899,0.012897185803361185,0.3611586778000336,0.15116159442035088,0.031143972439687154,0.23212807871097746,32.865002688013334,39.693306194157856,3.1234273919464175,3.1234273919464175,True,46.8787674821612,7.333106398355701,0.09909250622703013,0.0017188820496042033,0.0005988389104170348,-0.0025276762648895365,-1,,0
1288,0.21875451123770331,0.0287659330021611,0.4813812547272222,0.17255431993280737,0.06873870572334302,0.029805275376762953,34.48485162850773,32.82922424480985,4.16285324109154,4.16285324109154,True,57.17988779645329,7.27096659918698,0.06039620342462154,0.0011548337185550745,6.845961406818763e-05,-0.0040518564757859934,-1,,0
1289,0.4437557398360691,0.22981319028378502,0.006465279315786559,0.03187473040547146,0.025023065992951003,0.2630679941659369,31.283097761566847,15.651570683484021,6.974921448828731,6.974921448828731,True,62.029476345698875,7.191909389874197,0.16069238724557697,0.0010659068914601528,-0.0004213419202864935,-0.004024929328892531,-1,,0
1290,0.3963213375079752,0.08348518204905764,0.03859304791132069,0.30944324044642363,0.11985664885122077,0.05230054323400207,30.33867297875457,44.38721204967948,2.60086783147167,2.60086783147167,True,42.56550690097557,7.354360674158346,0.11251459280582612,0.0014965169224783483,0.0009510257732660793,-0.0017850779567369444,-1,,0
1291,0.3066671135641291,0.08053489031854946,0.17232197597482413,0.07038090066299013,0.15036441479384877,0.21973070468565828,37.04833924306821,25.11954692788935,4.698333612445153,4.698333612445153,True,57.79292733571599,7.313288169437727,0.09545795851081679,0.002090893010069682,0.0001472153028129672,-0.0034661843384522265,-1,,0
1292,0.6749650554517518,0.04905984402798527,0.06251543141735309,0.08445226154967442,0.10545598158579578,0.02355142596743956,30.077821758447712,19.20412616229357,5.456785232880025,5.456785232880025,True,52.44072408686408,7.216423624596942,0.1190968961302479,0.0008844013610585181,-1.2762977394575289e-05,-0.003959777231237873,-1,,0
1293,0.33477565175255847,0.17564145363619893,0.10200719884542118,0.055555718933537154,0.04659642420049246,0.2854235526317919,44.70729124336444,38.24394329571041,2.9856129018813022,2.9856129018813022,True,43.47298249624117,7.449414047833128,0.08139892393985022,0.005003004858016595,0.0009898535727450853,-0.002146250558049782,-1,,0
1294,0.4191714720950197,0.06683274985494832,0.024013522699211174,0.05101206934427035,0.3162085340003905,0.12276165200616002,28.686200041797147,35.42165171892313,3.214215728558181,3.214215728558181,True,41.74050304251676,7.285368847239142,0.09734550564114346,0.0010392394206602804,0.00028582711398585466,-0.0030592243212605075,-1,,0
1295,0.0477279210319074,0.14148551315334293,0.1334405728075153,0.40491639210122626,0.25684168017977366,0.015587920726234423,32.59438652963331,46.971215347162435,3.037990518257929,3.037990518257929,True,55.40943517463489,7.369247380355805,0.08556567447444004,0.0015524241730469693,0.0008948871650263175,-0.0017113477310992358,-1,,0
1296,0.6425405937149546,0.07840732024623129,0.054793582486028336,0.04717727756304598,0.06341930832281475,0.11366191766692495,40.29448438283516,27.8953629121648,3.7187032132817297,3.7187032132817297,True,44.928450388683245,7.367787073109991,0.07768273066794075,0.002794779176428618,0.00036029201118903924,-0.003000533552066847,-1,,0
1297,0.5192246008582023,0.002668441930986953,0.3501926911184906,0.03491378454179381,0.036657230405141815,0.05634325114538473,39.99029955076541,49.016172953048866,2.3446171697368596,2.3446171697368596,True,33.63190834670437,7.389026103633114,0.049734059972422556,0.0025097576769111934,0.0005037716296507854,-0.002545126635031632,-1,,0
1298,0.19822608563253666,0.30733666985813296,0.3083108594270436,0.13388908653915657,0.04988484033013182,0.0023524582129984557,34.21961649402941,35.701035515541335,4.013291249307801,4.013291249307801,True,54.117438376515445,7.246408144281834,0.04979849612744232,0.0008806883355382679,7.279948356919068e-05,-0.0046383002946779345,-1,,0
1299,0.4585121687786194,0.24748230340651953,0.1625767917922393,0.08507046377495499,0.026878879144572647,0.019479393103093986,43.3732923012259,19.94698648144693,6.040934065758341,6.040934065758341,True,64.71071020776267,7.289521606685958,0.05728374577518175,0.002165429725163621,-1.4859714551453802e-06,-0.004506545139784196,-1,,0
1300,0.5397674700251787,0.07373754248128943,0.03570855305394966,0.2368591398216912,0.10539774198356448,0.00852955263432653,37.96896341175293,41.31352620223137,2.669209591862052,2.669209591862052,True,41.36268413832378,7.406774813047631,0.07913169671515669,0.0026489175846985433,0.0008151212301815577,-0.0019354591139241486,-1,,0
1301,0.36935841301433664,0.36565827714987464,0.04527739729615124,0.04529471211458506,0.08420407417666179,0.09020712624839071,37.292124385048524,29.82139216610172,4.134713598135708,4.134713598135708,True,50.27791604288767,7.290630500877473,0.060450555910350534,0.0015968876844009439,0.00013314395441173314,-0.004098812677536289,-1,,0
1302,0.4111022147879351,0.06733699105927679,0.09417555764345292,0.09345731118034763,0.12015000497604855,0.21377792035293888,37.34694199851372,16.066548351177783,6.909016667190874,6.909016667190874,True,70.81115519435839,7.272035629549474,0.12465228555488334,0.0019445485231756776,-0.0002697363654905689,-0.003462035823834787,-1,,0
1303,0.11027971876782243,0.02372304413731456,0.32625143952664526,0.19552833053509738,0.04530871423500524,0.2989087527981152,29.31141420660437,20.79597375825368,6.068819416735962,6.068819416735962,True,73.05921930678997,7.221684730118534,0.19242426869060583,0.0011297522842494282,-0.0010290561742857618,-0.0037666473852438383,-1,,0
1304,0.16899196884815312,0.005764492034092159,0.06406464332725796,0.039316053703589135,6.505472797853104e-05,0.7217977873589291,36.955586812600764,27.67604294980282,3.728860815783887,3.728860815783887,True,51.90698506175216,7.3943349498215705,0.44124163632023367,0.0038955419420752565,0.008712277896732047,-0.00224890719540972,-1,,0
1305,0.21225728689583614,0.19110605769527939,0.027736552042310157,0.5283255293182898,0.012475229291921018,0.028099344756363588,29.88951684971679,45.3123732857832,2.7916086542424314,2.7916086542424314,True,51.80116904103126,7.368650436529261,0.1488384832208686,0.0015787331835529384,0.0017469245079708051,-0.0013137640636634855,-1,,0
1306,0.34019579220731655,0.007210661326059677,0.4461288385845759,0.15654989563947494,0.020098456782895485,0.02981635545967753,32.47843680586447,27.841268769195647,4.562847457500212,4.562847457500212,True,56.52698664882934,7.237685359208478,0.072713123970297,0.0009894490708052513,-4.105515042746578e-05,-0.004313749807671741,-1,,0
1307,0.1032640356468278,0.2879626445539136,0.07177818179008467,0.10767136748945307,0.29074609935277906,0.13857767116694175,33.194021530979896,17.277718211070106,7.9628375428763185,7.9628375428763185,True,82.72970182404754,7.152589875841382,0.0978885150288112,0.0008942411572864272,-0.00025814699622253454,-0.0054181201440629025,-1,,0
1308,0.42093614216284914,0.16164164835191094,0.022779530681976176,0.3107609659677724,0.030769049295562373,0.05311266353992887,39.63254030860467,27.938330490754318,4.114733751061269,4.114733751061269,True,60.02980875811739,7.391605109211776,0.10131899173337898,0.0030112648889516684,0.0005850656880178765,-0.002302648107347867,-1,,0
1309,0.31153998589869514,0.09586496988458802,0.35931019844945733,0.02600005904030567,0.13832641558753436,0.0689583711394195,25.32514219785437,48.560548094391876,2.656509897110591,2.656509897110591,True,35.95025010171738,7.225501561702725,0.06127436433740078,0.0005444614533132967,5.0128183224357776e-05,-0.003542516107373678,-1,,0
1310,0.06407953347936497,0.004010436601008234,0.27172246441737924,0.037839752394940404,0.31884632715923794,0.30350148594806925,41.315272231908274,38.94237416367213,3.3436493099791478,3.3436493099791478,True,50.86230927268979,7.412212194487363,0.08144281641418906,0.003560298495654777,0.0009672885989846928,-0.002383394600146726,-1,,0
1311,0.3326891425155855,0.3072607669473717,0.022725298592608335,0.26547698604907244,0.053480162914404564,0.018367642980957596,42.38183741037058,46.27229014422201,2.6966902240720896,2.6966902240720896,True,44.51375746437954,7.441069730456279,0.06130195354699519,0.003481169147618732,0.0007397616116589467,-0.0018878627764038318,-1,,0
1312,0.09282027383657068,0.7002588321454011,0.038844679170043014,0.1387829412168962,0.005301923545951778,0.02399135008513733,31.749794127688773,34.43834713666794,4.495516527028184,4.495516527028184,True,58.56608148508779,7.187806344130085,0.05183677701263014,0.0005681939653251645,7.796861753147279e-07,-0.005635749664770177,-1,,0
1313,0.10103334174421263,0.005617158192606291,0.15607471471012097,0.3743989012973993,0.086587023600808,0.27628886045485285,37.17615618411188,20.69198675242388,5.912558567771384,5.912558567771384,True,86.3162972165829,7.3619376030289985,0.2577454055871396,0.00305845689242941,0.0016086609369509567,-0.002174347504118266,-1,,0
1314,0.06303138586132113,0.34512514653776627,0.14117402178087107,0.3191857261917087,0.011413667869885133,0.12007005175844752,38.18628391832905,41.236759641231195,3.4167936217477264,3.4167936217477264,True,57.680995055763795,7.387680603307588,0.07790454653405687,0.0025155880752599836,0.0007559772660490465,-0.002152360056737297,-1,,0
1315,0.39362468159462416,0.045673125317608226,0.057860656662898094,0.3675133466494194,0.06458948685575608,0.07073870291969414,40.21905959034008,22.651015087398974,5.02519319659833,5.02519319659833,True,72.13409784340969,7.39514166217758,0.13192609682524964,0.003362070810117066,0.0006449831586499682,-0.0021534913972945653,-1,,0
1316,0.06984734022432632,0.10940240373932512,0.20047070915363038,0.4022200778275844,0.17516188832556423,0.04289758072956942,29.105197009304042,28.144567138184875,4.968244382307908,4.968244382307908,True,75.14813973406028,7.274119385772719,0.13265672602377748,0.0010554263699784976,6.900523794351127e-05,-0.0030119140551031266,-1,,0
1317,0.28179773835794164,0.04352617753807521,0.35635570463194344,0.04606567715878611,0.2406947444258479,0.03155995788740567,35.936269204810216,46.76348511874223,2.8189399919520786,2.8189399919520786,True,40.913358257076425,7.327672046072572,0.0463392126891693,0.001374360064289122,0.00029394154010677163,-0.0031959525834221454,-1,,0
1318,0.11331628090257088,0.7072117465556288,0.09311898805587619,0.03494120835902232,0.050758368738965665,0.0006534073879360672,42.49646308548108,46.64233325207311,3.3978269718090455,3.3978269718090455,True,47.93379139641138,7.322139893629466,0.031054042907579422,0.0011962951070005254,0.00019737109075055015,-0.004733991914886465,-1,,0
1319,0.15186691558779875,0.1769997894462523,0.05504595558131656,0.1144542263783911,0.11304880247769926,0.38858431052854214,42.00524770271959,48.58324817745245,2.4422596523395637,2.4422596523395637,True,40.96052105119931,7.468955278823418,0.11283570068594143,0.004940250061165737,0.0023363953473097654,-0.0013617186997358784,-1,,0
1320,0.11457546064677454,0.3128239559922853,0.1193118844609332,0.16431021287775396,0.1803574842568776,0.10862100176537552,26.671240642969565,25.611045670893727,5.428116519576736,5.428116519576736,True,65.23190094928283,7.167740859416393,0.10460387806048012,0.0005866963496609788,-0.00037034366929385127,-0.004954727013589016,-1,,0
1321,0.3361337351525351,0.03733850586575491,0.16998551949729918,0.06494397203057721,0.38607332334643124,0.005524944107402435,30.153741825459946,16.797623654442692,7.489553283045612,7.489553283045612,True,69.47755440209149,7.124549859917582,0.10440109642706745,0.0005680408892243024,3.648528460404815e-06,-0.005446103109282028,-1,,0
1322,0.5663341053271523,0.061640175475855,0.23667038534217377,0.008790446404855939,0.10688976376725061,0.019675123682712393,44.06407549017297,17.8167835364249,6.371089392935529,6.371089392935529,True,61.414051255887856,7.281983768744076,0.05813831748918704,0.002176444508311515,1.224905061965722e-05,-0.004512360419060946,-1,,0
1323,0.015801754781215926,0.14258304980091643,0.15163288048705467,0.13579725372689486,0.41467395557415276,0.13951110562976538,44.187585446304624,40.433553612848286,3.528665468014999,3.528665468014999,True,56.767178839785934,7.438679324945711,0.05943478748977843,0.0037349201018595313,0.0007302245205575254,-0.0023761368250327566,-1,,0
1324,0.24013571158986893,0.007187298826540307,0.11887488728768725,0.12357406909761232,0.2595225134840872,0.2507055197142042,37.81891344250447,37.04075840357513,3.1832343733313397,3.1832343733313397,True,48.421771714403846,7.40080122715929,0.10918685718821738,0.0029600846368727325,0.0012744074369594777,-0.0020835369227752217,-1,,0
1325,0.20074698131140253,0.03762057542151819,0.14073700794855482,0.44222111367679046,0.09463770564258112,0.08403661599915287,31.62948647318248,35.857081522331285,3.481063388543485,3.481063388543485,True,59.25433858408633,7.361865164835835,0.16240866350401473,0.0017996584256407065,0.0015864825813507533,-0.0017515538657450443,-1,,0
1326,0.18901445556030871,0.21212863487691536,0.18527124143905055,0.006044731531994149,0.1783266952509516,0.22921424134077956,28.733842365625307,47.50821730143918,2.7010397340181083,2.7010397340181083,True,38.397878699381565,7.283449499603372,0.07477581695179882,0.0010008159598033526,0.00029298045286787203,-0.0029525456713385837,-1,,0
1327,0.292740154746732,0.18172152957041612,0.006864358827828978,0.33524081155450725,0.02806413102977262,0.15536901427074298,31.03586679921187,20.207460491741685,5.8151487170537814,5.8151487170537814,True,74.74482719257071,7.278594598371674,0.21515310466805598,0.0014396968346682027,-0.0005067593008924523,-0.002855321374811922,-1,,0
1328,0.500602639803448,0.018930702744681328,0.11610474677872491,0.0640203507361039,0.07612370809527608,0.22421785184176576,39.22325596388315,36.25794872264727,2.927562950300331,2.927562950300331,True,40.803596340476254,7.4026121544179935,0.09340381892018387,0.00318929639155037,0.000949922172456269,-0.002255536819156397,-1,,0
1329,0.08773796210645676,0.3028010757146026,0.09661325856734018,0.19665834126744952,0.1916990303752441,0.12449033196890705,34.025978366866106,35.29784938763145,3.9365300068299165,3.9365300068299165,True,58.525768491269694,7.312296822343653,0.07756097013676592,0.00148794601954616,0.00029859030895337655,-0.003158797972673047,-1,,0
1330,0.43680428599618093,0.027991507483011293,0.17998067647917917,0.17450695640407968,0.11857278546269287,0.062143788174856225,28.18986143521712,36.9331322960782,3.1289721897993457,3.1289721897993457,True,43.38124124401236,7.285554020205577,0.09855830910632042,0.0009981092406305,0.00019933585333728126,-0.002839084578318582,-1,,0
1331,0.4135405280003893,0.40162691623224933,0.09324293912509396,0.022422302992674267,0.01571832365977927,0.0534489899898137,30.412213903903876,20.91343906705829,5.928928149281998,5.928928149281998,True,54.91912090309417,7.128712591996606,0.08054975838709279,0.0005846775029698994,6.318731942019353e-05,-0.005943071387758146,-1,,0
1332,0.13599083625415523,0.19989243718081562,0.4460203271817424,0.12548764515256575,0.015980159845094606,0.07662859438562646,28.24359869887569,23.295085401446585,6.197607585634413,6.197607585634413,True,67.35842100516187,7.101728136275408,0.08374307192623091,0.0004538137331192001,-0.00018535445456044364,-0.006557769698427356,-1,,0
1333,0.20694697140099702,0.16682117327237714,0.11330610564148424,0.27392625561871414,0.06169497625525207,0.17730451781117534,31.625021206226563,28.16716046809077,4.398910545848654,4.398910545848654,True,62.51577651943435,7.305409910042099,0.1451863311365421,0.0015403336315479785,0.0002799766249592297,-0.0028064287808671133,-1,,0
1334,0.4181922778952395,0.14838691385994163,0.26392317224357875,0.015203221186886192,0.1531044350532687,0.0011899797610853357,28.80839009332699,17.720301446350653,7.044577706973332,7.044577706973332,True,59.08170959289871,7.074711899567896,0.09608215701808465,0.00040778402439186056,0.00023937426349471833,-0.0063820451028706315,-1,,0
1335,0.3388649767326577,0.0723437561328039,0.13304967493606784,0.11404586144018944,0.25414322369632963,0.08755250706195157,38.777940159776705,47.757885034503865,2.531806306538942,2.531806306538942,True,39.60710398175638,7.405813351713557,0.06302191616760883,0.0025828355653079666,0.0007299965441724758,-0.0020967016182215606,-1,,0
1336,0.21906211724145422,0.20498835173403843,0.22734665163944107,0.16819568989888456,0.0672496141697813,0.1131575753164004,33.535912433287564,46.04421252602707,2.837082513929116,2.837082513929116,True,44.02258403825812,7.334161185556326,0.06767940953893851,0.0015099073929833583,0.00041679309319587733,-0.0025784323742366515,-1,,0
1337,0.2948411521374349,0.055316169735107903,0.11271735081185968,0.12689734452340312,0.10920855838875926,0.3010194244034351,39.4273775502768,40.44086291925986,2.8007367077253895,2.8007367077253895,True,43.65369952397271,7.428075396538574,0.11395184085791281,0.003691999651353106,0.0016853716264130247,-0.0017720075175765952,-1,,0
1338,0.029323369268451246,0.10213907891766341,0.06075299583903882,0.13387177462861818,0.4545024685388467,0.21941031280738166,40.53814109913661,25.06154931186327,5.346965128355135,5.346965128355135,True,74.42176303331237,7.361538260208595,0.09631363014286279,0.0029995332708838245,0.0005202975625573097,-0.003065636660751595,-1,,0
1339,0.2272281517318715,0.06954773326130656,0.2055787583847719,0.21567731363027268,0.21173211773264622,0.07023592525913117,31.066752653643974,16.920956853731877,7.608850989630388,7.608850989630388,True,82.34467639305865,7.181061446973847,0.1275746981714979,0.0008781611583092197,-0.00043789238955028255,-0.004371031758273405,-1,,0
1340,0.06274944344636221,0.13410630844255253,0.1899904621796196,0.3560585603585269,0.0887500377851268,0.1683451877878119,41.54016029215999,35.5797774196211,3.762895736001429,3.762895736001429,True,64.47131743556906,7.437849962565488,0.10785358559023009,0.0040671871242862765,0.0015315745102496446,-0.0016948475933666897,-1,,0
1341,0.10066535236324332,0.07626755295517597,0.14244997072971144,0.39778552962034947,0.24407398625479748,0.03875760807672255,39.70160888523734,38.468684796871855,3.5315817312808946,3.5315817312808946,True,62.43500223453556,7.430189598895922,0.0910498228598855,0.003156398211260691,0.0012548167265444502,-0.0016254896623362212,-1,,0
1342,0.4880165749745453,0.17094451493791982,0.047560779799785034,0.2201956416217244,0.0016243660647095556,0.07165812260131581,42.16868970146365,17.351682794244333,6.460624772499146,6.460624772499146,True,74.21328381588134,7.337987281647687,0.09353609763222306,0.0028973243769699333,-7.46895601776699e-05,-0.0030461396303290886,-1,,0
1343,0.14041392996896235,0.09088919091925968,0.09508848440241044,0.15059306923703544,0.0659337316096902,0.4570815938626418,25.01649233669371,33.94113956173065,3.391075934002168,3.391075934002168,True,48.36588612514212,7.283557467765737,0.3668493782426825,0.0011473380526193866,0.0020593495504212206,-0.0024338122361515636,-1,,0
1344,0.0978448552100173,0.07266129672127596,0.6180941313228883,0.11661959857003354,0.08057694548736358,0.014203172688421271,28.722775082084777,23.269972498368915,6.593663909876358,6.593663909876358,True,71.01456031259326,7.059402789185466,0.07416963981298619,0.00031606205174899716,-3.9850133299309145e-05,-0.007835446274893586,-1,,0
1345,0.3245491867562393,0.09132805955199032,0.14308480734900814,0.3878082732528253,0.049412643403698595,0.003817029686238403,43.32052509664888,22.48410997414785,5.451702011291035,5.451702011291035,True,78.88085947539102,7.4030946205565735,0.09360873226034537,0.0037629487535747923,0.00038618259526979726,-0.0023757968144434106,-1,,0
1346,0.2182547077767319,0.147880326788875,0.5241183460425232,0.07588050212327961,0.006927137319985952,0.02693897994860449,44.6446139494717,48.574680333215994,2.92410083582787,2.92410083582787,True,43.74524913187488,7.394405545994171,0.036083876175432794,0.0024800830693108653,0.0002955109764740354,-0.0033537502455464993,-1,,0
1347,0.11230470753322405,0.030447434517046016,0.11720991594567545,0.7359446945632604,0.0015617112221206302,0.002531536218673281,27.851425646542275,38.596972115847635,3.3740718699428998,3.3740718699428998,True,66.46040890550105,7.363155992960369,0.32919882381955273,0.001518149660839251,0.006043640916654938,-0.0011989852017446055,-1,,0
1348,0.18983860444341555,0.2958939898855628,0.2501984741723027,0.22284111464140471,0.027385878889407946,0.013841937967906323,37.01609778254138,37.625882924206145,3.724164974920032,3.724164974920032,True,55.540519091991335,7.320845473916404,0.05448590971890766,0.0015352838833199668,0.0001986584018347578,-0.0034140168535298325,-1,,0
1349,0.4233463792459386,0.12184465621593803,0.2272218419819906,0.17141390901828588,0.04933484034038647,0.006838373197460214,26.923820000289496,17.542403145382323,6.900121336478078,6.900121336478078,True,65.9377132975109,7.128767170491722,0.1346916367483738,0.0005171601936090976,-0.0002398015221505769,-0.004863497811541867,-1,,0
1350,0.34983701688470686,0.11761672314174178,0.0023046110678390332,0.06422019349617103,0.05358431859777751,0.4124371368117639,26.53277322901763,34.16536820868285,3.1107904367206975,3.1107904367206975,True,41.27546973230454,7.299011138801444,0.24140135149471273,0.0012521833465081907,0.0013759432337871324,-0.0024794720037255545,-1,,0
1351,0.21077732830195245,0.24325513320216355,0.16263682212121316,0.01341926099854448,0.07623656280576314,0.29367489257036317,44.731821516981825,36.87938150631766,3.3523295423251853,3.3523295423251853,True,47.38682360174733,7.422229119698536,0.06923492809318425,0.004406965112441237,0.000651276529879083,-0.0026781340086995497,-1,,0
1352,0.09083521116279415,0.24477409289715882,0.2629161793086092,0.028694682111579668,0.3643148865787127,0.008464947941145584,39.215230700438596,49.38340166173124,3.08183897475392,3.08183897475392,True,46.21897214418221,7.33819885281507,0.035233008993305365,0.0012296226381609129,0.0002557327625811757,-0.003688323149257005,-1,,0
1353,0.02212098163932246,0.032632230699528406,0.649221833873889,0.16657574472561543,0.07485499650672947,0.05459421255491522,42.34011201713195,24.58713161515185,6.366180315379733,6.366180315379733,True,82.93071560103832,7.256257597606071,0.04839162193652892,0.0016166926717475255,1.570464580110044e-05,-0.005569591933761416,-1,,0
1354,0.6759943905618369,0.10268156059159524,0.13097888048618064,0.01708357988016184,0.004030598337514265,0.06923099014271121,25.087272430294306,30.289367102432823,3.474587131092877,3.474587131092877,True,36.70494067505374,7.209488164141936,0.09923873817176661,0.0006335085747275372,3.876801178903753e-05,-0.003871643995594957,-1,,0
1355,0.11393505135145,0.13934578888324017,0.33909017179955686,0.3184534540506327,0.08545976645613626,0.00371576745898411,43.74030001752527,20.293227487799328,7.086172780302154,7.086172780302154,True,95.12244404061182,7.324981984497853,0.06502882563829226,0.002647807272898856,4.450974857705492e-05,-0.00376046929907001,-1,,0
1356,0.28890405480756487,0.11447434584001437,0.3016177477824592,0.07750448447262681,0.013553115857581555,0.20394625123975324,34.8302634610568,16.95107551129563,7.211100018762838,7.211100018762838,True,71.25789731897768,7.193274048571142,0.10358445522793491,0.0012362641963129918,-0.0002904722919674977,-0.004648131440774088,-1,,0
1357,0.03428320550113389,0.02967511138038129,0.0331712274023636,0.05124283683700189,0.8233597454692115,0.028267873409907635,39.540218119227106,44.56297882968596,3.252879655375474,3.252879655375474,True,51.55331292580887,7.3962005129182415,0.047385832097510114,0.0019332757846832111,0.0005243328249691716,-0.002658056505763845,-1,,0
1358,0.31176673471069627,0.18055082343165405,0.021174833241842123,0.034665312712575884,0.356169622715093,0.09567267318813864,27.86597678504982,21.53274271241875,5.727877348853021,5.727877348853021,True,58.36639410332629,7.1638908036480675,0.10755459062624373,0.0006244707696776474,-0.00014035868285591375,-0.005035642826195276,-1,,0
1359,0.059291193212342476,0.0652712799111447,0.05290373744410806,0.554995325704391,0.0525769052014644,0.21496155852654936,36.068627397739675,37.9968868055059,3.2865681931785145,3.2865681931785145,True,63.25281011806635,7.4390680660936255,0.3027782354602183,0.00352047160646668,0.008367280010724747,-0.0011146496746762052,-1,,0
1360,0.07044245833930189,0.078570117454287,0.053405664396139405,0.14729373052007333,0.24763262375547765,0.4026554055347208,37.95754961770141,25.522141892089905,4.735659695546803,4.735659695546803,True,67.18686901876494,7.3754033520913085,0.19020513250985566,0.0032830706259969907,0.0016580120791455679,-0.0024137489211097695,-1,,0
1361,0.03959926006351566,0.42448427789127596,0.3599271879880565,0.005477330533909774,0.036250022028152515,0.13426192149508961,28.086074374453688,47.27178478211933,3.284422559022116,3.284422559022116,True,44.45554045606269,7.188776138428449,0.04885049508088832,0.0004588122836275286,1.578527472979373e-05,-0.004952459364307591,-1,,0
1362,0.08246324291723188,0.0185583640410956,0.06300195483893595,0.42453767591817787,0.35830154954825744,0.05313721273630128,40.23015495639794,46.90956383300669,2.8412060812105313,2.8412060812105313,True,54.566045662944454,7.472415321353778,0.10016864867850052,0.0037638946331153104,0.0020669879922297326,-0.0009763752825227293,-1,,0
1363,0.07543376604626824,0.08520313043258736,0.15670384452408143,0.2019381326976277,0.3571107647780716,0.12361036152136366,43.333605689987344,35.975704684309626,3.7943165295052665,3.7943165295052665,True,60.76997443680961,7.433159443357982,0.0718090996948365,0.0038076652121051277,0.0008266920801234856,-0.00225640037724081,-1,,0
1364,0.005897518971363576,0.12729619167848116,0.05923712971129779,0.6552438717415138,0.10663105548946128,0.04569423240788247,43.5647729622433,26.668164123298528,5.170239885912915,5.170239885912915,True,95.54088373614832,7.481102450591471,0.18514372868890788,0.0056975875891563535,0.004018759188410722,-0.0010403383705459713,-1,,0
1365,0.06537081815036361,0.02201035178106717,0.03626554590115033,0.5344515271292059,0.16586768301593546,0.17603407402227772,32.034047817005266,38.05083228437431,3.3041174348239384,3.3041174348239384,True,62.193776641448345,7.399374159683721,0.31549490824772664,0.0023571402213939793,0.007381023181851295,-0.0013070883697816815,-1,,0
1366,0.23075767962598476,0.3300161838617731,0.01612308843806036,0.23447789748681408,0.10271145874697302,0.08591369184039462,40.8129761320099,33.60853097378499,3.8346743942099226,3.8346743942099226,True,57.810296977393065,7.390318594940728,0.07298461390009987,0.002930327274121164,0.0005165900228187393,-0.002595327340696811,-1,,0
1367,0.3590519868989239,0.23590179169225375,0.05665864857869189,0.15416729174603283,0.08150828495798039,0.11271199612611744,27.928723491139593,39.91606408592701,2.9926090055601264,2.9926090055601264,True,42.171513857436025,7.283678292942189,0.0950856762583934,0.0009858899337209564,0.0002201023221274442,-0.0028205739874213633,-1,,0
1368,0.3531635519912965,0.24806623123255078,0.0397647810174174,0.08406346840748805,0.008743563318486332,0.26619840403276096,30.611772410654986,23.224022165639116,4.9021534894161105,4.9021534894161105,True,55.26610820246234,7.248388384797511,0.1404276978803314,0.0012346140276706977,-0.0002684755609107455,-0.0037069386418572174,-1,,0
1369,0.12880704306086896,0.16060380755514228,0.16520137956161263,0.26900389589105766,0.011846139954280258,0.2645377339770382,30.484910704362058,42.47480612750343,2.9525357635395992,2.9525357635395992,True,48.60659581993731,7.346005454280816,0.15035064948960172,0.0016775762722967661,0.0014461349660735172,-0.001909856449469648,-1,,0
1370,0.04916789411425917,0.05680847067843051,0.26811467959694435,0.3104513471105366,0.14409104869478984,0.17136655980503956,40.19852795188181,37.82208121650566,3.580505182215228,3.580505182215228,True,61.056554608413876,7.422628954642237,0.09876875195317666,0.003470421084019075,0.0013198640699964934,-0.0018212382372269592,-1,,0
1371,0.2516678235573049,0.1861435318809022,0.03921858657256618,0.2020289947487315,0.0014610582163926873,0.31948000502410256,27.780101570245307,42.31335638825128,2.7138061644239344,2.7138061644239344,True,42.20718279308903,7.329589578812667,0.18995223781853235,0.001415216231199703,0.0017246007468163845,-0.001938101221096139,-1,,0
1372,0.09643278809956947,0.08421448042907516,0.01298440788092342,0.45985978111701475,0.004523733411234795,0.3419848090621826,37.96187860563033,29.340465640147244,4.00590369979852,4.00590369979852,True,69.47903857349435,7.430858221898564,0.4039078449222067,0.004213417102414697,0.010078601881284392,-0.0015691639249772148,-1,,0
1373,0.43000770973873104,0.21977424952101154,0.031240289530089015,0.15657912229603846,0.03411827154502817,0.12828035736910187,33.7870012371245,14.484926538895554,7.875936903297022,7.875936903297022,True,75.20097662049274,7.208650329318261,0.1387923560059775,0.001210433764131696,-0.0003883877454755062,-0.0037097387201674523,-1,,0
1374,0.06190062464112631,0.2345107645580356,0.09269883523603908,0.5592643785064332,0.0026246404508123654,0.049000756607553354,44.08216558140015,21.394587617755604,6.441839889012831,6.441839889012831,True,103.96683407705117,7.430364337209506,0.13235572591966144,0.004836664947959879,0.001294720965026764,-0.001773281537421752,-1,,0
1375,0.15313645683508936,0.01912410096585714,0.10099255162804795,0.10863963119337067,0.04219193590066976,0.5759153234769651,32.104086471920155,22.883224251841444,4.770097914404909,4.770097914404909,True,61.226753007427114,7.311930337361103,0.4425749241794483,0.002162401831622344,0.002222798534559646,-0.0026188196278402885,-1,,0
1376,0.3113528112324629,0.1793216444314663,0.031719837876308915,0.42082277570183424,0.020469395958978266,0.036313534798949255,42.965008903562875,32.518636453395544,3.724121858550185,3.724121858550185,True,61.88577697231369,7.4534306139274005,0.10098523635691417,0.004422051607850772,0.001188499319036771,-0.00162999910424194,-1,,0
1377,0.5940802835769791,0.05233919065331215,0.029593375972718966,0.06383715933395465,0.16988859525207126,0.09026139521096395,43.38319797866623,21.996996233115823,4.819809337683058,4.819809337683058,True,55.38725605177932,7.372027078696051,0.07635071427279404,0.0032997919811480056,0.000159415298861402,-0.0031727060261266013,-1,,0
1378,0.367906961534363,0.08427821453256037,0.1918335996753112,0.16749308067076724,0.00653847744246241,0.18194966614453587,27.29669348863898,32.24873810896698,3.576033133145166,3.576033133145166,True,47.35744853293137,7.268079279072348,0.13545737765865803,0.001008102269334983,1.6922877539064474e-05,-0.0030213099367134917,-1,,0
1379,0.15130438309151803,0.3738292030352901,0.03308481866160307,0.38592543216781,0.005330441851965753,0.05052572119181303,31.91073983580035,42.076273339629935,3.2185095536098967,3.2185095536098967,True,54.34927350552983,7.340877188365078,0.09363925937574251,0.0014782353082120126,0.000599562211008426,-0.0021266027676340696,-1,,0
1380,0.1217999799420461,0.14152722545509472,0.5473388586957826,0.1613882707607238,0.006649579174353637,0.02129608597199934,42.58846817823317,28.902940436282872,5.179930669800269,5.179930669800269,True,69.6746536913624,7.293636433024938,0.044637902538456904,0.0017395768655404395,7.301742967425255e-05,-0.004970826631549802,-1,,0
1381,0.19306655398141498,0.38820609359601294,0.03482906634518415,0.003224906835543999,0.13004364810718155,0.2506297311346623,44.42718048171017,32.120520253776235,3.97155779082654,3.97155779082654,True,52.77476979583845,7.388172316570599,0.06258965102760992,0.003714060280325468,0.00037223534337763633,-0.003317208296130493,-1,,0
1382,0.4035040720178005,0.050679099432506876,0.11058069468650197,0.3728437131821367,0.013073672640016114,0.04931874804103786,30.41840786772625,29.559020613770983,3.887953864455365,3.887953864455365,True,57.44350508780381,7.320941236425942,0.15541044697081752,0.0014404606266819134,0.00043548056372701084,-0.0023457294988840937,-1,,0
1383,0.10485944970065,0.1849331330582656,0.018600340191966845,0.08262100298164207,0.09434996131705548,0.5146361127504199,25.74620584805855,42.1600464105227,2.7454432702622764,2.7454432702622764,True,41.24988819454966,7.3125287783134505,0.29089260743774553,0.0013009638769090196,0.003265237401812733,-0.0021011409570660107,-1,,0
1384,0.1915767481001261,0.29025790555047754,0.06979700536182266,0.34807606767712085,0.081938989931832,0.018353283378620806,27.02870101708842,22.349939540120197,5.990972893625191,5.990972893625191,True,76.11650980537776,7.2008057230473534,0.13996942236623197,0.0007110587318095333,-0.0006196244085447212,-0.003956323864963779,-1,,0
1385,0.021959976032897444,0.2945426370895339,0.49339648252643065,0.13256030050353756,0.027255129034599906,0.030285474813000514,26.586337983628965,37.84465430452052,4.295903095513654,4.295903095513654,True,56.90022272406849,7.134536956041219,0.057936688383557915,0.00029730730789749815,-9.929307517462168e-05,-0.0060822416909042856,-1,,0
1386,0.6040347246715427,0.09183574434806217,0.05104837087482047,0.13291443278224388,0.021551069575034523,0.09861565774829616,26.435541861215373,29.08331464989506,3.620298343380323,3.620298343380323,True,43.024775434239736,7.25442475680668,0.13381029145204917,0.0008744506189327409,-2.1923943846706592e-05,-0.003188429478583075,-1,,0
1387,0.6795495646853654,0.02601559654257503,0.06881178659089604,0.027175112467349008,0.08060974839159105,0.11783819132222349,31.773912668415008,19.123176318256657,5.317762045004161,5.317762045004161,True,50.346480994256204,7.2389514706827764,0.12163411746551825,0.0011371657108218021,1.1908400906132145e-05,-0.0038069591117890836,-1,,0
1388,0.12540419229594818,0.2795212926711155,0.05087158756815713,0.1476754757742539,0.011278901396662322,0.385248550293863,28.77557795727331,40.536451749303176,2.9984442889928453,2.9984442889928453,True,45.46284324246891,7.320977948664744,0.17560159683533047,0.0014859403666940781,0.001369517947791402,-0.002226785665126481,-1,,0
1389,0.3854925545592422,0.046664311363123,0.24482013172904765,0.013943301128572031,0.16391430796871131,0.14516539325130381,44.19362438348254,33.79050013900415,3.4933014612724556,3.4933014612724556,True,46.5004683561313,7.401481050236283,0.05893129924156265,0.003580840860276501,0.00040174621670961117,-0.0030548004766369,-1,,0
1390,0.28739380865437847,0.21066153796543402,0.005215732468600806,0.48957502785465007,1.266106857262318e-07,0.00715376644625094,37.83320810726514,38.397055125703275,3.2078849647642587,3.2078849647642587,True,56.88934608275019,7.424577287883729,0.11380032988952057,0.0029943990441754125,0.0014879439049818022,-0.0014069295069821179,-1,,0
1391,0.15017525415690433,0.11022783436895606,0.2058708158906269,0.31782454228208745,0.06148038282917688,0.1544211704722482,39.08237780709162,42.79244432742753,3.0095076637072737,3.0095076637072737,True,52.16129441806004,7.425083487889666,0.0974358062286135,0.0032550527795115777,0.001367205597409235,-0.001611763845336843,-1,,0
1392,0.0902193589839757,0.15544039823621986,0.2240337400316885,0.2941464997187022,0.10794454887146221,0.12821545415795138,34.66937302695395,31.334343500588044,4.348946623508138,4.348946623508138,True,66.31074194367947,7.328052234746769,0.10002015935426274,0.0018048777801363818,0.0004231723746937548,-0.002813679463578519,-1,,0
1393,0.4546005305283682,0.046073234013581085,0.3039152753352152,0.026058942885044806,0.002199311754994449,0.16715270548279634,28.814543146454362,35.54923651589523,3.2032199353450665,3.2032199353450665,True,39.406645727449714,7.257578171007773,0.08626158033241134,0.000977941287331699,0.00011116776631272108,-0.0034765704934622372,-1,,0
1394,0.344433628026271,0.08645409781795688,0.36206206959891585,0.14339326650569503,0.04940575138519671,0.014251186665964716,37.56953260409836,26.842196519828484,4.759558545762552,4.759558545762552,True,59.38385446672988,7.277820428514816,0.060751658736483596,0.0014739408058189703,4.821166434470123e-05,-0.00426873896713581,-1,,0
1395,0.019082320368486054,0.08364765830567032,0.16166738333583194,0.5464610668193808,0.054077605337003835,0.13506396583362704,26.803439529789824,27.334956658376335,4.918034462799309,4.918034462799309,True,80.19447014286149,7.290893022163205,0.3629175949188258,0.0012026032454018028,0.001783925071906588,-0.002214662672649562,-1,,0
1396,0.31096881894837736,0.09504667973616795,0.06358779157510516,0.1315917898939394,0.29354291948825306,0.10526200035815712,32.05489743716587,38.81836611423799,3.113251287845588,3.113251287845588,True,45.28525513902527,7.328562310047505,0.08656570441185378,0.0014376229807397548,0.0004894808144785964,-0.0026321816317788644,-1,,0
1397,0.12915502681072064,0.15696378909040462,0.09093627728110054,0.2405138834408924,0.017070933223283367,0.36536009015359855,36.58053216398103,29.662630693479958,4.033754867749508,4.033754867749508,True,61.24949086550256,7.381675781823422,0.19765711069663885,0.0030624743126548806,0.0021612717103453383,-0.0020900705891077134,-1,,0
1398,0.1818570365024755,0.23741189554515948,0.06778744282920023,0.01606221781345632,0.39043494736714907,0.10644645994255929,34.739641646099905,48.65187549041676,2.7515612150434094,2.7515612150434094,True,40.84171234167958,7.337037479739604,0.052338836044688766,0.0014156656581790902,0.0003980720321056884,-0.0028734512701266025,-1,,0
1399,0.4146932159110283,0.251954815996057,0.07045359397617162,0.06912178302081909,0.08970095598711227,0.10407563510881168,40.12588443406901,29.87918241840511,3.9530788615344887,3.9530788615344887,True,50.20920650403565,7.3443142038565865,0.06477087560331207,0.002384901111700031,0.00024042796161816163,-0.0034382453922268416,-1,,0
1400,0.3352256863719714,0.19298957971138406,0.18888557599939199,0.060670867407926876,0.028766026705955693,0.19346226380336984,43.85018526639613,22.766958870693188,5.256164400370313,5.256164400370313,True,62.144938609492336,7.343975908890388,0.07001291531831497,0.0032303735900657106,6.577622718992458e-05,-0.0037162320944135936,-1,,0
1401,0.05292312468275702,0.6825663155893099,0.04321669378534722,0.061704119812659185,0.1478239196798375,0.011765826450089101,30.118781637614873,49.976357015506856,3.2287696770632386,3.2287696770632386,True,45.89127464544202,7.213396805102889,0.04078924159208006,0.000394589718911946,8.044699797202767e-05,-0.004794238484888654,-1,,0
1402,0.08779161782239822,0.22889917225507173,0.38994053258022987,0.10796229147583167,0.17316821168526395,0.012238174181204629,43.66776713689861,47.476261600907115,3.2270943777997534,3.2270943777997534,True,50.055332597698545,7.386311200591566,0.035607454635215294,0.0020491220693217367,0.00028300644283097326,-0.0034255757234224523,-1,,0
1403,0.27117175569820484,0.10722683655650465,0.20179846009717117,0.14051700429645894,0.08518314453691038,0.19410279881474993,35.9210813349616,34.66555725583803,3.4986439433172762,3.4986439433172762,True,50.17734493174862,7.348693116336012,0.09155003120128292,0.0021291895106204436,0.0005343660590366142,-0.002706976647261863,-1,,0
1404,0.2396804459754165,0.29205488118378997,0.16216939040852013,0.0807561687504547,0.06513892306875346,0.16020019061306523,26.711152820367865,22.448924368168953,5.721664443243664,5.721664443243664,True,59.49593010311852,7.140884852257916,0.11337865661841043,0.0005776807107720866,-0.00036907574422633465,-0.005302520987864056,-1,,0
1405,0.25625179266011344,0.25478360697887226,0.14384003206725318,0.2245646625414427,0.03660149812313027,0.083958407629188,25.24931319675764,27.36142463025264,4.685531687636281,4.685531687636281,True,58.33679937237975,7.196571085556622,0.1239196332985283,0.0006238070548858665,-0.000488431659090264,-0.004064806119765769,-1,,0
1406,0.3362004618428227,0.10634784436556562,0.41443586536535953,0.08826487881631197,0.01850221149604845,0.03624873811389156,39.15361820160153,42.05395725687756,3.07354841540909,3.07354841540909,True,43.62851655351232,7.342806517354851,0.046853027945995974,0.0018593285366236083,0.00027087494537772456,-0.0033513321994801037,-1,,0
1407,0.0782883279040871,0.05955644552974775,0.4330039104189221,0.16720837236797184,0.1859434307473943,0.07599951303187683,37.08614607597843,43.8749681245565,3.307718031485071,3.307718031485071,True,52.28163188506909,7.344220920015965,0.05296756643979905,0.0016500846643399112,0.0003397214938022319,-0.002994348469514497,-1,,0
1408,0.15455646282305557,0.032289835029083426,0.2110227682882493,0.09983863035983784,0.13715480670660332,0.36513749679317054,33.130044075342205,43.950883402419066,2.725849058847365,2.725849058847365,True,42.7815658924244,7.370353844639693,0.13283941657042372,0.0021698660340326316,0.0016521485124080127,-0.0019405144432187121,-1,,0
1409,0.18535436680895298,0.19264474655405897,0.013152898598608515,0.18958579437146522,0.006263688660777061,0.41299850500613733,35.12946620996759,18.92144511993181,6.045281566321196,6.045281566321196,True,74.41573987785283,7.308864767626089,0.2537813088359181,0.002362836713433941,-0.00017796723642374846,-0.002767553136712707,-1,,0
1410,0.15433653572881165,0.006711156826553996,0.22859911852261286,0.37015658280247066,0.026678919488884182,0.21351768663066667,43.88291293320932,20.99883495348466,5.870139456665689,5.870139456665689,True,86.72416029557814,7.419944994130171,0.14746314988899076,0.0049893171211157095,0.0010503545880003885,-0.0020189540498466575,-1,,0
1411,0.16173690790741022,0.014548438650002089,0.6975730025285998,0.03271176279271637,0.08954819850511202,0.0038816896161597628,25.524029683755863,19.70696171820108,7.623877566005059,7.623877566005059,True,66.07565325553072,6.937753645280128,0.09847386389878823,0.0001506730375801168,0.00039595873365420284,-0.009952743436629455,-1,,0
1412,0.18143053077487437,0.15504875836687027,0.030253786088328516,0.5675095338793317,0.0025143099394839656,0.0632430809511113,32.33375122514855,24.053987331570564,5.2205100884873525,5.2205100884873525,True,83.2939636738674,7.342395250423129,0.26228978657340957,0.0019338422791409017,0.0016769196326145974,-0.001963643327120414,-1,,0
1413,0.42844627680773295,0.1826987118451989,0.037033607356246466,0.06787427155701266,0.2287589294908682,0.05518820294294081,35.49335018887143,45.32507528143694,2.602820825421769,2.602820825421769,True,37.56481969347004,7.355772935598928,0.05995538835931961,0.0017568762959272108,0.0004800560085560713,-0.002576729480537676,-1,,0
1414,0.18175974181702065,0.04247157005487,0.1864956842836924,0.4560553156981657,0.11403589611746986,0.019181792028781394,30.84676454219398,30.830824318366755,4.222546271536377,4.222546271536377,True,68.0677303784798,7.326097909422307,0.14339765496599977,0.0014404438460656984,0.0006528086652627905,-0.0022578384197789255,-1,,0
1415,0.45499693782024636,0.006364823386745833,0.26423488655245553,0.005661917404329528,0.21151361809763886,0.057227816738583945,31.802779073769585,42.870922374928014,2.745900393141589,2.745900393141589,True,36.46676654644029,7.295943742347069,0.059163531591747365,0.0011248639778711881,0.0002745826724679957,-0.0031938094928904274,-1,,0
1416,0.14149663152139325,0.056773371164563116,0.0571899302149263,0.5514721110525811,0.17519014821396828,0.017877807832568104,35.05990506475204,36.87550343061967,3.5146916079591284,3.5146916079591284,True,65.15441317488572,7.413299852554882,0.15761325809846835,0.0025468950213951578,0.0025543584007034323,-0.0012532782607233225,-1,,0
1417,0.3316571751701382,0.5510440328340981,0.004813330217728887,0.06750462002420993,0.016564767145648605,0.02841607460817624,40.91050402181533,33.584994116212656,3.9130147526972183,3.9130147526972183,True,50.09307376315564,7.316103890502504,0.04559636337036177,0.0018220507310264555,0.00016461963937325686,-0.004252811458632219,-1,,0
1418,0.2437585020901277,0.04364318775634773,0.26716162914821023,0.07438145169086019,0.24987328556783048,0.12118194374662365,40.47699522638001,25.70840234243695,4.963941922594828,4.963941922594828,True,62.55622270019161,7.320617423897858,0.06627615546852939,0.002245368213033412,0.00013180955107607625,-0.0038955703646312316,-1,,0
1419,0.13386504134671082,0.38464185060695133,0.11826895793692604,0.08311837736499053,0.060028943350954524,0.22007682939346668,25.774452024579922,23.157746019059708,5.77165246851376,5.77165246851376,True,61.654412880292476,7.132583739532686,0.12278257293418471,0.0005594447489835764,-0.0005733635136690784,-0.005426390105787192,-1,,0
1420,0.45958611495337365,0.05681675708977144,0.06425534553894025,0.12094348005366821,0.24717852414815775,0.05121977821608867,34.90982682537364,24.252699346277574,4.71028129338386,4.71028129338386,True,56.46402545882365,7.294123565070137,0.09007420016919053,0.0015320673731232487,8.660943239486145e-05,-0.0035310807290019276,-1,,0
1421,0.07708840355024604,0.014451703541522531,0.23612558228636024,0.5514900767653397,0.09636797422515199,0.024476259631379543,36.21198950132784,29.224365939711507,4.670268681541347,4.670268681541347,True,81.08545392838474,7.387838116284783,0.14948520648980287,0.002551088360482823,0.0016704997095820526,-0.0017392489316609037,-1,,0
1422,0.19392216227489006,0.09230255856573584,0.2645597702703033,0.2986240149258034,0.012739861731196194,0.13785163223207111,38.55885603727881,36.67848654253625,3.4796874308385592,3.4796874308385592,True,56.330671074904025,7.395076264320436,0.09434556220509571,0.0028648078290620517,0.0008913105280721265,-0.00209049359853237,-1,,0
1423,0.2056137284109328,0.1911310982484386,0.2296312736561791,0.12480019010369242,0.18915139983074342,0.059672309750013836,31.361282942173588,23.848578214443663,5.667083963437786,5.667083963437786,True,65.55905101284226,7.187995907545609,0.07966458605732706,0.0007771619071953486,-0.00011831764440309951,-0.005144758710342433,-1,,0
1424,0.13752914254743284,0.2339681756537807,0.25611218022163,0.06459362205299231,0.004234139560123118,0.303562739964041,36.70295643282607,33.857298715633675,3.7997773590830697,3.7997773590830697,True,52.33045862578779,7.327249647741543,0.08510453406302944,0.0021622338780640897,0.0003637867295451115,-0.003225408861439188,-1,,0
1425,0.3109018050556753,0.07338885221131164,0.1406556580760033,0.18750144930228893,0.030576432680915998,0.25697580267380477,31.293998272742662,23.21271543101701,4.917997066585068,4.917997066585068,True,61.41191601754139,7.283162703092496,0.1795765743965714,0.0015044932976712505,-0.00016331794478161783,-0.00308076823352499,-1,,0
1426,0.15202211318151962,0.306384673608199,0.03133062322703625,0.4943532655012312,0.015001159427136021,0.0009081650548779142,38.88090026372294,35.89643291504278,3.7632755035083907,3.7632755035083907,True,66.22912408168987,7.414964586902781,0.09765556987488702,0.0029430667601826046,0.0011173999708287282,-0.001674853641331892,-1,,0
1427,0.3828609462536369,0.14565771391106686,0.330091393676789,0.009711120391916697,0.0031866793496530686,0.12849214641693743,27.701016093595495,27.641675187015736,4.410000146624371,4.410000146624371,True,46.74070221675348,7.171757978807407,0.0834908687887925,0.0006285431299827794,-7.720403255906562e-05,-0.005015517835747795,-1,,0
1428,0.11022824140329346,0.18795502960002997,0.059015123691245466,0.5651915460821995,0.019755617230595532,0.057854441992636,42.10327892968427,16.527126282565746,7.983272558624741,7.983272558624741,True,117.83068728865261,7.388982817285396,0.17021795466747724,0.0039878637587168675,0.0008363337068167145,-0.0018814988076886517,-1,,0
1429,0.24572108188259134,0.1450330879916734,0.2969461366250245,0.05350304556478015,0.11595019242782482,0.1428464555081059,35.14497264923432,26.97345715692046,4.782763938979985,4.782763938979985,True,57.29508370050574,7.250818399903477,0.06985852088331063,0.00130319920171781,9.967400142360892e-06,-0.0045232463337281335,-1,,0
1430,0.06679088491783255,0.13835143388084192,0.08467645979306372,0.42444307961351285,0.2211124554562413,0.0646256863385076,25.202586746829176,46.61587748358528,2.931084015278145,2.931084015278145,True,52.38149229707965,7.313249815320257,0.14037882697675771,0.0009142779502449342,0.0009607841418189832,-0.001761175520620822,-1,,0
1431,0.15796062087968102,0.28376306614288754,0.1225587509809232,0.18069771064718562,0.16414531709577984,0.09087453425354283,34.098504546686115,48.1707310704246,2.8201206918280235,2.8201206918280235,True,45.18373535773242,7.345013302492667,0.06285293086230721,0.0015228762861076292,0.00045725257806482995,-0.0024695634365810566,-1,,0
1432,0.47056591929173286,0.1604465154884011,0.03445694742638658,0.2107543424829793,0.030127144826736948,0.09364913048376322,30.734878019584357,44.6510309366389,2.50645292947109,2.50645292947109,True,38.26981990656464,7.342664572758139,0.09785853139006191,0.0014839109218870818,0.0007078413039296977,-0.0020596191234841248,-1,,0
1433,0.4267089577570638,0.17427665984532545,0.12197956873586319,0.041832408036775265,0.004752091698129446,0.23045031392684298,43.44779147991261,32.27329665483123,3.4687032569102247,3.4687032569102247,True,46.05921085254901,7.407268155654463,0.07542942536542581,0.003975849478409001,0.0005475955353066827,-0.0027215749370557364,-1,,0
1434,0.10769835493814114,0.3461546804521256,0.17046763427606387,0.2722470090956393,0.04418353570857986,0.059248785529450156,29.05355575735435,37.409897284228805,3.811796780182631,3.811796780182631,True,57.08141934253628,7.259817330198477,0.07975667138481747,0.00085805386563834,1.7561573621557375e-05,-0.0034140586886441575,-1,,0
1435,0.07458964733225609,0.06582640553753472,0.07498509769042856,0.7744948730224899,0.004889193377193396,0.005214783040097421,35.979561330589206,47.78118663410503,2.764735739672646,2.764735739672646,True,60.49198721086632,7.464356373695237,0.20965974752343378,0.003331440519256966,0.006061124714005872,-0.00042803229907318675,-1,,0
1436,0.1395364367738327,0.0543060819244406,0.058900266550813915,0.14982281516063387,0.12702433561269594,0.470410063977583,33.785441236209834,20.74054590559288,5.4754216655039905,5.4754216655039905,True,69.70259802605084,7.314456093714871,0.3180413007851175,0.0022856716676756725,0.0006149010725442766,-0.002687919663768815,-1,,0
1437,0.05417072128255813,0.06108400784755221,0.16908098198775026,0.11205751464608048,0.39085875964116157,0.21274801459489742,27.765740029882142,37.94534274746718,3.5341219952036713,3.5341219952036713,True,51.61815419897318,7.278886735955015,0.10838297798777911,0.0009797960343139857,0.0003244397547189909,-0.003028812497976543,-1,,0
1438,0.34507705353362367,0.29005447510593285,0.23742789135434691,0.06750257862313597,0.057929841897572776,0.0020081594853876773,39.80890709556253,47.07721450238667,2.7855295741729567,2.7855295741729567,True,40.02347446673546,7.353989462188848,0.04078831887640876,0.0018150854359535408,0.00029759064393433275,-0.003262472659048034,-1,,0
1439,0.3575095096491291,0.11460562637580868,0.10037867625428551,0.31896566343152344,0.006922912345344156,0.10161761194390903,38.83914196899417,35.91853503583153,3.2491586015691767,3.2491586015691767,True,52.085360428399625,7.413102510359049,0.1050348195160016,0.003150161069306109,0.0011092543559154042,-0.0018399442918492388,-1,,0
1440,0.41875472898116706,0.00534820569472189,0.08918249899983571,0.4055362728974133,0.01863595972499143,0.06254233370187069,26.376548306324914,43.37691008604626,2.587201503762895,2.587201503762895,True,43.41355412859929,7.3330294955994955,0.17432873892036602,0.0011770298437727396,0.001337243941190218,-0.0016117707361318725,-1,,0
1441,0.05987599615920418,0.24144608644722954,0.04424281885366343,0.4666139104781566,0.06859793417828192,0.11922325388346443,35.468476956897845,46.2878949334645,2.9064810733934894,2.9064810733934894,True,55.10659909143085,7.417731757323432,0.12719535795074793,0.0026246295134023886,0.0021897706230092433,-0.0011733768745415378,-1,,0
1442,0.3063344668620374,0.178285388842835,0.09863656709279929,0.25579299678610373,0.160548287198453,0.00040229321777151324,42.55981761985409,42.50031076200663,2.9782884349087677,2.9782884349087677,True,48.43105188330488,7.436174115963165,0.06068879564239167,0.003374452461421231,0.0006687407874967655,-0.002051658414443862,-1,,0
1443,0.20063159136872594,0.17319317517741997,0.18034520122993358,0.29985763549474836,0.09685090609571655,0.04912149063345558,35.317977924888424,20.06842566997729,6.577490063726714,6.577490063726714,True,83.242247162935,7.263014563541346,0.10164979314111265,0.0014834809742008555,-0.00017578082381933472,-0.00372533729573621,-1,,0
1444,0.01707308732122345,0.4202708614785183,0.18568790939295557,0.21056213418912506,0.0009498945629342725,0.16545611305524333,30.990249805492915,19.283218426791514,7.601171743237248,7.601171743237248,True,85.83605471873969,7.140086095395194,0.10504955595603153,0.0007915136233397234,-0.0004895474836883742,-0.005575334436273509,-1,,0
1445,0.15938941263459355,0.1667010266974993,0.004238169801201482,0.48074202902253793,0.1299638798004824,0.05896548204368531,37.40063085423341,41.47146848090035,3.094434925140444,3.094434925140444,True,57.3585543713963,7.434805855578114,0.12595744034662607,0.00307344711157427,0.002142758505613956,-0.0011886993090230835,-1,,0
1446,0.07926177510147187,0.1193533202029105,0.04716512120120731,0.41514176089817406,0.0206658623868706,0.3184121602093655,26.146059090810525,44.01134740621537,2.756051332625012,2.756051332625012,True,49.47275264471351,7.340154234906979,0.40009291902323074,0.0014280375951753346,0.007244219722349769,-0.0015829499049689287,-1,,0
1447,0.3807795740695633,0.09299266764265529,0.24633037358466675,0.2350194140441646,0.009906052165201814,0.03497191849374837,42.215353899092094,23.69076297152091,5.119872433392129,5.119872433392129,True,67.15256614582708,7.355860422875223,0.07299822332893856,0.0028472285579870535,0.00011761669429978614,-0.0032169813756359237,-1,,0
1448,0.029323298382115125,0.14706185071500377,0.18429397893308863,0.38151869358909485,0.02240278325263036,0.2353993951280673,38.18008131940644,26.10452126813798,5.066341728721429,5.066341728721429,True,79.69899876438623,7.379225826163984,0.16836365560513356,0.003184781144884645,0.0015150379937211157,-0.002149328536900937,-1,,0
1449,0.20983481137048685,0.07739982751861324,0.07445503835377652,0.47596272304953313,0.1446932594378025,0.01765434026978765,28.08381764379263,31.146496742524413,4.068772833822699,4.068772833822699,True,65.62831213697493,7.312959583916329,0.1834898600395526,0.0011945766117875142,0.0007614144785054885,-0.0021554554476482107,-1,,0
1450,0.09064787870131163,0.05416190153806307,0.07890198068488626,0.5182149276472197,0.06364642455665924,0.1944268868718603,26.727193490031933,45.13888621583951,2.7609694681756185,2.7609694681756185,True,52.25060490098922,7.355064907671007,0.3290557408722563,0.001454084046242571,0.0061119013861427995,-0.001318966776679496,-1,,0
1451,0.3872173840651504,0.13827049554770438,0.1327815335416837,0.12448926216244294,0.10553178886843902,0.11170953581457953,43.48579518819217,42.864525480456145,2.7486603211452656,2.7486603211452656,True,41.78409110311134,7.440311855162029,0.06367006844799417,0.003933954524196054,0.0007412973769944582,-0.0021513438761918855,-1,,0
1452,0.2372591380880799,0.05033261864258909,0.11565966818494591,0.20456863742998602,0.08554110146992572,0.3066388361844734,36.250562415119575,32.303943645018194,3.5665306986073078,3.5665306986073078,True,53.92413323812593,7.386581918991754,0.16270580037606366,0.0028662706835933614,0.001774485223778427,-0.002043092608965759,-1,,0
1453,0.38874781235707356,0.22513369209951206,0.02383687335606744,0.03001752390247366,0.08820072625535733,0.24406337202951595,44.692147532018595,19.916067593247316,5.671147868036626,5.671147868036626,True,63.367601648989,7.356464568701775,0.08129782250771701,0.003745973732119894,3.659036696652772e-05,-0.00342301714073807,-1,,0
1454,0.4890205445405827,0.0301077339974864,0.008840973036365824,0.21412533249105467,0.09429884696637847,0.16360656896813197,26.51896731810415,32.477636944047106,3.270843778165361,3.270843778165361,True,44.95126836696464,7.298518766466197,0.19118593292581604,0.0011070296404023104,0.0005896476484262778,-0.0024137274172001746,-1,,0
1455,0.08248048090276507,0.4000138624603794,0.1199359749887549,0.14439132185481818,0.031259995751984654,0.22191836404129797,31.575711956202067,22.89355091232177,5.9755392411454045,5.9755392411454045,True,70.70790370548498,7.201717863087103,0.10338025107731472,0.0010426204970960856,-0.00036701885142193685,-0.00474767700139682,-1,,0
1456,0.04865898759628323,0.5231923870725639,0.021468008528851994,0.10704673603939152,0.18035704007815329,0.1192768406847562,25.141707083398963,33.849576381917316,4.36466680171105,4.36466680171105,True,55.58144061635896,7.164734509397768,0.08099437112166287,0.0004536329471158986,-0.00021129191749806684,-0.00505142202307128,-1,,0
1457,0.4116568550877638,0.10964144966375661,0.05837633954416053,0.12190425503000783,0.011449455431282245,0.2869716452430291,30.28067404551228,17.51434192770724,6.16291361244781,6.16291361244781,True,63.64656047480762,7.233694897976362,0.21664266805278873,0.0012255940043301673,-0.000883930719976498,-0.0034146592055429715,-1,,0
1458,0.23736848889269113,0.3499178153253343,0.1372107014104034,0.17184321092019653,0.042095086503404024,0.06156469694797062,25.808638627860073,24.574463059024453,5.424411986789885,5.424411986789885,True,61.24560743995945,7.146652421059648,0.10523407893674754,0.0004993917269446145,-0.00036111327854838546,-0.005139861136603232,-1,,0
1459,0.15132249392050232,0.12147772651697895,0.058404527833392436,0.13913737947494081,0.3486807845625227,0.18097708769166268,42.579377447729144,23.466832303894893,5.439181977259443,5.439181977259443,True,72.70135043406138,7.371533136612848,0.08748133452953721,0.003394048357381696,0.00034546618034399966,-0.0030862347570518927,-1,,0
1460,0.43846327519873735,0.0028149487299195565,0.1112892922186946,0.1990899955016494,0.11866839897792152,0.1296740893730775,38.58148420239188,40.261878536076296,2.7593164447769176,2.7593164447769176,True,43.019391878754554,7.417476473817432,0.09465816763517056,0.0030907055702434185,0.0011435706031729604,-0.0018377772715630623,-1,,0
1461,0.24191741422543694,0.18242656593350243,0.16405329382965125,0.2631115340140042,0.03147116478471496,0.11702002721269027,31.56201618380399,42.86562940048165,2.9375622845893354,2.9375622845893354,True,46.865723779311615,7.336274243614913,0.09513044418722165,0.0014950898800006039,0.0005964043465723455,-0.0022327835848605093,-1,,0
1462,0.5391696341607621,0.07826233941613457,0.07214856853901574,0.04537302903079363,0.03593613557879311,0.22911029327450072,38.83759319333898,32.36968914803806,3.2310617089826064,3.2310617089826064,True,42.273871681744616,7.38335997101894,0.0948261951509485,0.0029573522546214397,0.0007323401839038902,-0.002545428074766642,-1,,0
1463,0.290677467105704,0.3095202798630174,0.006824785040304571,0.19774175233859634,0.007484407002544706,0.18775130864983303,44.81731688212127,41.29135694014238,2.90436091479399,2.90436091479399,True,46.23585116356067,7.4651225842693,0.07941463693975002,0.005043414917522135,0.0010813157213200716,-0.0018126431537264433,-1,,0
1464,0.16030577174314142,0.06993711311825267,0.1617974626090339,0.2596448902559779,0.06567893942580531,0.2826358228477887,43.75130517545894,46.0921281967211,2.626586725795131,2.626586725795131,True,46.43124786067334,7.489730406292495,0.11313577878534808,0.005656403593543271,0.00235761375056327,-0.0011697526953834872,-1,,0
1465,0.38277891819920956,0.2843245621862023,0.05771643654806203,0.23504755704745103,0.021727739948270482,0.018404786070804684,25.408859662855015,41.673891591642956,2.931806269363908,2.931806269363908,True,42.33859187846322,7.2596528510195455,0.09200046253469414,0.0007194185196076436,2.5908228474058103e-05,-0.0028544759829179636,-1,,0
1466,0.13240643770312915,0.2153622594568115,0.43399318234365414,0.06767293207410585,0.015698353386333536,0.13486683503596578,34.02291488022309,41.58232816002623,3.4147868500218848,3.4147868500218848,True,47.9525838497708,7.273533130831457,0.05247833279116007,0.0011204384458036354,0.00013623640073681255,-0.0039827508452058335,-1,,0
1467,0.3881161918510013,0.23462894504014412,0.11211024401816139,0.12929089948337807,0.04800236674298733,0.08785135286432778,25.1343156832677,21.52797204802257,5.57425974975354,5.57425974975354,True,56.93393393534761,7.150196845270435,0.1352771475098199,0.0005321968998511331,-0.0004130997815795338,-0.004727951318478725,-1,,0
1468,0.2465959558676045,0.11938890459308055,0.12360866901866885,0.13098366142129597,0.002347653302125682,0.3770751557972244,40.02647551582604,41.720831544063586,2.725497895623832,2.725497895623832,True,43.29155876282276,7.4374762887780665,0.12671983485541452,0.004143651867161405,0.0021273815340579374,-0.0016393285592046323,-1,,0
1469,0.28215754448582914,0.034311322641204574,0.20547128024616385,0.38390521457946847,0.045483533348094456,0.04867110469923976,37.39429202429248,22.05024757785055,5.584962042666883,5.584962042666883,True,78.82468735188203,7.342544125960778,0.12332515296112496,0.002336213157924926,0.0002311665589799907,-0.0026229935913321513,-1,,0
1470,0.17734182305392973,0.1515934593325575,0.033825335979441505,0.3339594791088134,0.21297878879437182,0.09030111373088619,31.207251825757258,48.6705585456813,2.627258069492989,2.627258069492989,True,46.27526303934446,7.369268069439351,0.1068482408943719,0.00161256356794135,0.0011976082951290115,-0.001579241148561544,-1,,0
1471,0.21017564341107806,0.028165081789810243,0.23274078046684832,0.35976004279111884,0.09551816002052937,0.07364029152061517,33.78424358468409,27.88502200975348,4.564926561636913,4.564926561636913,True,68.48679026276999,7.32916647063386,0.12423932533684477,0.0017734551787411089,0.0004154272500667279,-0.0025994700915797047,-1,,0
1472,0.3096971353465545,0.2124455697711514,0.4043805991920089,0.03035848290277481,0.03761553031470035,0.005502682472809916,36.04665500481399,26.38009347457555,5.146238589735085,5.146238589735085,True,56.56665122111425,7.184832814005982,0.05068987399135019,0.0007955766200199281,8.120926353666721e-05,-0.00618540076456011,-1,,0
1473,0.1278494699572579,0.10735516390729233,0.4322468689422705,0.09661817315992713,0.10403989031398107,0.1318904337192711,36.053431291948286,27.293416910702316,5.115709353184759,5.115709353184759,True,64.37813672555423,7.244925994251571,0.06405240307419256,0.0012866088810356484,-7.477979387493162e-06,-0.004812293142467972,-1,,0
1474,0.16825868505610023,0.012122058447368581,0.09484334882603422,0.36004580068210884,0.2050458607297535,0.1596842462586347,41.53429839204374,46.362040791931356,2.6557850609523155,2.6557850609523155,True,49.21097468203574,7.482406856668469,0.11611097479125226,0.004634330388253264,0.0024842354725595752,-0.0010038725638945977,-1,,0
1475,0.04017549887289175,0.12406158567440065,0.07822895089598739,0.41362935497315545,0.15776625297390523,0.1861383566096596,43.64220519630723,32.57184823317546,4.032566216023221,4.032566216023221,True,70.88749487214697,7.474326488072083,0.14010605802749265,0.005488990274547029,0.0026162911763118577,-0.001335504457775638,-1,,0
1476,0.20038551403107954,0.1049329602888229,0.21523611876910412,0.3159907599515034,0.043776749981725184,0.11967789697776478,33.84297114928991,38.20960235167352,3.330967861340568,3.330967861340568,True,54.02278690783454,7.35788125261166,0.10650549667767682,0.0019157423653043757,0.0008121582410312165,-0.0021346499366060806,-1,,0
1477,0.24891300953058096,0.07726475509858288,0.5100955198342416,0.13903045311325318,0.00660467486307541,0.018091587560265975,41.76647182591813,32.519289682655085,4.217697986343705,4.217697986343705,True,57.644603087878046,7.32642262035437,0.04680466340927964,0.0019806762913946964,0.00014152269390303016,-0.004122928753080518,-1,,0
1478,0.06515403117788092,0.48269691709225404,0.021291021720083493,0.2373921488806939,0.09911529678021157,0.094350584348876,38.99962043644523,39.98917402884992,3.6130461861484275,3.6130461861484275,True,57.54809491329944,7.369498332679651,0.06125163641771612,0.002230798214202171,0.00045666979093925776,-0.0027377542921029306,-1,,0
1479,0.25642240976286246,0.3444065602779173,0.005539614573719358,0.3552488042389324,0.031074007931860957,0.007308603214707682,38.52787553434574,39.84534222917238,3.2518103411272388,3.2518103411272388,True,53.90442345026178,7.397913337715286,0.07508650713185472,0.0025407868172462413,0.0006802005484897991,-0.002045917950701018,-1,,0
1480,0.13656603973252676,0.09945650577466696,0.04571146429812113,0.4083304071945776,0.0829781800557564,0.22695740294435124,29.172906651119966,29.934981880871902,4.07116763294113,4.07116763294113,True,64.86777326933746,7.328301742796165,0.3193888110749121,0.0016086493669679465,0.0028310798145077267,-0.0020489146967205066,-1,,0
1481,0.08160791007440346,0.1996312516796453,0.005967911662721268,0.1723741286578558,0.4717424250803613,0.06867637284501288,42.11925017627364,34.40098033779648,4.049754315903254,4.049754315903254,True,62.384974249914485,7.404636409399012,0.06288358454663182,0.002963104278352093,0.0005764632451470429,-0.002690738805317509,-1,,0
1482,0.15428401452047827,0.07565702133779684,0.02824994904511113,0.115974032026918,0.11369379896739794,0.5121411841022978,27.582726633964064,42.654282903033085,2.6107432914768474,2.6107432914768474,True,40.76368784556643,7.343397467700149,0.3269096194715467,0.0016390153285331672,0.005471677914253393,-0.0018856574631842796,-1,,0
1483,0.18763306060876303,0.03200081240354058,0.005925533180399096,0.22642809829615276,0.18544532582986978,0.36256716968127467,39.3411393288109,40.33198173854548,2.8148565853888745,2.8148565853888745,True,47.93227669059194,7.457712068265377,0.184564225562998,0.0044004357295947165,0.0041698538632320955,-0.0012934747377900352,-1,,0
1484,0.14562503614875724,0.01994537308871597,0.03891056518443922,0.17344357101952573,0.4467468747259126,0.17532857983264935,32.84084923723712,44.16810026779969,2.8454114377899327,2.8454114377899327,True,46.63655305346045,7.375062504860778,0.10644425280809529,0.001857487198223638,0.001272950523487838,-0.0018768603630881255,-1,,0
1485,0.05429288662410277,0.2330239799592189,0.10861434541249175,0.24132408807019454,0.3055236869535891,0.05722101298040308,33.28055164264725,32.82036611782365,4.387269249390031,4.387269249390031,True,65.47368634068539,7.297217722068067,0.07656393297159594,0.0012628335689730368,0.00022619644168061313,-0.0033623891585413852,-1,,0
1486,0.6108500058364463,0.09194487936863671,0.13900745174378443,0.06235277657108884,0.00044609164569972277,0.09539879483434416,25.012846073997473,35.794924587114494,2.9851117654514137,2.9851117654514137,True,35.77376276178372,7.241181865803531,0.10171822554024157,0.0007250235183288131,5.622172389975497e-05,-0.0032522688894377557,-1,,0
1487,0.3979004103301658,0.09485165282220129,0.14819273182263062,0.24062565102245403,0.03196613830253124,0.08646341570001706,39.36351584255873,32.68437461955169,3.562292277289578,3.562292277289578,True,52.61682966593092,7.390320790137125,0.08757986692032753,0.002881908774940729,0.0006115758759532983,-0.002362954134244247,-1,,0
1488,0.423824220668153,0.04290908752420341,0.06075754103372883,0.10528228667037758,0.09297608146629255,0.2742507826372446,34.93117634087232,42.39745894846833,2.5278416756552775,2.5278416756552775,True,38.099100583498064,7.392588961535335,0.12058747313640089,0.002525563217287095,0.0015657164720917398,-0.001844405848409049,-1,,0
1489,0.18904289121157877,0.4173272914571508,0.025818948430748164,0.24725630121789408,0.05737273650944975,0.06318183117317851,38.627454343304834,21.12296158880092,6.383992264962129,6.383992264962129,True,80.18802150764365,7.2791522190127065,0.07831817958593458,0.001816055797047929,-6.30660539269117e-05,-0.004007880160835389,-1,,0
1490,0.3072648631452926,0.4186186838527789,0.030189247942189728,0.13205302680728453,0.02652906437175788,0.0853451138806965,44.181466761599715,38.29068776781363,3.318065397970642,3.318065397970642,True,48.16904059585702,7.410471059633183,0.05409317035212475,0.0034506581171251916,0.00041663474545154515,-0.002830033924628017,-1,,0
1491,0.42051884822284036,0.0022620460159374213,0.17424017737509562,0.1209905826677439,0.13194343694371433,0.15004490877466845,44.758778578248496,48.85045265075473,2.3116889011714044,2.3116889011714044,True,36.8603293526755,7.478619582802936,0.06949633594003529,0.004966920434995744,0.0011202136325289512,-0.0016510514559125683,-1,,0
1492,0.18795152963444917,0.3203347928141886,0.32030962421683457,0.07157167923762754,0.09322356033842624,0.006608813758473713,43.3781944562018,40.214861649012306,3.621578979602431,3.621578979602431,True,51.01557634746002,7.348431011819447,0.036865915140080044,0.0018821222865275555,0.00020627596733028758,-0.004177212235212005,-1,,0
1493,0.1380574007376607,0.029624899724021093,0.4586869792059916,0.04295866298925141,0.007716329754303099,0.322955727588772,37.18858736993935,16.886826547316968,7.560444200405293,7.560444200405293,True,77.0748633957288,7.204128757266996,0.10059251306834953,0.001630620578787519,-0.00037722123557989566,-0.004751799618262488,-1,,0
1494,0.05529609423147709,0.1980606646682435,0.37846757787490143,0.22821264551785372,0.012232246588372363,0.12773077111915182,35.86702834847515,40.61506089577309,3.5575188940099465,3.5575188940099465,True,56.22985866207033,7.332079404015131,0.0656707967015359,0.0017012581583433297,0.0003387306798494671,-0.002951992180203757,-1,,0
1495,0.27561597635878776,0.3698958857835919,0.06800121525702049,0.21073198551763667,0.0011284978487319751,0.07462643923423107,35.41714317411136,44.72956513622631,2.869877380750314,2.869877380750314,True,44.67686999093246,7.35257517525273,0.06595712529457012,0.0017897956730565016,0.0004505570865466297,-0.0024831362596173944,-1,,0
1496,0.4123041384008808,0.05578344049655633,0.277804928046064,0.17111091893112976,0.012192364775927531,0.07080420934944152,27.193117983833965,25.237613921945364,4.693487539144219,4.693487539144219,True,54.45027779208551,7.207880678084408,0.11589089934952157,0.0007355973699207424,-0.00030716180336469505,-0.004042956441922481,-1,,0
1497,0.007598329000810543,0.2267363674160563,0.04180999417753251,0.49698674634177553,0.21526880639762289,0.011599756666202346,35.11928837187315,27.29301183476432,5.300381171408914,5.300381171408914,True,87.3294735021461,7.351505360174376,0.12560475064403867,0.0020010568664786924,0.0009408395415562865,-0.0022758252576766443,-1,,0
1498,0.08518001278064957,0.13800943320014203,0.3730408721838821,0.2876232320564736,0.021583634089289462,0.0945628156895631,41.752345857109745,29.37537036805804,4.8181660424257755,4.8181660424257755,True,72.7532169375467,7.367255065598038,0.07004756285335197,0.002873990236658544,0.00033427428213610996,-0.0030469515975578825,-1,,0
1499,0.16753721676178326,0.03913434210862003,0.03588562813203025,0.5926604617608767,0.14166343791059688,0.023118913326092963,39.10251891998443,41.812938501110054,3.0192342615321817,3.0192342615321817,True,59.67888629290922,7.471967389903199,0.15158623642439256,0.003933275385500195,0.003432393442706782,-0.0007653458982251957,-1,,0
1500,0.021694413554564796,0.06237279199553594,0.19695750279469906,0.03611318262828077,0.5395661593605917,0.14329594966632786,29.56593416914211,33.68707779527123,4.243047516533513,4.243047516533513,True,56.84364299759699,7.23837701125209,0.07500523866944282,0.0007997770044992852,8.598132843161566e-05,-0.0042531564807344125,-1,,0
1501,0.29221610283429794,0.042137347155082536,0.5511686557204123,0.1011994730605525,0.002269415078294609,0.011009006151360022,28.08889286970772,22.14330606377548,6.094047968352749,6.094047968352749,True,61.45367561141757,7.094612630703626,0.08350144586618205,0.00040859739193385144,-3.3745573179678995e-05,-0.006491503966690499,-1,,0
1502,0.2896884396991858,0.3754234000179896,0.1293248148272582,0.05127369919725782,0.1478287410077152,0.0064609052505934916,42.77590988362867,31.76392365929243,4.247403396519823,4.247403396519823,True,54.16949458065444,7.323107276242803,0.04287246545634847,0.0019234754359929893,0.00015633786750916107,-0.0045045913355229745,-1,,0
1503,0.22507182951498167,0.2301724046445889,0.35648882244802405,0.18222275203260352,0.00015082290836355587,0.0058933684514384,42.717773902884005,19.00991216718028,7.323885959658994,7.323885959658994,True,83.58008325717898,7.24340963474502,0.0558067522409336,0.0017051468593099642,-4.8403610684620464e-05,-0.00519712514954713,-1,,0
1504,0.2113432661715123,0.2361486484327942,0.0266743987165938,0.21106711387602384,0.24224540241242834,0.07252117039064719,31.60048686497332,28.838085538272683,4.4996539320277575,4.4996539320277575,True,61.26461807932328,7.277636066244412,0.09531709681170628,0.0011789245481059751,7.260875493029585e-05,-0.0034591020527692854,-1,,0
1505,0.10467250202718556,0.10384688145728843,0.191380592113691,0.27748944204741693,0.09283444911253877,0.22977613324187915,34.60160150389086,49.90591868734802,2.5676971979130827,2.5676971979130827,True,45.55125735190317,7.399849430657819,0.11408189720347527,0.002399976438989606,0.0017233808744181378,-0.0014511102992119137,-1,,0
1506,0.4100161841818095,0.14623611164165054,0.05974604551960621,0.12996727732588986,0.13721907515783985,0.11681530617320401,27.288906379422603,44.07860142406363,2.6160175559383707,2.6160175559383707,True,37.671511929798214,7.296818977119085,0.0961995008286408,0.0009975537322105938,0.000382152960760447,-0.0024883046428027383,-1,,0
1507,0.7278920830655313,0.0884783332415872,0.029519441162791767,0.03767303828328443,0.0027897074200180327,0.11364739682678716,42.273640788437405,32.1279452615115,3.111377229553598,3.111377229553598,True,39.07486001217007,7.405893841312133,0.07272714244032619,0.0035377053161929923,0.0005538612838147088,-0.002634542847946712,-1,,0
1508,0.2081052876581145,0.08839689749584566,0.14177835100394928,0.06805378725469625,0.2509518889210246,0.24271378766636978,31.880743365183076,30.769044171531846,3.9847163401568326,3.9847163401568326,True,52.48218603087904,7.293477610756065,0.10859861038788035,0.0014338822734853273,0.0002587093902585926,-0.0032866441448554393,-1,,0
1509,0.2232003358231886,0.10651624285488169,0.33732081050738294,0.03977953197185908,0.1992436274542185,0.09393945138846926,30.849354096131275,41.96429793759758,3.1828980678351098,3.1828980678351098,True,43.61290577492714,7.263237510872024,0.05802110576148874,0.0008906173577946327,0.00014446210958184594,-0.003732629441223329,-1,,0
1510,0.18320251554297542,0.4059858443653916,0.00965635325519346,0.241942140134882,0.03126116025508644,0.127951986446471,34.9655831742066,47.03368715509802,2.7881679223325118,2.7881679223325118,True,45.77166771885885,7.367683347139388,0.0769283689270704,0.0019420223605707456,0.0006940551600620404,-0.002103693399526771,-1,,0
1511,0.11361506774638985,0.011332243703259165,0.6220216868088217,0.10041836963812027,0.030010996237530656,0.12260163586587847,37.453826887120876,30.572773324587335,4.683798509644318,4.683798509644318,True,61.83620225104221,7.262945191973347,0.05543828097660572,0.0013935208929203484,4.7656255127410754e-05,-0.004731419020124013,-1,,0
1512,0.08669537314795263,0.27413749219837813,0.09118824761462517,0.44904922931971747,0.03486287044280319,0.06406678727652344,39.22138707955305,30.15731857720937,4.564176714275711,4.564176714275711,True,75.75573429524448,7.395187013458121,0.10699370567917582,0.0029935502129511443,0.0009855685759110535,-0.0020529333566861943,-1,,0
1513,0.7059524245279796,0.15364758462444658,0.0015951141807270734,0.013582634630687098,0.013224040945805355,0.11199820109035408,43.09012700838895,17.377838435473652,5.847109906859001,5.847109906859001,True,56.12993816986922,7.324382286559166,0.07790412964194823,0.0027917655196375017,-2.5669987504003176e-06,-0.0035208316664981153,-1,,0
1514,0.04663063581999466,0.5500844078749958,0.27511334086999645,0.09299403353986307,0.022244289538041345,0.012933292357108689,44.46697367491811,42.48762207404768,3.853911758973685,3.853911758973685,True,55.93351441275995,7.338606080765877,0.03240328880991862,0.001521585563188976,0.00017339834462450833,-0.004765333714666195,-1,,0
1515,0.08396246108304403,0.0025518871995243273,0.11298463189544604,0.4576008654752396,0.33771801717114286,0.005182137175603083,42.21466723729739,29.316313294842846,4.641122491396617,4.641122491396617,True,79.73862880995591,7.445673600777835,0.10687424939712137,0.0040215569609505656,0.0014687914166150117,-0.0016484936767428224,-1,,0
1516,0.24676265255930105,0.18657790635665414,0.40905253031788896,0.028780587872075897,0.02955921675445374,0.09926710613962622,41.74403098675195,22.270963343088205,6.0445233321057605,6.0445233321057605,True,66.26346937504273,7.236461692995644,0.052064895894298524,0.0016173226311493787,3.945663633998654e-06,-0.00568341677694024,-1,,0
1517,0.26214404342845016,0.08283010280287435,0.26189798774974565,0.1778478794507033,0.029078572051522,0.18620141451670477,40.238963571283506,15.618006335560906,7.827431116005025,7.827431116005025,True,85.60200798557442,7.2743399781511835,0.10298713526616679,0.0022968072997204777,-0.00026538021879395226,-0.003580029798684152,-1,,0
1518,0.041099525797312686,0.4231229646530175,0.22148782052071608,0.2355937370743705,0.05579619265665861,0.022899759297924472,31.141038319250175,27.829306534389314,5.576399867012143,5.576399867012143,True,73.10439162610348,7.181765345602095,0.06758706906040451,0.0006467117695896741,-0.00012586260931441982,-0.005445460348527937,-1,,0
1519,0.16710110650123483,0.08568715758195829,0.02266966821830017,0.5112616669190493,0.032500661043877874,0.18077973973557956,31.44639436286844,25.480684624967346,4.718489496539984,4.718489496539984,True,75.77624511384941,7.345256218968581,0.3949484995261015,0.0020142836577935874,0.004094678180963779,-0.0019263542892242853,-1,,0
1520,0.358694795662196,0.33389105832845245,0.015571200016076864,0.26483241846585026,0.02696181040315534,4.871712426899037e-05,41.40209489567396,20.267035685686704,6.136298863529808,6.136298863529808,True,76.23051776434795,7.322704063709884,0.07507515539195725,0.0023877284888329147,-8.736990332097967e-06,-0.003494915889975465,-1,,0
1521,0.3941729619048289,0.07089142399513167,0.0630355019888023,0.09995142668604445,0.2868464184472612,0.08510226697793145,40.31478215030121,41.68092971319092,2.8040638995397003,2.8040638995397003,True,41.95521462297184,7.4135297615689195,0.06670998316562238,0.002969515348925277,0.0007233911770037196,-0.0022427443980311515,-1,,0
1522,0.19590839366673277,0.5498543157396184,0.2282570392295893,0.010239814088257524,0.003300738020733384,0.012439699255068694,33.03397551004964,38.89911292669882,3.8346533362576527,3.8346533362576527,True,47.3202503656001,7.186051122738427,0.04161721976048482,0.0005082353054197327,0.00011060664736011097,-0.005973339200577744,-1,,0
1523,0.3640754905099874,0.08682885512457228,0.0014996340399547783,0.23582978136977428,0.07542534519264701,0.23634089376306425,43.302768074901984,42.02851894218107,2.617347730657853,2.617347730657853,True,43.62280092405682,7.484118928881086,0.11554921169404926,0.005417113613194232,0.002171771110552517,-0.0012955517190891119,-1,,0
1524,0.4902555511886777,0.20642881884865547,0.035290071324141165,0.10074534671219461,0.12597397813115976,0.041306233795171364,32.8089302079392,29.368540571202576,3.915688744945187,3.915688744945187,True,47.750221052620155,7.279291061153074,0.0784968116024453,0.001231143201455096,0.00011872226314793212,-0.0036217206648472885,-1,,0
1525,0.06398112269817949,0.29714449077623656,0.13144067311628196,0.2340908618809147,0.23765308170815422,0.035689769820233044,40.58715089571611,21.703783593964943,6.7618496574344,6.7618496574344,True,88.30227290907537,7.283744510143318,0.06490630491472475,0.001873872030017765,2.523723359583939e-05,-0.0043473660771416464,-1,,0
1526,0.36286407011507893,0.021171798537947945,0.2022800464387901,0.2151584643756764,0.16798535629375944,0.030540264238747096,41.07765480617747,23.122845702437647,5.233887818061197,5.233887818061197,True,68.22990608696715,7.349586441004391,0.07771303934108223,0.0026126978799514097,0.0001404490869080867,-0.003202386866979125,-1,,0
1527,0.6124578497204956,0.11918726626210527,0.07956986923598416,0.08089276331593567,0.06539178944685455,0.04250046201862464,25.887945938211804,49.907017894792894,2.167748245236912,2.167748245236912,True,29.9520568447212,7.28320689058042,0.07726724594352928,0.0008276809718659745,0.0002949132183131512,-0.002464861640025297,-1,,0
1528,0.30859675401547365,0.004832806229992186,0.13410858782900414,0.26388266746452743,0.034728710799195726,0.2538504736618069,42.389142464693776,45.31390013864816,2.4816194210432116,2.4816194210432116,True,43.03632258906974,7.481443056705825,0.12065626033532133,0.005168652236500709,0.0024557275688829043,-0.0011665134524444227,-1,,0
1529,0.48234902485016656,0.06661181370377162,0.11501725246333859,0.10384776188383651,0.059116819257978404,0.1730573278409083,44.02559895213235,27.532652376579513,3.9635999609859516,3.9635999609859516,True,51.984794534086745,7.412446384854999,0.08268594097949908,0.004173774624809714,0.0004708576838373042,-0.0026458048900143065,-1,,0
1530,0.3022073571295366,0.19170798967904945,0.058797688701143346,0.02864554783177202,0.10804408249997688,0.3105973341585216,35.02418267076929,18.801932819064312,6.109100980334338,6.109100980334338,True,63.87407399154184,7.253339313884759,0.12687910862497526,0.001676526354602472,-0.00028618646416863594,-0.003905143732346445,-1,,0
1531,0.2717108125589584,0.408213810960649,0.06710598216766385,0.0729795220961567,0.123408411676931,0.05658146053964092,27.86393475486243,19.85903412333707,6.67147968676585,6.67147968676585,True,63.44003288812918,7.09305380045009,0.09781909766487985,0.0004451892430792782,-5.271180433517806e-05,-0.0062729788340236525,-1,,0
1532,0.11916558497183241,0.10287851252031714,0.32815264073415484,0.19132972599949002,0.18678305894940062,0.07169047682480503,28.979134231863902,19.03113746318841,7.367932519866996,7.367932519866996,True,80.44737830062775,7.128869270156488,0.10987246596327391,0.0005976283803372231,-0.0003764672157763968,-0.005520713614207849,-1,,0
1533,0.3005581491632758,0.005676736947406339,0.3194487514117894,0.1743928513913727,0.040047213329698524,0.15987629775645718,38.120952101223565,23.10048313252597,5.229583525796267,5.229583525796267,True,66.14923900225992,7.315031200006759,0.09525297996326478,0.0022138792802795537,4.3658684620157584e-05,-0.0033870306268906,-1,,0
1534,0.6454986696012969,0.002063628719416722,0.07436402995054248,0.049190425630739575,0.00935003573837257,0.21953321035963191,37.300487638067466,45.61031734585165,2.179180387210039,2.179180387210039,True,31.48888996805893,7.411755552326252,0.09221466830564877,0.002964111550726704,0.0013014415009477028,-0.001832365668560901,-1,,0
1535,0.2633532099255927,0.02509087443429755,0.47187100223529754,0.17560537193775538,0.04552473090385765,0.018554810563199155,37.05113531051404,37.781311651455255,3.5364636046318196,3.5364636046318196,True,51.479076601716756,7.322018195025797,0.05439211956187873,0.0015761153116309536,0.0002075041557256051,-0.003403293663468609,-1,,0
1536,0.1515853270786606,0.08675706402437999,0.3487334132030262,0.0856876441303026,0.08053332658975841,0.24670322497387207,32.310065964427146,16.389538704908368,7.8897316169746485,7.8897316169746485,True,77.73497949657745,7.150193594698793,0.12127103889912798,0.0009690495544651575,-0.0004927147359555911,-0.0050485919710514665,-1,,0
1537,0.17579291857308613,0.0938738966075804,0.13956447699792082,0.02052576219336833,0.2152318733568534,0.35501107227119083,31.41168124899812,48.57130594816432,2.469454405644999,2.469454405644999,True,37.73494632486963,7.352592239850778,0.10961343685774969,0.0017493807047219763,0.001200603074992225,-0.0020537857313084247,-1,,0
1538,0.10376976885930628,0.05373923641509696,0.24520774041372198,0.21552966240940197,0.22712539695680942,0.1546281949456634,37.43622768906274,21.100444777360607,6.319559688941909,6.319559688941909,True,81.8024802191895,7.292386293964571,0.101098720457445,0.001987098423131894,-1.3112750923285048e-05,-0.003613305737637499,-1,,0
1539,0.20453135429106528,0.4803111609785877,0.0920769669084724,0.008502624590035628,0.008874944952154457,0.20570294827968447,34.018305343242076,43.420521497239775,3.03672752121397,3.03672752121397,True,41.55474864456331,7.296709248962562,0.05843637530539248,0.0013763267539019138,0.0002476477067948407,-0.003471020996939971,-1,,0
1540,0.2648850831955342,0.09536935206961755,0.368523006014552,0.07856429027508412,0.1133574247202075,0.07930084372500457,38.368871414115475,32.42611362916673,4.042381660767388,4.042381660767388,True,53.35055176072357,7.306411794625156,0.05535789834110151,0.0016983091202450794,0.00015890387128374668,-0.003984094343793617,-1,,0
1541,0.4165166885873464,0.09136148903531577,0.16644868701891383,0.1914677597093158,0.10187071474224821,0.03233466090685994,42.70325753267682,36.89758288867161,3.214465361766037,3.214465361766037,True,47.95953477352631,7.419309197622701,0.0641048886380796,0.003415370868762509,0.0005459483509659854,-0.0023999830079405047,-1,,0
1542,0.36926846336715224,0.009177322008180952,0.0658692038179367,0.014464707091301031,0.029199561171657697,0.5120207425437713,37.85459461582191,17.590725488430724,5.788537953635378,5.788537953635378,True,62.71043454617379,7.330914391362657,0.22085582334558462,0.002959801042454521,2.010035221953753e-05,-0.002774224254889862,-1,,0
1543,0.09514460422689416,0.11659109125048246,0.15363223858776592,0.2389312383394077,0.24738864293588647,0.14831218465956328,27.127773660248156,48.60568468229596,2.746657821421891,2.746657821421891,True,45.68325490096619,7.312252166869518,0.10502834386959117,0.0010159724709073938,0.0006449456371490786,-0.0021051358776729414,-1,,0
1544,0.02855861443901771,0.17091278344236135,0.011910869736669208,0.46644556901141054,0.30491590557269804,0.017256257797843056,36.977167402007055,26.627336365857165,5.301398481831574,5.301398481831574,True,86.83267494498584,7.373409764516349,0.12387646982482581,0.002415732866994011,0.0011064296222371378,-0.0021587493740977894,-1,,0
1545,0.4983609918767601,0.24452445408891862,0.0427196261527069,0.14941086707313392,0.020319081066409398,0.044664979742071044,41.44254547808214,18.665821422573437,6.133247187770808,6.133247187770808,True,67.37593093036408,7.3069068222064235,0.07612958699623203,0.0023186967199244264,-4.856078740296455e-05,-0.003689845787388974,-1,,0
1546,0.16652995809750049,0.01203978102305607,0.6280169512367427,0.1169912607719008,0.03957461946415928,0.03684742940664076,41.09092012635894,31.375137730544424,4.595594885468242,4.595594885468242,True,61.77851314066914,7.295177614656838,0.045409777329103236,0.0016410798333925376,0.00010151296393067745,-0.004721666084308044,-1,,0
1547,0.18870751631368418,0.11659578718568184,0.4294716336470062,0.06629737685671383,0.013789427343405939,0.18513825865350816,26.036102312797468,40.23510923303523,3.290177712283655,3.290177712283655,True,43.84127732693002,7.219038529848472,0.08082870352368099,0.0006671035849778644,-8.758608863268223e-05,-0.003842293771678151,-1,,0
1548,0.352637175616818,0.02958613215428361,0.028066588428009864,0.49043116005471266,0.015788921759454226,0.08349002198672162,32.00086444745958,25.573360223666,4.43518235721069,4.43518235721069,True,68.83724944728247,7.352079790110031,0.2666645086897633,0.0019529131969933662,0.0017927026083382424,-0.001893886274175065,-1,,0
1549,0.04919015000210072,0.02110735984180946,0.00857470146098537,0.2142906122036629,0.07403799901757407,0.6327991774738676,29.94135174561438,44.36713914787588,2.4763793046157123,2.4763793046157123,True,42.689303446078235,7.374679530077315,0.6593101665283576,0.0023643191769098133,0.020293549878545758,-0.0022113151018855527,-1,,0
1550,0.35309685257659146,0.05423983230724223,0.1164325250518692,0.19227348813288986,0.1844379731291822,0.09951932880222493,30.94659052213064,18.407702790040954,6.407993379763533,6.407993379763533,True,70.79139852991635,7.225112260387842,0.1423852191904568,0.0010594735718371551,-0.0004320868071021068,-0.0037790338611435404,-1,,0
1551,0.45708148357968964,0.3394641432089983,0.0011839235369356061,0.09438080935153895,0.00929894917268224,0.09859069115015526,31.184994526723123,18.12598300669588,6.396759820928018,6.396759820928018,True,61.1294171753591,7.181315854027648,0.11081288674505164,0.0008696694381026698,-0.00016874000291778002,-0.0045762147365668564,-1,,0
1552,0.4433585308647494,0.06953630403783026,0.0860135959356903,0.19060290184218232,0.10327089837542051,0.1072177689441272,28.170600582389167,26.682115335845914,4.213992613182531,4.213992613182531,True,52.60755703213419,7.262784403707768,0.14141931266532343,0.00101428595775123,-0.00012003885951815753,-0.0032065865636513456,-1,,0
1553,0.5340285127842935,0.09148293941276492,0.19681105929420656,0.13481502793592293,0.04116873951936067,0.0016937210534514024,29.25349413520061,46.33382702166385,2.469357749808134,2.469357749808134,True,35.04997660419452,7.296704648011024,0.06792567700062108,0.0010045907053280218,0.0002646719121993565,-0.0026778484006258433,-1,,0
1554,0.09628909116188006,0.07531674861691476,0.3511513019622054,0.055765149857899717,0.19403295393819872,0.22744475446290133,42.80029348319843,37.17803333183765,3.6238045096451783,3.6238045096451783,True,53.26636828467512,7.39499262965902,0.06278374385332416,0.0033366621798153907,0.0005226470786962765,-0.0029282445386489267,-1,,0
1555,0.13671824287071163,0.31180870497089097,0.2731506189504847,0.060649820637956396,0.0004331406504755548,0.21723947191948062,29.80947108190476,26.79242244223143,5.055836619782183,5.055836619782183,True,58.34613475864558,7.181089238948738,0.08631667506024894,0.0008017213570558347,-0.00023527787662555672,-0.005174073629281215,-1,,0
1556,0.6923993916698946,0.03895869839412946,0.055175264650136266,0.006657379197536769,0.09640992698798677,0.11039933910031592,32.59996789027783,33.03286420281401,3.075122815453064,3.075122815453064,True,36.62960667090721,7.313256658957129,0.08594960264541929,0.0014908927225033067,0.00040139721914595546,-0.00303118824493037,-1,,0
1557,0.3446331000266275,0.08032988635828987,0.026674236124156044,0.19465795063412464,0.07299748463353752,0.2807073422232645,32.19865350929611,34.43298201863879,3.1928195356011657,3.1928195356011657,True,47.25673666280755,7.358700320692019,0.17881691661840124,0.0020318279883482105,0.001703485974375108,-0.0020684419194493854,-1,,0
1558,0.21363695584027315,0.10604029946102782,0.11780530910164809,0.12937842932934246,0.05948406585264049,0.37365494041506797,30.92509470758611,23.83402111043161,4.84225123016832,4.84225123016832,True,60.41312453921417,7.282516076742518,0.21225576522053818,0.001573363277344156,-9.038511681167915e-05,-0.0030939614526906685,-1,,0
1559,0.42185087365835783,0.046762283050440494,0.2528907253087727,0.1536955069088756,0.06821799962886883,0.05658261144468456,40.81347183289219,45.132589235754324,2.6201477228650045,2.6201477228650045,True,40.321660317274045,7.413325352871667,0.060384957197382745,0.0029878805727113996,0.0006352003505366242,-0.00220466859478955,-1,,0
1560,0.07603339144047616,0.15598243863802128,0.027240214149944226,0.13046093164452868,0.002436991308574947,0.6078460328184546,31.440681630621043,32.860632053811045,3.4241694285496376,3.4241694285496376,True,50.941066959483116,7.349765211646683,0.44227869834069516,0.00233567769438193,0.0076220333010415895,-0.002253403194233522,-1,,0
1561,0.529584545123609,0.003704131113090833,0.04396971101817879,0.04894608173411536,0.22873376233869547,0.14506176867231046,39.75714362720816,16.840139329446014,6.340977003677929,6.340977003677929,True,64.59902932392805,7.304158183679875,0.10044533610859616,0.002290817980837614,-6.564221066922438e-05,-0.0034125127897859722,-1,,0
1562,0.0942584154811014,0.10928380255625954,0.24703401023694913,0.48621290350168483,0.0018827504860190374,0.061328117737986104,33.51425047493834,29.481819735166273,4.620220407549227,4.620220407549227,True,75.79792298979703,7.3420888471773225,0.14051219376901902,0.001862825539815695,0.000828850007707316,-0.0022239269536643135,-1,,0
1563,0.03972877897221016,0.02405669284351839,0.2144605988792516,0.42021604963256515,0.054759150281267883,0.2467787293911869,31.960260293421413,48.09143630201274,2.6720731580017953,2.6720731580017953,True,50.604484856110005,7.396687777004833,0.19573903182534266,0.0022245768178336357,0.0038289427938261937,-0.0011624870361033393,-1,,0
1564,0.283252605094056,0.1348017852263394,0.42579281859129414,0.09323012112319057,0.050416955055609246,0.012505714909510478,37.30271179976843,25.2564091361161,5.3510658637585,5.3510658637585,True,62.248420935996286,7.221706318083148,0.05443653338995604,0.0010777382580144234,2.7469800574175624e-05,-0.005441807180103671,-1,,0
1565,0.42351405029245065,0.3454813463194196,0.10591385818979344,0.012021028724258415,1.8939538688449455e-05,0.11305077693538945,25.778216415484298,34.01093125564327,3.5258600039103514,3.5258600039103514,True,39.92629742932429,7.192745461863075,0.08002652934879359,0.000587079946811708,-4.4827432398321775e-05,-0.004348359037375479,-1,,0
1566,0.06986046345745933,0.0898714330415789,0.2057019406871658,0.147748123750478,0.2659435832170623,0.22087445584625584,26.84515281870745,31.701762841901054,4.1996283038338,4.1996283038338,True,57.50084171521605,7.244931669429881,0.12935686247762956,0.0008792027130033286,-9.158139549652713e-05,-0.0035088026295316543,-1,,0
1567,0.18065588024220577,0.15186005249206194,0.15633443611317696,0.37925760433609496,0.004362317036004345,0.12752970978045602,40.03901016543486,26.943413931791454,4.717559647833081,4.717559647833081,True,73.15476853800304,7.394242555445455,0.12002206355265767,0.0033499741294814225,0.0008866822444621495,-0.002175796595749665,-1,,0
1568,0.3387674327324245,0.2974198369929656,0.1735574747099581,0.11935680748651392,0.005908759496159483,0.06498968858197825,25.495557503231936,27.20106278582085,4.648059527005979,4.648059527005979,True,51.9074437484663,7.160790842810236,0.0969171357802013,0.0005106919657343136,-0.0002405653514452118,-0.004874783098733563,-1,,0
1569,0.7432907525481338,0.011962521483857024,0.03514096078606834,0.028127384421351476,0.007588881267074778,0.1738894994935145,42.66690541405936,19.762511151727615,4.8967700697841465,4.8967700697841465,True,51.64872937699305,7.368195914466851,0.09354462790044718,0.0034014826120409413,0.0001440407182845045,-0.002981658698840386,-1,,0
1570,0.1277669351684554,0.30515604895342346,0.08874048588044264,0.04279958743910165,0.20320700979406017,0.23232993276451666,36.481110115636426,37.37223278719047,3.5308675236975207,3.5308675236975207,True,49.803564648694135,7.333945515764375,0.07169926591797991,0.0019494050149026973,0.00041226203487658707,-0.0031695747878672095,-1,,0
1571,0.32628486533773954,0.08139306412926758,0.227610234584001,0.1600191836234437,0.10375838570050737,0.1009342666250408,31.625535868391342,36.80372696594282,3.3160641326056832,3.3160641326056832,True,46.97425148565127,7.304468680161549,0.08462860962432238,0.0013008721382431962,0.00026764410655969357,-0.0029483176180682357,-1,,0
1572,0.33606523639416774,0.2024077766881523,0.27291294527523063,0.0005581422982206424,0.061836008938880714,0.12621989040534795,33.78070224456194,39.367802728729814,3.179608225663793,3.179608225663793,True,41.15421741663393,7.282622155992627,0.05683196546384293,0.0012366453489186936,0.0001948339634966404,-0.0037495946285045823,-1,,0
1573,0.20018201508942926,0.1819403184110668,0.10248861473586852,0.2021029781945639,0.1480604992458304,0.1652255743232411,42.35195731146385,40.33489106394171,3.1255414101363073,3.1255414101363073,True,50.37096870179285,7.438585139965264,0.07961167121728834,0.0039306805828445614,0.0010102281404877351,-0.0019487497280952883,-1,,0
1574,0.04902999751901297,0.06124599394475128,0.49466364023124443,0.08216588672905716,0.020665487555931096,0.29222899402000296,44.84494414626498,40.174442749265985,3.398823821989712,3.398823821989712,True,52.22886201076992,7.424718805461574,0.0658760974835342,0.004349624173973416,0.000680155626852413,-0.0025839032160950297,-1,,0
1575,0.10056935964342137,0.33096797874139816,0.19324396701872384,0.2948165598776882,0.03769257151787923,0.04270956320088923,42.04358390014901,43.29465433860004,3.3267760189143325,3.3267760189143325,True,55.85558517466769,7.413362069778006,0.055771136876267606,0.0029180099023441253,0.0005455942586218698,-0.0023232005766513192,-1,,0
1576,0.34382128320388616,0.2226483637041736,0.07650309609203274,0.2320983344920963,0.08627138774332546,0.03865753476448567,39.605315245600934,42.07207266623562,2.9224199460512357,2.9224199460512357,True,46.151003014853266,7.404084927496525,0.06694709695475182,0.002729115763332907,0.0006411624922070273,-0.002174222648440243,-1,,0
1577,0.25668255718149136,0.35746668660351266,0.03379995880724573,0.053896095856606124,0.26383211015844177,0.03432259139270237,43.6936645573482,29.008295141051704,4.604550572464671,4.604550572464671,True,58.69368686361509,7.340847226894506,0.04748002800241861,0.0023438339973894987,0.00016239207939191912,-0.004239017861456458,-1,,0
1578,0.17169329184023607,0.34569796430270616,0.19660206834527705,0.03764692786377789,0.17198568194226083,0.07637406570574211,37.76574047825087,30.597588862910907,4.6067014307831196,4.6067014307831196,True,57.53653287902216,7.256415116930775,0.04981194956105684,0.0012379896817814148,9.45736867457977e-05,-0.005057742977938235,-1,,0
1579,0.10291943189763625,0.0823179017219966,0.5254593190536602,0.2506794264923272,0.0016947145575410922,0.03692920627683875,42.02073974384146,27.254384114860294,5.378970895998944,5.378970895998944,True,75.99702323314229,7.321166887163986,0.05524935329955119,0.002186081427979839,9.763828491310472e-05,-0.004051467205709296,-1,,0
1580,0.14350045849286228,0.04606543011207621,0.007589844055876483,0.5993530173551493,0.01451686431993004,0.18897438566410546,41.39453542289466,41.97418300228556,2.8411242068068985,2.8411242068068985,True,57.50720049983579,7.505796102393058,0.24244589848749315,0.005766919088540321,0.007717906819917433,-0.0006313106466197107,-1,,0
1581,0.2807601542685181,0.08193311640698493,0.1049709000209175,0.2618861482216756,0.01854534451013367,0.25190433657177014,44.23772202737181,19.95682797029675,5.750944104023045,5.750944104023045,True,77.52010825420852,7.409958400757258,0.1342019435963327,0.00487251376457749,0.0005572736119643233,-0.002261919816429965,-1,,0
1582,0.3073974052247776,0.08688942377478301,0.267670313206803,0.01578908713455423,0.221633089476146,0.10062068118293604,39.19239019771825,40.276779905899446,3.1294448698567034,3.1294448698567034,True,43.422017487946086,7.354722036437759,0.05244677738327621,0.0020876427606958178,0.0003590326341819706,-0.0032084765712176457,-1,,0
1583,0.16296998565722132,0.36673899813936756,0.12806068035192703,0.18541481074551053,0.011051845642160586,0.14576367946381272,43.725569856093315,46.27609672222124,2.8942972028792036,2.8942972028792036,True,46.9683772189214,7.437808056031151,0.059578647649012294,0.0038304361609782793,0.0007108158148783847,-0.002151833012272212,-1,,0
1584,0.1238073957587958,0.01982421133244604,0.015410058967474318,0.08900128219228427,0.04084708370967858,0.7111099680393209,36.470517234168966,33.16612743455919,3.1581629572601195,3.1581629572601195,True,48.316013539566136,7.413133946570123,0.4945507417549257,0.004013978864134386,0.013774744593165309,-0.002144426070551727,-1,,0
1585,0.11990775650018379,0.003413460028481185,0.5488318798733517,0.294034302847831,0.019739138205241626,0.014073462544910688,28.345824568084588,48.99850809695084,2.948768609546527,2.948768609546527,True,48.63288883049613,7.2787242267807075,0.06556065180031408,0.0007781913838513254,0.0001172172280145369,-0.0028155836727118554,-1,,0
1586,0.6249356766853872,0.05904283378671055,0.21578613594569257,0.08914000672435148,0.00639484773753274,0.004700499120325506,30.100349254068536,38.989448738051685,2.817013574589933,2.817013574589933,True,36.16848659044211,7.282204240409663,0.06967259948428983,0.0010287623322233494,0.00020780015388359893,-0.0031346610885980082,-1,,0
1587,0.3452155596202937,0.27592791878636086,0.002912564000742317,0.2751188929984656,0.014698218313063671,0.08612684628107381,40.91590009610625,27.64862018445524,4.33148188440334,4.33148188440334,True,62.10786245756493,7.387670197984882,0.09033472506885044,0.003172039362696159,0.0004618412269669649,-0.002541559026933755,-1,,0
1588,0.3184945123871547,0.17247408606980266,0.1211749770951811,0.09131194081285267,0.2832360729192491,0.013308410715759885,29.22387440058116,17.558415368787472,7.2779938566285045,7.2779938566285045,True,68.8048560094188,7.1175966985107095,0.10581233301661915,0.0005294254690462361,-4.697925057983108e-05,-0.005571987822833074,-1,,0
1589,0.24776411545211885,0.1670883706075054,0.12483966800134985,0.39458326192778675,0.061161154602284315,0.004563429408954743,42.12992001803184,30.430259469940594,4.223673006681657,4.223673006681657,True,67.64751775414413,7.419265947487607,0.08473587240525504,0.0035432297989418915,0.0006985560049306914,-0.0021134613033830796,-1,,0
1590,0.2980265942002863,0.033916630058894975,0.10714752020290101,0.03374614621565481,0.15681879840621343,0.37034431091604947,26.802739640765335,38.68077891051555,2.868999386567815,2.868999386567815,True,39.42883829499723,7.3025741537470115,0.1726428600777733,0.001207781166083947,0.001023754291095487,-0.0024553840046225325,-1,,0
1591,0.5116163336440287,0.20020900568077576,0.24985838596389032,0.002968164395364602,0.013507255569150034,0.021840854746790418,30.003421056100592,45.05579003003517,2.6376400218948874,2.6376400218948874,True,33.51234293010494,7.256706876100522,0.05217273647135049,0.0008293960040820814,0.00017131764852625094,-0.003590615239589107,-1,,0
1592,0.13306038290834282,0.15126163885569732,0.0006575228755063304,0.1145340361974456,0.5850822377250693,0.015404181437938577,31.191435720599507,18.010833203605724,7.682297670345871,7.682297670345871,True,81.69583946773241,7.148464684240277,0.09651215413558324,0.0006558304790587507,-0.00012183705175800289,-0.005459228167103238,-1,,0
1593,0.09573908720207827,0.48833711633907373,0.02923196914372024,0.16159610091053112,0.20686737725685567,0.018228349147740883,26.697168871098686,30.4612454655059,4.8859298677710905,4.8859298677710905,True,61.45720094453822,7.158323974502274,0.07504380975226413,0.00043214029364861114,-0.00014686841932291613,-0.00539841612146655,-1,,0
1594,0.03283085878910201,0.3408279930665798,0.10513168854401542,0.04566616006114812,0.0446895814647596,0.43085371807439515,34.01475175636575,40.052485784125714,3.213612116551005,3.213612116551005,True,47.42891902242174,7.343027038026088,0.11678077440029783,0.0021301030425924343,0.000995345000566746,-0.002547249895719862,-1,,0
1595,0.2844596017408284,0.44988454361588964,0.13051314731781438,0.10117762370090616,0.024816948394073314,0.009148135230488168,34.292051743860725,23.752638756974843,5.719696114974434,5.719696114974434,True,62.66024367835181,7.174975062626959,0.061424209542330806,0.0007708057683657803,3.4005046119890276e-06,-0.00588011086939237,-1,,0
1596,0.41524455711174163,0.08472067030763741,0.18848062234726443,0.05647762551678367,0.20085557368544782,0.05422095103112505,30.233098312658882,21.125869818798844,5.663733638023955,5.663733638023955,True,57.3110949867986,7.18040028140109,0.09363496810181199,0.0007425388131788071,-5.963998020873696e-05,-0.00490073667381003,-1,,0
1597,0.1559771094585486,0.13171121530779384,0.10412675985039056,0.21559378168938198,0.28210112917278035,0.11049000452110455,43.55695803655628,16.603144083512493,7.8871054278411545,7.8871054278411545,True,95.24219281944406,7.323086091355681,0.08578797458097956,0.0030262600527386292,-3.119862940695294e-05,-0.003394422812612625,-1,,0
1598,0.3582478824176004,0.092959573369296,0.05385857165913152,0.360878989408112,0.005077406097791644,0.12897757704806845,44.763528491143006,23.07677820768899,4.940327722071354,4.940327722071354,True,72.7366801393529,7.443462298018888,0.12342763040496617,0.005211750457803084,0.000898393571017578,-0.0019057056172043646,-1,,0
1599,0.09163750907700556,0.040062095647964195,0.334270828883428,0.09404091633368443,0.4023909576206649,0.03759769243725274,26.76780470834995,19.9476152315146,7.286011527623412,7.286011527623412,True,74.62849158450373,7.068538947055656,0.10214465606921806,0.00035227848300302324,-0.0001330611320363671,-0.006867144749283021,-1,,0
1600,0.10429597172253635,0.10463590247383123,0.43820393301872335,0.08032764689749361,0.038320180080310996,0.2342163658071044,26.168287591092373,41.601190766556634,3.2587072688692102,3.2587072688692102,True,45.47677847030461,7.233808073930433,0.08813462859986863,0.0007415535249102979,-5.2580529967373034e-05,-0.0035587707782237395,-1,,0
1601,0.16180580545947068,0.08946138065348297,0.050795436397129315,0.1325404531474175,0.5462325092582965,0.01916441508420319,35.25105825082211,23.479464754672037,5.761504720113266,5.761504720113266,True,72.22349479126598,7.261489048992013,0.07536108844977395,0.0012322751546084093,5.4829012441287665e-05,-0.00428544805488826,-1,,0
1602,0.2552106245484313,0.10352248261659876,0.11806016667044167,0.08870155390642526,0.26234869261112737,0.17215647964697578,38.240992092631245,35.22586103801281,3.4823706479342422,3.4823706479342422,True,49.830418564741876,7.370347325604409,0.0786136596366143,0.002469037446292372,0.000581264537792403,-0.002721862617619054,-1,,0
1603,0.08806457206194514,0.1076469830319958,0.034689958586241416,0.6614886609862529,0.03630653593877254,0.07180328939479239,43.79744178455181,48.450420669935184,2.66859137377882,2.66859137377882,True,56.78238538713846,7.532596114812207,0.15092323071497207,0.006350300832307643,0.0044666373265671525,-0.00031476527164278406,-1,,0
1604,0.145612545158302,0.13948290134158753,0.18451621303131924,0.23793907071339937,0.2147738108338709,0.07767545892152108,38.61367551330811,42.712637089766744,3.157695884803388,3.157695884803388,True,51.99744154520909,7.395373486820614,0.06817764101988175,0.00245486492051554,0.0006892114183918557,-0.002192101207004599,-1,,0
1605,0.06893143321726819,0.07957175982055892,0.21976199391250917,0.13224040170316517,0.0024374887445526554,0.49705692260194595,40.84850200670357,29.65214130799599,4.022697514503506,4.022697514503506,True,59.852546739284215,7.41409149127719,0.17856929969189772,0.004544026853451955,0.0023227782726593462,-0.002078386373794941,-1,,0
1606,0.10551669139292492,0.08272308426479168,0.1909538132361802,0.03538417333519019,0.024309638600807853,0.5611125991701053,40.16042166300614,48.473320287694705,2.3761431134351123,2.3761431134351123,True,38.960459795175325,7.453467334497167,0.14941937667812422,0.004712523633515575,0.003418284892226408,-0.0014049260396870602,-1,,0
1607,0.14922448336126576,0.17295039602807952,0.05173821253910857,0.31712968223309285,0.15675067099922768,0.1522065548392256,26.699495062514767,43.44463138367418,2.933996997960085,2.933996997960085,True,48.71574162704961,7.3167911458364205,0.1478446564531326,0.0011060626979447386,0.000980803979734846,-0.0019654643474107366,-1,,0
1608,0.39730318586749375,0.3483664899088063,0.06978886529350217,0.06115304869834152,0.04785625729997065,0.07553215293188549,43.65960053298542,19.04755559208248,6.412193532778576,6.412193532778576,True,67.28896490388702,7.28329571401711,0.05963377348825926,0.0022754586333368445,-2.7892534992832187e-05,-0.004575677609525425,-1,,0
1609,0.5941460187700754,0.11639720117810894,0.17962725398594748,0.026254626385099428,0.07697133389408428,0.0066035657866843865,35.49622375218408,47.11432901851954,2.3851702055837727,2.3851702055837727,True,32.43958511061486,7.339789394093632,0.05082631712808519,0.0016066502874369872,0.00038367421780619905,-0.002814626841913955,-1,,0
1610,0.4510200402936163,0.03561312485121625,0.03505896234743821,0.0841065136456822,0.3850464763707633,0.00915488249128377,31.980084511109013,37.925785646034264,3.0651633480836544,3.0651633480836544,True,41.91312897670506,7.315717235708952,0.07187336067687361,0.001241076447896479,0.0003450210160726265,-0.0029275524930185716,-1,,0
1611,0.18937130428995855,0.10609588156840968,0.2214300608689402,0.07403958197836488,0.2299982753749907,0.17906489591933605,29.431169987718604,22.990825145379233,5.594944772884021,5.594944772884021,True,62.69950370231891,7.1908789938122855,0.1074152722915726,0.0008296631086588789,-0.0002898142845828995,-0.004759438980592176,-1,,0
1612,0.10855062175437193,0.020443275653337242,0.021838386766941366,0.22103366428744034,0.41675278405664185,0.2113812674812673,25.465821200093867,16.140867237247956,7.764384870219621,7.764384870219621,True,84.78879175105399,7.1609442390381535,0.3129101628865921,0.0007086762669514876,-0.0026569154500095797,-0.003782569766341868,-1,,0
1613,0.029963987413281885,0.019494173013117826,0.27421837566843954,0.40882419462823055,0.12614242638293513,0.141356842893995,36.246589888354876,36.12360265216731,3.775707040235312,3.775707040235312,True,66.03453911372968,7.3944273154702245,0.12992394967804355,0.0026187749808859657,0.0016815276970991548,-0.0017337847141787855,-1,,0
1614,0.15816976658620008,0.10221586377763274,0.10826224119511026,0.4700056958600664,0.055983080520487116,0.10536335206050323,37.978236621916736,41.13441883112867,3.081159238347204,3.081159238347204,True,56.92292376863145,7.438822072071556,0.13509019070529701,0.0033569925143243124,0.0023829590295407713,-0.0011788978158536279,-1,,0
1615,0.2541346211371822,0.10596626176936816,0.4410671277021545,0.11294210704050209,0.0570532277600171,0.028836654590775772,33.30562827477583,20.93962864964622,6.484878588023064,6.484878588023064,True,68.8190190478524,7.150063656969461,0.07168327976451584,0.0007165994823095386,-5.7040013416823583e-05,-0.005981905924183297,-1,,0
1616,0.5128981600764534,0.29681494364913563,0.03800082908115145,0.1256455233162339,0.022573617507461292,0.004066926369564374,25.3116140008505,18.265193042095476,6.373857152592823,6.373857152592823,True,57.39013824046815,7.1191567472885104,0.13868896343763013,0.00044612002948810574,-5.9688828936083066e-05,-0.00495122029657566,-1,,0
1617,0.30860140642143036,0.3842787173333619,0.1438293594982485,0.023382737374386446,0.11520465896512411,0.024703120407448726,31.247756244040744,17.12827425921862,7.784653859869963,7.784653859869963,True,66.11851690807718,7.055486931975891,0.08504151296069806,0.00043175531633390414,0.00018597494937658458,-0.007127198148304458,-1,,0
1618,0.16275010031253162,0.0641855602799609,0.06397143363720317,0.046795910719089194,0.2528729233141219,0.4094240717370932,25.402889429932046,16.297904346607663,7.138776514587843,7.138776514587843,True,68.49675055807432,7.147677077353079,0.33641299111167067,0.0007457172664856751,-0.0030432605443929707,-0.004067315665144628,-1,,0
1619,0.4697039387980632,0.016095570973100583,0.3982652360663044,0.11108854711091229,6.833966396039071e-05,0.004778367387659023,38.32199107135145,35.18341665890383,3.4114172812069326,3.4114172812069326,True,45.491834535651186,7.329097106528516,0.05439841136627853,0.0018181155610901025,0.00021943754132470905,-0.0034570249520592933,-1,,0
1620,0.1775279284705717,0.12100623214732263,0.1627006718173722,0.2007928213189621,0.10592224393678243,0.23205010230898893,43.713672787960846,41.92673165589237,2.960321222604391,2.960321222604391,True,48.913771384134456,7.463385166424536,0.08954696009450915,0.0048672265287528675,0.0013863559152814103,-0.001670877335581345,-1,,0
1621,0.554416997815469,0.14537677300397847,0.09089412525837724,0.07116130795397901,0.06601004156683762,0.07214075440135825,33.61769794821706,25.610345157887817,4.316219002490825,4.316219002490825,True,48.68848242663896,7.271235716802833,0.08424142038564872,0.0013169437022866985,7.4951723226388e-05,-0.003795888707913832,-1,,0
1622,0.27984932515350075,0.1653548405511077,0.13784030030133218,0.23258262309778488,0.07952109199740921,0.10485181889886529,33.55627618725883,21.193036735791488,5.840174691278139,5.840174691278139,True,71.4261273870216,7.261093388445623,0.11419358084260604,0.0013893130982908896,-0.00021823166388250416,-0.00365967415560596,-1,,0
1623,0.23229436174310628,0.2618796902767518,0.03675614001464282,0.028404565263104108,0.10030123870637858,0.3403640039960164,38.71660895247648,43.637778691951176,2.7104177837546524,2.7104177837546524,True,40.537917685211774,7.404135070638574,0.09154244986907503,0.003173818029901334,0.0011797591657057118,-0.0021070577158995725,-1,,0
1624,0.16317449993532035,0.03158223417272464,0.4679653384450268,0.2682069972694542,0.009059356908048226,0.06001157326942581,40.37033985197955,35.11008383163521,3.911909427799942,3.911909427799942,True,60.803746715322916,7.371238374276908,0.06361681036142197,0.0025143163753900016,0.00036853444458770894,-0.002845461340279198,-1,,0
1625,0.0035038926830994587,0.4846855963395788,0.27490667308241046,0.029708324706839453,0.07256087706598124,0.13463463612209048,39.45867997383843,31.799317583139896,4.963701563676861,4.963701563676861,True,63.58142279694024,7.2373373402201295,0.04383824670018121,0.0011912667386783915,7.283920580570993e-05,-0.0059535579212429395,-1,,0
1626,0.48279331548152843,0.15123516977517307,0.1751193818020482,0.06553050768045653,0.05690875982497234,0.06841286543582142,30.414821013277738,23.113681554137667,5.010539752286226,5.010539752286226,True,52.15578362874482,7.202799078986861,0.0908355378794856,0.0008371837297608849,-5.5474838507768446e-05,-0.004561730489047654,-1,,0
1627,0.05673944790474241,0.20421401128645017,0.3648956615948217,0.32042421361732487,0.03038766968529569,0.023338995911365422,43.71213572939483,34.974489804689085,4.279717509166057,4.279717509166057,True,69.11249881043402,7.3996468755130955,0.054821119558157494,0.003043895203340152,0.0003910864142715089,-0.0028404944847343306,-1,,0
1628,0.37158364751777107,0.25751033298891113,0.08565717578582058,0.07708401193397256,0.15913592546214936,0.049028906311375374,34.51824869315057,34.836869588336306,3.5469425965815584,3.5469425965815584,True,46.34752612895654,7.295384393868646,0.061672147837479305,0.001325927752295769,0.00019136696093840003,-0.0036249495882909955,-1,,0
1629,0.6332738175858649,0.05145614907579185,0.04357408475296399,0.25398851539564143,0.002178242746270674,0.015529190443467072,33.27484649971314,28.807290928120647,3.648509426273058,3.648509426273058,True,48.90392867811427,7.334018665493892,0.11321055237385508,0.0016950020761550078,0.00034985481923968816,-0.002572149975209088,-1,,0
1630,0.08500183936532069,0.00597182256120561,0.2085648367415497,0.20240363325186891,0.4639177842879403,0.03414008379211496,30.80618513415341,27.59413202366578,5.096750183099532,5.096750183099532,True,69.59015410086123,7.248638260539972,0.08721020177215462,0.0009196175779945301,2.0553023047617344e-05,-0.003988523548485661,-1,,0
1631,0.21490035116387657,0.19488053104881248,0.15653790720803268,0.3510855221587345,0.030074029055199313,0.052521659365344565,40.900548145923096,21.319181634452512,6.0962818056263295,6.0962818056263295,True,84.28760081813968,7.348961820645583,0.09352062347523046,0.002802236377511481,0.0001528622773027354,-0.0029294734790687336,-1,,0
1632,0.31812333867586856,0.005184152666947621,0.12348394031365809,0.18077270325011788,0.009760026868068355,0.36267583822533944,38.65119586864999,35.7090125872024,3.037486926317332,3.037486926317332,True,47.198031442170794,7.427131880995269,0.16677984917643165,0.003855062302257411,0.002653154527766886,-0.0016792179050143595,-1,,0
1633,0.23672591952186126,0.16330638926652927,0.30632634184233887,0.24487425161932147,0.020936891646976034,0.02783020610297301,38.05256098282611,34.32515665023212,3.8914452262591896,3.8914452262591896,True,57.7051910839268,7.339864931921962,0.06293651402443173,0.0019242739837357394,0.0002475332710068269,-0.003138319369985389,-1,,0
1634,0.0493678740379969,0.17230059350322424,0.021314778911381303,0.060981902561328724,0.17685617175185642,0.5191786792342125,44.1820367613907,30.333766507815632,3.918379414811935,3.918379414811935,True,58.00209508138367,7.451504658738686,0.15681661198437719,0.006025227448744949,0.0024047214107405165,-0.001963103032893827,-1,,0
1635,0.36192453414086406,0.24457011276152327,0.15295863230414988,0.09298615279591328,0.10088215481004137,0.046678413187508185,39.64638231030703,38.21797324938311,3.2693972520927486,3.2693972520927486,True,45.54525025010038,7.355796693929729,0.05303215033278049,0.002137966678229643,0.0003130941919806226,-0.003199196712590746,-1,,0
1636,0.19643228039852836,0.09280389772676757,0.26322143607799303,0.15751646124662255,0.28048387235596006,0.009542052194128398,29.725351545566607,21.332233567473025,6.419559298564411,6.419559298564411,True,71.84874840494861,7.155465830728539,0.09019220074096458,0.0006040874139645778,-0.00016418640903080744,-0.005402227074522353,-1,,0
1637,0.15857353190724494,0.04238068259500715,0.34450644201728053,0.08410267244833756,0.25484286109463716,0.11559380993749263,33.48034196313936,21.10791721852837,6.410226415084635,6.410226415084635,True,71.29414203633424,7.186843889304588,0.08144752587923342,0.0009471315550718652,-0.00013711262332386553,-0.005306182739051398,-1,,0
1638,0.09182736412033514,0.512587940115078,0.13269033580243522,0.07668794875021405,0.10378219703514997,0.08242421417678751,32.33486197859919,25.63842455713224,5.823844101235733,5.823844101235733,True,66.25442332160786,7.142498743528751,0.06255561627475192,0.0006100904944717945,-4.346368299236525e-05,-0.006598517596502292,-1,,0
1639,0.11487543651894597,0.21524682995743785,0.167042878518163,0.23104484357403313,0.1448348136772612,0.12695519775415887,37.07729121876688,18.795601709402465,7.215955841824921,7.215955841824921,True,87.66676725303152,7.253598079923835,0.09660771612894278,0.0016744176966659457,-0.0001941526176665373,-0.004051072557731284,-1,,0
1640,0.5489625482918389,0.017120078630899236,0.06226468056069753,0.2534558366084403,0.08574974573395129,0.03244711017417277,41.085837317533745,27.501454270860183,3.9376601596118017,3.9376601596118017,True,55.21448720123078,7.405612900604571,0.09347258086374839,0.0033403359207027994,0.0005487279236951653,-0.0023187695371730656,-1,,0
1641,0.42414622221394693,0.12883838348937038,0.1380866834214707,0.10035327806523775,0.15982951975370874,0.04874591305626561,38.5181998363113,23.748403079882785,5.0002769163982625,5.0002769163982625,True,58.901942244247785,7.298023054650234,0.07052397262694989,0.0018223002864681105,6.41032263531883e-05,-0.003919900502930277,-1,,0
1642,0.17273532563568614,0.09803352187570688,0.4385654336119146,0.07814071180231696,0.21208731559419927,0.00043769148017626093,43.985056282116574,22.964968584056777,6.3004819560641785,6.3004819560641785,True,74.52837276500244,7.259902096965051,0.04499850612327642,0.001619953899879394,4.3535346766410185e-05,-0.00578857882925388,-1,,0
1643,0.2525502509848497,0.23645556779264282,0.02558132816041294,0.38457448033130043,0.04594609630704603,0.05489227642374817,36.27611796035454,20.295503027784587,6.173431231731842,6.173431231731842,True,83.6706574347336,7.316885665818019,0.1306958787531223,0.00203052410284002,1.9185030137500192e-05,-0.0028297253001671454,-1,,0
1644,0.029040620530197934,0.14372142176073188,0.21042674386206192,0.3957830850574156,0.027964206206078715,0.19306392258351399,37.40225257894681,28.681694005329383,4.703707872291353,4.703707872291353,True,76.12211728656595,7.377519896727181,0.14837376248475165,0.0028787284029745835,0.0013866731295464295,-0.002119508893731156,-1,,0
1645,0.26435460175724734,0.1303161040209462,0.15693529675418103,0.15052308706334241,0.1560914437094859,0.14177946669479705,32.412565230112655,18.147573963207194,6.821516366767373,6.821516366767373,True,73.54076499156704,7.20763185232137,0.11996553488014783,0.0010949052123525496,-0.0003712906264030062,-0.004268937508077365,-1,,0
1646,0.08366019245340883,0.010407942875512896,0.5148907226774024,0.06275638026905857,0.29324881555052246,0.035035946174094806,44.98080035011107,26.492429074289387,5.673075266070164,5.673075266070164,True,72.59330596239823,7.301218214062157,0.04239426154178854,0.001951066987916028,9.019278077549473e-05,-0.005355485168959756,-1,,0
1647,0.19774699785952835,0.06165529168092159,0.04307480809298195,0.2480720142917542,0.4240687472193805,0.025382140855433458,25.03859415746679,48.11715162504057,2.6964562171902644,2.6964562171902644,True,44.009115254135054,7.296372445817383,0.09716877580197192,0.0007576557126796956,0.00042108544326810833,-0.002186756995996372,-1,,0
1648,0.360759942879143,0.23670382085669256,0.03446269284917039,0.2286360003140542,0.08341111260008402,0.05602643050085569,25.399598484596254,26.743445022181348,4.51289385667229,4.51289385667229,True,55.7311297079641,7.215902063415679,0.134890503888195,0.0006807136716831053,-0.0004251954790986609,-0.0036915647255564665,-1,,0
1649,0.2672518718876677,0.5103787809617016,0.008208349544999034,0.02661945095562279,0.07805944965232588,0.10948209699768302,39.349551719413114,46.58396977487047,2.82222037434161,2.82222037434161,True,40.22839319517332,7.356833022114392,0.04639918381659161,0.0020236142491738417,0.0003588604431254556,-0.0031340011130660266,-1,,0
1650,0.05394815555187817,0.3785235804304826,0.1050656064246179,0.12221334401930327,0.18344133622846545,0.15680797734525254,39.25772582864202,28.54503019600047,5.005381750948284,5.005381750948284,True,67.63989855429051,7.305921073164604,0.06413483376905647,0.001975634063805754,0.00014447593817924214,-0.004073393659724751,-1,,0
1651,0.09194646643400055,0.23581366893475664,0.04964247263001555,0.38476421670178546,0.08728817380311464,0.15054500149632732,44.73784405076016,43.975662068337556,2.9943118296827147,2.9943118296827147,True,54.94092136586448,7.496380316237013,0.0977078736024814,0.005607376621018212,0.0019146666167877613,-0.001141287102031682,-1,,0
1652,0.4206355068868383,0.049449659688190296,0.19166076020013906,0.051819843715197565,0.025703833756852815,0.260730395752782,43.57860034252718,20.190896963901466,5.454519094037308,5.454519094037308,True,62.12201569742441,7.35820483793097,0.09103218515597619,0.003657972221117898,6.150384917977984e-05,-0.00322079158167928,-1,,0
1653,0.2437922201687909,0.38025140570001836,0.09758055097857904,0.2505776611698343,0.021123262015836315,0.006674899966941088,27.849161445685397,36.532611174908,3.6836477869991984,3.6836477869991984,True,52.17113080850988,7.242607665333728,0.07832727336071015,0.0007261741010457102,-5.644766411435206e-05,-0.003584324854997799,-1,,0
1654,0.024406582357554156,0.3110015247563792,0.07221222682568405,0.24684268783171154,0.22696073959597415,0.11857623863269699,35.3171887597224,30.92671842977518,4.635790024748257,4.635790024748257,True,69.10226631401365,7.315926691005588,0.0839865583490475,0.0016820272782154025,0.00031542369661834017,-0.003221790716968973,-1,,0
1655,0.23354258422958496,0.3410476184945038,0.051047725462928024,0.010622067233949794,0.20233028124985702,0.16140972332917644,43.492383569664355,34.80323626613049,3.70188868709875,3.70188868709875,True,49.9662745324215,7.381717541316952,0.054380268938925135,0.003089772311172514,0.00034776689113589555,-0.003377679535643209,-1,,0
1656,0.19582061442833618,0.0015931168378514587,0.4886043663212266,0.28036106836284025,0.017270549222700084,0.016350284827045408,31.2212767020918,26.00266225671504,5.268962187824522,5.268962187824522,True,69.65196193267225,7.227597280918216,0.08590602920005076,0.0009102222305285134,-0.00018034243587633714,-0.004222123033555767,-1,,0
1657,0.49650339690019557,0.021191600499470366,0.1204535607874195,0.19692830019688912,0.0654490585492224,0.0994740830668031,27.669916701837025,17.69256161102757,6.201237718682084,6.201237718682084,True,64.03343904317379,7.204596498004777,0.19376056090822583,0.0008302923904032175,-0.0007301436331901194,-0.003599993414175675,-1,,0
1658,0.330356818092142,0.2790971838705889,0.11983816033780113,0.08044350572313123,0.16474718602785404,0.025517145948482506,27.86700140419077,42.41165364845418,3.027701554787644,3.027701554787644,True,40.71730325432956,7.243739814973544,0.06236126402571704,0.0006802585708749594,8.56361771613263e-05,-0.0036316825385784117,-1,,0
1659,0.05974810347241494,0.2632533638192617,0.27058400120248144,0.21859313262720861,0.01086899970774279,0.17695239917089067,39.09746935944238,31.213800704434075,4.492736305145009,4.492736305145009,True,66.28532638533709,7.342042516006568,0.0763000565603331,0.002403113255350141,0.00032098162187551774,-0.0031968839224164646,-1,,0
1660,0.14227656712890413,0.06452670575277643,0.2749768395421053,0.49108199742625525,0.00021300482520536274,0.026924885324753435,32.487356672551414,36.73977161297402,3.6505793899154684,3.6505793899154684,True,63.51414573286853,7.355290064933514,0.12265433554885877,0.0017199275575550336,0.0009614432729025406,-0.0018849728851326852,-1,,0
1661,0.05168430881103823,0.11873127021776027,0.1433263298240136,0.044599734950765274,0.482276550459803,0.1593818057366197,41.25810695391522,45.24932862686836,3.0800410106116907,3.0800410106116907,True,48.403431186433586,7.411354274012669,0.05555926935880687,0.0028004581606940688,0.00066051150341358,-0.0024837665104767573,-1,,0
1662,0.20761058228643567,0.08201125682331312,0.13418454744497738,0.10315878426500903,0.08491952471957964,0.3881153044606852,35.94032456412667,42.79540487278803,2.694584353330294,2.694584353330294,True,42.340785724059344,7.401179873435842,0.1380006215875347,0.0029162747537464346,0.0020979342718697377,-0.0017755216742618043,-1,,0
1663,0.02616564556350867,0.11133301917478881,0.4855668177025626,0.17007646875646834,0.060202691525694726,0.1466553572769769,35.2261190682539,28.981203567515635,5.080958201543943,5.080958201543943,True,69.20919573634792,7.254462156046998,0.06874012192584097,0.0013044480835102202,-8.478591693105876e-06,-0.0044686419504149505,-1,,0
1664,0.06265356350399841,0.019035497292697653,0.02035831491208372,0.042650777347949406,0.6137794499674434,0.24152239697582734,42.308637112442,25.45495745058656,5.085576155567923,5.085576155567923,True,68.97943526500667,7.38401432868227,0.09013175018685943,0.0035055331895463508,0.0005907616807701159,-0.0030323210178608067,-1,,0
1665,0.5281956856745067,0.010017054969062082,0.045610204239669626,0.07364931420893146,0.12082974887888573,0.22169799202894458,32.918253580814046,22.196453811396644,4.682775940708493,4.682775940708493,True,52.68062435192578,7.2951653116883515,0.14620151772285264,0.0016278228791881569,7.931739959972515e-05,-0.0031761833976727246,-1,,0
1666,0.11455663869228457,0.2342599982006364,0.3309016988626698,0.17049483407339247,0.009199462607775303,0.1405873675632415,35.37403456589233,31.79400134757843,4.388206254512664,4.388206254512664,True,60.97558239869401,7.284020443042296,0.06955771914097457,0.0014728311121727476,8.398007083676291e-05,-0.00387665129391353,-1,,0
1667,0.648855998665219,0.03615932859438747,0.18605215294219976,0.12747068602757347,0.00045186772075353504,0.0010099660498667602,38.209222906209135,27.22009240438282,3.956880160625242,3.956880160625242,True,48.06575546818438,7.330969664507016,0.07129742717674481,0.0020225164661538636,0.0001859717026600612,-0.003304811437661341,-1,,0
1668,0.5283066462103607,0.0005546623503446202,0.11209247576522456,0.18133678202995443,0.010920860695243562,0.1667885729488721,29.356745837671987,44.67368249655503,2.360534571693582,2.360534571693582,True,35.64109602368805,7.344504643076238,0.12473095633400148,0.0014852566104518248,0.001072392341732577,-0.0018929308344320477,-1,,0
1669,0.35343753756456675,0.22989886492067352,0.03469239736868565,0.09905490633885447,0.06478011709431536,0.21813617671290447,31.92001734476029,46.91773679360699,2.4587836653888284,2.4587836653888284,True,36.86667797430737,7.347888873015025,0.09296675620615172,0.0016766035960147784,0.0008096096677798197,-0.002147760656862191,-1,,0
1670,0.09906749491488959,0.469566997203611,0.15961452098548884,0.05720505410055655,0.006223633774965376,0.2083222990204887,29.147066660529113,32.40229904944922,4.324395869302395,4.324395869302395,True,53.49266339582813,7.196454992970839,0.07596468582486071,0.000755558378434909,-0.00013596649902627796,-0.004883326431840102,-1,,0
1671,0.2500241212046682,0.1133984744649711,0.14216555782412366,0.40988975408785533,0.006490610214158582,0.07803148220422325,35.73230187058904,43.14591391707981,2.867367228363366,2.867367228363366,True,50.67709103026857,7.405481028999712,0.11179260537926648,0.0025184395996030676,0.0014370676329258033,-0.0014757737398403469,-1,,0
1672,0.15944294113516852,0.030896789937459323,0.006055745729048631,0.025577122771936512,0.005935286517732177,0.7720921139086547,27.777027735016595,46.397486916698455,2.191871873138215,2.191871873138215,True,34.1661120226361,7.354823078558868,0.6038362350675698,0.001971642216029235,0.01650907359462987,-0.0022636961806467002,-1,,0
1673,0.09055546424552119,0.41808183075368444,0.12096493290079022,0.14174422728039374,0.125791857878506,0.10286168694110442,35.62856344344141,33.44437535657465,4.31163242568295,4.31163242568295,True,59.89597128044426,7.2810095842304445,0.05984995174746191,0.0013226250208397856,0.0001167506628817563,-0.004094345424500019,-1,,0
1674,0.2775422820302652,0.037159145917883066,0.12799872286939817,0.133203379318549,0.023111907227215667,0.40098456263668897,34.94181323613196,20.54198650707962,5.355472777890525,5.355472777890525,True,65.14564604493789,7.316271689282684,0.21925724780017208,0.002305501414990433,0.00011210227949045372,-0.0028210704809498678,-1,,0
1675,0.0814340384438218,0.10219602022617631,0.05838256634184033,0.38851849623656626,0.050679339731971106,0.3187895390196243,31.85376360755663,35.9640639674856,3.3755050049142494,3.3755050049142494,True,58.15428278792216,7.377222331327087,0.32331607471953305,0.0023088951319282934,0.006066610060159455,-0.0016564599801374394,-1,,0
1676,0.6542801965300005,0.01926453854256467,0.008303636903622623,0.06452997138958365,0.02973398236287789,0.22388767427135067,34.95394258948212,13.728728506698417,7.157921530302787,7.157921530302787,True,63.625862901106686,7.260449297290597,0.1786927509231294,0.0016445669293283648,-0.0003185032441068318,-0.0029823803460256857,-1,,0
1677,0.04734961745362914,0.07007656586977538,0.1361128759864565,0.5226329067438029,0.08418055781845567,0.13964747612788045,26.460825495235177,17.426307824694813,7.558742111859462,7.558742111859462,True,102.28905933752877,7.216324919868506,0.4952297025496514,0.0009756896370538606,-0.004056082944568011,-0.002633032132789281,-1,,0
1678,0.4333391871689876,0.3664927473936298,0.04322939629473487,0.1395153291792622,0.002730093694180342,0.014693246269205118,28.817702931444472,34.332030278854596,3.543096199584524,3.543096199584524,True,44.800396223498964,7.239855869626844,0.07423149997827017,0.0007903301014209316,1.0498851505592773e-05,-0.0037985412575994677,-1,,0
1679,0.42777511575146016,0.2681565344197852,0.1296971677093883,0.16439601382407484,0.003526662457533334,0.00644850583775822,28.556289280910857,45.268776930990825,2.689960243173967,2.689960243173967,True,38.42333331344559,7.2772122630097655,0.06715824432970484,0.0008687843976745506,0.00015491422148030185,-0.0029408642504492,-1,,0
1680,0.3730524834609923,0.03173898280159936,0.018813507765227645,0.30543808261093797,0.0017375554869721666,0.2692193878742706,42.51492032719294,21.81310304306932,4.907691107877248,4.907691107877248,True,69.97752074454048,7.4307406863040875,0.186708599705079,0.004908674424456464,0.0015343286515732235,-0.0018344763951137748,-1,,0
1681,0.03606032465046618,0.05500935600828917,0.14961879293014435,0.45211477966724695,0.06697565717637002,0.24022108956748314,33.508452596674715,48.361055360497694,2.648243658910207,2.648243658910207,True,51.351086709856176,7.417989049637076,0.20302714267704314,0.0026351858170668976,0.004622753900833157,-0.0010110540666350709,-1,,0
1682,0.7957393034737434,0.10308131193512932,0.08535403895150316,0.008245051826361424,0.00021451798784692072,0.007365775825415685,43.88738438315548,38.596675570596716,2.632465368152854,2.632465368152854,True,33.33796391968383,7.414945676231919,0.05230059562699617,0.0035116156638357824,0.00048339368844124687,-0.0027517215944293833,-1,,0
1683,0.279477217264456,0.4217933516330212,0.012723364020305123,0.09671956592990312,0.020523604058040105,0.1687628970942744,26.378779034651096,33.7336050164559,3.7022612495383087,3.7022612495383087,True,46.377496037494566,7.222548002553318,0.09838042430344592,0.0007385048024992401,-0.0001425544686508865,-0.0038373688548248024,-1,,0
1684,0.11401825941613626,0.33750147259796415,0.04450872764351123,0.08019816265359815,0.10763991035561621,0.316133467333174,44.78155870084515,47.876649136959216,2.6653140167604747,2.6653140167604747,True,42.982678321568635,7.467575086328118,0.07627710148776026,0.0051228658491811515,0.001249147252218987,-0.0017960331459081194,-1,,0
1685,0.1526506873002496,0.08486083420192547,0.11784172114171171,0.22931619097538816,0.35023500416795783,0.06509556221276712,27.120049850398857,25.838692123614745,5.142520614078076,5.142520614078076,True,67.03586539136548,7.222210746512946,0.12418403604692946,0.0007505229578278572,-0.00027749156772315244,-0.0038814892112677985,-1,,0
1686,0.0426370082050058,0.0375123670745085,0.10771146494386816,0.04655764695879496,0.08518788825739952,0.6803936245604231,31.310734918056788,15.189124276196221,7.353826535609295,7.353826535609295,True,76.93390821595229,7.219351992333665,0.5583229502001066,0.00166884874004251,-0.00527469525585011,-0.0028790608443988743,-1,,0
1687,0.0898543145441711,0.5990074892056652,0.07478265340349928,0.09811932187740956,0.09635415021964876,0.041882070749606176,38.89596622497522,20.95393457440947,7.294732164715168,7.294732164715168,True,80.04789241351207,7.151866456939345,0.053475182778666495,0.0008780551970642673,-1.1032412545320767e-06,-0.007138064550944335,-1,,0
1688,0.1873038080241403,0.07012558715883487,0.39262415854580823,0.1289576216193082,0.0019433952829028816,0.21904542936900548,34.95935117557331,16.326714546082258,7.847070860784669,7.847070860784669,True,80.68184884409104,7.187167041015944,0.10972411309588982,0.001269644973181288,-0.0004158936287012295,-0.0046224990054476965,-1,,0
1689,0.28229109880220654,0.09944941925681544,0.10917632339873946,0.3570227459031685,0.11196161065427306,0.0400988019847971,44.07699779900291,15.799301327885704,7.816837886582054,7.816837886582054,True,99.0986289647358,7.363160402487298,0.10192284216298572,0.003597148639591342,2.3622870723533858e-05,-0.0025874411364909594,-1,,0
1690,0.22249983346706317,0.023574032873710564,0.09250744890290465,0.18390689453087905,0.38460332336410996,0.0929084668613326,35.43774307701266,17.8791930127595,7.02539228586122,7.02539228586122,True,81.7682224472676,7.257877238589719,0.11233428598331234,0.0015087690442703754,-0.00018312033763858465,-0.003752875890281385,-1,,0
1691,0.15657772170877124,0.31288057464290797,0.11984379691643716,0.07711171619708429,0.07850689683071016,0.2550792937040891,26.527236069452186,18.092344753683925,7.12027605654332,7.12027605654332,True,68.45575417606914,7.110656583530942,0.156427217026741,0.0005945796390793832,-0.0007806540677880139,-0.005386982750310454,-1,,0
1692,0.4547628853011529,0.12077383118368192,0.320753859019282,0.07922392560969982,0.004883506442554381,0.019601992443628972,34.86968315526434,36.07262084230297,3.35901521115709,3.35901521115709,True,43.30482391160449,7.288752628675549,0.055827470117543264,0.0012858612359185144,0.00016686709490062516,-0.0037437113776748383,-1,,0
1693,0.6329842244152281,0.18681663400870455,0.07149596927038264,0.01574094911188501,0.03131477687798222,0.061647446315817526,26.74679630143567,27.64074495617074,3.904841820928791,3.904841820928791,True,40.12273419650701,7.2038792306248265,0.09393593486079577,0.0006732832195752115,4.55429408673633e-05,-0.004190315414271677,-1,,0
1694,0.132177759242744,0.1636729836279023,0.08437300110736634,0.33033673566312804,0.08261863642856707,0.20682088393029227,36.62494045706704,19.36902704844246,6.503401661273883,6.503401661273883,True,87.4824582277325,7.320314511294173,0.17142208529749792,0.0023839293702952093,0.00010534423056376018,-0.0027454610437634584,-1,,0
1695,0.24135998800403594,0.4891846274036212,0.011086263880068923,0.19331963498386143,0.00023484756692799616,0.0648146381614846,29.4026216046619,28.670117036757603,4.634350931623165,4.634350931623165,True,58.276026997178484,7.215584861901064,0.08489812167331089,0.0007908305037276757,-0.0001613395600269346,-0.004342600447305368,-1,,0
1696,0.2761481276607989,0.0187451845885333,0.21425903153077963,0.3243074179075684,0.038846729792267456,0.12769350852005232,44.80884357850644,49.850602517565335,2.415595471056921,2.415595471056921,True,43.51398082616884,7.499851331199133,0.08536824480992977,0.005531847370156831,0.0016231559312629065,-0.0011377293190234139,-1,,0
1697,0.09547559598167071,0.08128574222537355,0.011465349424957116,0.16604373851869106,0.6372282327866756,0.008501341062632008,44.59243362248576,26.9234554520131,5.1866772375020185,5.1866772375020185,True,74.69754677000341,7.399909697803735,0.05975048977106414,0.0032209953179572655,0.00039533036831328455,-0.003142513387202046,-1,,0
1698,0.08910276412480539,0.2620253867563498,0.3250535213166237,0.2554419150793795,0.0646723793858704,0.003704033336971143,26.6136075682933,22.94293748997334,6.533738960377125,6.533738960377125,True,76.98551833557887,7.112550125460595,0.097100219749714,0.0004125228729187416,-0.0003528298657504519,-0.005961517914750375,-1,,0
1699,0.28328861300227515,0.1428836134326918,0.05196040101448012,0.13934797031344473,0.04549151814577951,0.3370278840913288,26.904672205767508,28.127677401962643,4.005884156306987,4.005884156306987,True,51.40300157166472,7.269867371344717,0.23204040350142216,0.0011400333022093877,9.824600867175183e-06,-0.0029196071000941333,-1,,0
1700,0.6211270902702805,0.06856450062461773,0.13261803007761785,0.12284195953025262,0.02222050833337153,0.03262791116385975,31.793249276085938,17.21414886537932,6.255440726727021,6.255440726727021,True,59.53786834939668,7.211675269459892,0.11919597367765486,0.000978877107704382,-0.00011059293401269304,-0.003952652645225237,-1,,0
1701,0.32843893867227825,0.07316376085594192,0.2772016082049222,0.14929213346807618,0.10705495660124913,0.06484860219753233,39.32199941317494,24.284623835864743,5.125928615153648,5.125928615153648,True,63.97886918936361,7.307252676177792,0.07021198864285934,0.002002608893540464,5.644503591606942e-05,-0.0038319259869269346,-1,,0
1702,0.571290320630156,0.1404140227253272,0.07479925411598282,0.009878644185784928,0.011474503693228059,0.1921432546495212,42.037357114930884,19.639086410524694,5.375817197000114,5.375817197000114,True,55.79064828923081,7.328108973934514,0.08266734766396841,0.002843702928371241,2.404134954499097e-05,-0.0035516037308121018,-1,,0
1703,0.44017501451400776,0.02528408957756327,0.12833586930064905,0.2732895096629023,9.532417057474451e-05,0.1328201927743029,35.767869801732495,17.365568685967297,6.367484411317127,6.367484411317127,True,75.0941698735236,7.3018945237339565,0.1591069898820271,0.0019789015201459657,-0.00030068958590475823,-0.0028394787557281796,-1,,0
1704,0.36382074668047504,0.06736208439440032,0.0060504725077561656,0.19357586185540293,0.3361802548041681,0.03301057975779756,28.231572487430437,34.48893508168062,3.4477498071760335,3.4477498071760335,True,48.46833647338814,7.290456235419785,0.10572864217795759,0.000989700002003063,0.0002528884007380994,-0.0028345922344948657,-1,,0
1705,0.321921878582589,0.46549262235575145,0.0567411810373534,0.03766521794028851,0.097133791936136,0.021045308147881494,36.30296225391774,31.93055367333061,4.143732865880197,4.143732865880197,True,50.10461314557822,7.251885498335365,0.04929150578109886,0.0010877702929747066,0.00011647678151489154,-0.004862390832172852,-1,,0
1706,0.3833457838243257,0.23683389511115616,0.08052085744130116,0.047327347351231897,0.00027063602286587547,0.2517014802491193,30.012177488061198,28.110869804512713,4.042806809444247,4.042806809444247,True,47.38787696669641,7.257887745350534,0.11631732345752141,0.001174925958335074,-1.8547201146919217e-05,-0.0036144691695146336,-1,,0
1707,0.17087278326143526,0.02143033412556319,0.03180985996336833,0.20424813333080916,0.01923284436474271,0.5524060449540815,26.75475566165271,38.85080583695542,2.7626825576817424,2.7626825576817424,True,43.60734926322857,7.328455428197843,0.6279869254849074,0.0016176000813387108,0.012584168459694747,-0.0021937617933468203,-1,,0
1708,0.3243593970376436,0.1366717573321857,0.06579584232933838,0.15315732628862275,0.02391208888444282,0.2961035881277668,29.433942967536463,17.735414393062236,6.321511349580735,6.321511349580735,True,67.45794732999595,7.223710392256981,0.2346959109234038,0.0011484778365280451,-0.001235808165640147,-0.0034626954630010186,-1,,0
1709,0.05839893238948236,0.20435567504023455,0.2333600547389427,0.1956955069490237,0.16295430941699915,0.1452355214653176,31.297569565550063,46.09479681052568,3.0529314273184966,3.0529314273184966,True,49.08595521406128,7.3168719256901635,0.07527589264529724,0.0012415803441200178,0.0004145681344971796,-0.0026037415320009734,-1,,0
1710,0.3238076354523344,0.0002692102778564426,0.190210718412528,0.2711816570312075,0.19259185782354507,0.021938921002528408,40.92933296567085,47.8756916453503,2.5601295751454796,2.5601295751454796,True,43.76056087807563,7.444908004985786,0.06863485264467227,0.0033309105544766745,0.0009540457478844116,-0.00161888465398779,-1,,0
1711,0.08133633400075159,0.4883706033140143,0.3023765770137227,0.0978305407773143,0.00253901048791313,0.027546934406284133,38.03924692066171,36.516860441283505,4.316620536505486,4.316620536505486,True,58.389210787489546,7.24546593119531,0.04014514553934428,0.0009088208722073125,9.716816330517174e-05,-0.005510335929289297,-1,,0
1712,0.3740853564049817,0.20197771735710163,0.07289224849102342,0.31155056780049994,0.016307168439062568,0.023186941507330684,34.60061998852434,46.20745293467902,2.6045224259367865,2.6045224259367865,True,43.14411591979198,7.378245133722691,0.08135545461006502,0.001959354448614766,0.000750210604983722,-0.0018566049022390291,-1,,0
1713,0.15997749264387623,0.15514685949015564,0.029264623782620323,0.06753688362283804,0.015804590430509337,0.5722695500300007,35.21754298540658,24.20240283180099,4.558127199952825,4.558127199952825,True,58.91488124277155,7.344168172872618,0.286715309882262,0.0027944553659522225,0.0019250828541884243,-0.0025778648707530487,-1,,0
1714,0.14834360430082955,0.036859049473915155,0.09673088334979117,0.4110253481993847,0.1872448312149472,0.11979628346113225,37.8075001983533,31.845579736038538,3.961644208669598,3.961644208669598,True,66.9905791874281,7.413773895556511,0.1488148768053442,0.0031491986368858875,0.00200079042728722,-0.0016532060711382305,-1,,0
1715,0.29126364699487894,0.019797492235249275,0.0013793598610756916,0.6156469891788224,0.04829145814071189,0.02362105358926174,27.48039630619791,25.709016556497183,4.565710249747317,4.565710249747317,True,74.07857562683778,7.3163174304666825,0.44052163300451885,0.0013358636880203682,0.0027986350298925167,-0.0018504488362732594,-1,,0
1716,0.020924100937694395,0.0235844451543555,0.7238391966686523,0.1430405210182581,0.03877233142779122,0.049839404793248575,31.2665082218896,43.87335100044527,3.630271204510264,3.630271204510264,True,53.74870756364428,7.228252968964722,0.04765890142668235,0.0006092858501945574,3.5854121671547226e-05,-0.004581728399129824,-1,,0
1717,0.08451158668995166,0.43731440000780203,0.17817864506216366,0.12030781296274283,0.06290132042589512,0.11678623485144464,32.57685113946218,42.86220930555571,3.4041291829959572,3.4041291829959572,True,49.67491046341142,7.274624780351998,0.055730016283241535,0.0010152504571869633,0.000139962288572555,-0.0037268785951831375,-1,,0
1718,0.18336659508652578,0.22068534911381577,0.11259966545168912,0.0329414746406267,0.054210867374815945,0.39619604833252675,33.84779187801891,40.1400225378244,2.965458272654898,2.965458272654898,True,42.84856086854257,7.351897042900948,0.11829607157687552,0.0021503768052809386,0.0010892270827632187,-0.002393086774615284,-1,,0
1719,0.12997956029566823,0.3093661525181573,0.006470936838446924,0.12455514912765231,0.0002205652517335275,0.42940763596834175,27.705638570223798,46.986008786338495,2.5392217302066253,2.5392217302066253,True,39.844521429434906,7.329860368357234,0.18439258764428892,0.001450018046737252,0.00196493118269552,-0.0019097163650612235,-1,,0
1720,0.20362524802549795,0.022467499758182453,0.05784827639058662,0.1303062475622093,0.25030932538849815,0.33544340287502555,34.611197815978365,20.391929825052255,5.665500569433526,5.665500569433526,True,69.67454766520765,7.307276491136246,0.19330358731327651,0.002094113169816848,5.563335238439369e-05,-0.0029982776048484414,-1,,0
1721,0.30444914450013283,0.22334908111458351,0.16956749447280337,0.13849120132527282,0.027884144169606124,0.13625893441760137,29.829792127296137,20.603091542998875,5.991913388501055,5.991913388501055,True,64.32663280858063,7.1867199494100245,0.11543063525906046,0.0008470390395746704,-0.0003669423647393111,-0.00457790995894298,-1,,0
1722,0.398023962596559,0.047510768045193455,0.15516740398989362,0.28103671026268473,0.10852173735494638,0.00973941775072272,32.33448345835935,38.70078130702467,3.067638913529637,3.067638913529637,True,47.230506747024215,7.340775542509684,0.0905448068541312,0.0015144051906067733,0.0004946488784275292,-0.002312694558632261,-1,,0
1723,0.4447878583337847,0.09351926426326201,0.05355571274983673,0.06679921988321802,0.17165937051553204,0.1696785742543665,43.992060858015876,36.761497204945286,3.0237913483787815,3.0237913483787815,True,43.07203995360387,7.441572461020838,0.07401877544023025,0.004362590107579665,0.000800576938245487,-0.0022585231606371582,-1,,0
1724,0.03440520701254733,0.18744062094877953,0.16842979960475052,0.20128515189472726,0.3872486602668081,0.021190560272387332,35.94332541888201,27.943912320685385,5.3441697910068635,5.3441697910068635,True,74.55045640102996,7.2746508060898885,0.06379007410090398,0.0012455044977214508,0.00010658001325228093,-0.004236549456672742,-1,,0
1725,0.012344016795197596,0.40892408121651086,0.04947396240058277,0.1113949904611658,0.02584138772897742,0.39202156139756544,41.563889340752326,43.986288097842795,2.9910938466747825,2.9910938466747825,True,48.3890279780707,7.431838162571227,0.09755372888356052,0.00421163761890731,0.0015001157899625496,-0.001893106466388668,-1,,0
1726,0.3669007421455212,0.00044087296315406565,0.5906154905531366,0.015859250995202866,0.0020503416413049534,0.02413330170168033,30.86075348865637,48.136809946137205,2.7005712548505985,2.7005712548505985,True,36.27701506913711,7.25021482412326,0.0456590291562463,0.0007575128896646925,0.00014050132006336358,-0.0038554637280835526,-1,,0
1727,0.015366834162773154,0.1428251313829152,0.20094508505778214,0.4707100279296384,0.1048764757455198,0.06527644572137131,32.90230726412764,42.00312276766111,3.3909275421881575,3.3909275421881575,True,62.09442125435008,7.371589398488731,0.1137831700464055,0.001811203784180164,0.0012986928907016456,-0.0016489123665015316,-1,,0
1728,0.40055549231381,0.1823903599792105,0.2065945404451318,0.17927290608753327,0.02678525737149766,0.004401443802816825,44.33639756164467,38.14632403422445,3.2285323923644857,3.2285323923644857,True,47.57903118065116,7.418105644388893,0.05277525032876948,0.003428143386601823,0.00040148501146054,-0.0026956326703158344,-1,,0
1729,0.13649581816132947,0.00929196954638857,0.02799239873580817,0.17563190424328115,0.2885236322680823,0.36206427704511035,28.231014529023874,33.44547820695723,3.4976926861158155,3.4976926861158155,True,52.16505864839529,7.3236896303605015,0.27937904735731595,0.0014997620163357702,0.002660683257414186,-0.0022512256084117705,-1,,0
1730,0.21181936491992465,0.16249174970202798,0.04724063198498152,0.3688502630664501,0.180062792819604,0.029535197507011852,27.375542461911568,41.56568159475705,3.0947920294882336,3.0947920294882336,True,51.217286672727816,7.313686066199076,0.11896069912837146,0.0010352431158246436,0.0005757814061417824,-0.00210050345805778,-1,,0
1731,0.11217516768818614,0.05888976998281107,0.20659930363336151,0.3454704249836097,0.07634837026741133,0.20051696344462025,30.62630347747766,37.80859292240074,3.375069513954873,3.375069513954873,True,56.11997211954098,7.3453091817000065,0.16639245212040227,0.0016731017225688405,0.001529307273470414,-0.0019406366030858065,-1,,0
1732,0.11492635186686634,0.13846691698713287,0.031483011177984306,0.4690753703706752,0.22197933185807356,0.02406901773926775,43.201793482603975,17.240394026806896,7.748804385853088,7.748804385853088,True,111.38922137260117,7.387981101346664,0.12348110920076077,0.0038742767315331655,0.0005233245764713526,-0.002196127695262598,-1,,0
1733,0.12600334852732567,0.1417530345258414,0.20120277817255494,0.13505741458713594,0.0891396496854557,0.3068437745016864,32.85715677202334,35.88475152294265,3.5009577204304314,3.5009577204304314,True,51.48298873726594,7.330763599139715,0.12188744367159864,0.0018302996562861603,0.0007472298047605633,-0.002613539428431658,-1,,0
1734,0.35007509931036956,0.05547868673432089,0.11845249705070995,0.038205115265359815,0.13283120152082914,0.30495740011841066,25.58143228337594,26.263925748078517,4.237373373462214,4.237373373462214,True,48.11394840866318,7.229029123186239,0.18358564947136347,0.0008624280652438079,-0.00040463172181681733,-0.003579819948490285,-1,,0
1735,0.4335236782690387,0.09231020499980408,0.029055029784857484,0.10084695626154076,0.1941077421156116,0.15015638856914737,37.98418053163841,32.95936832609954,3.3922719496489377,3.3922719496489377,True,46.70559793004209,7.37645587054166,0.08900467398266704,0.0025810064830385096,0.0006400936389070576,-0.0025678260437644856,-1,,0
1736,0.23756874911705514,0.035234481336363324,0.3131253088385698,0.202666406960079,0.06590653017630226,0.1454985235716305,28.12482479521285,28.027737754695465,4.478193610324929,4.478193610324929,True,58.32372664477642,7.240793051568199,0.1235196549420581,0.0009281236705893049,-0.00025927962366270704,-0.003610008703371677,-1,,0
1737,0.1300267660646585,0.4701555480656596,0.15605889331783698,0.2125358946968131,0.026361112702314553,0.00486178515271724,32.38942092362505,20.968096091735994,7.062315804052174,7.062315804052174,True,79.93060956171028,7.135585517052799,0.0746464499601683,0.0006237233355370557,-0.00013622922993843898,-0.0061803843319219575,-1,,0
1738,0.3275137168391113,0.18627396106915703,0.2670583371331947,0.09887473568964099,0.11786548781003035,0.002413761458865701,39.585424877207785,22.38608120108737,5.826826750201028,5.826826750201028,True,66.00522048536327,7.247158783390589,0.05661572139283011,0.0014070317635996369,2.0080246861916137e-05,-0.00506175765664855,-1,,0
1739,0.09357290525753592,0.295697521154512,0.11927224052941303,0.25468998649888086,0.023174801640763673,0.2135925449188946,35.80283904666058,46.92894141078466,2.8235857929215884,2.8235857929215884,True,48.06040623007498,7.387968962702211,0.0942650687662977,0.002385543412444583,0.0011315782488590428,-0.0018184871730243636,-1,,0
1740,0.24549707370523696,0.03914425023451043,0.016154559942700677,0.49211885150723633,0.2039228106941993,0.0031624539161163212,35.785519645071645,34.680916406422426,3.5546654591859186,3.5546654591859186,True,62.531383131097606,7.411091261942081,0.14307850589752508,0.002598746423974974,0.0019260856969163323,-0.0014429517839488104,-1,,0
1741,0.2515902892325878,0.3404642415642522,0.08063756218879213,0.26052415992453554,0.029808578238118593,0.036975168851713903,26.464919723351027,17.125365749669452,7.650427151692304,7.650427151692304,True,78.75179000125297,7.121498314489736,0.15388725800185,0.0005228535476762043,-0.0006565816397426994,-0.004844613141710633,-1,,0
1742,0.11017838448065909,0.07119759085054192,0.30143251835345264,0.07597136598417799,0.1532999721669015,0.2879201681642667,27.01902398596227,40.592517934233605,3.1780971660894908,3.1780971660894908,True,45.39845912518225,7.27092201199239,0.11208710786990142,0.0009756610740833534,0.00023783942172079454,-0.0029858532322507188,-1,,0
1743,0.504369768335271,0.024531932265107123,0.1287292968956473,0.010307690500534136,0.03709264901171387,0.29496866299172647,41.71842161833685,17.458211727783105,5.968486307142595,5.968486307142595,True,61.37148710225483,7.331132303785072,0.1075246426752371,0.0031087239101419114,-6.242288354778724e-05,-0.0032264593867400095,-1,,0
1744,0.17577036619412092,0.077771343027508,0.09868844642291644,0.3292578438534272,0.020327491212955892,0.2981845092890715,29.38543501846182,22.928291579711313,5.133369041678401,5.133369041678401,True,70.94579705317675,7.28837574634031,0.35959578465692793,0.001510932696358623,0.0001214011889617961,-0.002540319159302206,-1,,0
1745,0.06304161100269204,0.02709787627062418,0.6657367871049749,0.031722841993808974,0.1851150537946447,0.027285829833255337,36.82155233907671,34.871847752000775,4.525153754239634,4.525153754239634,True,59.15551905270856,7.215174061742433,0.04097174386714996,0.000698522040287805,9.725567523219324e-05,-0.006102496950169071,-1,,0
1746,0.3616755623278947,0.20352786006620002,0.04279355340150748,0.3363293144521381,0.009511571897841478,0.04616213785441828,38.73507917082915,46.207710248538504,2.5812325289837195,2.5812325289837195,True,44.2406789513946,7.427565915726184,0.08399584888556517,0.0030283764673554817,0.0011054593686649888,-0.0015415300606355976,-1,,0
1747,0.43602970679758957,0.05867432600535631,0.3616042631190231,0.09676819021662274,0.02833989431885049,0.018583619542557828,30.900802809930763,36.35035956827103,3.349404780993031,3.349404780993031,True,43.08178954558699,7.256582579626289,0.06361674351743427,0.000919617136088542,9.170234900017424e-05,-0.003782287563733158,-1,,0
1748,0.25214865879269566,0.12640335731951668,0.3775783883016027,0.21114807980808298,0.016309574535199038,0.016411941242902895,36.19445691555384,22.233489616502684,6.037657865128694,6.037657865128694,True,72.92583143483856,7.233606313643446,0.07076603163978512,0.0012173338825618414,-9.001431623565331e-05,-0.004674915997632133,-1,,0
1749,0.29866703418342266,0.03223144774031248,0.2277836807484378,0.24801100458961553,0.019765837570133407,0.17354099516807803,39.240020536641026,39.11494852090408,3.026226586000015,3.026226586000015,True,48.674601353167134,7.416792932752008,0.09996529733887026,0.003304089017632154,0.001188205190961779,-0.0018434447625142493,-1,,0
1750,0.12547926932033834,0.11916026274589982,0.2218746815418078,0.09956513398907449,0.33674462659796206,0.09717602580491747,43.306530553799234,30.743223694054144,4.486513888914764,4.486513888914764,True,62.94887408358834,7.371494770712862,0.05573555796754298,0.0028289250548551898,0.0002958588657086669,-0.003511491367283354,-1,,0
1751,0.39457050718417186,0.22135728292154805,0.15844344871822247,0.0907660369631605,0.11668640642000395,0.018176317792893037,31.43244676438492,43.10962679440082,2.876002009314172,2.876002009314172,True,39.70387085662566,7.286864637892683,0.057860092858200075,0.0010155865874187297,0.00020164829556715605,-0.0032647794735815527,-1,,0
1752,0.14536621213930043,0.33955407224618006,0.022152155027729218,0.30605300831563614,0.024839712154233744,0.16203484011692043,40.41620563664785,30.012624576778816,4.328991280327541,4.328991280327541,True,66.77364476083459,7.394360486132451,0.10195349684114698,0.003326902643286905,0.0008037339850754479,-0.0023235487613074315,-1,,0
1753,0.2288437946895391,0.10310982968459438,0.2010525034321961,0.11840275922397091,0.177451408932805,0.17113970403689457,40.35714751267622,20.715024083090434,6.050229575285805,6.050229575285805,True,72.55546759868798,7.305858710891898,0.08383254106800658,0.0023909880070767577,-1.2506674543335495e-05,-0.003790715664062376,-1,,0
1754,0.7061445587904223,0.05208088505905518,0.048370998276236074,0.07794934387355662,0.073096755717109,0.04235745828362092,36.79012660806936,44.60733819151502,2.301737546036115,2.301737546036115,True,32.30554769510535,7.385547752188148,0.06799919585058799,0.002306301511638708,0.0006974412748922478,-0.0022070278734198315,-1,,0
1755,0.3909012902859875,0.053632635839316364,0.0510276307786661,0.2312570019401379,0.18482246326579754,0.08835897789009466,31.35969009233025,29.341999297229727,3.915206335693546,3.915206335693546,True,54.111402395734494,7.314421098502717,0.12645235317738485,0.0014449218242771943,0.00034239898650627277,-0.0027188359932396045,-1,,0
1756,0.03403345209999291,0.1812355554674008,0.5397871107413127,0.11735750107422227,0.005352182323116636,0.1222341982939548,44.02089708345779,41.928473678869466,3.634438264285025,3.634438264285025,True,55.38993086322669,7.377420441859209,0.042694898112872096,0.002612092122660424,0.0002834017357045503,-0.0035471700186154396,-1,,0
1757,0.029370210375382875,0.06426614488085293,0.028598014192641484,0.12509274271553233,0.5146687397577706,0.23800414807781986,42.74078040661105,25.409882435617853,5.184647719276069,5.184647719276069,True,73.77721004568221,7.398311454029363,0.09964584498774438,0.0038914394022574713,0.0007803833187739348,-0.0027241883811344866,-1,,0
1758,0.21241407235017776,0.07957089778057652,0.041345575194335314,0.1374336259683338,0.4496257527871922,0.07961007591938438,35.37541166432618,29.170935291849975,4.3809103807578325,4.3809103807578325,True,60.127779459567726,7.320928336849169,0.08291410695329698,0.0016656987807035883,0.00030365849504584573,-0.003261896188248826,-1,,0
1759,0.2238303879646449,0.5180635991403247,0.20149170389108964,0.019787492599865588,0.027123225408961928,0.00970359099511324,40.96864381600269,46.344710900600475,3.1343817886470045,3.1343817886470045,True,43.34857650973661,7.321911243636957,0.03390038344794681,0.0013835949109815724,0.00021757645332253558,-0.004285855086471287,-1,,0
1760,0.04943017426656508,0.2075862595832198,0.45658810000859684,0.0038688568931766728,0.026466594189371622,0.25606001505907,39.62278753816119,35.07264944521211,4.065022977817754,4.065022977817754,True,54.781384444391804,7.307174225265841,0.054962932730463675,0.002022364333342171,0.00017962598373247096,-0.004215166535585636,-1,,0
1761,0.06735943780968319,0.3834575009001809,0.21245983780295494,0.11789342871968751,0.03826793864020481,0.1805618561272886,33.54858381697007,30.413036683029368,4.690638145555796,4.690638145555796,True,61.52593192565581,7.243110119423194,0.0711474650533989,0.0011619011752726385,-2.7642988719487793e-05,-0.004506635686027959,-1,,0
1762,0.4277230664242968,0.015550073576227978,0.14261144454887986,0.28750508606585273,0.0021789672688298195,0.12443136211591303,35.060916096553555,44.238832006965,2.51911925198666,2.51911925198666,True,41.58540567557697,7.400049326666858,0.11196714484194653,0.0024566145936157197,0.0014000599346393025,-0.0015852655480758867,-1,,0
1763,0.6619694185910908,0.04903293873239594,0.04645688760290193,0.14656593295653925,0.02507013806073379,0.07090468405633851,39.185480222844966,41.82834488500019,2.4608166806884113,2.4608166806884113,True,36.060677723549254,7.416272463712073,0.07854358282586239,0.003069532553315582,0.0009029346954063683,-0.0019726242178256135,-1,,0
1764,0.07141991173533282,0.06582002783838,0.08837595459658339,0.4398454649024503,0.11425718571664983,0.2202814552106036,32.80969979537042,31.158929476518324,4.045776729523885,4.045776729523885,True,68.44534919828048,7.371998851229038,0.2724130005710966,0.002298431345940614,0.003984117455142644,-0.0017615386805692264,-1,,0
1765,0.23089472280075646,0.09750473305542569,0.07337304024889968,0.011723151877298893,0.15051276796592758,0.43599158405169164,25.66967137994201,25.319917686773742,4.443980747206046,4.443980747206046,True,50.74228456426111,7.232136073345572,0.2508727258818702,0.000966869276186204,-0.0007142180249920831,-0.0034906741874190105,-1,,0
1766,0.25256023843784375,0.02753846301197918,0.1085525377785728,0.5228299363421686,0.05924780386092593,0.029271020568509797,34.48832089785288,20.208355983963266,6.057030295892812,6.057030295892812,True,89.50741563929593,7.339219193922166,0.2119845096462883,0.002100518524206106,0.0005854965231183982,-0.002154586078384329,-1,,0
1767,0.0588541402029438,0.040161200209611246,0.1284680445605486,0.26834891666138927,0.311410935535257,0.19275676283025017,25.624819579812996,37.616324351158084,3.4884798887750024,3.4884798887750024,True,55.02602631846764,7.291373545807723,0.17306193076468238,0.0009737533098808165,0.0007842481902726328,-0.0023915553599276962,-1,,0
1768,0.2653480033375867,0.2524784879706416,0.32673049716286423,0.05360627446957881,0.00311768964015489,0.09871904741917395,33.70175501697686,26.62712772448937,4.980622813443752,4.980622813443752,True,56.54175194608773,7.2000454760237815,0.06345359131418885,0.0009164171904026275,-1.9910710581706852e-05,-0.005365308970194084,-1,,0
1769,0.126853116206371,0.6341905031941181,0.16962700565898378,0.03246753015496123,0.027083325494671844,0.009778519290893937,29.999735080570176,31.513215959920686,4.962441436860254,4.962441436860254,True,55.908812861992665,7.094396099495695,0.05211441739744333,0.00028236703072514997,7.512722652276772e-05,-0.007765560051608505,-1,,0
1770,0.24640958274285835,0.3410692730238797,0.012786359776320495,0.18404399979808753,0.07881608020303664,0.13687470445581715,33.76053562541463,28.95937892116364,4.351843346177853,4.351843346177853,True,58.367980403904554,7.295772793210216,0.09363469267204612,0.0015234923445632631,0.00012146689893759185,-0.003366183951557611,-1,,0
1771,0.09333290575406306,0.2123166429886848,0.08071489033192294,0.04085566812792262,0.11775741581934666,0.45502247697805986,34.01849494631989,18.294915009575256,6.613794955392487,6.613794955392487,True,72.16643257250455,7.245164901303777,0.17657642740131177,0.0017603070273325128,-0.0007354451102019653,-0.003816477915829715,-1,,0
1772,0.08197766909046685,0.42889928149078027,0.06178311905738423,0.3982138490128356,0.016402335668561824,0.012723745679971225,35.47564738739751,21.209204351885514,6.841381436990551,6.841381436990551,True,93.30544614146389,7.263224646802525,0.09380779957654657,0.0014437591948056737,-0.00011580604746819049,-0.003762707056382693,-1,,0
1773,0.4350286745937956,0.038146303525341506,0.14770180567477006,0.21335000759634226,0.13818328632690735,0.027589922282843307,42.200129961252074,25.85439335849681,4.5015637189595505,4.5015637189595505,True,60.86331417635107,7.384208230329054,0.07644923397163024,0.003127081641490327,0.0002889022980461692,-0.0028357035349242284,-1,,0
1774,0.031100182705859777,0.015076344499227795,0.4288794100740556,0.21509471581694592,0.15368633258461542,0.1561630143192955,37.775111115368745,19.955189125915158,7.1081291395681525,7.1081291395681525,True,89.42004709764295,7.254161039674346,0.08841269113885891,0.0017517636393519888,-0.00014505963961277855,-0.00427255355321216,-1,,0
1775,0.4547138995446557,0.2281810113323538,0.0457343539879731,0.06901766354789686,0.11057367124873078,0.09177940033838965,25.38812300988035,26.166181424531043,4.420085174656906,4.420085174656906,True,47.41165905503475,7.1867520551979736,0.11287792534927671,0.0005981175590996293,-0.00018519746896226286,-0.004334698852351181,-1,,0
1776,0.2091957089129382,0.20146949530223487,0.07607199246692808,0.01832309844577369,0.09781931399252947,0.3971203908795957,35.7297297911658,28.381886050470012,4.116874005930519,4.116874005930519,True,52.68896052507705,7.330364096808842,0.1277867633449841,0.002323234914314543,0.0005385251310340119,-0.003048878566940862,-1,,0
1777,0.31861109797187986,0.08699196188646673,0.39675140066763265,0.12052199798418563,0.003765559318198068,0.07335798217163707,44.2402872763772,38.27356695384113,3.3272379383111037,3.3272379383111037,True,48.13568156001712,7.402250855352497,0.05111875299683901,0.0032819472116725375,0.0003568377350262056,-0.0029929379423122775,-1,,0
1778,0.13528061734367391,0.08909885609352555,0.4178477054199475,0.08185784575607416,0.22254964352297718,0.05336533186380176,44.9133960125079,21.802403612558876,6.589167502683539,6.589167502683539,True,78.37303858088656,7.278999738063591,0.0484356650938973,0.0020828515281162896,2.100248028225422e-05,-0.005360463379093826,-1,,0
1779,0.02925874884628959,0.49491008985187984,0.2888282051210087,0.030330012110620176,0.13648904097933326,0.020183903090868663,40.78106559214293,32.22233870186456,5.131807685677873,5.131807685677873,True,64.96142075337619,7.214836524645654,0.037013830944705915,0.0007543802160384571,0.00010334917140412205,-0.007041487216025005,-1,,0
1780,0.4895219260188173,0.14810850134525574,0.017139273725541936,0.046371697451933445,0.08905572879924932,0.20980287265920225,37.235207088969986,49.43412801769311,2.181701692082475,2.181701692082475,True,32.62962200006384,7.4060051141534995,0.07989286472445692,0.002753986547977433,0.0010899903573177803,-0.0018742790512805308,-1,,0
1781,0.10702804566491426,0.15062823847511225,0.5420666416464708,0.04963160686146001,0.01881670953461076,0.13182875781743192,38.07974399502234,45.95267569347671,3.1683198720532717,3.1683198720532717,True,46.48442855173942,7.3188699428974395,0.04388993249363453,0.0015371500930977946,0.00023399064781831844,-0.003703507090545224,-1,,0
1782,0.45746642954376426,0.020727843495464283,0.24329068138253968,0.028400768279615886,0.0760610543223361,0.17405322297627987,39.51500469438494,15.095444868990002,7.434922831701386,7.434922831701386,True,68.88304676796172,7.244416673556578,0.09245420128158496,0.0018526922657187614,-0.00014650864427594707,-0.003996717826893111,-1,,0
1783,0.2281815579049103,0.3912974407705252,0.08510456958732887,0.10570857806140008,0.1526445861047976,0.03706326757103786,38.98847420644625,29.37262354741928,4.643211222904664,4.643211222904664,True,59.69997579587812,7.289537722407532,0.052931229767997086,0.0015541970911296295,0.00010721512086263325,-0.004437779938183345,-1,,0
1784,0.23640632731020003,0.20638545076185127,0.024472179580511035,0.37080144095596207,0.06803901054881413,0.09389559084266137,43.37595985964685,42.27337788761821,2.934234568499335,2.934234568499335,True,51.798237785041174,7.47703868322503,0.09282886838184592,0.004792099502973103,0.001537435123870826,-0.00131917838499824,-1,,0
1785,0.422507001876315,0.04917075278132895,0.02383856440119353,0.20926314430255313,0.2859498843251574,0.009270652313451965,27.082693752144504,15.356625746142338,7.576816087370347,7.576816087370347,True,74.14824338234186,7.162920825493817,0.19013016138518934,0.0006326903991694679,-0.0005639965573744117,-0.003904823292619465,-1,,0
1786,0.45259570544545713,0.07531093810845885,0.22133145332645246,0.11779961952208473,0.005950193892097202,0.12701208970544975,26.392220035972112,29.729794989784697,3.8303365053098055,3.8303365053098055,True,45.86470500431942,7.230493112918947,0.116538190402948,0.000786541007786451,-0.00016727365959551447,-0.0036183072354753717,-1,,0
1787,0.19410273984388604,0.14924756322733773,0.21610963929667612,0.3175615479638072,0.08986114118059753,0.03311736848769549,26.61543518414706,38.947133462987765,3.4225752751332665,3.4225752751332665,True,52.89236539826608,7.270956750885057,0.10086205805890266,0.0008119183805660488,6.653520458462593e-05,-0.002806711617190296,-1,,0
1788,0.16034193624628965,0.17990681210129628,0.046045670003609186,0.3793847657352985,0.03380921678422736,0.2005115991292789,36.04717162900865,43.4354007021257,2.841178525220011,2.841178525220011,True,50.92126691029893,7.420333882686199,0.14761539037747567,0.002957253723684507,0.0025540560511144133,-0.0012961565753533625,-1,,0
1789,0.33823808020186186,0.02767313487162602,0.37900203370547403,0.1437597269944868,0.10359402442224196,0.007732999804309362,30.595915773426327,30.76563136644563,4.152159582229433,4.152159582229433,True,52.569181763902115,7.233432167401619,0.07120308241765355,0.0008264331191157008,-1.2107608448078836e-05,-0.004213933612574634,-1,,0
1790,0.4781447630942595,0.09647123729307315,0.16248767155956223,0.23550775018922446,0.00098175424918922,0.026406823614691287,27.349593718210887,45.38440010601122,2.530096899183836,2.530096899183836,True,38.098792438447674,7.300266810672316,0.09165812799819782,0.0009801541722959533,0.0003156473192388792,-0.002324191649263406,-1,,0
1791,0.2421945037224657,0.05687313233891499,0.2458954717924097,0.27319033350322675,0.15205821810841674,0.029788340534566166,29.101011970463667,42.249259548919255,3.0646891107823784,3.0646891107823784,True,48.27135976111606,7.304192062779992,0.08624253936795871,0.0010383894663191157,0.0003031762846933727,-0.0025310182751854767,-1,,0
1792,0.38909509224674893,0.003513752420923701,0.21846683844669754,0.016713508793958224,0.3383706422015464,0.0338401658901252,27.116290553693656,34.57709979352664,3.524966949756944,3.524966949756944,True,42.6897842241824,7.222351057834411,0.07382185709688725,0.0006352974983305156,6.28600940690191e-05,-0.004071696020999665,-1,,0
1793,0.12210100101728762,0.415615256613931,0.3252799023281304,0.060906833495558046,0.05916314911672346,0.016933857428369573,39.92362601230251,40.04324641931484,3.8400811398796457,3.8400811398796457,True,52.88703080699488,7.284905737322744,0.03660494606630042,0.0011162678981119364,0.00015239490614856203,-0.004982024978208105,-1,,0
1794,0.4103085346369483,0.018382520489766026,0.015456234366321797,0.09544511764325492,0.024218526392888375,0.43618906647082073,38.98541618027876,24.26771198621684,4.177570109308224,4.177570109308224,True,54.40544329794261,7.39575613324701,0.20482052548271032,0.003748721945358625,0.0017423938444128474,-0.0022211386013844614,-1,,0
1795,0.16127718526737322,0.18938737810197065,0.2744361765358627,0.34894180370959765,0.015658599030033957,0.010298857355161723,44.517891845626465,37.381079143432466,3.708474598532233,3.708474598532233,True,61.6093691014605,7.437607835868941,0.06112552830179591,0.003814376934099142,0.0005868122361052901,-0.0022196518354317698,-1,,0
1796,0.33635616103870697,0.14463197047446624,0.0655145905516268,0.19041400038819675,0.09285230545614269,0.17023097209086058,29.368226662390917,44.91001033751558,2.59282665027688,2.59282665027688,True,40.13200613237183,7.333234647932301,0.11274631966236387,0.0013718873696225847,0.0008198923004595645,-0.0020638498174169843,-1,,0
1797,0.553517973640641,0.052049625031393404,0.0713008145560292,0.22248845377566429,0.010680969316549589,0.08996216367972255,37.06409320101699,17.05830612115598,6.261104351700606,6.261104351700606,True,69.80486557973924,7.304866089364504,0.13061143432928504,0.0020312960695960374,-0.00019259870479195176,-0.002962173467742217,-1,,0
1798,0.2314043797641304,0.16032760952013958,0.023714983356557532,0.04652763470234472,0.267592056163191,0.2704333364936367,36.13318801374898,20.23122613699973,5.907038197618534,5.907038197618534,True,66.70909841736521,7.277279303960277,0.11515099007358377,0.0018673317085239915,-0.00011372638448778813,-0.0037925914459461837,-1,,0
1799,0.2285493883944462,0.41152913115610174,0.08605597919642859,0.0661292625902965,0.0686325634991554,0.13910367516357147,39.6463684433563,40.91988104765709,3.2136725959654386,3.2136725959654386,True,45.86430443549714,7.3573905033308105,0.054038865172933485,0.0022432905322697233,0.0003593043651506222,-0.003159700403276732,-1,,0
1800,0.22643487727219624,0.029741504601581672,0.44187395132512375,0.25943553719173457,0.04250857150071536,5.558108648484597e-06,32.68613318207915,44.72619306116271,3.0325491614219136,3.0325491614219136,True,48.226545840138606,7.315944785058039,0.06145613427862331,0.0012006019977902217,0.0002492069379123015,-0.002772799193046828,-1,,0
1801,0.07497574738886537,0.16241500995692298,0.302363415990602,0.008284481117529477,0.05629238570265401,0.39566895984342626,35.739998768369986,36.21227400029162,3.545496756321833,3.545496756321833,True,49.449188359503985,7.332098294202828,0.0962100147757722,0.0021940987608672687,0.0005687060917923525,-0.003026383378068665,-1,,0
1802,0.3012689891736195,0.08343158960376064,0.14120150920214886,0.32333907785134375,0.0233255561393508,0.12743327802977653,40.66025670913685,43.1249115335008,2.7564054128032605,2.7564054128032605,True,47.412840786225026,7.449154131057407,0.09895391154247199,0.0038915842807572035,0.0015142595620539338,-0.001435391200621295,-1,,0
1803,0.19193187808293236,0.4305770226595436,0.11990251445724569,0.0762001464497483,0.12131062506995224,0.060077813280577666,34.525690861673624,30.351725550939253,4.609303442588495,4.609303442588495,True,57.06061699682534,7.228176396661134,0.05571342660312196,0.0009468791253604378,4.4468939704539004e-05,-0.005077283519116724,-1,,0
1804,0.28758969197420825,0.13037737726693988,0.41130218339170743,0.1032384891473322,0.00338196921498928,0.06411028900482306,39.36011714175559,20.533694349425055,6.396445262684301,6.396445262684301,True,70.14959001744721,7.225431600791531,0.06176623500300206,0.0014215691689529345,-4.767304777879091e-05,-0.00523433473259792,-1,,0
1805,0.2706188432025816,0.14957207264175415,0.06279269228131751,0.4921409788483313,0.018385697160582085,0.00648971586543335,28.915432044194493,42.00799772146013,2.954917340602007,2.954917340602007,True,52.04940525291017,7.34684768730166,0.1424963328573973,0.0013581867528428913,0.0011541814049331196,-0.0016079717256335722,-1,,0
1806,0.18415001785149904,0.17129163325930613,0.011423168988789183,0.5434771048348908,0.04469795775124431,0.044960117314270555,28.735095114228066,31.23025607744278,4.055560962672093,4.055560962672093,True,68.08035978577013,7.330136404373782,0.230687343349954,0.0014023558975194883,0.0016386182417026114,-0.001873951876543498,-1,,0
1807,0.25103192507843797,0.024929243950355135,0.05913910010699278,0.2841348046100086,0.2488442793065104,0.13192064694769515,25.609618182492987,28.606725433473727,4.1954628506609035,4.1954628506609035,True,58.80005789405827,7.267794520794324,0.20648655054967402,0.0009217611334012701,-4.666845366069823e-05,-0.0027782147809435735,-1,,0
1808,0.3744911142573164,0.2246335207224907,0.1516819561502391,0.07082811306223355,0.07080525848458526,0.107560037323135,44.123748301072695,21.160392136565058,5.7240580153797325,5.7240580153797325,True,64.87455263671329,7.322867271378223,0.06209526547109875,0.0027924815528669973,1.1263291540118568e-05,-0.00409084713470715,-1,,0
1809,0.15148141187853287,0.18211413732656906,0.03900784410310235,0.11383005625541569,0.14172466494210875,0.3718418854942714,44.18341078134097,45.507247063600055,2.621405410380006,2.621405410380006,True,43.3240273453107,7.483446174856312,0.10663553944135652,0.005752188600995329,0.0021206897460720187,-0.001429458031753323,-1,,0
1810,0.03840632843964989,0.07575418783543351,0.2052836199970611,0.5633690874509792,0.11342965022272565,0.0037571260541505785,30.662701527750222,42.67792257024587,3.3127881543501077,3.3127881543501077,True,62.931059449898264,7.365548084477177,0.13199586099230987,0.0015395675313429008,0.0015628357939864728,-0.0014280759256755486,-1,,0
1811,0.22415676739976692,0.09904651238553672,0.36702025818086065,0.2607580373672717,0.013313566060238693,0.03570485860632531,38.717346051376374,30.472895556190288,4.386268499065117,4.386268499065117,True,63.605947711255055,7.335240171577278,0.06715345685991528,0.0020449842033062474,0.00019697737675685725,-0.0032730236520028422,-1,,0
1812,0.016671505077887453,0.17069701291411862,0.13478377768050007,0.5910222385381803,0.056821570153264375,0.030003895636049334,33.45832286085749,42.62011023701827,3.3230132478128507,3.3230132478128507,True,64.66806081620126,7.397791762695173,0.13813709649889516,0.0021173549067182626,0.0021855741726556016,-0.0011902772904100565,-1,,0
1813,0.1432723153787197,0.4069725851585045,0.03848147861470387,0.15673388039833322,0.01866172547058226,0.23587801497915645,40.86158865390043,40.27745343770236,3.2250255997232307,3.2250255997232307,True,50.1032965932403,7.405772389906506,0.07816716479080735,0.0033549143299782293,0.0008174555586957556,-0.0023007753488716995,-1,,0
1814,0.07548645510452752,0.1723568093715231,0.37617410400824897,0.16780415166252194,0.1700010129762322,0.03817746687694624,44.96511902430592,29.140498437655356,5.128482788019213,5.128482788019213,True,72.0905821908738,7.351299865769044,0.046681648322114945,0.002567661735365179,0.00015993346051022245,-0.004171773060818467,-1,,0
1815,0.605643956848552,0.06054980541439815,0.08461056540775926,0.04653376165016985,0.09987601784089213,0.10278589283822874,41.13845955639832,44.499134679339136,2.3809652757749946,2.3809652757749946,True,33.96202875239711,7.423411422710627,0.06475806002680963,0.0033588704682962025,0.0007900421346050949,-0.0021577607920569867,-1,,0
1816,0.40603402399848243,0.13621507513689768,0.14829068168976178,0.2712000416197143,0.03758996012336542,0.0006702174317783078,33.094968043771594,44.26946737747104,2.712707526376956,2.712707526376956,True,42.84517810434529,7.349399919336725,0.07597155557636068,0.0015673512084086669,0.0004955415533702345,-0.002206643983226721,-1,,0
1817,0.38063308082728187,0.1660197517296213,0.1733263677367272,0.08998682190645373,0.025294044266449264,0.16473993353346672,30.782065623890205,38.00040616269696,3.086252213869941,3.086252213869941,True,41.72546269189261,7.295806344535717,0.08689788760686477,0.0012614431434754638,0.0002736419591970429,-0.002999175260016464,-1,,0
1818,0.2518846742592233,0.11045145940713533,0.16411217716443977,0.009752225185427454,0.24806943603374942,0.21573002795002474,25.146962781285254,24.21457729280951,5.066619127392318,5.066619127392318,True,53.21829394462751,7.163046206074398,0.13007681657179615,0.0005917728963346769,-0.00040268414543586484,-0.00481982839153663,-1,,0
1819,0.20140563993007338,0.10042994619982984,0.2047856056413394,0.22173227092931594,0.0416580324492826,0.2299885048501587,42.93213824294868,16.25095908468317,7.552102830029837,7.552102830029837,True,90.29244455273803,7.333051311927108,0.11192683926526321,0.0034430101691415344,-0.00011557528662717972,-0.0029993977847641838,-1,,0
1820,0.2647915652729349,0.04255753244401287,0.0008654216240459046,0.4458172607352696,0.02166308363712637,0.22430513628661028,43.195870900079896,18.655572347318987,6.037770899944467,6.037770899944467,True,89.54238156202486,7.436259521276964,0.2361300988522664,0.0053605387278381125,0.0021065842412483545,-0.0015931991357512752,-1,,0
1821,0.0961592903208029,0.21905510708117418,0.3620126243768465,0.027269312374197396,0.000391935497105639,0.2951117303498733,44.885573478316815,34.18994853182363,3.9291906832741375,3.9291906832741375,True,54.71123575723358,7.389722906628873,0.06170318332589489,0.003911002453043707,0.000384871329106077,-0.003303053330253029,-1,,0
1822,0.1377308269110868,0.1928927552794824,0.13850755528902542,0.24101812149998783,0.03527221372182804,0.25457852729858965,26.498433925189374,33.59570989163807,3.7461726505013826,3.7461726505013826,True,54.489066772094624,7.274443404402838,0.17910478903381058,0.0010470880475526479,0.00017989308601267903,-0.002748888562373834,-1,,0
1823,0.2748252725439976,0.4833228785786238,0.03824297275501676,0.054319512557306895,0.07938174390671203,0.06990761965834302,41.1915840465477,26.11850967082023,5.082053963980111,5.082053963980111,True,60.07534595837351,7.281179242550441,0.05143488523304341,0.0017801644713694254,6.841814122928968e-05,-0.004881330902597927,-1,,0
1824,0.16358869543705887,0.16670813305352947,0.32051303881124965,0.0649902548030076,0.11257949847963804,0.17162037941551656,33.896715185637234,33.57150814658512,3.991539755902252,3.991539755902252,True,52.85099009285149,7.272092486681143,0.06809930617783276,0.001286172491743636,0.0001046301586639222,-0.003997342578453774,-1,,0
1825,0.10763132834865739,0.02982383837543526,0.23527586510066129,0.20677612697134046,0.3909036867118279,0.029589154492077677,35.66081209572712,37.5224693240508,3.7326942153511364,3.7326942153511364,True,58.05818475364746,7.340748909184371,0.06493044327955799,0.0015754220072180768,0.00039250552376164253,-0.002899051363945894,-1,,0
1826,0.28191943714802853,0.13970684412007767,0.0062753082822271595,0.3595241061856251,0.011137221496164907,0.20143708276787678,34.43571440326053,38.5544274025627,2.987064416268428,2.987064416268428,True,50.45128879845977,7.400616729425854,0.17548011432889474,0.002608571998917588,0.0025863788281681056,-0.0015026913062801885,-1,,0
1827,0.1043095214977016,0.7313291255718077,0.07369002728750944,0.029186808943786224,0.007962678743857195,0.0535218379553377,44.946214850932684,24.011913689950596,6.475234671630035,6.475234671630035,True,72.53711866702706,7.208172976417056,0.03958900668830697,0.0012786963651631286,5.170928340186655e-05,-0.0075278294728955576,-1,,0
1828,0.15684288057090803,0.17976664786736649,0.2051312226057478,0.0478423311295328,0.20126638451249426,0.2091505333139507,36.07028369973908,23.77031148578608,5.5016510945323445,5.5016510945323445,True,64.8664614768809,7.25304822768311,0.08061139897287882,0.0015245083499291728,-5.0522265408673014e-05,-0.004502954169485034,-1,,0
1829,0.45954303046343453,0.1309733434228805,0.21847318198200405,0.10949008458140477,0.021779131513253638,0.05974122803702252,43.79965187409985,35.09784360429532,3.3415473089560717,3.3415473089560717,True,46.08493007473025,7.403108523421634,0.056842895252485766,0.0033904710533299086,0.0003763238180318231,-0.002893307696309397,-1,,0
1830,0.12367907682269633,0.05997497765126002,0.6846121448079028,0.00759657122599492,0.020633554475910684,0.10350367501623536,35.40710371930936,41.92158005088075,3.5291383151708344,3.5291383151708344,True,47.75351793405025,7.249877277803089,0.04234921131372385,0.0009288872004760573,0.00012218386102726855,-0.004837478454789823,-1,,0
1831,0.07839822881087405,0.25085150566731884,0.13367582178040474,0.0517330017237341,0.4156064831515349,0.06973495886613348,30.171797420981903,42.78954161129439,3.403364728031553,3.403364728031553,True,48.449744203166354,7.256594677706169,0.05513887903264813,0.0007239228786224796,0.00014493815207698048,-0.003887564589076801,-1,,0
1832,0.06792523904607932,0.18476502786828128,0.10993079148706673,0.03434503369305244,0.5887517797929789,0.014282128112541403,25.06122209728186,34.78709448542871,4.273969080291779,4.273969080291779,True,53.99472043140684,7.162456109124895,0.06887475131658687,0.0003342095742130784,-2.7831754448329566e-05,-0.005288834764979285,-1,,0
1833,0.29240482816940405,0.024554327972871392,0.4141515276582539,0.13823681351336936,0.02869413763051192,0.1019583650555893,43.69514302091558,41.5143980813548,3.048030584367312,3.048030584367312,True,46.30276833018812,7.419124531517558,0.05608939395997315,0.0035224571292652436,0.0005136041885998359,-0.0025470987539990657,-1,,0
1834,0.17922395637874255,0.07850349144130954,0.08031985522249827,0.0369569386642389,0.3173598731457396,0.3076358851474712,42.072683842947185,25.87818780686002,4.659960458019828,4.659960458019828,True,61.341903372407536,7.383515401273639,0.0989855024535475,0.0036959081187745452,0.0005619304965408006,-0.002921844069044388,-1,,0
1835,0.6065847258140894,0.00036128851329650846,0.032732739835367064,0.08582217318777167,0.009691225777142366,0.26480784687233294,41.484778922002526,32.03326660121066,3.08358759576314,3.08358759576314,True,42.145064216870075,7.432410270896415,0.11403849880171163,0.004234580773312273,0.001279785596201592,-0.002037108884853145,-1,,0
1836,0.24782450138012702,0.08566829016134787,0.027713046049991155,0.3414693382913238,0.011555548281472454,0.2857692758357377,29.03103394348784,32.0385766205421,3.5330285276080335,3.5330285276080335,True,55.07417839557324,7.335891426589592,0.3313499281724439,0.001671744599379816,0.003397701439870386,-0.0019735243757154357,-1,,0
1837,0.3440809666285393,0.19254591852035244,0.06513454532721799,0.1376115294779351,0.00672227760644922,0.25390476243950605,26.176021156469954,39.65787226350853,2.8687237640130445,2.8687237640130445,True,40.485019477283686,7.289079743746156,0.14557342556711317,0.0010459701256912502,0.0004853539716810908,-0.0024877220719084076,-1,,0
1838,0.26260296970528824,0.013466373671521856,0.10754619365400771,0.019117182312662902,0.11679915855287261,0.4804681221036466,41.80114017043803,46.81449445179219,2.3147756235219275,2.3147756235219275,True,36.81448542670222,7.471000904041054,0.13044839655915547,0.0052061462108330195,0.0028851945069803173,-0.0014054343553663881,-1,,0
1839,0.44778367733909136,0.07190252692574291,0.006635384993376246,0.23844751113148935,0.07937133667240918,0.15585956293789088,27.035369183596117,47.588809920912006,2.285525915215584,2.285525915215584,True,36.41757538389118,7.337489195244336,0.1442387688175654,0.0012545897936324082,0.0012818614563206588,-0.0016958486845335085,-1,,0
1840,0.3878489988926819,0.006869135747730166,0.022829906018485186,0.37243268982664846,0.07608106940291837,0.13393820011153607,26.3524001525859,28.962248637112612,3.8151967869257244,3.8151967869257244,True,56.00290568356979,7.300618426095379,0.2922810437634131,0.0011545911981866149,0.0008741788063061142,-0.002195955936052331,-1,,0
1841,0.45526649932548563,0.004845116953949774,0.12091305998833426,0.18940499902535138,0.15448328452944715,0.07508704017743169,35.22540478872067,42.46386978386652,2.653830979999139,2.653830979999139,True,40.83584954803158,7.381101159656481,0.08583839146693492,0.0021331757220859286,0.0008214503111510892,-0.0020298138006246283,-1,,0
1842,0.4168512610792124,0.3493298814941577,0.01844559822493396,0.01328589217208688,0.006626417059846603,0.19546094996976254,27.548533421451992,14.984410163181625,7.700458911423562,7.700458911423562,True,60.2132889323003,7.097989318649082,0.16021668086427115,0.0005687656497880685,-3.1319143009652165e-05,-0.005041803426084809,-1,,0
1843,0.014145477337261453,0.23487888633432855,0.2531016273039013,0.47438919062038215,0.009648948055856803,0.013835870348269788,36.37093710099583,19.371824032476948,7.70943530147036,7.70943530147036,True,108.66007432197826,7.275915328810082,0.10717417425447394,0.001693346749302492,-6.452276371022102e-05,-0.003389927854656452,-1,,0
1844,0.21907656260388567,0.02910452055677666,0.16150179620251437,0.24660322456306832,0.08165169904620673,0.26206219702754835,39.60427470289748,47.985415527069996,2.459499264128228,2.459499264128228,True,43.076099383494515,7.453804747892596,0.11793847147571758,0.003987278764009237,0.002286245255191139,-0.0012460510999199776,-1,,0
1845,0.1410136698509321,0.4519394320159876,0.015956184958613197,0.11937215376116248,0.24630383373787312,0.02541472567543162,40.320668132008265,45.08701465515666,3.192429712857816,3.192429712857816,True,48.795073041270264,7.369365131217612,0.04327971661044309,0.0019065206098017018,0.0003345714565492206,-0.003118888082129122,-1,,0
1846,0.6562185495609776,0.14728548623697596,0.038312168638919016,0.1321233025567286,0.02592482468087923,0.00013566832551951128,35.39172115143341,43.29277216870133,2.470876382264696,2.470876382264696,True,34.944039095193055,7.362174561801591,0.06631987363307643,0.0018971125553005396,0.0005220045676875938,-0.002385803027549414,-1,,0
1847,0.5635806708852993,0.14547998338551885,0.13253429418805254,0.11316665343065668,0.045068184409974926,0.0001702137004977585,42.84962838279361,37.66216588429674,3.0013751165172273,3.0013751165172273,True,41.53957395742356,7.404731392079778,0.054687823320297445,0.0031239746469744934,0.00041741824490230245,-0.002740795675551587,-1,,0
1848,0.850352963167551,0.010167191285751791,0.09184838319264026,0.039204551506044814,0.006262430091207972,0.0021644807568040763,44.044014508178236,22.555466252529428,4.355772010648153,4.355772010648153,True,46.492090121695206,7.36995248860016,0.0648103458774437,0.0031599497777489325,0.00015757534356716316,-0.0033156665716208567,-1,,0
1849,0.05746617143457718,0.2841379218911132,0.19612276141233664,0.30438587607034573,0.0030705760351625398,0.15481669315646468,34.723166184032415,39.66761460180476,3.5095781735815477,3.5095781735815477,True,57.69540330203299,7.3512074805365675,0.09138867860587395,0.001916888228067811,0.0006680919916298972,-0.002350115161868802,-1,,0
1850,0.11581249412532829,0.0928747085906934,0.46904544810383375,0.22108028154447826,0.00860941045609147,0.0925776571795749,29.85557970921641,31.673952804466676,4.461986048044485,4.461986048044485,True,61.489125272265355,7.229734734558151,0.08091658872355956,0.0008483643418822798,-0.0001278650209081588,-0.004151333355113365,-1,,0
1851,0.1821132181238171,0.15569027393946547,0.11538863405529601,0.2147147467064052,0.126994924149995,0.20509820302502133,38.18934550010956,49.15234617788165,2.5390630898391935,2.5390630898391935,True,43.39589775254333,7.424284106833267,0.09097941811005152,0.0030642151964812544,0.0013922785842831532,-0.0015595873702957275,-1,,0
1852,0.09845629817140199,0.14315143638243993,0.23673295801328406,0.25387215556458914,0.0032777983917272,0.2645093534765577,34.506669027666206,33.55083131958288,3.8323559634519166,3.8323559634519166,True,59.215958660723025,7.349453255873106,0.13352186383535686,0.0021865720323347776,0.0009536711136057745,-0.0023812362881265444,-1,,0
1853,0.0639906242481379,0.07736899772103767,0.08555355534842769,0.3226603219627766,0.254394504290937,0.19603199642868308,27.932462857287057,27.278642279243137,4.75714723778415,4.75714723778415,True,69.94045599466509,7.283025264421925,0.2243319731945415,0.0011937228080540834,0.0004116306028005583,-0.002729874309670415,-1,,0
1854,0.5325909435379261,0.189993498265776,0.022482040523245674,0.20781744500391494,0.04406992287315355,0.0030461497959838177,30.68011632671646,14.753101690481039,7.634230325733448,7.634230325733448,True,72.01726965521077,7.185940201480318,0.14888512863547831,0.0008417975556044415,-0.00029812493876150823,-0.003757964424031542,-1,,0
1855,0.37935781045117584,0.08522389259039907,0.2945485996300946,0.16221895654792948,0.040838802477814386,0.037811938302586466,39.471898472056424,17.809664921186815,6.898648402403322,6.898648402403322,True,74.76963281314985,7.254153217235034,0.07582832084012174,0.0016909240018735537,-0.00010341561508675418,-0.004256166029564675,-1,,0
1856,0.5774908091364788,0.13095848671879462,0.04396092187251263,0.19252937170794687,0.017387230223571516,0.03767318034069567,35.43994774091472,22.804190635461875,4.762466679231623,4.762466679231623,True,56.72741182335726,7.305528307435369,0.10057340409867933,0.0017164872855285219,3.6341902927575884e-05,-0.0032241667243014427,-1,,0
1857,0.14984064802269534,0.16712735054129413,0.24888167880912018,0.11912410523389572,0.0767726036523078,0.2382536137406868,29.501530515491815,28.864111166605923,4.47330798580337,4.47330798580337,True,57.218475237313896,7.241620748995363,0.11220245956895428,0.0010487462721650738,-0.00017241244636747875,-0.003863424167267328,-1,,0
1858,0.07657965035183038,0.071371783260415,0.0019084794925562601,0.29925129948024504,0.362348474451696,0.18854031296325727,41.84039072648521,46.61108822106595,2.747893486351103,2.747893486351103,True,50.499699957009206,7.484551423691262,0.11020539250621039,0.004644583720434217,0.002433029292533329,-0.001066190944746152,-1,,0
1859,0.2728074688581218,0.021388919212054273,0.18245878697465903,0.04644553833064347,0.24774904410908405,0.22915024251543747,39.40280895132614,33.279949018239535,3.5792574076779347,3.5792574076779347,True,49.65007682219534,7.378092993794594,0.08392816829841918,0.0028540755083623593,0.0006289560108442933,-0.002747202699413243,-1,,0
1860,0.17200355026870154,0.020816974674915206,0.08823799065493798,0.039693617775036404,0.3393390192029589,0.33990884742345,29.0203229735512,40.41183152349746,2.9371401038281273,2.9371401038281273,True,42.79976965942888,7.325090075476841,0.14374446777079503,0.0014182508314268714,0.001167654214939588,-0.0023605998031989016,-1,,0
1861,0.12153377525567269,0.09593671397937205,0.16256389195343,0.06051688041570314,0.4017660185290548,0.1576827198667674,35.37860870484282,36.135807980296306,3.6988272407562577,3.6988272407562577,True,52.68326803127385,7.325699141989063,0.07031461639379735,0.0016505941506237565,0.00037944718152645174,-0.0032347024124157295,-1,,0
1862,0.3315581027087891,0.05848991596541078,0.2052036221683043,0.2690347251519012,0.0013891010744316729,0.13432453293116287,32.18678067926778,27.56390245209504,4.281993946733201,4.281993946733201,True,59.150427914717696,7.307678589910398,0.1330736994348441,0.0015629368373393014,0.0001805839571953342,-0.002822971747792275,-1,,0
1863,0.5883462213295195,0.020654398912986094,0.15883627101192568,0.01664915043977355,0.07166925689530929,0.1438447014104858,28.606841967498845,40.26063470581364,2.631740924514073,2.631740924514073,True,33.612453589515056,7.292039488141064,0.08881971488257047,0.0010965726134790736,0.0003684441003879179,-0.0028152446314373336,-1,,0
1864,0.28622228062575517,0.06693634103346893,0.09783509113511621,0.1632963455110811,0.34359326086766406,0.0421166808269147,28.14022648303584,41.13210379004245,3.042416306865829,3.042416306865829,True,44.814785360734255,7.291614205572094,0.08465442945523012,0.000920234567879605,0.00027886282220750813,-0.0027707979704248782,-1,,0
1865,0.022975838127456964,0.5008357194005458,0.22992241303549998,0.08597980795167814,0.03528365036397826,0.12500257112084087,40.96015709769172,39.86403856220487,3.8792848981160644,3.8792848981160644,True,56.11375284244274,7.32402986520201,0.04274752172647585,0.0017863321795023878,0.00019909279597792083,-0.004187172537181188,-1,,0
1866,0.1703753088020714,0.10777441002250322,0.35770186733401405,0.2859820779490384,0.051254938905041375,0.02691139698733162,25.388455761174807,20.925328504266943,6.590535692416376,6.590535692416376,True,76.20015647129448,7.134756619613805,0.13389332294086512,0.0004868303513984522,-0.000683099129728301,-0.004978980755094063,-1,,0
1867,0.2554599511671367,0.20358756307641676,0.3503764316118884,0.03751190337845793,0.026607140191330158,0.12645701057477002,34.36675485583628,33.82177514867183,3.8885685078483925,3.8885685078483925,True,49.08950834651471,7.256820647511388,0.058419212271314865,0.0011661792309342583,8.508574755029871e-05,-0.004382929594362511,-1,,0
1868,0.2856862627060685,0.20972052569488625,0.05325954965514196,0.07593790541161312,0.09445901982777637,0.28093673670451375,43.384441987381,25.02423888514809,4.662949912317686,4.662949912317686,True,59.94165108051866,7.387436378652352,0.09241300361262282,0.004001039150880049,0.00039441185369486014,-0.002924569226258781,-1,,0
1869,0.7258230934457958,0.007593618749157523,0.1403525476037301,0.0854533032387028,0.0024537153849469497,0.03832372157766718,42.50046637547908,16.53717152547346,6.190231827166269,6.190231827166269,True,60.785116183317356,7.318826136984591,0.08015487933338518,0.002559257065682417,-3.5279222475315194e-05,-0.00338317330448708,-1,,0
1870,0.3559522910171485,0.030396466061538795,0.2886929037699469,0.00438900388751977,0.18867936682229894,0.13188996844154713,39.84978582111245,16.026110297316517,7.546595687368384,7.546595687368384,True,70.96779240990232,7.215777161409862,0.0753898216614137,0.0015735237945126996,-7.338386200518956e-05,-0.00481471467386355,-1,,0
1871,0.28134364258669803,0.018679298636170766,0.046469668019567055,0.2780998502349659,0.22291850454154885,0.15248903598104938,30.140400312969156,41.00933008772859,2.8552890001289164,2.8552890001289164,True,46.5066319399707,7.356813637707948,0.1491085322728673,0.0016085008238318503,0.001520168459642506,-0.0017913196992660804,-1,,0
1872,0.38102278460823075,0.07066044325085613,0.23590904058109455,0.20396279786215246,0.1072958166082908,0.0011491170893753913,25.044704094947942,30.42642526959588,4.035951911099951,4.035951911099951,True,50.967079119345875,7.210239205333321,0.10450251693429376,0.0005864194225619391,-0.0002397306215566248,-0.003828401640495057,-1,,0
1873,0.0993045621327592,0.057694967972903036,0.2828071050738452,0.3568246520906198,0.13095563851923028,0.07241307421064258,37.271878754322216,19.137458868697085,7.158103183352825,7.158103183352825,True,95.78838858436309,7.291031362985418,0.11063363911556832,0.0019432423487362783,-6.385049150856781e-05,-0.00331999341165139,-1,,0
1874,0.408568537331554,0.039555151867608,0.07697392918312501,0.27773043728100155,0.025920376735520504,0.17125156760119115,36.84414299369896,25.170638023450916,4.37646831750127,4.37646831750127,True,61.2220636239335,7.36937239760315,0.15289752367862003,0.002676587959522711,0.0007691766056073724,-0.0022986475841940465,-1,,0
1875,0.39800778283828503,0.06204931226933461,0.24449191434373047,0.25312483724701823,0.02684997231212407,0.015476180989507647,28.734924353395794,15.524189514749946,7.755026477866477,7.755026477866477,True,77.32037535768777,7.159186820062058,0.15774714655015423,0.0006933047683445432,-0.0005280832248496304,-0.00409808888583443,-1,,0
1876,0.13120356311348266,0.2140834510911078,0.10354756519104998,0.3658733830921021,0.1496563145227571,0.035635722989500455,31.16253924072537,46.078187607271765,2.9578833887813847,2.9578833887813847,True,51.41062462609113,7.346412210894331,0.08889596277317727,0.001372729217939085,0.0006867869788557558,-0.0019460214023356611,-1,,0
1877,0.1577136231694873,0.5074791892453283,0.004957032638011922,0.1864255928032979,0.14052303209304087,0.0029015300508336474,41.62724251766056,24.880150268786355,5.778389685080673,5.778389685080673,True,74.58116338509636,7.292262062653204,0.05268230103553112,0.001799547624969058,5.6949935770098555e-05,-0.004628936211803356,-1,,0
1878,0.30179603110178116,0.11265699180127675,0.1551051048816873,0.26082000538345895,0.06669657760681481,0.1029252892249811,36.516672371636076,32.69442236056234,3.7158626830064043,3.7158626830064043,True,55.62831995619276,7.362927252847132,0.09694680367711574,0.0022637836951507903,0.0005804336565687751,-0.0024565963805111926,-1,,0
1879,0.02651091140692958,0.16907320200947568,0.13799172418773334,0.555239690599027,0.027424973183832524,0.08375949861300205,41.57475078387425,19.451604060678626,7.099159090654155,7.099159090654155,True,111.08882944791745,7.3955911476223815,0.16339957485770393,0.00396628798032098,0.001297099566067252,-0.0019229061474954306,-1,,0
1880,0.22549792543730682,0.02360178617201693,0.032434854367397695,0.12636008730700787,0.4608085693550646,0.13129677736120615,30.92774977586025,22.07141734982446,5.587713737668911,5.587713737668911,True,66.95866061001756,7.248571184456259,0.12622272532635295,0.0011197375622866627,-0.00014603434310133921,-0.0038080036695025384,-1,,0
1881,0.36944542024909566,0.12886691528068006,0.0654449176267428,0.18051594199215326,0.14249859880903695,0.11322820604229142,25.817399795433488,22.587514531567688,5.177817261780511,5.177817261780511,True,58.89883024886228,7.204511335536612,0.1635481520182611,0.0007191729319413045,-0.0006194517000581624,-0.003842546694035101,-1,,0
1882,0.47760414224547326,0.02007126932624571,0.33856143320807724,0.0244860766976273,0.05332801442822152,0.08594906409435492,42.55827553176014,46.47950590285924,2.499879136471886,2.499879136471886,True,35.6863385866555,7.410382069747015,0.05031420460275831,0.003142459246024782,0.0005265636091643439,-0.002580293389425027,-1,,0
1883,0.20378220721114643,0.15479929974107023,0.1284713694088972,0.28201989993128057,0.07323127508327046,0.15769594862433517,27.19270691537101,28.322341664737255,4.414112061507881,4.414112061507881,True,61.08110392411667,7.260168133386885,0.1668865399876323,0.0009937148620606045,-0.00023029785126083493,-0.0030664442953201223,-1,,0
1884,0.18411222675265168,0.15862287890008922,0.2536335947030668,0.2007803561546646,0.15029184244349453,0.05255910104603307,32.626978031752785,29.574367864935518,4.590137173858789,4.590137173858789,True,62.11311617598076,7.260639359077425,0.07617147785186124,0.0010924485450803155,1.0794035283866542e-05,-0.003943623755556474,-1,,0
1885,0.411484654051523,0.08608509965763012,0.10919315294185873,0.10059945559881928,0.2562681421153088,0.03636949563486004,41.84484495842322,48.94656292693354,2.4304250175191306,2.4304250175191306,True,37.615348694052464,7.4322238038234545,0.05423698903569793,0.003154151869567562,0.0006802942150130112,-0.0021017624972471303,-1,,0
1886,0.2894734301104014,0.13204887358679246,0.3293297551523749,0.17511765348859407,0.006042060022162713,0.06798822763967453,38.06809624007285,36.418089539734765,3.5276208618220743,3.5276208618220743,True,51.07074561045017,7.343078564979793,0.061759534610680296,0.001998424061854677,0.00028368723629344306,-0.0031083776468522,-1,,0
1887,0.23331292469887843,0.395920763611134,0.03382007980629368,0.042399555504077646,0.2160638566201082,0.07848281975950806,35.55959715661417,23.37093646857527,5.721434170967948,5.721434170967948,True,63.17078734667083,7.207103951736529,0.0643371686854783,0.001031847897673003,1.0793189113362506e-06,-0.0054323575612904886,-1,,0
1888,0.09410133230990513,0.4158891132783576,0.008674941679408242,0.2727908770911134,0.17087759552735327,0.037666140113862344,27.97955648359042,33.362533707842026,4.295013526449611,4.295013526449611,True,61.88810393446113,7.240427509999636,0.08795295883813237,0.0007456235120158087,-6.671092831766825e-05,-0.0037036488195340885,-1,,0
1889,0.45893628080358684,0.007648023136459952,0.026024919793522002,0.15185511262765553,0.28142744567494654,0.07410821796382919,25.89882807018414,42.98010270767496,2.6001861918656197,2.6001861918656197,True,37.7686728084872,7.299653315507825,0.11077768824918464,0.0009197166768069012,0.0004746563248618806,-0.0023217154049086893,-1,,0
1890,0.020133394304564897,0.13762777076976934,0.7175195674688266,0.07230079067641633,0.04902426026930366,0.0033942165111193866,33.41823398941231,26.59016896647899,6.331002595947194,6.331002595947194,True,72.2269173179975,7.059141500872799,0.05153242450831651,0.00026610509086120836,6.28971888421683e-05,-0.009439538663421898,-1,,0
1891,0.1097044949609789,0.0014970710978202408,0.1576267462122244,0.4450067372297783,0.16338684867020908,0.12277810182898913,31.543417169518115,48.77415554794346,2.6350399482405438,2.6350399482405438,True,49.98080691999405,7.39326303032933,0.1507723905177324,0.0019430035581934808,0.0024848167381820666,-0.0011544026194515954,-1,,0
1892,0.1818200936573987,0.4849194434558178,0.24782451026952906,0.011650669042455722,0.05346572003546561,0.020319563539333015,28.310630030900604,36.34109931403056,4.092725846290064,4.092725846290064,True,48.04722898338754,7.131930322476765,0.05155672238491242,0.0003294393339551994,5.36637007014074e-05,-0.006412417986760142,-1,,0
1893,0.3536955447095865,0.12919768998861872,0.026301176273982624,0.015937628544941247,0.16254061845833992,0.31232734202453105,44.83790637459197,19.419006816070187,5.709721464800847,5.709721464800847,True,64.7806925578789,7.373772362099511,0.0960987162579569,0.004250087769741447,0.00010613030127166146,-0.003108099334193198,-1,,0
1894,0.24173955571769243,0.4220990889848347,0.06251197678028869,0.1658126875705778,0.08610463852893478,0.021732052417671583,43.11234794134975,21.144662368326898,6.404953013302584,6.404953013302584,True,76.4818606179821,7.289993219413136,0.05640410978221246,0.0021080285194714256,-2.630764107460983e-06,-0.00459461600244646,-1,,0
1895,0.11861730690379306,0.386029868768147,0.19294358489530483,0.10299589328282588,0.19426883451831556,0.0051445116316136226,34.91307949152378,36.182798651159274,4.14934067112827,4.14934067112827,True,56.381353530801555,7.246669922684872,0.046410086561260125,0.0008276542943537904,9.920334844795675e-05,-0.004874400955664732,-1,,0
1896,0.1479131248655171,0.17710482813666875,0.00940190461840042,0.39872999962574707,0.15038483624736307,0.11646530650630367,35.72639554445257,19.513415395271643,6.537864897746346,6.537864897746346,True,90.91925434903803,7.322316303125677,0.172918065671976,0.002166947184281757,0.00022533334644193415,-0.0026085830962321215,-1,,0
1897,0.16162209522498078,0.6454482854521115,0.024160025436617497,0.02341794073438706,0.07448473427072963,0.0708669188811736,41.56993896535831,48.80546044952961,2.98262869831102,2.98262869831102,True,43.00482641508249,7.35462265879819,0.036486687142123435,0.0018231884823080404,0.00027771211728198615,-0.0036569297569096666,-1,,0
1898,0.5502177576251638,0.06962309883770305,0.007244091360023611,0.27236745844234483,0.007436350684623283,0.09311124305014155,34.1839219138413,35.436770607570146,2.9853352330745633,2.9853352330745633,True,44.79022039290773,7.376798001278584,0.12526894507197506,0.0021839171531613123,0.0010694938572305478,-0.0019574140093647813,-1,,0
1899,0.35255693991840514,0.17706721316009133,0.02849364098552411,0.10147281612172576,0.09479719364949245,0.24561219616476113,40.80826536691145,19.65956242487176,5.76639491097062,5.76639491097062,True,67.07084683134435,7.336530661012329,0.10678908638027718,0.002970116057100087,2.7555251591627966e-05,-0.003196098939998721,-1,,0
1900,0.09446912781415354,0.2734402420302236,0.056367058786870594,0.05177673318625061,0.26869877352120963,0.25524806466129196,42.28900763857571,21.2080362123999,6.212000254997399,6.212000254997399,True,74.75361383024509,7.31515969439607,0.07878440246920212,0.00285546596762404,3.940062855199468e-05,-0.003995124425700396,-1,,0
1901,0.2755604362848919,0.03369046972292354,0.6266985673886701,0.044323135317244335,0.0011517684154947517,0.01857562287077511,30.767734068283396,31.344797357594707,4.404398349687616,4.404398349687616,True,51.0563388906652,7.162221947409454,0.05522817126150736,0.0005324642210702036,3.572232712611011e-05,-0.005914688109230771,-1,,0
1902,0.12182238581614922,0.11166196779724365,0.06729676660160588,0.29852872013721105,0.20039056996234403,0.20029958968544623,35.4984419140863,44.01724737945465,2.8681611530384163,2.8681611530384163,True,50.14644784552677,7.409307955024006,0.12696149952430205,0.002635414352564899,0.0019984252355714485,-0.0014798525120657525,-1,,0
1903,0.3233804577750105,0.10759946375202509,0.1320590558367074,0.11108913568495961,0.037706791246968956,0.2881650957043286,30.42776265650074,24.30392840892303,4.668233678220006,4.668233678220006,True,55.82843283059486,7.2676801142460095,0.16192082105171318,0.001342548521641947,-0.00018613299933711625,-0.0033534259010419626,-1,,0
1904,0.2608113929256608,0.11257608632500102,0.050499563638813645,0.2613436302317892,0.0010093880557301921,0.3137599388230052,34.5783681562001,29.75638972617596,3.7963081277582105,3.7963081277582105,True,56.84064746763459,7.371614310009293,0.21444367621223162,0.002583873731360137,0.0021413724724964342,-0.0020455706288486516,-1,,0
1905,0.2640089503901103,0.348748605636259,0.0344732891471545,0.26913362486857123,0.0753902442586344,0.008245285699270632,42.12390126296833,40.82237211140399,3.206861347357964,3.206861347357964,True,51.43116828434659,7.418101357279194,0.05907532856973355,0.003082676338042112,0.0005516051135734362,-0.0022900202298826388,-1,,0
1906,0.0922888371006555,0.03324257536430724,0.15176879688416384,0.2511678421602837,0.4464651530652141,0.02506679542537559,25.377031580759066,28.200870423327515,4.935023137831615,4.935023137831615,True,67.28817405169546,7.213556297646939,0.11838941173516167,0.000601287933325968,-0.0002445279426507824,-0.003904724258326218,-1,,0
1907,0.03586997504464303,0.16750136331504764,0.01748050175372779,0.2509266961220802,0.4939860306202534,0.0342354331442479,37.36147676488177,28.415823483720935,5.048658973174752,5.048658973174752,True,75.36824364459567,7.337859950291384,0.0774503095035749,0.0018812338347318329,0.00040174914808369284,-0.0031352617392006172,-1,,0
1908,0.05766492261833006,0.2647019045456117,0.49335456497665153,0.02317876192599591,0.14072256735191951,0.020377278581491385,27.612905120514046,25.898963347625926,6.226201260455033,6.226201260455033,True,64.26165224023212,7.005860264430906,0.06762872146393455,0.00017442270924662137,0.0001071282215209589,-0.009612999705779638,-1,,0
1909,0.21840933172437627,0.14961607358830398,0.06597616458652594,0.3299403918269464,0.066689584696823,0.1693684535770244,33.233113902594724,17.50863689799035,6.954203440703098,6.954203440703098,True,86.3569955656723,7.2726637055534615,0.19762999005561022,0.0016334416745606222,-0.0006082717284677833,-0.0029717938853247032,-1,,0
1910,0.20773085486580722,0.35589048052215233,0.052261310557786905,0.04917263006131183,0.16321522530146376,0.1717294986914781,40.126142289419064,22.85602720569907,5.678726911973695,5.678726911973695,True,66.13259423196892,7.281636897051697,0.06793215542312056,0.0020240781978281826,6.372358875347176e-06,-0.004472797779019603,-1,,0
1911,0.001996960808499527,0.03755906142668193,0.5761080939745586,0.14568710170078114,0.15633884578929433,0.08230993630018446,36.77974581137232,30.629207238350702,5.064686872476883,5.064686872476883,True,69.8260708994602,7.250926881501629,0.053587044430479555,0.0011574975552180022,4.915015586609305e-05,-0.0049651489460982795,-1,,0
1912,0.16972877693979144,0.3347787998792918,0.13050347342625146,0.011611541688443992,0.26305194783247804,0.0903254602337434,27.285260165069204,22.01278676492063,6.31902454664066,6.31902454664066,True,61.72814590800312,7.079955353533588,0.08873166684360598,0.00038939754459154307,-2.696157074026742e-05,-0.006924430802552345,-1,,0
1913,0.01155587613818576,0.20137433017817005,0.3336920021015039,0.3269861297088053,0.10087014233705358,0.0255215195362814,33.6242993625167,21.941689950085582,6.967926369822219,6.967926369822219,True,92.13222358056734,7.210976304009889,0.08360970749127707,0.0010018179472723134,-0.00018529923073253872,-0.0047162179392548605,-1,,0
1914,0.19164376111374365,0.0063942679547873815,0.201701393089884,0.3908173398712678,0.05759521008708343,0.15184802788323373,40.26374164790488,19.810633724371986,6.219135159453847,6.219135159453847,True,88.7876924612182,7.375063491540397,0.15537541669743038,0.003422880520490735,0.0006068055525649705,-0.0022659093199328046,-1,,0
1915,0.09886338052114221,0.6755460818974206,0.08548147187878649,0.07194347072078518,0.018538035031232428,0.0496275599506331,26.695494855444895,26.5519923953659,5.807686925109737,5.807686925109737,True,61.40862844862709,7.051756835442819,0.07242941947346025,0.0002640614977620636,-2.1881881021092343e-05,-0.007969730205454245,-1,,0
1916,0.537039035104449,0.0654746114951439,0.10166095090487322,0.14405680066919116,0.0054409404313920575,0.14632766139495065,40.46758576276968,44.02247774346965,2.4274234023472627,2.4274234023472627,True,37.008820349994494,7.432719693915905,0.08184524381592707,0.003594846951540483,0.0010923574181368131,-0.0018191312476752107,-1,,0
1917,0.1421583929789894,0.28279261995230365,0.04299297507472939,0.11793166088944433,0.37012400298539105,0.04400034811914222,39.666896967267014,32.315467139989764,4.315561631567658,4.315561631567658,True,60.581584338034745,7.336189733609602,0.05480768530164519,0.0018983124965871309,0.0002508991297937746,-0.0036772389819100444,-1,,0
1918,0.4102879384495032,0.028749270201133312,0.1019363434833566,0.33383471947699267,0.014552680481977862,0.11063904790703649,39.48383403498353,37.255581412154456,3.007133822294881,3.007133822294881,True,49.412249546414714,7.434991815357257,0.11611777986712929,0.0036025716918591175,0.0015381725720393852,-0.0015617804487517422,-1,,0
1919,0.399605995863984,0.2184262534158745,0.0036150793187660116,0.3307570980197065,0.01891298718145491,0.028682586200214195,29.687332649901215,32.03035568812775,3.6704910742521593,3.6704910742521593,True,53.420116275983595,7.30552983050834,0.1242120992608599,0.0012320357605394429,0.00023785318656998516,-0.002570547315031557,-1,,0
1920,0.27250382614400404,0.3571738645938156,0.013122610812981939,0.06618480994798306,0.20326065441796687,0.08775423408324842,40.41218665276864,22.68482647500553,5.681385524598377,5.681385524598377,True,65.61066979181086,7.280178825546072,0.06207044791329834,0.0018630325437252202,2.8370816757875127e-05,-0.004561319234265745,-1,,0
1921,0.09893176772135523,0.1357332407201191,0.07542763803452235,0.537737329640107,0.05052514387400221,0.10164488000989405,38.07946293433863,29.25921710075194,4.444798698127524,4.444798698127524,True,77.66317660462471,7.418109036939949,0.185046365265009,0.0034045563106144257,0.002796813439748448,-0.0014856027474835552,-1,,0
1922,0.2178698464952727,0.017249477266263004,0.3032816155331126,0.06917978379684883,0.0615638252471778,0.33085545166132513,38.32434330610759,44.62748141418081,2.6698379471869345,2.6698379471869345,True,41.36723955473349,7.4046572870514815,0.09496968058072422,0.0031251917177194896,0.001248928519056861,-0.001988417134462009,-1,,0
1923,0.5315554987289838,0.15705740174046184,0.01387386455642434,0.057125278617080104,0.04508250842105047,0.19530544793599924,27.828625760517255,24.644226488657974,4.314725633233852,4.314725633233852,True,46.63504293037203,7.2388121898813225,0.14245892821959372,0.0009534344668931053,-0.00013095775719458043,-0.003622328002933935,-1,,0
1924,0.12743504482331874,0.4307451497435825,0.08114959069872481,0.1807094273354627,0.050249568565064025,0.1297112188338472,44.793169933434875,29.738860332255385,4.644873043468498,4.644873043468498,True,66.0780633859265,7.385144146764322,0.0601730066970886,0.0035110027688597116,0.00028803498626962966,-0.0033065992208741834,-1,,0
1925,0.3490866591860184,0.12553607463361827,0.1678480585543208,0.10546887753678222,0.24074177470347585,0.011318555385784367,32.110380372704924,20.995083065000756,5.981421372007723,5.981421372007723,True,63.99013156005134,7.191442922280213,0.08373863802857591,0.0008150590673386924,-6.158255445936409e-05,-0.004943323790218206,-1,,0
1926,0.19822647966722717,0.0637850937732422,0.02323665350607711,0.21320477630442852,0.27147391633727996,0.23007308041174504,44.600252898899186,20.090031420867348,5.955224465602275,5.955224465602275,True,80.25560991134064,7.409853637992423,0.12096361769657067,0.004795078686634773,0.0005791181627507056,-0.00241115690862869,-1,,0
1927,0.07351980668517573,0.362081529628359,0.1029411846422163,0.2282186713800276,0.21611453681247425,0.01712427085174699,39.514167914754864,21.35032383223735,6.942808387347078,6.942808387347078,True,88.13339333795429,7.2546145486810145,0.06317787457982099,0.0015245777481170731,-1.7563576149181906e-05,-0.004770622170240812,-1,,0
1928,0.040388770677543796,0.07058579800187023,0.15771890767611196,0.5293068091894934,0.06884870250740657,0.13315101194757406,26.40979010713838,37.33106458071765,3.5600066754885717,3.5600066754885717,True,63.57258803987219,7.324056785768223,0.2778208423087757,0.001232610119979035,0.0029993396045362624,-0.0017093020835161974,-1,,0
1929,0.06716586213409889,0.07752955176120127,0.2741882131825118,0.34130714459353517,0.008351087304205416,0.23145814102444753,25.032616952597298,37.02994046242278,3.5287341384210227,3.5287341384210227,True,56.22123004047948,7.281144028924593,0.2116897224709642,0.00097911624271566,0.0005784264706415015,-0.0023436770389470463,-1,,0
1930,0.20736433792596326,0.25889326667003104,0.31169396274654887,0.1621640233597877,0.04176549199388184,0.018118917303787237,30.00753197979646,39.84416928286005,3.5127501259404044,3.5127501259404044,True,49.292294887396096,7.2407134757416705,0.0584400865650645,0.0007265504408856344,3.209868065588348e-05,-0.0040111058810494895,-1,,0
1931,0.5529020433344958,0.02600695799630949,0.08432135759547098,0.20135788160166923,0.00013308034596307863,0.13527867912609137,40.39500334701299,38.964289552701516,2.700684688074277,2.700684688074277,True,41.192342372555686,7.434263170306004,0.09608223423131235,0.003711246369265062,0.0012057516235303581,-0.001782432104778455,-1,,0
1932,0.4972957743229348,0.01110821235222489,0.10190267498738684,0.12627219507980517,0.028846656022442657,0.23457448723520566,25.48966882935221,38.14946478575074,2.753133632086183,2.753133632086183,True,37.651597655955435,7.294159286734884,0.16678465093592107,0.0010344402446986363,0.000682037397271652,-0.00236545237613261,-1,,0
1933,0.18898749491307773,0.13681554143783897,0.213875705917258,0.28275895269761486,0.08731226508034577,0.09025003995386456,44.80291228111526,19.705014741024915,6.634039695561918,6.634039695561918,True,87.86664516380054,7.36675839570338,0.08107252974425078,0.003691259812337158,0.00011851214745235053,-0.003075764901092517,-1,,0
1934,0.2878597094117382,0.047774841664737576,0.4197373052657416,0.11889456074198528,0.06579854934281337,0.05993503357298413,30.48477144450677,42.54106198322158,3.0534231963235268,3.0534231963235268,True,43.30364290686796,7.272763603054223,0.06220163937681455,0.0009369593803584949,0.00013489493459090582,-0.0033807058456432437,-1,,0
1935,0.3769990691672935,0.5416049760100258,0.04190900708067468,0.009751727822779051,0.012746197985880963,0.016989021933346244,28.20793610112161,36.423347020182064,3.5744800520549025,3.5744800520549025,True,41.070171813858124,7.179073798230191,0.05577489629382187,0.0005056792783734254,6.507481008622677e-05,-0.005077633461904114,-1,,0
1936,0.5404338995573683,0.07922483887950743,0.2699136579088887,0.056401342191684356,0.004479055559817671,0.049547205902733614,36.07524188530452,33.035090341435314,3.444948956508219,3.444948956508219,True,42.69457755039557,7.306243569612601,0.061976816515701146,0.0015910500006015495,0.00020815379668720325,-0.003567290761088879,-1,,0
1937,0.3482768964326976,0.06708596358721153,0.5093282432260052,0.035953101504448,0.02680658209883689,0.0125492131508007,31.068857947835884,45.05378677590069,2.917908679685603,2.917908679685603,True,38.88904538537054,7.24589327439262,0.04711077364136333,0.0007464940829637044,0.00012507097811556735,-0.004029770312944806,-1,,0
1938,0.08208821854408282,0.2931274356635163,0.023950810801437652,0.2740642880114702,0.009329389842842001,0.31743985713665096,28.25499438599713,24.567788380234422,5.116558139678057,5.116558139678057,True,69.2396846280962,7.261667243513306,0.26521539776272357,0.0012558688035345985,-0.0005679683356758977,-0.0030007560844092754,-1,,0
1939,0.42061937701521457,0.0806503845129386,0.2038668508862646,0.24947733630766028,0.0409429747398841,0.0044430765380379725,41.97337374294659,17.6257102642397,6.767204715706336,6.767204715706336,True,79.36732580097866,7.318318469714133,0.08079659218171528,0.002487803705985956,-7.425570502160098e-05,-0.0033739375698835987,-1,,0
1940,0.05488786778660904,0.5133088517064366,0.08174501731940181,0.19200484063448583,0.122494518627314,0.03555890392575263,38.55807170123029,41.624059562224005,3.6683714896607467,3.6683714896607467,True,56.660219582791925,7.334912874048389,0.0463517966512526,0.0015602314432832652,0.00024632314074574466,-0.003470462189349782,-1,,0
1941,0.17416058077325955,0.00285471482052902,0.08176896836066132,0.5160916268209115,0.2235206026244951,0.001603506600143559,41.99717096493606,49.25049002975955,2.6026364893395386,2.6026364893395386,True,51.82048984240675,7.499036560061869,0.10111260254465279,0.004557838792378902,0.002244737723916395,-0.0007126645194890191,-1,,0
1942,0.26653836138894255,0.06878466014081248,0.5803447335472375,0.005433083711829205,0.03360393401386463,0.04529522719731382,38.44031444599174,40.76247655360081,3.3761804811993597,3.3761804811993597,True,44.821273381845565,7.289868698128226,0.040120614604909316,0.0012849435308245664,0.00017949363999164754,-0.004450924429136907,-1,,0
1943,0.21078103643907278,0.11567522974112669,0.07443928035652654,0.39460943757313066,0.17342073280421394,0.031074283085929383,35.11516556642658,46.509476047245045,2.7489815587447812,2.7489815587447812,True,49.511916865866276,7.404486066382463,0.09605140028070845,0.0022318978712969288,0.0012578178593030084,-0.0014435676178696855,-1,,0
1944,0.16106668277069736,0.2526264428153372,0.30524889883141276,0.07420145766397647,0.1470797448159978,0.05977677310257844,37.87516764398925,45.34205625005374,3.1420748671473335,3.1420748671473335,True,46.27530029728613,7.328140069852456,0.04355175999161333,0.0014767756849064675,0.0002553542685356825,-0.0035159472849956653,-1,,0
1945,0.10369332304517938,0.049600984467921154,0.05092761586142874,0.09794244153019173,0.003104976551924294,0.6947306585433548,29.709040340277618,29.869511228722573,3.5814991132735425,3.5814991132735425,True,50.42076872942452,7.317292171517293,0.7275126382038225,0.0020293204313370484,0.011883658851995126,-0.0026482123640414546,-1,,0
1946,0.15355208912830856,0.0848345511911361,0.10211615124520639,0.4551888551120136,0.051776312613732875,0.1525320407096023,39.59637842127608,18.10887018250733,6.8721281663143,6.8721281663143,True,98.76708108363962,7.370771365312168,0.1965046204147766,0.0033863823042619115,0.0007975362911373499,-0.0020947806142883043,-1,,0
1947,0.35963991337154766,0.024507814095886312,0.007352341447813942,0.4095999490334104,0.009541791955359936,0.18935819009598168,29.226795865239566,49.121709616225495,2.2268283583703266,2.2268283583703266,True,40.35143823152804,7.3851744111439785,0.22283515903331114,0.0018304193338622961,0.00398017574026437,-0.0011478626532207279,-1,,0
1948,0.32440806250431886,0.003092176996985811,0.22541132913254075,0.26955680663026704,0.16095861748579846,0.01657300725008908,31.629277639630118,25.895045930637025,4.766208246915254,4.766208246915254,True,63.62418875733993,7.276989167410399,0.10525779935244678,0.0011931821320460068,-3.057883959414542e-05,-0.003336427132886847,-1,,0
1949,0.29079520043637885,0.08392531571612584,0.1543394938267644,0.2365210467165488,0.08234739520927904,0.15207154809490314,37.46170514940442,46.9205863619101,2.5509534767546884,2.5509534767546884,True,42.6837967986379,7.414344154618704,0.09085875836949303,0.0028253072405200748,0.001227618826173317,-0.0016434617468767986,-1,,0
1950,0.2256791140587305,0.29079072313608345,0.07296481245153232,0.1418553335441164,0.24991520849222723,0.018794808317310348,44.73180151844182,36.0679503564445,3.7365493493850717,3.7365493493850717,True,54.81687801323687,7.408495445334929,0.048949945123587024,0.0031413525074217405,0.00035376448200732144,-0.003067081683572255,-1,,0
1951,0.0034997387099562098,0.12165083239484663,0.04719998653264495,0.37698469358522835,0.0854179865849716,0.36524676219235225,38.9984472159545,22.87316678786356,5.436911788096932,5.436911788096932,True,84.77990977779032,7.399159080739626,0.3172388885589069,0.004072821916180978,0.004491335808704924,-0.001912133943808635,-1,,0
1952,0.08929969708918982,0.07209062741820671,0.3366106251115,0.17503839143060038,0.3051658578820521,0.021794801068451084,42.14317190897498,18.711933408812595,7.7953544026806325,7.7953544026806325,True,93.1779806972321,7.25115009177546,0.05991804534541265,0.0017459643765144067,-2.8560753135492716e-05,-0.004984223170512477,-1,,0
1953,0.03027855257818064,0.5418244712572565,0.015354952366055306,0.11615442382978038,0.2489369605414139,0.04745063942731323,27.12761298621935,48.93023960390603,3.1669769233150173,3.1669769233150173,True,47.021720616109306,7.228156900728433,0.05343690167109243,0.00047747401475003765,4.297541780845672e-05,-0.003907519082690732,-1,,0
1954,0.11204855212973554,0.2361409976050283,0.20053915708052267,0.1341198283534399,0.005872056992173492,0.31127940783910013,42.282773536410645,22.145805381525335,5.781128973230184,5.781128973230184,True,74.0243046065931,7.343385073065196,0.09708852974790982,0.003438045885276777,0.00013021085230211437,-0.003343596911634446,-1,,0
1955,0.25209438507082876,0.1988918097968947,0.1150744001683264,0.12371300895123954,0.22226295107797295,0.08796344493473755,38.50341432762099,28.68073429652798,4.4725255206854,4.4725255206854,True,59.362047025856555,7.323811027561419,0.06819398708329837,0.001982429309925979,0.0001935957416295142,-0.0035903397984508884,-1,,0
1956,0.3702232571764958,0.20172273905128676,0.15288966335126877,0.08991846099810666,0.004168656800670506,0.18107722262217146,31.46256412290942,21.470968430411794,5.467952037242381,5.467952037242381,True,58.6066725974203,7.219252066121511,0.11131611983771192,0.0010825396831426095,-0.0002520185582028109,-0.004255072014044891,-1,,0
1957,0.040448930374414355,0.345140319571139,0.5239124143129018,0.059230590240360696,0.014333731091033851,0.016934014410150314,27.72054890441813,31.972723291033567,5.186960632865878,5.186960632865878,True,59.96365152523615,7.054627183341271,0.057330855191381355,0.00018431474111563,1.8306739750124557e-05,-0.00852119159449182,-1,,0
1958,0.14046221490950003,0.5842491891715005,0.16392874894872161,0.01556240253546133,0.08622754373487258,0.009569900699943937,33.93193380235016,30.487456811997774,5.048671886692752,5.048671886692752,True,57.65560315830284,7.136660405906158,0.04628536752405305,0.0004354586592040723,0.00010074645559095239,-0.007420921919863353,-1,,0
1959,0.2581344429719861,0.0842673250193567,0.36256321909498973,0.24398594693191142,0.04928848387286914,0.0017605821088869046,29.307143349588088,47.54442683092991,2.797068860972141,2.797068860972141,True,44.01504059845765,7.291598619198131,0.06579035144447101,0.0009069611810981823,0.00018369390333719405,-0.0027376011180058734,-1,,0
1960,0.17754054809104547,0.03532144085816798,0.021025996364003353,0.2625939642276386,0.36539356421159375,0.13812448624755086,37.77182392661083,45.98402629533347,2.700339992781387,2.700339992781387,True,47.31250014053689,7.435695540997139,0.10220190892010031,0.0030376453861906422,0.0017310194680639436,-0.0013903319867542706,-1,,0
1961,0.21519943009704587,0.09819754070780816,0.4312771032764116,0.17920383682386154,0.035385265527820106,0.04073682356705252,27.185423320655108,34.91403863424699,3.913182482332855,3.913182482332855,True,52.39877506285974,7.208697636178236,0.07570674986757495,0.0006077670025713101,-0.0001269687404463131,-0.004230986677545869,-1,,0
1962,0.13305472660819956,0.02938266079162049,0.7197544113741614,0.04600185020944737,0.05855601304157746,0.013250337974993814,41.98923637288323,23.236831192578666,6.581749934800249,6.581749934800249,True,73.92244394319361,7.17184571478431,0.04315494254468778,0.0009150499461013191,5.583099824233304e-05,-0.007659237955121704,-1,,0
1963,0.35452798983353134,0.05564998951272027,0.014014788789157507,0.26513005408914375,0.30109917824527177,0.009577999530175381,28.90286338271973,20.60085223222479,5.802863487717952,5.802863487717952,True,69.97908141982909,7.237648295699474,0.1489050912695931,0.000918146987900846,-0.00037309551433836106,-0.0035028285764357407,-1,,0
1964,0.24210003650618808,0.37925961922573614,0.1925860438425737,0.009839918356545782,0.0054841651960136325,0.1707302168729426,30.45867453499598,27.887958596941406,4.695855181064039,4.695855181064039,True,51.87879070403688,7.1808456151434354,0.07321465270655918,0.0007655991906145418,-7.594661686723932e-05,-0.005327311907592574,-1,,0
1965,0.3398321776470673,0.307200915850532,0.04032732603373628,0.17727139634836495,0.04563183224819435,0.08973635187210512,31.519272055586633,20.85096290831965,5.866033922774124,5.866033922774124,True,65.67461785157033,7.217674692554866,0.10807021162632456,0.0010137050929788975,-0.00027059662753816126,-0.004216249051911914,-1,,0
1966,0.18694126180481563,0.3027588666916581,0.41326510312528486,0.058363485909419546,0.006912138469627469,0.03175914399919453,31.8072755627946,37.590078637618994,3.881764431466426,3.881764431466426,True,49.5701983330049,7.19757842218753,0.04787132403128172,0.0005923354752267485,5.538401023826739e-05,-0.0053876322022779755,-1,,0
1967,0.0987837091893225,0.08511255661943826,0.28530405745972504,0.36619674705190264,0.16406878257117333,0.0005341471084383199,28.51699498562012,18.837114488516495,7.54004758068923,7.54004758068923,True,92.82224548420002,7.1741624664641,0.13518681859677867,0.0007007745548559178,-0.0006043899371556993,-0.004362236732138826,-1,,0
1968,0.08881064743572188,0.11418658149857608,0.5614476148614824,0.17910626415436898,0.005537485634844913,0.05091140641500577,30.458796235498003,49.792136983678866,3.0115241648835194,3.0115241648835194,True,46.99407923775725,7.265662011073294,0.05117674876175406,0.0007584574302535807,9.871189199515581e-05,-0.003476582802360238,-1,,0
1969,0.15846392105489793,0.11033161482989319,0.10051490316707568,0.5519247426163719,0.05401242353912542,0.02475239479263588,43.367924227806,18.60303232625337,6.977103626950302,6.977103626950302,True,106.737063232343,7.416613190624845,0.1451013733813011,0.004455900856537206,0.0009874670596000444,-0.0018052235959584036,-1,,0
1970,0.08162440035052856,0.42819045519932786,0.11460006488573794,0.3612316271563404,0.012704436596062628,0.0016490158120026361,31.200048638278655,28.54818329074206,5.177110356369674,5.177110356369674,True,74.51511302732183,7.245214670221233,0.08357186630309714,0.0009342166828184423,-0.00010081383744196202,-0.0039141586999751855,-1,,0
1971,0.347081853349841,0.03886157165935807,0.0004974249798621659,0.38931307301661605,0.13873016436497487,0.08551591262934777,41.88827093318487,42.10583765572365,2.7216919457445083,2.7216919457445083,True,48.58065077008181,7.481386502574012,0.11501536315521668,0.004679079985747534,0.002159491907921427,-0.0010986847041481948,-1,,0
1972,0.3071568888314821,0.1553270693569502,0.07960129023401025,0.2675912854833492,0.003547903321525563,0.18677556277268254,33.33464507788089,44.80381558455088,2.6064845452101952,2.6064845452101952,True,43.00925221364958,7.380619706920394,0.12055886800211872,0.0021281863937766894,0.0014108654095271861,-0.0016827925907741375,-1,,0
1973,0.45967299594957645,0.13718769488590304,0.04502680553703432,0.13994507405700965,0.1416492539729825,0.07651817559749394,36.48594575931103,16.227007885004518,7.015458173733225,7.015458173733225,True,71.65612288879989,7.2506717554720055,0.10612155140111675,0.0015292346136487616,-0.00018095272606361587,-0.0037289841083930873,-1,,0
1974,0.13180050634134616,0.46315819740059444,0.08472154932729298,0.02100934495864906,0.2968164898162005,0.0024939121559168337,38.72258620005566,46.65732991715626,3.218043634401744,3.218043634401744,True,46.137011086219346,7.316872394180742,0.03563051501823847,0.0011217834492354502,0.00022580750365914105,-0.0040675349629627836,-1,,0
1975,0.2396150403534205,0.19308430991005826,0.05896579394807277,0.15722915123083275,0.3194134913723928,0.03169221318522288,36.58508391789091,26.34066680543419,4.957859655964334,4.957859655964334,True,64.61866969097953,7.29521750912358,0.0714435277018166,0.0015427606906074712,0.00011131662586888179,-0.0038334993532938583,-1,,0
1976,0.3237822751594953,0.4466452234710603,0.1356996998888627,0.05026638448362208,0.003373562941687677,0.04023285405527198,41.2179750466792,23.61377855705551,5.588742150560535,5.588742150560535,True,61.6546531100221,7.245572058291731,0.050067563399564086,0.0015083341269112485,4.1387403316339685e-05,-0.005497943086926601,-1,,0
1977,0.29188872847415404,0.0512038586236345,0.32926962331574183,0.01267300806907704,0.19071508088098105,0.1242497006364115,42.497944009451786,20.948016305391395,6.029365782264889,6.029365782264889,True,66.17041857291615,7.2797481580037555,0.0597306356022289,0.002146400662516653,9.791236148811434e-07,-0.004752329062064895,-1,,0
1978,0.30837543289768216,0.117153251001532,0.20933105127790164,0.1878709126130026,0.01567339184872395,0.16159596036115761,28.150352717773718,22.259215092743197,5.399606135816968,5.399606135816968,True,62.47247973182688,7.213288491954394,0.14728953240341758,0.0008902547679661887,-0.000583641764034197,-0.0039165035792208605,-1,,0
1979,0.11599094698146187,0.1614544647149693,0.004537036527905521,0.1570874019823041,0.546669447639157,0.014260702154202363,25.69831583645493,21.249838674969652,6.558163647820177,6.558163647820177,True,73.88350096051774,7.136477684847288,0.11890863970897712,0.0004491473714717895,-0.00031597676495487997,-0.0053149660164911365,-1,,0
1980,0.1860234033243941,0.02657313020183239,0.056668685368875114,0.3341647422178952,0.165777899578385,0.23079213930861817,26.551033485229325,44.985416473717585,2.6380512690015774,2.6380512690015774,True,45.50892316503142,7.343016479603837,0.23268500735547024,0.0013308900370662454,0.0030107001146806264,-0.0015458796748124154,-1,,0
1981,0.2821728756245696,0.13374185646240208,0.30163324836694805,0.07922855486462146,0.09956826476577783,0.1036551999156808,40.201435630870805,39.486069868687906,3.2433756565347345,3.2433756565347345,True,46.35391691956437,7.364883131496244,0.05442643558107666,0.002355255228642083,0.00035981022529288435,-0.0030974856697257784,-1,,0
1982,0.2915588637847896,0.14633272786395737,0.019213991412354598,0.5098523291166466,0.003005576118114844,0.030036511704136973,44.93818849220081,23.914826468842726,5.04683417340829,5.04683417340829,True,81.14726077673322,7.462034547077002,0.12750087801484486,0.005427999589073705,0.0012955960222402344,-0.0015637683092094672,-1,,0
1983,0.10458996587960848,0.09493473370023987,0.11934650819872966,0.5844394304416973,0.01463653881559744,0.08205282296412716,30.710179833808326,28.12328483239309,4.623005308093276,4.623005308093276,True,78.45713587742328,7.343012054160658,0.27942676971452624,0.0017591291858076747,0.002714767628595096,-0.0018322700193747741,-1,,0
1984,0.08764934996340153,0.40966130427930436,0.022117143656571202,0.13703100263807402,0.0774582089761839,0.266082990486465,42.13150354298381,39.143745701515954,3.3793907148236157,3.3793907148236157,True,52.44414487183474,7.416541286227949,0.07929518522601062,0.0037797997599838006,0.0008859146414209179,-0.0023103166350686467,-1,,0
1985,0.14036161733952005,0.21722449979409844,0.0638584890399372,0.10430637542530025,0.1546853244349225,0.31956369396622164,34.432476279350055,19.78251373143493,6.245911372528751,6.245911372528751,True,72.30792218506237,7.25955160449426,0.1414178403168003,0.001710973700674686,-0.00035946994068011964,-0.0037663985766284687,-1,,0
1986,0.3509898011036249,0.10406519977972435,0.2152441636436823,0.17963704477434456,0.10487106772767428,0.04519272297094975,39.54031482536742,44.18107472168784,2.786582782457036,2.786582782457036,True,43.392708689657816,7.397837668732706,0.06069947616482711,0.002581881843852422,0.000573436726806865,-0.0022992275194184232,-1,,0
1987,0.19795956318118352,0.11402899261903714,0.0819076749817394,0.07293669829455458,0.47978895853879516,0.053378112384690285,32.99902462134982,36.74341783283937,3.609589068605141,3.609589068605141,True,50.419170405552094,7.298902953526621,0.06405912789710562,0.0011559865702469472,0.00025860713591726193,-0.0034521127329467296,-1,,0
1988,0.1635176841387466,0.2744098258677175,0.0768260934682658,0.18393566397849523,0.09203104621265974,0.20927968633411517,33.00424042353196,29.139737525659392,4.383389323487585,4.383389323487585,True,60.19741262404823,7.298404252521977,0.11188709322149397,0.001580372935654352,0.00018941470260366096,-0.003203345300759567,-1,,0
1989,0.0498831990419814,0.031410848196675584,0.17060786769862094,0.07927556113792854,0.591956121388109,0.07686640253668439,35.49820759909827,41.02903256089112,3.4815435266449537,3.4815435266449537,True,53.03119101140038,7.338108982152476,0.05714882936567375,0.0014425629505559865,0.00040704375276235576,-0.003065603838908705,-1,,0
1990,0.1459853272489014,0.41626584125766525,0.039452720260817725,0.16903080514853047,0.05239371531119252,0.17687159077289266,44.550119682578625,27.774646505529294,4.788548457864425,4.788548457864425,True,66.7020857103799,7.386819414626727,0.069662801792278,0.003786658858860467,0.00032071056559112616,-0.003156074868495993,-1,,0
1991,0.049169549337514905,0.26488720606081645,0.08245134630836388,0.4706412690566336,0.05604622170857562,0.07680440752809554,31.84630012495212,24.943640258895652,5.577012178532275,5.577012178532275,True,85.29403706881092,7.301683495219909,0.16086628860589006,0.0015176101910959955,0.0003442487189620807,-0.002682978842672773,-1,,0
1992,0.5020208543622553,0.19370707395258213,0.024617218770062115,0.10049783983448556,0.03559423476877443,0.1435627783118405,27.677781387503632,21.87754951270891,5.022382780066117,5.022382780066117,True,52.43957673107642,7.211826662747206,0.1424571452814753,0.0008347824104721205,-0.00031115639081264607,-0.003930204037932941,-1,,0
1993,0.05186332388649184,0.04330080414735335,0.12532711149851405,0.5829805960552282,0.18709440444386288,0.00943375996854967,26.728948265376125,27.115770527169886,5.0619408451528995,5.0619408451528995,True,83.35524985288068,7.293034718927803,0.2637699149401926,0.0010763925405710693,0.0011350440762082123,-0.0022140165430873673,-1,,0
1994,0.48705700194898766,0.061171821744880346,0.049800471488027236,0.25864886519234287,0.007359880401733983,0.13596195922402798,28.347145386220976,23.856269838976345,4.51739972395665,4.51739972395665,True,56.62985385978631,7.275461382593043,0.20252031243684276,0.001158120195414529,-0.00026942814693997516,-0.0028487572091411015,-1,,0
1995,0.32415120226969435,0.4265505982526485,0.028376385697599028,0.059892266058393165,0.028908079007218198,0.13212146871444672,40.87155498783213,19.83710602356544,6.285593638674971,6.285593638674971,True,66.92109524849721,7.260055501895571,0.0666062409959885,0.0019252297202760275,-5.47476086418548e-05,-0.0046887876418535805,-1,,0
1996,0.312294590786937,0.03362352678355987,0.29431031466867996,0.19918041715961307,0.042468261934163636,0.1181228886670463,37.23789242684138,46.04725676994451,2.645249443150939,2.645249443150939,True,42.477973584990345,7.390818371611065,0.07470943943328856,0.0024331239560855993,0.000769604734233146,-0.002032113186210421,-1,,0
1997,0.06777492527312305,0.22797089411597582,0.16441301259319913,0.03595787446857041,0.2064994733825442,0.2973838201665873,36.338583740590934,17.751704510896506,7.473377156589593,7.473377156589593,True,78.73943839854158,7.20320011859237,0.0991181326998184,0.0014975852771274985,-0.0003266912299033221,-0.004914136951561478,-1,,0
1998,0.472361818806751,0.057082757029875975,0.05435653409056987,0.3420312159099851,0.05742206897282482,0.016745605189993167,31.895323879319086,33.614768287362644,3.3396154382225287,3.3396154382225287,True,50.65860332854529,7.3462249446427315,0.12489623399116388,0.0016363516824985168,0.0006651844217223922,-0.0021495133612764966,-1,,0
1999,0.23277996477865437,0.15650547895933845,0.09287610010149211,0.2521142966429521,0.2243633565840656,0.04136080293349741,33.93592689381138,31.722667796409937,4.066546545679181,4.066546545679181,True,59.46603086545163,7.321068878786999,0.08710075837300159,0.0015361386505234633,0.000299568012311291,-0.0029397959537334636,-1,,0
2000,0.6200626831177252,0.25765879589843516,0.03020972065286625,0.0404389103055897,0.0116017462822691,0.04002814374311461,30.34665428915145,34.49782061359407,3.1755728344910366,3.1755728344910366,True,37.50382344705435,7.2642407259104225,0.07176814418429589,0.0009988862485478518,0.00016901290551333347,-0.003561729720484828,-1,,0
2001,0.12341354351327985,0.1678731021555299,0.4354086672685392,0.0786624990915756,0.19158173965307904,0.0030604483179964784,26.403201989704197,23.464281342620673,6.418731843123064,6.418731843123064,True,66.12811273212667,7.041392308920793,0.08188306126165285,0.00024620728998373827,8.582125124397018e-06,-0.007928034285700904,-1,,0
2002,0.23865234398875015,0.279060037770323,0.24573211235448628,0.04073084918711094,0.003401861688410656,0.192422795010919,41.08553665555149,20.371392036326217,6.313169388463933,6.313169388463933,True,68.49815779565432,7.254772964853766,0.06623604429557486,0.002003673271113288,-7.911337051764265e-05,-0.004882924431334201,-1,,0
2003,0.6330515847285431,0.07614636150795892,0.15048554917374127,0.03187520020383125,0.021058877789901467,0.08738242659602377,37.103537000061564,26.401188548412478,4.02803694655676,4.02803694655676,True,45.39908274598649,7.308639921472615,0.07459584544862173,0.0018448823312665892,0.00018141740066048899,-0.0035965315444411077,-1,,0
2004,0.13988672219592727,0.030066053897690872,0.23023947555202495,0.5895049106401595,0.005870774561990975,0.00443206315220644,31.329202848304938,46.64526751640108,2.840154666785158,2.840154666785158,True,55.41659456368228,7.385712548850175,0.13952586504054892,0.00178204753374265,0.0019372950448899866,-0.0011288592780539205,-1,,0
2005,0.04675153095250219,0.04330768525845235,0.38021246623330823,0.44227249990701256,0.0027628424257830245,0.08469297522294152,31.86523436160767,19.467036059480733,7.223225953909738,7.223225953909738,True,98.52480478370828,7.246175609139973,0.15689079089840646,0.0012863579953575307,-0.00048619587237409937,-0.0033726274935343453,-1,,0
2006,0.15479866031428485,0.652175527836746,0.06734897919364947,0.030906200545176208,0.029688028658219085,0.06508260345192417,43.18602631280541,39.8377742374326,3.704294195069932,3.704294195069932,True,50.29084380333364,7.332131766709271,0.037005958693759576,0.0018453569641261154,0.00019341301892395374,-0.004511613499828931,-1,,0
2007,0.08450904284156784,0.028259558173425913,0.024884954923436203,0.169288604734864,0.3818411774742043,0.3112166618525016,27.624099214315518,35.533598552386515,3.4561889355273787,3.4561889355273787,True,52.36780283089225,7.316389123365,0.21655247766397273,0.0013212475531234676,0.001765070870766227,-0.0023114829171717584,-1,,0
2008,0.31709250090000496,0.1082365664628658,0.08905765617499431,0.02252738724616064,0.39363463364518564,0.06945125557078867,29.188656730525203,19.025519425214362,6.534764497958933,6.534764497958933,True,62.63251064841414,7.142434052920789,0.10359268085696978,0.00060612938566853,-5.23353992414142e-05,-0.00539161700437556,-1,,0
2009,0.17347156487081372,0.08141151585024071,0.0006167106721728581,0.17201615860659836,0.5070429528187446,0.06544109718142985,40.58277030687221,21.436997953477707,6.067292995702078,6.067292995702078,True,78.89614713228642,7.33650971540508,0.08249046320103695,0.0024559264155766835,0.00018653673052216864,-0.003394993072154048,-1,,0
2010,0.13230273427419825,0.13126162092681043,0.5280880796829784,0.16858598471831251,0.023901874231222756,0.01585970616647764,33.86355974490576,34.68514310738584,4.275101060792313,4.275101060792313,True,58.99681820144188,7.237507445778305,0.05206984716004488,0.0008494727468933948,3.273801054923289e-05,-0.004756554106457094,-1,,0
2011,0.14949530093023888,0.024246569082167543,0.13258155440507927,0.016645457019569376,0.2658234373575044,0.41120768120544043,28.933456525765926,31.192024436298844,3.776113471122481,3.776113471122481,True,49.47686910970515,7.290827757007392,0.1808825742869345,0.001369282921865986,0.0006206275521260744,-0.0029836844128295612,-1,,0
2012,0.19238011343003225,0.29208196291150196,0.12737795721653022,0.05314793023776516,0.012385353198028961,0.32262668300614145,32.2821672448395,29.301498049819784,4.200710120553801,4.200710120553801,True,52.762658381053676,7.275415655844588,0.11065260470709246,0.0014805857322924278,5.747094141506403e-05,-0.0035983923489181545,-1,,0
2013,0.06980283923775185,0.47190431039896863,0.010195545348043483,0.12731434635644093,0.20811392370113602,0.11266903495765922,43.48249297968431,31.795666154587487,4.54297420311397,4.54297420311397,True,64.47751456678634,7.3652439176765405,0.053201417834940305,0.0027708432408479118,0.0002697778324285783,-0.003654861505994695,-1,,0
2014,0.35994048043344046,0.2287436757321752,0.022186138666117367,0.2358293333321004,0.04736797990593458,0.10593239193023185,33.30241221224152,49.57759626798979,2.380820947926176,2.380820947926176,True,38.95017453141961,7.373612774197099,0.08737279792624174,0.0018746126404319253,0.0008989820754776534,-0.0017884851611929134,-1,,0
2015,0.5392446821671286,0.0743777867001779,0.059425033893273776,0.1291730557087392,0.19477845646474487,0.0030009850659355897,26.304313397990725,47.28453793484688,2.369811115882042,2.369811115882042,True,33.84837997201874,7.289225668868487,0.08011935159073703,0.0008320966549587053,0.00029254791886490283,-0.002472118595024307,-1,,0
2016,0.16082897033761076,0.3334247746064625,0.20536872937636982,0.2727871555654288,0.0004161173536522908,0.027174252760475835,35.03323684130966,30.150253510685523,4.665362828788794,4.665362828788794,True,66.09838945436472,7.281604153781724,0.06858777217499583,0.0013212717515092547,4.6964240779467476e-05,-0.003807156387699937,-1,,0
2017,0.2522606550872105,0.09239532180473527,0.39138623254315047,0.1437405545195295,0.10867133919025004,0.011545896855124065,43.439286684064186,30.29295918372278,4.463468925336367,4.463468925336367,True,60.79365944873083,7.349884348288209,0.04868192084460541,0.0024166719039469655,0.00016194626597295706,-0.003907927703275713,-1,,0
2018,0.22495538008088123,0.431036897483,0.056592201028376345,0.06429291819327883,0.09101150984956807,0.1321110933648955,33.76814181060298,20.89954368468796,6.31715592640163,6.31715592640163,True,66.23268632985136,7.176657061378471,0.07866539475378982,0.0009420294433400818,-0.00011794287042035368,-0.005501782021634292,-1,,0
2019,0.5323135720508867,0.02997751704244704,0.02070209493528293,0.09810550399341351,0.1581857408042175,0.1607155711737522,38.176335336348416,32.78580363919046,3.2218052467564333,3.2218052467564333,True,43.996963168091,7.389448416432348,0.09764893273507493,0.002810963053027673,0.0008073821118389349,-0.002373585212661686,-1,,0
2020,0.37504532897234033,0.09313567908923905,0.4568588086680592,0.014833140033519087,0.04143707667240415,0.018689966564438262,29.28690873895566,38.376516602452995,3.364257561382934,3.364257561382934,True,40.93121841835966,7.205123180682983,0.05374171806713339,0.0006017824679773593,7.274666752652971e-05,-0.004665101508902139,-1,,0
2021,0.06353811634563816,0.05937446261954168,0.5470186299229156,0.16427153756804241,0.001876201510240476,0.1639210520336217,37.88173714673281,25.89335536826163,5.5240301453360745,5.5240301453360745,True,72.64363694466195,7.2666735655281345,0.0689400430059942,0.001680603223681098,-2.712103382743996e-05,-0.0044801391007040815,-1,,0
2022,0.14552644609969423,0.20386966405577803,0.3859162931555856,0.026956625707483334,0.08314783803459258,0.15458313294686632,25.08801843807101,27.863246007047508,4.993542528074418,4.993542528074418,True,54.21945366159771,7.111786343682631,0.08810556229340998,0.00040802566655245853,-0.00022511498009912862,-0.006100145958119573,-1,,0
2023,0.10933715456229855,0.03315763823854139,0.031010233984547064,0.6318020534942177,0.15671510614617332,0.03797781357422204,30.513308675743325,36.219654742358735,3.551823712716106,3.551823712716106,True,67.27913838688819,7.3825654472565665,0.27496009838301716,0.0018930708447912495,0.005141957132853476,-0.0012699865387150412,-1,,0
2024,0.12104707915165135,0.11692550884484973,0.03297075244350586,0.570152215506541,0.07042452695985033,0.08847991709360185,31.17230685218838,49.90594376486042,2.5576931204635316,2.5576931204635316,True,51.14321987023736,7.40423915872001,0.1867961478058772,0.0020322732853017738,0.0037092412281449624,-0.00088528052549949,-1,,0
2025,0.6101998748589167,0.13963844896723868,0.036620859885917824,0.03860890500876398,0.048582546644358085,0.12634936463480473,43.32604067829962,33.412396183420945,3.1540942664178626,3.1540942664178626,True,40.94557417127869,7.413280311339864,0.0682416906789566,0.003768322557022545,0.0005352826180664552,-0.0026597695173323486,-1,,0
2026,0.4324318312430117,0.034124605215867666,0.1310928462117341,0.11354843906477806,0.22867838242397318,0.060123895840635384,44.33894277269861,44.720691777300885,2.59492299898295,2.59492299898295,True,39.78691476337794,7.4570701734248495,0.05936581737693672,0.004131174237139139,0.0007590479861842108,-0.0020416869529916826,-1,,0
2027,0.12132348342131923,0.3978511211969793,0.1075294122116128,0.11934997034872806,0.1085854038723755,0.14536060894898506,31.377970376809742,39.98384983941237,3.465345212979067,3.465345212979067,True,49.587400816917345,7.276514794991296,0.06834427689259157,0.0010675146598458506,0.00015315060082429188,-0.0035037887577672082,-1,,0
2028,0.3900582019658593,0.02054600631267591,0.0926264230165445,0.1976578839905661,0.017184656738419426,0.28192682797593466,27.736635680078948,37.38205697514964,2.8795269531529732,2.8795269531529732,True,42.43120725503416,7.3256694317555375,0.20789866588243755,0.0013960951299560192,0.0016019317337179824,-0.0020667816459194114,-1,,0
2029,0.11933060051570386,0.2245507006771974,0.050606812659493704,0.29130363345701926,0.038316023335122615,0.2758922293554631,30.484596447807416,48.21528869616994,2.5794352232880597,2.5794352232880597,True,44.875688538422594,7.367425196024685,0.15957381223997372,0.0018099564282162077,0.0021931083353064957,-0.0015152856877555158,-1,,0
2030,0.4115707519337744,0.036776647322768856,0.2020254459836489,0.23639995619905882,0.0914913590401245,0.0217358395206245,31.316629701769614,17.258178212057626,6.864824762250408,6.864824762250408,True,73.78675362652852,7.210521683307198,0.13009478011283082,0.0009660713205034435,-0.0003755987442268543,-0.003872763379743533,-1,,0
2031,0.05024739587995334,0.01504737158308174,0.11118182898976485,0.2904373928151144,0.5025553621703792,0.030530648561706498,28.750628931444165,29.16853058567796,4.811197085455235,4.811197085455235,True,70.9401790337944,7.26982618001343,0.11344124008610064,0.0009293282035491756,0.00017110097195839185,-0.0032511944458654637,-1,,0
2032,0.02138143144482769,0.3674667143070055,0.294316765764699,0.04226479849604721,0.15678114638003743,0.11778914360738311,41.8529848134107,40.32007060533386,3.8291640434658127,3.8291640434658127,True,55.021576136923116,7.333913259092433,0.04052381116154865,0.0018368802094440048,0.0002207058006510901,-0.00421561029987584,-1,,0
2033,0.20844334667077422,0.10161153687780014,0.12056046061623432,0.4465270811892558,0.10144295286389274,0.021414621782042613,33.73704015075549,18.34907533747842,6.991404533319933,6.991404533319933,True,94.09623613689641,7.287414413669988,0.16223059052858257,0.0015996553462818528,-0.00022508554945644405,-0.0028290825793342946,-1,,0
2034,0.18051815207156838,0.15086158195402563,0.20959297388955603,0.23769523295842412,0.06275145627345838,0.15858060285296752,25.921298002043823,28.50521277930924,4.507373716787562,4.507373716787562,True,59.81214082360642,7.227329885017574,0.1461421579993236,0.0007912411749598965,-0.00047732537782811294,-0.0035591912640350605,-1,,0
2035,0.16340439765447082,0.12562491844824408,0.19177328839249178,0.26861371093078407,0.17941531949475387,0.07116836507925543,41.29550697036383,39.18727974377255,3.4008432403523123,3.4008432403523123,True,55.8443133207129,7.4193959817322925,0.07064270552838278,0.0031877345403773377,0.0007544814451130377,-0.0021255041063431125,-1,,0
2036,0.11063653514651642,0.011327962188921056,0.694659808131273,0.07646611237470094,0.019767787786649126,0.08714179437193952,33.172015352545,33.78810687670401,4.379380029487958,4.379380029487958,True,56.70065458487163,7.20548184181761,0.05253406570170599,0.0007623461163987258,1.100450456502544e-05,-0.005416543351858014,-1,,0
2037,0.19989931189514323,0.031153300590584826,0.13758236470614502,0.23350277319563845,0.03216329541969572,0.36569895419279275,33.72493041892435,33.160644391607114,3.450724857661344,3.450724857661344,True,53.38827628092762,7.3742379071684265,0.22853528597422962,0.002518423804498541,0.0029245261988509294,-0.0019392107532712145,-1,,0
2038,0.26966327737165796,0.21130432851563596,0.021142088136836188,0.2140263163891409,0.13650554802966292,0.147358441557066,35.350104887870984,37.238664005006356,3.263391237050639,3.263391237050639,True,49.939232961717885,7.367680543241081,0.09881085897550605,0.0021626604661417114,0.0008004932043109799,-0.0022665826788226284,-1,,0
2039,0.034174984738587745,0.0028042258402959518,0.023838399808297855,0.08695001020148813,0.00521563185424303,0.8470167475570872,35.15417687066248,47.624439926702344,2.1827142776235644,2.1827142776235644,True,37.5807092594447,7.431679130014308,0.6152861020713891,0.004102433155564818,0.024570680455600014,-0.0023031235776278898,-1,,0
2040,0.3868194116654224,0.08950890388044132,0.17752850913317528,0.009413617305623437,0.2694029421181719,0.06732661589716588,29.72747070817969,30.024274324266237,4.039971424863189,4.039971424863189,True,46.56944075962202,7.224073781804666,0.07433926993230992,0.0007921277450518164,5.652596795450616e-05,-0.004384080099071227,-1,,0
2041,0.4893749237059658,0.050409490118794135,0.023838627811024308,0.22308210699955755,0.0469228032404484,0.1663720481242098,35.81143703777324,32.09539157248214,3.3167233796961813,3.3167233796961813,True,48.14447504323465,7.382814324809826,0.1336363645877801,0.002547405100264509,0.0011379584315124652,-0.0020851704580055423,-1,,0
2042,0.45331593428613576,0.09825052756918963,0.27317412380533496,0.01808178422234883,0.018132775174480455,0.1390448549425104,39.29104196540165,20.985925704701117,5.507209784852375,5.507209784852375,True,57.55502585102882,7.268209759985441,0.07119858528690162,0.0018426575791186698,-8.923359559780454e-06,-0.0043956037991955835,-1,,0
2043,0.07206501655692571,0.6822110791253658,0.07299161435555603,0.12626384908885874,0.04424276629761318,0.002225674575680546,38.298073580829545,38.16129092476851,4.17625163788542,4.17625163788542,True,58.30584759332647,7.264922875343408,0.03921215352784711,0.0009392508829386594,0.0001157822982269214,-0.005119085402215339,-1,,0
2044,0.2539530115076388,0.43531635284102477,0.013181537695750162,0.2430032003150704,5.087162708190922e-05,0.05449502601343391,33.22561505241653,26.08676396585288,5.0118155400151725,5.0118155400151725,True,64.92056839811994,7.2592861608350825,0.08567311000537291,0.00121144866017268,-8.134077292672813e-05,-0.0038944464434505295,-1,,0
2045,0.08494870759881072,0.08324457623370449,0.08686340409940767,0.5165812578744347,0.04103780323756268,0.18732425095607977,28.578495713128994,26.55949505021495,4.744989671203391,4.744989671203391,True,76.51272717288677,7.312637400377846,0.43446826070160716,0.0015202230777234124,0.00344559230714326,-0.0020908959524782995,-1,,0
2046,0.06408267679929512,0.039090357900438424,0.026960929497061147,0.6465418288516444,0.006563039477168337,0.2167611674743927,40.736325834140246,46.358920221995355,2.639087157982701,2.639087157982701,True,56.18661585101217,7.509983348763737,0.2819894654578651,0.005755687273539592,0.010485733437345112,-0.000559165705651673,-1,,0
2047,0.27649877304621673,0.09257328244140887,0.2971547701002217,0.26827882488757326,0.03160322072456595,0.03389112880001342,36.87226382635931,21.974813734171953,5.847614630851788,5.847614630851788,True,74.64531652383612,7.282334083464723,0.08539831356588068,0.0016572924236552763,-7.237394759304421e-05,-0.003726580665076755,-1,,0
2048,0.12408571178572807,0.09078345177388444,0.2865752959292885,0.1863606119970583,0.06742498921102258,0.24476993930301816,38.64579437319463,39.60584834784015,3.251678676773838,3.251678676773838,True,51.80657083462847,7.395308179168406,0.093074962884799,0.002970546758209956,0.0010021761050287852,-0.0021540102976532866,-1,,0
2049,0.23531641630271116,0.004230554838362987,0.07081074023580973,0.29150320742835234,0.30742678606142104,0.09071229513334274,31.644255575613247,43.06191445958187,2.8492314009789,2.8492314009789,True,47.83124225274215,7.36827005035208,0.11556487469870096,0.001687355341303286,0.0012226941593504333,-0.001757914428500956,-1,,0
2050,0.12521153329520282,0.02998726517943094,0.2231951489476884,0.22686620597062335,0.2001465482448186,0.19459329836223585,27.459415452641053,16.24033391310039,7.916352915431098,7.916352915431098,True,85.25434647471722,7.157209455184068,0.21472837325268895,0.0007655471667953453,-0.0014762111994155015,-0.004151668661060082,-1,,0
2051,0.017111936359467807,0.08071449039624186,0.35054587443608365,0.10781668261871527,0.08681178863663234,0.35699922755285907,42.57858065895442,26.999268088851235,4.904010009489764,4.904010009489764,True,68.5817126926227,7.375673409195407,0.0977753720124271,0.0038845289668662606,0.0005436277375900173,-0.0029963961434053463,-1,,0
2052,0.3107540073059138,0.07086893006706053,0.09048590561210682,0.18514998941966274,0.1586560184550101,0.1840851491402459,30.498633839407635,27.163004639472774,4.292563476805364,4.292563476805364,True,56.60078609802981,7.291574218438856,0.14676952869094365,0.0013595441058951835,0.00014446983065806524,-0.003000340487480893,-1,,0
2053,0.06519468754100749,0.09767759625095215,0.07967077815665716,0.1809108655560235,0.44083583189536235,0.13571024059999728,32.896817854012646,22.05846671952068,6.151262520241293,6.151262520241293,True,78.3593312126733,7.252444618336869,0.1115973023110108,0.0012746085813084864,-9.472397572483713e-05,-0.003948044184022869,-1,,0
2054,0.73099067209819,0.005707519066064753,0.05010889612673984,0.045120059028209314,0.0003860257186822648,0.16768682796211384,27.757991648239305,36.23661847895522,2.68741610210579,2.68741610210579,True,33.19085730300123,7.301015930521365,0.12140801572196841,0.0011584147174676814,0.0005677229308079123,-0.002601202240247118,-1,,0
2055,0.3359041388241694,0.20495620656084887,0.0351171115095467,0.041785377973874806,0.35523836395531233,0.02699880117624795,27.732088055593106,41.016978106906976,3.0661315933091116,3.0661315933091116,True,40.64046765185367,7.251880073158978,0.06573619905324585,0.0006995254774573269,0.0001377175535735131,-0.0035439094235185215,-1,,0
2056,0.519778486668294,0.06201404953933617,0.10590284170880138,0.26265162350850263,0.011446338584616599,0.03820665999044935,29.03376026560907,39.25485228533247,2.8168524908617956,2.8168524908617956,True,41.737576677741814,7.319364217631115,0.11030162322815591,0.0012307230726683054,0.0004747432710256295,-0.0022636111249561496,-1,,0
2057,0.050145721549206115,0.2680416593839322,0.07444153264784839,0.10244683512185492,0.4915606674616217,0.013363583835536602,26.73491536576008,47.982910826146394,3.131334515167686,3.131334515167686,True,47.01450828445981,7.243565637732356,0.05614597099068653,0.0004875138029161313,9.665281585044747e-05,-0.0035886357579166966,-1,,0
2058,0.12640607728581277,0.4221613949981206,0.026833449949284733,0.3908198002112354,0.012059183905684459,0.021720093649862167,34.260936135051615,35.209419798919534,3.975448446471364,3.975448446471364,True,64.12558926971207,7.334516186300905,0.08482760956549022,0.0016168182665915614,0.00039216084605937155,-0.0025904343121726744,-1,,0
2059,0.19575810994316944,0.0036377448320177364,0.0014349898805654405,0.10665525040350456,0.22476437406259722,0.4677495308781456,25.465208802435356,21.148407222253596,5.190763461888444,5.190763461888444,True,60.527059028908845,7.226249082534552,0.5499283807806528,0.0010304269512853247,-0.00277164576763273,-0.0029712224221461704,-1,,0
2060,0.1000278771840278,0.029384119230726046,0.45624504160442536,0.06267102605092761,0.16769075133837547,0.18398118459151766,35.107953091187724,45.448732535576156,3.037162055431209,3.037162055431209,True,45.82024613097097,7.327978140748622,0.0594624335770857,0.0015716617049455687,0.0003678340807424869,-0.0030149687030950325,-1,,0
2061,0.17763042746613097,0.05734878502455808,0.37250984682997196,0.300696666985485,0.014910996140880367,0.07690327755297369,30.428788351287526,41.007652794348786,3.2526379283000932,3.2526379283000932,True,51.93884452344032,7.30890003739758,0.08896757164314897,0.0012033391556004137,0.00031443747692517105,-0.002567171757513691,-1,,0
2062,0.11052742594914174,0.012581756883997344,0.1395865185355443,0.28650318481620135,0.4080191907035395,0.04278192311157583,30.86750345583993,19.51456145754479,6.936982416982825,6.936982416982825,True,87.29657301014082,7.226785351044334,0.1315266047312785,0.001005504322947717,-0.00032032722453090675,-0.003865609701921662,-1,,0
2063,0.21656382633814364,0.10588471863911154,0.31854325416785423,0.12018631335613726,0.13724137790066743,0.1015805095980859,33.85055175146571,35.413369721903365,3.7264562946057667,3.7264562946057667,True,51.695996916571346,7.291372553518311,0.06696318894768513,0.001306676920071831,0.0001669010869970861,-0.003573950589324716,-1,,0
2064,0.10355745454300294,0.664887260858536,0.17067456237465517,0.007166202909107962,0.0004993236049211226,0.05321519570977682,33.66839511017013,19.78146303007224,7.92439625217983,7.92439625217983,True,71.98515494884043,6.981176384291957,0.06327990354955698,0.0002904655392488933,0.00021637858590339878,-0.010635720806466124,-1,,0
2065,0.2708500581370365,0.07056069799056887,0.03150776376184336,0.23417990652452877,0.254598810440747,0.13830276314527534,38.91757536456551,33.37884378845959,3.5800724480986026,3.5800724480986026,True,55.391809873471296,7.407676843932729,0.10610330261953903,0.003094095195351057,0.001101423635656098,-0.002053508697494415,-1,,0
2066,0.2289901905196676,0.031247084200000892,0.12376300557037787,0.10120289966865896,0.058007221404442005,0.4567895986368527,35.386278148313835,32.17678389783913,3.434422847997663,3.434422847997663,True,49.575108408675455,7.3799489354344585,0.20466226930202347,0.0028828682721435944,0.002523045417789098,-0.002126665592966231,-1,,0
2067,0.06129470706013042,0.12646749577813454,0.5265802923631885,0.23115982091320592,0.027473792618131793,0.027023891267208777,29.43801292587647,37.21724244369825,4.104085758397235,4.104085758397235,True,59.62005781317729,7.219586860589451,0.062322153969597685,0.0006342526694400181,-5.955748622275277e-05,-0.004397462957737213,-1,,0
2068,0.09377582823300042,0.22473027351977415,0.3237518300913425,0.10405830688577579,0.19590364700292792,0.05778011426717926,32.75001071077536,24.538712789200787,6.019580579674053,6.019580579674053,True,70.2563092691607,7.159547491113489,0.06540825743909098,0.000675121482234419,-5.916908807731462e-05,-0.006167728927802864,-1,,0
2069,0.6827225968126224,0.03454483833652636,0.05633830477221092,0.19870036224232993,0.001909370655501354,0.025784527180809112,27.99468416533541,33.873493382017855,3.0405223592069213,3.0405223592069213,True,40.02995611210833,7.295943292732579,0.11755663553911602,0.001075795037053384,0.00028125663811933116,-0.0026231631662125823,-1,,0
2070,0.5512420924591028,0.148892816422165,0.1164614449869883,0.04944794562678636,0.11104056724634409,0.022915133258613267,37.053288210930134,23.612025746661132,4.799915421345039,4.799915421345039,True,52.13357209332116,7.272086499906926,0.06800755233424773,0.0014817640601904243,8.071685154175706e-05,-0.004209092316790709,-1,,0
2071,0.2840857796170272,0.016972097138685225,0.08508905189164795,0.4335384845201014,0.16554130813655477,0.014773278695983497,42.19700113731068,43.81831594861713,2.779893740784172,2.779893740784172,True,51.07947490718393,7.4811654407778105,0.09606747709655004,0.004414432461090217,0.0017184079351296767,-0.0010965713551274285,-1,,0
2072,0.3139241394061888,0.03460016018296777,0.26081543432807924,0.17370917169900615,0.19725648359170647,0.01969461079205169,27.181086129648627,37.801535512396725,3.3448744639561427,3.3448744639561427,True,46.66359045220959,7.2542649854049746,0.08210417011552355,0.0007445414440289278,3.985845580087794e-05,-0.0033185337387864,-1,,0
2073,0.03672168246348045,0.09126852030931566,0.2947397088271125,0.36172560194924025,0.06207437595682567,0.1534701104940255,32.87669512370044,49.988594042515714,2.757349822020514,2.757349822020514,True,50.387507607868834,7.3765438396735625,0.10346632228025825,0.0018712135794876383,0.0012673077999497539,-0.0015545389156676733,-1,,0
2074,0.3412486388975131,0.14407757618939065,0.052804406025998694,0.26877050940842867,0.056120736395511114,0.13697813308315754,29.500472593693047,21.22096821657958,5.4881955756923,5.4881955756923,True,67.31982099926246,7.2546638963269,0.18181827686044988,0.0011502285957207398,-0.0005588610845076321,-0.003222232091757012,-1,,0
2075,0.2994717553437771,0.10962584892382692,0.046324822010123015,0.2813466774216403,0.2615219404045695,0.0017089558960631036,33.84212589111455,20.748605947226526,6.0018116246304904,6.0018116246304904,True,75.8735573809988,7.275321148327949,0.110295115242728,0.001369862076418472,-9.97255469866546e-05,-0.003436864823138055,-1,,0
2076,0.2031268591738803,0.23528565248797,0.42053532456608606,0.09149081881753938,0.004359698732230256,0.045201646222293994,38.83986732773028,29.23632448725922,4.8433318777449195,4.8433318777449195,True,60.58428267054696,7.250614898979883,0.0482310708076338,0.0012661419313593142,5.82357984775034e-05,-0.005262689348477482,-1,,0
2077,0.18722684364094022,0.12893937584859277,0.4973553563653696,0.07627296837198473,0.09208832103274003,0.018117134740372656,29.417576696990803,30.254962779462502,4.768458408245344,4.768458408245344,True,56.23308178944757,7.146518137781474,0.060538337725853826,0.0004546571308811532,-1.3954303399737382e-05,-0.006105472372482813,-1,,0
2078,0.07977806610471408,0.021242361880819374,0.24623605274644444,0.11540768368275676,0.28390406565778054,0.2534317699274847,42.77575532730077,41.69582587400211,3.130104489398537,3.130104489398537,True,50.48622525672065,7.443133073079538,0.08061209510781564,0.00416108114533587,0.0011549252762818494,-0.0019808817055589523,-1,,0
2079,0.3698123442230378,0.45793582898397395,0.008415270245462866,0.059000422938806946,0.0829928116362647,0.021843321972453787,34.97657848853642,21.539704125677908,5.922036225246906,5.922036225246906,True,60.54291823544846,7.184391707641991,0.06591409386397719,0.0008882403403483567,2.583148105852146e-05,-0.005575488031450455,-1,,0
2080,0.17107240959671527,0.055399415761064795,0.3478666107123834,0.18365821309390612,0.01910703058725561,0.22289632024867462,28.597729294050556,45.13531508747582,2.8176230659873926,2.8176230659873926,True,43.94913625652283,7.3065897156984985,0.1065227277315706,0.0011920483986694052,0.0005091391233989335,-0.002383548258646851,-1,,0
2081,0.4583022445426416,0.038057582805923314,0.08066837468511033,0.21092124231237389,0.09278764489244111,0.11926291076150963,39.20333880997393,32.88653212589834,3.3583104978658422,3.3583104978658422,True,49.3300092705877,7.404070223558059,0.09990393364781106,0.0031107812716892834,0.0008716715248264608,-0.0021498266833274693,-1,,0
2082,0.20321126243460097,0.2613015635514705,0.08073129227182443,0.029584485470272218,0.30760123631706476,0.11757015995476716,38.649785720041365,18.66849249652928,7.0783256320000545,7.0783256320000545,True,73.84435418349581,7.212756764245083,0.06953088725624984,0.0013851285627746364,-5.571997948495558e-05,-0.005287133659396812,-1,,0
2083,0.4285340104511414,0.111352094841646,0.028443455699044686,0.24394199180460918,0.18766528508222263,6.316212133607074e-05,27.41154882031974,28.624340400277326,4.087101542695035,4.087101542695035,True,53.50633409569556,7.258869856665813,0.12029106194131121,0.0008611082920741751,-8.363218175445194e-05,-0.003208731077498157,-1,,0
2084,0.3696246739397915,0.23120346643599493,0.04013040972295259,0.05169719478384198,0.2687276856088729,0.038616569508546264,32.74785859528707,47.646944373007415,2.589535528110088,2.589535528110088,True,37.14626262966468,7.320829722046049,0.0554410263052916,0.0012304198678706655,0.00034382357547420246,-0.002831580333967929,-1,,0
2085,0.08050730543960992,0.3155590617546817,0.12665901099201118,0.004476152600923153,0.0446969009272996,0.42810156828547447,31.479590935036327,42.5960903620801,2.9613229907506207,2.9613229907506207,True,42.61084389190573,7.320167088745775,0.11228442008727238,0.0016634416699683383,0.0007811505782646922,-0.0026402390021239724,-1,,0
2086,0.020891157244438782,0.39533414004352063,0.09431167580481868,0.40478558505699785,0.011335665232126467,0.07334177661809752,39.97654000936689,36.71695480234145,3.9809326579756434,3.9809326579756434,True,68.32628802030709,7.401621752388763,0.08024913829588187,0.0029093311590821665,0.0008213004641913875,-0.002100213805422727,-1,,0
2087,0.40288765712302194,0.08798845796036993,0.05067638337327497,0.005248224159735084,0.1369682423901975,0.31623103499340055,43.408009459201196,26.316983775253682,4.108849884614305,4.108849884614305,True,51.58532527757152,7.4049754585694805,0.09752943480200137,0.004288301345003224,0.0005908080026922369,-0.002720686257064537,-1,,0
2088,0.2314693660923366,0.14115736014577224,0.14069566905267192,0.041792383112098944,0.4407214477505821,0.004163773846538289,30.515241509901383,45.19105824243483,2.990082984166615,2.990082984166615,True,42.36330339234071,7.276011380385105,0.051941285844739074,0.0007770734832194083,0.0001996276599530638,-0.003488867899882406,-1,,0
2089,0.16061744402312286,0.21831108560550241,0.27117069621826295,0.2303638311853547,0.014607670155585522,0.10492927281217146,34.48764265822736,23.654132887628418,5.728454721411119,5.728454721411119,True,73.11613728571248,7.248939050876426,0.08739268711956732,0.001323878679975228,-0.0001456464566215591,-0.004175985552633129,-1,,0
2090,0.27074840072873263,0.1151809555515289,0.06068672403747868,0.30591281926218483,0.12196140229841476,0.12550969812166007,29.32224110164342,29.3984100097446,4.092380732233699,4.092380732233699,True,59.188419699329486,7.301748946571154,0.16338265102270152,0.001293036678715847,0.00034489766890490856,-0.002604399768925177,-1,,0
2091,0.19756946112109333,0.015411730293052945,0.25293187829656016,0.38773983946213864,0.14321117467544714,0.0031359161517077083,39.333307409290576,21.467681018283017,6.134389454084101,6.134389454084101,True,87.31579021571683,7.34364574765716,0.09865218325565374,0.0024469545310252484,0.0002080041087476065,-0.0028322048167147926,-1,,0
2092,0.15592914893914425,0.25526879497471483,0.021278360840428806,0.16851645265572943,0.34013178525783244,0.05887545733215009,40.15433041625308,35.19151098899674,3.8525354502150275,3.8525354502150275,True,57.81563413328933,7.377117830098672,0.06178831342933449,0.0024149872027300935,0.00044504716128476854,-0.002886782800293723,-1,,0
2093,0.01778209201250774,0.15650134115410796,0.2677099464920246,0.2123000587247669,0.027539203340750197,0.31816735827584264,40.751251250794084,20.03638515499649,6.629788312453867,6.629788312453867,True,86.90747246860603,7.327539085419647,0.12177119746651226,0.003182710875546593,8.679397121409406e-05,-0.003199806661971053,-1,,0
2094,0.15960306006343317,0.5538242037136536,0.009012503465785455,0.11233646401811842,0.014962426849303405,0.15026134188970605,32.27593964329274,38.97440379371205,3.506599933249169,3.506599933249169,True,48.824296304259526,7.275307255440202,0.06597442339204354,0.0011383485595636512,0.0001312544607581059,-0.0036446195499021195,-1,,0
2095,0.14965910863590123,0.019591057294348038,0.3540926067599653,0.4161856238901564,0.025046420452318814,0.035425182967310266,37.633367711598716,17.51442901350088,7.702374730511029,7.702374730511029,True,101.74000409991584,7.289977526152554,0.11595532663159129,0.0019792716962077177,-0.00015065523482713357,-0.003140189948187052,-1,,0
2096,0.4652980382663992,0.024276058328424152,0.24913859735811927,0.08272238940159964,0.17554577300048194,0.0030191436449758346,36.90431377033299,49.35282000926425,2.4039113403461774,2.4039113403461774,True,35.62875328654639,7.367605456026144,0.05123010379225066,0.0018570369265966142,0.00045348146545872033,-0.0025037736443349386,-1,,0
2097,0.3634563374146763,0.09910037436975137,0.22746769950051055,0.15563198906844306,0.06277891785443396,0.09156468179218473,35.63009463685497,42.02687279837683,2.868331479647348,2.868331479647348,True,42.83972491724684,7.3556105254112305,0.07070261315538537,0.0019120560157268524,0.000494882697433468,-0.002511863187823039,-1,,0
2098,0.23506455512092636,0.12222277881277102,0.3872248596760353,0.07186401767834603,0.10790784653173799,0.07571594218018324,36.90361946378204,41.323532596919705,3.2538878552579873,3.2538878552579873,True,46.15769082946084,7.317537668378754,0.04988404253687935,0.0015113605868981165,0.00023855713424609186,-0.0035405032769448637,-1,,0
2099,0.5683387250918038,0.0218803468920269,0.11908220677765168,0.19056370332186265,0.003601175421509389,0.0965338424951457,38.11188270710574,37.64528058150115,2.825800564918376,2.825800564918376,True,41.600327724314056,7.4002385508724915,0.09040833187420416,0.0028280180122891756,0.0008634143964225818,-0.002073110087287407,-1,,0
2100,0.23621272621976808,0.011467315786576539,0.3968611006440377,0.09234144359658872,0.1387855730205625,0.12433184073246645,29.556223021727682,39.672836542916706,3.260501905768933,3.260501905768933,True,45.29619106844624,7.266432568281353,0.07354785913503659,0.0009410028468995568,0.0001213583494024939,-0.003426513344196861,-1,,0
2101,0.731656643380177,0.12357013904103348,0.0158438276034175,0.08185992103529884,0.018468785857187527,0.028600683082885856,29.758197733286615,49.22561100570353,2.0813955760308334,2.0813955760308334,True,28.79373177772558,7.324648332778592,0.07255397516563397,0.0012413601232797034,0.0005018725816101877,-0.002260892745264745,-1,,0
2102,0.2668396520720167,0.2961178689257786,0.09196638546738045,0.07634678645894398,0.016730935291404816,0.2519983717844753,29.555743819224094,19.46736014390625,6.217939331600824,6.217939331600824,True,63.201444071061076,7.179341412227735,0.13626747071114795,0.0009025394650508175,-0.0005430769770692158,-0.004597452969778697,-1,,0
2103,0.24274881596413284,0.5200063987309071,0.09294521540778052,0.06887763048581284,0.021112627910445696,0.0543093115009211,42.173462409677285,19.719434478512767,6.980964021132228,6.980964021132228,True,73.32880574086995,7.2111960918990405,0.05252029155396317,0.0014490848421710022,-8.276506768038354e-06,-0.006020310075667105,-1,,0
2104,0.09437567146174235,0.09688715777614287,0.2328070172840259,0.46428333850211256,0.012179955927973149,0.0994668590480032,32.21805586982566,38.58560644716108,3.4675300003135363,3.4675300003135363,True,61.19272041809978,7.362655928369681,0.1411412509196954,0.0018336953831761531,0.0014340141718844337,-0.0017314759460915492,-1,,0
2105,0.5023658343461429,0.0038371871234700117,0.29157077152765914,0.17888703309840942,0.008139797792985683,0.015199376111332772,34.72716846533238,19.747870169309074,5.827519610101903,5.827519610101903,True,63.91981293676467,7.247364292406705,0.09265968364749698,0.0012801135659719666,-0.00012095894018709269,-0.003953620396524391,-1,,0
2106,0.15159966363798905,0.7230728200569492,0.0189511877853572,0.08823210532885703,0.0021756059973936847,0.01596861719345406,32.40899182395896,22.73002218473613,6.6371551813079215,6.6371551813079215,True,68.628483419226,7.080185590808975,0.062295081756858994,0.0004191717610578678,4.657891862755503e-05,-0.007927207383920687,-1,,0
2107,0.15649053158392678,0.005563967951156208,0.002051882047205511,0.6743413025501642,0.03284710401081133,0.12870521185673583,25.623116216533408,34.84932712854654,3.4307127205055137,3.4307127205055137,True,63.62067651737973,7.32380982653841,0.7743680761221886,0.0013416218226279144,0.014823165086263194,-0.0018823481904675318,-1,,0
2108,0.1098710030512596,0.5623467552139451,0.0057343241713359965,0.1618063662603004,0.10668039831549551,0.05356115298766349,31.340831258189063,44.91222127981591,3.2575181174600116,3.2575181174600116,True,48.655256474936984,7.273922767998459,0.054536356086740484,0.0008690366388456335,0.0001375045037286225,-0.0035361338981849,-1,,0
2109,0.22794275808765319,0.13933678976733832,0.19662784946530207,0.19293591198357055,0.12205618744266182,0.12110050325347384,36.64334136489157,26.478988960479516,4.813534160612478,4.813534160612478,True,64.56413236285523,7.311749297151055,0.08734849457651757,0.0018879487386423968,0.00013501881872047527,-0.0034034798824716145,-1,,0
2110,0.2880456319625893,0.0123445175093464,0.1340053354727563,0.3149597967471406,0.24962679627060785,0.0010179220375595252,34.30203856928192,18.331199777432204,6.796079865667008,6.796079865667008,True,84.25363241434749,7.270307033385815,0.12258161044341533,0.0014279876318362844,-0.0002022342342765079,-0.0033295422542095965,-1,,0
2111,0.12649734572025398,0.08221028279818934,0.018791237133793097,0.6623853361129652,0.07814414192356857,0.03197165631122976,41.237630014158555,46.560188218038704,2.749314659383152,2.749314659383152,True,57.70917200983417,7.506232698373342,0.1552877788612702,0.00500803358996641,0.004279478694483417,-0.0004284708153489782,-1,,0
2112,0.4079597238615484,0.009383798971021158,0.12868676637882526,0.022803176427288248,0.002534213520541413,0.4286323208407754,43.213280845000874,18.957375667691988,5.463836876478155,5.463836876478155,True,61.93493978360959,7.379021767812397,0.135514147773369,0.0043599855761432245,0.00022344670078491588,-0.002720573914170533,-1,,0
2113,0.0531839709117381,0.10732219665592542,0.25397549311219125,0.23229325596794947,0.10324100546027161,0.2499840778919241,31.144022672646265,23.312214884904012,5.6869880863334865,5.6869880863334865,True,74.7850239041433,7.254556485120776,0.15459047652558608,0.0013374921889606779,-0.0003494276558238261,-0.0035671793372558536,-1,,0
2114,0.09158790657525485,0.05657040733213769,0.20966207650277807,0.45154424748149113,0.11774763322033861,0.07288772888799964,37.66211474129271,17.585855261924983,7.649428608964935,7.649428608964935,True,106.3191753667489,7.319118108840172,0.14958978634254927,0.0023533395841907104,0.00011509227944736014,-0.0026521121242891552,-1,,0
2115,0.4827307825272276,0.04113408084340828,0.10253312742325393,0.055722029518394306,0.2006417326438478,0.11723824704386825,43.38793848735487,14.123978803412399,7.882729790080987,7.882729790080987,True,75.15863906460206,7.292582067327965,0.08394571154316484,0.002581426596085036,-0.0001218727722964434,-0.0034942295516893996,-1,,0
2116,0.3218316381793587,0.2505499369945588,0.03814420261029897,0.2019923639362207,0.006583409254961396,0.18089844902460148,25.137560220686662,44.197805145221324,2.667083721865648,2.667083721865648,True,39.96179864963262,7.287050970812266,0.1299260463530639,0.0009162023585155915,0.00040371250938822493,-0.0023095750153095305,-1,,0
2117,0.02592503395502712,0.1517953082631429,0.20209464763674154,0.1215351584896196,0.3112906304663784,0.18735922118909043,39.075396155320995,24.214394814239938,5.792220054299529,5.792220054299529,True,75.91443476667891,7.2993043381238385,0.07772119359776895,0.002100521257373686,0.0001055670344489211,-0.0040176224130280234,-1,,0
2118,0.284690114382037,0.09161855834496152,0.12427496013415065,0.34450775919069965,0.028553230602744985,0.12635537734540625,36.90999411820236,18.941764033569335,6.309173415772366,6.309173415772366,True,82.65117492660963,7.3236851058687895,0.15229511538974516,0.00230065201911021,-2.4178423182945166e-05,-0.0027018595963031727,-1,,0
2119,0.05297106677229231,0.4757754223517193,0.04101391285818862,0.26029538175642586,0.052905412845037976,0.117038803416336,28.36779297290752,28.845965405548913,4.986885317223887,4.986885317223887,True,67.787649753142,7.218201626843453,0.10184426681932249,0.0008027828171620995,-0.0002705443262991606,-0.004137421045303431,-1,,0
2120,0.008691108786728586,0.536918447473629,0.16112409168020694,0.11869123775988223,0.047348616539092205,0.127226497760461,32.06375659441922,34.60920202141168,4.461781074245643,4.461781074245643,True,60.040825687891534,7.2140614002175685,0.05830678192551507,0.0007891646177566793,-1.7321780752860854e-05,-0.0050567441085460334,-1,,0
2121,0.08971569648786502,0.3660910395933044,0.1379293475955165,0.08058757400985869,0.18822633095166974,0.13745001136178575,29.36298369122063,36.51710802242475,3.8968884752484745,3.8968884752484745,True,52.23911972751056,7.228310562106689,0.0687103663815464,0.000760815580812663,6.642590665970503e-06,-0.0042926207198755615,-1,,0
2122,0.28758894075241154,0.16632597206377817,0.1679676538832379,0.08751358205338021,0.16048262779564373,0.1301212234515484,40.337230406056264,16.665445721138976,7.474128019441932,7.474128019441932,True,77.553208877979,7.247056466431017,0.07890780352202334,0.0018663182278084705,-0.0001304086892870379,-0.004387917113688647,-1,,0
2123,0.24021359946108325,0.051074219938912695,0.18804408944922274,0.2554946017315514,0.05357989702734586,0.21159359239188402,25.87716566835832,27.58349501205355,4.339582511977051,4.339582511977051,True,58.38311958204859,7.253301980686982,0.21284605533427434,0.0009473499528538209,-0.0004744163649751519,-0.002997313461328329,-1,,0
2124,0.6007569385908117,0.1650604150216337,0.07502326620714404,0.077604552274494,0.06192264759299929,0.01963218031291718,40.48048171984874,36.03119342296571,3.0595410914040024,3.0595410914040024,True,40.46120926317725,7.377207975310646,0.05839947162377429,0.0025767085183935347,0.00039309825382260327,-0.002905946822661834,-1,,0
2125,0.14172102396465305,0.12368556465316596,0.5300378409648553,0.10594313877523637,0.07171786689742969,0.026894564744659556,39.03763440829182,26.113573599734735,5.6580486407514385,5.6580486407514385,True,69.30355075119715,7.220562409472512,0.0487199359758779,0.0010947954095430893,2.8885685309670288e-05,-0.0059245683006042115,-1,,0
2126,0.4409786950012634,0.28802095061875443,0.16691166120503784,0.033012602548596545,0.011349213221746748,0.05972687740460103,29.698910905061396,31.271153731384377,3.8721393977237146,3.8721393977237146,True,43.92519189390431,7.210638146582184,0.06839631231800576,0.0007493585247946174,3.3441332119744826e-05,-0.004555577847494141,-1,,0
2127,0.5610172273598055,0.02321639111561929,0.23016185636597478,0.06235056289368827,0.00959585821455067,0.11365810405036159,29.087313874983938,39.04914787940263,2.786598454484732,2.786598454484732,True,36.05442511420825,7.28653307765766,0.08547783502250789,0.0010855487089349687,0.000270134432414538,-0.0029378495105268515,-1,,0
2128,0.24781278248296928,0.2604753692944673,0.06926418576973827,0.27656121767740766,0.07641598448752837,0.06947046028788917,28.93932911918954,21.65053066857366,5.893315737307608,5.893315737307608,True,71.7426924296486,7.215707057203658,0.13382707647501996,0.0008789016754763883,-0.000497029628142449,-0.003915812336861752,-1,,0
2129,0.27744588132274933,0.047983623718292595,0.026623242860398515,0.09177465804024161,0.31958608296102403,0.23658651109729387,35.13089556646011,29.468397365739797,3.939500034854607,3.939500034854607,True,53.45744145797592,7.346675509640533,0.12036808912963505,0.0021409738808593607,0.000688299181015474,-0.0027379527830175675,-1,,0
2130,0.42932881917394156,0.09766883952252349,0.09029133784596671,0.2301611610268257,0.13459822525387638,0.01795161717686631,37.01698752814059,27.49778401999668,4.255081201486547,4.255081201486547,True,57.788222901871855,7.3411284834852975,0.08624069640355167,0.0020259643750080215,0.0002518748520392547,-0.002934020046183874,-1,,0
2131,0.21780699444745577,0.3081977082008784,0.04429487898697561,0.29797362489827184,0.07430494980272147,0.0574218436636969,43.38946617020183,43.59736376788753,2.9922161853784983,2.9922161853784983,True,50.56509986998116,7.4524516379942645,0.06717498491474035,0.003954935420518861,0.0008634236921884894,-0.0018081469604990838,-1,,0
2132,0.17139096460524633,0.04337691508526747,0.2754934551161959,0.212784114395603,0.08678970243761341,0.21016484836007387,42.58226902473277,35.1806628561375,3.5802707483900513,3.5802707483900513,True,56.35828976956651,7.429166058369962,0.09076749225698706,0.004132340944909983,0.0010093262826512245,-0.0020960370686649425,-1,,0
2133,0.1643849176245853,0.0937187385392123,0.42089520950314313,0.20666732601958807,0.0025251465928841006,0.11180866172058712,37.70015831721613,34.36794734863795,3.9439410839844213,3.9439410839844213,True,58.22594632726322,7.333630998972285,0.06776131647613015,0.0019822293849135406,0.000263167536056438,-0.003201531517610076,-1,,0
2134,0.2855101832870535,0.016176401115540223,0.3869847698037637,0.11843906454053034,0.0006409252125272353,0.19224865604058486,33.69768308842912,22.884240042690504,5.338255381704969,5.338255381704969,True,62.32588710374146,7.247392234350324,0.10047270219718776,0.0013679588326041764,-0.00018714626521274083,-0.004083494769355206,-1,,0
2135,0.32598187245602706,0.41678470500958625,0.03476993254169305,0.13633448814432206,0.02813132459879921,0.05799767724957232,25.14912862847606,44.06567305186994,2.8865284826668516,2.8865284826668516,True,39.800845248140426,7.234608961128267,0.07567533585199245,0.0006104732826368462,-1.0314968877464474e-05,-0.0033271016816490656,-1,,0
2136,0.408779429499304,0.2357526719934669,0.1613522518229582,0.054195468026549024,0.13025481756042373,0.00966536109729807,25.928480895552443,30.99180601333672,4.010739436329148,4.010739436329148,True,45.046687285216684,7.17308237510963,0.07672258481247067,0.0004838574427205089,-2.8238742494772368e-05,-0.00480999045773603,-1,,0
2137,0.16696645050555214,0.23459282148520658,0.13028817295646714,0.4124235891317581,0.031777728979595535,0.023951236941420775,37.2997552589929,17.926849184897424,7.49693217569094,7.49693217569094,True,98.67665625681215,7.289881026576558,0.11394621431149182,0.0019075583643852708,-0.00013912202376351886,-0.003170800079807048,-1,,0
2138,0.01522010750557608,0.10326306865072524,0.18136010999932775,0.309454767912353,0.2652049289029387,0.12549701702907914,42.914616765302966,17.603830869935,7.964559674568118,7.964559674568118,True,106.33497933397216,7.338322230607799,0.09855845072769812,0.0032596848445384575,0.0001475354114498675,-0.0030798521072792477,-1,,0
2139,0.22725913565787714,0.31828608093452704,0.19540619299523682,0.12079257879663306,0.04794412993180647,0.0903118816839195,42.6902997473335,40.5196107733214,3.2994398220963213,3.2994398220963213,True,48.764056642200636,7.389317113203742,0.05047497416344331,0.002823584999179757,0.00037299660040782313,-0.0030128361792101793,-1,,0
2140,0.04761040838555027,0.10618290474174988,0.4134283015621156,0.11249755849074218,0.2640175512293148,0.056263275590527455,31.3246542037247,25.91802265081099,5.830877032050726,5.830877032050726,True,70.53409839388064,7.157959955296716,0.06724687001083295,0.0005997387484269685,-7.651686675375159e-05,-0.006084656049914594,-1,,0
2141,0.0410653196337278,0.43433065555367706,0.28753922574408536,0.06122237163902164,0.15143416343581267,0.024408263993675513,29.91569352997847,49.95566195017693,3.2248217860360238,3.2248217860360238,True,46.36368898662287,7.213938462999618,0.04170134204554586,0.0004089539711152997,7.165869205579715e-05,-0.004733015819149662,-1,,0
2142,0.02861141585331899,0.09566508016965591,0.24584312558628166,0.47578863798927357,0.05794851445753291,0.09614322594393704,29.59304672479162,43.22539307931428,3.2192846661463976,3.2192846661463976,True,58.81044615017617,7.347079156472794,0.1406451908005982,0.0014338207231016828,0.0014118039482631896,-0.0016488082663106071,-1,,0
2143,0.019942950663605834,0.3135811070021022,0.2983012471149186,0.21095760744567388,0.15554733394392875,0.0016697538297709143,28.182354941809457,49.2097850110379,3.222972082879971,3.222972082879971,True,50.79759222554516,7.242822401016369,0.05209175886508674,0.0005161584443260958,3.9672358361817166e-05,-0.0036861312312140193,-1,,0
2144,0.3325317989198842,0.36886692107575986,0.015173622392777914,0.19674530140943441,0.00676037475309213,0.07992198144905138,29.510469165661696,26.867542191343688,4.601155958618006,4.601155958618006,True,56.8803837105525,7.235640616807225,0.10165406681923991,0.000926306110538565,-0.00018230664565201574,-0.0038791988895268384,-1,,0
2145,0.057172889251897105,0.07785285363004825,0.35011763498510745,0.26874700618420616,0.045801965034733355,0.20030765091400765,41.336401349582026,20.987421307233195,6.470385541544609,6.470385541544609,True,88.01105078443027,7.335933436909873,0.10022386012423695,0.003058493469225643,0.00014269163253604174,-0.0031971369359465496,-1,,0
2146,0.27250313338691967,0.09433014877741205,0.06744254847662977,0.21558557331879583,0.21960698673797766,0.13053160930226504,35.985398032033274,31.985352427729875,3.7809193487933386,3.7809193487933386,True,55.80373075257949,7.362389261764243,0.10444650478428924,0.0022203561695842986,0.000689228079637639,-0.0024684881444374885,-1,,0
2147,0.13677201572016146,0.16910004372405282,0.016002238063759985,0.11561364570946338,0.4207430938202621,0.14176896296230024,43.43842641548579,30.51817802045203,4.301965935647136,4.301965935647136,True,62.131551184502065,7.406602089094102,0.07071108580339171,0.0035790744630180282,0.0005566725489610076,-0.0028189872363521963,-1,,0
2148,0.07288948718543282,0.030796448282240423,0.04242147009570208,0.43587798612577744,0.34670732173033353,0.0713072865805137,37.47150295405369,24.299527015924834,5.457878668792051,5.457878668792051,True,86.81806475862041,7.3824225926677345,0.1575380862402184,0.002780664466209567,0.0014734818057471092,-0.0020551700885254273,-1,,0
2149,0.14807554811625018,0.141684113509864,0.06393474558900304,0.10722939535985056,0.06572868521548465,0.4733475122095476,30.52492282067823,30.12708680928852,3.811021882428511,3.811021882428511,True,52.57342018080616,7.3194177036528085,0.2617375218843606,0.0018154404916199058,0.0017868822575672913,-0.002540132393162539,-1,,0
2150,0.2818206736120509,0.17523095938192113,0.18586358782761633,0.25413630674548426,0.09858498977837915,0.004363482654548508,30.886459496696673,23.74583702919057,5.45440575644996,5.45440575644996,True,67.90838945306139,7.227358297729612,0.09564000581036211,0.0009129659616115587,-0.00019539836998418958,-0.004114034194069793,-1,,0
2151,0.3552839753766877,0.10894235720229073,0.07453896640279233,0.37498487951156256,0.02940813890823817,0.056841682598428284,34.05501748541714,30.22934748737422,3.892268783572339,3.892268783572339,True,59.55415066163984,7.356213757161014,0.13283086666328583,0.0019994491626860187,0.0007349853932358562,-0.0021837312799148734,-1,,0
2152,0.0918186730118556,0.290436777769903,0.1587598380313185,0.13212452864528482,0.3043485275048674,0.02251165503677064,44.68628023563677,18.93290352647762,7.797908240444492,7.797908240444492,True,90.99917133060241,7.259899144749383,0.05201813313078862,0.0019448236627643196,-5.164299448558504e-06,-0.005350278252122623,-1,,0
2153,0.28404211269514806,0.2498410587155917,0.09438290452812295,0.25152365706373786,0.059144628030247226,0.061065638967152024,34.75952329765295,15.980469579573558,7.896688975506289,7.896688975506289,True,85.84731938827021,7.216693702616774,0.11363283376176958,0.0012491031724880504,-0.0003443997487532492,-0.003958326608177893,-1,,0
2154,0.7121893242467258,0.0019887036128679566,0.2216685224357578,0.04365097790687748,0.012440694187730065,0.008061777610040857,31.99998465415945,38.69242874825617,2.7215721003280673,2.7215721003280673,True,33.937013876346626,7.300229607722937,0.06557934026959826,0.001240878739185105,0.00029425313440823467,-0.0030847272624834527,-1,,0
2155,0.24805193233942377,0.10128578686446428,0.23202936734859708,0.14092382310344684,0.15617995482381242,0.12152913552025572,28.48924287521149,33.254052302001725,3.811900542440784,3.811900542440784,True,50.95640188809132,7.253000643624164,0.09462155814771897,0.0009035051031674458,-3.467865243459877e-06,-0.003546151555037918,-1,,0
2156,0.1657175553286032,0.4188020588262863,0.015379623779358188,0.09159070149268513,0.06192318995442729,0.24658687061863993,43.66150482956889,26.544125611715454,4.843169146057795,4.843169146057795,True,63.55889046070446,7.367961051422709,0.07418534776908021,0.0035794598933767807,0.0002588444417825503,-0.0033772430067916448,-1,,0
2157,0.03484966869729676,0.3340085526098327,0.10351588197090661,0.3065357437412658,0.20888050899889857,0.01220964398179972,40.67853071502333,26.652539549272014,5.624621894187223,5.624621894187223,True,82.90318889598612,7.336045019405672,0.06406364680889526,0.0021817213915030632,0.00022248295511863886,-0.0035170882698313025,-1,,0
2158,0.10262007568116426,0.04744826832462116,0.1658082278907814,0.34339112258486815,0.21632789927411483,0.12440440624445016,43.74720643157569,21.6188133771559,6.08321068207578,6.08321068207578,True,89.43766006892393,7.404861651759212,0.10985757505488038,0.004258337088370309,0.0006815612634456408,-0.0023617841990406134,-1,,0
2159,0.21139964473896733,0.02048874713329802,0.44282050031002973,0.013727182060082683,0.16418509903026007,0.14737882672736224,33.24461299375393,40.354569610371456,3.2728914699465332,3.2728914699465332,True,44.54651397503182,7.282837677789387,0.0585178180240228,0.001181036255915876,0.00019379278393839017,-0.003699217540447691,-1,,0
2160,0.2935455966197185,0.06612731407981703,0.18916929435551977,0.16212271116555618,0.01816447411024219,0.2708706096691464,31.87334630561714,24.574282853407176,4.695743205968432,4.695743205968432,True,59.22575758295015,7.287845480516317,0.15961903808145045,0.0015701424809604777,-3.385847811405267e-05,-0.0031325654117951305,-1,,0
2161,0.21004481180997822,0.21755003482181362,0.282067967839018,0.198566596530058,0.02211986088250962,0.06965072811662253,44.896463468284466,32.22458102761408,4.174914845104683,4.174914845104683,True,60.788335659870405,7.396720614585954,0.055716439037358984,0.003441523241939796,0.0002991066613312797,-0.0031356629154399344,-1,,0
2162,0.47491269217026455,0.19768419601530235,0.10860292241647845,0.173506457574009,0.019369781822507263,0.025923950001438354,38.78760907340296,35.73848936614439,3.260763603306365,3.260763603306365,True,46.02808637792862,7.367294707665698,0.06573384235616565,0.0023216323730917976,0.00038234152782788987,-0.0027674624665772933,-1,,0
2163,0.4505942772191828,0.3430649497667369,0.05667697772889269,0.08787615388028072,0.00729198342280499,0.054495657982101695,41.558482943131445,44.47300397766972,2.681135344376002,2.681135344376002,True,38.5486811360107,7.39697859920587,0.051353756128533996,0.002807124147784025,0.0004658982924519445,-0.0026594752278702957,-1,,0
2164,0.20002020330102424,0.03490375675785929,0.22579853997782237,0.21162857624461093,0.11861277247396344,0.20903615124471966,36.265122649406194,21.782242998655974,5.656660528621421,5.656660528621421,True,73.11892790965159,7.308252230952865,0.12773344620645916,0.0020997345830617298,2.6616725095037453e-05,-0.0031820393897488987,-1,,0
2165,0.4575220335728258,0.053533729096824786,0.13921462959283354,0.03357301093076025,0.25568098204944256,0.060475614757313015,25.456004951499388,34.57613004257281,3.3551191985863675,3.3551191985863675,True,40.28877178368292,7.2249777910888975,0.0883560805642498,0.0006336747582836584,2.6078957812491667e-05,-0.00373545170171904,-1,,0
2166,0.15277732087478127,0.35603538675542573,0.27996184417909503,0.07217534595672633,0.030314636316319664,0.10873546591765201,41.50937666531239,28.02159222046638,5.060004211302856,5.060004211302856,True,63.49228849390472,7.28228165287105,0.04943996401585077,0.0018199129603799246,6.48273387796375e-05,-0.004992253907671586,-1,,0
2167,0.11669349065637226,0.2323342584687878,0.27180135050018506,0.3527294819655661,0.01009045282044854,0.0163509655886403,28.294122809817285,21.523282917425636,6.632447470478014,6.632447470478014,True,83.41620599675765,7.176603918207508,0.11719990175053972,0.0006796982135426188,-0.0005321570144292379,-0.004549886447910316,-1,,0
2168,0.6639024806950514,0.11241724067624397,0.03257313958693794,0.1692270933837085,0.0006711310285276391,0.021208914629530392,35.199778590237294,43.46724875910666,2.4147179833080497,2.4147179833080497,True,35.200361276091805,7.3743100705480265,0.0759691926102283,0.002052114281891219,0.0006729065433474477,-0.0021307637192398005,-1,,0
2169,0.24575643434076605,0.1302357257414487,0.0923964333629596,0.2928826954364835,0.07042348906666286,0.16830522205167928,28.435062921368413,34.48599502838057,3.50043821904801,3.50043821904801,True,53.00420069247626,7.309630017256455,0.16331102213349277,0.001273541506902225,0.0006583684244588836,-0.0023563344555574115,-1,,0
2170,0.31999510055081437,0.21207237527817752,0.13311988411267017,0.047858574933360994,0.15092446819836527,0.1360295969266118,40.06737227901091,47.44190081339293,2.5918639793005958,2.5918639793005958,True,38.66359214650214,7.397403072228446,0.056392093411985936,0.0026910892148351187,0.0005980964601248223,-0.002439674488784344,-1,,0
2171,0.10000963026164321,0.40308856056479125,0.13172046880648475,0.31656189919909283,0.0040761594879698574,0.04454328168001824,27.33407383357719,47.055665366582296,3.057381655545027,3.057381655545027,True,49.95949560862068,7.276628226418116,0.07726121395974135,0.0007868902957688181,0.00012361240310291503,-0.00272474162520193,-1,,0
2172,0.1585794547587133,0.28367958040531016,0.3265081600131961,0.036752666879892065,0.05150573292200869,0.14297440502087985,37.02935070348959,40.66806349729144,3.421398158461628,3.421398158461628,True,47.46855920099188,7.303215756160111,0.04976173904362114,0.001497649955943635,0.00020581323787995649,-0.0038751405365999927,-1,,0
2173,0.08345677557830686,0.3295193697588216,0.36891994703991005,0.1991765264223063,0.005555573002611806,0.013371808198043246,26.07549419137111,30.245926225623805,5.081641640170688,5.081641640170688,True,63.66419842296349,7.126065026881031,0.07465746944856647,0.00035628976646439106,-0.0002146606505480841,-0.005985730132063838,-1,,0
2174,0.3658182841622176,0.2145325859770254,0.04943885994458951,0.13069926754681183,0.0009078062499996513,0.238603196119356,37.45259348161588,22.27335359491361,5.092034002308027,5.092034002308027,True,61.43130368620223,7.319890977997975,0.11611913663635635,0.002328933149277968,6.577249928166519e-05,-0.0031972545131033927,-1,,0
2175,0.1295984647767263,0.601305378420855,0.085698242756313,0.07108016618889512,0.009618079609836194,0.10269966824737453,33.63300416202505,32.17192541118392,4.526667793129291,4.526667793129291,True,56.35701813930792,7.209305410799536,0.05447037893522154,0.0008425503661536935,1.5670423869024685e-05,-0.005391092291573958,-1,,0
2176,0.1991529377122961,0.2865027977300021,0.2835288284524997,0.1305454910657631,0.09218487414590469,0.00808507089353439,33.78963533157785,18.552726191689235,7.647716592561165,7.647716592561165,True,77.75853629904766,7.112426149971906,0.07354736447757268,0.0006166697181342795,-3.393235196893843e-05,-0.006587109460876167,-1,,0
2177,0.1105864206128,0.1240869713263448,0.11232324783411307,0.06877538672972812,0.3332179291350639,0.25101004436195007,43.333901561706995,49.06319960493336,2.6242069740697134,2.6242069740697134,True,42.96421075618839,7.46165726044016,0.07152488564077106,0.004334893306704746,0.0011950173438647837,-0.001767958408318701,-1,,0
2178,0.2748297590739605,0.42123412437268726,0.03165452293626802,0.14210343683440707,0.10473191474414989,0.02544624203852735,30.992937927041382,17.00741589004235,7.791908529055238,7.791908529055238,True,74.91993828685145,7.1154684402572395,0.09852690707012687,0.0005983267712188568,-0.00010940051831320152,-0.0056915313616770985,-1,,0
2179,0.2838748256199616,0.018130042531399233,0.09236968782921957,0.4314944663606899,0.13993536553268338,0.03419561212604652,29.390083018966862,29.11009021411815,4.158544391874146,4.158544391874146,True,64.31412972044099,7.319080652358711,0.1819650816880111,0.001347479837011702,0.0006745487577842628,-0.002231622691651132,-1,,0
2180,0.31866413156215956,0.2701451280658944,0.006409175406163326,0.09515520990315311,0.20913227207829613,0.1004940829843335,42.49011198226357,30.001448597505586,4.103044487595301,4.103044487595301,True,54.96057925505592,7.3770958929741735,0.06372484461745814,0.002990708696383477,0.00031824812735084214,-0.0031999782596522004,-1,,0
2181,0.08423079500035213,0.35105107557232584,0.07182859961533324,0.001972011485993711,0.42043375433462954,0.07048376399136541,29.54781891245697,43.710851104377156,3.3634868010855676,3.3634868010855676,True,46.14153175994299,7.235787100301589,0.05121216785976811,0.0005989887817213379,0.00012015132371607799,-0.004269044178940732,-1,,0
2182,0.6199879485871487,0.01102759493476288,0.06281651528191791,0.1575457209118401,0.018273335428059412,0.13034888485627102,37.42961115070288,32.51831415145166,3.148579808343391,3.148579808343391,True,43.34180179063357,7.3867772546868355,0.10440676061116504,0.002705478803436864,0.0008202223360185882,-0.0022623766582715605,-1,,0
2183,0.04707833905508804,0.17961001459741116,0.06915270951038867,0.6545431095071907,0.012567846189134436,0.037047981140786924,31.37939185165284,47.17701620184749,2.8926205304594736,2.8926205304594736,True,58.95794210265641,7.39995344227909,0.17927266756908683,0.0019728146612995093,0.003420108651615322,-0.0008881893912598135,-1,,0
2184,0.32171293010520446,0.2309608287865535,0.14895412598379298,0.09003031579403721,0.10386126045068053,0.10448053887973117,31.62356489924265,43.39777650611787,2.8665026848758965,2.8665026848758965,True,40.675106896769144,7.3021100891739295,0.06685762482826575,0.0011998261044934085,0.00027917525174991193,-0.0029881954021250324,-1,,0
2185,0.10936591287438331,0.16098948774453956,0.20320739737703813,0.23661129837818054,0.20799864512377697,0.08182725850208158,42.918070359517685,29.33340052864547,4.714283339123818,4.714283339123818,True,70.23271620245315,7.386997778579091,0.06781025290603215,0.003177402624846318,0.0004074169786084571,-0.002950189593061945,-1,,0
2186,0.5446823033510073,0.11659731839649082,0.015065139824853982,0.07302203088471351,0.023902675530517663,0.22673053201241652,42.88578538961485,21.072131495641884,4.933443383541419,4.933443383541419,True,57.049713079069726,7.377295927832925,0.09934588384136794,0.0037142797048351,0.00019951799812935715,-0.0028864315406239554,-1,,0
2187,0.5960076799682293,4.7466296608242513e-05,0.16399466438203056,0.21600318249617373,0.0004109999547817703,0.02353600690217638,38.16866852366552,13.51854994097545,7.970837377825238,7.970837377825238,True,78.31141945486128,7.26943689781822,0.11892700462672648,0.0017851269168701683,-0.00023653677171589645,-0.0030135205923071777,-1,,0
2188,0.39664204672003384,0.0676571278208342,0.005188119355235688,0.3623454250329126,0.08038384090384505,0.08778344016713867,34.478684281847876,18.693272086333916,6.02472685377556,6.02472685377556,True,77.93091021688204,7.318449841745719,0.19079812879294905,0.0019454140085584564,-8.77447952499415e-05,-0.002519510278512063,-1,,0
2189,0.3616464650669398,0.1333322566656349,0.13200777644460765,0.09879252461881018,0.21647378463698122,0.057747192567026276,31.49504232881617,33.58122378147051,3.636551716929734,3.636551716929734,True,47.48563256447165,7.277302665942959,0.07489713420120128,0.0010907412791299348,0.00014401207666327214,-0.0035372151395253095,-1,,0
2190,0.43008452428296545,0.15429243896712685,0.04868682495296676,0.19570245101390324,0.02965317675919464,0.14158058402384296,34.10460695302315,22.070771940779842,5.091370559130833,5.091370559130833,True,61.62071487677752,7.295083886228881,0.12778169105605133,0.001681901480627344,-6.345304606226422e-05,-0.0031896401852829427,-1,,0
2191,0.1077244862842665,0.10129741248063741,0.4628960486282381,0.2366981445683375,0.06432651802425879,0.02705739001426173,44.82400061552502,47.58100159918711,3.072092092944382,3.072092092944382,True,51.53319971915907,7.436570118083769,0.04521363747927105,0.0032681267323169663,0.0004738118956393909,-0.002421319693356862,-1,,0
2192,0.19340254481728122,0.20370518611925234,0.04299064251371195,0.16798449982360622,0.36034283374397447,0.03157429298217373,27.513066136749938,26.60429706673979,5.026214091792789,5.026214091792789,True,62.47435314523926,7.20353894227817,0.09766262194984533,0.0006492382892820125,-0.00016933563093485458,-0.004399220358234661,-1,,0
2193,0.2509091373390256,0.15183114002283363,0.046066997582572794,0.3589517514777502,0.09079529821393616,0.10144567536388154,37.97693867987222,39.33963190119747,3.109769645488344,3.109769645488344,True,53.03155917559046,7.420207152752138,0.11061366558471881,0.0030430866979473223,0.0014650919818721935,-0.0015843630869202426,-1,,0
2194,0.2796218674401127,0.11569310457337512,0.15519256977182505,0.25426218122773586,0.09886906577668135,0.09636121121026989,32.3274430981898,39.8512725094139,3.094971408292372,3.094971408292372,True,48.31544263699168,7.340960565432966,0.09623883665248667,0.0015850239491900777,0.0005991478836112854,-0.0022993815534438663,-1,,0
2195,0.3494287248213089,0.03783201693224078,0.07059067166425839,0.37210685674447674,0.16534994975948897,0.004691780078226236,27.483000258213565,23.272505010308187,5.123787385425748,5.123787385425748,True,68.52538145369978,7.259771264585699,0.1823301914947669,0.0009494225358670561,-0.0004249152821029474,-0.00295550601240802,-1,,0
2196,0.5435155529914695,0.058715846906910375,0.12856303951687284,0.12611938947990087,0.1392286088677541,0.003857562237092394,39.3286635151181,35.027311610415005,3.2125102677508526,3.2125102677508526,True,44.058342012090584,7.374060598473146,0.06376604644252544,0.0023969299192702015,0.00040309105270636196,-0.0027892228702154566,-1,,0
2197,0.5430717741152924,0.029415636287388733,0.28616681724696597,0.019015754921914037,0.06240258320449623,0.05992743422394254,35.084206033577324,31.132575822730217,3.635320133146974,3.635320133146974,True,42.916764193413925,7.286153058654395,0.06377449124010302,0.001403050366764587,0.00017646767239079317,-0.003834737518503618,-1,,0
2198,0.15900407234914168,0.23157057532727027,0.16717995745243083,0.29208681832666117,0.10222018840807352,0.047938388136422684,38.1578356281199,25.396497888041736,5.364796161914684,5.364796161914684,True,75.37888423301546,7.318762589001117,0.07983313418965494,0.0019931258731413454,0.00013416007523062764,-0.0033874285473497836,-1,,0
2199,0.4040160773381127,0.07815680731714114,0.17184142938837274,0.028839811404764774,0.001677127911855798,0.31546874663975283,25.06415381370368,36.955646176305486,2.955529777184639,2.955529777184639,True,37.58706006127132,7.2639990676615165,0.14847123072782095,0.0009210556108698439,0.00024925353140732885,-0.002871989409402105,-1,,0
2200,0.4819107853223174,0.05833638532470386,0.10419177648434763,0.12382934175048395,0.11556109223999568,0.11617061887815153,26.085821754958253,44.64681723270976,2.484140668167591,2.484140668167591,True,35.36089534069436,7.292839338324731,0.1034396026964339,0.0009334015630788958,0.0003990272922799347,-0.0023981620076142826,-1,,0
2201,0.17825515114056079,0.2686729873950263,0.02860060049827043,0.1354086321200008,0.1620421020362931,0.22702052680984858,25.453079754158747,31.2190049302653,4.023763607355122,4.023763607355122,True,52.428072129235815,7.234558907351103,0.1433273590313858,0.000799903072670173,-0.00026129039221445597,-0.0034893358767622497,-1,,0
2202,0.3324060937258561,0.04278808541693839,0.008714569190151043,0.5122979070770448,0.03022646298058787,0.0735668816094218,42.89835764771041,32.8995830315512,3.4835492669925667,3.4835492669925667,True,61.93691274194595,7.485878988127022,0.15375609155453085,0.0053799100712311875,0.002795344490774361,-0.0010666463754906016,-1,,0
2203,0.09976219168086015,0.16667094574208277,0.13158142134445996,0.23208064910831977,0.11104610067228367,0.25885869145199364,37.1683349308786,37.26443393349623,3.427762914382992,3.427762914382992,True,55.27606178951306,7.39274167532774,0.11972086525233575,0.0028544240002383375,0.0014060905638300866,-0.0019996265203919444,-1,,0
2204,0.3432228561147453,0.2588163319871957,0.11571883749025905,0.002702468151587265,0.18949125810871215,0.09004824814750052,27.44817695460934,36.99708403242238,3.376110234703455,3.376110234703455,True,41.10878423076622,7.219552950155294,0.06931772176663926,0.0006601191096374815,4.954900502935135e-05,-0.0041371467858821,-1,,0
2205,0.21177120884281816,0.1733990858612506,0.1308261352440359,0.2987041728413404,0.024641683615289667,0.1606577135952653,42.6070976402563,48.96883331341266,2.54184133468525,2.54184133468525,True,45.067982606029155,7.470615269239347,0.08669795628776106,0.004517059928986776,0.0015200412492352914,-0.0013101759567417973,-1,,0
2206,0.35437084604673835,0.034295803509942165,0.060208816904287005,0.3864342626410883,0.08434408438560631,0.08034618651233763,33.86103998716694,23.780194067101874,4.844878651062082,4.844878651062082,True,69.65428070423266,7.341780560037363,0.17794698762521127,0.001998946427564241,0.0005727394758445714,-0.002309388214252916,-1,,0
2207,0.38260727253599847,0.10620916345025966,0.21739290382019852,0.13711696269564486,0.00676733075355863,0.14990636674434,40.06619231192634,31.714971523812583,3.6877248283128163,3.6877248283128163,True,50.823729528897715,7.372878784050289,0.0782081893059072,0.002843768447934669,0.0004267561328191448,-0.002815054599038273,-1,,0
2208,0.592865838244403,0.014319429246369978,0.09055540657170466,0.038876827436276844,0.11823909951498636,0.14514339898625905,28.404606011854874,28.367081464246084,3.6874507215133043,3.6874507215133043,True,41.89399950095559,7.262214410983905,0.11800022748830287,0.0010151426853609734,0.00012422662767346522,-0.0033801257190645743,-1,,0
2209,0.4661655265664755,0.05975517388398829,0.37771972610619264,0.04361898180018219,0.01718470064402634,0.03555589099913507,26.0417754993938,47.19538175811863,2.544324112345694,2.544324112345694,True,33.54771141408085,7.23581493614957,0.06192800303453207,0.0006253545618965005,8.063034506629008e-05,-0.0033757039509805945,-1,,0
2210,0.05289449603557702,0.05316247029747742,0.20466756514987539,0.2043846828340891,0.3987441696702339,0.08614661601274709,34.02376891067065,19.804011293401302,7.114188007942703,7.114188007942703,True,87.34042601568221,7.223527582261101,0.09717726550426177,0.0011699566870807625,-0.00017394943796761745,-0.0044483091589642065,-1,,0
2211,0.6175379943378343,0.0021258965558487294,0.15529034208645318,0.19317653661159737,0.0231576989352511,0.008711531473015252,44.253877043449954,46.43943357991217,2.3133151928990365,2.3133151928990365,True,36.072877166674004,7.466958663236931,0.06339005001977108,0.004425064196678687,0.0008647220537192198,-0.0017683878850249552,-1,,0
2212,0.2975030207087151,0.13689605895420195,0.10662774590508102,0.2786809993207234,0.022816731471972076,0.1574754436393065,33.094864973425345,27.94926077665037,4.244207737954629,4.244207737954629,True,60.17429686457753,7.325119880439804,0.1405917185862622,0.0017901547248701567,0.00041082180444953733,-0.002631160472466537,-1,,0
2213,0.39232137314674914,0.010605081113049041,0.09078303917266303,0.35806487729446623,0.0033270504630027245,0.14489857881006976,30.856936785094174,14.906938784479365,7.440705249481591,7.440705249481591,True,85.0881225534862,7.251155210363701,0.3073661817044813,0.0013341269792635734,-0.0016881896109794826,-0.0025981168033635846,-1,,0
2214,0.16764801320175832,0.27029062103373985,0.2315850796198644,0.02331692922049507,0.009695252556913328,0.29746410436722903,27.047406600302455,32.43446291745551,3.939113174199599,3.939113174199599,True,47.995346386618124,7.214063398624607,0.10493334288272355,0.0008193256456044411,-0.00021708857891856282,-0.00414034335227486,-1,,0
2215,0.07580816231264192,0.30175716721300555,0.15130109826182692,0.2531277514672252,0.05894317211936987,0.15906264862593042,34.610274296386976,27.69129460490555,4.9781764006693425,4.9781764006693425,True,70.34327267558818,7.294390761615139,0.09737504204165186,0.0016422284547624182,0.00011087949789745248,-0.0034235354820654038,-1,,0
2216,0.10806212577219786,0.15086031346352632,0.022093902174664216,0.37731602470536946,0.33987847753710837,0.0017891563471337892,28.859488835356878,19.435690167281628,7.051255086331898,7.051255086331898,True,91.34616304131394,7.219778921315543,0.156545240195625,0.0008711146089096425,-0.0005014675526673071,-0.0036472402746968234,-1,,0
2217,0.3124340220665392,0.14176184277020842,0.02101100852719791,0.37219078159235935,0.12778772877018557,0.02481461627350955,41.00496887217735,46.6175340210886,2.6054466470368975,2.6054466470368975,True,46.528100051846586,7.461249264391371,0.08465229825565733,0.003771955832247242,0.0013579963351267798,-0.0012871326735547828,-1,,0
2218,0.09278625010506945,0.10331858149363313,0.012844423694221405,0.1942707886396079,0.10858400164753819,0.4881959544199299,33.1188879497594,26.201069060039114,4.385878787779264,4.385878787779264,True,62.91929519144818,7.345430700619853,0.38412651943699616,0.002459279864971946,0.004173581328101991,-0.0023356209010253603,-1,,0
2219,0.25831421188406595,0.05343095597458784,0.21446250878032766,0.4374070214412603,0.0039751361642229475,0.03241016575553526,39.249625675197336,35.07688062818756,3.569831378360669,3.569831378360669,True,60.80091357713819,7.418893013907315,0.10389697220582546,0.0031771129133225232,0.0011409380442682993,-0.0016983411530464593,-1,,0
2220,0.24243271582946585,0.06068690365546054,0.08633838661763624,0.3925774708475796,0.10586607814753758,0.11209844490232004,33.75223781310102,32.59313452651052,3.7131737025008715,3.7131737025008715,True,60.41439040710883,7.372430455692,0.15944735585161285,0.002165247652448106,0.0015090314201194998,-0.0018738038041495662,-1,,0
2221,0.38640634043713784,0.019275531883962867,0.2687747556422144,0.20778415733144084,0.030052163424047196,0.08770705128119684,27.774152063176185,21.73093973633778,5.431656065683569,5.431656065683569,True,61.85778658972966,7.207836326967538,0.14097829262701292,0.0008060987297639837,-0.0005078300045827819,-0.003924920444127381,-1,,0
2222,0.30557617434372863,0.09242782033853099,0.020800356263310855,0.18424581302862153,0.08031257251287567,0.3166372635129324,31.1188599286115,20.45192804096656,5.413522339986774,5.413522339986774,True,65.37087228464134,7.282113414194099,0.2539378162792608,0.0015813670849540568,-0.00042978571599011054,-0.0029189501974442107,-1,,0
2223,0.26284551111031224,0.0676401617699742,0.022411144029890372,0.17771096216371526,0.22684923329959447,0.2425429876265135,34.21522532583582,36.12254337278954,3.2066052595652734,3.2066052595652734,True,48.91162520234611,7.3758168380907705,0.13941877209014486,0.002285109709905975,0.0014859935855140582,-0.002045084169243643,-1,,0
2224,0.30098190541834985,0.04424284339357132,0.14158598047617876,0.38586514661367505,0.058000808222592626,0.06932331587563256,35.187797672319846,18.058262489893767,6.652933360035948,6.652933360035948,True,86.37239198236234,7.304334078188582,0.1627671889717356,0.0018982621679741688,-0.0002040163510435801,-0.0027282410185464592,-1,,0
2225,0.3599867000273792,0.23794245088051302,0.08226130096386372,0.12191570476452847,0.007763785453824894,0.19013005790989054,27.058780940947994,42.874818515948014,2.72240615935572,2.72240615935572,True,38.57930382423667,7.286887938707065,0.10511274922487253,0.0010091664379487616,0.0003247101132272839,-0.0026090109424258523,-1,,0
2226,0.12739485499843828,0.009242516577638913,0.12457797388717493,0.4433503774122252,0.11320196163070297,0.18223231549381969,30.16242999299116,42.16135113536619,2.938438075480949,2.938438075480949,True,53.395112632947175,7.375459072430558,0.22436871806595068,0.0018491290203066731,0.0036767737296152783,-0.0013710317384285455,-1,,0
2227,0.13321617855168225,0.04912003900755533,0.18403791248889995,0.23791645307218534,0.26733169462682005,0.12837772225285707,40.034526495471,45.03266531589511,2.9113708628823587,2.9113708628823587,True,49.814957469712716,7.432221583975681,0.07887576308840127,0.0032190839500471774,0.001126068311043213,-0.0017197800059329698,-1,,0
2228,0.16870718786232922,0.12732403937434678,0.04174533217469371,0.2876146913588272,0.2707227960839336,0.10388595314586939,37.04175652003384,26.9162373743222,4.7603516600677755,4.7603516600677755,True,70.29516228209263,7.357032569976483,0.11176116721802538,0.0023455279895313653,0.00060224729989966,-0.002599342156290106,-1,,0
2229,0.46597108373578366,0.09457840551729103,0.08603777502946904,0.317035376790385,0.03297657726860475,0.003400781658466531,33.532699951089015,17.760001779717747,6.442217091408917,6.442217091408917,True,75.51331415214585,7.269284027709846,0.13760844941732117,0.0013957039431874356,-0.0003336114653165325,-0.003149716675554962,-1,,0
2230,0.3456280405822133,0.009424376326180374,0.12759216825251452,0.1911809619689489,0.25828282046532586,0.06789163240481695,38.01597923035764,33.40275024371416,3.572021711371814,3.572021711371814,True,52.516229915410015,7.37836397973116,0.08309108907676582,0.0024374306199190315,0.0005881661405154145,-0.0024946032427193483,-1,,0
2231,0.18474461717698662,0.24942698052462386,0.04049149286313571,0.2713996463769693,0.047384005072873374,0.2065532579854111,28.09728822857672,45.42651680181499,2.7329746218239652,2.7329746218239652,True,44.82318290985726,7.32822245918927,0.13862512969975627,0.001295692010423008,0.0010643790416433442,-0.0019184016681192326,-1,,0
2232,0.1978072250425032,0.11190018111326641,0.3955341694046609,0.14601804763186013,0.09206241230272752,0.056677964504981686,31.557618415595677,44.794268588463034,3.0622967034924846,3.0622967034924846,True,45.625039821838065,7.285590542104787,0.05764419444481813,0.0009897912981794727,0.0001707082797551,-0.0032835684754237947,-1,,0
2233,0.07771392756896248,0.17537547378214532,0.3080647176242128,0.3809832204408325,2.7810553801591546e-05,0.05783485003004533,43.33913171723569,29.61593669038534,4.804917306518968,4.804917306518968,True,76.900676596598,7.405429522357614,0.07532525657481723,0.003604221896347582,0.0005561400833736565,-0.0024890316131253093,-1,,0
2234,0.30677632610768524,0.2850761260962225,0.00818201781645702,0.1664078504909744,0.22783792705031014,0.005719752438350769,44.126798801468354,45.009672368479045,2.8433204016678837,2.8433204016678837,True,44.667802042607384,7.442427347903196,0.0508128113103102,0.003478246971650834,0.0005681022108538114,-0.0022775612216381033,-1,,0
2235,0.12898480094508483,0.4875729150511834,0.05354511080272775,0.22387140112467546,0.0925451685160394,0.013480603560289172,41.50461434198451,44.38840258728824,3.2768315132251296,3.2768315132251296,True,52.53616563220966,7.390229586747225,0.04650297168305269,0.002323040927283071,0.0003774993831682046,-0.002789609683968619,-1,,0
2236,0.1468620544896275,0.08334675976343844,0.16287253109282193,0.4318818370767841,0.034256427702385864,0.1407803898749421,32.63750824337647,40.258757630221744,3.1497361535439263,3.1497361535439263,True,55.75840509735896,7.379830548641417,0.15830640593551462,0.0020730347832299423,0.0020387316846896867,-0.0015314996595286532,-1,,0
2237,0.41384932867428614,0.2338404233558641,0.16293554208130442,0.12810537104640876,0.0606069373230972,0.0006623975190394474,36.54678006152299,38.78736006961226,3.180883054889447,3.180883054889447,True,44.19036610408894,7.327297311182173,0.05481117042891703,0.0015948554069671475,0.0002544538025329717,-0.003241322115712623,-1,,0
2238,0.17808987411610586,0.05906391882460151,0.33685940832929057,0.07505866215439534,0.3487611351115356,0.002167001464071015,28.55572215161549,39.25575647099768,3.5947346652978736,3.5947346652978736,True,48.643093819062486,7.22188788114241,0.05741040566424158,0.0005553217292457289,5.740803552692025e-05,-0.0043426577562382055,-1,,0
2239,0.43864514653881553,0.09797042253274534,0.07791094019823269,0.09582981746903854,0.09021638481864026,0.19942728844252766,44.151848683883436,22.106532895257182,4.9913779884742375,4.9913779884742375,True,60.76625002422662,7.3867251764101365,0.08848998031490211,0.003986581681875952,0.00021917666664699142,-0.0029374822012215984,-1,,0
2240,0.17344301665429893,0.10259561472925845,0.4343261670828778,0.027653030693783474,0.1412022802438134,0.12077989059596798,44.72322647911254,25.135040592214843,5.48235326504811,5.48235326504811,True,66.30027239018746,7.3062762570203805,0.048771172833142855,0.002423080525902024,5.8879822419798655e-05,-0.00495378375450337,-1,,0
2241,0.06243987303987644,0.018022483210131952,0.3333819121397634,0.22234727859147344,0.07824291243398826,0.28556554058476646,40.699238265763555,32.19301601506274,4.032293867848518,4.032293867848518,True,63.14120718084173,7.405557422873854,0.1141670944714988,0.00374915805191928,0.0012072654195384184,-0.0021985768878126245,-1,,0
2242,0.11538917659923624,0.11723570655219012,0.2556439356564707,0.18127844140323573,0.01811227180101702,0.3123404679878502,31.142625873240576,34.33801479175031,3.6652248747747582,3.6652248747747582,True,53.918688511598624,7.3140265659681445,0.14446344419240456,0.0016157579570105554,0.0006601361466327016,-0.002646002504739986,-1,,0
2243,0.3684343046250608,0.04747940801535251,0.060882056744839555,0.041056149263011314,0.18332626705178717,0.2988218142999487,31.642023756820095,27.93431029313835,3.9276635241334232,3.9276635241334232,True,48.61685617772936,7.305341777048647,0.14508733951800834,0.0015992196930875362,0.0004160358726190089,-0.003022688627619588,-1,,0
2244,0.22406923081396524,0.2667666671905093,0.020957222895978275,0.17444160949509524,0.06275826911134429,0.2510070004931077,42.25328251506183,36.726659074366594,3.2900838095306266,3.2900838095306266,True,50.926319475397825,7.433979099674857,0.09623167808816104,0.0042395963046382166,0.0011785752867919297,-0.00199786383035099,-1,,0
2245,0.02818181799533937,0.3297136692576945,0.06325834423925378,0.24141713082317406,0.18066918716258842,0.15675985052194977,40.24803679409433,33.33974205878305,4.225733778601461,4.225733778601461,True,66.05138963344633,7.383704316943712,0.07993554485159973,0.0028963904067795298,0.0006596356029565532,-0.0026151683742628197,-1,,0
2246,0.11169918161313375,0.229799703156982,0.08330444736956659,0.2863277040225898,0.1084367249713728,0.18043223886635512,44.82796097771242,19.65640265163571,6.645767897362882,6.645767897362882,True,90.5226133327479,7.385243211806517,0.10144889541377887,0.004357494181590396,0.0003165334620458169,-0.0027140046084360232,-1,,0
2247,0.708737897916899,0.023047193454108387,0.022946056768160514,0.17642659842959413,0.03081731624587564,0.038024937185362304,36.08039004141421,34.534369456334716,2.9292622367987673,2.9292622367987673,True,40.360652766605426,7.375961572295469,0.09267177129590573,0.0022754118790034397,0.0006808306530815498,-0.0022852744876801154,-1,,0
2248,0.30212549475545747,0.08237767155917751,0.2884181821909831,0.08767389512150821,0.007144344834455042,0.23226041153841864,39.519231457976396,23.417837037970443,5.091723300332609,5.091723300332609,True,61.621100132066985,7.31723349767377,0.08809609247468374,0.0024765679725398185,5.37257541863819e-05,-0.0035904806793744483,-1,,0
2249,0.020130727331821512,0.041542840826240685,0.26101348032173977,0.2912651930277861,0.08465984739580108,0.30138791109661073,25.245136037300544,35.2891814835328,3.6847530879395833,3.6847530879395833,True,57.44893954908178,7.281047001175278,0.2517664966274227,0.0010445309906877498,0.00090715047592466,-0.0024211754925135918,-1,,0
2250,0.05423369756549861,0.2948520633075512,0.2152667371482711,0.2220919228135303,0.024983040169183568,0.1885725389959653,44.97390985040765,21.781974151599698,6.401625563372106,6.401625563372106,True,85.69426825559911,7.354412696030755,0.07538472424777291,0.0037220894398867946,0.00013121008550087197,-0.0034878626623450026,-1,,0
2251,0.3569318305610582,0.2780684527793543,0.1531092765879898,0.14622802814878194,0.015583288955688552,0.0500791229671272,28.678689049380395,21.270678313054127,5.8732176567110495,5.8732176567110495,True,61.616408261818414,7.161206384505314,0.10222934370437493,0.0006442223968735406,-0.00022471447065024305,-0.0049816662688386,-1,,0
2252,0.08797853969402034,0.2784729962431106,0.0051955677691221435,0.012465860936204142,0.18574251374140818,0.4301445216161347,33.50830949554094,20.036517158102587,6.130226494275421,6.130226494275421,True,67.80837723905952,7.2450564217453906,0.1545359720593141,0.001638494925472043,-0.0004918580451553901,-0.004007425564592303,-1,,0
2253,0.1369050355407803,0.27393744504930256,0.1819132501041407,0.16307567185535649,0.22196005061811844,0.02220854683230167,31.9392005073506,35.5282695431745,4.030498139332369,4.030498139332369,True,56.54071949149382,7.255756183764665,0.060454324697532036,0.0008694557943127988,7.520019627892764e-05,-0.004079421144848746,-1,,0
2254,0.441128297855711,0.15788825562569725,0.04781751196876793,0.08621351735037922,0.11424664727977869,0.1527057699196659,31.900559736852294,25.84235779134619,4.358573520235856,4.358573520235856,True,51.221011047680975,7.272595485482942,0.10694907502863872,0.0012991220626601386,3.1244442517860315e-05,-0.003560651541803314,-1,,0
2255,0.19626493893980437,0.2589986615676521,0.3357004081114723,0.11810860137383207,0.04858380884423021,0.04234358116300895,25.800625255985278,46.71770006491479,3.010094709478117,3.010094709478117,True,42.46624134274565,7.213525533204419,0.06001808084011209,0.0004935342870093368,-2.5138891306899006e-05,-0.0038816860398101414,-1,,0
2256,0.0731096491162813,0.2534422007958382,0.04401844472013225,0.15558772913334562,0.3409551874621274,0.13288678877227533,33.13771919829708,23.125740641391772,5.9766247967253925,5.9766247967253925,True,74.64034526319959,7.23697845729567,0.0941105892968535,0.001171534872538086,-0.0001114250190001323,-0.004363710513247783,-1,,0
2257,0.4597803843080037,0.04898421578337771,0.3508605019129647,0.057460781334118145,0.00548067426005578,0.07743344240147998,26.72968392490769,35.367328615807345,3.3306063626382287,3.3306063626382287,True,40.237157379945195,7.2202400236634094,0.07926413240393812,0.0006834996283336371,-1.4020288277858414e-05,-0.0038939577359750907,-1,,0
2258,0.7264156057009515,0.0701957837806395,0.0022240809215706005,0.12151719906863895,0.03505890929973051,0.04458842122846906,27.90544934732071,15.855593155448293,6.370811961915429,6.370811961915429,True,56.1199558677651,7.1935279432998716,0.18398257932118264,0.0007593753298193166,-0.00010172822614267053,-0.0036117463902826255,-1,,0
2259,0.658570856898144,0.08921005382581323,0.07803043500123755,0.1623015817259588,0.00010626608808266211,0.011780806460763824,37.04549710695586,46.849220108734755,2.259632618389558,2.259632618389558,True,33.7421450189187,7.393450445083825,0.06789366147652709,0.0023751539165138506,0.0007134617503061793,-0.0020207383741592984,-1,,0
2260,0.7986102748992555,0.05701223556996668,0.05561945612502623,0.009541929045316378,0.003715417550969741,0.07550068680946552,33.75536734131019,23.752257927754027,4.144585548852739,4.144585548852739,True,42.00031362920894,7.2801301697535905,0.09122977315514845,0.001412201564774758,0.00020189610938585318,-0.003609369607237683,-1,,0
2261,0.3833282062675479,0.031202727545376455,0.23399522728777558,0.001497582803641596,0.0074769478786038904,0.3424993082170545,40.316813711933825,39.702762470226055,2.7622460931897406,2.7622460931897406,True,39.081377716495965,7.411103435016984,0.09199823864150097,0.003640633806632267,0.0011040683441297056,-0.0022145569077500374,-1,,0
2262,0.38617268072777133,0.17572657577184084,0.10745098460598607,0.2584710974950955,0.0004885856537502885,0.07169007574555587,29.935122785544195,16.433054492315442,7.192065416689286,7.192065416689286,True,75.86913893831726,7.197374460785309,0.16212883946056972,0.0009120275168958455,-0.0006683191952904468,-0.003757356955953585,-1,,0
2263,0.4822622812640521,0.03265536007689695,0.10456378609551534,0.20642039622710415,0.07903921936538158,0.09505895697104978,32.15620064830713,41.02413568906525,2.6925196947011174,2.6925196947011174,True,40.582400544342946,7.353701988142938,0.10217602511882341,0.001697307669611567,0.0007823246313286799,-0.002097442792204013,-1,,0
2264,0.06449905279865563,0.21960082624931768,0.028539740723333974,0.49624580865800044,0.07941427814537902,0.11170029342531335,38.901267798299564,36.63414825424821,3.6416109306109727,3.6416109306109727,True,66.73651580159887,7.438884782178011,0.14321865030279085,0.003601417878110952,0.0025479946583830283,-0.0012717310115990083,-1,,0
2265,0.24594494092513527,0.24337179393135686,0.1292013749254229,0.23768702138219763,0.05090416048729966,0.09289070834858752,41.58857120326408,21.08521249365575,6.060181377776383,6.060181377776383,True,77.64142570574121,7.330735699348265,0.08098003468318127,0.002688173872868402,3.532156302855391e-05,-0.0034276040438222526,-1,,0
2266,0.36433017808704377,0.19919777019858004,0.12323390445642297,0.0804437251822127,0.09317252763746267,0.13962189443827777,42.37491551607067,33.29718939688712,3.5820598245322035,3.5820598245322035,True,48.88465840896545,7.3890165157064445,0.0652400541896302,0.0032105151224681083,0.00041567621780725923,-0.0029409797683049637,-1,,0
2267,0.20431709849081733,0.14753186005029123,0.05658183353568997,0.31338563736574426,0.24774142219272424,0.03044214836473307,39.468190063249196,39.94950078196244,3.2502486185548722,3.2502486185548722,True,54.6667793949897,7.418964409571938,0.07846153129290177,0.0028844416416461587,0.0009117465979741866,-0.001872488733867095,-1,,0
2268,0.036172985899212695,0.08738150959447795,0.26637334424444353,0.22357966373047553,0.006266616993692644,0.38022587953769754,38.32357304230045,18.15123883786918,6.978803960941182,6.978803960941182,True,88.59235026268627,7.310332091236465,0.17727128544020815,0.002830541836740848,-0.00015535364735444872,-0.002993893627247566,-1,,0
2269,0.27408308255170044,0.18141623801993448,0.07898377290156705,0.13436421577345778,0.17915592024271698,0.15199677051062327,43.264321170172096,40.12632076083506,3.0533388001804775,3.0533388001804775,True,46.91889977546288,7.437820400048238,0.07014708420093395,0.0039770337118682705,0.0008128461783243826,-0.00216707773419326,-1,,0
2270,0.25888767139580304,0.06910488204933557,0.29544586348405694,0.032302833087551726,0.3399044353080135,0.004354314675239264,38.15512647167941,36.0377569368715,3.7372468726400196,3.7372468726400196,True,49.99353898677151,7.307630846643261,0.04605121084418065,0.0013871005493790883,0.00020578520651652922,-0.004094796735312004,-1,,0
2271,0.5527669490348112,0.15331859897505742,0.005449925378914053,0.18326401627474845,0.032372696319476875,0.07282781401699202,43.08715400183282,47.13228532388495,2.2998966754990375,2.2998966754990375,True,36.24019526226722,7.462115964941533,0.07062260585706534,0.004288012432646188,0.0010360651302575743,-0.0016734144008088679,-1,,0
2272,0.24908791337547273,0.0771000817452679,0.14963469500168025,0.450208286896639,0.06775865954892292,0.006210363432017074,36.9127483602048,26.666776438501934,4.737178358368315,4.737178358368315,True,74.08690661046117,7.369591690633178,0.12121879618437947,0.002404762139545609,0.0006811203202116476,-0.002202166644361883,-1,,0
2273,0.13268525842869322,0.12312445229916907,0.30945589593328804,0.1771466523688795,0.05189360374285075,0.20569413722711927,32.274679591188324,42.7631536432289,3.0744774528250387,3.0744774528250387,True,47.860853170293176,7.32727978642201,0.08916170962159144,0.0015394318439514345,0.0005277906192189177,-0.0025298551935949384,-1,,0
2274,0.049764381529586434,0.3383013525336531,0.23626686527011287,0.11362527747926111,0.010494497627345013,0.25154762556004145,27.843720260300543,46.007435804193854,3.0242173462973083,3.0242173462973083,True,45.187175833354004,7.267556500763144,0.08452689999535813,0.0009278309094951833,0.00015780312046502305,-0.0030660826996204236,-1,,0
2275,0.2646462246091229,0.16702095864942904,0.2862783832324258,0.14303438485171158,0.13724250467393156,0.0017775439833790903,42.68996296209002,48.07329794789875,2.794859583954417,2.794859583954417,True,43.72480894971419,7.40960372729083,0.04362778940663394,0.0026405610748599755,0.0004182312144921747,-0.002640710225755517,-1,,0
2276,0.26729023150573555,0.2730613165298668,0.11701744143445954,0.013822069566071552,0.18745285295795538,0.1413560880059113,33.55701934656648,41.362436305628286,3.0808920096280925,3.0808920096280925,True,41.95156766888153,7.302014356750828,0.06046363656792903,0.0013167432048018376,0.00027438181764654566,-0.003361871462474441,-1,,0
2277,0.5030345528090053,0.05517790577389395,0.30685754377952934,0.12001775329311597,0.014179974821088348,0.0007322695233670424,41.56450054628643,22.627876233527722,5.187833925203122,5.187833925203122,True,59.737503896791154,7.30844595978957,0.0607530463342903,0.0021258272770308577,3.875701833939223e-05,-0.004050361570705923,-1,,0
2278,0.2399402065312802,0.0725798295616806,0.07964502286006539,0.14507165078624654,0.11212884010268731,0.3506344501580399,27.906754224542844,49.88105446556692,2.2802572570322264,2.2802572570322264,True,36.877833724959,7.348650759340132,0.17215640907391438,0.0014954577701737938,0.0021890159004356465,-0.0016421373244532402,-1,,0
2279,0.003817193001907842,0.032677807476428615,0.01224410503438804,0.34588146043690854,0.6042198099082594,0.0011596241421075182,25.604384075027,33.89343674845772,4.232226640961184,4.232226640961184,True,67.44208281637127,7.2754802201496105,0.12790194826633072,0.0007478922780875264,0.0004086508217299998,-0.002750195967961088,-1,,0
2280,0.1475959570782925,0.09029366057530296,0.14904134650182865,0.20153475497350104,0.22801475568869392,0.18351952518238096,38.00424548363418,37.271573678785934,3.4293226142298163,3.4293226142298163,True,54.227630210061655,7.392870107374469,0.0948357260377563,0.0027445001533747118,0.0009873211660125598,-0.0021746223789363525,-1,,0
2281,0.38820084175612407,0.11616005913997755,0.0319178356699582,0.18729265465460218,0.02991457160853401,0.24651403717080395,30.112554879381793,38.863169771954034,2.8227544624188665,2.8227544624188665,True,42.079147656787946,7.343142913198851,0.15612379874401722,0.0016395083635647584,0.0013126312464836576,-0.0020486423794206887,-1,,0
2282,0.35765992067347535,0.09046497603674505,0.21415258710921561,0.11552079378673405,0.20549019674948954,0.016711525644340336,29.32799126562531,43.1615302300673,2.890349533764229,2.890349533764229,True,40.90131908222207,7.27966979595649,0.0653520857280473,0.0008836110576239599,0.0001845551558727267,-0.0031145550743926155,-1,,0
2283,0.12747675751860343,0.12258437084690157,0.19481994703636704,0.18234558405308862,0.2918085440367892,0.08096479650825003,29.38233348169269,37.868241163043095,3.614363898998525,3.614363898998525,True,53.31524795167886,7.276854920912099,0.0810275701425851,0.0009358976232556184,0.0001700718126707402,-0.0032303743049649203,-1,,0
2284,0.17162981701655503,0.17614223988659036,0.00895356471467164,0.2558491992354826,0.05943215348303702,0.32799302566366323,40.66826971667952,17.55783001848755,6.705947057926603,6.705947057926603,True,86.37839151548947,7.360010063942463,0.1859107658318709,0.0036800713010798716,0.00030859432297089816,-0.002441251329799969,-1,,0
2285,0.6549928894050662,0.003594048768702766,0.12069488862591456,0.011737556238490775,0.03181757514111975,0.177163041820706,29.759729752652056,41.16414954937468,2.4590205702714103,2.4590205702714103,True,31.799021570574585,7.3176446889136955,0.09547980625673722,0.0013438441402301774,0.000601805698577912,-0.0025158934334410443,-1,,0
2286,0.33276159706740066,0.06416485442952427,0.11801394845559661,0.04608691401888432,0.18230097852062135,0.25667170750797286,34.110618123798304,47.207277149790826,2.4195979698431715,2.4195979698431715,True,36.47727895684507,7.374326295943428,0.09218646527204322,0.0021056380092086373,0.0010521722589163511,-0.0020284710031215807,-1,,0
2287,0.3882613086262652,0.2848587423727535,0.08827105151788134,0.12358983956638142,0.10410497880373003,0.01091407911298848,36.237556697860214,25.50711392832902,4.870874704033978,4.870874704033978,True,57.95548922886529,7.264838463109889,0.06566456183136699,0.0013255872986069023,3.889683759038996e-05,-0.004308319286410623,-1,,0
2288,0.02313877646462652,0.5413893714108311,0.027675930581486072,0.08695070646673811,0.21003639574641259,0.11080881932990555,44.56740444444954,28.54845224885154,5.315955879199932,5.315955879199932,True,70.78959918659868,7.327469959385828,0.04671196348905836,0.002417076766464388,0.00013614965737641962,-0.004680577483573808,-1,,0
2289,0.33703870007310766,0.02049916926131434,0.02190329074185275,0.10592039653812046,0.023363618070257035,0.49127482531534783,33.67469947374964,26.46577267550894,3.8809369460695033,3.8809369460695033,True,51.69146859420896,7.357072203194926,0.3112484365821818,0.0025446783095465875,0.0031289519034777883,-0.0022998924726667434,-1,,0
2290,0.36801656933466764,0.10647520751854019,0.26216821573219756,0.10300694727037121,0.02233304976954536,0.13800001037467802,31.243601452135927,23.027792389503375,5.186922529040712,5.186922529040712,True,57.554060003121485,7.220004749259383,0.10043384589224556,0.0010170704053084501,-0.00018886685049452327,-0.004311160441357103,-1,,0
2291,0.6757237526438885,0.015544014874267499,0.11326637639746032,0.12553469685630264,0.017893674644222823,0.052037484583858165,38.63633451292638,18.048179925034912,5.736016674881132,5.736016674881132,True,59.85281143175031,7.304315377812418,0.09630742913579282,0.002048568867696263,-3.5873161739203573e-05,-0.0033314762480582422,-1,,0
2292,0.24320380854574342,0.07916155559295954,0.022604991108293757,0.272998897042183,0.17744472174535578,0.20458602596546457,32.68416006408986,15.861558902413279,7.4150458582130865,7.4150458582130865,True,86.2375476941597,7.2588961785946005,0.22929380943626185,0.0015406500189823914,-0.0009330609475270479,-0.002964664505640393,-1,,0
2293,0.14247696454696304,0.13979388946211002,0.332474363295151,0.026223613578379473,0.265308627074963,0.0937225420424335,36.055020881449394,39.174017798085586,3.5933331391614507,3.5933331391614507,True,49.62675730311407,7.293104742067843,0.04919984512723381,0.0012556483781360314,0.0001984243362364724,-0.004025948466951605,-1,,0
2294,0.16909824561573716,0.13292422416520383,0.1824173994888071,0.3084596775875448,0.03313763230337685,0.17396282083933023,29.53011163862351,42.7245167410229,2.96342887499276,2.96342887499276,True,48.98628962033728,7.3339762832552395,0.13149136614479393,0.0014215059910423242,0.000975430650107997,-0.00198314451582987,-1,,0
2295,0.25480121428448227,0.08049346798531051,0.30067152124657476,0.28923432623435097,0.030243667545523153,0.044555802703758376,30.35297470119705,40.98810372044909,3.1461434407354028,3.1461434407354028,True,49.3273454694794,7.309281046062275,0.08593297673885056,0.001177210417663652,0.00029289617580011135,-0.002567204464818287,-1,,0
2296,0.11519113491917973,0.16716682058435442,0.2317118299767744,0.44857948535184367,0.014304166599522822,0.02304656256832496,31.623988136124222,17.5493021737185,7.889462618715894,7.889462618715894,True,101.4704299801258,7.225614007273114,0.1504599780869445,0.001119529897558208,-0.0005982862981001797,-0.0035146099434715757,-1,,0
2297,0.08126987468318422,0.0846364605697325,0.26378639312262897,0.2851387841111608,0.23651832372615977,0.048650163787133716,39.54617119254862,28.74180117900827,4.919733221386,4.919733221386,True,74.1971382054792,7.353492205372608,0.07365644529707821,0.0023275205836261257,0.0003582710842546791,-0.003043925026467285,-1,,0
2298,0.26469839025564335,0.13499252497867553,0.3866515284071281,0.16375017969941497,0.001325730516672235,0.048581646142466,25.625545025496127,48.39769677377595,2.739000009533884,2.739000009533884,True,40.26434973787535,7.241772667136069,0.06838096485796827,0.0006117621295578969,8.590036871908117e-06,-0.003184898585979155,-1,,0
2299,0.41970376827431516,0.041695771638503715,0.0423207957402841,0.32389427256003195,0.14526196770830577,0.027123424078559392,27.955068901442147,24.136279058123655,4.743585499097181,4.743585499097181,True,62.31630269119048,7.269569615621919,0.1744032040817552,0.0010192603649206806,-0.00027071642647000384,-0.002911121310003074,-1,,0
2300,0.45353179093079576,0.0184546178564879,0.05650794539222922,0.04144625991666017,0.10798892363899788,0.322070462264829,32.69589269991415,29.577195970336533,3.528126442523619,3.528126442523619,True,44.69835454641891,7.333657815090416,0.1530714951301664,0.0019150294004212445,0.0008549004679335508,-0.0026656747003212917,-1,,0
2301,0.12135792589348236,0.17726955973630995,0.49648229008637024,0.06930709806068601,0.008050639045879193,0.12753248717727236,43.64944102672149,35.839578408120445,4.014247132478087,4.014247132478087,True,56.00765566514594,7.34820789007778,0.044830259884176236,0.0024691444389188656,0.00019732376456919185,-0.004082999561830343,-1,,0
2302,0.512760183879966,0.18347158138941788,0.12691296042654687,0.0016984037590447943,0.12243964881858811,0.052717221726436274,44.01297758297871,42.69558149665943,2.7027904335295663,2.7027904335295663,True,36.80199236870822,7.413667737538794,0.04763706227145923,0.0033005035659653503,0.00045523486169156836,-0.002833747304676565,-1,,0
2303,0.07442642765368968,0.20333283163883006,0.3540012516450995,0.27779702993014366,0.05842561200497677,0.0320168471272604,43.556764361664335,34.04002203742712,4.348042786293359,4.348042786293359,True,68.00175847665274,7.387733019591602,0.053416470679325694,0.0028813784703861723,0.00032964787802794736,-0.0030872969624067513,-1,,0
2304,0.38642710229196126,0.15063766774728723,0.2762397217370279,0.04810816229841033,0.05014406265180186,0.08844328327351128,32.1461796575435,27.71656252454415,4.4134752515684355,4.4134752515684355,True,50.277165725693344,7.225193742847789,0.07185295387740263,0.0009606632957405213,5.506802765878499e-06,-0.004577773776211626,-1,,0
2305,0.07857717330944386,0.05788008653287977,0.14391829884765783,0.5956785163113787,0.11591216149195581,0.008033763506684024,38.16064620768226,27.07727439065345,5.011911439071959,5.011911439071959,True,87.79389311365074,7.411284306312958,0.1630712219789313,0.003156844534492524,0.002190625657638044,-0.001545835629272875,-1,,0
2306,0.11147549413560126,0.03133244665490186,0.10768813648006223,0.39678351144703683,0.2680986096456236,0.08462180163677427,41.59973297969778,18.167545585680166,7.204718375021074,7.204718375021074,True,101.99908531264134,7.372932087900493,0.13146069679436312,0.0034672417502192997,0.0004986789832589754,-0.0023772779179797917,-1,,0
2307,0.5631665708089549,0.006662692028517116,0.13614414357930385,0.0301924476947322,0.16769006831667735,0.09614407757181466,43.87895219049445,16.221831997490717,6.678872483727199,6.678872483727199,True,65.55835054706462,7.314345737393665,0.07506887983797772,0.0027562066014064205,-5.241615034094819e-05,-0.0036415121158647618,-1,,0
2308,0.21141767173477233,0.17173125596506206,0.29228325842663666,0.2082670613213341,0.01527344084663198,0.10102731170556274,27.583283922047958,42.47504442349572,3.102150095117116,3.102150095117116,True,46.29070964512557,7.268492022535194,0.08428575246768237,0.0008585675138903915,8.816388590539032e-05,-0.002991206014753605,-1,,0
2309,0.20316564472521903,0.16929021775279993,0.08775497501585094,0.44210132264490265,0.0682028039251362,0.0294850359360913,41.37403655406028,39.55037679524989,3.2606499595277962,3.2606499595277962,True,58.22258544233251,7.452609284223531,0.09373422479587952,0.003855919248979865,0.0013674836876968654,-0.0014139002116915285,-1,,0
2310,0.588682579948915,0.04906447297546383,0.2293502242227072,0.061086057556820623,0.059765881719798374,0.012050783576295002,44.2106092780941,20.82158514741664,5.367396228206815,5.367396228206815,True,57.84896336270617,7.328598310719734,0.058856647231853985,0.002645692600038285,3.920140505417521e-05,-0.003976180110969117,-1,,0
2311,0.10023489895618508,0.05904787200254496,0.21322575464324425,0.27916999845791535,0.018920476906132397,0.32940099903397796,41.532974779805755,24.081621201736834,5.103942515784156,5.103942515784156,True,75.60230621228986,7.404411595353474,0.16653361107081072,0.004371088856352533,0.001440642661308432,-0.002144492050783479,-1,,0
2312,0.18934745788717244,0.04231865993732908,0.2874975634787697,0.1960986758845242,0.17419271104576758,0.11054493176643718,35.74797251138681,27.82400118805315,4.688654972925196,4.688654972925196,True,64.44993232656812,7.306979443245856,0.08553404265754365,0.0017185271277689903,0.0001562330620960331,-0.0034157194648032547,-1,,0
2313,0.03507092584043728,0.1058049383016955,0.13553045013218418,0.16558046836379953,0.31697804229143034,0.24103517507045316,25.117000453472144,32.97848774156631,4.0414159584049765,4.0414159584049765,True,56.95832289306678,7.246766692566404,0.15669135828693542,0.0008166926591141153,-5.2208842151572496e-05,-0.0032433001786934773,-1,,0
2314,0.09727180975616571,0.027280036468256268,0.09105461609809072,0.4467156660957118,0.1887017589324843,0.14897611264929103,39.95011775527906,16.98209534301085,7.4953263346970065,7.4953263346970065,True,106.80748068799996,7.36819560786529,0.19993308404050175,0.0034363657460132163,0.0008274697807481137,-0.00210208506499945,-1,,0
2315,0.21865635152804436,0.2280442826872654,0.15392284350987626,0.2241813821381525,0.002512103871202441,0.17268303626545903,43.633117237860745,31.215981576740152,4.03020883580882,4.03020883580882,True,60.18446280213218,7.4166519786906075,0.08226244479836264,0.004120345953142758,0.0006386523967188661,-0.002443186198330971,-1,,0
2316,0.48157711478631526,0.0016366210748971132,0.2677433468643003,0.0074757894808541656,0.2199328362985327,0.021634291495100485,28.56492006302187,35.83790283667541,3.2850480971452294,3.2850480971452294,True,39.443425883816815,7.235788204843516,0.0666433320757856,0.0007320086467623353,0.00011414173209382206,-0.003948754923342988,-1,,0
2317,0.07953436910675156,0.09931170843547628,0.2676156465513641,0.2894641482001887,0.0545451067331082,0.20952902097311119,27.124348967528707,39.59774252727253,3.3364808200123184,3.3364808200123184,True,53.25185954687455,7.29623055476085,0.14716787100672485,0.0010988007366743368,0.0005753987890465005,-0.0023811399457977405,-1,,0
2318,0.4743283838488673,0.08874079083294345,0.046619229399233936,0.13265217837966467,0.13932751058928144,0.11833190695000925,26.104044664161425,42.390767161918184,2.6134582168059795,2.6134582168059795,True,36.88656339582513,7.292571111221331,0.11092740700458548,0.0009436576309252817,0.00040556004916372036,-0.0024396056425572015,-1,,0
2319,0.2332128112414608,0.26727272276250336,0.23689458029874602,0.099455440608297,0.011121333404773196,0.15204311168421963,43.889617126454944,18.309229414783267,7.0948327338230035,7.0948327338230035,True,77.99025311527632,7.278227455121444,0.06479018249153391,0.002506726095325245,-9.451996053111856e-05,-0.004543732477123292,-1,,0
2320,0.47167255995246327,0.06967013600555173,0.10555929814896024,0.078778062374288,0.04913103466874372,0.22518890884999299,38.6578931189729,15.131656975084402,7.128204493204027,7.128204493204027,True,70.03103460770191,7.27821418659952,0.12177755326007464,0.002146139975611698,-0.00026155281086116106,-0.003340586407364711,-1,,0
2321,0.33390263388621366,0.13079042860824924,0.39881389377999343,0.015947334214045553,0.013988931170429346,0.1065567783410687,29.191928966535528,28.037985955334825,4.5274553923279015,4.5274553923279015,True,49.12615497733474,7.170796456349703,0.07294785728386238,0.0006443067113032442,-4.039958229094911e-05,-0.0053080926607739325,-1,,0
2322,0.1166397531750996,0.37482595135088376,0.2820189331845663,0.10807306769614676,0.006999836093318312,0.11144245849998517,36.461922826830325,49.95452961566732,2.8927894358479604,2.8927894358479604,True,44.43257198065443,7.3285124327513,0.04668305314521544,0.0014744440388325512,0.0002816424575085669,-0.0031608249075861104,-1,,0
2323,0.36774154852761753,0.018899055788328283,0.21139008858385658,0.3609181274765813,0.006758531994873552,0.03429264762874264,32.00734189429896,24.646254712096795,4.817792502647839,4.817792502647839,True,66.58637179228246,7.300680703569479,0.13749764715658486,0.0014502011355322978,-3.721928962754027e-06,-0.0028078281233487527,-1,,0
2324,0.22524767812522498,0.362140283914666,0.05509529263051115,0.08435165323233475,0.003205933760588489,0.26995915833667466,42.67674472197263,46.50330190789208,2.6489054139550285,2.6489054139550285,True,41.14152880142176,7.436062680504943,0.07245665441565217,0.00408187839832095,0.0009809971593583923,-0.002031810185895475,-1,,0
2325,0.5849559049268754,0.06771834239130302,0.0015362934791382998,0.09238423016567561,0.15973668804080438,0.09366854099620306,42.61049952718638,15.727150019441911,6.733227424750935,6.733227424750935,True,68.42977012559979,7.3265812349553725,0.09082120650557607,0.0027941430905900223,-7.889835234171649e-05,-0.003185000723790087,-1,,0
2326,0.05705135437165434,0.2162339444719488,0.02326234264612729,0.3848772703672125,0.02899831513264096,0.28957677301041623,33.24209670362147,39.835406491800924,3.1585384459799655,3.1585384459799655,True,55.904984808325345,7.392585851458692,0.2266273857352007,0.002502502216642368,0.004142171824584643,-0.0014674734751473906,-1,,0
2327,0.6477080512563645,0.03770197316583769,0.07021682718450657,0.09285965884971155,0.14144458488197237,0.010068904661607349,31.252221355684828,36.52952114042205,2.9131282109438486,2.9131282109438486,True,37.67671872941651,7.308877594874552,0.07887640321288879,0.0012515128894375841,0.0003286971642480007,-0.0028809406738647,-1,,0
2328,0.2828438489181393,0.07889948614486085,0.3223879821020855,0.15308474678769035,0.024283175652139194,0.13850076039508466,29.74285726382184,22.936770318432323,5.42902418161132,5.42902418161132,True,62.34251524460889,7.205701224768374,0.11116387782674025,0.0008962370739477108,-0.00034189257391493576,-0.004357010142289692,-1,,0
2329,0.258399889024312,0.08418942638096563,0.050776238494427785,0.06187081585067524,0.32574662757363876,0.21901700267598068,42.20859298696968,20.020361443559803,5.957317632984832,5.957317632984832,True,70.43727770709259,7.342150887033796,0.09123722462618995,0.0031140297816122024,9.077494563976182e-05,-0.0033987652400789535,-1,,0
2330,0.10675513446592404,0.24021960092910963,0.004481153488605231,0.40021143522867547,0.06860341118460377,0.1797292647030817,44.28648173769726,22.250382437473878,5.756483141130007,5.756483141130007,True,88.01327017072778,7.431504071342332,0.13943539041281675,0.005163835919553321,0.0012648527654930775,-0.0019343447100466824,-1,,0
2331,0.24788432329722632,0.10707104852260664,0.012161626416983118,0.17880024794673063,0.39917537912975865,0.054907374686694606,25.470562196465547,20.19603615210282,6.2428469882770425,6.2428469882770425,True,69.02710284863448,7.16743013273374,0.15515265007511836,0.0005713257753994293,-0.0005787237494019532,-0.004424552246370533,-1,,0
2332,0.16335754818483716,0.06917891808728403,0.3488413946329028,0.04521105903852745,0.2405106332726336,0.13290044678381488,28.424098844868514,30.27307864870199,4.465807009406907,4.465807009406907,True,54.11128500397077,7.194353588981306,0.07897692779614904,0.0006720112193033187,-9.320282253778304e-05,-0.004847250261503394,-1,,0
2333,0.04109996393824053,0.016681950116472364,0.24940185342873453,0.3234646447898221,0.02283400435519053,0.34651758337153993,27.2543213265572,35.04195508981638,3.570075940908919,3.570075940908919,True,57.50180423148488,7.312473982837037,0.32465327276903033,0.0014028565597675891,0.0029651474679774506,-0.002106122549103639,-1,,0
2334,0.492568588001466,0.20617258371953676,0.05916347681952252,0.18494177634988962,0.021124963631806448,0.03602861147777883,42.49798141112989,24.500755272149426,4.669585728513693,4.669585728513693,True,59.3141105846039,7.36742035929292,0.07207238895305838,0.002998077807859009,0.00016305331660174333,-0.0031307679803892693,-1,,0
2335,0.47985672432510335,0.1429038788445293,0.22003409308926306,0.03289087663579268,0.11561119710145082,0.008703230003860753,28.369854386108088,26.000999831376518,4.599686712174961,4.599686712174961,True,47.58787894909442,7.172128621393804,0.07786930387598162,0.0005814299669372471,3.7510917922936925e-05,-0.005064271654411055,-1,,0
2336,0.05011297707724671,0.017258755276845332,0.34094155572761,0.05421943252593678,0.4612767485450851,0.07619053084727617,40.71933642901254,33.65950696318382,4.360350923752769,4.360350923752769,True,61.54824066883343,7.3333940498153645,0.04858327167376911,0.0018614637103942428,0.00024541159848582927,-0.0040153929521225115,-1,,0
2337,0.21609395927700345,0.3218981554754381,0.05014677302708607,0.15505477208947321,0.18798491373488896,0.06882142639611022,27.022864266552062,31.487486173081333,4.2101731065915855,4.2101731065915855,True,54.22071136482136,7.215217030593618,0.0898306642221333,0.0006657610438029644,-0.0001343201278070945,-0.004121107176452123,-1,,0
2338,0.34635539520343683,0.09576614667151666,0.30611498286057803,0.14413739573487208,0.028436823700823236,0.07918925582877315,34.36170762911186,23.084490240846456,5.351617651391672,5.351617651391672,True,62.29229264677594,7.242598915142747,0.08267970892275968,0.0012386681396184109,-9.682527364736845e-05,-0.004293269301184582,-1,,0
2339,0.08118303611936518,0.20328409525263755,0.11588836616671278,0.5214080905326435,0.035738619111677306,0.04249779281696368,27.203211921066465,49.244477424810995,2.7851167573689377,2.7851167573689377,True,52.63315368445098,7.339350347683607,0.1367672018736676,0.0011527554636100177,0.001275129999382556,-0.0014269893790578858,-1,,0
2340,0.23013604029984105,0.013253618152716336,0.030959731758525573,0.3593655092189646,0.23631786303183155,0.12996723753812095,28.520866397865113,17.70971563162982,6.762749163457789,6.762749163457789,True,84.53734800085066,7.24415130381114,0.29993024158695447,0.0011111942589955087,-0.0014530819431823063,-0.0028790507974907845,-1,,0
2341,0.2101275763697086,0.06793258194017948,0.06989873084221476,0.3711656362998205,0.053404482327123186,0.2274709922209535,27.911653842044718,32.80772154795753,3.589920701814464,3.589920701814464,True,56.852280396108156,7.323938852319069,0.2916210838982011,0.0014367595655624648,0.0023725879876729263,-0.002003622059858524,-1,,0
2342,0.07238316511080671,0.20375646318137675,0.007746525703105291,0.06689054021370834,0.6130646080212327,0.036158697769770216,33.87339148965401,19.982287281062238,7.220127566076765,7.220127566076765,True,79.91899513037492,7.16712554733877,0.07461424512179715,0.0007704872625069901,-3.1670473111273906e-05,-0.005865376331156461,-1,,0
2343,0.10910396428788388,0.1785045774422835,0.3196453453738553,0.30076600042945445,0.020310606612487122,0.07166950585403556,33.58846766043057,36.94087404246872,3.8049580222592363,3.8049580222592363,True,59.70261283728123,7.315034147711465,0.07740788020969637,0.0014363052252514305,0.0002700699684308024,-0.0029201871385536207,-1,,0
2344,0.0858189900811652,0.31853344527782823,0.1544113822480308,0.2734934862278579,0.12351160641708551,0.04423108974803241,30.634010629972604,46.609831041215216,3.099869345963336,3.099869345963336,True,50.807085726633375,7.306085677266948,0.06717113188368454,0.0010275855376796195,0.00027545025582929037,-0.002681474575140054,-1,,0
2345,0.08204201944726326,0.01353655152367093,0.27457881899090325,0.2078503419730529,0.15699227403926325,0.2649999940258463,31.126924743554117,17.92716123291413,7.17687238921088,7.17687238921088,True,83.75649617906167,7.216220725547206,0.18174583234140124,0.0012266569313419485,-0.0009570368592971297,-0.003831228063395881,-1,,0
2346,0.03180455726604985,0.40064960879781286,0.22838086924428827,0.19257782925954467,0.011241086020737303,0.13534604941156703,44.09135693745629,42.422424404727174,3.493657447053348,3.493657447053348,True,55.95672621970577,7.4121448815629405,0.05186098278726151,0.0033191813533441643,0.00047520107976407785,-0.002745271305308785,-1,,0
2347,0.276688705049965,0.07720678443888775,0.39585819022250723,0.06251883576152628,0.07897946747368134,0.10874801705343241,31.862752496869312,43.65727404575504,2.955375961211477,2.955375961211477,True,41.44952648349626,7.285650252885012,0.05959157744379602,0.0010940193791656838,0.00019958579247739825,-0.003345916408840511,-1,,0
2348,0.20037463546082773,0.07950018205106647,0.421502249674999,0.1693888596903307,0.02568387977719675,0.10355019334557927,35.376284983076005,23.870099930442514,5.598795471180427,5.598795471180427,True,68.92963459609823,7.242255521379367,0.07669802495011441,0.0013086110712285126,-0.00010379406376320456,-0.004498002673613153,-1,,0
2349,0.21851796257303485,0.015967887972694238,0.05710174792695785,0.6418619422565385,0.0005118244887183979,0.06603863478205627,41.792231790784285,40.08660267457762,2.997620807115568,2.997620807115568,True,59.999735303403874,7.5028105370034215,0.1845571588283582,0.005432825992532681,0.004842735443958267,-0.0006052398551334671,-1,,0
2350,0.5105082657556022,0.052835431048588434,0.09402666815405092,0.22607274952199322,0.09793606854648386,0.01862081697328152,30.957496852862114,34.26714061031895,3.267675484751652,3.267675484751652,True,45.841769551581315,7.316070522327016,0.0995099214332084,0.0013208246108252168,0.00032795722371155707,-0.002634721320731844,-1,,0
2351,0.019222134761847753,0.25758887559643856,0.4677761384761165,0.13767355349577554,0.03727354863053681,0.08046574903928491,44.23631482800559,31.98516304291347,4.9046574623708565,4.9046574623708565,True,69.07389776951972,7.325883131557696,0.042621945522903514,0.002155173135507484,0.0001299435002748234,-0.004694030910588084,-1,,0
2352,0.2666424883475796,0.08138155692226189,0.3476343017196337,0.0495015394313896,0.1634461473335513,0.09139396624558377,36.968652033315664,33.995657027091795,3.826973459937292,3.826973459937292,True,50.37446989047773,7.299788955065205,0.056211150935398815,0.0015320776099159155,0.0001777307584109383,-0.003935398329324933,-1,,0
2353,0.4287932015012425,0.012698094948560687,0.19882338730929663,0.24766493305973036,0.03727703071651298,0.07474335246465674,36.012829216388056,21.60191379094374,5.305904953394791,5.305904953394791,True,66.45532984417883,7.309796348037489,0.11258629017947758,0.0018895346721222268,-2.1626896994388796e-05,-0.003105700039399823,-1,,0
2354,0.23941934820832686,0.26262566159282713,0.2843324741311134,0.07580878788444105,0.038533371752102724,0.09928035643118895,44.43152249816113,34.866736500611395,3.830634691248337,3.830634691248337,True,52.61469937065336,7.374204928187029,0.04790431591772134,0.0029347570730463507,0.00024340565002762887,-0.003642109853958952,-1,,0
2355,0.34756806853992056,0.07345704041883701,0.1808334229351862,0.02989168203949565,0.17935316075902757,0.18889662530753284,38.41842721107923,28.191710292681993,4.169948953092747,4.169948953092747,True,52.05789381980383,7.330997317397108,0.07820179920324086,0.0022512436633213015,0.00025280367219706793,-0.003442716006674343,-1,,0
2356,0.37825285007457626,0.4403814548534482,0.02835827078733651,0.03743776233280218,0.0015538253834896786,0.114015836568347,32.00460393135772,17.043897170735683,7.197275359123287,7.197275359123287,True,63.160426100057656,7.128013745899439,0.09587066769881548,0.000727656757202153,-2.774574593417624e-05,-0.005566813752432245,-1,,0
2357,0.45635981014166255,0.3251443026659387,0.09246141992438281,0.037947951272379585,0.024183234103404828,0.06390328189223148,38.24176536514024,45.16015539210878,2.6430872411623305,2.6430872411623305,True,36.553698324577745,7.354976284095818,0.05016954495996272,0.0019969132530841915,0.0003820103112720474,-0.0029506657839312644,-1,,0
2358,0.082900964544262,0.16237536573879008,0.3351649576057445,0.063333002340537,4.3225594453663344e-05,0.3561824841762127,31.055097164913047,23.31530501656186,5.562881032529637,5.562881032529637,True,64.23444260799378,7.212094135827631,0.1249145048667623,0.00117603432276141,-0.0005025779139315102,-0.004483944143088818,-1,,0
2359,0.4732709644446895,0.15629377798188976,0.28501188330492067,0.04132133452423021,0.0046443014796787785,0.039457738264590994,43.58874853355398,24.553871241019323,4.872738235685011,4.872738235685011,True,55.15518665730548,7.315288805843744,0.051744129125203014,0.002351270480407631,7.406820534434236e-05,-0.004415353535453411,-1,,0
2360,0.07283362719499957,0.10215877944725676,0.2634573253007147,0.27095836742331175,0.0007253241949924896,0.2898665764387246,27.023988918535494,16.987360196825662,7.561374028698972,7.561374028698972,True,85.6387779994305,7.1705192114039855,0.28481451231381766,0.0008712603181703098,-0.00282428224738961,-0.0037923099832199944,-1,,0
2361,0.14792554485177078,0.42597613879939783,0.031419792776772155,0.18933867600452517,0.13766685537355816,0.06767299219397603,43.65492152014916,19.884771534760798,6.994659528849144,6.994659528849144,True,85.38734981256161,7.299826190098995,0.06224745539665616,0.0024543842323751027,-1.3420444317439038e-05,-0.004317673408759945,-1,,0
2362,0.14587685203881845,0.2901610451287793,0.1669664728805067,0.08602686391375733,0.0006550057327055796,0.31031376030543273,28.882033846975553,45.1695287559991,2.8093079955593443,2.8093079955593443,True,41.52406889199652,7.298874061236123,0.10317640883919581,0.0012250322128368393,0.0004751109639055492,-0.002611336545377004,-1,,0
2363,0.08615912360432929,0.31373515445575434,0.10440158585447917,0.14241065240580167,0.11286717636130561,0.24042630731832995,35.02466379052552,44.509072530517386,2.9974634052451488,2.9974634052451488,True,47.33743139864555,7.358657853997113,0.08331189145722767,0.0020110864386867025,0.0007457633273199558,-0.0023518280410250955,-1,,0
2364,0.13265328910642057,0.40226714699405947,0.09945083141181504,0.002151031733682978,0.33938992442292387,0.024087776331098064,44.644616591312754,37.06954517957654,3.9855216227325796,3.9855216227325796,True,54.0661333946178,7.353280465271095,0.03658872679376331,0.0019802177143086854,0.0002126331026906562,-0.004471760880666526,-1,,0
2365,0.3211997458548966,0.03871194260381893,0.002065236942846964,0.21664648571501735,0.16422315170252205,0.2571534371808981,42.01381263896313,40.08553089315695,2.7675920244302943,2.7675920244302943,True,45.7006994403125,7.472083694786968,0.12715704854629145,0.004932965914601792,0.0023752842385383454,-0.0013648583854253674,-1,,0
2366,0.08629589303374423,0.17271118203862076,0.2191861276808697,0.2722358145675231,0.09664955867611999,0.15292142400312245,38.964845479783804,25.382562685236813,5.347271731227057,5.347271731227057,True,76.63738396653788,7.339707083569483,0.09548376098062925,0.0025189301004253104,0.0003018812129825053,-0.003070964828277699,-1,,0
2367,0.21199346280335735,0.03141346194814218,0.6077216629930129,0.023556487377125828,0.015828339493790616,0.10948658538457104,31.486799864072786,38.67834383577896,3.553796621997239,3.553796621997239,True,45.93423430960094,7.225342966393049,0.053720045881229986,0.0007913921834634372,5.5703454998462496e-05,-0.004625740372480363,-1,,0
2368,0.3899613583020428,0.13490217961284798,0.30580530203274187,0.031951039284644836,0.0985295112909289,0.03885060947679354,39.3342601635446,48.02353536196373,2.6026180454281054,2.6026180454281054,True,37.21973966045984,7.363258438737968,0.044280594954095066,0.001993200968257441,0.00036627510783266413,-0.0029830010048064923,-1,,0
2369,0.18234538979544876,0.40093381633752573,0.268400569251891,0.10212880144809776,0.0037838186058683056,0.04240760456116845,36.373196356966446,21.78484423150694,6.603415068328928,6.603415068328928,True,71.6735293751134,7.154459517122519,0.05881970809011108,0.0008161156913577265,-1.716686588392945e-05,-0.00658345435797041,-1,,0
2370,0.49577029263975736,0.014121920542570639,0.12126323464248707,0.15645351859837803,0.10045765627886569,0.11193337729794108,34.79057598660955,34.548552669036766,3.1731754218254657,3.1731754218254657,True,44.49413201718597,7.355435138072336,0.09719788400145152,0.0020053578803469903,0.0006112492695138135,-0.0024671842490159033,-1,,0
2371,0.3155356588218044,0.06767593104666719,6.282450266346076e-05,0.13863915505381447,0.010893891092678331,0.4671925394823722,33.534595991538254,41.64532493438193,2.5095207332545737,2.5095207332545737,True,39.61205065248993,7.4029169633564065,0.24067926130353004,0.002797532460845734,0.00488263606641997,-0.00159513211838732,-1,,0
2372,0.4999391601242314,0.013065973937071177,0.24816870007826244,0.1511068744303763,0.010863854450629451,0.07685543697942933,36.39679776464017,35.34415143767444,3.1830256723658725,3.1830256723658725,True,44.24681922969237,7.352110038764845,0.07750702902207351,0.0020606248967723235,0.0004235794539340299,-0.002703715967479397,-1,,0
2373,0.5246710612056236,0.05365779780854785,0.09316592255621862,0.22217053971960365,0.04914576834927844,0.05718891036072795,43.30522503088142,26.548866946567543,4.13409421062141,4.13409421062141,True,56.526377171869434,7.4128120039258425,0.08427960269528557,0.0038472287669591106,0.0004343054512435336,-0.0024717876966734364,-1,,0
2374,0.3334596034308596,0.40767392045847445,0.0756184382437375,0.14268714707285074,0.014578648666122363,0.02598224212795527,36.48935318542716,28.999898028574957,4.44218731585931,4.44218731585931,True,56.04497198997461,7.275949466910139,0.060464277346775265,0.001375061311057177,6.52551306197264e-05,-0.00420336400660569,-1,,0
2375,0.6133413212178946,0.07620261578356552,0.02572180057411654,0.16422176405388053,0.016194853907366576,0.10431764446317619,42.945673350662034,46.416493593265024,2.2377616512719927,2.2377616512719927,True,34.80318648862363,7.465696892843641,0.07713159587173277,0.0044858683586975956,0.0011963188360303587,-0.0016089496410701472,-1,,0
2376,0.12890444526618416,0.07769881045319689,0.20266261869903707,0.4120367256481925,0.04488968576524638,0.13380771416814313,35.96119219685265,32.262220628837824,4.007332698704318,4.007332698704318,True,66.67243839776414,7.382525110266917,0.142049004227313,0.0025564392831714773,0.0014383718904066826,-0.0019018180735918733,-1,,0
2377,0.10596481439481385,0.09403872230824516,0.42310848090435327,0.11648508352546227,0.06326623271332826,0.19713666615379732,26.151120718879092,33.91802052479027,4.025443103634072,4.025443103634072,True,52.96128395327657,7.206656708257955,0.09717239286712331,0.0006796412939331252,-0.00025148160593380895,-0.004157332365177303,-1,,0
2378,0.49476503123724397,0.08843683822973075,0.0822021818786813,0.23307986641391262,0.0770890279357912,0.024427054304640133,33.58303579758325,38.36174520937749,2.941229087018346,2.941229087018346,True,43.67505044612441,7.351768601883612,0.08799722652334878,0.0017287850635884536,0.0005469246738234465,-0.002313408169659143,-1,,0
2379,0.4289130098603759,0.0013296681726690988,0.043500846500449365,0.49946107774157483,0.009301549778256497,0.017493847946674378,25.942498331911448,38.43550730917959,2.908400193916742,2.908400193916742,True,49.1754595362975,7.330655175560388,0.2279191986335374,0.0011598651006125061,0.0016974607816535204,-0.0015893186707865285,-1,,0
2380,0.26760313772553124,0.3445938605199202,0.0657090930849826,0.02885871058229495,0.2329984105712974,0.06023678751597351,30.737876476646278,36.06821321812432,3.6604879079660226,3.6604879079660226,True,46.17716485614674,7.236638904999511,0.05943197613524106,0.000787484665046298,9.345876980360094e-05,-0.004333341619561719,-1,,0
2381,0.26571552174717655,0.34661755421946744,0.14740688666787058,0.19805282664801765,0.01203202365005302,0.030175187067414674,37.542519506242456,19.0736593852893,6.957283359090703,6.957283359090703,True,78.19867280163943,7.222504113106416,0.07360094460347329,0.00131226017122901,-0.00011887972802234466,-0.004774408438654869,-1,,0
2382,0.11423131271013437,0.28225089339422216,0.38740456262090456,0.08262694542983477,0.13180416873706313,0.0016821171078410413,33.809046904325335,43.42533036213298,3.529892380865896,3.529892380865896,True,49.819987686899076,7.245486201585178,0.041317768570913176,0.0006730628665897539,0.00011386606549957207,-0.0047001726117603245,-1,,0
2383,0.02530024265477022,0.1344873032178106,0.04552061268737247,0.30654841796412224,0.2530410316926073,0.23510239178331713,33.85817662641659,22.470858351116682,5.829159814692932,5.829159814692932,True,82.8593385967961,7.314676615019215,0.19573385617385358,0.001997757581794686,0.0005778541903617735,-0.0027548112942523675,-1,,0
2384,0.21929602321441252,0.34365579523406775,0.03869891175342079,0.038288880364754356,0.039064253716592064,0.3209961357167526,37.832913578232656,34.58255765181043,3.50336014457689,3.50336014457689,True,47.99995495705658,7.356905355362463,0.09089364170336467,0.0026058007682240223,0.0006076417853358565,-0.00285308277229628,-1,,0
2385,0.028605025321339034,0.17179763894768835,0.1076762234576154,0.2109805322985744,0.183418716223777,0.2975218637510059,25.20796203020281,34.30782037673852,3.807090344610028,3.807090344610028,True,56.019000366060176,7.266472931339046,0.20216918167526166,0.000952877584349026,0.0002936810264118562,-0.0027881807717859176,-1,,0
2386,0.2011795621727163,0.23421285274903095,0.14610295706879242,0.279441357961407,0.044774127571437436,0.09428914247661598,39.696993079698736,40.74920129606302,3.197969629722698,3.197969629722698,True,52.4123644784063,7.405912753579443,0.07537148644310038,0.0029055268026680118,0.0007633205613213818,-0.002087816932357298,-1,,0
2387,0.12412056738987631,0.23563180242825732,0.4261615586970343,0.07437482631393066,0.06674261746833754,0.07296862770256383,26.179515407799222,22.146336684394758,6.64094693857184,6.64094693857184,True,65.8816225980366,7.037187409946394,0.09094478084384304,0.00029529666422622037,-6.339712343750274e-05,-0.007755071587718009,-1,,0
2388,0.06344478018952894,0.05514097205970832,0.15585138958503078,0.25787095662065423,0.44411822859042954,0.023573672954648302,27.264345660141032,36.747790513736774,3.866875817920349,3.866875817920349,True,59.33534816013095,7.268626289246564,0.09181337173335466,0.0007631493995975415,0.00016767746989892096,-0.0031095721771101296,-1,,0
2389,0.20681792544091124,0.18887249456453845,0.10772161275419179,0.13428211663333697,0.0006004864631538999,0.3617053641438676,30.2514492232031,38.4562338991829,3.051843168714114,3.051843168714114,True,45.05563931737856,7.3296697867093705,0.16136326096904377,0.0016577725037233537,0.0012295549835283847,-0.0022826846499242217,-1,,0
2390,0.38876081270666846,0.1676959761026847,0.12163747041766886,0.2359719922713104,0.05093048749740281,0.03500326100426476,25.96217056033336,32.508122121740115,3.69432805010963,3.69432805010963,True,49.430765572322976,7.244850992700031,0.11246289728234281,0.0007504223021665299,-0.00014906587267074622,-0.003261320125353857,-1,,0
2391,0.16567382884122014,0.07719953461225318,0.4689085426181098,0.1559377195320273,0.029251922759835913,0.10302845163655369,32.82897327173681,41.87885567661861,3.281719616685002,3.281719616685002,True,48.78510580726704,7.293557724168682,0.06224411727800572,0.0011910676472128793,0.00018391192254073294,-0.003304356627100337,-1,,0
2392,0.15165675338665627,0.5054709558724869,0.1861954125883021,0.10362203510345257,0.04293043421549848,0.010124408833603845,40.67903160411124,25.022385698300326,5.973634170530822,5.973634170530822,True,70.84988442142706,7.216792199377835,0.04582256919804328,0.0011191653963305006,4.0266903551918565e-05,-0.006305438917390067,-1,,0
2393,0.6539441176843499,0.012273607245411917,0.0010142963184184728,0.04849101309008394,0.02870489261662391,0.2555720730451119,37.454280281754286,19.101954752779523,5.093464668325983,5.093464668325983,True,53.878937315692376,7.331318778769228,0.14138750805325667,0.0024435044200463787,0.00013233855095774543,-0.002923673417124577,-1,,0
2394,0.26715118501324603,0.04580724108457701,0.23446789623606445,0.34146394865422863,0.030891594677803714,0.08021813433408008,33.6920856823722,17.309107261524368,7.152351107352811,7.152351107352811,True,87.00149642591873,7.257830622516205,0.14933354374051247,0.0014596818715352767,-0.0004842117411463566,-0.003253215775587374,-1,,0
2395,0.1183908337217362,0.29670136027907135,0.1545932601368062,0.008614919370144952,0.030839553741703662,0.3908600727505375,42.66762364183045,27.79603271867327,4.519021930467609,4.519021930467609,True,58.632805449977084,7.366320154540068,0.08726328151686218,0.003733982810522289,0.00038562068636338186,-0.003278598547425411,-1,,0
2396,0.192567437971834,0.022727363491016676,0.19474593591319095,0.4249720373594793,0.1091285999529741,0.055858625311505025,36.81547497275069,24.415274413200414,5.230787517569025,5.230787517569025,True,79.57218189902474,7.358870346698174,0.13498341148160592,0.002416965881377868,0.0006556919903938477,-0.0023336866479562435,-1,,0
2397,0.28965408826036154,0.17691104772399716,0.19190549290441938,0.18879586006646593,0.07428509834066832,0.07844841270408767,30.774820704796056,18.116791322461342,6.964588422500449,6.964588422500449,True,73.770647194448,7.1766961331774075,0.1168092531711131,0.0008373729967748316,-0.0003689951110515504,-0.004585005161341919,-1,,0
2398,0.7083966696678935,0.04530937905804046,0.05644710678099026,0.0195019533999974,0.0793158257216279,0.09102906537145049,43.237431653340394,41.97863129707811,2.4179330577559655,2.4179330577559655,True,32.99770322120975,7.438281385297674,0.06287605038812358,0.003956096359983375,0.0007643706852266784,-0.002234428268959158,-1,,0
2399,0.5676978888214342,0.2292850804051395,0.04640881880031892,0.07280387031975727,0.08157517695709747,0.002229164696252532,27.66522288862062,39.86899505167193,2.8402863686241107,2.8402863686241107,True,35.94796833738002,7.256312386415805,0.07058867066223581,0.0007815632274113088,0.00013870167781692731,-0.0033156825490854944,-1,,0
2400,0.19199721953744062,0.12608304630284375,0.15193207617749918,0.2330019330943806,0.07128132930747201,0.22570439558036395,29.19868626187189,37.84163845696372,3.249593446192648,3.249593446192648,True,49.77147537183902,7.317222619168022,0.14458535486259794,0.0013726363189874192,0.000786699772252271,-0.002330962337266373,-1,,0
2401,0.3611000436512611,0.26330242808943927,0.08038220411039768,0.02904641685903878,0.18426419654557205,0.08190471074429106,30.14284074282392,45.675528073672666,2.699361099630007,2.699361099630007,True,36.95876033456951,7.284157005221564,0.06063662603268263,0.0009708627295981698,0.00023826150483998105,-0.0031497924203097516,-1,,0
2402,0.17219187084786047,0.5716844012139056,0.03738826815892444,0.0958268648482276,0.10882908902076585,0.014079505910315955,38.143395168483394,43.29133939643236,3.3651331849876134,3.3651331849876134,True,48.300499956967585,7.312828558359073,0.040738907840466715,0.0012923016929038758,0.0002037321928458899,-0.003925888483048391,-1,,0
2403,0.14730745928856534,0.13309705068492397,0.4296021467378141,0.14188177502568614,0.12065734871209258,0.02745421955091772,37.30379076660368,44.753983640880634,3.228457298351296,3.228457298351296,True,49.242736772922925,7.327636344587992,0.0451988327997591,0.0014131366147286445,0.00024116330062645293,-0.003390199960741733,-1,,0
2404,0.3477151568828884,0.02309810801260467,0.0417615275946397,0.20395536252000376,0.025514649380415654,0.357955195609448,32.233693500443,31.96562307542319,3.322700449390394,3.322700449390394,True,48.86452442620412,7.363891593843157,0.25455311065534936,0.002228118386599399,0.002972694521393046,-0.0020037541244358097,-1,,0
2405,0.10234525976043997,0.06794860624912169,0.05829558974027231,0.2501531717289322,0.2156637612259074,0.30559361129532636,35.31780800888667,46.15162832311882,2.6443812186445967,2.6443812186445967,True,46.57777330843838,7.420881201136198,0.159062207813564,0.0029135568532557034,0.0031432620285769277,-0.001317470053021419,-1,,0
2406,0.47315519741155687,0.1236714616760973,0.015533560405273336,0.25811193752176526,0.01986060889941494,0.10966723408589234,28.29830817217227,33.1224305274677,3.316982359641875,3.316982359641875,True,46.832281072762285,7.306476380236746,0.15068155313275478,0.0012169186580413835,0.0004356275189465245,-0.0024355610326809453,-1,,0
2407,0.15573875655406832,0.32706386569775736,0.013439404219951807,0.3333014896749846,0.08621494620741127,0.08424153764582665,40.08862388453961,24.801990421346414,5.349971622998911,5.349971622998911,True,77.89512721880138,7.3620308347873555,0.09492261927105985,0.0028054837973041733,0.00037755430706924817,-0.0027725415205718668,-1,,0
2408,0.18384933704430406,0.278623458963031,0.09080957673667751,0.023700018944273225,0.10649789656274737,0.3165197117489669,42.35163049231953,24.920590683109364,4.956916055182826,4.956916055182826,True,61.5653000253961,7.35031844370405,0.08370294779091417,0.0033388813133420243,0.00021621716508097037,-0.003493081381365437,-1,,0
2409,0.07574421704314964,0.3928832864197597,0.3623642249399836,0.03674469730179576,0.013022977190597425,0.11924059710471371,28.46617519791832,33.36193421620127,4.538418802294532,4.538418802294532,True,54.30473656604085,7.136070281633502,0.060127022806899286,0.00044270107416818753,-6.119699368779241e-05,-0.0063129551905508514,-1,,0
2410,0.14674371242996292,0.049518762058682504,0.29642956976385615,0.19744575219253255,0.21169496794052742,0.09816723561443848,26.396771849870063,17.8110872082636,7.555623356648352,7.555623356648352,True,79.4127136367586,7.117856130313758,0.15075283945581341,0.0005320641479458718,-0.0006967726583423103,-0.005143118281435206,-1,,0
2411,0.4307200584199291,0.18635457157539803,0.1480663946299586,0.18824392288088912,0.03432202846926994,0.012293024024555193,40.38659919036304,45.68158064134993,2.6258114818611853,2.6258114818611853,True,40.66819858820396,7.406508765941198,0.05711332362021783,0.0027425171101536252,0.0005609321167638577,-0.0022498302759408626,-1,,0
2412,0.4299923489652298,0.017063167155881607,0.09961746257166221,0.06479015717272646,0.07395314200792984,0.31458372212657,35.68837904483692,44.2242184238778,2.395886479395251,2.395886479395251,True,35.96198703829398,7.401056728306035,0.11688391340271931,0.00274768552082832,0.0016685126208695184,-0.0017989158503635963,-1,,0
2413,0.29835163446380897,0.008484146504490076,0.1369733375282627,0.5131862824124904,0.006555705691247531,0.03644889339970045,39.98955258245179,21.643926547895,5.521871369287153,5.521871369287153,True,85.12208864858734,7.403828955512667,0.1629125592525005,0.0035324733361842995,0.0010969411788710642,-0.0018222698961694794,-1,,0
2414,0.24332626859376005,0.17051378128451006,0.09749538086156123,0.2964074430395513,0.0014829616528621897,0.19077416456775514,27.477812185767156,46.02726799048972,2.617749294425802,2.617749294425802,True,43.25205230518962,7.328550516389807,0.14782924808626677,0.0012624462094908812,0.0011462263354972545,-0.0018117186054542407,-1,,0
2415,0.38249162742693843,0.00862091731640688,0.13339031531943013,0.22967056961837606,0.028992997225304608,0.21683357309354367,26.26567266804074,40.344035885850374,2.7396534953047564,2.7396534953047564,True,41.46626358785475,7.313629493148151,0.1811607763021639,0.001164283875073791,0.0011074149999165072,-0.0020382618052075677,-1,,0
2416,0.1242766018010046,0.005810362800165452,0.14942135745045784,0.03333239246365906,0.4940702484355714,0.1930890370491416,35.72621243849916,26.581920963612756,4.887733180090933,4.887733180090933,True,62.39500724346914,7.295743638682722,0.08571185758027015,0.0016815432749916544,0.00019079870642990096,-0.0038170089100521684,-1,,0
2417,0.10884102776448286,0.006366762353178914,0.42116609574079106,0.10204900759048448,0.05419915540721162,0.3073779511438511,43.07724391952044,43.57214288271015,2.95026755145865,2.95026755145865,True,47.08507145011486,7.437693901504679,0.07943419580949997,0.004328218365057652,0.0010777357295492394,-0.0020366803290765676,-1,,0
2418,0.03692165911820776,0.0015699675406699548,0.4034595622289686,0.36943361025151733,0.010810052158652134,0.17780514870198413,26.15246943094113,34.6434896776469,3.9395081472008333,3.9395081472008333,True,62.4383339077166,7.274396556520262,0.1738051725438704,0.000979390260144097,0.00021050998524970455,-0.0026052447102987313,-1,,0
2419,0.06340823839312847,0.11563313640278464,0.2472435629039118,0.49522109205296,0.01126726060023356,0.06722670964698149,40.445348064149165,32.01962319099808,4.318177325341292,4.318177325341292,True,75.61018248631504,7.42358012847939,0.11357276819695564,0.003582599041212811,0.0014387593624060613,-0.0016773330171266654,-1,,0
2420,0.14984527885815987,0.29199166660965703,0.03812483506468506,0.09867324019956213,0.3635066896664702,0.057858289601465704,44.66010998152377,37.44190018590193,3.6966932669078996,3.6966932669078996,True,54.709158047474375,7.4121670680447105,0.0487088312751653,0.0031519438896677843,0.0004052134503600416,-0.0030469633425644874,-1,,0
2421,0.12000840806366757,0.06076016430348476,0.07779215969983547,0.20931712764394703,0.34280942275048354,0.18931271753858167,27.082860253940506,17.931920479998137,7.111548109995611,7.111548109995611,True,80.49546835797933,7.182477066066719,0.2148822846690936,0.0008004608292573725,-0.0013141937593549682,-0.003992385960098834,-1,,0
2422,0.008910366158423357,0.3150354739504219,0.032178908567206226,0.2772765031433483,0.1417128821308947,0.22488586604970548,41.524912423989235,49.870266925772,2.73953651655778,2.73953651655778,True,49.675384458282295,7.46123882387983,0.09049927218374583,0.004136264296371914,0.0017104511140172325,-0.0013160821412897112,-1,,0
2423,0.2674301802864857,0.06595720993633619,0.08295464064851407,0.28548779788146234,0.06268360935624948,0.23548656189095216,26.37120232129695,45.5526593203865,2.5330338624977293,2.5330338624977293,True,41.899664848657316,7.332480096684046,0.19642527221916153,0.0012592807813641992,0.0019557242781976353,-0.0016721094119355917,-1,,0
2424,0.05705705025520057,0.1288247578716241,0.2996049525558554,0.05561202563675549,0.1514373652264214,0.307463848454143,41.00899624636902,45.262527994575294,2.941163681870224,2.941163681870224,True,46.28461460974653,7.412412007471331,0.0732563005022914,0.0034123456295985207,0.0009208288609580015,-0.0022492770055456694,-1,,0
2425,0.127231795613071,0.12394078821893274,0.030285786073612493,0.12558768638946252,0.5315254250694473,0.061428518635473696,38.01026804265507,22.901456877554338,5.931831932055428,5.931831932055428,True,75.33632629611053,7.289885420189463,0.07389059396106759,0.0016870357162808347,9.900939575828347e-05,-0.004076292477619869,-1,,0
2426,0.26709956347380087,0.22454129734924957,0.019154979832946156,0.025383708367701152,0.1838254723537366,0.27999497862256556,43.12626380665582,21.94894099897727,5.383964374076488,5.383964374076488,True,63.84338985649538,7.354328820400867,0.08673570890651493,0.0034973865884285315,0.00014584773100449506,-0.003414931544726449,-1,,0
2427,0.08511589597307155,0.031109757798882125,0.4040057905204349,0.3235330616709194,0.08301798497076492,0.07321750906592717,30.510216789096987,45.45601676771085,3.0919292905194884,3.0919292905194884,True,52.414156284709684,7.32116608397952,0.08324436641665635,0.001201172886271891,0.0004417678525817108,-0.002318256625536244,-1,,0
2428,0.39603127401728033,0.05599178047724016,0.187297314153624,0.04967982421619149,0.1199461428193207,0.1910536643163433,38.616451849864156,45.82688338836971,2.494728185516629,2.494728185516629,True,37.060116716722646,7.400161747376262,0.0719872564538931,0.0028012918787314743,0.0008343258800733031,-0.0021671900884854714,-1,,0
2429,0.28922492761086027,0.10241911538743545,0.05783905117176506,0.09739090622579141,0.22949550845070382,0.22363049115344402,28.118025785079446,48.09187191062526,2.436762487796066,2.436762487796066,True,37.12140811587672,7.3254666982315,0.10960678387700903,0.001229982847325457,0.0008406070559281301,-0.002095102599124714,-1,,0
2430,0.212067588669581,0.019247525302786953,0.07276604518199574,0.5926775014747653,0.03365464204003107,0.06958669733083993,37.25484313400654,36.721401763737106,3.3043131128669967,3.3043131128669967,True,62.6242365843953,7.446001549125794,0.20273137939823951,0.0035114010978693645,0.004265950025702066,-0.0009935410472860578,-1,,0
2431,0.2591522503129024,0.07372823732379195,0.269351776774302,0.07009327930865014,0.06230367649211567,0.26537077978823775,43.28121160652903,25.230118987785147,4.759560603267415,4.759560603267415,True,60.86612973147967,7.371286249661533,0.0828135797070824,0.0036770689275478995,0.00026682114227534183,-0.0032008839898693925,-1,,0
2432,0.13057274433252847,0.30317980438812314,0.4256765598014477,0.09709862005931151,0.0030302712332495978,0.04044200018533949,39.39149989391724,35.613624844979356,4.211417041664443,4.211417041664443,True,57.20999705878056,7.276075835781892,0.041835975237303764,0.0012561054478123488,0.00011353614568514798,-0.004959767681409503,-1,,0
2433,0.43149682575951226,0.09038994070685748,0.1677981339616543,0.08184481816314215,0.22703288206013958,0.0014373993486941276,40.755054377319205,45.87771167333229,2.6282383018435187,2.6282383018435187,True,38.81511511890869,7.399495112839786,0.04931516815913298,0.0025185989687403604,0.00048112533182852874,-0.002557082671400432,-1,,0
2434,0.10635577376603464,0.030561945862642274,0.017115737406015984,0.5333173480040417,0.18045125892868571,0.13219793603257968,28.662806916995606,48.159127290683365,2.597793745808464,2.597793745808464,True,50.9494398186129,7.384754596423859,0.25114394665862677,0.0017024256285998686,0.005211770302088074,-0.0010417199218817896,-1,,0
2435,0.19687578494173613,0.32048698908930073,0.43139043891439716,0.032138897737359354,0.017798657955109227,0.0013092313620975296,44.37300946754452,48.696532547934495,3.0496710162691847,3.0496710162691847,True,43.84337462952078,7.365021801455866,0.031558144958261085,0.0018153273040565018,0.00023787872251564154,-0.004047119063125152,-1,,0
2436,0.23579345949214014,0.1603416599387445,0.010362214682019075,0.03965945378164081,0.08105625437411572,0.4727869577313398,25.73598800800236,25.29792671797673,4.368482553268034,4.368482553268034,True,50.98092132697658,7.242366959595931,0.313532452332142,0.001047112791781729,-0.0007181179300663819,-0.0032237920949242803,-1,,0
2437,0.13308792492099528,0.22782759188712065,0.09827741368300331,0.07113972786195354,0.3051791654238043,0.16448817622312287,40.19345407975992,40.11543214631324,3.3314031349688493,3.3314031349688493,True,49.8266506619235,7.385085101912829,0.06166765945756265,0.0026222147560997604,0.0005526600308710286,-0.002761094400977715,-1,,0
2438,0.011940695276124052,0.10741031756496935,0.6178888985044606,0.0014710733893760308,0.034830971149824135,0.2264580441152459,26.71817809899917,34.37955548358076,4.340594545430659,4.340594545430659,True,52.80856689368644,7.143783534967514,0.07107611986799561,0.0004942996208492182,-0.00018397756883947828,-0.005809815805652028,-1,,0
2439,0.34895625318510454,0.05365138769114434,0.11557226856232584,0.1646946790930293,0.28135745645385296,0.035767955014542975,27.85739237081715,29.72837331471173,4.087026076310468,4.087026076310468,True,52.59295093891645,7.248194505906251,0.1022786284678115,0.0008232824616327751,-3.543099394940438e-05,-0.0035595979018766544,-1,,0
2440,0.22400165096037197,0.43075361843164056,0.11325391069552682,0.08086775834128503,0.12100488172168705,0.03011817984948869,26.60038851053219,46.43571798919633,2.99254952995009,2.99254952995009,True,41.11985574205271,7.2182700347705815,0.056173845051652904,0.0005091143425142291,3.065781706519331e-05,-0.003949764622548508,-1,,0
2441,0.21238307179030264,0.31953939703536977,0.2790170887086466,0.02164485501483993,0.1269341296343005,0.04048145781654061,39.89291928403068,47.272959270918015,2.989250368986825,2.989250368986825,True,42.708828958847256,7.337193856229863,0.037665623954802434,0.0015642208358795026,0.00025863389110143497,-0.0037121078508693967,-1,,0
2442,0.033597214014017954,0.5099065152876421,0.0016919734974966132,0.24023447424303218,0.1595326643079912,0.05503715864981984,34.39979864667105,26.53169995811217,5.66361182317456,5.66361182317456,True,76.49182732739355,7.242685920989335,0.0708556573799537,0.001107122778723475,-2.8220871352102848e-05,-0.004539286984150646,-1,,0
2443,0.22205902298691374,0.08715563868564613,0.08412622001643108,0.15809265583934362,0.02621304682188819,0.4223534156497773,32.16814585004191,34.6522838420836,3.2279302138325034,3.2279302138325034,True,48.168590481251826,7.359712313665589,0.23280658730732684,0.0022151895658082555,0.0028254108500790887,-0.0020533501603304033,-1,,0
2444,0.03276394963956216,0.10271275303515594,0.3069564542279132,0.2612195243051229,0.057253556089584504,0.23909376270266133,32.03118773942667,39.850929359280244,3.391883209034335,3.391883209034335,True,55.260530303504176,7.337422910681078,0.11994377301501562,0.0016996863067650486,0.0009086167829365029,-0.0022693824384852498,-1,,0
2445,0.18699103983163595,0.08162049794743358,0.030695315795609784,0.49625782880714786,0.05791791323048883,0.14651740438768407,41.02634652431725,45.03378373717524,2.684388221369035,2.684388221369035,True,52.11571248007886,7.489828372568103,0.1538031073199746,0.004910090304785899,0.003769514108855516,-0.0007539355329782612,-1,,0
2446,0.12388193186483602,0.35558072868428126,0.1096572878678508,0.038280736986441584,0.3023957196929083,0.07020359490368194,29.856018604905543,31.080881971695014,4.625860165950522,4.625860165950522,True,56.052605572230796,7.182140254278459,0.06301777181493111,0.0005818971659897693,8.74653211893089e-07,-0.005464724821734676,-1,,0
2447,0.21533060097224224,0.057658297111575836,0.7061047782121239,0.003744543470811331,0.01408566640327198,0.0030761138299748563,39.15650608339675,31.959250957404986,4.6053435438970665,4.6053435438970665,True,55.222356039012126,7.2103446344442395,0.03903322851517879,0.0008152759612268939,0.00012052149359650161,-0.0065441293206307425,-1,,0
2448,0.3508610995677056,0.08744927756060919,0.037918654221973,0.08219756566714666,0.0011384549822649889,0.44043494800030053,39.478545591061675,13.504916456261483,7.780955693697548,7.780955693697548,True,78.13837960468045,7.305239484370015,0.1997991355432087,0.0029227225495428028,-0.0006358398734863058,-0.0026513348124632004,-1,,0
2449,0.02003322671377756,0.14729433072167447,0.5871091973071604,0.10145205806236789,0.07770714979299978,0.0664040374020198,44.910523581238834,49.77394267788128,3.1907959622423867,3.1907959622423867,True,50.446875830938225,7.39747764043208,0.03496940208800251,0.002326171268932955,0.0002928468371378966,-0.003407041530537385,-1,,0
2450,0.2710938401195453,0.07099911433623617,5.707666180760711e-05,0.46654448819048355,0.017197935954198277,0.1741075447377292,34.29999651007026,44.64234860735344,2.565852832393051,2.565852832393051,True,47.8521357162433,7.427318058785019,0.206399582551241,0.002848323125672772,0.004408033882564881,-0.0010320984934484587,-1,,0
2451,0.06496161678015601,0.32207782069121793,0.14148383564379824,0.16944999213818684,0.22815766716996164,0.07386906757667937,29.871371116111135,39.502646448931884,3.698670198779048,3.698670198779048,True,54.32869942131282,7.258739446450393,0.06638143635254691,0.0008154524628223314,9.191998526401615e-05,-0.003685144973159084,-1,,0
2452,0.37575823156053334,0.09257546754037811,0.15341714249860994,0.1629065119518882,0.1190210564580943,0.09632158999049609,42.584517136271316,42.58665064323114,2.7775717068823877,2.7775717068823877,True,43.18195450090673,7.4374312150645885,0.06739345390807769,0.0037358394288305222,0.0007931755229401903,-0.0020487536995698777,-1,,0
2453,0.3663059886671685,0.0007027822195269961,0.13472457699460003,0.17078947002006617,0.2356263108106863,0.09185087128795213,41.23548156482315,28.521065283554602,4.110997177003728,4.110997177003728,True,57.408878263653214,7.391971997882271,0.08281701081466653,0.003155734715820704,0.0004885642369676689,-0.002655139269707511,-1,,0
2454,0.2526528165971969,0.007467225655058649,0.025221572568655086,0.1688806467042788,0.21428819089396065,0.3314895475808498,41.399798955575456,37.62819252085202,2.9745947658307013,2.9745947658307013,True,47.97023225021822,7.462022334456179,0.14508195698595094,0.0048184218359597335,0.0027170596891402084,-0.0014884001410806935,-1,,0
2455,0.22453337742619314,0.1211216691988672,0.4801650723328733,0.030373631906756175,0.0658760819123195,0.07793016722299076,40.4384427186928,35.01856355091695,3.9301707687485994,3.9301707687485994,True,51.61362343004979,7.304325972645285,0.044502318817486716,0.0016841499084198287,0.0001583878566133272,-0.004473950794379856,-1,,0
2456,0.15025541313018775,0.2942574828713251,0.25269910413168817,0.020694329793691443,0.14368916410038857,0.13840450597271892,35.38752234382755,46.290471633953125,3.0052603251607173,3.0052603251607173,True,43.16789384657925,7.309686197267724,0.048952210261629284,0.0013433026669598012,0.0002624959014107223,-0.003468358919010174,-1,,0
2457,0.16957658488868865,0.3730776514967455,0.07698700109810304,0.054868375278138315,0.19382880863827973,0.13166157860004485,38.19180713742437,25.845869803532008,5.245933965707581,5.245933965707581,True,63.433196064352494,7.264511327866348,0.06183630909499038,0.0015602198677020142,4.1284514153052856e-05,-0.004738186491736705,-1,,0
2458,0.04900261468042871,0.17712550680103434,0.34891673097029574,0.14929431855564748,0.1402032620970857,0.13545756689550797,33.27863616352367,34.2097744327034,4.2353876444681156,4.2353876444681156,True,60.00403501568586,7.268446506338078,0.06794794408823814,0.0011606316923249516,8.825155017496164e-05,-0.003972797006120733,-1,,0
2459,0.0658438286202859,0.2709443565443269,0.07508495596817155,0.22610996585643098,0.10987009384890614,0.25214679916187843,40.20550569372697,32.574132277964964,4.037695465235201,4.037695465235201,True,62.79586795104791,7.399251836885285,0.10656342449236211,0.003452472282903424,0.0010667641670576774,-0.0022773638283035903,-1,,0
2460,0.3767478363835339,0.07756281104515811,0.16018016935285231,0.23257831871554843,0.07593277515900622,0.07699808934390114,35.17521764438359,39.07602810616727,3.021791384378992,3.021791384378992,True,46.337527972478945,7.365843095730449,0.08723794208906456,0.0020261620348510077,0.0006496192302122397,-0.0022488612720441884,-1,,0
2461,0.03732633723225193,0.0011067198361836867,0.13229045941312909,0.47163363226850963,0.33046941724518764,0.02717343400473794,39.10529099814073,43.213873624542444,3.2051570842944397,3.2051570842944397,True,61.485483480968306,7.453852518298828,0.10343432231735787,0.0033088309994090547,0.001974500537265759,-0.0010955690040794388,-1,,0
2462,0.2185692053778636,0.06520682597566453,0.20738732355356268,0.3370611363610158,0.05903612593493842,0.112739382796955,26.25103572554589,40.198085283279156,3.1165116894884703,3.1165116894884703,True,49.978245524389685,7.298813372806513,0.1442712034808549,0.0010036472600225895,0.0005085869444150059,-0.002207149491095946,-1,,0
2463,0.07400228936255661,0.05756956465460626,0.23905074525098094,0.5636842265592962,0.06321993318527998,0.002473240987280081,38.58020056339039,38.661607760077715,3.5909968208325638,3.5909968208325638,True,68.03136179485013,7.4340694323597525,0.11213211018129268,0.0031423034534635414,0.0017845537172879234,-0.0012451086132214035,-1,,0
2464,0.3597726216092266,0.17625310432950272,0.009135343797640623,0.31286369909457856,0.0005744658254664119,0.14140076534358517,35.47254339089369,41.75195910599051,2.7439896937625132,2.7439896937625132,True,45.45271687229768,7.401595694440661,0.12092331543591181,0.002573840730727528,0.0015204648737539908,-0.0016050552420895734,-1,,0
2465,0.6162906965106869,0.14871932597932624,0.11805788561109525,0.042281690748635,0.02529469010660169,0.049355711043654854,31.00496217258603,18.076288741257443,6.0307905606581445,6.0307905606581445,True,53.65185234250831,7.180514478723383,0.10453405515901382,0.0008097500270232514,5.025810379026115e-05,-0.004564322266521581,-1,,0
2466,0.33355259086059597,0.013282850573207383,0.026957784785203494,0.23469064693540162,0.14705449942082913,0.24446162742476238,32.014679034865566,26.4020205318391,4.188377951566406,4.188377951566406,True,58.173394674167966,7.3348800363906,0.21690978484814366,0.0018832416891364715,0.001084424795325049,-0.0023883580460300224,-1,,0
2467,0.12932067396008265,0.07547961227083544,0.29456771001592447,0.18788837321563331,0.09411208107686253,0.21863154946066155,38.918672048043376,43.82079751512911,2.9589853529474976,2.9589853529474976,True,48.538513103922426,7.406471414503513,0.08437791415541042,0.0029943568030808662,0.0010261149284168758,-0.0019851350986341172,-1,,0
2468,0.07540725324223109,0.034048791412487865,0.041320208754311666,0.23325535850785745,0.30033974468619723,0.31562864339691477,39.418363801573534,16.95950236278406,7.231647634388317,7.231647634388317,True,92.97744245610825,7.341264577652878,0.1942931836191351,0.0032148731550492794,0.0002696419005967942,-0.002591322568982634,-1,,0
2469,0.24418213005243272,0.18416119514929707,0.10859658610306022,0.19023119316144793,0.01710287745738684,0.2557260180763751,38.73448399116103,19.926875128675764,5.981707304306671,5.981707304306671,True,73.95556799593484,7.322330939307297,0.12719660543052097,0.002636691583140525,-2.185442912329342e-05,-0.003102190978047415,-1,,0
2470,0.30870950001445613,0.16560888487967296,0.29973052487458024,0.08328020488278816,0.14066943506298438,0.002001450285517999,35.50773865703694,41.67319372778737,3.1737908226808513,3.1737908226808513,True,44.29972639885998,7.302164259154589,0.04752113691811079,0.0012173448864093747,0.0002058952485634489,-0.003642546564791066,-1,,0
2471,0.10645646229016369,0.014767912158977865,0.3565264353036167,0.39274491486393565,0.07289377694111822,0.05661049844218766,38.4187854984323,21.93495962660531,6.260658968612854,6.260658968612854,True,90.30562951501895,7.3283442859763115,0.10382363379226417,0.00230805148649223,0.00018915673554937326,-0.0029649988242278547,-1,,0
2472,0.3869876051946017,0.0003030680084440815,0.30537142294956704,0.12927136449679802,0.028557946871633568,0.14950859247895568,31.65733501232682,36.13457146412127,3.2234234070788816,3.2234234070788816,True,44.418378321673735,7.307322714751606,0.09240538016736936,0.0014010522057406629,0.00030969628340522316,-0.0028877542771769326,-1,,0
2473,0.23662760267877664,0.23483884253658371,0.2146021225477249,0.0757916018635926,0.21486728430304924,0.023272546070273,42.47983178547092,30.504529922145146,4.470166897447555,4.470166897447555,True,58.49436724577062,7.3284547220330065,0.04657138432066301,0.002037748655735001,0.00015762115665362994,-0.004294277812832782,-1,,0
2474,0.3785291814772667,0.01557751721929425,0.07399998913853383,0.19884598689457023,0.30738212758376793,0.025665197686566926,34.46722026394931,17.93757346529049,6.606420675053049,6.606420675053049,True,74.68502478219862,7.257276716786213,0.11277509803961946,0.0013511400798447985,-0.00017339283129501787,-0.003631973437905154,-1,,0
2475,0.40332082231857835,0.2089503845656507,0.06765596240047907,0.11116863478977594,0.0808223700168032,0.12808182590871295,32.53987637941074,23.312994492603963,4.996123097478252,4.996123097478252,True,56.9431294323438,7.252025465285466,0.10171430548652724,0.0012330139835888805,-9.859643429000515e-05,-0.003908534070635692,-1,,0
2476,0.0476637239362325,0.014162242354282007,0.2255231590331186,0.3008370274171595,0.004736107029121407,0.4070777402300858,30.41471365658854,32.69626298587092,3.718909067450127,3.718909067450127,True,59.36593999245308,7.34030203281836,0.3538901025381925,0.001962560367122458,0.004605679456958512,-0.002065479716805634,-1,,0
2477,0.018846433587320573,0.14893056269148583,0.010701591066390804,0.006315870155033796,0.024793040949611354,0.7904125015501575,34.24550720560564,45.56790741258669,2.3982760521756976,2.3982760521756976,True,38.69040843842568,7.412439861445178,0.3980039602923644,0.0034565556594626226,0.012424283602683946,-0.001877377606608183,-1,,0
2478,0.06900255846825601,0.05310204266716016,0.379499036363139,0.21934404366814042,0.26844950702759857,0.01060281180570584,43.82687954094322,18.778937169123637,7.887850675562235,7.887850675562235,True,98.13641934223155,7.27940895948598,0.058325829547068234,0.0021261772800454234,-7.207897666776525e-06,-0.0046421993465714665,-1,,0
2479,0.472531257403055,0.056930746347249914,0.258514079915484,0.02467548232106033,0.021029708789079223,0.16631872522407148,27.00210857534421,41.41350205950998,2.71664232671736,2.71664232671736,True,35.04856393099963,7.264773136876031,0.08702882984532112,0.0008933978018660125,0.00018983749354709595,-0.0030522654426538695,-1,,0
2480,0.1947674600298525,0.2640540268618796,0.02568628590059684,0.12875846973480412,0.367751482282074,0.01898227519079271,44.89722807277218,44.54400279416617,3.0508050307045806,3.0508050307045806,True,47.92871628817012,7.443611067977756,0.04677211919118712,0.0033898101885736403,0.0005232347161359619,-0.0024695400053464764,-1,,0
2481,0.02500330582011968,0.3929087349185138,0.14733207245366464,0.05701954158858384,0.0763680581255082,0.30136828709360997,25.473948042374694,20.05054202825864,6.902300901575152,6.902300901575152,True,68.80537106936993,7.086778062233199,0.14412177912549748,0.0005188362299664126,-0.0008656570669075512,-0.006125838592467103,-1,,0
2482,0.4224887176555384,0.2267585336049059,0.015148430388966377,0.12875240515954564,0.1948647336266292,0.011987179564414384,25.866845540825278,42.83117508164666,2.7989637355889307,2.7989637355889307,True,38.6170269025499,7.259168581406497,0.07863870411431885,0.000697895064598575,0.00011454862886756223,-0.0030158876773719655,-1,,0
2483,0.5218555264312471,7.997317461920401e-05,0.044258329922850184,0.07061949190707051,0.06678190652491306,0.2964047720393,36.62813952584632,30.548741646682153,3.3247412734596025,3.3247412734596025,True,44.059797893315306,7.381105826008775,0.13712716251882934,0.0027911045302966937,0.0011937889591669942,-0.0023169665660451462,-1,,0
2484,0.276423709997037,0.09003969812229383,0.17520238368045402,0.1184414635622433,0.2522916072332422,0.08760113740472969,36.088997639930554,20.098050347863644,6.2591415398719,6.2591415398719,True,70.82782030805352,7.245645838253633,0.08521711037955387,0.0013977200137727016,-9.415980721513797e-05,-0.0043345503024003924,-1,,0
2485,0.1112256661313962,0.03325722772258934,0.13453309870460678,0.23862767197346005,0.379111986399666,0.10324434906828173,37.92023447941679,39.377353207153234,3.375149566342104,3.375149566342104,True,55.740088291224666,7.4009718312204305,0.0842502480605512,0.0025607869950959724,0.0009721294564646453,-0.0020391631857075375,-1,,0
2486,0.12503100879926465,0.07073033130288973,0.107153923071932,0.397877924835406,0.22095154072761056,0.07825527126289719,38.460525274236545,23.28470073248881,5.625835729873077,5.625835729873077,True,85.05824645097526,7.3695092739179175,0.13136891194411787,0.002778545309910477,0.0007671705982674859,-0.0023529359008207552,-1,,0
2487,0.40739891001478357,0.17525568618902249,0.07851733780568007,0.13482026118466045,0.1036845460614225,0.10032325874443111,41.52525830255085,38.62175988469929,3.0246261706744932,3.0246261706744932,True,44.460572344010245,7.4121114471889,0.06809837146617466,0.0032753379598831358,0.0006365577805459016,-0.0023742240755303267,-1,,0
2488,0.2859534967655353,0.5346091830443961,0.07878507688558513,0.07727422715639087,0.012966895303508742,0.010411120844584018,27.565946458485556,17.805768821532602,7.683565680681991,7.683565680681991,True,65.75251156513521,7.022044113191196,0.10071311609352877,0.00030252407739138316,0.00020280214969108928,-0.007420905589809583,-1,,0
2489,0.13901083059549096,0.07948575977907954,0.31211519440456686,0.3464960226306821,0.11559505156299821,0.0072971410271821845,37.74216826356477,21.576645342241044,6.445077441679886,6.445077441679886,True,88.12093294831887,7.29390115163726,0.0853858757453183,0.001789646871321489,2.681676625283392e-06,-0.0035648802671311786,-1,,0
2490,0.6593095722952981,0.03045498972653825,0.013393528535324854,0.0716520626868029,0.022429074119851223,0.20276077263618472,27.38865882892474,16.19875972599569,6.1015834228551045,6.1015834228551045,True,54.26510788792968,7.203820739590928,0.24263010620414657,0.0008621600107891898,-0.00043735268520495816,-0.003467742169187216,-1,,0
2491,0.15984457043808115,0.4477407219166288,0.1491426492029702,0.036947247000036265,0.18897784459359862,0.017346966848685048,28.312343610808014,29.11163627273529,5.059171077950429,5.059171077950429,True,56.32680287522292,7.1132304096492085,0.06257215169520851,0.0003487929115035371,2.498249432023675e-05,-0.006799290176113842,-1,,0
2492,0.48704075607419534,0.11393842610514622,0.05027975139914824,0.29934206862726775,0.008987913432567872,0.04041108436167467,37.14770906858995,17.0560909941766,6.552315222580222,6.552315222580222,True,76.92804898557573,7.306233783959874,0.1283083562887651,0.002011784534294906,-0.00020599077155642698,-0.002895223319759274,-1,,0
2493,0.016177523166254548,0.05221648420605041,0.01601197428747859,0.42263621389132633,0.47031105800629947,0.022646746442590585,39.24993220726442,21.24050430006114,6.596478775444369,6.596478775444369,True,100.76103558050433,7.370872764128804,0.1254244142260983,0.002805778106553381,0.0008831280519224455,-0.0023718459437869484,-1,,0
2494,0.028053210630288105,0.0627250135237741,0.1259107310553129,0.38175327522464386,0.3349697212213045,0.06658804834467671,31.23116276787922,18.9399448429643,7.369271473364697,7.369271473364697,True,98.57519293248149,7.245384475396219,0.16279142565116805,0.001193377656645811,-0.00034031241729369233,-0.003401982429612303,-1,,0
2495,0.47309763115782727,0.10434423578211763,0.004620870353426301,0.10832338688085488,0.2194495555927915,0.09016432023298239,40.70412271886382,48.392553317475084,2.3128551568259055,2.3128551568259055,True,35.89701361721124,7.437398911874858,0.06734296878517598,0.0033561769983682815,0.000947145382465216,-0.0018314530478322924,-1,,0
2496,0.18706540623735304,0.055050951025430485,0.07002451278136819,0.27494876985895234,0.28403223328999594,0.12887812680689986,30.21138632850952,16.322011644753843,7.657185766721572,7.657185766721572,True,88.03192514929597,7.215330413102086,0.19707393145272842,0.0010619928780644372,-0.0009286074151169738,-0.0035076453965132465,-1,,0
2497,0.6118493496798748,0.07502998501850064,0.037749596573464175,0.038054757630662205,0.1138717363544092,0.12344457474308893,44.32952481376768,33.54055106498504,3.1198331511866852,3.1198331511866852,True,41.07708548021211,7.430508070421468,0.06921917156770956,0.004201176827787057,0.0005981498014331816,-0.00252199855242943,-1,,0
2498,0.49890809736209124,0.22901938067992067,0.061260311550973605,0.07570374185052989,0.07584591708482016,0.05926255147166463,35.354795741483265,43.89402489676747,2.6141616270712635,2.6141616270712635,True,36.61706980092231,7.346335890359799,0.06097284337173048,0.0017464848746721604,0.0004319610583129279,-0.0026869315841272926,-1,,0
2499,0.1123756956070479,0.028773307428959023,0.039171360138246625,0.5546818153735,0.09814280304959505,0.16685501840265138,25.550952425829124,41.08610997628038,2.9941633280798072,2.9941633280798072,True,55.73464862595553,7.339483689727558,0.4315453469192893,0.001307466284083944,0.007795386249891519,-0.0015084600748055553,-1,,0
2500,0.39377544331007747,0.07909068239416736,0.07863218448125084,0.24158603306507354,0.023363723491762536,0.18355193325766836,27.33208091137033,43.631123957617284,2.5531154769283413,2.5531154769283413,True,39.812829030238916,7.327514426259744,0.15187144154792523,0.001261042217748336,0.0011152205016869811,-0.0018973806133059151,-1,,0
2501,0.10808699257441803,0.5311000106410256,0.08503783612081615,0.018377941227008216,0.012571611592110147,0.24482560784462173,27.76741385787207,41.91298095306516,3.283185732392464,3.283185732392464,True,43.60340262061505,7.228443053897007,0.07259516250428304,0.00077023457591422,6.725263241802256e-07,-0.003951569920259958,-1,,0
2502,0.22436102738679417,0.010753956977083855,0.04708215282300703,0.35176523577561286,0.17127401990203528,0.19476360713546684,34.29742247715782,45.25554817419335,2.595334350318233,2.595334350318233,True,46.613732662677485,7.418468206648994,0.16469608043204662,0.002652880001192614,0.0030874270647642545,-0.0012078643309768565,-1,,0
2503,0.6420727125325861,0.046174459473852104,0.10754992263271844,0.14209009439662248,0.05826821908118237,0.0038445918830385217,37.70858545582167,34.94115017481632,3.0609583482316514,3.0609583482316514,True,41.478872600201285,7.367679164676512,0.07117390226980196,0.002241147614635444,0.000443927648701781,-0.002647622983343246,-1,,0
2504,0.057694940197041356,0.14178712729412601,0.2873677957245486,0.27928132783070364,0.028910034912500143,0.20495877404108,35.58021200147135,20.90274363339121,6.477501418312695,6.477501418312695,True,85.29885758445648,7.276777861112793,0.12483293550177756,0.0018419735676329782,-0.00018251843137849497,-0.0035238641372675166,-1,,0
2505,0.5113924605236068,0.33015505576112497,0.09759440157447556,0.029511819078842313,0.029376598953187203,0.0019696641087631936,30.282813271629095,33.78344877211252,3.528428346050408,3.528428346050408,True,40.61177757563876,7.223802426543004,0.060213916449079474,0.0007569170210510387,0.00010100669192731848,-0.004382188129302653,-1,,0
2506,0.2362138803986107,0.12103841447420574,0.3445143895536431,0.08009930010274456,0.13316440977972138,0.08496960569107465,40.95868234357738,41.08717931325115,3.234159477549768,3.234159477549768,True,47.107287311553314,7.369432182386525,0.049462433578673554,0.0023361952211009146,0.0003455112864669667,-0.0031585499992564476,-1,,0
2507,0.43167405505289913,0.007240241730755402,0.24495734047557807,0.10369842255371957,0.060856987386706377,0.15157295280034142,42.376033783871065,21.716109516494683,5.226057321291141,5.226057321291141,True,62.08734323811798,7.348499850510051,0.08113788280052128,0.003052039530181855,8.086410957976668e-05,-0.003339628739026257,-1,,0
2508,0.14454711106954046,0.035681820588139096,0.33451412960255905,0.38502153396123046,0.0978822961264442,0.0023531086520865658,39.93715246272731,22.09372448569132,6.235676183617271,6.235676183617271,True,89.3676988040899,7.335632125781108,0.08620941111141188,0.0023859235761858563,0.00016135983515886941,-0.0030784855794948993,-1,,0
2509,0.21797983480447733,0.0015158277702770038,0.10367021575564526,0.49535268794993226,0.11727617702654962,0.06420525669311868,41.38799014268657,42.690888771131114,2.8751990901192115,2.8751990901192115,True,54.688633675883366,7.483654649155267,0.12561914661200263,0.004596468940412294,0.0026185072901700893,-0.000895807826779165,-1,,0
2510,0.40149812771615595,0.02610014514102313,0.10586742914955781,0.2464800711230672,0.18362757825388654,0.03642664861630918,44.849174195500275,19.91117657758778,5.861713040264968,5.861713040264968,True,75.44278429119585,7.3919332349363955,0.08379346880148675,0.0038663310718675776,0.00015989661069455434,-0.0027621846847272168,-1,,0
2511,0.3190714265389306,0.04107787021277869,0.3405944056770645,0.09738080985294302,0.16682948035639197,0.03504600736189125,31.188673720946987,19.973429167617844,6.402901196414961,6.402901196414961,True,65.6260513888142,7.156227716374647,0.0875961385759661,0.0006920212510355063,-8.945337480419351e-05,-0.005397831968342706,-1,,0
2512,0.1334939865896492,0.25067854620755886,0.1979881707825979,0.17997112433943316,0.0019262277465351561,0.23594194433422577,30.350653967330647,32.106454244145866,4.052769605416023,4.052769605416023,True,56.333849440556456,7.275226183311674,0.11448979240896871,0.0012505529913139533,6.072541114472327e-05,-0.0032849828698062553,-1,,0
2513,0.243037210743283,0.18903599996539855,0.24795153605371717,0.04867118971988126,0.1606752824194646,0.11062878109825548,29.796210886075592,25.75085245601619,5.08686416274942,5.08686416274942,True,56.62608126436693,7.177813133362821,0.08008206571833572,0.0007019063304561279,-9.82514422700071e-05,-0.005242915203303584,-1,,0
2514,0.1633794091895305,0.07054318123483126,0.4372175177772574,0.0331491481401092,0.17367689014504545,0.12203385351322628,38.112131648864306,43.44104814310907,3.1723046979362506,3.1723046979362506,True,45.90457321186141,7.334510481925088,0.04838432145741483,0.0017203188352328685,0.0002967290133666254,-0.0034213360516161997,-1,,0
2515,0.04501518210975039,0.19905381094147673,0.27020235305224877,0.2876648913072366,0.07605061149981072,0.12201315108947677,38.85483000533759,33.772913791492925,4.214126289549876,4.214126289549876,True,66.66736270090763,7.365106116693651,0.07787960460108882,0.0024584977031319863,0.0005200943776927266,-0.0027080330665123025,-1,,0
2516,0.08979432154206905,0.2988287606231473,0.3344824047951272,0.003638280232071892,0.14693484851432034,0.12632138429326412,27.954571250821374,42.64462406165131,3.453706154320717,3.453706154320717,True,45.48622759987038,7.196219493445852,0.05502588741267331,0.0005214492567535432,1.4777813298106512e-05,-0.004788783823673613,-1,,0
2517,0.20699583846431063,0.05018653034168003,0.13666548009618584,0.1642825384050106,0.4321399852917399,0.009729627401072841,25.745497759860775,20.567666529412083,6.453949065509266,6.453949065509266,True,70.70711691997847,7.141047278822823,0.12548244042126205,0.00047460602370784,-0.0003466010393642217,-0.005068563964287688,-1,,0
2518,0.1037927114186861,0.26354882873333435,0.11521428033219291,0.14571362902457533,0.28725870132727915,0.08447184916393215,26.141178338639225,36.697159023378504,3.831585606012298,3.831585606012298,True,53.024755345618715,7.2221658309605266,0.08275430730137474,0.0006052158720678734,-6.260265828110635e-05,-0.003918465185765665,-1,,0
2519,0.5100384920335136,0.004092448379420618,0.25840642659905444,0.05163757378396496,0.1202500847642244,0.05557497443982223,32.36742165187029,36.08193932819467,3.160004137902436,3.160004137902436,True,40.32995674816351,7.29213959014729,0.06877254342476104,0.0012264030992169162,0.0002263612756243056,-0.0033424584748849065,-1,,0
2520,0.11376870652600782,0.27959667611547373,0.298101128843513,0.06452346220542103,0.16158666459069354,0.08242336171889089,31.940619186071807,28.229629231979768,5.161438465958515,5.161438465958515,True,61.44872122682018,7.17336519059799,0.06155524811142048,0.0006668701139318318,-2.7976172992266465e-05,-0.005895897235141646,-1,,0
2521,0.12097963449665687,0.0061994135692425715,0.25009826801186313,0.23752470467890474,0.3023169684824339,0.08288101076089889,33.60453052692007,35.64257452460811,3.7878542625991933,3.7878542625991933,True,58.62891938958939,7.331091168994903,0.08585627763133018,0.0015485679909297933,0.0004642840108081537,-0.0027284156842346144,-1,,0
2522,0.09216035250684049,0.29867735203634194,0.06488152108755547,0.15634580350487617,0.20908232619223352,0.1788526446721523,38.36111971373498,22.354510196610438,6.051454810453639,6.051454810453639,True,76.74358933731352,7.289835605435838,0.08642702671630122,0.0020250941046047618,7.095408675831433e-06,-0.003934268714726288,-1,,0
2523,0.31516318765452206,0.010092408364636868,0.1989544557695794,0.3123521039752901,0.01927699524507671,0.1441608489908948,34.95119314633119,22.416066361202745,5.2264165305656025,5.2264165305656025,True,70.74985955727055,7.324553903653075,0.15412028160775415,0.0020468733696606136,0.00016093690284953914,-0.0026901238588624915,-1,,0
2524,0.029625573975037782,0.18972107157563817,0.31227984131508674,0.21527293456466137,0.17050027281196323,0.08260030575761262,38.88766027507101,19.62613902263058,7.566071345339478,7.566071345339478,True,93.03828362008024,7.2307725439594766,0.07081755574543816,0.0015164195145378147,-0.00010225076651186623,-0.004932303681772975,-1,,0
2525,0.3999007556428858,0.014461435300398928,0.169466918414933,0.09712188077836435,0.29476158377288086,0.02428742609053711,40.455923369503374,21.459087255759197,5.593162387556184,5.593162387556184,True,64.98118152267975,7.306466431236604,0.06845817142033578,0.0020380569692150276,5.176361451075225e-05,-0.003943854448860974,-1,,0
2526,0.3464207416130741,0.008357992328861853,0.11540114959191002,0.1752777579273722,0.1492488411582281,0.20529351738055376,37.41727415168832,41.9686552100472,2.698890988976766,2.698890988976766,True,42.816471891786385,7.413626557343666,0.10681494471026455,0.00297632105694495,0.0014427352468567019,-0.0017516157344769745,-1,,0
2527,0.05269950539318849,0.24626657978812355,0.361544037022988,0.29726510230923364,0.039694911462233716,0.0025298640242326286,35.70891042117762,49.81636246178001,3.0730057173569754,3.0730057173569754,True,52.54898141244588,7.343765026195321,0.0493986303270986,0.0013671651853847226,0.00030772519542210966,-0.002662130820162282,-1,,0
2528,0.23511983881274853,0.36486745708299356,0.048086617834365866,0.186885774836266,0.05410781088153953,0.11093250055208662,44.37983732753827,18.84088775776673,6.854921026010943,6.854921026010943,True,81.86337037978285,7.32460130946716,0.07111774016286025,0.0030359667206950273,-3.738078972293284e-05,-0.0037679957665230144,-1,,0
2529,0.3604453072736624,0.17364667400637154,0.017751943509981213,0.06713526911922392,0.2771707600222256,0.10385004606853537,40.11393018848505,23.79807327280264,5.014940960902192,5.014940960902192,True,60.173352533433956,7.324851076181734,0.07317324006098888,0.0022839309000656795,0.00012832194758637176,-0.0036954787419023385,-1,,0
2530,0.3558603998349603,0.03187117580634355,0.17380502325395683,0.22975917358938922,0.13246239670703497,0.07624183080831526,28.20544960366183,36.63658802409973,3.244450650269858,3.244450650269858,True,47.16048259155467,7.294766847107839,0.11143673841629155,0.0010595446038277297,0.0002717908893525664,-0.0026478325479616406,-1,,0
2531,0.2050741533053873,0.43030620568999484,0.05806741555605106,0.03148675029345303,0.19631372690986082,0.07875174824525286,35.01737459053538,31.56922230622709,4.346577019376579,4.346577019376579,True,53.69045724778262,7.244334049781896,0.054474473132958556,0.0010438616234533507,9.01225061964874e-05,-0.0048593326095013566,-1,,0
2532,0.1584478618634912,0.2300081226486858,0.3084001472957853,0.17557939066217793,0.08779110984107656,0.03977336768878328,41.54785324471017,23.461747035496924,6.038973208197165,6.038973208197165,True,76.32772208530541,7.281264846305031,0.055905508374587916,0.0018561758693777656,1.4744497974193268e-05,-0.004708141077157452,-1,,0
2533,0.07184664607467409,0.051245677393845446,0.0715455268261898,0.41155607447410825,0.09329456852730236,0.30051150670388005,38.34189519111326,24.64765867850501,4.946576609353145,4.946576609353145,True,79.52614281524963,7.407280790207322,0.30015989185427616,0.0038576393350228714,0.004649695741511343,-0.0017668753552552954,-1,,0
2534,0.1697580727063911,0.0792637716203772,0.08751002537037562,0.0948940607788668,0.16745615369678857,0.40111791582720063,25.854477931608585,25.120604293453958,4.628854124334676,4.628854124334676,True,56.406421022778304,7.2393852603467606,0.28216063862484453,0.0010076675555299374,-0.0008832850832786855,-0.003285955018172796,-1,,0
2535,0.18559854434888562,0.005255219246733628,0.26923255427534293,0.2355193930435282,0.0592696506107893,0.2451246384747202,44.000689264082695,29.330499283536682,4.167211008489854,4.167211008489854,True,63.50788918586796,7.436532313762909,0.1085359933596369,0.004920652129562527,0.0010962322530829428,-0.0020866569686355915,-1,,0
2536,0.05146878508092834,0.6381088844290208,0.18864148762256605,0.08447867617390659,0.009614262941751623,0.027687903751826393,27.164608736737364,37.51307317504903,4.327284446989871,4.327284446989871,True,54.21716008038243,7.117098181976536,0.05415055701740639,0.0002612112832690197,-3.185085262108264e-05,-0.006678507720434585,-1,,0
2537,0.29103955980331864,0.09173228581207188,0.16438946816133926,0.06481773768434039,0.26550988477982823,0.12251106375910159,44.267586994370426,46.317809861770286,2.6707290449347862,2.6707290449347862,True,41.05921006861281,7.448621146371926,0.05620520192317374,0.003943491963079801,0.0007199588100597886,-0.002196263326122915,-1,,0
2538,0.2179244488857814,0.07013341099188827,0.015689591324604263,0.3604326307788897,0.05961733573456523,0.2762025822842711,36.43921675616277,25.051229773941248,4.574857961081608,4.574857961081608,True,69.8437210118372,7.387343208272473,0.26980931573814365,0.003119265518621523,0.00299171193162082,-0.001904366485493978,-1,,0
2539,0.1576687516119716,0.008495806122438688,0.11277252803613251,0.4670087985496668,0.15912601217737943,0.09492810350241102,36.61355337018481,42.63724248796998,2.9498555314249786,2.9498555314249786,True,55.25046188380386,7.435304801612854,0.14304435718392944,0.0030416707445123353,0.002671247978870401,-0.0011049956319864073,-1,,0
2540,0.05398995212369985,0.07049962040389761,0.17585736977985972,0.5268677188143878,0.16078004733175078,0.012005291546404465,42.224746840369086,42.753755397697645,3.262973659893566,3.262973659893566,True,63.36328705704957,7.479943130606038,0.09658995823314197,0.004304543295678629,0.0018886196187654543,-0.001000020427186702,-1,,0
2541,0.494296445374338,0.16953507708919516,0.018980639249268055,0.09032734763208292,0.021794418474892975,0.20506607218022285,34.10952756883475,14.754319582809199,7.29471802716843,7.29471802716843,True,67.63539609103313,7.228235018139068,0.15009517549292878,0.001386984001879903,-0.00038250546185945693,-0.00354009620077206,-1,,0
2542,0.21001960112454937,0.09478768554154982,0.3094935548379817,0.10445192551014687,0.030587907363810396,0.2506593256219619,36.38346853477553,16.25715312133461,7.650507895033133,7.650507895033133,True,78.84065527198122,7.215161005677538,0.11085718327975057,0.0015568758936547707,-0.0003923945553983774,-0.004296233216327937,-1,,0
2543,0.03602493075117753,0.02118730092086492,0.10189901449948147,0.21724572877165305,0.6208571581173179,0.0027858669395050754,26.21916667795712,29.946713337154435,4.830781681505261,4.830781681505261,True,67.56142629673887,7.222353387604288,0.09865726730625154,0.0005888654294335468,-4.70583126261028e-05,-0.003973525044092297,-1,,0
2544,0.13446143021627513,0.013728910042320469,0.7237214864354365,0.07816821278069568,0.0013490146384882659,0.04857094588678403,38.10746900093256,44.165892256255724,3.3786968484595996,3.3786968484595996,True,48.98588752499712,7.29631895182367,0.039378657447237335,0.0012054062568219955,0.00016716042044293827,-0.0042447618632941555,-1,,0
2545,0.3510612721479989,0.06476655282614048,0.10194513835369587,0.14636033881969637,0.24110560234153083,0.09476109551093742,40.65671107908607,44.289620510261926,2.6830412991048203,2.6830412991048203,True,42.19128034704697,7.427624900729694,0.06942768843584965,0.003218534151289081,0.0008609894409587438,-0.0019801222588831284,-1,,0
2546,0.21469983632328313,0.2772158097251308,0.16620421957596,0.0633181481648218,0.26478232549789693,0.013779660712907253,40.20137541641781,38.129575876245575,3.640862420682046,3.640862420682046,True,50.73072985512296,7.334645425651245,0.04350402375247145,0.0016894352675721818,0.00023345602646397378,-0.0038657389335725488,-1,,0
2547,0.10373663663603425,0.3833590909748853,0.1176536133889004,0.08264245036764326,0.04448689565720403,0.26812131297533287,25.202751382813993,35.04409247236842,3.7982584449996613,3.7982584449996613,True,49.30288592387551,7.212724772967074,0.11163113425007085,0.0007055405599361617,-0.0002778788477256836,-0.0039028928193976594,-1,,0
2548,0.024588201334903793,0.017310347795027235,0.3361829764497085,0.5503451341529958,0.04914668203340321,0.022426658233961564,28.12824304211311,42.93168645767001,3.3317165137009193,3.3317165137009193,True,62.15307182296066,7.333519129180803,0.13732654724924762,0.0011876049356676986,0.0011512147832650375,-0.0016556520354650487,-1,,0
2549,0.4036980158109392,0.19409433234265755,0.10825311353101805,0.14888631290843898,0.07698569343589332,0.06808253197105295,39.876987862000426,47.95089620820849,2.4822949064056896,2.4822949064056896,True,38.63218202623599,7.410416818804678,0.06052392816549175,0.0028102232322058506,0.0006780667762016027,-0.002111014512674653,-1,,0
2550,0.3137027339933089,0.5373127190899227,0.11262271194873624,0.022346371717596656,0.010169667520498828,0.003845795729936814,44.57952517300821,45.73135945495928,2.9891194424913006,2.9891194424913006,True,41.18743099173556,7.375917466271671,0.03462529903483522,0.002260777710657018,0.00026489648803696846,-0.0037843158882443087,-1,,0
2551,0.47313203263394304,0.22987378956392007,0.1937720098153563,0.02573187243198182,0.001013176848842566,0.07647711870595607,27.658521019539982,45.13530963699922,2.61359107510559,2.61359107510559,True,33.84772411544101,7.2517739669338805,0.06372101296779317,0.0007749664199407651,0.00013657345978716217,-0.0033340475373369546,-1,,0
2552,0.16909830042528068,0.18862936103899783,0.08334677383403305,0.24250331651056617,0.28293272083989723,0.03348952735122505,41.772742695772905,44.84343439438789,3.0031828393356914,3.0031828393356914,True,50.452911224309624,7.434486985351862,0.060243766434006446,0.0031329320385225477,0.0007449842993836585,-0.0019803375432038716,-1,,0
2553,0.07775187792883177,0.13939565759339007,0.14528154098340093,0.38714649102857335,0.004505072992380783,0.24591935947342317,43.47617759168163,16.95306596538018,7.51180531241215,7.51180531241215,True,104.10066040556,7.385660967557598,0.16513694220919678,0.004612154500180401,0.0005928267084375984,-0.002176872927390473,-1,,0
2554,0.09157267777377397,0.10585323534502171,0.10852331930585736,0.5289917277389273,0.08308212659542401,0.08197691324099567,32.372434620852026,28.23939397976241,4.668449769137746,4.668449769137746,True,78.08685127673347,7.351864976842762,0.2124489249361509,0.0019321250677107379,0.0019389057994647402,-0.001916726278779566,-1,,0
2555,0.4027444306632814,0.04832871241918539,0.05031184845435712,0.05940409367299547,0.18307024681323794,0.2561406679769428,44.88180939534232,45.06628979339845,2.4259386501418176,2.4259386501418176,True,37.4350850209222,7.482945363532147,0.08374366378585728,0.005500400181106046,0.0014332615693130636,-0.0016419022900732076,-1,,0
2556,0.19396465664120094,0.06472825992088024,0.3290110684800483,0.13891889522196674,0.13425529839520253,0.13912182134070109,43.24675858701275,21.38252277088474,6.108211930140057,6.108211930140057,True,75.71968436755598,7.3247835018676755,0.06951540727936414,0.002836073544326085,2.766897114674739e-05,-0.0038871857899234817,-1,,0
2557,0.3175651860163789,0.03186567712518549,0.21392256669560866,0.3911416348309334,0.0164549695713421,0.029049965760551497,29.40203145490878,27.034662327017067,4.507982679016952,4.507982679016952,True,64.8331032685734,7.287986282166805,0.14966807662985912,0.0011801482870902713,-3.2895264650067e-05,-0.002741707214583872,-1,,0
2558,0.2758326457217782,0.12142841833822662,0.47142069408962217,0.10831775079807973,0.010262362262547047,0.012738128789746091,40.58506225119666,49.86668152568069,2.728463024894718,2.728463024894718,True,41.45105699139169,7.368919060323194,0.04030538861628819,0.001973397029704267,0.0003163581833668199,-0.003047846507234945,-1,,0
2559,0.07991782569892246,0.07752255564107188,0.06436393706303299,0.24042913927699722,0.03375569410189733,0.5040108482180781,35.57381740204178,25.53034780049805,4.4938110229917445,4.4938110229917445,True,66.61720822326534,7.371387132587484,0.4073738996177684,0.003177836675216227,0.005752042236400448,-0.002162708989992035,-1,,0
2560,0.20103357380073453,0.09563306976008623,0.24314299433680675,0.043225596683154205,0.07191823619880085,0.34504652922041734,30.323236367280234,30.085311545385245,3.994711236425785,3.994711236425785,True,50.627199153646494,7.273274302654364,0.13064264648582705,0.0013372915848129103,9.485219909591244e-05,-0.00339971172663263,-1,,0
2561,0.031846455708639185,0.6093784390582783,0.06870679793883155,0.16326655168863033,0.08370116539796758,0.04310059020765305,33.63696002269395,31.801389829724407,4.945905950972182,4.945905950972182,True,66.0125170519781,7.209709217613908,0.05385716819344556,0.0007504331120750692,3.6562099544332833e-07,-0.005423601035077949,-1,,0
2562,0.16339341793418605,0.3360016419945589,0.24872285001649114,0.08211758100634077,0.015937431633421224,0.1538270774150019,41.98131297274813,19.009692107984478,7.199054342214507,7.199054342214507,True,78.3647051597783,7.232856762837122,0.061808684863125976,0.001870336652178225,-9.401774848751779e-05,-0.005317765509424541,-1,,0
2563,0.02074195689420984,0.30594528315853536,0.07340755355565937,0.3226179198818899,0.16477179602020947,0.11251549048949594,27.683376106137167,32.8193193921761,4.34435809846203,4.34435809846203,True,65.88198884513353,7.264339802833375,0.12175166715601318,0.0009267971422275892,6.545166834470549e-05,-0.003118270824296332,-1,,0
2564,0.0452730931390081,0.14182798995204624,0.11000258297441434,0.16013303910632387,0.15805928967404345,0.384704005154164,41.163696200758494,45.472237571225264,2.7515284230612274,2.7515284230612274,True,47.09267060168322,7.458836310337094,0.12469090468954147,0.004622484233565722,0.0025516607198491125,-0.0013978247746863407,-1,,0
2565,0.15194333183513192,0.23818144933427915,0.14057191971013164,0.33625171827087186,0.12272899983077075,0.010322581018814555,37.702264039499426,26.12573009803574,5.280031318752018,5.280031318752018,True,76.69082064895073,7.324827387426314,0.08037118672312535,0.001928421066464893,0.00018500640190532736,-0.0032106994312390384,-1,,0
2566,0.05392866182315991,0.4522463481753547,0.1415329360381795,0.12298849657074878,0.022963127029338094,0.20634043036321903,28.090294163122948,26.056733577739163,5.451588872669219,5.451588872669219,True,64.60309371869751,7.16375961098378,0.09799820071631911,0.0006859881676316652,-0.00039694664808975934,-0.005269600259443296,-1,,0
2567,0.21562133577672787,0.3563032256875847,0.0069857930679536615,0.03270966538764693,0.19756130198367597,0.19081867809641095,31.648302678155673,44.80103523428551,2.8501985817265325,2.8501985817265325,True,40.62981571507669,7.308399100138754,0.07037805903094528,0.0012772318522930785,0.0003719631650672527,-0.0029222476668240988,-1,,0
2568,0.1735091121740409,0.14528384387734003,0.2120902374486316,0.34792195597650116,0.09114676336117271,0.03004808716231382,34.73438754821214,19.047835998181153,7.054321748624688,7.054321748624688,True,89.98140452361088,7.25516271709757,0.10987936570798315,0.001406887837822607,-0.00023809343122347155,-0.003655217866995719,-1,,0
2569,0.15348163600748987,0.10831140908999011,0.19169835708718447,0.399481400963145,0.06045867651795363,0.08656852033423688,25.256924971117883,17.31955734107475,7.546648558778639,7.546648558778639,True,89.888884650336,7.170049533444991,0.26735135764201073,0.0006742158834059182,-0.002275560140062723,-0.003626313275380092,-1,,0
2570,0.18491447070125244,0.46292441280123825,0.09469661599556402,0.03489213987044928,0.22197083772455448,0.0006015229069415609,41.21748035821251,30.93867146524325,4.698742495929913,4.698742495929913,True,58.83547377734065,7.2744816612548435,0.040847744930947595,0.0012978498996865943,0.0001281582648560229,-0.005408004857510436,-1,,0
2571,0.37066181841707757,0.07458911761817794,0.2538468276546659,0.10706883779865407,0.014905629737139311,0.17892776877428526,37.516865747539725,24.30926701662939,4.803690805135086,4.803690805135086,True,58.24373253696799,7.307399617913527,0.08977633227875258,0.0020637287393282023,5.979909706493221e-05,-0.003544744954663752,-1,,0
2572,0.3283341548709549,0.21406140271019716,0.004091196787476261,0.12233473590792322,0.28923782867577524,0.04194068104767333,26.3735597109834,44.246326499686724,2.802604571606418,2.802604571606418,True,40.08566880167319,7.270775940830272,0.07863589059283149,0.000746659263817239,0.0001817349967661837,-0.002894267924280298,-1,,0
2573,0.08617219305055449,0.07754604984721218,0.29126695097561284,0.3254239590906684,0.08290546280808292,0.13668538422786905,26.915237037196682,42.015081259301006,3.2192532090164714,3.2192532090164714,True,52.92335670612915,7.296416497660596,0.12428570438327177,0.0010022984875908897,0.00046541707452783446,-0.0023245799210375993,-1,,0
2574,0.146972592787275,0.20805633437661888,0.07685884718107362,0.5651461066101751,0.0021313531936268124,0.0008347658512306003,34.832191786359914,19.66033808988572,6.77520924781952,6.77520924781952,True,100.67860176369267,7.323112046625391,0.17721903642135323,0.001976084999919473,0.00031999733974695836,-0.002360175850835183,-1,,0
2575,0.582378147094207,0.035249436714485695,0.031236430710150885,0.05092800259225623,0.2602422199849776,0.03996576290392267,31.972528467190376,39.16963915372686,2.7672445722215993,2.7672445722215993,True,36.698592086452436,7.323317557030632,0.0748913892970844,0.0013594736188453165,0.0004236417683760854,-0.002759591028276829,-1,,0
2576,0.299614835413214,0.11557433524388741,0.2801013073242035,0.17442986003233807,0.09648488024603484,0.03379478174032203,37.32524069981139,34.27886937868429,3.7472387846229838,3.7472387846229838,True,53.0940271063179,7.330056710735053,0.06204293829246383,0.0017757549057511727,0.00023403323939839217,-0.0032839644391978525,-1,,0
2577,0.03113293634964517,0.10914444349415281,0.1700001550390433,0.13872886039346743,0.36115553835359504,0.18983806637009618,44.44924369070743,24.981979250217986,5.516328225781589,5.516328225781589,True,76.73318421352403,7.382733607192234,0.0754823872029091,0.0037829707251055165,0.0003888371849194662,-0.0032131556707125893,-1,,0
2578,0.12799556486273403,0.1396722216273639,0.31559763007270286,0.1770667269507452,0.08254472931090334,0.15712312717555083,26.30155254355032,31.501497393985115,4.287282160000382,4.287282160000382,True,56.91195330632909,7.2139445251111916,0.10785008593640037,0.0007116137676376652,-0.00029810526778124467,-0.003984469063708513,-1,,0
2579,0.4085078148131459,0.04344664206380914,0.29972861842432175,0.07538949155047804,0.012419998899361762,0.16050743424888347,36.057239470703934,17.910684866330584,6.477254580781722,6.477254580781722,True,65.36504388692636,7.230857679523821,0.09640107124611959,0.0014492094727636324,-0.00017770473417022902,-0.004265230834205034,-1,,0
2580,0.17333738845396443,0.170080303506777,0.03299431539491946,0.28171175507607255,0.33396226250109284,0.007913975067173697,41.894601157621366,43.40645983135319,3.084226336686537,3.084226336686537,True,52.651224758884375,7.4436924095675305,0.06415205947675418,0.003279968702017234,0.0008411249965024335,-0.0018306456165099465,-1,,0
2581,0.2241664345259022,0.48042177959838905,0.20510738647951748,0.05139256129955473,0.01841597468057938,0.02049586341605722,33.592581919968836,48.66972762051216,2.940553243726183,2.940553243726183,True,41.103003200217685,7.2648657021967935,0.040351861340604395,0.0008123176107853097,0.000155945423230068,-0.004089607129084892,-1,,0
2582,0.7307177610542072,0.00041762108826296895,0.12193686201814714,0.11497920096127387,0.02144463822030135,0.010503916657807592,44.59547748899483,15.17004355790478,6.75865585845585,6.75865585845585,True,66.16682978423357,7.335709648187657,0.07802707635299981,0.002974818512732015,-6.969642284203894e-05,-0.0031450256198397573,-1,,0
2583,0.35804157789214347,0.010940653800558222,0.02168377719125869,0.1184455442118086,0.004073586481212333,0.4868148604230188,32.35427609664935,34.01285880186578,2.9903861551841193,2.9903861551841193,True,43.4133958002358,7.3746846335247325,0.30275611320711016,0.0024523172094679654,0.004918209265334503,-0.001970721219621798,-1,,0
2584,0.10741462049629916,0.19395592979762666,0.578628753497023,0.025612796965273132,0.06203085294749578,0.03235704629628238,26.696756191628886,25.30622015256548,6.13625073706425,6.13625073706425,True,61.511780081138276,7.006533100981433,0.07252463921579812,0.00019342429119481556,0.00010624762094343602,-0.009189825870797856,-1,,0
2585,0.45648912090912863,0.2780190559046934,0.030938794501654803,0.07138028613068227,0.05846482490263931,0.10470791765120173,30.223441680331817,48.082008838668166,2.402179770910444,2.402179770910444,True,34.00587431189227,7.310407386839623,0.07006734208769337,0.0011853011996320376,0.00038253022783571667,-0.002581509741220742,-1,,0
2586,0.055342871509599934,0.4196093942498149,0.11840765837838058,0.20553737097649583,0.20110159106573558,1.1138199731425984e-06,33.231716456629414,40.5068343419005,3.7899288421078574,3.7899288421078574,True,57.359932501614786,7.277438901799341,0.05144788774420102,0.0008871263145641242,0.00013113694895531002,-0.0038287745842755815,-1,,0
2587,0.08786481730390962,0.0069809775436995855,0.031587281598019816,0.6644435914635286,0.18761018887919725,0.02151314321164513,26.118817479489,24.57537623588173,5.292510086711178,5.292510086711178,True,88.0853752423202,7.29243216378565,0.5504878038718426,0.001152619045747453,0.004040747573213394,-0.00203946106306947,-1,,0
2588,0.12630871846869002,0.07491946819243937,0.12286001582722095,0.5753677854632627,0.0728770256852354,0.027666986363151545,38.73796511037473,23.66817181163103,5.54719534978154,5.54719534978154,True,91.99177568999735,7.402122287504258,0.17335688429105653,0.003275280590907414,0.001807923346434695,-0.0017106175187439638,-1,,0
2589,0.4377077109762767,0.08058282076550562,0.35915922872461337,0.1029517104835583,0.016866898817819102,0.002731630232226733,26.3262563524195,22.713601349365952,5.400015912078045,5.400015912078045,True,54.034608229762036,7.131223032393611,0.0976612886437884,0.0004574975657334174,-7.770981291386296e-05,-0.005366792129010496,-1,,0
2590,0.1998277373012159,0.28970641059671826,0.0005098576005752877,0.191611866368543,0.012269025351642374,0.3060751027813052,30.74992577593332,35.64759320889658,3.3538371630688846,3.3538371630688846,True,49.6632296381192,7.328644317800867,0.1612075964017076,0.0016737924632897268,0.0010560317672943696,-0.0023494030653042545,-1,,0
2591,0.4247314369132841,0.023171549154555892,0.18354151331993226,0.2437040820703368,0.06591388592358022,0.05893753261831068,39.502313776459545,20.538225074240902,5.624127870425132,5.624127870425132,True,70.35513446089439,7.3347394295432915,0.09741802796765013,0.0024529285656174687,3.4457734949731145e-05,-0.0030539878193762823,-1,,0
2592,0.07716977415068055,0.5235785075104543,0.12862495776220745,0.1880307475922827,0.02009408266584056,0.0625019303185344,31.58387342130468,19.87636952509861,7.548158470309042,7.548158470309042,True,82.24821845931733,7.108331100393762,0.08197782910961368,0.0005899794864683443,-0.00019358017522033122,-0.006551816355419294,-1,,0
2593,0.2704533027945439,0.07571769741481305,0.0213103370120664,0.3855476410828412,0.09407520339578883,0.15289581829994664,44.13777200632384,17.620789079496113,6.6319573157376706,6.6319573157376706,True,92.06594678155254,7.415543419940019,0.1524102822272624,0.004856715129051593,0.0006621754008579213,-0.0019643368191293465,-1,,0
2594,0.20054445592887257,0.426506706715847,0.2384832227692503,0.08352237562112273,0.028477708492056573,0.022465530472850957,28.663612072673526,27.80141183326128,5.1761354256804175,5.1761354256804175,True,57.55344327030973,7.118692137815294,0.06583634734982968,0.00040634648952428035,-2.4077671013943964e-05,-0.006544886121071423,-1,,0
2595,0.11063593329936214,0.13162712475132085,0.14377576999597225,0.4728877942632608,0.03677323217618147,0.10430014551390257,26.91759075402171,35.60684992432998,3.6854290636400866,3.6854290636400866,True,62.07987045662278,7.310609734210358,0.20244895514447586,0.0011571424777598353,0.001142214713931052,-0.002010552951180879,-1,,0
2596,0.1501685641476236,0.16316449249260198,0.30968280648637997,0.22655988009660183,0.14401397812352804,0.00641027865326444,37.24164509803792,36.00651567511865,3.947917272036816,3.947917272036816,True,59.357669340236285,7.324511382733362,0.05589689374659711,0.001560318946712468,0.0002181369347230597,-0.003402521914355709,-1,,0
2597,0.23422921294836377,0.11761581455859113,0.15833810106973364,0.1555411149208866,0.11291815536286565,0.22135760113955913,40.466000160187924,23.054320511703033,5.272626705061732,5.272626705061732,True,68.37347854205667,7.349075863129155,0.10068454497995558,0.0029737972488098744,0.0002215332232951808,-0.003097243596882567,-1,,0
2598,0.11131570151355925,0.5193877071846285,0.2654591188817073,0.006123910940579953,0.05319960578362,0.044513955695905126,43.368474672238435,39.32818444275024,3.945354033236662,3.945354033236662,True,52.65446263051181,7.3046105101518535,0.033710005432338506,0.0014034227252769783,0.00016508364167531258,-0.005314930136309532,-1,,0
2599,0.3490941539808611,0.03722421712861546,0.18417399513826446,0.2320968633045135,0.16802896198390746,0.029381808463838015,41.094171771623735,38.83848655306845,3.1329985096982353,3.1329985096982353,True,49.18302763497278,7.41820975468035,0.06911448968554126,0.0031269647339561496,0.0006745154759696933,-0.0021645346706785904,-1,,0
2600,0.1714294291263062,0.03722394972037086,0.4134472679796813,0.2744287637560512,0.04723132968097293,0.05623925973661746,32.169112908651236,21.3212995225054,6.37268571179041,6.37268571179041,True,78.97851388068413,7.214907587562369,0.09992154992830522,0.001010120000797889,-0.00029991054611663154,-0.004343442258366311,-1,,0
2601,0.3347106887273748,0.04593074459813254,0.09458625919174447,0.1782574709839788,0.262287687505299,0.08422714899347036,25.07891920054389,47.25995757898771,2.527842572127198,2.527842572127198,True,38.65400866717202,7.291800210263163,0.1032217135664502,0.0008229699351138118,0.0003946559252202986,-0.002271102695548365,-1,,0
2602,0.2790406278107635,0.164221302209898,0.44124617738764726,0.06568454220579713,0.0003376669851261448,0.049469683400767975,38.78673721175786,32.47387788263876,4.14611635286051,4.14611635286051,True,52.825348228981625,7.279229980554006,0.04771924408934624,0.0014365096521253599,0.00011065740677053404,-0.00464569357645605,-1,,0
2603,0.09923416845653632,0.3617603650909424,0.26271245708183694,0.13749209743524257,0.05779023566495257,0.08101067627048908,31.82204078846116,32.821520587402965,4.473738861798413,4.473738861798413,True,59.157911968013956,7.216915039904512,0.06117368584582118,0.0007926123866113097,-2.5574452122967523e-05,-0.0048791468547294435,-1,,0
2604,0.34443591535375734,0.15735709410788049,0.2673779039023109,0.1244972190107251,0.0973848660221712,0.008947001603154871,42.83151552676664,36.09520535775459,3.5457084788320326,3.5457084788320326,True,49.90814763902148,7.377721066953685,0.04878537339314231,0.00260691311312692,0.0002795771290388414,-0.0032908949239690874,-1,,0
2605,0.16423310014532522,0.006803845432778002,0.2528615157525691,0.22605634524657095,0.1720785133478552,0.17796668007490152,37.049639959070085,28.408180118867122,4.4662445237458765,4.4662445237458765,True,64.92791494985983,7.35112685538187,0.10864225415693696,0.0023804572023670037,0.0005442064727762379,-0.002727541506744709,-1,,0
2606,0.5406430215882954,0.18588643627635693,0.048485133037023745,0.19637473719925846,0.02000618224699623,0.00860448965206935,31.91394061301716,37.94188455686847,2.9622759114738857,2.9622759114738857,True,41.57541996970864,7.319837216284377,0.08100595148298113,0.0013635081921053588,0.00032570368466151183,-0.0026698264449331985,-1,,0
2607,0.1160385082508945,0.15088824196662554,0.18825077184114447,0.30828776477216174,0.13507956695116044,0.10145514621801324,44.61961882031628,26.990307740823603,4.996487787885761,4.996487787885761,True,76.11096925506718,7.417709766437861,0.0820426121315334,0.004234681879002209,0.0006025693240616421,-0.002481280051559626,-1,,0
2608,0.06839039205281722,0.5130232422229557,0.007388737147678209,0.04660005129914114,0.0374913374952504,0.32710623978215736,32.84410408028401,27.1245388946017,4.919212506581452,4.919212506581452,True,59.93974687743644,7.243022759814995,0.09782614875836355,0.0013528122822761687,-0.0001350014755563601,-0.004326544279552367,-1,,0
2609,0.2422871885295621,0.1306884889688461,0.2506822239589115,0.0681004043440819,0.2909224747609866,0.01731921943761195,33.51087936099443,49.624990934739806,2.7199322517630877,2.7199322517630877,True,40.51195500283706,7.313529532196894,0.047161723315064664,0.0010890869428765134,0.00027242634699032876,-0.00308551532481321,-1,,0
2610,0.4379989910776169,0.02489473838153707,0.25710982354689965,0.13532084927266286,0.013525229125749133,0.13115036859553444,39.135565150186814,24.367377968423668,4.680313329583151,4.680313329583151,True,57.88801797295752,7.332218208797083,0.08575555155983758,0.002394566578657108,0.0001260056039368848,-0.003296243542749646,-1,,0
2611,0.0831919893478897,0.03765453259273461,0.33166307971319453,0.39061416021958323,0.061671955133482156,0.09520428299311572,32.430047476534455,27.231876989762227,5.024770734103108,5.024770734103108,True,76.11706335314234,7.302855239667247,0.1295054021058188,0.0015186607121913413,0.0002491241265509205,-0.002847149849966382,-1,,0
2612,0.08558549503925222,0.30321130175148886,0.07263371647993801,0.02259586209688046,0.0013377779881215749,0.5146358466443189,25.734243751608993,31.11265608085,3.8650391680491443,3.8650391680491443,True,48.71500933820253,7.246593236530139,0.23249831793589326,0.0010524564109940465,-0.0002275761033052724,-0.003257271824066822,-1,,0
2613,0.2417822972197127,0.11059147954360447,0.31328485369573866,0.10452781694794869,0.06711561365165296,0.16269793894134255,41.227619030455294,36.42271172830043,3.489950351338685,3.489950351338685,True,50.36176258869254,7.380364187397802,0.06420336673731213,0.002903090444496387,0.00044085947500435853,-0.0029049616173006812,-1,,0
2614,0.5260387118249172,0.0682463023168192,0.08895453834848081,0.13529438508512143,0.1381474821719638,0.043318580252697574,28.96841693523083,39.1213696551348,2.846240486086127,2.846240486086127,True,38.994511950447,7.298386919506908,0.08844032435077244,0.0010731334091437503,0.0003042366531705715,-0.0027252793370622697,-1,,0
2615,0.28399508728008094,0.47685697969779683,0.1303901093774839,0.01785438326939024,0.004216257103986055,0.08668718327126199,39.3891721266406,20.501568625959884,6.500434210725254,6.500434210725254,True,65.285553846012,7.185410477908345,0.05619402866993293,0.0011742765344505807,1.4366700392200579e-05,-0.006205662036020386,-1,,0
2616,0.31051869241281727,0.12593577834914377,0.0505461465160146,0.19621441273289886,0.07074197733187303,0.2460429926572527,37.4574931371387,34.43796132487745,3.3122369277420147,3.3122369277420147,True,50.06720169585718,7.396931670246798,0.12726759594394388,0.0029976714209087457,0.0013593320202314524,-0.0020270502016550927,-1,,0
2617,0.3403102335832499,0.08309756637426517,0.09025630204748614,0.1539220949409888,0.3262488528291233,0.0061649502248867375,28.896770090230454,29.43878015071221,4.202790232711604,4.202790232711604,True,53.70413835606485,7.247124224367937,0.08999977773224269,0.0008261482837409345,2.535426256993603e-06,-0.0037465311784454568,-1,,0
2618,0.4028538754156711,0.07240258304489242,0.357940726128449,0.09141199249613623,0.008271049182139294,0.06711977373271209,25.88290297784614,26.623767904068263,4.571985092566718,4.571985092566718,True,49.741189974892855,7.165687655447597,0.09694833326185581,0.0005407800114620762,-0.00018836571438193467,-0.0047942021263742895,-1,,0
2619,0.2564218731700646,0.0439421091672561,0.22595695849597996,0.407423861215745,0.045256399879999895,0.020998798070954488,34.1989747387305,49.590769335297786,2.548584323089985,2.548584323089985,True,46.1718477237967,7.393462485161103,0.09095162374823161,0.0020286493855848717,0.0010716354921712335,-0.001451735041020378,-1,,0
2620,0.41393178880146453,0.3055122891372821,0.013039959269925062,0.2258154379937773,0.0006894269409889955,0.04101109785656185,35.11840026849729,29.932952964883622,3.975676096116054,3.975676096116054,True,53.89801961951561,7.3189758078265665,0.08374669439724748,0.0016868067785815672,0.00018656315742496054,-0.003085834760379044,-1,,0
2621,0.4636634091756283,0.07208549293222472,0.10389091521288847,0.06236484202656967,0.28928820380235515,0.008707136850333558,36.17587167448336,17.440174813309646,6.729028863731324,6.729028863731324,True,65.98634479792604,7.218932214413871,0.08216049196689673,0.0011684180036712244,-9.300502434664605e-06,-0.004540654271443435,-1,,0
2622,0.085639202642448,0.17212211364813043,0.2658677080803543,0.02787042827314352,0.22049542535896116,0.22800512199696263,27.943277653718887,37.09418516460434,3.67471036145469,3.67471036145469,True,48.76890159038471,7.233782121735817,0.08309106685296791,0.0008077947866103919,4.662350456122088e-06,-0.003961115523959829,-1,,0
2623,0.25280082755974853,0.03741405226822488,0.1523064683204463,0.32489873377574696,0.22609534037765033,0.006484577698183244,32.915336198115405,21.59626512861903,5.891738738316778,5.891738738316778,True,77.7607861550357,7.275942796355115,0.11852413892616809,0.0013245353280638302,-0.00010830009033968096,-0.0033154145466627615,-1,,0
2624,0.20809966466873547,0.09983809296571244,0.056656769270921135,0.40096323886155966,0.21695168824857328,0.017490545984498018,25.627832398397953,43.8420198871393,2.9211404574583253,2.9211404574583253,True,49.845592754697236,7.311556001323165,0.1330018287139885,0.0009246312777649745,0.0007060128906640502,-0.0018941281378981225,-1,,0
2625,0.18881161019056505,0.11368542765016397,0.005010058411794757,0.3065766343408644,0.19222056706587656,0.19369570234073524,25.646577316896654,39.999324963332775,3.030235659889618,3.030235659889618,True,48.948731193426376,7.313353585945036,0.2065275661529805,0.0010991923179615184,0.001494109316523318,-0.001959483526321521,-1,,0
2626,0.03906181390225618,0.000990084900577949,0.01986419458007115,0.7046880482141152,0.002907998867867772,0.23248785953511178,32.63977117997162,33.947512420186,3.5824358661086433,3.5824358661086433,True,70.33590041442547,7.39238815987212,0.875938531113008,0.0028281186921980113,0.029689384606223817,-0.0022332355967070346,-1,,0
2627,0.4489266564474978,0.007622755057829925,0.10232110525585902,0.2752167051003127,0.05282057088423224,0.11309220725426822,35.66776001669895,37.82470779816575,2.9164366707954796,2.9164366707954796,True,45.83227181035694,7.394268655439935,0.11715966521431075,0.0025063547607290767,0.0012325499216998977,-0.0018197885456803838,-1,,0
2628,0.47771942503960113,0.03704939521840019,0.16197648366539097,0.18440079036358809,0.09601760507253633,0.042836300640483486,28.909865898902932,27.454357897302568,4.148560061195001,4.148560061195001,True,51.402350330457566,7.2571003813589385,0.11122482787120631,0.0009633840098175304,-7.053773487943501e-05,-0.0034198291144713735,-1,,0
2629,0.14010194089662437,0.03122410045459286,0.2967078467076647,0.27274819382639337,0.09583046558684293,0.1633874525278817,33.89309940582791,18.639165963178513,6.96488073662951,6.96488073662951,True,85.83070106972386,7.250528035207896,0.13800956446914434,0.0014948804718324668,-0.0004271855229689612,-0.003611451966259653,-1,,0
2630,0.35460963115131033,0.12490158255785344,0.08659447137024497,0.20339164663366022,0.030543620210135916,0.19995904807679515,35.1949834663716,14.53726045463998,7.841780681433464,7.841780681433464,True,81.80566987423735,7.24974715803887,0.16503543924119413,0.001658528392432613,-0.0006159149633779497,-0.0031916017403666114,-1,,0
2631,0.28606713791001326,0.021857742222697728,0.088445468731611,0.11783944113724948,0.19685080587389703,0.28893940412453156,34.71084817710275,22.463962195022273,5.054337193488891,5.054337193488891,True,62.60380493181629,7.314190999059186,0.15800189741465842,0.0020441322550634224,0.00018936228515654166,-0.0030245386095456377,-1,,0
2632,0.39595038033200713,0.053822992683611494,0.316132473856111,0.1468457367427262,0.07403376239579346,0.013214653989750684,34.0449258416307,27.349974377726966,4.4988674836807805,4.4988674836807805,True,55.50725747773812,7.261472652456902,0.07118029917403512,0.0011799976639226457,2.2488600023834443e-05,-0.004068363353620569,-1,,0
2633,0.05381472668182444,0.22543999521832697,0.19674016683923068,0.13076779423552126,0.12903032642030549,0.2642069906047912,43.15866245637186,29.59742399825851,4.548830355853403,4.548830355853403,True,65.38541243786892,7.388095868360714,0.08065771182593931,0.0037702406347150923,0.0005270100308626974,-0.002951032858158911,-1,,0
2634,0.088654069742614,0.16535475126127427,0.009973783241532669,0.21811151428713504,0.5048388647295363,0.013067016737907862,41.36997807753749,19.02609571646861,7.399444078118803,7.399444078118803,True,94.20734296726417,7.303463503813803,0.07292411473517614,0.002153277037492846,6.497809642339549e-05,-0.003878538854352725,-1,,0
2635,0.20580565148325697,0.1557128667615759,0.09423737646874168,0.3306723424790443,0.1284730395809863,0.08509872322639474,33.41495589642987,36.74799548299724,3.4657644522559075,3.4657644522559075,True,55.96532435772051,7.355573878663828,0.10900908153692904,0.0018179454100876126,0.0008063755941243099,-0.0021506632044549696,-1,,0
2636,0.6268286671533168,0.001205562456804465,0.17801938145297366,0.025194808079089377,0.011229449149480274,0.1575221317083354,41.76334068218792,32.63659647196621,3.1743484045574286,3.1743484045574286,True,40.4999440871916,7.396938990093246,0.07365501718888263,0.0033932192832096145,0.0005428231709248424,-0.002708153082403072,-1,,0
2637,0.18694861429487777,0.09582216056604377,0.16002041447451207,0.1223796250454268,0.3001014854283663,0.13472770019077346,37.80145339186157,17.090683104677925,7.559125580755847,7.559125580755847,True,82.90671422900428,7.238257580654492,0.09162812046031675,0.0016137159120221812,-0.00017754012095596598,-0.004306772583280219,-1,,0
2638,0.07217720385034403,0.21256968927137457,0.4651602815006111,0.019035195590453965,0.001436785235938216,0.22962084455127807,25.744120764668786,41.667525807092645,3.4172628265501577,3.4172628265501577,True,44.954249235833586,7.191855309135134,0.07228647431730514,0.0005677157017889103,-0.00012946416414061598,-0.004431123691024505,-1,,0
2639,0.16053880498246667,0.12375835999255042,0.011124308512299735,0.30623260867012764,0.0656592660505491,0.3326866517920063,43.751246418131906,48.54085456236706,2.4055922338251263,2.4055922338251263,True,44.49464303565425,7.510845256858526,0.146710711449688,0.006409707314183438,0.00386781455582209,-0.0008420950201612742,-1,,0
2640,0.10256013517857436,0.029189538853493353,0.06445645816614079,0.1919791234954506,0.49313986411967525,0.11867488018666562,37.32514583204989,25.145490907491737,5.2511845158952495,5.2511845158952495,True,73.48573964662712,7.3368616155027055,0.09891673025086624,0.002152118565188394,0.0004081041213480888,-0.0030872212153174833,-1,,0
2641,0.4025046926577767,0.34676509382455983,0.16335726713884408,0.06247529351833584,0.011102191542548366,0.0137954613179352,41.66479081928104,18.188798373416496,6.946728727426297,6.946728727426297,True,68.47959689842723,7.2179136877501024,0.05687646694764879,0.0014537791703419657,5.717503291082732e-06,-0.005452403374428994,-1,,0
2642,0.3535414038328239,0.2548889542430399,0.17237650079589364,0.05187441984954573,0.11760339556473616,0.04971532571396052,33.58784654859364,24.280691960024072,5.207656765622026,5.207656765622026,True,56.57376924891493,7.203869380505146,0.06796921586837389,0.0009110940810911618,8.065869729710355e-06,-0.00515691464618766,-1,,0
2643,0.40957947653995375,0.1702384864957648,0.11569949829741068,0.2025747610779838,0.09545286891443239,0.006454908674454589,43.253999814833634,46.79109661449095,2.5766571240110636,2.5766571240110636,True,41.09816338445334,7.444828371799412,0.05630412588761399,0.0036024729213048534,0.000673527187098201,-0.0020091053604912126,-1,,0
2644,0.31581133903513764,0.2930815493301767,0.03536626432387941,0.053573366844983795,0.0698037069878816,0.2323637734779408,34.643855793166054,19.81313464896227,5.976784857177072,5.976784857177072,True,63.00689524306771,7.2376655399146665,0.105730714082588,0.0014436907227143364,-0.0002138609770301169,-0.004232898746367252,-1,,0
2645,0.24531529103030902,0.02124248681646725,0.09632883492293344,0.16304259829400172,0.06024808160440068,0.41382270733188786,42.69831326368964,15.536111960648075,7.092872865570383,7.092872865570383,True,83.79795639457872,7.366958828020477,0.18459390395911238,0.004318056563773513,3.0486456455034983e-05,-0.002382633043508337,-1,,0
2646,0.1908563306817253,0.02215528916849947,0.1813399179241663,0.17731535041943106,0.2821193326064046,0.1462137791997731,26.086205517214147,38.17716134200313,3.3141098516606995,3.3141098516606995,True,48.523848616319746,7.274623389578922,0.11938657074510564,0.0008702163992827337,0.000230219108721675,-0.0028055956903734356,-1,,0
2647,0.1737688433256592,0.04183989355674142,0.31682794784900875,0.29650422987317804,0.05931638159729393,0.11174270379811875,34.06572149936306,43.53459550412338,2.996537873821118,2.996537873821118,True,50.14937760083425,7.363802216755917,0.09006005025811523,0.001876555109906995,0.0007764896760203036,-0.002037079162833203,-1,,0
2648,0.3061903114873983,0.07744286061925958,0.14105308680554743,0.39223432043677914,0.060698610559352044,0.02238081009166358,26.492592623386237,42.0430453043137,2.9137762512905283,2.9137762512905283,True,48.0487565534732,7.310467987252954,0.13058091308446354,0.0010053192434727582,0.0005443171428149161,-0.001999598797509061,-1,,0
2649,0.6579359187152684,0.02971800502938242,0.03404217899329516,0.18540262751037487,0.02352472298963763,0.0693765467620415,34.2263150346206,18.851651587226073,5.433169824853872,5.433169824853872,True,59.50161163445713,7.292250954121794,0.1357959100988239,0.0016148661654350202,-0.00011086318109443446,-0.0030711646909107456,-1,,0
2650,0.23247633263199893,0.1237771136000835,0.03231370206869938,0.12574461097870596,0.47192974830100615,0.013758492419506028,25.70779084725957,39.08593984687762,3.346333047651603,3.346333047651603,True,46.82075423996043,7.247562553211601,0.08130640158274459,0.0006156510030129824,8.37517392468838e-05,-0.0033715661058092,-1,,0
2651,0.11435674322741636,0.05663876492004698,0.28903700649331154,0.23957423323998783,0.08295854098441313,0.21743471113482415,29.203303249846233,36.256684946429345,3.5728434173201578,3.5728434173201578,True,54.45330541790595,7.301424251203554,0.13358380158613054,0.0012748634899461466,0.0004841930521752898,-0.0026122423850196965,-1,,0
2652,0.25819197771226793,0.30206205684962484,0.01594997280392024,0.0016879119883369787,0.0005732017268286154,0.4215348789190212,40.395079089284785,20.73684871845144,5.493279872544085,5.493279872544085,True,61.98816658138047,7.32691471414273,0.1169063816444433,0.0031066652584154594,3.396692122169573e-05,-0.0033969775945359966,-1,,0
2653,0.24249023703807382,0.2989149494019766,0.0843182052981244,0.019683246336308344,0.031016421953038387,0.32357693997247844,41.77259966729706,32.429151453030556,3.6955958740510586,3.6955958740510586,True,49.70210642483615,7.384866833069366,0.08264762123242622,0.0035524902351566972,0.0005761513803188539,-0.00288436752085812,-1,,0
2654,0.4546400009017629,0.07273023452753105,0.1477123947018313,0.028351424299021682,0.07958372973751741,0.21698221583233548,35.09330555694344,48.74219243611022,2.2595878733022134,2.2595878733022134,True,33.1218136925486,7.376340873146407,0.07879898784684576,0.0021906431733163395,0.000881591402013141,-0.002090789256366387,-1,,0
2655,0.3803284354098212,0.012597881999192024,0.14865808227870753,0.14286430014191634,0.0120762462210733,0.3034750539492896,31.690115198813416,45.63117145906784,2.3771499985864466,2.3771499985864466,True,37.03711117799529,7.371195566735106,0.14125588598800234,0.0020014079596047635,0.0017822736933285406,-0.0017347496939277328,-1,,0
2656,0.07118882366193331,0.02033779521086385,0.3463852491631807,0.27849981395314005,0.26562881911239805,0.017959498898483972,39.39375762129208,47.14112543408956,3.0702412618397776,3.0702412618397776,True,53.44156046666213,7.405933084669984,0.05607011449162728,0.002316244107185287,0.0006173506476440374,-0.002092536716941872,-1,,0
2657,0.3320286656598855,0.003831356507732346,0.16664225761299978,0.2503552507522521,0.22363698712777666,0.02350548233935371,43.15604105524919,49.641192201042784,2.4566709862652827,2.4566709862652827,True,42.10366759431226,7.469560688522,0.06457427326409196,0.004010406582159679,0.0009913958319593093,-0.0015388120419401509,-1,,0
2658,0.24274908181444896,0.24527158618189296,0.23482969122309366,0.08208121924456947,0.05140031597494031,0.14366810556105475,27.63353504074315,41.8406556836638,3.0952021672574843,3.0952021672574843,True,42.32145242740187,7.24769461894896,0.07477200840757238,0.0007910250795145967,5.311251863224082e-05,-0.0034841613696017285,-1,,0
2659,0.20782841387000864,0.1162385902467885,0.08610402605699716,0.24086972159396594,0.14636447877570385,0.20259476945653582,41.089887098950065,35.77494112713947,3.404393293774654,3.404393293774654,True,54.65068551201823,7.433672116219792,0.10713633084366263,0.00395180389541145,0.001396782930097822,-0.0018307681976860505,-1,,0
2660,0.5217198852668271,0.17690565015761867,0.07547432984952994,0.1820097003451863,9.933213225310775e-05,0.043791102248584866,30.57721916476404,48.605930865132606,2.3115275618185196,2.3115275618185196,True,34.84065831888024,7.332160176330395,0.07748248487290463,0.001326464654019193,0.0005005543468873525,-0.00217962786328145,-1,,0
2661,0.1769446711732427,0.17479440930066897,0.15059492519147605,0.36855458007422787,0.08354074925093233,0.0455706650094521,29.08844275780419,29.98301513433756,4.413195467165132,4.413195467165132,True,65.62090607354968,7.279539918678812,0.1248995041370559,0.0010709658223056182,4.023502223181832e-05,-0.002933944938516027,-1,,0
2662,0.31474250420622457,0.06485528922609825,0.19561887788135213,0.21058625760587757,0.1433836304435443,0.07081344063690317,35.429742256383726,16.473173793441553,7.451933143916906,7.451933143916906,True,81.40778113589363,7.234513948196586,0.11022716608175703,0.0013778134594333324,-0.000278809661332694,-0.0038638554383559863,-1,,0
2663,0.6815966084306151,0.03836707204485859,0.1562225409238356,0.06361818011805061,0.05686434529632856,0.00333125318631172,38.86195557693422,43.944619851625475,2.42097708152963,2.42097708152963,True,33.39634763663486,7.385115160231441,0.056290873865718745,0.002413983205991316,0.0005293490746824319,-0.0024954426049903907,-1,,0
2664,0.27940087056003576,0.22456255822272506,0.010896725948580373,0.26941689662567636,0.09374136052121415,0.1219815881217684,31.987928501647993,38.376832343968005,3.164568476380177,3.164568476380177,True,49.31776793490176,7.34453975730245,0.11256300036897962,0.0016485709808644184,0.00076249257126873,-0.0021984248191449464,-1,,0
2665,0.06775200216140316,0.14403960017666567,0.19126780031290044,0.12238139827906672,0.24096097440148617,0.2335982246684778,28.135480162956995,43.837960058115144,3.051556262628645,3.051556262628645,True,46.54877072965547,7.294228238928214,0.1001601518044517,0.0010592633138371314,0.0004381301234419125,-0.002676035810417287,-1,,0
2666,0.1446505722400518,0.4155946736322138,0.04791916394667696,0.134703537930256,0.012627294685979729,0.2445047575648217,38.83718947944664,30.233243862261034,4.299769345758304,4.299769345758304,True,59.41795606172085,7.341952525495881,0.08454680385101009,0.002531507767441178,0.00033587652479801004,-0.0031958423694623127,-1,,0
2667,0.055222545943047444,0.7625360702427855,0.05709725145390027,0.023257189997924164,0.02003212725546617,0.08185481510687627,35.62998663664757,38.259588744027525,4.151949332244687,4.151949332244687,True,53.591598022656235,7.211081913034098,0.04084533397367364,0.0006998364116730304,9.628532101015208e-05,-0.005952685904546797,-1,,0
2668,0.02110307629318741,0.09478211535116639,0.004677980319472635,0.225218220760511,0.02490380329729878,0.6293148039783637,34.77480998672874,34.013055680708675,3.301521812819948,3.301521812819948,True,54.08490817129632,7.396010498378752,0.6031260052524123,0.0034642142940802152,0.017407033163012037,-0.002233075983899223,-1,,0
2669,0.21933630887486577,0.10391732685978279,0.03828430014744921,0.2609425667496536,0.3058294166067586,0.07169008076148989,29.618020388227542,25.14026385954521,5.023939333394763,5.023939333394763,True,67.25209678220111,7.266143439929942,0.1338753901538935,0.001079319600498727,-7.8227409024241e-05,-0.0033042933658178827,-1,,0
2670,0.0797559363526805,0.04754967127017828,0.19721312361286533,0.6200003417254051,0.05332232458810147,0.002158602450769446,36.9515052186728,17.37148248939561,7.850823358303096,7.850823358303096,True,118.53214258189982,7.342779263451469,0.20260297542468042,0.002497681005804216,0.0007699424175577323,-0.002068308611747495,-1,,0
2671,0.07817414453678938,0.06485365405932422,0.2828282123200744,0.04568227692184756,0.342433466298103,0.1860282458638613,41.93079195846744,33.16175815414199,4.1383850169209655,4.1383850169209655,True,58.567808245075234,7.369008287382674,0.06097890946796165,0.0028002068464439895,0.0003886863399128005,-0.0033603127023612376,-1,,0
2672,0.15921111261623405,0.32895720448054006,0.4528759315151601,0.010940741932798669,0.0012172970152984817,0.04679771243996843,33.06097565340542,19.99298694607272,7.4967719974623765,7.4967719974623765,True,68.9442894506929,7.01338958506582,0.06487209224560073,0.0003411658851549815,0.00017599235821395145,-0.009456216609454336,-1,,0
2673,0.09822553375600675,0.037792223517620654,0.0009936860794564312,0.2909364630642502,0.01374819141877086,0.5583039021638951,33.73689398379269,48.304493036869694,2.268633667742199,2.268633667742199,True,41.8319116069889,7.428721572924385,0.4572899661585421,0.0033697758630429724,0.01602868168057754,-0.0015933615018469292,-1,,0
2674,0.37775684525967007,0.03149054162766955,0.008029401708459404,0.2708004765578034,0.23673990406147777,0.07518283078491966,35.18418579487241,28.77958126799441,3.9879620219599787,3.9879620219599787,True,57.96680800471479,7.361998398447641,0.12381614743952041,0.002142586065895408,0.0007184994173183014,-0.0023473467527937377,-1,,0
2675,0.24284960622464713,0.04604779280829575,0.0037795633320434657,0.09366651783540006,0.45666042420359987,0.15699609559601363,39.925476270006186,25.161882833276266,4.823464737895464,4.823464737895464,True,63.516806216401804,7.361494253907708,0.09080118129333803,0.0027426781279565253,0.00040010012629049815,-0.003057756013995661,-1,,0
2676,0.5182373721628263,0.06491149876065351,0.054654162840087395,0.07906143519841492,0.08306390054667684,0.2000716304913411,33.54847899761588,23.477909262864763,4.510233497047023,4.510233497047023,True,51.74249307101929,7.2978532661218765,0.1263847770092073,0.0016636185287894172,0.00010743232503327601,-0.0032397113425213582,-1,,0
2677,0.20247774851251904,0.08418985163802883,0.484502886194076,0.19326840141104878,0.0267271237267812,0.008833988517546234,28.01839510658783,38.552368568106026,3.635222057015931,3.635222057015931,True,50.988492796148094,7.221533117452716,0.06520903094427163,0.0006117409279283384,-5.268699564860772e-05,-0.004085142182177015,-1,,0
2678,0.19931259402402998,0.03568271308641225,0.3364565983119462,0.13562566605123014,0.2768447817533834,0.016077646772998135,42.460618277672474,46.22370596971062,2.962713491027856,2.962713491027856,True,46.882688153684455,7.411615809413522,0.04571714055348905,0.0026351095846560754,0.00045209280660434096,-0.0026068646514989264,-1,,0
2679,0.004827335927540695,0.2468892939161895,0.3231292980005591,0.28748265544411783,0.02720747924357211,0.11046393746802083,42.61605876075559,28.071352097519714,5.3075268001095255,5.3075268001095255,True,79.59835450032645,7.359877367778918,0.06687942891154888,0.002936911206597584,0.0002934353511747973,-0.0033029706227596365,-1,,0
2680,0.0961258663476362,0.0794485844007358,0.08478800727099804,0.132183170627508,0.48547905897552474,0.12197531237759716,30.681323844063925,35.516949984032934,3.791892956540733,3.791892956540733,True,55.218118080748624,7.296809032160315,0.0887988668160166,0.0011416047827174656,0.0003453492113367634,-0.0031194092420530795,-1,,0
2681,0.07426434111825533,0.23208912306871318,0.4423871611436245,0.044382287697785246,0.08776631505627028,0.1191107719153515,44.09409823812064,39.0820259267442,3.8192596717538674,3.8192596717538674,True,54.39400353613262,7.357036935969997,0.04068882569291178,0.002366305094787528,0.00022687524128527797,-0.004088198361438083,-1,,0
2682,0.31541012212612596,0.2851826113377419,0.3275493476880779,0.003519979648350193,0.03483001964317301,0.03350791955653094,34.896971231803136,37.55234298053793,3.5716128838479717,3.5716128838479717,True,44.362452779883306,7.243881456009553,0.044888165406202836,0.0009202365423974097,0.00013547422345411986,-0.0048220977590062355,-1,,0
2683,0.15169267050604462,0.11607771150925436,0.020083717890001598,0.4952630803772931,0.18638632656623352,0.030496493151172952,40.45075824908794,46.77077045312283,2.7692257089610566,2.7692257089610566,True,53.79561220669312,7.476135898102547,0.10670318786599686,0.003976450230938237,0.002187968144644613,-0.0008805902825665649,-1,,0
2684,0.37087705222275974,0.07990327172195986,0.18815650386166105,0.15686511087652458,0.06893376344286722,0.13526429787422758,40.26431507944308,27.327622225436222,4.289075387275313,4.289075387275313,True,57.314629632749934,7.363958990373438,0.08391841411862075,0.0028223381909247857,0.00031847831014932205,-0.0029560427232038344,-1,,0
2685,0.24969962053269013,0.18276653127464032,0.30978949235173137,0.021453798888995793,0.04293864987361577,0.19335190707832664,30.47213036930968,29.99526658918365,4.24863454144251,4.24863454144251,True,50.03277080364366,7.217697635157559,0.07892523874725893,0.0009152896429642565,-6.22858385588373e-05,-0.004559929086493195,-1,,0
2686,0.08695690135641938,0.5609937913572762,0.16909244078189736,0.1412124756088821,0.029096183234214507,0.01264820766131064,31.563558892109434,47.71058370751256,3.2656903996046935,3.2656903996046935,True,48.203290086606664,7.244488941279867,0.04380945049539368,0.000616437027956886,8.439891947912403e-05,-0.0042342129110828275,-1,,0
2687,0.3066195910981809,0.20866827923713197,0.0996148869148043,0.13750406851674404,0.07629803919472508,0.1712951350384138,35.15931686899924,28.882253438560333,4.165679730539316,4.165679730539316,True,54.87851981691747,7.314251863694746,0.09436185844053101,0.001816238194081877,0.0002183222928294189,-0.0032230285680999683,-1,,0
2688,0.28170627515884095,0.3094665834004735,0.12999528942998642,0.08106416282625037,0.04192453055183857,0.15584315863261003,31.963924363097256,35.57627961166401,3.53038873275372,3.53038873275372,True,46.608799886491106,7.277037929531052,0.07516185770608917,0.0012035755583145774,0.00013627995741685885,-0.0035622705751484312,-1,,0
2689,0.05206857951374287,0.19951408006454835,0.028833672721760857,0.1468172044059453,0.037923031399502594,0.5348434318945,35.40102557241896,15.161956915930261,7.745066257292081,7.745066257292081,True,87.20652392650058,7.269304936734286,0.3167483746589917,0.0023204777261620446,-0.001667478017092745,-0.0028767515357907125,-1,,0
2690,0.31419414229363113,0.11087710478964324,0.22524161516311836,0.1951435167676686,0.06952643870677495,0.08501718227916373,42.384156216609895,24.360513285751935,5.071945339991505,5.071945339991505,True,66.80807321726391,7.357956133463597,0.07349985116955869,0.0029631986585586805,0.00015868901777815677,-0.0032629181130953604,-1,,0
2691,0.06375992345318486,0.04268535290541302,0.20479041617866048,0.3240009400907492,0.18991316724222637,0.1748502001297662,33.651568599163085,18.226682266543165,7.265719066546389,7.265719066546389,True,93.96020869782741,7.265505741308883,0.17116326275445662,0.0016238324540129244,-0.0003978266186222953,-0.003243765268499953,-1,,0
2692,0.10106229112996662,0.023688221729469633,0.464704344440884,0.13317553376131455,0.129798768496668,0.14757084044169722,36.06796415235778,38.082202497143314,3.6506598330800246,3.6506598330800246,True,54.1411637146287,7.321533509709118,0.06423157836215021,0.0016692277736839788,0.00028698442981621675,-0.0032847460569901733,-1,,0
2693,0.5148217293158045,0.06578323600860896,0.017494299685314553,0.10215305012446156,0.15291491398296633,0.14683277088284385,44.46663819398756,38.15270968081427,2.813418332515484,2.813418332515484,True,41.124885028862636,7.460520021047795,0.07777621430485776,0.004795691637112708,0.0009676415228597073,-0.0019844230864397836,-1,,0
2694,0.07610551651469373,0.02801209735256408,0.31338392998834147,0.16953370859164002,0.12617078785484312,0.2867939596979176,30.685973688230348,18.178990200558644,7.119711621198518,7.119711621198518,True,80.62752918274855,7.198763717432394,0.16928082623144627,0.0011250228040164249,-0.0009656874105270438,-0.004155716513513217,-1,,0
2695,0.12928497884934376,0.30122455241573365,0.29841078602110077,0.003424072530218398,0.0756672037138462,0.19198840646975726,30.921758373091958,45.0290300666577,3.083375664420392,3.083375664420392,True,42.50191000925043,7.258751371630479,0.057232019955124086,0.0009316631352388456,0.00013728975909170903,-0.003799726027297839,-1,,0
2696,0.37608177264995074,0.2437609549854956,0.03902929645664841,0.059218067227341936,0.06809400954848621,0.2138158991320771,30.827803463919007,28.512845382289427,4.034548636390309,4.034548636390309,True,48.37014249297688,7.267569496448303,0.10764478446796556,0.0012316635913319019,4.805735769601042e-05,-0.0035658100318802744,-1,,0
2697,0.03449597533040873,0.019911334400768088,0.5676363430698108,0.1968795753730696,0.06489936710582545,0.11617740472011712,39.11476108484465,44.879594548955424,3.292615941304105,3.292615941304105,True,53.774291916211176,7.367877532610079,0.054109759343323266,0.0021228235035058766,0.0004186138040080477,-0.0027714054605700433,-1,,0
2698,0.10615560780604645,0.22553523547962984,0.2258945809635872,0.16529225149131443,0.07335888974604494,0.20376343451337722,38.17142324692208,40.12436786137691,3.3444580843235054,3.3444580843235054,True,52.05829401356403,7.3726936318176435,0.07579629661491272,0.0024819807602862592,0.0006339951388890783,-0.0025363010180150265,-1,,0
2699,0.3865276931351423,0.1427786186736289,0.14925143480453534,0.26841738015494665,0.023757721600187312,0.02926715163155946,28.46653592591911,45.09631310764555,2.6629478757959,2.6629478757959,True,41.47911414404822,7.309903906572931,0.09001921347443517,0.0010699933010559174,0.00035916166812202443,-0.002289066577273177,-1,,0
2700,0.15588361192735345,0.03963950857117754,0.40649657658686694,0.22488562371267168,0.04991899948668186,0.1231756797152485,44.52488580681339,18.06559701816644,7.409525118242053,7.409525118242053,True,91.16100886558137,7.320458416111095,0.0742720417077527,0.0031223553507411677,-5.122188937097062e-05,-0.0037053883997743586,-1,,0
2701,0.636764149697686,0.00738389310371241,0.0354609945363235,0.025102792142399563,0.0692834822801207,0.22600468823975783,27.73303940155953,35.040836004071465,2.8372633189019982,2.8372633189019982,True,35.09239047324885,7.300863812188694,0.13574601598878092,0.0011886966202585753,0.0006356967438163916,-0.002642213608211956,-1,,0
2702,0.28847980201392803,0.068636962467689,0.15195907049724816,0.3126105120982732,0.03374510193645688,0.14456855098640478,37.02242234431752,40.35940908888942,2.9462387363860363,2.9462387363860363,True,49.166232369875516,7.409034466868006,0.11338729684931954,0.0028511002784599006,0.0014253187108342472,-0.0016610401135898987,-1,,0
2703,0.2606277182279499,0.12720812796283107,0.36319702923029806,0.0774649889907155,0.09013127625458334,0.08137085933362227,36.13734135879884,42.547134827258425,3.0977976232247904,3.0977976232247904,True,44.27945572606851,7.320009046406146,0.05217247102012196,0.0015059263285150132,0.0002615001101272506,-0.0033391069645728943,-1,,0
2704,0.20008646795197596,0.1956837498345629,0.43179846477244616,0.12246448498222821,0.0017837820092659609,0.04818305044952062,28.221740228483704,18.307290070826994,7.672331551630652,7.672331551630652,True,72.47390752320078,7.048469429613748,0.09975279699491277,0.0003805761040595891,-5.7595188807862994e-05,-0.007038324507467531,-1,,0
2705,0.27967475971531364,0.010581919719000337,0.06415951140333967,0.23346397505279,0.024659023963051915,0.3874608101465044,25.048227948633553,30.985366255811524,3.4915628025356216,3.4915628025356216,True,49.70833511836973,7.286995317523572,0.4758273300194216,0.0011685359375823838,0.002893436160186302,-0.002301525062606638,-1,,0
2706,0.09012802382655219,0.2586362283397494,0.28942730065001515,0.22348509712478712,0.10626302714320851,0.03206032291568762,28.893633937239017,38.969703029075966,3.7853887004931397,3.7853887004931397,True,55.748391021630596,7.239965588322103,0.06623796536190771,0.0006925120950147275,-5.76989225687292e-06,-0.0038689379056771615,-1,,0
2707,0.20696124609096878,0.30603888224451786,0.3744065016543004,0.08834958467552542,0.0013228130746859377,0.022920972260001487,44.244277112352115,18.35021955996281,7.815192480815929,7.815192480815929,True,81.53149772537401,7.194251324355852,0.048627745202697074,0.001409228801331534,-6.728056963317896e-06,-0.006577508736623975,-1,,0
2708,0.26676253095676855,0.02078549553627169,0.0022066211765194104,0.3472585970436514,0.3628160073951416,0.0001707478916472129,37.981940235270656,18.473378458340456,6.688268738769754,6.688268738769754,True,88.99975858743349,7.334108963691443,0.1234510605468414,0.002252989694366369,0.00014355206139242052,-0.0027201374481259813,-1,,0
2709,0.248829185445594,0.15954199105219408,0.3602951166325999,0.121374951385372,0.021482381756531443,0.08847637372770852,25.36013717959408,40.342167768583394,3.275355869849331,3.275355869849331,True,44.083116491496945,7.213192910426287,0.07681888133897134,0.0005738193523856753,-0.00010108139748108731,-0.0038382472205160897,-1,,0
2710,0.3320523623067013,0.13952312928708058,0.05337253214149197,0.23136414686667262,0.18980525853612398,0.05388257086192934,33.68009353301785,47.87147446058612,2.532293845190425,2.532293845190425,True,41.331434903985844,7.372200759957792,0.07912072445744597,0.0017837324960199798,0.0007614577021281735,-0.0019142775741617926,-1,,0
2711,0.38812076775607607,0.07784124450148622,0.15231613669977612,0.09363839868768302,0.04511880791699659,0.242964644437982,35.68571764286811,16.29931475902736,6.866925346500648,6.866925346500648,True,69.59110891999237,7.25124626261923,0.13395480504383792,0.0016898649284640406,-0.00037204559526252996,-0.0036208249839065156,-1,,0
2712,0.21260313767446434,0.17315102143459307,0.14308452646827421,0.27776980496739534,0.18678527819823182,0.0066062312570412274,33.99548883594556,18.11567179224066,7.353027682966151,7.353027682966151,True,86.67590965204514,7.220860927639392,0.10118308061404202,0.0011198121260087026,-0.00024296118649254925,-0.004167122301853786,-1,,0
2713,0.5819091588156381,0.011914133009477346,0.09678782159137811,0.004320963932798803,0.21314918883043613,0.09191873382027149,42.56058545373149,37.63612723550099,2.8550267584017424,2.8550267584017424,True,38.186517621667676,7.415393811520455,0.061796413546075867,0.0034290073618864617,0.0005899496601214885,-0.0025912302156501756,-1,,0
2714,0.1985893807774819,0.15382489480849343,0.5411646405987441,0.03699220722702536,0.02126049526439121,0.04816838132386383,31.824776093094073,31.112812912285616,4.613488181626724,4.613488181626724,True,54.06218921290817,7.161513693725162,0.053391405989006414,0.0005614145611848608,3.205837355486819e-05,-0.006191046402013797,-1,,0
2715,0.2959048729087861,0.23308085136238915,0.03836975395136577,0.09430470153653012,0.15667058229096173,0.18166923794996714,38.38960376426057,41.31430866581701,2.9169485095895338,2.9169485095895338,True,43.38995356373833,7.388537130281305,0.07542562953407198,0.0026459110825454157,0.0007373677083277972,-0.0023595885514157947,-1,,0
2716,0.18720978773965757,0.14392485688660472,0.0596021279819119,0.09258334950538412,0.008082668568721143,0.5085972093177205,27.289053943397796,25.79985240690252,4.318083633628535,4.318083633628535,True,53.881053551229385,7.2664728179109,0.3695516992430255,0.001305813675081974,6.813622175546502e-05,-0.0029016189076563506,-1,,0
2717,0.15486380330498076,0.22585879267312806,0.15812895377168212,0.08765159510790481,0.2648113749397187,0.10868548020258567,33.2230627579921,27.66491145447322,4.9194193761279825,4.9194193761279825,True,61.31742939247207,7.238252478830002,0.07217904462289985,0.001054208339893634,4.990720427938827e-07,-0.0045797686216329635,-1,,0
2718,0.5250233251435492,0.08215877598588775,0.08208845891919499,0.14654827619242627,0.024424129090773173,0.13975703466816838,27.181799273549736,46.66639840782936,2.306474599617704,2.306474599617704,True,33.808016486833345,7.3147995619166535,0.1088993963696981,0.0011239380524035818,0.0006423700398651176,-0.0021089461081578087,-1,,0
2719,0.023150190200728976,0.4208151263152458,0.08339390013960789,0.1564749041930931,0.14149579688124767,0.17467008227007644,36.98291855175415,25.541421218251283,5.645615383004866,5.645615383004866,True,73.96684047993563,7.268728035401931,0.07524119585711694,0.0016368695437889073,5.556704832703046e-06,-0.004346426368845034,-1,,0
2720,0.23024204547752145,0.009837881114541383,0.0800913319338951,0.4688780108456818,0.04606378112286867,0.16488694950549174,35.13814366944413,22.56789945875227,5.203590562679029,5.203590562679029,True,79.72809246154894,7.367584650942515,0.2828837302565202,0.0026282817299465525,0.0022395528209326237,-0.0019209092652161574,-1,,0
2721,0.6119405652473785,0.06896721890218473,0.06253605471386527,0.10695115323467728,0.0525322397164041,0.09707276818549004,42.086620632891865,33.00060166274015,3.184622626372197,3.184622626372197,True,43.02077972663192,7.413044903932422,0.07597601209157628,0.003564009968651124,0.000604511439533241,-0.0024525626533500005,-1,,0
2722,0.42154137018311566,0.06924639617287022,0.3175248647688174,0.18345530184861003,0.003788390532762597,0.004443676493823895,34.89791628787087,46.435416123823906,2.6196154840754797,2.6196154840754797,True,39.792732915008806,7.344997051261858,0.0587638100034319,0.0016034853360456646,0.0003748239413426146,-0.0025486196659013772,-1,,0
2723,0.6437007811182834,0.06152680447761559,0.10763109292748255,0.1339533636911015,0.007494072844130127,0.045693884941386695,41.75959396468136,42.512075657033975,2.484566352904764,2.484566352904764,True,36.26770831236795,7.4293383227824865,0.06619345327980425,0.0035203561353923146,0.0007497148776561029,-0.002091061900727048,-1,,0
2724,0.6080066776328845,0.11479134891251538,0.04814265628087443,0.07587550426908447,0.10177759684970657,0.05140621605493451,29.512184084636885,16.12492445873427,6.677836821170961,6.677836821170961,True,58.28266373062151,7.174643091423461,0.13794926637667004,0.0007524961510758983,-2.4244503516813907e-05,-0.004183102419074058,-1,,0
2725,0.025218467057811368,0.41205537321228897,0.27376653440325227,0.12651463572936503,0.009318357684815376,0.15312663191246695,38.80193039425495,28.745690253655837,5.226137873444493,5.226137873444493,True,69.11700895110611,7.26437579465902,0.05631253330912865,0.0015775899412173871,3.134241792777528e-05,-0.004894049287452816,-1,,0
2726,0.32218147042315515,0.16287072354960752,0.17730503522957056,0.047441609125807915,0.06964518126992157,0.22055598040193725,38.67425425913687,40.42508928444465,2.9368126750006285,2.9368126750006285,True,41.97395997521748,7.378404561287916,0.07307335344234905,0.002659670577877117,0.0006402182838978053,-0.0025761236286812057,-1,,0
2727,0.1412876980165912,0.5350551470734345,0.11745236442772979,0.09531599648941715,0.024583599552078512,0.08630519444074873,30.906270146895018,21.38601732491235,6.752362918370757,6.752362918370757,True,69.71228094320072,7.099478849337704,0.07674991868183513,0.0005315242259072039,-9.121319289200866e-05,-0.006901918623948688,-1,,0
2728,0.07918717921144267,0.5802023750075832,0.0896475828239172,0.15344991030947147,0.02621000095895856,0.07130295168862703,34.81663132516367,20.941972541059894,7.182047643604237,7.182047643604237,True,80.12299445897665,7.141225592273424,0.06724029869803251,0.0007748831050252759,-0.0001062629416254453,-0.006522857481723785,-1,,0
2729,0.543724432931596,0.19863252439564155,0.04633707987368918,0.1316650860439884,0.025671281067924597,0.05396959568716037,38.34590552032399,39.86921783522867,2.7912666428236164,2.7912666428236164,True,39.66503453270659,7.3807406142701,0.0673326468620393,0.002442430435786181,0.0005411370015773599,-0.0024742166631824157,-1,,0
2730,0.2264517677326744,0.04620105484659552,0.25763743126581545,0.2233258350585735,0.04360999908451115,0.20277391201183004,34.44077892106489,38.95199062394573,3.1419153957014982,3.1419153957014982,True,49.29045099917008,7.36356135866029,0.10952007199994535,0.002121120711985756,0.0009362790530105558,-0.0021594911418283454,-1,,0
2731,0.11652462309244924,0.16540732100095787,0.4447040879678192,0.15797847152717834,0.045711489566666194,0.0696740068449291,35.208751381415524,38.51486887868037,3.767337925906402,3.767337925906402,True,54.87625563069853,7.286866270586807,0.053448531949667304,0.0012133129098542191,0.00013501975567304335,-0.003880737000898654,-1,,0
2732,0.012160413447186129,0.28357052879788713,0.12820292521695598,0.2777531285063909,0.030648796481243946,0.267664207550336,29.49936495591451,39.553721837321675,3.4136501821470238,3.4136501821470238,True,55.246304750810964,7.318634150610067,0.14785386549779952,0.0014274211517236568,0.000978247500696874,-0.0022773769083537627,-1,,0
2733,0.2883837807552865,0.2529331912741223,0.08992042768258025,0.36739568159123365,0.0005747411672591899,0.0007921775295182171,39.302480469140356,20.664228281967105,6.161009164039942,6.161009164039942,True,82.70582505756117,7.327789485189687,0.0934913714137071,0.00229563258540623,2.8640298937994872e-05,-0.003056476946355121,-1,,0
2734,0.20052070541292522,0.07601482279917433,0.16879826946607282,0.3208284891168882,0.14401851335137458,0.08981919985356485,36.1194198208035,44.21246671497607,2.88267833401183,2.88267833401183,True,49.702138427075155,7.399664526271163,0.09297918719294579,0.002390891104084299,0.0011188018546904527,-0.0016928018427805043,-1,,0
2735,0.06358109469535426,0.33466874825322845,0.059650933180028086,0.40267187632785256,0.012912080122687027,0.12651526742084965,29.99045293944878,39.43919136058705,3.4762197756470203,3.4762197756470203,True,58.87444121726632,7.328831295406019,0.1305771607807542,0.001399702624133885,0.0008716029087923422,-0.002088184999132583,-1,,0
2736,0.09743182936960525,0.20246230558143677,0.2546535013565224,0.22460908178218353,0.16292150300378416,0.057921778906467894,44.07933434293774,44.6496767903026,3.20267266755413,3.20267266755413,True,53.167690880817474,7.435990750814441,0.05175449854047157,0.0034004930189987107,0.0005755393407201385,-0.0023131884940706684,-1,,0
2737,0.3127611245067638,0.1467728059109728,0.11166398521831301,0.23981817670405686,0.036865124228511764,0.15211878343138163,33.03040165360552,34.28830931952554,3.4617204613623955,3.4617204613623955,True,51.253932335985844,7.339410715589587,0.11588679802091603,0.0017862603649719936,0.0006210966603585368,-0.002433896496063021,-1,,0
2738,0.11623470952824011,0.1760116319181207,0.06261836635427138,0.30075676381900535,0.223583122504478,0.12079540587588451,44.83540268505408,32.73749645502874,4.032101774263368,4.032101774263368,True,65.74368918344628,7.457507357038107,0.0876164730002801,0.004867075553590786,0.001096168411670259,-0.0019134271503580464,-1,,0
2739,0.29882414187028816,0.05055832666057393,0.5137376296694643,0.06877152004961572,0.02234293465191347,0.04576544709814427,40.80629019488057,26.945133016073846,4.914923421325962,4.914923421325962,True,59.31271737736018,7.2755069100499075,0.04983038522633168,0.001652219365540405,6.355793166420762e-05,-0.004930618249519646,-1,,0
2740,0.21366562051487897,0.1742351178468985,0.12229773006526484,0.3625560549873365,0.06815686911641855,0.05908860746920243,29.93625781258389,23.90688122643788,5.376726171390909,5.376726171390909,True,73.54573667503794,7.263430579292392,0.1446561459042633,0.0011298478562400875,-0.00026596316540413004,-0.0032017073280598916,-1,,0
2741,0.49498205441106935,0.020482185863493742,0.26424299304939514,0.0971317129887278,0.022293541627855948,0.1008675120594579,40.14745733092904,28.609893425353164,3.940004118324998,3.940004118324998,True,50.03217916374873,7.352607592639448,0.07150361848438354,0.002558372016353632,0.00025200527271146926,-0.0032086838564127263,-1,,0
2742,0.179367426194957,0.25374992634412924,0.43783549891284984,0.06213624841341481,0.050029443935656455,0.016881456198992697,42.36998985051753,39.39702355110797,3.729715864614093,3.729715864614093,True,51.662522390761744,7.324000017256016,0.03693037316015812,0.0016238632303246618,0.00017876602407034117,-0.004512724551991232,-1,,0
2743,0.07264928229697377,0.0878860984222217,0.1774128267129713,0.5121119139304271,0.12685717895274426,0.02308269968466206,44.4802830089085,45.540150671593736,3.0297211964966255,3.0297211964966255,True,59.1883783837043,7.504721887530506,0.08920459909781182,0.005213134426053409,0.0018301292606355364,-0.0009105194840097867,-1,,0
2744,0.468828904528176,0.021637196000344302,0.148819583210554,0.27225217127429946,0.06937642679687565,0.019085718189750623,30.090944235720183,36.36236931210213,3.133260509018884,3.133260509018884,True,46.13075489686169,7.3185870458766935,0.10565856674065949,0.0012765735643547721,0.0003863175887513836,-0.0024313830193987774,-1,,0
2745,0.22240497282793845,0.23085707626012078,0.04298566987222242,0.17666026302212828,0.22848365501621903,0.098608363001371,25.410860690562878,49.64426897718393,2.5843070914173296,2.5843070914173296,True,40.18537005923373,7.283404036535809,0.0891312453155871,0.0007758053727090593,0.0002875204654218484,-0.002424945153213407,-1,,0
2746,0.0371256816633368,0.3265030059185565,0.26149033622190493,0.25050926613915786,0.04871698744088495,0.07565472261615903,30.22012217605193,36.59180374494336,4.093014713126173,4.093014713126173,True,60.83920661681191,7.250784252449663,0.0715674136482036,0.0008574018248080271,3.383803331203512e-06,-0.0038135635468166656,-1,,0
2747,0.4189194655636446,0.12509066816537487,0.1377933375761262,0.10951372461671993,0.18042983950425032,0.02825296457388416,41.9830724239913,16.418586509118857,7.297868479130141,7.297868479130141,True,75.24198203330127,7.271686471751287,0.0711965162537851,0.0020100208408830845,-6.475887812717982e-05,-0.004129956302524563,-1,,0
2748,0.17238337127165895,0.2094420112614258,0.49503870760496976,0.06866278735073585,0.00034352286984546906,0.054129599641363914,33.839542761708145,28.88150490124554,5.0238466236977715,5.0238466236977715,True,59.44344937941309,7.174230486941387,0.05346052391960168,0.0006948945341210361,1.3588963412440722e-05,-0.006178687244230642,-1,,0
2749,0.2857655039928918,0.07692623878473077,0.0963752099631452,0.2243564442861454,0.0008164242272672977,0.3157601787458196,32.48181426517472,33.45538985201999,3.3506238008888136,3.3506238008888136,True,50.30780402591607,7.358417107490898,0.2000614357971822,0.0021395005502209967,0.0019562392821147663,-0.0020544477096570263,-1,,0
2750,0.39884395696682856,0.20461998915595703,0.06461199228303015,0.08102840006630688,0.1909614204743214,0.05993424105355595,43.29684697405264,23.079564572011563,5.2035237670142775,5.2035237670142775,True,61.67655844569628,7.339416539468047,0.061914479715848444,0.002701344985456134,9.048588668033781e-05,-0.003831544421775535,-1,,0
2751,0.3287369102808082,0.023075716002171082,0.051407527241869304,0.41151648952889897,0.13125379413958507,0.05400956280666731,36.585197743328486,45.098501029732915,2.5989595231370437,2.5989595231370437,True,46.94105913722078,7.432704790358277,0.1185792289014457,0.0028978675270242013,0.0019296596915539524,-0.0011910280729675255,-1,,0
2752,0.1218932031145467,0.11539841808402493,0.1742977035726851,0.01269041336834765,0.5032048776425178,0.07251538421787782,36.77516948748659,33.01414481260659,4.2483085524379725,4.2483085524379725,True,56.38329173469874,7.290241201008807,0.05303523201514284,0.0013038528332410294,0.00019475544655234958,-0.004290055051010006,-1,,0
2753,0.32858892382404126,0.053563389420220306,0.048106839813976635,0.4063814320636169,0.13159824465848244,0.0317611702196624,40.72780461404632,15.937722073959106,7.448223382617993,7.448223382617993,True,96.84430282498595,7.356558872117467,0.13811385117475752,0.0030338996589863673,6.07148249774017e-05,-0.002323746216287683,-1,,0
2754,0.10218758136148624,0.12211756408144937,0.29535811169858467,0.1941157587938752,0.28217179478453225,0.004049189280072352,28.587407841254077,40.08427730953442,3.6380940812214333,3.6380940812214333,True,53.915067442046045,7.247681830583547,0.06427521763594787,0.0006573645149522967,5.2710857989103804e-05,-0.0037185197015837364,-1,,0
2755,0.3599393267030942,0.2071832029220945,0.06404245459947422,0.2768485042003353,0.05442084806966653,0.03756566350533526,27.9900950482325,28.777805082625584,4.202668480278775,4.202668480278775,True,56.288943936265085,7.258582882016162,0.12121829383005955,0.0009231086263765348,-0.0001486671877409309,-0.003227016872380799,-1,,0
2756,0.30738878106975315,0.3276290822393936,0.23095874658341645,0.004845687645082101,0.12598728807966778,0.0031904143826869628,39.63296180421864,36.04967715130725,3.7589397198066776,3.7589397198066776,True,47.47981979064313,7.2888497112980914,0.040348880082735725,0.0013243093761701591,0.00017434156388972333,-0.0047417903573061465,-1,,0
2757,0.12615436806038055,0.03774885064382129,0.1889375084837138,0.5431276643626768,0.014365734742104562,0.08966587370730282,29.2120837222619,22.15841034744342,5.816360857417233,5.816360857417233,True,87.86442710925071,7.290375977001612,0.3094597225683629,0.00137385103345227,0.00024815180447599656,-0.002349626689979611,-1,,0
2758,0.024989859895506887,0.06330592648932816,0.03380888288383479,0.4944908597761413,0.20718415644547977,0.17622031450970907,44.37949806482082,27.946824806195355,4.643607575972039,4.643607575972039,True,82.4124874779581,7.488033578115733,0.1897368268110694,0.006338971477713519,0.004092220415161451,-0.0011726731306934029,-1,,0
2759,0.1905245112241922,0.07967792619749794,0.2512703366176454,0.39119435973492483,0.06299883770602183,0.024334028519717853,25.88914952872761,18.783395978653306,7.036372974808557,7.036372974808557,True,85.38120766876065,7.176962617122442,0.1930182630260928,0.0006528013203221777,-0.0012385852934578359,-0.0038617374246508527,-1,,0
2760,0.28140656047237333,0.11753384630924225,0.009263662753487808,0.36722651591485844,0.05827291156683648,0.16629650298320164,31.848701793236753,49.979576171783435,2.3276447462426786,2.3276447462426786,True,41.956946665802946,7.396456658643368,0.15121161380524573,0.0020886020931860263,0.002436925762127484,-0.0012012070468831089,-1,,0
2761,0.02118912966327663,0.37777999297864107,0.32018687713924776,0.06349414582829811,0.0006307825123324961,0.216719071878204,30.481351973914435,49.695327043757565,2.969173679362315,2.969173679362315,True,44.20767575887,7.267404903538708,0.05818866969818581,0.0009326540093245657,0.0001482248544402225,-0.003475266023109044,-1,,0
2762,0.2640650695490976,0.6527244392442065,0.019113836528332456,0.014827105572356133,0.0065223393186533895,0.04274720978735395,27.458893128042426,33.48261653395208,4.14998739996811,4.14998739996811,True,46.245645152707574,7.136866896894886,0.05925409647445268,0.00039740019699725847,2.7553387605274678e-05,-0.005994791418974619,-1,,0
2763,0.09046568346740813,0.024598455402966932,0.259014683707103,0.36241565625657673,0.04255378581744259,0.22095173534850254,35.11311779280432,39.71466337262033,3.2238422728032536,3.2238422728032536,True,56.31225260585199,7.396521334687567,0.15188434278362523,0.0026208172935293862,0.0022054636384912112,-0.0015753349247164177,-1,,0
2764,0.04729163023855106,0.1435040653328099,0.13554990133376044,0.27286974325493507,0.03701598197933645,0.3637686778606071,42.84612456463719,19.867274297266476,6.285817856662837,6.285817856662837,True,87.8909800695602,7.3921951191922215,0.17372612756894829,0.004721227206923159,0.0009813208201837652,-0.00229776417643112,-1,,0
2765,0.1750719832934359,0.10437685007340741,0.04854297430143451,0.049383705243013,0.3464612031355546,0.2761632839531546,43.45983973310794,30.71967090216382,3.9750373808329904,3.9750373808329904,True,56.158675774249,7.4201470004108785,0.08899711467361143,0.0042684382928108175,0.0008307662312746571,-0.002548278523546055,-1,,0
2766,0.46889620811377897,0.007222463343563357,0.14942747091688938,0.12789196932634112,0.21329210103627372,0.03326978726315349,30.176698363702343,43.83143352410437,2.620367949160626,2.620367949160626,True,37.88327407591401,7.316950520253805,0.0765068659221101,0.001173604783158422,0.00039663057162059664,-0.0025277410714769663,-1,,0
2767,0.19422096843974024,0.20585380427488198,0.0015179086232336761,0.28901827813064346,0.09878211505928514,0.2106069254722154,25.71059836058045,32.38037509891842,3.760265246297056,3.760265246297056,True,55.23776166597636,7.2805791413757515,0.21824282183707325,0.0010199410856540881,0.0003683520858379198,-0.002530001993073989,-1,,0
2768,0.27461307754598757,0.13594792763430733,0.2769673595265194,0.1696535227960876,0.03844042448504745,0.10437768801205068,39.43243070059933,21.19910748624573,5.982363215033262,5.982363215033262,True,71.96799889305544,7.286623624316899,0.07698378773821639,0.002001401231923244,-5.741529387440476e-05,-0.004006888596924623,-1,,0
2769,0.49815086596366676,0.08212337391559672,0.003300200970526352,0.16963188971990084,0.09270822702061271,0.15408544240969665,42.269838351264355,19.611382534319397,5.466202260520999,5.466202260520999,True,65.94061908687435,7.3751501226146905,0.10783942289761318,0.003507768527863989,0.00015615362508361358,-0.0027153691812917503,-1,,0
2770,0.08055386315407514,0.1197316688971169,0.3503633837051262,0.278896346655076,0.15625576070054334,0.014198976888062468,28.198551837368626,25.239383356076324,5.807731915321666,5.807731915321666,True,75.44976905157964,7.181026972987756,0.09408077772711304,0.0006141723750518201,-0.0002976441865461174,-0.004812419068356499,-1,,0
2771,0.22595202483309207,0.04596436641156448,0.3562317548497603,0.16590561343240467,0.0007224151434990501,0.20522382532967953,42.08111025596359,15.783414605071297,7.898796254720907,7.898796254720907,True,87.21725348553502,7.283510013270111,0.09280476555277048,0.0026385037563530955,-0.00022567639615387675,-0.0036697484307320447,-1,,0
2772,0.025699325957440945,0.3270058771375867,0.1473034168730076,0.08980396101506631,0.18503070400509056,0.22515671501180803,42.50876479588483,19.189261064511747,7.355156532783276,7.355156532783276,True,85.86674688843013,7.268639515768546,0.07061779141855434,0.0024190374927007476,-8.888690793329284e-05,-0.004700223217018437,-1,,0
2773,0.4547724022550907,0.04918723739274154,0.2014043005989657,0.21875918276925962,0.036165389078918225,0.03971148790502427,34.05016797189057,24.109376170413512,4.794902814805127,4.794902814805127,True,59.72118759253942,7.288333112416656,0.0988562261617613,0.0014734275689607902,-1.9972561112406503e-05,-0.0033828761461055282,-1,,0
2774,0.5882359534662533,0.13733045619636589,0.15759212976386905,0.01534793754491859,0.09780136403388233,0.003692158994710771,27.36252453229047,47.772389580765605,2.364071382954915,2.364071382954915,True,30.642392567087732,7.261668297875141,0.05931330346879587,0.0007515740139503133,0.00019408056786978154,-0.0030914833907892,-1,,0
2775,0.012346347980968335,0.20116768261783946,0.037923521834864055,0.3683579006298076,0.013435863426754305,0.36676868350976627,33.763565815044274,37.613250454247776,3.3246635279400185,3.3246635279400185,True,58.274746672061156,7.395043717146757,0.2917322339490482,0.0027763986815666337,0.006142433692614867,-0.0015622803447143889,-1,,0
2776,0.45551930808420427,0.31415290721162475,0.005472199397614555,0.21321804970912941,0.007837031207096501,0.0038005043903304326,36.505353533280626,30.068636674088296,3.9387733337584523,3.9387733337584523,True,52.811294493562755,7.325538374173169,0.07357114217808819,0.0017804951379561704,0.00018676620864918202,-0.0031745200859378815,-1,,0
2777,0.13192312679814863,0.2173344242550325,0.020842017706058053,0.032709968151606164,0.3685883039054854,0.22860215918366938,37.33155247113698,45.93369224809716,2.811597315993511,2.811597315993511,True,43.21075530924298,7.3862653480557565,0.07162060823628894,0.002373387449656239,0.0008178588854051085,-0.002308028968825864,-1,,0
2778,0.24872700563168873,0.3182426726833569,0.3089927398393296,0.005245097005500488,0.08285693555676568,0.03593554928335858,38.98624751388219,31.299203178208845,4.456650117995811,4.456650117995811,True,53.48558778641545,7.245328648819788,0.04317665861062732,0.001133003475364751,0.00011618122963778671,-0.005562116583584556,-1,,0
2779,0.06513382327550604,0.4223722300453151,0.08278492087852853,0.38910295096832853,0.017015745145080457,0.023590329687241385,37.903719213319526,34.25577122036086,4.272016974156603,4.272016974156603,True,69.68439246326598,7.35877600023557,0.07303972358729038,0.002102229608219835,0.00043982311328921925,-0.0026423074208657563,-1,,0
2780,0.45721964097416135,0.13668404245901564,0.20107540053301437,0.0522464794581031,0.08127416710939551,0.07150026946630998,33.66242414972626,34.99056040521801,3.356554360561329,3.356554360561329,True,42.58775109746495,7.291267524707279,0.06537613602474487,0.0013118410848296236,0.0001979217180809698,-0.003542708255099723,-1,,0
2781,0.29978633925322723,0.13636687366639655,0.024252083579739955,0.21584282827454718,0.30967707504661346,0.014074800179475553,33.87139600328327,40.30457511487649,3.099388655532431,3.099388655532431,True,47.90414508439465,7.351220869143143,0.07557840665473176,0.001593322038074228,0.000517887584626709,-0.0024159378628906183,-1,,0
2782,0.008876628916739949,0.3309158235620723,0.25728368586511213,0.20899491702037273,0.018832978011165662,0.1750959666245373,44.37824967044571,48.39461429988917,3.0200864617364345,3.0200864617364345,True,51.26467109623364,7.444730073153477,0.05744182717469297,0.003949993498916592,0.0007472156029689625,-0.0021028974340532957,-1,,0
2783,0.23820186575623428,0.28443545460626507,0.11749792592041323,0.019794145674181203,0.07008514721037276,0.2699854608325336,41.41471572849961,34.0703558823794,3.6083922481261497,3.6083922481261497,True,48.91262670881712,7.376524349136756,0.07206923683287696,0.0031750249190065547,0.00048092070773596274,-0.003029298918430045,-1,,0
2784,0.24514932984716323,0.11893117594635678,0.2021637365456566,0.1455046772899874,0.03380679374232293,0.25444428662851304,39.98663976141481,17.121931810302176,7.017454077595958,7.017454077595958,True,79.25881867855962,7.294478623287532,0.11155783878605452,0.0025441249185104166,-0.00022947323158637405,-0.0034675984875634233,-1,,0
2785,0.19726029307613038,0.06139361820850607,0.01711820718222072,0.304532968036427,0.2615708196218546,0.15812409387486107,34.58036914627845,20.292190599654575,5.999476087328076,5.999476087328076,True,80.58051020878429,7.316809442850317,0.17982548318853322,0.0019931831147426823,0.0001967638055783453,-0.0027231755764916023,-1,,0
2786,0.1635372907784453,0.1096783911235324,0.078168317309324,0.5349501500184812,0.10102371788759354,0.01264213288262354,25.06989962218694,48.66950298688304,2.6700970422883823,2.6700970422883823,True,50.12470626123418,7.330326245296102,0.1645199175442427,0.0009954223182296604,0.0014576139582841315,-0.0013628652154059782,-1,,0
2787,0.13761330704291921,0.07964537290195683,0.12060385068044983,0.05095551917121532,0.6034066109166009,0.007775339286857794,42.276971237036825,30.54794473879707,4.599478676936973,4.599478676936973,True,62.659634244382225,7.349243748417534,0.0480126846370805,0.0020609555596678747,0.0002445544042626101,-0.0039757007822266216,-1,,0
2788,0.5630256884352199,0.03959022648713388,0.23086385138931428,0.07304036300543298,0.04264291564007178,0.050836955042827155,30.083045762380138,37.71900840796947,2.950370597465237,2.950370597465237,True,37.74723347321462,7.281000370647951,0.07451847716806954,0.0010551652316065205,0.0002046586162255325,-0.0031866290957323516,-1,,0
2789,0.22415167722549706,0.17814834808382318,0.010329239571559793,0.11142650480114213,0.4499991798943928,0.025945050423585053,33.69602169099855,42.13398133690798,3.1229616854406346,3.1229616854406346,True,46.53946574149494,7.330214063021586,0.06052682651161587,0.0013104602617965283,0.000371983201417767,-0.0028814549946575684,-1,,0
2790,0.3644911188344168,0.05558015187838678,0.1698461395800037,0.17907962673992667,0.20993866819342819,0.021064294773837915,44.990362203618986,23.963304299594803,5.0878952653356375,5.0878952653356375,True,66.61603002224656,7.386047962492598,0.06480236657954119,0.0034762425538203477,0.00018366875161981292,-0.003196827442898389,-1,,0
2791,0.1582236966866412,0.15007014233919183,0.24336131307532702,0.34464831450660777,0.05574756845872755,0.04794896493350467,29.888060869560956,20.695299551790328,6.534159230734167,6.534159230734167,True,82.81747240786397,7.214135177812964,0.1304454863932005,0.0009226480924208833,-0.0005137780218276783,-0.003943472569844389,-1,,0
2792,0.35736697130494166,0.055443073978581725,0.48652310114919306,0.041966382607136074,0.04945467183631733,0.009245799123830167,26.86692491361344,25.761847860006213,5.056668923526466,5.056668923526466,True,51.46948867382894,7.112208353454712,0.07661066733641163,0.00038917098736794564,2.358552599900017e-05,-0.006161929872489825,-1,,0
2793,0.5111417133735704,0.031731932663580036,0.05763082039233651,0.0956303572815444,0.19623705481430473,0.10762812147466402,25.348501054338186,14.575822296051024,7.486799516916161,7.486799516916161,True,62.926247914301314,7.132191385869966,0.23510027999690838,0.0005466589322647811,-0.00030808103914821953,-0.004067635827591879,-1,,0
2794,0.17322184526636555,0.032621848962691595,0.20992988866917622,0.2717368571930418,0.20301120363820935,0.1094783562705157,30.433914945453406,16.394511036379228,7.864657362115647,7.864657362115647,True,88.83349718768235,7.194661225147792,0.16399849146087644,0.0009675011890134763,-0.0007695766299477128,-0.0038949887729610843,-1,,0
2795,0.06681670468227381,0.3038811129124943,0.24303981296281035,0.3255564092627204,0.01475356199877675,0.045952398180924336,42.31988210049049,18.844580148438116,7.783059293044917,7.783059293044917,True,101.14557234620507,7.291018084536257,0.07131975766592699,0.002334712728224508,-4.247023171532451e-05,-0.003994042758492731,-1,,0
2796,0.24920164239335652,0.06344462434789284,0.20692624770886137,0.2501036077075283,0.015775102531786895,0.21454877531057398,39.30410008644293,20.264669837541682,5.900725377860798,5.900725377860798,True,76.68946375666823,7.341132606124779,0.13039665793645425,0.0028664053931935383,0.00012027351121764309,-0.002831631279398915,-1,,0
2797,0.5179091345778474,0.2585543633685826,0.09030668330580444,0.040437884588341515,0.0377917602711702,0.05500017388825384,33.23851853283756,44.065980093378634,2.6128901482403757,2.6128901482403757,True,34.97718274362501,7.312330884176904,0.05790942453796371,0.0013405997203829823,0.000313480457603479,-0.0030109667316149725,-1,,0
2798,0.30922170607766564,0.17885372333072921,0.08519697257829731,0.2569677507957355,0.017855116533603325,0.15190473068396904,29.897738969608135,20.678871413846935,5.745228831558778,5.745228831558778,True,69.10433159138202,7.243765553380698,0.1696911782566693,0.0011391494237921527,-0.0006169834526981127,-0.003423731573209027,-1,,0
2799,0.3229085686639643,0.06656346988804271,0.05361060616508367,0.09016810442802223,0.01260110364326792,0.4541481472116191,41.16999031781466,20.93358628768051,5.050836265544442,5.050836265544442,True,62.99364533272401,7.3877297755234865,0.18072372498386036,0.004186409901571937,0.0008438883295965032,-0.0024251983391288907,-1,,0
2800,0.020117248850694405,0.04362060955017159,0.5854681037415033,0.12367389964797738,0.199471762542005,0.027648375667648353,25.05742622189626,27.11654881959799,5.845663483192252,5.845663483192252,True,67.72631024125778,7.067462426319067,0.08113785652814459,0.00024965944431543243,-0.00017468422805889323,-0.007335986446801802,-1,,0
2801,0.2829268307864152,0.07074754466925413,0.15949807496438836,0.2229140607031044,0.21130540443630588,0.05260808444053218,25.2507041935695,46.39169135317467,2.695548898334036,2.695548898334036,True,41.79913941682513,7.282412585776228,0.09596322996334791,0.0007713005735828127,0.0002489254265867356,-0.0024266799715875116,-1,,0
2802,0.410233591781095,0.01441488418634804,0.19217867023273152,0.25540101753527333,0.1096739247356054,0.018097911528946683,37.836264483584415,33.32057064884969,3.5408414564956683,3.5408414564956683,True,52.567278759844704,7.374480476133566,0.08130629287658589,0.0023516849121896703,0.0004955614182266003,-0.0024642917650839068,-1,,0
2803,0.1989837874623994,0.002362541020194655,0.11652401343094154,0.1003765150290388,0.023711171653345367,0.5580419714040803,29.031790217247263,37.99784741714545,2.83284227882067,2.83284227882067,True,42.39142832405561,7.345548643788364,0.36660592493342475,0.0018803110237987433,0.006093021252989342,-0.002053950467802257,-1,,0
2804,0.11580773891901053,0.03717810552288801,0.05223078652987444,0.24893671734090952,0.04853586465291887,0.4973107870343985,42.61693061621145,33.17653451719222,3.3828978044470115,3.3828978044470115,True,56.587841153930036,7.478030812804989,0.2657667824535831,0.006322081533459671,0.006765679447532577,-0.0013580359350830985,-1,,0
2805,0.48246006585112067,0.011300329923828883,0.10644767196781149,0.37582292185723987,0.0033727185743232255,0.02059629182567588,40.849337620772204,20.516562885153768,5.421904551502827,5.421904551502827,True,74.12705556010305,7.386086716960889,0.12034518473613778,0.0032671323159325903,0.00030382553022467344,-0.00227866508491291,-1,,0
2806,0.23901133480910033,0.09161128364596872,0.08237816302233654,0.009596410955058669,0.10889638326472721,0.4685064243028085,27.440955995069082,38.097982927471385,2.9094881793610865,2.9094881793610865,True,39.962356068270296,7.310296007132239,0.20655672366944156,0.001374368178925207,0.0015878082641903465,-0.00240983413921782,-1,,0
2807,0.1967257315837849,0.10338256045045108,0.12808411469742234,0.33507608164069225,0.21959932804684587,0.017132183580803602,40.877653725103244,25.441341344771654,5.15798449016535,5.15798449016535,True,76.53714832983106,7.378695931619256,0.08635067272376902,0.002893145525607027,0.00043315919870798016,-0.0026487709701247435,-1,,0
2808,0.3534221885423527,0.07725113470543246,0.29272638972470855,0.12452009522803613,0.08870222990141406,0.06337796189805617,25.473845506326224,42.73016098615458,2.8929112876694902,2.8929112876694902,True,39.93772013034418,7.243763248967696,0.08014739677283114,0.0006636276905562758,2.2877306453730446e-05,-0.003215956221966509,-1,,0
2809,0.5082844488837468,0.07533903089812037,0.06347894828270374,0.14930150252375524,0.06227402035692536,0.1413220490547485,29.121878126608813,23.56127767589953,4.585755926476308,4.585755926476308,True,52.926607984717194,7.2580276201270015,0.15001900971474677,0.0010925654648839612,-0.00018839365318665399,-0.003341593246099509,-1,,0
2810,0.19281870894427297,0.34586339167867175,0.44234689384693754,0.015704515866715726,0.00042078616847401786,0.00284570349492778,43.33279720478911,22.455309770746226,6.6796790932414805,6.6796790932414805,True,70.43523348357824,7.16222941138404,0.04130421970799458,0.0008978976956625229,8.19580993009695e-05,-0.00814437844202777,-1,,0
2811,0.27237544528184265,0.06229812128293316,0.022552327952612392,0.014600441235632363,0.05998516329131623,0.5681885009556633,38.21317630234264,49.569409960709685,2.1050136348688557,2.1050136348688557,True,33.88382480237318,7.453545411515264,0.17655969423343218,0.004286558780881874,0.004494782831296003,-0.0013242764502295304,-1,,0
2812,0.10179794549601036,0.09234221674868853,0.1743490851716268,0.19029312078277083,0.15782083083405501,0.28339680096684844,38.38901587123887,31.003791834247203,4.074456425809885,4.074456425809885,True,61.367528191306796,7.382470888784156,0.12323070649427431,0.0030564043791493477,0.001104929806070417,-0.0023646505311810916,-1,,0
2813,0.28112681763435377,0.29135912613825404,0.17851522007658596,0.15307346426853752,0.01272760424986403,0.0831977676324046,35.41839867034477,25.076685938222067,5.139254104004733,5.139254104004733,True,62.61756264872251,7.254669566557366,0.07388306255375729,0.0013368330331792455,-4.526393143129274e-05,-0.004321542674913174,-1,,0
2814,0.01422231084597714,0.8075196160322198,0.013327985711367665,0.043804367249716786,0.006064001579173381,0.11506171858154536,36.995593119101706,48.35165558182817,3.3113140742748066,3.3113140742748066,True,47.86206318158328,7.284122128925286,0.03796880161013575,0.001033599721271596,0.0001720631424223729,-0.004382158388818232,-1,,0
2815,0.21129987508969528,0.04228352866878524,0.3228986331641502,0.24150546248729432,0.1387657597412707,0.0432467408488042,40.7608806739662,26.9690646813295,4.915196422859002,4.915196422859002,True,69.40801211862492,7.34946125920126,0.06951218076681094,0.0024686363115875125,0.00021433234132626933,-0.0032725023968322143,-1,,0
2816,0.4499783553321278,0.21959837210976973,0.17852924381748503,0.036965261969672834,2.752633600659809e-05,0.11490124043493806,31.648896580650664,45.34126118492486,2.5818865167116543,2.5818865167116543,True,35.074993251709884,7.3013855261297245,0.06337582764199733,0.001232173687145273,0.00030067702969454864,-0.0029603560544074095,-1,,0
2817,0.5586990540716451,0.23568826184306524,0.03173399199870179,0.11930991979705176,0.04705577548001982,0.007512996809516396,27.715716512531877,43.98341027857207,2.56580517097345,2.56580517097345,True,34.876177439708705,7.2787420465849735,0.07323427495139485,0.0008726309544468659,0.00020604233200448237,-0.0028374245022773953,-1,,0
2818,0.1936794976774572,0.008951448215020264,0.10311164893087002,0.29502342478127946,0.03642343123043696,0.36281054916493594,30.101535226846647,38.62516943103671,2.935096248637915,2.935096248637915,True,48.58336728236298,7.3653015241220805,0.31259365661175303,0.0019946828717092593,0.005315832614334013,-0.001699362870438995,-1,,0
2819,0.1084566470082659,0.09418225202936074,0.15952046633405492,0.053649655767671084,0.23608737789018722,0.34810360097046006,41.1244116154966,29.079860690538904,4.276044160171581,4.276044160171581,True,59.3599451514924,7.385721710761347,0.10364579978671846,0.0036110073145060604,0.0007766434045259817,-0.0027589044326191206,-1,,0
2820,0.022127409531191796,0.21188867088346552,0.19584020567914412,0.1990947843437495,0.21656249466107036,0.15448643490137864,28.845679522845487,43.79070973849502,3.253745897869595,3.253745897869595,True,51.42001892277297,7.291315570515031,0.08551437461825726,0.0009965717687881843,0.0003181927582804437,-0.002792232236823842,-1,,0
2821,0.4667457948184368,0.2040927752146762,0.035103167644863965,0.19000282549436787,0.004705017344610262,0.09935041948304506,32.350166901066295,22.827210419300773,4.939021452666344,4.939021452666344,True,58.38684762441257,7.27119677936173,0.11866629393493854,0.0013358901346592407,-0.00012871536034763035,-0.003434430397792523,-1,,0
2822,0.48960086358209803,0.10435306048992576,0.18025925689236397,0.14153907628869067,0.04579908361329708,0.03844865913362449,35.20032364706879,27.40344964415671,4.202975872342948,4.202975872342948,True,51.971636288822594,7.295945604484149,0.07790400381443793,0.001529383279882371,0.00010007724844897122,-0.003547354543784317,-1,,0
2823,0.348182048575696,0.06130111905285465,0.07284977429564471,0.08362718006644328,0.398968462455898,0.03507141555346334,33.71379308095746,45.66807244900816,2.6745827723189315,2.6745827723189315,True,39.808873341703965,7.346911153559922,0.06221877437180166,0.0014730081112302941,0.00047555511789791437,-0.0025297460663579866,-1,,0
2824,0.14451858430911305,0.27077498607668155,0.02508052917847683,0.07720249248337267,0.3188932540749927,0.16353015387736325,25.72125418879451,28.293533326133055,4.673780212598366,4.673780212598366,True,56.12990169000525,7.1903383706437625,0.11023829620805965,0.0006206029645272985,-0.00028066840972429754,-0.004502638650107514,-1,,0
2825,0.29685221211885643,0.06203104026408955,0.31195031261031747,0.18538147785871775,0.10836543474448758,0.035419522403530954,38.2106393277042,45.508443481679414,2.811832900145206,2.811832900145206,True,44.26297721806241,7.3794230924422966,0.057381868609177614,0.0021554598756661296,0.00048408803047632023,-0.002430484545256783,-1,,0
2826,0.17651583385477432,0.021292516808279868,0.356508888409371,0.07834723403590248,0.150161030048119,0.2171744968435534,36.87572453866352,42.979370849573144,2.9829428833705247,2.9829428833705247,True,45.114577756826456,7.364183588827247,0.07227795474918412,0.0022068053786472083,0.0006138554687757389,-0.0025633013306393805,-1,,0
2827,0.42092259113944663,0.21051417743740736,0.13745323231826154,0.050450790826431786,0.08733886071605973,0.09332034756239299,29.45382037918573,24.112377449114383,4.927660710068045,4.927660710068045,True,51.806563207113506,7.192790150519465,0.09120184090315998,0.0007651807384112027,-7.920566158468309e-05,-0.004713671641765091,-1,,0
2828,0.3445197364541823,0.14728170031107235,0.08923572237367199,0.17683840834704503,0.11449660553905815,0.12762782697497027,43.842645478560854,45.43900452370745,2.606327269398238,2.606327269398238,True,41.97184257164285,7.462861412141477,0.07088413360293196,0.004452802265702704,0.0010145717467320563,-0.0017619693885906494,-1,,0
2829,0.12331493057892313,0.16368441064782902,0.2225866861760291,0.42171951162854493,0.0220779646585272,0.04661649631014657,36.159059653774094,29.01953351179381,4.706468150021146,4.706468150021146,True,74.48057419613095,7.348394160912512,0.10470526725365108,0.002095064987946129,0.0005157583552070575,-0.002503056172784986,-1,,0
2830,0.3446500084681979,0.035881388952101995,0.038300734691719455,0.3937755540640827,0.09188899504676452,0.09550331877713333,42.84754207913134,42.72598033661342,2.6853046593109013,2.6853046593109013,True,48.17720029052803,7.489793121123692,0.1124134583724013,0.00508727210012725,0.002150137901165765,-0.001064196860634066,-1,,0
2831,0.16303843969729034,0.17673456310822935,0.11419978712000044,0.1746531293813373,0.014824543546848826,0.3565495371462938,34.12502289455734,21.177598908778936,5.645384077947501,5.645384077947501,True,70.49887944843672,7.292889641965944,0.1871898078171711,0.0019889301572365388,-0.00018771983406024636,-0.003122317145264464,-1,,0
2832,0.04794874427847662,0.31223345546181513,0.0014452181079672851,0.5300290126830338,0.015503611869189022,0.09283995759951813,39.43579482611445,32.26679426219431,4.232670849325263,4.232670849325263,True,75.60862651248536,7.429015928210166,0.14352023925543855,0.0036331193659286114,0.0022230174802907866,-0.0014499872664491165,-1,,0
2833,0.15830800501992554,0.41090860938756085,0.0071232245472055864,0.24527670473380447,0.0909131336766859,0.08747032263481772,29.6820684564979,34.920222883107584,3.8747382181022285,3.8747382181022285,True,56.245662518611304,7.27278936285859,0.09026743198663617,0.0010093628388729834,7.731587742490003e-05,-0.00326597678295134,-1,,0
2834,0.3560431738534963,0.14600405803156866,0.14615356874236682,0.1228464335815188,0.20873974404852608,0.020213021742523558,34.169700212506555,29.76635283688507,4.1801218418805055,4.1801218418805055,True,53.45797807352506,7.280056266093921,0.06887658681884107,0.0012436018524537387,0.0001073775913414217,-0.0038344047831798153,-1,,0
2835,0.2689071129863467,0.09280428386046942,0.4092150380280482,0.1653341234183283,0.014186402939868442,0.04955303876693906,28.33594427647605,31.26320843989259,4.214815426517627,4.214815426517627,True,53.69761624066836,7.20921060099188,0.07931325830615506,0.0006904139470310458,-0.0001335627108789952,-0.00435553615183161,-1,,0
2836,0.08736791222309485,0.14515684697851333,0.04692933805501693,0.4241699417651185,0.031203868472865343,0.2651720925053911,37.1195451709618,16.293781552739812,7.590351658079835,7.590351658079835,True,103.38404716248023,7.331392010894443,0.29656148777834335,0.0028454855519724565,0.0003647325316662716,-0.002213783384699577,-1,,0
2837,0.14407226010826796,0.19304143098924123,0.04773700205498968,0.4779371571897564,0.04159922453771765,0.09561292512002724,28.09447798017753,44.25394862535024,2.908438601971316,2.908438601971316,True,52.63353188150189,7.347077368751571,0.1704835662788136,0.0013622302890406814,0.0017993308772068935,-0.0014953013658953415,-1,,0
2838,0.12080208069393314,0.1044869322674839,0.41218584798339947,0.13619314236765753,0.14085776299808297,0.08547423368944297,31.227748733400897,35.21333548314524,4.03228340849304,4.03228340849304,True,55.62236552146072,7.243708634561327,0.06507475201343131,0.000873290891617895,2.6148570461720736e-05,-0.004193140087572016,-1,,0
2839,0.04484479955615801,0.008397293589666758,0.6877436797080377,0.16832378851703678,0.004108383904034085,0.08658205472506665,37.53546151350428,43.5668350233054,3.4907625750876616,3.4907625750876616,True,54.36965879142598,7.319525792763419,0.04730467560006199,0.0014757021870807152,0.00021264126739140268,-0.00355296214783377,-1,,0
2840,0.07210396691290802,0.04148929865481935,0.16575661709485,0.23687029009149463,0.27360428207475745,0.21017554517117065,39.79789262463047,43.623057337531115,2.9914667870620586,2.9914667870620586,True,51.74583656701132,7.438774245254914,0.09955129009228975,0.0035561540647126204,0.0016472867478537323,-0.0015617347141127867,-1,,0
2841,0.3112584393930762,0.32987780094377733,0.04403942061089212,0.22938664266823539,1.7542824559841067e-06,0.085435942101563,37.50429579301331,27.97828642055976,4.434020203581308,4.434020203581308,True,60.55431536416829,7.3304327290013145,0.08293888003001973,0.002075725437997141,0.00019036671274305793,-0.00315806450705573,-1,,0
2842,0.400843666123322,0.12441492110939098,0.4497692822592427,0.008368772051719504,0.009438042098973429,0.007165316357351474,32.871330426261494,25.161190666457433,5.1065519231069265,5.1065519231069265,True,51.99958977584589,7.154466776641854,0.058633059302309484,0.00063292428328104,9.999367396757315e-05,-0.006171494515878991,-1,,0
2843,0.273315357151688,0.5567723958359496,0.06170378425099556,0.10715171543761506,0.00018501299285318,0.0008717343308986446,33.47916742006334,25.577796288104846,5.395453519297852,5.395453519297852,True,60.43204891304767,7.172618784255914,0.05929320580215063,0.0006973054348896018,1.1265190621682813e-05,-0.005927686852190797,-1,,0
2844,0.18940257519558973,0.24964028210829775,0.12918834209982738,0.349130567622976,0.0662136623140832,0.016424570659225913,25.69143326636463,21.0052302130536,6.401574517462402,6.401574517462402,True,78.16669533516016,7.173277312999165,0.1543231457964079,0.0005972513226172187,-0.0008495290547816406,-0.0041988353887140485,-1,,0
2845,0.1783283721036005,0.28627690079162577,0.24277341090775661,0.24740370148634014,0.008223136132940907,0.036994478577736065,40.03813949480434,33.11782285638501,4.191356366041798,4.191356366041798,True,62.070317153147776,7.347233765036895,0.05875653099947646,0.0021701758215210386,0.00023447968636090518,-0.003302023821316644,-1,,0
2846,0.2296044834450016,0.045105678212582205,0.009372104105397648,0.0955518412286031,0.2671826959716085,0.35318319703680706,41.1233499351206,31.707521775230596,3.577469143930349,3.577469143930349,True,52.70502871022535,7.431576419522722,0.1368063921502473,0.004325967385484672,0.0018253054681322289,-0.001996231843271914,-1,,0
2847,0.5312738608850153,0.05477487834588924,0.002061338442025778,0.1666606979412659,0.06582874217001917,0.17940048221578475,42.08167530950535,41.84268398406867,2.495234900687782,2.495234900687782,True,38.80236456375211,7.461303322855639,0.09677954785970333,0.004499675464134405,0.001515610540455473,-0.0015825384613716714,-1,,0
2848,0.09809195454271427,0.34227638783812464,0.1974560817888877,0.12093250112269528,0.015995957282385505,0.22524711742519277,26.965691402844943,49.080254720639694,2.773094243623296,2.773094243623296,True,42.00467014550158,7.270625231967886,0.08353924293803379,0.0008708187933943465,0.0001863910356215593,-0.002840306198624465,-1,,0
2849,0.1596050951341727,0.1564388925233846,0.09851019106483873,0.42297703534585185,0.006334369657695135,0.15613441627405675,25.294948938026575,33.87352151718474,3.7052975935876473,3.7052975935876473,True,59.13150186273179,7.290280751758059,0.24932839141665666,0.0010265074179242866,0.0007936341429109893,-0.002182651124364497,-1,,0
2850,0.07343891976363448,0.15937065008599383,0.028897923813357155,0.32736670685597424,0.0692139242995194,0.34171187518152074,40.850230186335246,23.275765594036137,5.2459959496923485,5.2459959496923485,True,79.62536315240679,7.411626635440787,0.2225004549674307,0.004479471690474816,0.0025456737343267275,-0.0019283343012664012,-1,,0
2851,0.0907686274943682,0.09398744155945281,0.2670184121474307,0.13788152299481876,0.08026782482790534,0.33007617097602404,36.97139584594316,24.48490123389793,5.186805284684884,5.186805284684884,True,68.57273259214553,7.317708956095378,0.12511167832459716,0.002388607324386411,0.0002149210476387298,-0.003239269183708896,-1,,0
2852,0.20585435856454048,0.15791787165186047,0.048986041298920265,0.5397088945390586,0.03739902229792609,0.010133811647694,37.217795547875,31.03460923850053,4.107070298027985,4.107070298027985,True,71.13485614583776,7.407625223901734,0.1423526782515624,0.0028641441951239794,0.0016602310219477785,-0.0015724762076230255,-1,,0
2853,0.24960540237794054,0.07830616966944395,0.01414303081522107,0.031527574669221785,0.37979569634413657,0.24662212612403617,34.10926600346284,37.6768590240967,3.1394244916059573,3.1394244916059573,True,44.67989772102533,7.35477893643861,0.10021350220724726,0.0019617738547141913,0.000851517992426082,-0.0025176048307745946,-1,,0
2854,0.2590253767835327,0.004189192099121596,0.12054276400766095,0.13159204922123105,0.41494840702179525,0.06970221086665845,25.336522740248967,20.839339256629238,6.010819175019235,6.010819175019235,True,65.13212577426441,7.161366929547893,0.1445282576875067,0.0005475194625552325,-0.0004682829286093311,-0.004621646246672705,-1,,0
2855,0.05191405845739171,0.2308488076010814,0.4188923970087948,0.013990076752708521,0.2796661049185001,0.004688555261523456,40.54785462575256,46.39908426068474,3.457230449522374,3.457230449522374,True,50.16599665065233,7.313376783049315,0.03250501111908825,0.0010060141668111061,0.00019764286262579595,-0.00458637485026538,-1,,0
2856,0.3096772487972806,0.20861623558063933,0.21871002937308429,0.22027647957799856,0.04029514578047763,0.002424860890519519,40.97457478456976,45.40681733090934,2.8495358506061104,2.8495358506061104,True,45.315595542976325,7.403251704065326,0.05271321680772792,0.002632887824449503,0.00047877821316058805,-0.0023928142164182688,-1,,0
2857,0.6522492242922284,0.18833003759892258,0.018964661616592667,0.055032956102729146,0.04438639817371702,0.04103672221581005,33.27320541387439,19.73421015681108,5.40902487575845,5.40902487575845,True,52.13118458983398,7.230615865025837,0.09381710712276327,0.0011069468940906886,3.2428572307385126e-05,-0.0041545034992099385,-1,,0
2858,0.5208495158289136,0.0954550508605969,0.17057466012614955,0.16133123852369963,0.05004179215777161,0.00174774250286864,25.879433364458905,33.64331287579424,3.4037868505273905,3.4037868505273905,True,42.88638096026711,7.236158293661287,0.09503049962854915,0.0006893095858644337,-5.489011710875621e-05,-0.00344117859752262,-1,,0
2859,0.21309486951527112,0.34047967415865704,0.13228438795935413,0.1893079097303583,0.06299118830292516,0.061841970333434346,43.197389811249984,37.11552102081303,3.6249207167918347,3.6249207167918347,True,54.51806795754818,7.397935023709041,0.05462129091760934,0.0030508716590648484,0.0003864556831755421,-0.002889831859643548,-1,,0
2860,0.40506366916558967,0.3675318710645692,0.08044339232852635,0.026655273387878417,0.015322948955849697,0.10498284509758657,31.344971957894685,35.71553297159868,3.393270217679401,3.393270217679401,True,41.563943138974636,7.2543096491675705,0.0651418212864116,0.0010023900791488007,0.00011311782807917326,-0.003933444116214724,-1,,0
2861,0.06808655393189178,0.010691215924189527,0.4270941626066245,0.16924483154623904,0.019990602505128418,0.3048926334859268,41.64136814896051,29.033202373978316,4.501854918302788,4.501854918302788,True,65.79207543154628,7.383016074548038,0.09948602120268547,0.0036755588774939167,0.000659464569704469,-0.0027189391325216977,-1,,0
2862,0.1538893329844904,0.48163372577824237,0.1077924397518408,0.02602025261245731,0.029200864524476778,0.20146338434849234,41.39496979995677,25.676387066654165,5.294194583272458,5.294194583272458,True,63.04872450682946,7.281932088833774,0.05753562291205577,0.0021065714875562773,3.118297636093058e-05,-0.004839976495679196,-1,,0
2863,0.3906168716704436,0.3440332667733877,0.16676991198624042,0.09796343665650376,0.00016898806461893126,0.0004475248488055266,31.970113571915412,33.31954503514216,3.8216262816051056,3.8216262816051056,True,47.08093693086085,7.234191894329742,0.05842720585891548,0.0008452651871521024,5.902156194584083e-05,-0.0044319057973941775,-1,,0
2864,0.43473600025162645,0.23085091344929737,0.02491144714021043,0.09794161921951063,8.132399125898908e-05,0.21147869594809615,34.29372835388963,49.08447681844333,2.2648399490029907,2.2648399490029907,True,34.298950795231924,7.375544771476291,0.08689806737707309,0.002129063204731489,0.0009684179581606572,-0.001948522301844137,-1,,0
2865,0.7079780117712203,0.13185934329013052,0.0063194250117274255,0.05683577697862607,0.08919664912673549,0.007810793821560112,35.32778847056349,25.40688115664086,4.1120901018738385,4.1120901018738385,True,45.200043045974475,7.293498286046763,0.07688118216636221,0.0015049565717480137,0.0001696071629317532,-0.0036277409045861733,-1,,0
2866,0.40152548139623484,0.2497804491619078,0.11599619404778805,0.13473303984665608,0.08589743550343866,0.012067400043974729,32.898670862570725,31.917598024524665,3.8546101101551646,3.8546101101551646,True,49.40642615986787,7.271393697223841,0.067699276854177,0.0011146524480908893,9.096197742441163e-05,-0.003793810705160222,-1,,0
2867,0.26466183762817136,0.004134120017938475,0.4085915773755581,0.10963845317666569,0.13580356702737983,0.07717044477428665,32.098240760163904,38.916264078597436,3.333336073905175,3.333336073905175,True,46.69118987534891,7.284112965047139,0.06468165056210295,0.0011071504316960635,0.0001665245285420733,-0.0034466855478314296,-1,,0
2868,0.05329167344630624,0.011327059170416548,0.31268183384357595,0.2527551625123758,0.3313195825489846,0.03862468847834087,32.61325855403282,25.365775461009722,5.694528145998357,5.694528145998357,True,77.90545356332647,7.248113775649379,0.08608230789938658,0.0010603745766867873,-3.0233366138865412e-05,-0.004106510497499709,-1,,0
2869,0.5565630458793224,0.1209845380868049,0.12039089273551774,0.06956329964930263,0.12384331531468927,0.008654908334362988,38.10709836230292,30.198888686347484,3.7439058664707363,3.7439058664707363,True,46.065716284798654,7.325188097247368,0.06160365173871092,0.0018557986071433925,0.00021835883224113951,-0.0035274843026678986,-1,,0
2870,0.20081906145189427,0.005946458299546118,0.24775522238097522,0.21900839858272558,0.019425441813575674,0.30704541747128317,34.06052228573283,38.77011962831806,3.0516053890545076,3.0516053890545076,True,48.649700590826576,7.37698983723443,0.15346967637756426,0.0023970689911479762,0.0018255705352212615,-0.0018832418754121583,-1,,0
2871,0.493033552768123,0.07680842255763833,0.28456272907579894,0.08125043953170508,0.017112772010318723,0.04723208405641591,40.16511564009722,43.85043453649837,2.654439158915379,2.654439158915379,True,37.88323773054551,7.383993723541847,0.05322323049378599,0.002523784698509994,0.0004535537914672674,-0.0026777216375902307,-1,,0
2872,0.15583515250975374,0.22533872311621597,0.1882471496178524,0.10314918736028635,0.011700468665051771,0.31572931873083965,32.49606241634895,23.081507690135243,5.4121874482074395,5.4121874482074395,True,64.3024024518788,7.247364835490139,0.12901509281539503,0.0014260487186312884,-0.000331762865019094,-0.003942773538957421,-1,,0
2873,0.6001436931543124,0.17813754978521723,0.05196089449634012,0.006151213790732145,0.009101527506727491,0.15450512126667051,39.286842029890394,33.272194365617835,3.1806205378721857,3.1806205378721857,True,39.537041514813986,7.364510860461154,0.07137710154539632,0.002613915874605008,0.00045457087416885444,-0.002962567775700752,-1,,0
2874,0.16344899222027195,0.06229016466106865,0.5033211776515284,0.12330720842984293,0.13122299347934588,0.016409463557942084,37.63603092703633,32.22091628423341,4.473826113023986,4.473826113023986,True,60.271811763098604,7.270337307306393,0.0487417694846603,0.001207519613379669,9.395214237553605e-05,-0.004692367310665896,-1,,0
2875,0.46398745815695486,0.017200174519496625,0.09393301542488991,0.10665445518569033,0.19914977152261792,0.11907512519035023,40.45386046407709,17.60163553968613,6.318492975705315,6.318492975705315,True,68.81764624575395,7.314015999121227,0.09503028848343552,0.0024377737460309122,-6.043581359800125e-05,-0.003379254898992514,-1,,0
2876,0.05655787909868109,0.0017598710459522271,0.6095461074100712,0.01622724804109891,0.28520733258061154,0.03070156182358511,33.145038785819835,36.559752936642994,4.27786798147446,4.27786798147446,True,55.844001002268,7.195627597666306,0.044891469640713326,0.0005275562815735922,8.220030635847873e-05,-0.005897957252410513,-1,,0
2877,0.15137621346752894,0.3374365993604632,0.3330459938010492,0.10142381632052289,0.07375149443283847,0.0029658826175972077,34.86143216628341,25.18366146688725,5.92991299898306,5.92991299898306,True,68.05452393768778,7.151784206066889,0.054229748606848066,0.0006242472251839281,2.1055001560570237e-05,-0.006787934375426411,-1,,0
2878,0.23735613654540272,0.06443770881718598,0.038990771687863184,0.38203501751384594,0.03518272938145699,0.2419976360542452,42.69940002831213,40.913028579899134,2.810139568789541,2.810139568789541,True,50.85749043304446,7.493199512923018,0.15768165877683538,0.005701721028675362,0.003615860383475694,-0.0009797647007355756,-1,,0
2879,0.3720962077966314,0.035025567074439067,0.005665177259349303,0.4438775674450168,0.01254351798020817,0.13079196244435534,35.5258157000075,48.00212622701952,2.3080438410688116,2.3080438410688116,True,42.96010499426155,7.440538956309996,0.16229880138946165,0.0030660178474275256,0.0033348958839597037,-0.0009466853643996832,-1,,0
2880,0.20707769095573117,0.0057969645100883205,0.00021384381571248228,0.26805387546948495,0.34432692711006657,0.17453069813891642,33.48730578869988,41.522917103524236,2.8826994722497323,2.8826994722497323,True,48.66227402994701,7.39576086182998,0.1428904867374214,0.002237853279648245,0.0020964485310877435,-0.0015741617430272655,-1,,0
2881,0.23718304888514527,0.10426274342989744,0.059943693277591616,0.13957130932348316,0.15122178596506822,0.3078174191188142,28.35872479602836,21.43169908442388,5.411585965808017,5.411585965808017,True,63.312810423684425,7.240081737774516,0.22619607066205974,0.0011263426684336966,-0.00086391555296809,-0.0034325871549034225,-1,,0
2882,0.26612930439248683,0.26290082061775266,0.06354910708275645,0.3187180639523033,0.027940653995556897,0.06076204995914385,35.036096301521354,17.690405365059828,7.130404126655019,7.130404126655019,True,85.78829537894013,7.258564765526403,0.12173879674752265,0.0015141654934126135,-0.00032805384416759436,-0.0034805376374038473,-1,,0
2883,0.3233602268474254,0.11635744610526029,0.23467876802554444,0.2563389367573635,0.0619791403110112,0.007285481953395231,27.470125146785506,48.76346910395698,2.589181381158529,2.589181381158529,True,40.94128213755534,7.294044021524603,0.07739668980605008,0.0008768248108584086,0.00023594280979428252,-0.0024188213196154355,-1,,0
2884,0.33515349693674457,0.07674798336569395,0.12334629211154705,0.052974114802904586,0.00822889604025298,0.403549216742857,38.164806116222124,47.45803658833954,2.2836780435952737,2.2836780435952737,True,35.63161576586212,7.428753825070257,0.11965832901728853,0.0036017233499365687,0.002136794069747363,-0.0015906122378790274,-1,,0
2885,0.2348093163727108,0.559749403196755,0.05376930650673732,0.012865353591408434,0.026279754381021467,0.112526865951367,36.48742340862888,32.333155473428334,4.19922413898936,4.19922413898936,True,50.90647533885935,7.249142889273962,0.05106434183500648,0.0011958059950247545,9.408256168241388e-05,-0.004956316222178175,-1,,0
2886,0.0698444648989899,0.05076560688068624,0.541530340815011,0.24025196235705476,0.08140723734174905,0.016200387706509056,25.29951211873188,44.44968177607326,3.3961363180315742,3.3961363180315742,True,51.85332911749855,7.216327109926516,0.06770365333769697,0.0004709980157539063,-0.0001038451712135044,-0.0037646668790166705,-1,,0
2887,0.2316784090312495,0.09021884664872111,0.030970612249160992,0.05484423740971835,0.15849901094119825,0.43378888371995167,37.399413612328495,39.78764677504584,2.8002687457160182,2.8002687457160182,True,42.62365756154404,7.416203022028745,0.1512053701437474,0.0034272585296985544,0.0025199051070294814,-0.0017965603285053458,-1,,0
2888,0.15495541985954678,0.48983381755286076,0.09979668007530634,0.11583740591440017,0.02753089517225191,0.11204578142563398,34.878422123150294,34.73609751633052,4.024724804933652,4.024724804933652,True,54.40849442268912,7.271553152671695,0.05875890359976742,0.0012374194370329001,9.424012355339216e-05,-0.004156920797224126,-1,,0
2889,0.37183489101988354,0.03405411269304606,0.031714727624761775,0.03693857169241943,0.0321379706986817,0.49331972627120757,30.149397864570485,48.95031071074589,2.084624241867751,2.084624241867751,True,32.00026388457635,7.378522671547717,0.20470355227288625,0.0020599410067766496,0.0037335278574931637,-0.0015876655002195143,-1,,0
2890,0.3491727861491042,0.021173325060872057,0.021911506507525585,0.1581397576925123,0.40902845922437037,0.04057416536561548,33.01440015095331,16.493064853505164,7.239416210470584,7.239416210470584,True,76.65364738466634,7.223542369947539,0.12288760137890127,0.001106043360190704,-0.00023716572041212032,-0.0038847521378418174,-1,,0
2891,0.08842082433201677,0.40968793690447936,0.023594562092035667,0.2686028633645861,0.1959681533888532,0.01372565991802879,26.118308367492546,35.446877323414846,4.109496734131369,4.109496734131369,True,59.461304692434325,7.223015788565449,0.08511043793628278,0.000581533846061649,-0.00012122603571800584,-0.0038168132510472243,-1,,0
2892,0.06542948321918754,0.5789531208825603,0.039735372741918976,0.08849197268419864,0.18681289863826353,0.040577151833870985,44.66759702352911,45.83177987385127,3.363997673284916,3.363997673284916,True,50.95904950125441,7.393005039826423,0.03611365513451842,0.002293189526887743,0.00029144873860083845,-0.0035185714259487353,-1,,0
2893,0.1064018361217543,0.058077084176623536,0.07855160853613116,0.31830183147864904,0.43701192777630804,0.001655711910533747,39.042091349728274,49.62391715971443,2.7683487111011633,2.7683487111011633,True,50.47110129104612,7.438621797839675,0.06757358624124125,0.0026886072654340953,0.001035444580830673,-0.0014656374865248357,-1,,0
2894,0.5498695922221476,0.13051125994166893,0.13364814245540674,0.13916516918430305,0.04314038155013658,0.0036654546463370324,39.45656524084213,23.570044936055837,4.799560749284965,4.799560749284965,True,56.513621690959496,7.316351872096219,0.07014131862438466,0.0020335598454098596,7.551236294797441e-05,-0.0036383551965951523,-1,,0
2895,0.1796234223540022,0.3631207742427445,0.11204286465606997,0.15699083031611047,0.07849782499731087,0.10972428343376196,29.433649804450816,26.701609437139687,5.051304046213336,5.051304046213336,True,61.70548900626555,7.2017920742273445,0.08998375568805454,0.0007855171702582958,-0.00021171019636007449,-0.00463525107014378,-1,,0
2896,0.5537345125792188,0.007305913964792988,0.13652125151962308,0.16106785258758247,0.13552385860148747,0.005846610747295017,29.036369871260906,48.14004059312683,2.303791256102634,2.303791256102634,True,34.2236594338233,7.320706654974482,0.07780149423737218,0.0011232590704622113,0.00044555132833446674,-0.0022337281262765052,-1,,0
2897,0.140801463349714,0.12669334971676258,0.0004354787268362929,0.3173525070632044,0.06369239121404671,0.3510248099294361,44.91195053489299,24.837436804866616,4.704171831977196,4.704171831977196,True,73.47233025284045,7.467038160884876,0.19656615637989638,0.006581062963933555,0.0029435808672244267,-0.0015792103354169834,-1,,0
2898,0.2652416375544891,0.08714229301796309,0.057038072614434984,0.39245932651538207,0.02260462435013741,0.17551404594759326,39.18457972154397,26.31082922652962,4.437621078512498,4.437621078512498,True,69.35175086619564,7.4113000624170615,0.17518185095011352,0.0036399573406188748,0.0018000339347211613,-0.0018045310964473558,-1,,0
2899,0.0739815293678089,0.010706855003644829,0.3825419096172299,0.03963067900222486,0.48071609211812844,0.012422934890963008,27.79018408772413,23.477073908084343,6.398169933650156,6.398169933650156,True,68.58622558274114,7.079815009571903,0.07786980262305102,0.0003153677825150973,-3.11144709602635e-06,-0.007341759578784523,-1,,0
2900,0.36038241813936184,0.16437049711999557,0.13470344886727412,0.1969604725900122,0.02251575638611413,0.12106740689724216,29.667433974313262,23.12312881629679,5.123558893743526,5.123558893743526,True,60.73711243399214,7.2367170980174285,0.1293694752559688,0.0010198753472098739,-0.0003393657728219257,-0.0037284579098694846,-1,,0
2901,0.023430418706425274,0.21639895327726838,0.3305858409029402,0.2120327165736092,0.10421449346561666,0.11333757707414019,29.34856858724826,46.23028127319371,3.201681598674171,3.201681598674171,True,50.92215940663807,7.279449911436387,0.0687577321187438,0.0008903114640791144,0.00017292168525988308,-0.0030503144127972406,-1,,0
2902,0.47994287956901105,0.2669467258184907,0.12707166410492354,0.0747953197251778,0.0058452452919240715,0.04539816549047268,26.704433515530575,22.99026575020938,5.130128391606567,5.130128391606567,True,50.69088270828339,7.152424988482625,0.10091571883485398,0.0005413085262076093,-8.152036674515289e-05,-0.005009546436978488,-1,,0
2903,0.28628414492384274,0.3246707088121298,0.19111636103571839,0.13516091472682656,0.01252680119784173,0.05024106930364077,35.56899789005271,24.18050624713427,5.4359684725794715,5.4359684725794715,True,63.548692437988215,7.228391409837974,0.06676713599669926,0.0011452218021130972,-4.329196453205288e-05,-0.004875166573800035,-1,,0
2904,0.15531986737064582,0.1914578335064137,0.23198399791781601,0.27509744489147836,0.08055779314300036,0.06558306317064568,37.97139266728756,32.53915206224241,4.185631256312101,4.185631256312101,True,63.48355965663303,7.348521584657824,0.07365660246836071,0.0021153358889419533,0.0003453950011479386,-0.0029252234166871442,-1,,0
2905,0.3638548661748722,0.2537291662112388,0.024954050063090885,0.24361491334460497,0.08647503032562527,0.027371973880567786,38.61932531709383,32.690312633089476,3.7256582367635214,3.7256582367635214,True,54.395715509069376,7.369468051008132,0.07515342710392023,0.002374783236496185,0.0004100476266007734,-0.0026688840225550818,-1,,0
2906,0.044460325420918004,0.05485141553029868,0.5242884067692989,0.18797123859292786,0.1364170984955276,0.0520115151910292,33.758071648513265,24.005661691763297,6.3118311874906645,6.3118311874906645,True,78.76682922657756,7.182543187869198,0.06776933363695263,0.0008211102763964053,-0.00011087586000128981,-0.005676042102354017,-1,,0
2907,0.14418246826375009,0.07741735040245182,0.25906469178170455,0.11920444582788436,0.05211384506360757,0.3480171986606016,29.528703801995526,30.002709072264505,4.08190659726263,4.08190659726263,True,54.62788954045437,7.278886278292546,0.16115302989960922,0.0013431784554489173,0.0001415166728346188,-0.0031232700198029367,-1,,0
2908,0.37043432951981886,0.024409878054315336,0.06072647422791542,0.10478187173764023,0.13753645694549982,0.3021109895148105,25.52104904755014,23.12963312397303,4.690514071549041,4.690514071549041,True,53.362700976562174,7.233191545040064,0.2615206419981087,0.0009103344212592704,-0.0008866397816883678,-0.003307859249013238,-1,,0
2909,0.10570047499941668,0.12310815725992037,0.10860620120324233,0.3634519499160167,0.16749452535292303,0.13163869126848102,26.257824846390573,36.08714421165461,3.62965535847759,3.62965535847759,True,58.2835515961361,7.295420218994217,0.1739174572253307,0.001021950197229259,0.0006776798998405499,-0.00230442696931884,-1,,0
2910,0.3941709848252097,0.345398440470403,0.10831184759718893,0.0207900073606945,0.016867273476362236,0.11446144627014154,32.955494422847,42.073001461975245,2.8892593954107313,2.8892593954107313,True,38.06090991943093,7.292050519717078,0.05864183622500032,0.0012414694019157492,0.00023711260836953036,-0.0033867535952590818,-1,,0
2911,0.41366374736172534,0.01665984072385683,0.2483776126074514,0.14369876589418887,0.04666743542516135,0.13093259798761622,43.74622607942648,48.28161814930308,2.382932973630098,2.382932973630098,True,37.89859158598703,7.459907366556663,0.06672519660859465,0.004376213010014649,0.0009640567530471144,-0.0017851510739501579,-1,,0
2912,0.1471978806804544,0.3028331429969377,0.051269377365231066,0.07311409047084343,0.0006592247949078355,0.4249262836916256,33.51185707788358,20.57308897100129,5.819508156378204,5.819508156378204,True,66.45734270792624,7.260311166085146,0.16895880612055308,0.001749512868656044,-0.0005021730627990799,-0.0036595382064006084,-1,,0
2913,0.08198221133354619,0.13939417029483825,0.10390458352602054,0.023040461512395822,0.32649124472016483,0.32518732861303423,37.17227477484956,35.12771703712946,3.632349056088574,3.632349056088574,True,51.99062192498798,7.3624868250414695,0.09644636118131547,0.0025076370230164968,0.000811648617705435,-0.002748883993037836,-1,,0
2914,0.04780187667335965,0.059087673060708286,0.1034438599027638,0.25761198224940807,0.30452228149614646,0.22753232661761372,37.44689872151793,22.871144548755247,5.691441466570677,5.691441466570677,True,80.96003320738637,7.3464602127309035,0.14830388166127617,0.0026387574169968947,0.0006899260090268514,-0.0027059271937491776,-1,,0
2915,0.18302423958023548,0.04876117556419869,0.10001647690107154,0.14073280948142808,0.465884100271657,0.06158119820140925,26.27503472834606,18.400193553023957,7.132795389325299,7.132795389325299,True,74.55712278562764,7.132881229084178,0.14279203567010412,0.0005191511285205373,-0.0004497107828614091,-0.005050854507972848,-1,,0
2916,0.4073339373095988,0.00025131001064528113,0.03697576400309913,0.40699047786870074,0.0025703877623680154,0.14587812304558806,37.03715478472643,47.89895182960547,2.2706682302491066,2.2706682302491066,True,41.60391062180464,7.451723144403456,0.15029020717240835,0.003469688715523078,0.0031177819555150226,-0.0009641756300020557,-1,,0
2917,0.044058022084539725,0.002085039878073186,0.18801026392507114,0.4809229071230509,0.17906421749960474,0.10585954948966027,32.20106254988256,31.0839235668985,4.317322928073096,4.317322928073096,True,73.69958102681751,7.356815762104031,0.19319019058320777,0.0019043998410160016,0.0020799163385501903,-0.001879083113916637,-1,,0
2918,0.45390692733974025,0.06526994118440393,0.06784412611740707,0.21370464660302274,0.14939077465699122,0.04988358409843493,38.915673269503195,22.686787786329553,5.010461955697945,5.010461955697945,True,63.88019942487967,7.345036529725104,0.09497073613586073,0.0024053316762395593,0.0001600666488871419,-0.002978584207197443,-1,,0
2919,0.12793635324405664,0.5569787876419743,0.0651500919555672,0.2119289052077178,0.020692130919584793,0.01731373103109944,34.55303975414498,42.68411401331008,3.4539599678868007,3.4539599678868007,True,52.37668633177399,7.296930332504192,0.05043129708100061,0.0011148678018986589,0.00016308798435398888,-0.003539912182316643,-1,,0
2920,0.013054014060421809,0.25260419742149937,0.24638516519137213,0.07249694001463307,0.10686097456914175,0.3085987087429319,39.90711330560527,42.33797645971363,3.2510789483494777,3.2510789483494777,True,50.250267277824996,7.386944282598461,0.07359128955046222,0.002968356994725875,0.000751501471854456,-0.0025564545764382293,-1,,0
2921,0.5528100208224841,0.09047747967144777,0.03423590989763444,0.30062839163179556,0.010744906806711647,0.011103291169926421,44.74680327255312,24.81309899744716,4.393729278327799,4.393729278327799,True,61.306160898059225,7.43199445544726,0.08756126457598795,0.0044196680070142215,0.00043864586692989504,-0.0022505238780460724,-1,,0
2922,0.23120320824939047,0.3481246981434208,0.047892155921402474,0.16624913344420736,0.0461895087225174,0.16034129551906162,39.94182525871546,34.11138268407932,3.7173471081948914,3.7173471081948914,True,54.04697704388084,7.37475816646847,0.07523208799337573,0.002780318776318234,0.0004844135681724917,-0.0027716362360045562,-1,,0
2923,0.129284129281551,0.054537567956483644,0.46522068248845266,0.2808747829192989,0.005966540477593317,0.06411629687662043,38.33209534442393,39.59495619331738,3.5366111499045934,3.5366111499045934,True,57.17341246225011,7.364746214814437,0.06386886887672706,0.0021509505056198754,0.0004190189836218385,-0.0026529664303803703,-1,,0
2924,0.7314173987820715,0.08618462498886088,0.0708429580644395,0.019006737944108565,0.04802460420377055,0.044523676016749135,39.994626338926295,45.42980597179279,2.260659498272907,2.260659498272907,True,30.717860457073307,7.402845150914753,0.05728062727860742,0.0028343119283875864,0.0006460463823344295,-0.002358129434622152,-1,,0
2925,0.0969186379897708,0.018205482673634664,0.2407959396146619,0.0807861121970286,0.33625873431939596,0.22703509320550813,31.986433504721106,36.139254244476426,3.628545490238539,3.628545490238539,True,52.07329371488002,7.307738571796149,0.09401762251427391,0.0014187298780990356,0.0004246425744824124,-0.003050456978230302,-1,,0
2926,0.1665098898849861,0.12707534042887153,0.399776626234947,0.06373002927396708,0.15732973422112315,0.08557837995610502,30.605808631937116,33.78274820467901,4.13648428561145,4.13648428561145,True,52.71183394855301,7.211951972950248,0.0616883531356551,0.0007222566677927951,4.4001639718626045e-06,-0.004828606502016679,-1,,0
2927,0.06059723909075561,0.23630428564496156,0.06109780544379891,0.31923358621450915,0.09802069820010259,0.2247463854058722,40.02350280343856,41.64004344646561,3.1471593493224383,3.1471593493224383,True,55.36839217041165,7.44172231730925,0.11647946791912477,0.0038578312180118338,0.001998937006676871,-0.001450664414392928,-1,,0
2928,0.19164813612830872,0.20279038145966335,0.016541715343190964,0.4025966797309616,0.10228059679438124,0.08414249054349406,33.40249005978245,30.348808928054392,4.1791571240832575,4.1791571240832575,True,66.22489825273625,7.350587779723272,0.1436849883418545,0.0019132996611824118,0.000931438237426663,-0.0021792884247669436,-1,,0
2929,0.01881602060310472,0.056919095215782804,0.07625017437410987,0.43806355638119254,0.19303238628112412,0.21691876714468594,31.67699702340346,16.76145386158522,7.725525591683795,7.725525591683795,True,104.66374051161041,7.271234351728537,0.3740508641643545,0.0016608982647724172,-0.0008476151145843741,-0.0025492082763370312,-1,,0
2930,0.2384799054336024,0.012588722370481007,0.1999281311624274,0.13438678363871698,0.2210545506557059,0.1935619067390664,30.21034810385064,46.48548019599298,2.6208410892949194,2.6208410892949194,True,40.873707681386655,7.335954655132636,0.09889322537366485,0.001404919407349156,0.0007766481795806365,-0.002154169887636261,-1,,0
2931,0.04898367655297442,0.008254745658431987,0.2833541943513487,0.11077065999058566,0.2999850184793201,0.24865170496733913,31.17939084818632,48.99037334182441,2.7256176578081255,2.7256176578081255,True,44.15644806861861,7.340971340499855,0.09088395278517622,0.0014776896608906839,0.000824280430158321,-0.0021798568615929922,-1,,0
2932,0.057385026961141915,0.009607679779154854,0.032681613462621044,0.6100659912374184,0.2009017814281016,0.08935790713156205,29.829561704307636,38.92284349924179,3.3250953188024335,3.3250953188024335,True,64.26070600539,7.383722536740532,0.31298199752766953,0.0018685585559111023,0.006890047131175038,-0.0012482174493781816,-1,,0
2933,0.23661746707882914,0.007170422908637963,0.10342739662009832,0.10476584897708095,0.5371662588438635,0.010852605571490277,36.47806587143671,37.87480198099195,3.4337515359452646,3.4337515359452646,True,50.46736034698323,7.351093125823867,0.06007646896510516,0.0016646654868322623,0.00040809407436310336,-0.0029387635804700094,-1,,0
2934,0.34973466816839877,0.09824094307434036,0.03913996538744435,0.14914552859814817,0.28556273530712717,0.07817615946454112,37.87915893218362,38.26994334390356,3.1154203270268073,3.1154203270268073,True,46.56632699272094,7.386534250060094,0.0756040233690053,0.002417525240662971,0.0006656716319718269,-0.002364320588095865,-1,,0
2935,0.30533608060015105,0.15443208918000145,0.19316299799345454,0.2051096480385345,0.0004652431634847088,0.1414939410243737,43.11094096870918,32.53877984249925,3.732556753337915,3.732556753337915,True,55.10383371433646,7.414171520175964,0.07775827566732649,0.003854686337691353,0.0005906730226874412,-0.002452811057967099,-1,,0
2936,0.2729519692229492,0.29224327724367727,0.3401919588718637,0.05761406545351087,0.034856725834837225,0.002142003373161971,26.356975658079904,20.833017377875983,6.662109995080959,6.662109995080959,True,60.55041419457584,7.028015868153253,0.0906033912418231,0.0002623806022696229,0.00016073542714458607,-0.007700944198318092,-1,,0
2937,0.268179902823967,0.06277122496380737,0.27784710676514063,0.17900225654143218,0.0009882535129369049,0.21121125539271582,39.16437960817528,29.762985119026936,4.051547529687309,4.051547529687309,True,57.33716877220066,7.368027055799415,0.09688156687987276,0.0028707320918021553,0.0005150171047553231,-0.002704742983525791,-1,,0
2938,0.23308453867243073,0.04205235366687113,0.1073971348354423,0.2256758131006099,0.031076493416579868,0.36071366630806595,35.971039652393735,33.86321821521166,3.327665603354809,3.327665603354809,True,52.02175288052404,7.399236649665817,0.20359649618954628,0.0030835253353436805,0.00297235618001525,-0.0017984890600172773,-1,,0
2939,0.210055528291174,0.24420651687422543,0.0876172557439652,0.37642107191518337,0.020640842377443246,0.061058784798008865,32.6525854596914,40.95582100351421,3.1536694011636417,3.1536694011636417,True,52.937332877052356,7.354986104457891,0.10229989546661966,0.001691019615306224,0.000775438682306757,-0.0019874503208703533,-1,,0
2940,0.3109041307144286,0.3327955804398884,0.0008572842192344543,0.18785247175855116,0.0036049622803257775,0.16398557058757163,39.47069767793097,38.571976487724555,3.1169290891734027,3.1169290891734027,True,47.351448976557315,7.398951451244767,0.08264211370640287,0.0030180250843596973,0.000779120724569072,-0.0022364408146177375,-1,,0
2941,0.01882596578209615,0.08525313285677641,0.20707552167210133,0.48516431103746716,0.010498942604804168,0.19318212604675478,39.3062034806989,45.61432006616991,2.9152371425333503,2.9152371425333503,True,56.98837095495927,7.462179273228563,0.15010886367968565,0.004090965957009988,0.003469541414854156,-0.0008963602518952633,-1,,0
2942,0.09245335996847152,0.0994349243838434,0.2938582063262924,0.2182625232699312,0.2958249927872786,0.00016599326418307816,36.90785558886549,48.68288797987833,2.9974693025907113,2.9974693025907113,True,50.12367527558077,7.366309828666515,0.049598697081513946,0.001592244929248116,0.00040973091959855743,-0.0025210050200592847,-1,,0
2943,0.12892929333927722,0.03605547121052724,0.050461787884360336,0.08352740684397929,0.32263826792053163,0.37838777280132435,27.38385368781276,35.27835906375458,3.361723239164644,3.361723239164644,True,48.02651149373465,7.306084865198866,0.21172240742571463,0.0012927934910121602,0.0014094940569637981,-0.002499134146271674,-1,,0
2944,0.1837975049065267,0.08457624477772621,0.01273449130903886,0.3224398361121861,0.22640428209153227,0.1700476408029899,39.33853091871591,29.08881643817438,4.1967090345585,4.1967090345585,True,66.48383189842649,7.414879571650615,0.14342536031620962,0.0035232410483085515,0.0016641120253123392,-0.0018798412375409875,-1,,0
2945,0.30243176896500135,0.3179149729129238,0.0706610287619829,0.18132105744832636,0.12122521098518073,0.006445960926584912,30.76416772913873,32.00149810844396,4.053144517034956,4.053144517034956,True,53.519030244630855,7.251406685527664,0.07301943174879297,0.0008975982048884511,1.619863227322133e-05,-0.0038870860570553336,-1,,0
2946,0.31358427151301865,0.19910440631409848,0.04623213000171949,0.3729879963774437,8.47543219401619e-05,0.06800644147177948,32.29495360581406,46.36496284271266,2.602197059174838,2.602197059174838,True,44.88774641584616,7.374026806831061,0.10928162476422859,0.0018187318366075073,0.0011295283388403116,-0.0015938405475095737,-1,,0
2947,0.15458824205419738,0.01209527556635745,0.13687088840967182,0.4656520690728746,0.014141368384632135,0.2166521565122668,32.1358482506651,17.028279708085165,7.074300181182692,7.074300181182692,True,96.20198916746135,7.289858256243458,0.42091698966414137,0.0018258387438847875,-0.0007681672768504819,-0.002272507130686846,-1,,0
2948,0.11811991586605418,0.41239371183957935,0.143536999497727,0.13898069084791614,0.03985435061063316,0.14711433133809018,36.52778280330906,25.839703655214773,5.394878004406062,5.394878004406062,True,67.98480178077267,7.253767871851631,0.06990920667858314,0.0014530047829551269,-3.768484282490007e-05,-0.004589193581981556,-1,,0
2949,0.262818704837492,0.1250136412347324,0.36852237450541797,0.1558612043773026,0.0009929153891772959,0.08679115965587782,26.91796289601682,32.593694039916336,3.9936705042348137,3.9936705042348137,True,51.18961311830735,7.209045783298479,0.08727416868709441,0.0006654723309793179,-0.0001825450953255279,-0.004150746952383885,-1,,0
2950,0.4416315097181817,0.3176651778224375,0.028354194735077998,0.14542846131703305,0.05080006357603236,0.016120592831237287,35.75692822331403,16.927883465327803,7.0871236319397255,7.0871236319397255,True,70.59162026901761,7.2086954877932445,0.08766975034522353,0.0011474671441915802,-0.00010242134626762338,-0.004467092581223906,-1,,0
2951,0.46162121249406035,0.20478847831268102,0.07292746736191015,0.09404112710364118,0.002502110501757058,0.1641196042259503,36.95276337919686,32.69435895429956,3.4252691030632207,3.4252691030632207,True,45.251097996599015,7.348225823655675,0.08399708413999855,0.002230559951127908,0.0004258043124248399,-0.002877204058779877,-1,,0
2952,0.047535014808510856,0.11173059605669643,0.24966068159721846,0.12617250557136098,0.09812664218673363,0.36677455977947965,40.47225246083182,24.462797193705374,5.240993316742833,5.240993316742833,True,71.02839287798737,7.3553798716672105,0.1195141809197329,0.0033748861406931304,0.00048060852206470526,-0.002997600730250233,-1,,0
2953,0.2890631193976038,0.45471799926130546,0.12009791684089532,0.02546161424054753,0.003367192155611842,0.10729215810403621,29.975190473272786,48.048795478831025,2.7263047818020643,2.7263047818020643,True,37.09498798166213,7.258946640242306,0.05352464260002214,0.0008408593318149265,0.00014617371088543123,-0.0035542962729619,-1,,0
2954,0.27981526897928377,0.22994683127720972,0.1487628403261482,0.020583438339042838,0.009315698518027283,0.31157592256028815,41.414233682234865,17.870322436757633,6.605701576818741,6.605701576818741,True,69.15455560377096,7.286717714579783,0.09116710162709794,0.0026538620868535433,-0.00017057609275290074,-0.00396087755607818,-1,,0
2955,0.06197704983015813,0.07116698060148317,0.2816557791335661,0.36593484934153514,0.0024594679598357065,0.21680587313342187,40.72072635291687,38.20649708623859,3.4413760288863813,3.4413760288863813,True,60.49946414897466,7.440709498214222,0.1228621416902908,0.004105142368227845,0.0019825776119292205,-0.001497545689292772,-1,,0
2956,0.19605493194261836,0.2706453075097112,0.16631797811777982,0.15192870416103552,0.043149034137008636,0.1719040441318464,44.376274485263146,48.62317206378105,2.6622343509823048,2.6622343509823048,True,43.29853066246683,7.454059907277943,0.0615012333197272,0.004284877241123298,0.0008397646054399552,-0.001965404850266261,-1,,0
2957,0.4248078466903388,0.017599405596714364,0.09281875599773978,0.19564464750321536,0.04430693751807563,0.22482240669391612,30.4882124931152,40.65798324893674,2.6584293497193614,2.6584293497193614,True,40.457619496893585,7.353852902983064,0.15002210897545118,0.0017168482390356968,0.0014446610984549563,-0.0019065872277539005,-1,,0
2958,0.4226013296009134,0.005265415760620853,0.03689505842916648,0.3301530205295213,0.1500612183843082,0.05502395729546979,31.33710171559848,35.16791755318377,3.1990861996533124,3.1990861996533124,True,49.86152454865372,7.354522815567862,0.14077557639904958,0.0016698952122155741,0.0010323931183484957,-0.001970876343047163,-1,,0
2959,0.3206004600351081,0.2453722251967076,0.292431747618776,0.08228717192022497,0.057578020096825375,0.0017303751323577933,27.55884095063482,20.306099653910948,6.541904131516626,6.541904131516626,True,61.48078810431462,7.075871486022743,0.09149737790752038,0.00036994039470997784,5.1829977426052565e-05,-0.006622236787493909,-1,,0
2960,0.07817841194603865,0.06498537498332069,0.46691001047700786,0.28561521346605917,0.07857534024599165,0.025735648881581922,43.13910446485124,30.745307013867453,4.787283465483847,4.787283465483847,True,73.15606267442159,7.3720674613042,0.056145402274921805,0.002743883527730201,0.0002745293827190141,-0.0032719829411435334,-1,,0
2961,0.21392821583558602,0.06887755857651942,0.04115036050163464,0.3962681723750919,0.14456999778572038,0.1352056949254477,40.93783477681578,43.53247008428832,2.7810370216955778,2.7810370216955778,True,50.98906674955721,7.474064703451199,0.12359351136928212,0.004424975533668766,0.0024951829211203804,-0.001052393146359199,-1,,0
2962,0.35620930590547895,0.09116255605243145,0.005836112583618694,0.2828632302853596,0.014803421829739516,0.24912537334337176,39.69886197181083,25.65540497682288,4.267960041294053,4.267960041294053,True,62.31596560371262,7.410519519609419,0.17293031496557407,0.0038155399820232897,0.0015724470189866654,-0.001953796891943442,-1,,0
2963,0.015132395731969044,0.20688876853237703,0.22910355516125178,0.017836096895978926,0.2630488469164911,0.26799033676193224,42.27718787681965,39.68199013283682,3.51895725067976,3.51895725067976,True,52.302760569998426,7.3934800114324775,0.06168676786844938,0.003199302431266889,0.0005820862770231328,-0.002921386673147219,-1,,0
2964,0.29173255979169416,0.22806274800211496,0.18435520269763198,0.19159236097622626,0.04201573877513649,0.062241389757195995,39.86302886810105,46.06297308662277,2.7706939789878042,2.7706939789878042,True,43.89158062661072,7.3982754308212275,0.05820506912172881,0.00260409536674733,0.000558404218809193,-0.002304373569835072,-1,,0
2965,0.265179984228182,0.3137074461939188,0.09133910567805854,0.23563951922148366,0.010212728925242593,0.0839212157531141,36.973269449153676,31.142977198487067,4.09714172027852,4.09714172027852,True,58.44583506761001,7.334335632284485,0.07876969994823435,0.001988294872819751,0.00025979222609552133,-0.003051965808111951,-1,,0
2966,0.2489333783753695,0.04343879807520799,0.24366261828663763,0.05724797864319185,0.035636220224041754,0.3710810063955512,42.80325115194151,28.178469126567872,4.090539624487858,4.090539624487858,True,55.23396557125961,7.403035998176259,0.10663519101824151,0.004324184884492081,0.0007659150814726657,-0.0025976099148586774,-1,,0
2967,0.08617213582349303,0.19828375083540437,0.11068918359698994,0.29827978429975494,0.20203434539232465,0.10454080005203321,25.025798889126442,31.13169958417427,4.388278980472256,4.388278980472256,True,63.143596406306585,7.236307682043675,0.14237746932692377,0.0007220495273336095,-0.00027638995467776895,-0.003315554659059682,-1,,0
2968,0.5493741103759626,0.21560557853321888,0.1323342702256698,0.08295552731689912,0.001256911718922311,0.018473601829327287,26.472237876327604,49.06172053812254,2.331809640139303,2.331809640139303,True,31.71589497194964,7.2638240361900746,0.06594312408963716,0.0007472103010548931,0.0001664798276767211,-0.0028664768865210685,-1,,0
2969,0.2874479724325412,0.03667113307090796,0.1382291527483714,0.22017163172692714,0.20908958233865013,0.10839052768260224,25.110023480795974,38.72598545994585,3.1285470973484335,3.1285470973484335,True,46.07789911046567,7.27633071382734,0.12968884636112998,0.0008313388996184063,0.0002213789909816904,-0.0025978947073258514,-1,,0
2970,0.4025474146558676,0.000897256977393377,0.08913317858146878,0.44385261244465046,0.0038712410269859717,0.05969829631363375,29.867693915724413,48.70208021088225,2.3139221690770295,2.3139221690770295,True,41.729818945587844,7.378778637594661,0.15208712758399676,0.001694222666767767,0.0019835803861353437,-0.0012214261707506652,-1,,0
2971,0.13772131011483849,0.2252813087385413,0.21239377383797803,0.2778467478313714,0.14333585572462568,0.0034210037526449786,25.538715308175654,32.13493486898754,4.412131103388005,4.412131103388005,True,61.25594722033047,7.205034742134394,0.09376472345898676,0.0005470871406114094,-0.00025248382217492934,-0.00405303506860499,-1,,0
2972,0.10842214413953355,0.12645982812620526,0.10144545598769449,0.3934094595702969,0.213141310372263,0.05712180180400695,44.734239580625626,49.19094140182877,2.7338734038204797,2.7338734038204797,True,51.55509406896871,7.503285120114772,0.07790641767907147,0.005088326385332892,0.0015288937508357693,-0.0010731065689242182,-1,,0
2973,0.12327520266102882,0.2404709364322274,0.10234710919081974,0.3429039258136498,0.001707652435862754,0.18929517346641134,31.745459445785315,29.30814596755588,4.401399073145887,4.401399073145887,True,66.43997330566715,7.316695667565855,0.16079745646020482,0.0016569284768715997,0.0005732039793967192,-0.0025554668529588175,-1,,0
2974,0.17523549384636158,0.1507099869540879,0.09265549735831186,0.29367735225037156,0.1548098646149891,0.13291180497587796,27.00911611595632,30.887074239669268,4.123308822785362,4.123308822785362,True,59.74806723384169,7.271970503188311,0.1568892328669152,0.0009864635603042417,4.580351242828866e-05,-0.0028731092453079515,-1,,0
2975,0.06816235359079174,0.3192335262174121,0.14755306577236943,0.06650441507806999,0.3858873446429094,0.012659294698447381,36.99403198096546,20.042466624452842,7.603173911653325,7.603173911653325,True,82.18271394286826,7.135041176014203,0.05858242423959415,0.0007029365514943169,2.0316425172301358e-05,-0.007161175390336222,-1,,0
2976,0.18015237293588462,0.32834232282436127,0.010513630005531727,0.23675851117260727,0.1030448258256436,0.1411883372359716,37.24228871830348,45.98771006785015,2.8108007733748828,2.8108007733748828,True,46.70350523736298,7.397383428882406,0.08016275066742862,0.0025013706477249003,0.0009238818406690085,-0.0019103255831611945,-1,,0
2977,0.18203019147809854,0.03522301963498718,0.3899549643706789,0.04515635282130866,0.3455234946148933,0.0021119770800333637,25.01910666846961,19.15735097231778,7.408136357177705,7.408136357177705,True,67.3356594277423,7.011617951973076,0.10977643028268821,0.00023018697055623646,0.00015636321090496972,-0.007757750231656357,-1,,0
2978,0.358061225130856,0.12391033793178353,0.018476174213481307,0.0009025546206889354,0.035718210351383985,0.46293149775180614,28.322024254742036,35.036501814615505,2.9965080999212317,2.9965080999212317,True,39.106684728870334,7.314069630143686,0.21023928102302514,0.0014838915206546379,0.0015583955335911612,-0.00248087027299166,-1,,0
2979,0.21009852871089385,0.09101702858826921,0.17081372084970758,0.06663226429494311,0.3557521890028933,0.10568626855329276,27.053887803012852,39.54126436082887,3.2902124590755095,3.2902124590755095,True,45.06358178231144,7.251336879734236,0.07935673638127815,0.0007362873613104974,0.00010501770861580052,-0.0034682208319609673,-1,,0
2980,0.4137032171171396,0.014574487727110926,0.0446310388547543,0.1466370033953674,0.24611607510718003,0.13433817779844767,42.74045181116767,47.06350896713476,2.3816035447776063,2.3816035447776063,True,38.50113223320037,7.469465054005549,0.07845345653693937,0.004386287850608647,0.0012964297554022963,-0.0015543573107280073,-1,,0
2981,0.24778810872314352,0.011572592898399727,0.22516349020689602,0.29820539600154444,0.10397184375381026,0.11329856841620595,26.70593151079816,19.280998152279984,6.393768687975646,6.393768687975646,True,75.64608240359269,7.200641285411481,0.20778468957783325,0.0007979687214839077,-0.00123386558678143,-0.0036430442695178414,-1,,0
2982,0.05837605226645118,0.15966001227185436,0.07967099835688944,0.27014169928297566,0.3197555122289367,0.11239572559289246,44.23914371570085,48.493808070028486,2.8331045033993525,2.8331045033993525,True,50.84300550704522,7.484360065632536,0.07057670324284354,0.004554585574111447,0.0012664199959015285,-0.0014148989014903042,-1,,0
2983,0.42609033955567194,0.10392483360763939,0.2591384940553973,0.051128121953765364,0.03945044130938581,0.1202677695181402,32.638377678366844,23.031661643902023,5.098218359618364,5.098218359618364,True,54.270588641066034,7.220845785136671,0.08630428338071236,0.0010608535853294991,-6.525889623391863e-05,-0.004519999374163225,-1,,0
2984,0.11532898996882397,0.21500089068647213,0.2069451178529389,0.3323400036453622,0.08921904686414242,0.041165950982260426,35.200211645181305,21.667523658696027,6.456279127180888,6.456279127180888,True,86.21561669699737,7.263917364875488,0.09458649337591993,0.0014398115935724107,-0.00011394640382933747,-0.0038031824299274678,-1,,0
2985,0.35222975507535603,0.296895314527736,0.20799847780002034,0.024284389683710952,0.02932475059921454,0.08926731231396232,44.59324903311126,18.848855600983097,6.697156115153142,6.697156115153142,True,68.17377876587751,7.261224547125645,0.054021373591524674,0.002146485682571156,-2.4168417059815858e-05,-0.005175274604747342,-1,,0
2986,0.13792676173033483,0.08051723341920157,0.25465172307396855,0.24551762587360526,0.14531737397095887,0.13606928193193085,32.38285364365537,27.17483502800713,4.861141385831217,4.861141385831217,True,67.47634184361533,7.28253516631915,0.1102204833122714,0.0013787622609403405,4.627033186851098e-05,-0.0033621120059323635,-1,,0
2987,0.1636289212487493,0.1265347144203653,0.0034498129637078392,0.2307875857299153,0.2907675950035689,0.18483137063369334,27.501280461623242,25.312993070805195,4.917080371630517,4.917080371630517,True,65.27238376329518,7.2568730283902525,0.18921761536042594,0.0010248583849292105,-0.0002574424482183917,-0.00320312958835342,-1,,0
2988,0.007872930198012667,0.04472862851790372,0.07226977470704933,0.0033413714428950324,0.18615950032813058,0.6856277948060086,42.13461440203947,15.614440058270338,7.266249102380248,7.266249102380248,True,83.02053441461636,7.349458602486444,0.2507237992943694,0.004575236286942264,3.65351513709537e-05,-0.002610212574415387,-1,,0
2989,0.07370007148889866,0.015607486861126866,0.2084485390930777,0.40118069749689234,0.23572705746548134,0.06533614759452293,36.68043901652375,26.26548552240067,5.190455162327829,5.190455162327829,True,81.39950758175152,7.357643919324628,0.12164649475834886,0.0023130319600394703,0.0007770605458449197,-0.0024147037127314596,-1,,0
2990,0.26219793439666966,0.28787786009119487,0.20454259852813741,0.12154912316606827,0.12228668707224119,0.0015457967456885668,32.535369425934704,42.40839422797383,3.202222219310843,3.202222219310843,True,45.35907647295936,7.276849360240254,0.051455377159079226,0.0009319007751947539,0.00014923202326640292,-0.0036713746965425904,-1,,0
2991,0.3366614383774078,0.26786046153286586,0.0481955704492938,0.06396063283011366,0.016431778140651478,0.2668901186696674,39.39370521755225,47.89534846807068,2.408829282987394,2.408829282987394,True,36.77961566809524,7.415508480185161,0.07971636023433964,0.0032678575822406063,0.0010843865521999103,-0.0019460878652683758,-1,,0
2992,0.28055693192116704,0.0837673115611242,0.045295852162115416,0.42174061944326846,0.00745295717045275,0.16118632774187203,33.540308346741384,38.31205594367411,3.026139362953521,3.026139362953521,True,52.39924394011256,7.397157006288519,0.19093439221555897,0.0024356984887480204,0.0028573744836235936,-0.0014249042721960921,-1,,0
2993,0.049140716253214846,0.008233672197838868,0.09975589272398967,0.43744136284417723,0.31447986086780194,0.09094849511297744,38.306834442040405,18.681852126330384,7.165114802102657,7.165114802102657,True,104.6083922232175,7.352442946312068,0.16825816773103025,0.0027787814838173574,0.0007593193225794189,-0.002344761946696548,-1,,0
2994,0.08910540176757031,0.21421889458408097,0.17023674338412706,0.0744507955452147,0.39960349954872504,0.05238466517028189,31.07165010465317,31.19318133591041,4.6606214006687585,4.6606214006687585,True,59.829312825490106,7.21246712833907,0.06285920588660814,0.0006968627140347014,2.808651369066542e-05,-0.004990812060683659,-1,,0
2995,0.3450411270733275,0.21116803638463605,0.1975371415964728,0.22686454017705737,0.015922248755221382,0.0034669060132848043,40.93314638011844,28.4725093785173,4.442709111453698,4.442709111453698,True,60.96394672132103,7.349030688338414,0.06256396824429922,0.002376465683492378,0.0001726256202034786,-0.0033458055739314374,-1,,0
2996,0.22154817198847715,0.11254304243306447,0.24920918210841622,0.17869312806348409,0.15364988603165602,0.08435658937490202,29.554830723510545,49.738627611214795,2.6241224541563257,2.6241224541563257,True,41.45798640569867,7.30985587083424,0.0718063715383803,0.0010588116155499639,0.0003530261117508847,-0.002461696138902675,-1,,0
2997,0.38559563468423347,0.06636136548659699,0.10995040934991149,0.20539027243840619,0.04177567029237521,0.1909266477484766,27.31157612707337,48.23555629965311,2.3255106988451892,2.3255106988451892,True,36.71684994537078,7.329929433032849,0.13163761630133367,0.0012418529130579917,0.0010477396256115745,-0.0018256420312309017,-1,,0
2998,0.09255562051041752,0.19839433153288896,0.23230153119036012,0.13143329408121038,0.22513552261907968,0.12017970006604344,41.180925768609775,43.555740772314074,3.225979499149588,3.225979499149588,True,50.85828963229507,7.396112427847404,0.05438626900743355,0.0026583259750799434,0.0005183667097443996,-0.0026505172136909025,-1,,0
2999,0.21911494841843807,0.2451616448989944,0.05260972068068839,0.10417081719246696,0.027013479852454687,0.35192938895695747,40.89835166182999,18.326837652184878,6.41317667189211,6.41317667189211,True,74.29328820377405,7.325086967201269,0.12403228981257523,0.0031576830887459764,-9.813375303855891e-05,-0.0032157011959224073,-1,,0
