idx,cow_frac,rice_frac,wheat_frac,food_frac,press_frac,poultry_frac,temperature_C,HRT_days,OLR,OLR_used,converged,q_ch4_avg,pH_final,VFA_final,S_nh3_final,vfa_slope_last5d,ph_slope_last5d,first_instability_day,sim_error,stability_label
0,0.3464419596867488,0.11806892623094595,0.1858849881729097,0.04289008545105263,0.21362774700533785,0.09308629345300504,31.897958569410825,20.41069639258611,3.1143967905897627,3.1143967905897627,True,54.41558746381288,7.255624255556663,0.8981142656120337,0.037090183332576236,-0.005908766026342811,-0.012674464814437032,-1,,0
1,0.28548450033970857,0.17106497774846438,0.10805877476708714,0.3070145309913881,0.05897970743566737,0.06939750871768459,28.165116357595082,18.34927075151525,4.398567028585564,4.398567028585564,True,42.186009198040914,6.7759704145392226,2.2376377849609463,0.04101996281075932,-0.003522342696443418,-0.005609854638769417,-1,,1
2,0.17912081338879876,0.3749003827103642,0.17267242149653042,0.22156124046805034,0.0008269083338090071,0.0509182336024471,33.05769682619821,31.740074217838032,1.1081085401966189,1.1081085401966189,True,25.07325293468744,7.246135166693615,0.3560616675627239,0.03573869321954888,-0.001995519604482467,0.006672475608343279,-1,,0
3,0.4336632492195008,0.07702347072360714,0.0945266892408899,0.01461162066291276,0.01955742538213531,0.3606175447709539,37.40471227655799,21.913862688809317,5.3452005359774235,5.3452005359774235,True,9.95962549309796,6.454136831555423,2.732391156499405,0.055611971481383596,0.013635602753108302,-0.012911761620886709,-1,,2
4,0.21601394049091321,0.3242369658703095,0.11526152662468621,0.003925825312584797,0.23987437859037494,0.10068736311113148,33.753373950199816,19.903144018500882,0.9978978907944434,0.9978978907944434,True,19.900102583849733,7.253470481861387,0.4171399749445867,0.03135812147284585,-0.00016198682014879816,0.005833823541804138,-1,,0
5,0.0705131201125724,0.02653722174654827,0.22720522336750673,0.3782890590376722,0.02618052112467955,0.2712748546110208,36.26407375205601,34.56158432020494,2.648151640522263,2.648151640522263,True,84.35024192885027,7.183525573579743,0.8117276966004638,0.0442751516955136,-0.031010274962210663,-0.0007918131861584184,-1,,0
6,0.38813069046143334,0.06450806128375332,0.1538675296452953,0.08441413674376749,4.615648615194484e-05,0.30903342537959855,38.16189188771522,19.471974929005754,1.832309969561899,1.832309969561899,True,42.770695289041775,7.267728681718493,0.35606332438716787,0.061426179992956846,-0.025364910986379722,0.007789910843424613,-1,,0
7,0.27046914713153286,0.08026446784487576,0.16608981601463416,0.27630571004557897,0.03996367396325223,0.16690718500012608,33.973093053707615,40.980199360803255,2.94055997951582,2.94055997951582,True,70.36036294576219,7.097781987867907,0.8518399094846207,0.04057226526032161,0.028977648561864265,0.00013324596913259762,-1,,0
8,0.13768753718464993,0.4002122847728301,0.25301584418359463,0.17219099047619899,0.016540194083986163,0.020353149298740193,30.98071472965475,42.21032510508897,5.168877849223626,5.168877849223626,True,12.129493272276353,6.645030636275072,2.8826244802142718,0.04079301825231173,0.0027272018741890253,-0.02595458398939216,-1,,1
9,0.5219466963747984,0.117253354944237,0.0509144891489179,0.002185291769744129,0.03149035100664496,0.2762098167556576,29.584869335353122,42.1407104305245,4.970590205585876,4.970590205585876,True,15.292367042103187,6.576472301544675,2.449509803178007,0.040922096306978115,0.010649873919841466,-0.0088673875096423,-1,,1
10,0.3679470999114445,0.013205208470109404,0.3362687284995541,0.006944549950091751,0.07804567073121052,0.1975887424375899,32.34798275874473,42.96526246653226,3.599661175361672,3.599661175361672,True,70.72674436581924,7.123686117802441,1.0292189256166524,0.03641566119825014,0.03184830406342619,0.004441014913499224,-1,,0
11,0.42169860458578073,0.13666338636195807,0.04837895130824357,0.27380502202028206,0.013899676660095884,0.10555435906363975,32.39210060803141,40.47270475231825,4.945059946799875,4.945059946799875,True,22.702777288159808,6.602311775569497,2.9167842883015793,0.039834369665110295,-0.025954232750164456,-0.00889184824280259,-1,,1
12,0.14373103822318456,0.058264899552042365,0.08920417077019024,0.14919420573635406,0.1291969016671055,0.4304087840511232,28.373832901207983,33.47664563293354,1.9163166182675695,1.9163166182675695,True,29.11138334621375,7.271032190226804,0.5609514220044414,0.04841299830534807,-0.043495914657198334,-0.004601938127246543,-1,,0
13,0.45601206924607496,0.02260343016204045,0.1458635278611603,0.2597330351839793,0.022948898960434255,0.09283903858631072,31.463734282634793,22.885125348319665,3.178613630318731,3.178613630318731,True,66.82597668754347,7.203769592490447,1.2065051504535662,0.04138710186838154,0.03570453321068757,0.0015762662339846478,-1,,0
14,0.4299245987952792,0.03224879582627178,0.005869117308136875,0.11759444013990163,0.018021408339089145,0.3963416395913211,30.620007411570064,26.348842608427432,5.396396816555162,5.396396816555162,True,6.230620740045665,6.334243894080143,3.014828679892358,0.04759280490307818,0.010056455317279129,-0.0017647724271305787,-1,,2
15,0.3123213201570996,0.01530695807726319,0.2651627913122893,0.3216001556804866,0.005158756238097377,0.080450018534764,40.552214230628515,16.149470078627584,1.7582051069057822,1.7582051069057822,True,58.90329492529777,7.16884557560997,0.8154448951747064,0.05283852181987522,0.02006695339340812,0.00110148587663652,-1,,0
16,0.27911498307164007,0.09923570640260809,0.017811470642008304,0.337489445604392,0.028165389855085106,0.23818300442426638,33.42526094602424,30.084949352779283,4.552529136302244,4.552529136302244,True,52.123691102742384,6.8488809882367185,2.766842645734016,0.04605095383845781,0.00889426081985309,-0.004166702001529533,-1,,1
17,0.053818334338870386,0.08015921897613423,0.04655766012693367,0.7989082420770168,0.002409511879436093,0.018147032601608812,34.24782250805489,36.762942313818485,1.7908976904221896,1.7908976904221896,True,61.00632027164095,7.361241284278033,0.9707372423444109,0.0430357734437333,-0.031347960707072575,0.003190884516865476,-1,,0
18,0.0929056311028236,0.4035081258554492,0.06054598626755251,0.03473088666715114,0.3474246064869835,0.06088476362003999,29.748689350487318,13.089789513969277,3.417349529529316,3.417349529529316,True,50.82779072308515,7.27676763051207,0.952920444167251,0.03191529494562677,-0.010951641584935747,0.002922680824953417,-1,,0
19,0.19215592982916108,0.039772382378965895,0.18112429183535386,0.36412148388583565,0.039234350342325516,0.18359156172835803,30.511197691634887,16.498187918995004,1.388596532066622,1.388596532066622,True,26.67817999312054,7.044265727058623,0.49676399393993764,0.04873302914480307,0.021187051804099927,-0.0014993899834888477,-1,,0
20,0.20029720510001128,0.0241624460675632,0.229921775284393,0.2364735140960309,0.003041746700572321,0.30610331275142927,38.65343330320903,39.35635549553747,4.757562817152425,4.757562817152425,True,48.30654538344463,6.7859434548773745,2.534143336912133,0.04970153304341883,0.0033541140532684036,-0.0011426084525812362,-1,,1
21,0.23461360625209957,0.09390469830983829,0.1398666800745308,0.08214831417520801,0.36706501758130894,0.08240168360701434,41.51598792718403,30.987410039783754,4.979066308560281,4.979066308560281,True,38.10959631603473,6.5782075205438,2.5437251513725028,0.055923186377026736,-0.016610801079232983,-0.016702969302707857,-1,,1
22,0.40341165116654154,0.18868005165451956,0.05506678337541342,0.175388612984965,0.006000361204197415,0.17145253961436288,38.189788916219804,12.509271739366609,5.783420150775513,5.783420150775513,True,2.8533639769746375,6.2997392350764425,3.622303445229713,0.05168045339344487,0.057346848759755965,-0.023934538909622535,-1,,2
23,0.46795449773569425,0.32495794547362,0.012694270755669673,0.13183596976456113,0.05733747254191459,0.005219843728540479,31.110756393181703,18.453122918115984,5.369192600687798,5.369192600687798,True,6.462323465066816,6.329973223315491,3.15731800140853,0.03807586184241675,-0.005622437107162707,-0.0008115864762928016,-1,,2
24,0.23109352319816698,0.40596637408514746,0.1451446243215776,0.10941249627050972,0.035188286435575374,0.07319469568902286,33.326022185599506,27.398498092541676,4.728376867988829,4.728376867988829,True,33.688587343555106,6.785326289114964,2.303122937999113,0.03485809265710097,-0.034372593227012874,0.00037304626348901113,-1,,1
25,0.19506016574128276,0.013926071404146515,0.3329367889614118,0.07812652608258261,0.10756479100137203,0.27238565680920424,36.17037551465974,25.880767246827673,1.7541151785713418,1.7541151785713418,True,48.94376291203693,7.139558829522506,0.33975939218629686,0.04508514285013828,-0.055063478675727674,0.01861202786911729,-1,,0
26,0.3697832088377102,0.16524284430949085,0.13699933891112925,0.24691421105945247,0.0700989661907401,0.010961430691477318,32.38151227663696,28.31938959048648,1.8297096251491765,1.8297096251491765,True,40.84176764169877,7.26563025676302,0.5880432925105914,0.03650950881109503,-0.010643899594232842,0.013911238778763935,-1,,0
27,0.1056364275679224,0.2867456160084427,0.3150864860598643,0.025449545363829228,0.11129551533587452,0.15578640966406695,37.00700260491108,24.428542799227635,4.113250306017053,4.113250306017053,True,83.31064918859559,6.8649551074150255,1.5928854685048273,0.03605913706896004,0.04984936419426586,0.015601083013438356,-1,,1
28,0.29381074897693094,0.07145478999436992,0.00911832842015523,0.41981547134811675,0.15636232296387054,0.049438338296556666,34.83309390193116,42.465078020542634,4.213195582820071,4.213195582820071,True,81.14537627379318,6.933433873528737,2.3346595562745525,0.04207795231671129,0.014145594811051264,-0.016994582085507928,-1,,1
29,0.4130454803651897,0.38855663736591195,0.0366249289388118,0.06587258627948155,0.007943777826729446,0.08795658922387561,28.361078096336463,18.06339090327837,1.658248764761443,1.658248764761443,True,19.72739287304705,7.218847192720892,0.3549180233500023,0.035690630530405616,-0.004246884965361711,-0.00439204823086289,-1,,0
30,0.32673909812324026,0.06274539694654954,0.14996441035210703,0.18065602643480308,0.0034028833493485633,0.27649218479395155,28.69226248996248,33.88918144020271,3.921807948292848,3.921807948292848,True,58.257438251297174,7.12483450004231,1.6208163702782405,0.043676717999929164,-0.037512278625197355,0.00731640840081596,-1,,1
31,0.33335274225417866,0.21507135446592968,0.12606616941264204,0.08891201996887602,0.07443479943424189,0.16216291446413164,35.18028135908347,12.615874871079782,4.565456785088568,4.565456785088568,True,38.269365424494595,6.807845953773595,2.040760072083413,0.036233272362543534,0.013972272245381724,0.001985145959505284,-1,,1
32,0.375298028510761,0.026043795513591223,0.15744007841511348,0.257833889186755,0.18326838358090225,0.00011582479287715105,31.436661917068225,16.701846790162733,4.957356311079185,4.957356311079185,True,16.914436177438628,6.436656275051329,2.831384123765484,0.0409036962520967,0.031003494766704,-0.01329624765205399,-1,,2
33,0.6456010822672624,0.0758195608150294,0.13453096253352348,0.006489458226733922,0.11973318069054467,0.01782575546690623,38.705702887498234,32.0672445420888,2.4265439140447542,2.4265439140447542,True,66.54880584784159,7.272499120246283,0.40513272572692705,0.04492864948027422,-0.0014520206798959213,0.0019848019378767897,-1,,0
34,0.3845388771959213,0.03128010970769782,0.3063568478733673,0.18073722394280362,6.60835730017429e-05,0.09702085770720814,38.23130098978977,21.196550997935596,3.240284042917832,3.240284042917832,True,81.9083196817009,7.283078397761878,0.9922023174515603,0.0426027530002109,-0.011860531064204542,0.01028938452167321,-1,,0
35,0.2868751587996243,0.06355960889977733,0.3912711630453134,0.07467941861227988,0.14179725237849727,0.0418173982645079,35.0941593078267,14.478581778322138,1.449346788331383,1.449346788331383,True,30.13197656122637,7.273266626334164,0.38688817942782117,0.032099034165133634,0.03633710716129004,0.02238593389242513,-1,,0
36,0.6195071140156493,0.058801932248803604,0.04454593486456465,0.11974990081687888,0.0005717755987415873,0.1568233424553621,34.34410450088391,43.96243538656364,2.463431444083392,2.463431444083392,True,52.233355920093565,7.188692232610311,0.40285559742388244,0.041385472151830464,-0.010047083961404224,0.0049871570048060174,-1,,0
37,0.10962674918435014,0.11325485614342032,0.16264037153005717,0.47710264885848597,0.051546011636258646,0.0858293626474276,36.15816755928712,28.2008829546575,1.6628647688179616,1.6628647688179616,True,64.26332770236516,7.27645431140256,0.6134590298922903,0.043523845287106205,0.06172308508891008,-0.002337439267753901,-1,,0
38,0.12837735993225388,0.17151939631898325,0.2117491059030531,0.22766810115773034,0.0011887753649232498,0.2594972613230561,31.4932724692338,17.731479214227125,5.215606857635879,5.215606857635879,True,10.350481995772657,6.548469713411906,3.0483749881636477,0.04018917490735015,-0.028558385429253732,-0.004899288637437046,-1,,2
39,0.18172034594477907,0.062171894539195145,0.08871715560913347,0.4005541639732581,0.025789720914279553,0.24104671901935473,39.31492850374586,22.260573311388953,4.863261706979053,4.863261706979053,True,46.42776644549006,6.49452033584652,2.9798468822501714,0.05729847696371802,0.02755357495379087,-0.007911219986665078,-1,,2
40,0.40947518331491484,0.07685073746566633,0.012522565076608535,0.403168169050004,0.005357854928111541,0.09262549016469455,31.932304104852733,13.119064601276548,2.521772840094747,2.521772840094747,True,46.23409096945424,7.194489959218954,0.7014944071509709,0.04344347202818368,-0.01305644704764169,-0.0008378216937310629,-1,,0
41,0.11374849899011902,0.16991579683743535,0.12250793251855333,0.06443719829660229,0.03506616247427187,0.494324410883018,37.97307745457056,27.69032866069564,1.4848883476175956,1.4848883476175956,True,52.256102039504185,7.145778179228829,0.30957244390454275,0.05259246846045397,0.04470924687228722,-0.019518603992765324,-1,,0
42,0.2173883986609779,0.009531389074372187,0.40685672190739786,0.26514316983596503,0.001036900024131965,0.10004342049715516,38.32084957511541,34.394430207074066,5.985583249949429,5.985583249949429,True,2.250117613111214,6.085945031888876,4.2083838590663385,0.05326776253956297,0.03921582486791903,0.0034410782400385205,-1,,2
43,0.198976044946942,0.09815996955799403,0.10429805017101297,0.21308981935228838,0.34135406088827036,0.04412205508349241,34.59696561917428,26.790549053946684,2.807818767127289,2.807818767127289,True,72.58001435664507,7.208457723575999,0.6454748303725574,0.04506836239928051,0.037086074504346346,0.004249827899772255,-1,,0
44,0.4042057284608519,0.10241436797100625,0.10894098823402228,0.2014102050359165,0.136956811556387,0.04607189874181608,30.611987019181388,15.511864952843851,4.425092838601696,4.425092838601696,True,39.48421507256455,6.772499497681371,2.167671255650135,0.03619263754778627,0.030800675937205917,-0.011870882376897315,-1,,1
45,0.34671337803572316,0.16638868686862954,0.29382904056262377,0.028203755140932756,0.1259412346340113,0.0389239047580795,41.88098543338613,21.45763237535833,3.947519827341848,3.947519827341848,True,102.09587705578852,6.987949342039807,1.310338756566177,0.0477487422219261,-0.04374386257176335,-0.006875462054309217,-1,,0
46,0.8427157771995208,0.0011065234095834209,0.016833176835641995,0.0612790628917418,0.0016594270655806286,0.07640603259793129,28.432037759830536,42.58837483063521,3.0630848738091947,3.0630848738091947,True,44.7931676093673,7.151879676510554,0.6458837151330208,0.042935387547520514,0.023645307707080464,-0.005011703753276925,-1,,0
47,0.5273434023705933,0.1322268592737215,0.008364844595281985,0.06643627590922825,0.00021874029170491192,0.26540987755947004,30.18068306047211,41.79266344025508,2.544352602359745,2.544352602359745,True,45.96365225104585,7.367697586532503,0.3755250103607818,0.04733462137768559,0.004619645652232294,0.017871422390260034,-1,,0
48,0.1687442966542133,0.1304367766930255,0.5095593685418912,0.1833848910258083,5.268772599130348e-05,0.00782197935907031,37.703004338138285,38.80075137121428,4.890063452111626,4.890063452111626,True,37.61246458332508,6.558385410615577,2.524153610146443,0.037199349201069265,0.0529395495461295,0.016177896558240493,-1,,1
49,0.6713982491567893,0.06636216185075956,0.12009306011605654,0.00287218113605765,0.02238780975116141,0.11688653798917567,40.16393681904911,41.589390299285796,2.447146434700442,2.447146434700442,True,77.28094914877703,7.258877367602375,0.30593016038020027,0.04792854015838958,-0.01565025527105949,-0.02133883900845073,-1,,0
50,0.34922563485668673,0.10916303018270972,0.028013021232606346,0.16338706647757947,0.310071711618728,0.04013953563168962,36.73253633186695,36.08439422068258,3.795503588333741,3.795503588333741,True,87.9862571034476,7.18260351155789,1.387870379969546,0.044297095890913046,-0.002806955888355592,0.007833006367201665,-1,,0
51,0.6454232444916206,0.027385416993956618,0.14159030339698714,0.1838761079719403,0.0005567346145975407,0.0011681925308977927,33.340686108504045,28.62177054982385,2.3383514423825167,2.3383514423825167,True,46.864729189756524,7.289066979067227,0.5036960526698349,0.05121800530717219,0.03605466695812261,0.005888422596395486,-1,,0
52,0.4770791320489313,0.18744876395847154,0.04579398093661497,0.1784347325305148,0.007999724056724312,0.10324366646874304,33.30694682545057,23.559090085116985,1.1609425209281312,1.1609425209281312,True,24.147481498301914,7.28218415746893,0.38705100249225916,0.03913766227125928,-0.031021578368571782,0.009586778079693893,-1,,0
53,0.2139214764593548,0.07614855226050589,0.33717021022629157,0.045412449821136854,0.21086017782237101,0.11648713341033967,30.805952608698128,29.1424562299239,2.311223455648342,2.311223455648342,True,41.442021924928255,7.1925369215216355,0.49016435176129414,0.04150412717492271,-0.01024303363375778,-0.002437616219559586,-1,,0
54,0.26605694263141116,0.16527214064276766,0.32555154911654377,0.05180826004879647,0.0334013337363216,0.1579097738241592,33.58805630003695,27.292663332562583,5.50300726621458,5.50300726621458,True,6.272491718797111,6.475528207426018,2.9715489344876316,0.06047525901626226,0.03811313468286272,-0.009403311012685392,-1,,2
55,0.40832604360615754,0.136732025289436,0.05190996919514751,0.3787055210562613,0.0001997874140270195,0.024126653438970795,29.209470786805884,27.574724951955744,3.8806772206141096,3.8806772206141096,True,55.56181538604884,7.174999754196193,1.9117973491389486,0.050580807562182216,-0.03234227204181296,0.001087815422654389,-1,,1
56,0.23888046294776824,0.1451165368693397,0.3148467252282362,0.13707591154961313,0.048466977954368995,0.1156133854506738,38.23761650675756,20.480367553498567,5.957704354778922,5.957704354778922,True,1.8278305608565317,6.193190309276026,3.7859341613954416,0.042619586693165165,0.005811851477625401,-0.014947327831290436,-1,,2
57,0.08053224866780191,0.3244770976001452,0.15842160492359827,0.3773235466645235,0.014681667368937461,0.04456383477499366,33.730941114613856,42.86899634669985,5.7293887080509025,5.7293887080509025,True,3.5678879973860678,6.218823443629815,4.032792709503819,0.03374869703452546,-0.03962197998763684,-0.00364874472115536,-1,,2
58,0.21676398687381931,0.1612319642535108,0.23577864550349595,0.09926991728189893,0.22933092384049056,0.05762456224678438,28.08258837416724,24.281396518427243,5.795659880981903,5.795659880981903,True,1.39158595586458,6.193191454347874,3.4233411089022843,0.03443398355501055,0.032940324004097764,-0.008763813718161149,-1,,2
59,0.2442592981446458,0.053024756807037596,0.6052381914907644,0.054580925961866505,0.003778225982685837,0.03911860161299976,38.41199492807659,40.27569886452371,1.1068008706687664,1.1068008706687664,True,38.679078899664326,7.384734211879607,0.475845607947681,0.03953384513903422,0.07526983306897174,0.007838986291848924,-1,,0
60,0.24181287266582385,0.3896250968627321,0.004189489988490317,0.32822397067777653,0.00476604864319152,0.03138252116198583,36.79005283297457,42.73760401057161,0.8661356362426038,0.8661356362426038,True,28.92213458395049,7.229273990904891,0.4293727626389435,0.04561679276147885,0.001775271905744799,-0.0012732823067162988,-1,,0
61,0.20591065251478116,0.03278972150371302,0.23834780820735968,0.3872072058811943,0.03067475163572157,0.10506986025723028,41.31864838290609,23.15709715595092,2.922096579779656,2.922096579779656,True,103.16643584975323,7.196810491954188,1.0319131362386482,0.05472867698515268,-0.040127685148417275,-0.007622552815679994,-1,,0
62,0.47099858136820194,0.10076431102698201,0.2820412994378889,0.03443178900346986,0.10872595331975918,0.003038065843698162,40.277644316447805,21.997963550827958,1.4649040679456327,1.4649040679456327,True,45.19404277842847,7.387282985750635,0.2957968506473623,0.04379205839955647,-0.025531499839697006,-0.001217889319709347,-1,,0
63,0.34940686637153795,0.3951155502279613,0.031136769897875564,0.15529778336492162,0.05777825396002465,0.01126477617767894,31.664049757566083,30.345804752282852,2.464459615448353,2.464459615448353,True,45.92157526196782,7.054525221332783,0.4931138531118954,0.0324321275192031,-0.06564422018084536,-0.0033780255263402676,-1,,0
64,0.28165433849905747,0.3236263377129001,0.051666393409804175,0.00020609936841727323,0.08268850634362122,0.2601583246661999,33.01672902735392,15.268447575338602,4.5828136697204345,4.5828136697204345,True,35.0268022378589,6.752943978905965,1.8720876989515476,0.05426572073567301,0.004764465171362102,-0.022829212827587958,-1,,1
65,0.1638472778282095,0.25102326606307335,0.048309193405886866,0.00432841826886329,0.3403830414327845,0.19210880300118244,28.597262469269854,15.031214938310875,3.3991519062398545,3.3991519062398545,True,43.215590078881895,7.197410003419055,0.9497065897722843,0.03927773852849688,-0.03975290417769997,-0.011971096894149784,-1,,0
66,0.5673470878118884,0.07862640421858433,0.15577755100915214,0.02543914367786915,0.023944237832623456,0.14886557544988266,38.30908584783831,23.463156241134993,1.1917659754071983,1.1917659754071983,True,33.81098641098279,7.0775274716534415,0.2639666098256428,0.048385449203134714,-0.011493787950230995,0.009112608549019699,-1,,0
67,0.18127205645611855,0.2711369420000806,0.297736108887242,0.10751568039423143,0.08893625705708295,0.053402955205244275,34.90768532485659,21.27901124529876,2.0589217796959307,2.0589217796959307,True,48.100127935817845,7.295376170628107,0.3734147957077778,0.035743697333175846,0.060841044327314985,-0.004514376060975332,-1,,0
68,0.0873252646984138,0.0037937882761684,0.026151439740019683,0.09757801027741454,0.5571312668197714,0.228020230188212,40.184437942055865,22.765878302394665,4.481847783669404,4.481847783669404,True,83.48953471828133,6.797119926238455,1.9747795540183333,0.05121213004655922,0.05282894706529579,-0.0016227215669954416,-1,,1
69,0.27610295417300884,0.08761304468961219,0.2222048679186777,0.07644683049072976,0.13322084751412513,0.2044114552138464,31.15221646584299,35.95394729190937,3.213477598170269,3.213477598170269,True,67.15339829275823,7.132207312413685,0.7851413108640724,0.04486426849683274,0.05359284978687412,0.010030938194878394,-1,,0
70,0.39518347036049717,0.11712661476436051,0.13177063687871612,0.0472772183782116,0.061262611171956076,0.24737944844625853,37.49557704721534,24.67453524370518,4.322169963592334,4.322169963592334,True,64.89239709381899,6.959691143576304,1.7771924373863255,0.04663308812382459,0.018695142515217422,-0.029966471609199526,-1,,1
71,0.20223338671090346,0.035482724768911074,0.1583293247096564,0.3996245013552366,0.029270824295494605,0.1750592381597978,40.482698523822116,16.041074938760577,2.6817265156834265,2.6817265156834265,True,121.06212673009391,7.257369045982919,0.7789210364983741,0.05348217281098874,-0.02955047659706266,0.013366726310198633,-1,,0
72,0.13552191121307983,0.07297066039074208,0.16241232136130856,0.31167266482788103,0.021360457868343657,0.29606198433864495,32.09370065595745,39.043661090591385,5.960644379919432,5.960644379919432,True,1.663809090823538,6.067535939218307,4.308061402116658,0.04479651695619162,0.03507422771264422,-0.00822337960441298,-1,,2
73,0.6834860718516735,0.1629104959133955,0.07150516614584897,0.03394431441282812,5.7943692482477004e-05,0.0480960079837715,31.27116973781058,33.768322312882304,4.300081648638804,4.300081648638804,True,40.98937675634658,6.801135639926374,1.6942953370985547,0.036087218862851135,0.03166730254194756,0.0017181376297115908,-1,,1
74,0.04015382527308617,0.34522010755879323,0.0964287807068201,0.21347280629192644,0.06980037914942748,0.2349241010199466,38.45613220345312,35.01531298231042,5.116120631129919,5.116120631129919,True,26.42226757722454,6.632193131558736,2.893019102143857,0.04533696931158031,0.039957969950881335,-0.015232934923404705,-1,,1
75,0.018231499706192325,0.2136524021047595,0.4444196817004456,0.15011181554076988,0.13512820227834726,0.038456398669485484,29.295261551395605,24.9621108282319,5.741828138796343,5.741828138796343,True,1.9750263583544556,6.310623846973484,3.6930051623601927,0.04241883234895099,0.02414828884592266,0.008098129791202292,-1,,2
76,0.7413415647229356,0.01853712052828062,0.1386614456904363,0.0758624876146444,0.00979159962787039,0.01580578181583256,39.94635931813074,33.352932870233225,3.0246011457385436,3.0246011457385436,True,83.30129937518703,7.10113203837266,0.638702089191624,0.048951156596975964,0.014737322616552704,-0.007162929691373378,-1,,0
77,0.4505797960126635,0.10648935473308294,0.006099621657130204,0.0010597475844564572,0.41529167050190186,0.02047980951076517,37.129970255840455,27.217918211762033,0.8607148662371701,0.8607148662371701,True,20.484892155315332,7.208098753625705,0.37209523258988797,0.041230543935396574,-0.024398372827378945,-0.009433119018353826,-1,,0
78,0.6364569825490369,0.09371028433563149,0.020493487772062505,0.20779096037400482,0.012353144659978846,0.02919514030928524,41.43619161334185,36.58053501609062,5.23544002667656,5.23544002667656,True,19.82320200124097,6.48866403314912,3.089047949395693,0.05351629746761729,0.0019095807867617852,-0.003997587305906611,-1,,2
79,0.3005456214172345,0.040060661142802136,0.09301570367210374,0.48826316101270023,0.06897244259601097,0.009142410159148366,32.32572345264274,21.295694273601523,4.729073159725689,4.729073159725689,True,33.39284560916033,6.680510794174752,2.980022695479197,0.041148755759754484,0.03989897792508018,0.0003780797455373566,-1,,1
80,0.4698373566820306,0.15435007985521734,0.22206450906498076,0.10030155875992618,0.0531530332121089,0.00029346242573627325,39.91663015461788,32.6112941223928,5.951313936927517,5.951313936927517,True,2.270033748761126,6.139201184388908,3.666590604841111,0.05648442901161141,0.05182506056612998,-0.016246559834642134,-1,,2
81,0.27595326888078214,0.18078919031024343,0.007752050725672616,0.383809245966994,0.042156777315835565,0.10953946680047222,31.313702044908563,14.079836815725026,1.792043682083402,1.792043682083402,True,37.37761458295432,7.233690206216754,0.5334731912082289,0.04009372142505825,-0.020108854978964044,0.004174117281438917,-1,,0
82,0.11626543673404975,0.21030467055953073,0.24131729891750248,0.11598043530703916,0.04512973578414333,0.2710024226977346,32.5059123619139,12.808491395357755,5.415872325637745,5.415872325637745,True,5.98335860380978,6.467366268656526,3.155613243602713,0.037941131991058794,0.11380615090847668,-0.02851226112970969,-1,,2
83,0.5813446114793643,0.06271262546080372,0.15871604987367435,0.047631735499541895,0.13462386447459931,0.014971113212016331,33.371258344685145,27.288450278274762,5.772871809201967,5.772871809201967,True,2.2427731545943814,6.362605777945658,3.516915586044256,0.03814634079049193,0.0244947340047586,-0.037915978759228634,-1,,2
84,0.6265111152740949,0.1664612089339465,0.06142234072897543,0.10556625405560595,0.03944666460749504,0.0005924163998822366,40.55056982097165,40.210911941228254,4.07096279560178,4.07096279560178,True,117.14287602755722,7.04901529974738,1.573933623186027,0.048297709872805794,0.07028602043727211,-0.002780882276360103,-1,,1
85,0.10076916201942761,0.23325752042231204,0.17154040326512518,0.3427724518230865,0.019495572506759987,0.13216488996328868,30.76625212378372,38.243568654120914,3.468569806707885,3.468569806707885,True,77.65845714097135,7.253432999399988,1.446584358205206,0.038387282318934735,0.025280661959458696,-0.0036446034394198245,-1,,0
86,0.5067743044255503,0.29435482549705866,0.15223519308312577,0.042727910082693776,0.002575678405102949,0.001332088506468538,38.47343743149118,37.593135059271,1.4700823390247253,1.4700823390247253,True,41.59957946371828,7.106611231963416,0.2848689764149385,0.043850986828864645,-0.006901236452834554,0.013416587204567261,-1,,0
87,0.11352045487999163,0.04737346978648461,0.3741536114164559,0.27179826820638986,0.06731331679424858,0.12584087891642937,38.10754518290428,14.258852612691255,5.719981740998237,5.719981740998237,True,3.8478947763220916,6.336744587696724,3.757121059524819,0.04806552797398338,0.03954243465613931,-0.01858044051180994,-1,,2
88,0.4707237630028376,0.21475281325686157,0.2554430241213059,0.005865552152570419,0.05215812346573213,0.0010567240006923548,32.1120867065038,29.73738519211711,2.662638796837837,2.662638796837837,True,44.93205020312359,7.21536820024082,0.4436707444482477,0.03149984339886366,-0.015703895686924197,0.02176320023214294,-1,,0
89,0.09604863078282899,0.3569302564593072,0.3355222814614474,0.16896334141481606,2.4641703427083973e-05,0.042510848178173265,33.40993077778466,26.82580471901145,5.171739543905757,5.171739543905757,True,13.430052652492133,6.525788363187393,2.8335387502208365,0.041145136081128825,0.01010288554859213,-0.012739410941991942,-1,,1
90,0.4480535786339853,0.26603907429411283,0.057384970199477844,0.17540925997262113,0.00863535430920035,0.04447776259060243,39.741716507578474,20.413231664271,1.2826954869326503,1.2826954869326503,True,36.92632949062381,7.321865443732013,0.44827603105778474,0.047638679865826705,0.023492246263892583,-0.014659034168620872,-1,,0
91,0.08557149861274013,0.29730517065438516,0.06770443296966021,0.12939041033925266,0.02131351273297815,0.3987149746909836,30.875884796836647,29.371652445277427,2.425215602133525,2.425215602133525,True,42.35921990298348,7.1195134667828555,0.4720151267804554,0.05046504065753532,0.0169270553311184,-0.009944910382704914,-1,,0
92,0.23309218782345978,0.03933060236047266,0.17017026654614123,0.31631218189785637,0.0013091013245154165,0.23978566004755453,31.90106185285496,42.9195024564288,2.9291656823996917,2.9291656823996917,True,72.82987276468712,7.299612803089496,0.8929481454431701,0.04165165479040063,0.004942011039404938,0.0008689322030202753,-1,,0
93,0.3389859608682188,0.4019111518134808,0.1571360684214707,0.051130509106169585,0.048684131083056886,0.0021521787076033373,29.064697270081727,41.6979921463507,4.3756651974618945,4.3756651974618945,True,33.646224806757914,6.905115312081294,1.9744298582761697,0.031794917150807525,-0.014014641638744052,-0.01056289623474167,-1,,1
94,0.4317971748075938,0.456183178728662,0.03767355222045806,0.01649656609708601,0.0004900340148917311,0.05735949413130845,35.93698098737842,22.170391080937378,5.579779560445466,5.579779560445466,True,5.121686010446154,6.298686154555909,2.949576200236852,0.04156936450468738,-0.016747089283119722,-0.0005878847295320115,-1,,2
95,0.17849031725226913,0.002341939379655226,0.045939560932778824,0.4668743447376297,0.0017383158630122815,0.3046155218346549,36.292843096588264,30.331442286124208,4.407206302006461,4.407206302006461,True,89.97471661339802,6.846566685158148,2.5751001444858366,0.05225245536067309,-0.008597811708914084,-0.0015733448613280982,-1,,1
96,0.2736498158729448,0.18968415001947309,0.34382657441514464,0.13291086772960817,0.018455012615952757,0.041473579346876684,41.231434843363694,21.820597735873065,5.006488169248455,5.006488169248455,True,26.471782588831584,6.679428727873179,2.605626011721671,0.05833577998987284,-0.021874498754427808,-0.020787716716293488,-1,,1
97,0.1833501499351921,0.20265041883524146,0.1131628257005044,0.027575523829179924,0.06143190510295412,0.41182917659692797,41.19106705315616,20.15870413555637,2.319441124346465,2.319441124346465,True,83.96585329982135,7.215991227888629,0.34881044587749077,0.0537160893910655,0.03024269053147783,-0.007418895223181268,-1,,0
98,0.5130633282948759,0.16186008498071097,0.037599477961391105,0.15117083514945606,0.02121586191598166,0.11509041169758426,35.444975317179626,31.999315942804046,3.5914948052614415,3.5914948052614415,True,75.40049327542921,7.253667400994937,1.271388930065803,0.039232521833111995,-0.01292210742590105,0.0013075685972018982,-1,,0
99,0.16843448353847112,0.12639884412790414,0.06619532513068978,0.3052246310745787,0.10353801478593842,0.23020870134241783,38.992398624372136,40.81288172026036,2.646265728967566,2.646265728967566,True,101.54883838710116,7.122892071236631,0.6421817555443033,0.04883561115244204,0.03097927846038734,0.01560396960762825,-1,,0
100,0.29021409807982324,0.24489430601190124,0.06514854845467925,0.08504275664705284,0.16101106039672264,0.1536892304098209,35.798488224389835,41.61282335582895,2.1904888903710553,2.1904888903710553,True,57.87630799743334,7.279215567644776,0.33809744511264805,0.04661352297200812,-0.0031872763607762276,0.009853821950888337,-1,,0
101,0.26530309999647816,0.0316150513782083,0.06707004280517821,0.1816173062810733,0.3333282193825299,0.12106628015653216,36.0025404412428,30.3082976061649,5.506129939781612,5.506129939781612,True,7.533050414503134,6.541678180524503,3.4397757960120217,0.039640209754530906,0.03413881665141594,-0.020247796804227836,-1,,2
102,0.3715255103486259,0.17534019180668903,0.03968709240776817,0.00374385337320835,0.019180730279996592,0.39052262178371205,39.52304166118352,20.06996662617411,2.376384921984582,2.376384921984582,True,76.07610239158723,7.180708078906391,0.3176024508670126,0.05817038137106385,-3.956797365110238e-05,0.011139601996293394,-1,,0
103,0.2729339201911178,0.2667110392416926,0.2626099349636672,0.15871772865465922,0.00411545849599933,0.03491191845286383,34.95899549497548,16.810919504508504,4.722015033067804,4.722015033067804,True,41.230041635935365,6.7370302194187675,2.3799150940868654,0.034944173898038076,0.026398446523035565,0.007993101899498261,-1,,1
104,0.347065186317507,0.22360300346976725,0.11685763242571286,0.23299057626138459,0.01126571423237361,0.06821788729325463,34.58495794353909,34.972508947154,4.187313861628105,4.187313861628105,True,66.55820640660428,6.9360588674588,2.099662447400685,0.046550550083649576,-0.008660701550737239,-0.007295633946619177,-1,,1
105,0.07679458451290197,0.27407934911810244,0.322219023234948,0.11295471128760479,0.0753221508863278,0.13863018096011498,31.33558876155909,17.84915788874438,2.138222282851297,2.138222282851297,True,37.57596800228965,7.229615034320828,0.4371674389056883,0.038257322180277,0.01787191229799804,0.0028827017045747008,-1,,0
106,0.23504797870231478,0.2533584007864128,0.04355045988478728,0.00793568906953655,0.00854281618923047,0.451564655367718,35.89561279353394,29.200229477467165,4.405770464210826,4.405770464210826,True,64.5582034250173,6.735277501536348,1.717755965169322,0.04465610995692296,-0.006437973622314562,-0.005243564142198609,-1,,1
107,0.21645125917644295,0.17832949627690384,0.05398777820762266,0.396782639974243,0.030240199532036893,0.12420862683275068,37.44400548506066,17.200847785013316,3.943176513885474,3.943176513885474,True,111.9660477767079,6.979584877819688,1.9257274157259323,0.04969080129666553,0.016915354625538063,-0.0007056719739640057,-1,,1
108,0.629084171057627,0.19560225190810904,0.04321677588496076,0.024875810803578747,0.003361049796012836,0.10385994054971157,39.722254895566735,44.678823792869565,3.707643534111365,3.707643534111365,True,99.15061959806152,7.006570458999351,1.1636953627019893,0.047806101115023564,-0.04145321941489893,-0.0017499546168939328,-1,,0
109,0.36960351167815414,0.000979010144582621,0.023208189121952345,0.2986316027116894,0.06761750108596659,0.23996018525765495,33.9767237138693,15.795143760675035,4.157610864809068,4.157610864809068,True,75.10234605085954,6.88833471780265,2.0654332847648456,0.046429228646336904,0.02426901126014066,-0.018576150228494532,-1,,1
110,0.5578693801421025,0.18997972643599706,0.04731931509327726,0.15927600287426558,0.035012154905553115,0.010543420548804333,33.18967190328686,24.865195827291615,1.8795252056028582,1.8795252056028582,True,38.198966012230365,7.116794458605529,0.42860926033771674,0.03559323114292413,-0.01662594618636757,-0.004509740739702332,-1,,0
111,0.5748802128719731,0.2885396723745649,0.04285861690420743,0.038131624592764694,0.04838123239989224,0.0072086408565976276,28.317035687261765,39.883686029753875,4.8481483964157635,4.8481483964157635,True,18.166617472645274,6.77684039257171,2.3333659150199724,0.03296922332822384,-0.0036765142593891964,-0.018634536517552112,-1,,1
112,0.34888081391004955,0.2301547327079859,0.1817515145298749,0.009369986254282937,0.002933461745501278,0.22690949085230563,36.0931976533748,31.008310885112106,3.559002728529263,3.559002728529263,True,75.3877349282634,7.259798388337094,0.9589292319672742,0.03955362336921485,-0.0033723288911202834,0.010221224005290798,-1,,0
113,0.3402569339309466,0.04047580569569439,0.19779879354393606,0.13091215987466517,0.0016802469478866661,0.28887606000687105,36.84571690107406,24.348382748780452,1.580450854632995,1.580450854632995,True,43.69629844987797,7.247475109753022,0.4245320771940862,0.04611838965375986,0.031184336807636517,0.005180845880609816,-1,,0
114,0.19709019526741023,0.1990373696671257,0.0625064015078395,0.05185462314787064,0.32269365473548134,0.16681775567427254,39.76472410333132,24.73003013014574,5.939190358667554,5.939190358667554,True,2.5488856644934583,6.262145829172594,3.520072863956126,0.04868430923740092,0.05915599367090014,-0.017770297513612466,-1,,2
115,0.24255867995472033,0.12711600817042631,0.1736410835534769,0.015887623662271907,0.3825965330059584,0.05820007165314608,29.350838752324023,14.900715795626983,4.073157027232506,4.073157027232506,True,43.10155218350972,6.9988022380846155,1.4032333585126096,0.04743132326527314,-0.01889106976260848,0.012850562982073533,-1,,0
116,0.11528692192177087,0.04183978965507244,0.3190402169797754,0.2616036020202071,0.18111739353704878,0.08111207588612548,40.113502579719636,41.73624107675753,1.6348329242828554,1.6348329242828554,True,67.29851777464548,7.237304506756639,0.4519076742283202,0.04676081514782118,0.025708777336798962,0.005635465049273675,-1,,0
117,0.530661486811323,0.11068164142597905,0.3308561769460218,0.001730916128230532,0.02368846772542166,0.0023813109630240322,40.69066625228086,44.81311804041751,5.221598099745881,5.221598099745881,True,17.706596927256108,6.491528544779184,2.6021865393424264,0.04361115774511517,-0.011686633941159649,-0.01405159774780107,-1,,2
118,0.24840964233457005,0.00872650107159333,0.30586158711416517,0.3228539086112967,0.04419788844587033,0.06995047242250423,31.46898032022923,21.796383326293284,1.0590675819098985,1.0590675819098985,True,21.736730992461883,7.1502388653966085,0.3874750313830124,0.04309757059083708,-0.020548377963521294,-0.0034095533922813975,-1,,0
119,0.14613338939953247,0.1956157921909095,0.18908775143870438,0.10083114198581869,0.04270681375378171,0.3256251112312534,37.55307735077867,21.067949041370795,5.706865333326122,5.706865333326122,True,4.190173079024853,6.298620532615888,3.311589492186095,0.049276924008373066,-0.030114963756453384,-0.007223962184759852,-1,,2
120,0.6323160380154391,0.07353761258212435,0.03738223165112408,0.2327852852367916,0.010892305595991155,0.013086526918529824,39.98741285845067,34.668159063099736,4.457306409453813,4.457306409453813,True,72.44411077225912,6.807603166737397,2.263998166878292,0.05637207727888374,0.056387012053291045,-0.010658474650669953,-1,,1
121,0.5029928431817916,0.15747947599016537,0.14986646127478695,0.1819802333134089,1.3346784467477201e-05,0.0076676394553799486,32.770106804039216,38.646793495869005,1.2968898765410781,1.2968898765410781,True,29.504983256046724,7.368123395505739,0.364663295502391,0.04703197726008657,-0.012831970834204348,0.010648123174837756,-1,,0
122,0.19359810886533785,0.423668104684626,0.04374814739191081,0.06669972163664245,0.17318963892085198,0.09909627850063088,28.641621183779904,19.37680640736784,1.3408876090830812,1.3408876090830812,True,17.832840091967046,7.316188578053021,0.3334865635095624,0.03149183481739713,0.03557776394734809,-0.005168329655904073,-1,,0
123,0.24216472474283968,0.164427567456829,0.1026511221195373,0.11376870525632453,0.0009533778927461393,0.3760345025317233,33.80110630805225,16.50268793239079,4.758492736428041,4.758492736428041,True,29.63297169428943,6.664446418568887,2.4018231678231814,0.05517122789029683,0.056171761645203155,-0.023222403114937125,-1,,1
124,0.27233414203161294,0.14415935786173792,0.054010506472980155,0.295578058432035,0.000983257414183302,0.23293467778745067,37.761513498595406,37.738245995009464,5.14357907845216,5.14357907845216,True,20.46948837909295,6.632624241456237,3.188436219307119,0.058442717460818076,0.010242658910019698,-0.01587619909709734,-1,,2
125,0.3499998579968555,0.0912548796625339,0.07409560094122843,0.26496717934050973,0.00011351864741312096,0.21956896341145926,31.6169435512558,43.92656525715096,4.765790846230553,4.765790846230553,True,30.64212698594931,6.679293453199213,2.6569927720197084,0.052077202257903216,0.00014422365553549282,-0.015567913877169933,-1,,1
126,0.48987409996158726,0.1705737251110088,0.08338761399152207,0.019775046076586512,5.111561128780048e-05,0.2363383992480076,37.564411722967904,36.68024957183108,1.8120693151450127,1.8120693151450127,True,48.31209980576455,7.176711827979454,0.3925978132343728,0.05018456600482096,0.07059592776012621,0.003929737876099648,-1,,0
127,0.543793628624267,0.0871176313723626,0.08542900378560912,0.07118060592634237,7.978818229599307e-05,0.21239934210912298,30.146258561545558,19.822187997553037,3.8998759752801018,3.8998759752801018,True,56.4990423530708,7.2663723429354246,1.3589723318436076,0.04409525500640101,-0.017151189824351917,-0.036516660765663206,-1,,0
128,0.18073665881931983,0.15787768375516056,0.0681321842513467,0.14789018859171255,0.010327044765296252,0.4350362398171642,40.24357974548564,24.58596096624891,3.129125887715743,3.129125887715743,True,120.46915007002937,7.104115886438102,0.7999877608053795,0.05513221542852849,0.003716070334790815,-0.0018811812961200753,-1,,0
129,0.32001237624923573,0.07709931507768342,0.0554914162475875,0.46303593154684347,0.002506673157580065,0.08185428772106972,40.49533613502446,37.90528868526168,1.428730185025053,1.428730185025053,True,65.36657596819062,7.1153498789747935,0.6831524957648939,0.05271972255555363,-0.049681003230429684,-0.009446815654197428,-1,,0
130,0.18771415125505939,0.05582202856437023,0.2548713449261233,0.35415522981299896,0.08600651220159115,0.06143073323985697,40.33757030473776,38.65558294663063,2.7756956963955695,2.7756956963955695,True,108.92013234803063,7.113066680177334,0.8514955237806705,0.0490324912672619,-0.007750783495473212,-0.0076932033092119495,-1,,0
131,0.6035999101639223,0.10262816397702755,0.0221122916002983,0.2121589985937087,0.027885515910439702,0.03161511975460328,33.56129458560594,38.61781283687846,4.264920878895482,4.264920878895482,True,64.01281339892313,6.849239202796867,1.9872542156320983,0.07080089515277298,0.03591939507154764,0.015867118362203694,-1,,1
132,0.7170113213008301,0.1701770805388185,0.03232295156429682,0.029475978216672076,0.047598641041415986,0.0034140273379664257,31.9823833673647,32.92738552329333,5.02125460484125,5.02125460484125,True,12.405972231822476,6.5377638691139275,2.4255498772122253,0.03555215059190475,0.0203486376930096,-0.024362018059837835,-1,,1
133,0.37724153284140466,0.0015173867021520003,0.07285513380198293,0.39930819452817146,0.05346686133759525,0.09561089078869363,31.406837372272975,26.656337313401043,4.287004310831039,4.287004310831039,True,56.33676918189324,6.824806085798599,2.317016210137588,0.06072971833659434,-0.018501778201381082,0.0018402613364535015,-1,,1
134,0.2592503009175611,0.09873740536618501,0.4649699847878906,0.10316617908461395,0.06907724146790836,0.004798888375840951,40.282402698770724,32.752640262243276,3.033260317513453,3.033260317513453,True,99.87649022194584,7.289791502581863,0.6737103140005338,0.04100245347981171,0.001584697801570747,0.005203039678826298,-1,,0
135,0.5029198238878342,0.001169455771954252,0.10365123890929716,0.07650718562766966,0.05307523129536425,0.2626770645078804,40.37975507287926,26.858500827258155,1.5377706406009533,1.5377706406009533,True,48.404602091536205,7.368016750663951,0.4319674082812029,0.05396198547515468,-0.04706133523932253,0.005461645463688639,-1,,0
136,0.21808896980458084,0.2178735027436272,0.10065044046746957,0.12451775723143613,0.01792978028068331,0.3209395494722029,38.282235404650926,44.905581131389276,3.709569292610605,3.709569292610605,True,105.10471369554699,7.3040927047175375,1.3138621622969342,0.052464381320592376,0.040257145902752804,0.004212438044444203,-1,,0
137,0.16313377100802798,0.1600966272262657,0.12364264575664437,0.07407027999965672,0.12959030542467176,0.34946637058473357,29.483374980929117,20.98012120189872,4.219067456288171,4.219067456288171,True,48.65755872753575,7.002177634534814,1.6916562764475658,0.04207238156803919,0.030237024589987206,-0.014436091097419643,-1,,1
138,0.2863287039592242,0.026515619955348724,0.23454926390631697,0.2647530260795172,0.14049852270581,0.047354863393782684,34.50206631181837,43.2774031162581,1.761279165203216,1.761279165203216,True,49.991251400428325,7.176128425985253,0.56559132700284,0.038379273490957884,-0.022579012556788618,-0.004416399017124963,-1,,0
139,0.25071914258230615,0.04604032839124907,0.41929818187738344,0.16123235386120913,0.00033029555880844996,0.1223796977290437,34.717810471878174,32.25393372786665,4.141277363364449,4.141277363364449,True,74.59540442507863,6.704155223973788,1.9321572994084244,0.03436641202208678,0.062142779727163915,-0.0036664053072641574,-1,,1
140,0.5695273788398063,0.10323238820072989,0.03643241381267169,0.2761092937984449,0.012709278809650223,0.001989246538697018,34.669216292989965,35.32845048665931,2.5290073746225783,2.5290073746225783,True,54.61576045315191,7.217824174966439,0.6986942189260774,0.03972142482950031,-0.03676414975915854,-0.003215381693553146,-1,,0
141,0.5357954799766343,0.045490328323047106,0.13197434416124496,0.26308790802530563,7.931611957766648e-05,0.02357262339419017,41.791818551319324,38.92818975437385,2.1189587323487773,2.1189587323487773,True,83.08131044892235,7.231682299990876,0.5173594096009325,0.05824323096415719,0.01294242497336977,0.0028401785812567303,-1,,0
142,0.7554752616154848,0.06344932687791115,0.12634552774973531,0.0021104900105013403,0.002690377375440452,0.0499290163709267,37.87056493170551,14.509112764405067,1.3779494005213686,1.3779494005213686,True,30.50577350448007,7.257196050544576,0.2605482801118845,0.05452745516762238,0.00852319549425227,0.012176980326795928,-1,,0
143,0.2798567003735166,0.29759057579821724,0.12134519989944173,0.015483324970143356,0.11968875974583124,0.16603543921284966,37.24896027021455,26.691223467542677,2.222354962626908,2.222354962626908,True,64.23658414519373,7.24040042398911,0.37451954492169737,0.05564036698113816,0.015300989953914027,0.02187201511058491,-1,,0
144,0.4270751984968134,0.11328830423333705,0.30490714767699106,0.05486291454297768,0.08869318617134732,0.011173248878533429,38.01764444093737,42.89578221058673,2.7345921840580316,2.7345921840580316,True,73.29191192857195,7.2621744040307155,0.4339989823462691,0.04680871948959462,-0.019288928202954442,-0.010636618865511004,-1,,0
145,0.12640596616544472,0.07415617756484909,0.04093109651750127,0.44630076536136654,0.00035524773115230905,0.3118507466596859,37.522519530375426,22.026608195094724,1.8307478719717567,1.8307478719717567,True,74.5635564393477,7.2953621730346105,0.5779278144546587,0.06016092127877822,0.011401457316058803,-0.01870073528483324,-1,,0
146,0.2452357296464079,0.22139912004992154,0.20116927101230847,0.10500289064795316,0.06200603216472979,0.1651869564786791,36.97192354982245,30.549727795577148,3.3462315638384803,3.3462315638384803,True,86.82164167825016,7.359185598637995,1.0357888018890216,0.03864116479498412,-0.0325249551108729,-0.013411173078807936,-1,,0
147,0.33316284784626393,0.2712366815817265,0.2011420076696449,0.02457882737853661,0.1311587010400261,0.03872093448380207,34.75810031399656,13.881018079078434,1.1534761719682773,1.1534761719682773,True,19.862491001643157,7.064474277657354,0.683823755884075,0.030134426470214935,-0.010232198557899422,-0.01131515949768452,-1,,0
148,0.1370426697317173,0.2226177193292484,0.2826958087503658,0.24042814647369948,0.10526229153945042,0.011953364175518493,41.37399343175463,14.687738652546045,3.477663226453461,3.477663226453461,True,119.754792738205,7.2441411781875855,1.2217481674271293,0.04732208113721934,-0.02544910848371306,-0.02154754943177502,-1,,0
149,0.31999882599896906,0.13803237380910946,0.16986609329838523,0.24076534830228452,0.0341560619180194,0.09718129667323235,39.269698783354045,25.09372850493051,3.1200202841315043,3.1200202841315043,True,104.50548355877292,7.35059308679886,0.971402783441263,0.04539538056220492,0.042533479618553534,0.014981616011100958,-1,,0
150,0.34555199907737727,0.23379671946098124,0.02124014722253033,0.13334604595281968,0.1485725492492311,0.11749253903706044,36.14596016486854,34.33685856561381,5.624595301218784,5.624595301218784,True,4.548930425639227,6.436673196238269,3.3949820272973468,0.0399454550079718,-0.011202676804361197,-0.008440573020894482,-1,,2
151,0.5639222220960733,0.0559368619826305,0.03817984941012991,0.27226088730581555,0.0020837793034692814,0.06761639990188134,32.463367456303345,24.563956086334528,4.970552453267288,4.970552453267288,True,19.042940386113244,6.551832525013927,2.834621839362893,0.04369260690966261,-0.014856717783786767,-0.033328446418848544,-1,,1
152,0.12570256825481463,0.18163425137320394,0.3122614193953407,0.30700851265399925,0.00047767919824858736,0.07291556912439301,28.718531170069046,23.455428698189504,1.811661649694259,1.811661649694259,True,28.946728167819177,7.120245263248487,0.47868776673234986,0.039839483180030964,-0.021914833841350012,-0.007382271170836669,-1,,0
153,0.4131761734232443,0.27699145120524266,0.008882357934230263,0.05008583804366805,0.03422843463998694,0.2166357447536279,28.72150522466,26.189258672088037,2.7515216943937553,2.7515216943937553,True,33.976934913967455,7.09679534520063,0.4642945176986193,0.04112940669908617,0.006193464155204421,0.007625273148881756,-1,,0
154,0.2090048702542242,0.32521511419268634,0.37606608385159823,0.0818436264619106,0.0035888701450447033,0.004281435094535986,34.14625445761112,39.227458188497174,1.8590921722631746,1.8590921722631746,True,41.78888862630717,7.318182853917006,0.5183827319720941,0.043183272769504365,0.01607955543585702,-0.010699783264909495,-1,,0
155,0.20036370513702953,0.30150525546404033,0.18982861270280424,0.04848033506965184,0.000882140094110842,0.25893995153236316,30.29582936252613,38.868698483578385,1.0156100551980591,1.0156100551980591,True,19.191920017922342,7.152120879212311,0.35393239321576436,0.03515101422806661,-0.0018616530697151354,0.0019111925252731877,-1,,0
156,0.44954379737079886,0.1758317259612261,0.010702991964468568,0.03924904642051628,0.13633600428406048,0.1883364339989297,41.87912114993764,15.907206050062104,5.980327663152746,5.980327663152746,True,2.5649048606570286,6.2811771240122,3.5599872549741445,0.05405714450536229,0.02315570946752408,-0.008829856289439211,-1,,2
157,0.13831280073659002,0.06266543522987231,0.5438912297861324,0.010730741039282891,0.24394594892010327,0.0004538442880191725,29.702074662679237,29.470856544205873,1.2638053999110839,1.2638053999110839,True,20.457558010883304,7.137973186280073,0.33817955860863314,0.05423366760120933,-0.02129072763296618,0.00964511619934451,-1,,0
158,0.2262313306495876,0.2648402266825212,0.08820715591018151,0.0913416813678284,0.08220489654610402,0.24717470884377724,32.295984401110864,12.33874713521522,3.5705537299777452,3.5705537299777452,True,55.30583969047048,7.288856627957071,1.212361932910317,0.041103460769391434,-0.014923378725710566,0.013320050385837326,-1,,0
159,0.271988363036858,0.09123500132572596,0.2657833921403511,0.2136093878190234,0.0675618051858664,0.08982205049217527,28.99198169250108,31.689466666952892,2.0538012013644753,2.0538012013644753,True,34.7976943369777,7.201233324029132,0.8537309981736987,0.05272573768715989,0.009215909869925864,0.003667229934976392,-1,,0
160,0.2749901632857381,0.27431334639880744,0.21424865295404097,0.11645471789855696,0.04433155985624616,0.07566155960661032,37.82465572517391,21.117686877621846,1.6657667339039435,1.6657667339039435,True,48.0486150558348,7.1004584221624105,0.41797555214212345,0.03865253367043608,0.007572716059411392,-0.014172554941588672,-1,,0
161,0.2092626371201502,0.2125245608557198,0.07617061192708903,0.3820050946435643,0.00016881743137014813,0.1198682780221066,37.420310208032376,44.670885916067604,4.311326383329842,4.311326383329842,True,87.00055489698288,6.77681384844493,2.3226203480825647,0.043214059380017315,0.005122570136509947,-0.01860330505100646,-1,,1
162,0.21719074023588347,0.116445387631591,0.4727792209766251,0.12098540684183011,0.06006783237973957,0.012531411934330642,37.68045009165762,44.0821576808103,1.511579255007924,1.511579255007924,True,47.63168451254812,7.249906546055068,0.3363893640334409,0.03473754758031856,0.002444687201959408,0.008959839038004663,-1,,0
163,0.06490470240422551,0.05077274891622229,0.3248988993906761,0.24005752353867923,0.2619088594008018,0.05745726634939512,32.935630006157965,35.97413982320627,2.016576557885559,2.016576557885559,True,48.14600574193344,7.1984820163616465,0.6358695062911935,0.040242333731904785,-0.03564146847357008,0.0008768933355522606,-1,,0
164,0.5801378601131447,0.014209877954606367,0.1372817883253073,0.2461352003604582,1.4804005231208425e-05,0.022220469241252244,33.36642952737601,34.82316167526055,4.470550603227795,4.470550603227795,True,51.30939633774349,6.701083697675798,2.2283591423563456,0.04509814040905259,0.029953946074617887,-0.00502292278223856,-1,,1
165,0.5712636847746733,0.12857830527939992,0.08099125939418454,0.05362895343631043,0.0029751114502674695,0.1625626856651644,32.884755585049085,32.16985396606047,2.25454006737238,2.25454006737238,True,51.252968560763854,7.242861064823698,0.35451383769159994,0.04692687573116953,0.019050163363682003,0.011796552233771001,-1,,0
166,0.5915170909061508,0.0028011735966923207,0.04002728988164449,0.35344239394169685,0.0005425280689982466,0.011669523604817298,34.13831539650593,14.822145081197139,5.357562831350752,5.357562831350752,True,9.372229531973858,6.450861796468596,3.5344453276689447,0.04128046692535883,0.03847730126818114,-0.014278150597329937,-1,,2
167,0.007153740159120803,0.3798627914642937,0.12142427248143349,0.2744918439766288,0.1512411445668924,0.06582620735163068,30.89056723678816,19.9589088067293,5.411003180493288,5.411003180493288,True,6.215797780288843,6.490193080615067,3.402831932236896,0.03967645911482489,0.05251966092360373,-0.0026087285094505584,-1,,2
168,0.39114388793174554,0.012318178603347345,0.4507651026384692,0.11178668525002447,0.007697909563071278,0.026288236013342174,33.89680481225109,28.59612219248044,4.066466055327651,4.066466055327651,True,67.5323114557477,6.917491583720599,1.5816121865172337,0.034235381720343176,-0.007509477678401797,-0.01585294663553565,-1,,1
169,0.1124590941552301,0.33484357444228413,0.32832198759866704,0.02360321667674386,0.02045140214717989,0.18032072497989488,34.85152547827472,40.44379012468396,4.191434292300468,4.191434292300468,True,76.83556736806317,6.903818704874478,1.5374490792682338,0.034840773143217825,0.014936844892227002,-2.3498172430255673e-05,-1,,1
170,0.3820054715786934,0.24429876101344988,0.18250955302140834,0.1795304193534503,0.006855465648681458,0.004800329384316718,40.31229032498857,17.443561838466294,4.797292674298351,4.797292674298351,True,39.223806516519595,6.601006582383609,2.510100390164841,0.043650062211362056,0.06567933690412571,-0.0059254790817512715,-1,,1
171,0.5583340511870648,0.12481233153637734,0.14474810097613236,0.0032766480415356105,0.003181705504715466,0.16564716275417446,34.41284688413571,33.32025387093622,4.7593207803492525,4.7593207803492525,True,29.867988590329897,6.729700340619556,2.052464887595461,0.04213568623659658,0.03581250569063686,-0.0009197090047737199,-1,,1
172,0.21651978077049858,0.2935220033778962,0.07359813309411134,0.27946279274188884,0.06512906250982453,0.07176822750578069,28.169542230881653,33.12840872926649,3.0159116613723613,3.0159116613723613,True,53.42716157803685,7.143154379016492,0.8702134399966693,0.043187577728047946,-0.002531584193140017,-0.002555434156041147,-1,,0
173,0.13537106091054088,0.37489907400532246,0.009290931228861933,0.21462272181770878,0.05071229076858673,0.2151039212689791,30.82109306456234,41.89834799354034,0.9668310197269472,0.9668310197269472,True,19.463464954668638,7.32730265097177,0.35976864083153975,0.04267566173375401,0.03748272618585784,0.00899079031295105,-1,,0
174,0.45411801478147545,0.08339997827299177,0.17672788813643386,0.07560671880793116,0.00764577489499255,0.2025016251061752,38.80556494620017,36.216736376971596,2.8137682917320914,2.8137682917320914,True,75.88807971819168,7.252152758974424,0.6939791730212248,0.0650217281592396,0.03814275926958075,-0.00693737503847282,-1,,0
175,0.12859457772212035,0.11505387352397423,0.2778394546126371,0.336927150287486,0.0486062395553047,0.09297870429847768,29.35751587878621,24.99590639991831,1.75578513220713,1.75578513220713,True,32.0844360048902,7.236911410110886,0.5263612973854919,0.037544548855294034,-0.019080488417018142,0.011580586525891248,-1,,0
176,0.721297413114468,0.03618495154381123,0.07821308778899638,0.14700746734393985,0.005886080191232117,0.011411000017552266,32.67374889188453,36.0364171645529,4.808992278358992,4.808992278358992,True,26.524973506553444,6.670234027796614,2.55828328814994,0.04787488580244419,0.005381744120791766,-0.013779085799669178,-1,,1
177,0.5388951508415267,0.193344363242745,0.18700205995753874,0.020932791600931727,0.017377472423771273,0.042448161933486495,39.08064996616368,42.234295992857625,3.918139284177662,3.918139284177662,True,96.82872374795701,7.1151959503071165,1.272693404020474,0.04361456750469816,-0.02413009973716391,-0.008157686841945568,-1,,0
178,0.11516738870249912,0.06979370142277248,0.1208377066520222,0.30731529111985156,0.3170687083734073,0.06981720372944743,30.553522688778227,15.236390579168763,4.513129941453238,4.513129941453238,True,37.287023839029935,6.70541744911517,2.4515177161454025,0.046620532262380825,-0.008917519528694707,-0.008951738682369328,-1,,1
179,0.3509939524909206,0.018353177906879615,0.15158400780428782,0.0498816988350699,0.06731200043867282,0.3618751625241692,35.019652351113905,24.450231385451744,4.612515856002451,4.612515856002451,True,47.92529600943637,6.748279088993219,2.0048395887648423,0.042913474587603015,0.046250943052621195,-0.01021395556023573,-1,,1
180,0.30358932092966734,0.10226255509594588,0.47105664503343975,0.020534097999350683,1.5971524724093725e-07,0.10255722122634914,30.54355879498126,40.13381619300782,2.210530986576827,2.210530986576827,True,35.55940396078516,7.11508896877665,0.2844202100322037,0.04707162216341417,0.0009684340257504676,-0.0010516734831806547,-1,,0
181,0.4092223708865531,0.015862254198977827,0.018046010857906587,0.5427750095699526,0.008104794829701514,0.005989559656908356,35.502018986202,36.68063211383516,4.997024851381497,4.997024851381497,True,28.107147918751572,6.653886629898314,3.55938642269843,0.05029913421985334,0.032214117575283495,-0.006409624802390348,-1,,2
182,0.4244953149393359,0.14799795536773155,0.017364240692872884,0.2323674202495908,0.14285822834698308,0.034916840403485735,39.84379038332928,35.69236538127444,1.6749470532700048,1.6749470532700048,True,61.64206991975363,7.181267257412156,0.6637195104891601,0.04710711826268018,0.0023200052371978312,-0.0022366300320901416,-1,,0
183,0.28987532338566335,0.09743154237084142,0.09909663860665957,0.4605590040615057,0.002974180957719556,0.05006331061761041,32.889390508155,27.89984037151134,5.458637028400575,5.458637028400575,True,7.286921566509232,6.422285151081812,3.8398097554617636,0.04153629750115335,0.060790875320658605,-0.029520617087611972,-1,,2
184,0.17313899347062503,0.026489956279748043,0.34406963808031527,0.04491688179215492,0.004813575642902263,0.4065709547342543,32.229434825477696,16.929295891077267,3.9365031194809363,3.9365031194809363,True,59.892820928799935,7.025947429067431,1.503643987801746,0.044619988492656325,0.06633238519336668,0.0014398902997720515,-1,,1
185,0.34401158183413877,0.11279549657538832,0.0896932308589125,0.14897715513302526,0.2394973745324105,0.06502516106612469,41.5736611708911,42.187564714272895,2.937269098233519,2.937269098233519,True,130.51959474366782,7.12635893017724,0.6800118280328251,0.05705187774666637,0.0457122977600151,-0.0033503159135544434,-1,,0
186,0.022118587753834656,0.03642076945848042,0.5277973598770844,0.05223263383937368,0.31745282588346146,0.04397782318776534,41.83109130369777,15.06629616479898,5.278090419320097,5.278090419320097,True,15.623701463360371,6.379925959980954,2.74389977063905,0.042361294866328024,0.019860553134390828,-0.013686080927962845,-1,,2
187,0.27486833847020176,0.3977744114796134,0.17268481814354741,0.1389057278920966,3.7462397994459466e-05,0.015729241616546392,28.355503781587668,24.647641155392925,2.888768072405581,2.888768072405581,True,43.75048810687035,7.287026788527232,0.6575878353710387,0.04970587133308271,0.015195396372990302,0.01793910695551263,-1,,0
188,0.5346219684568317,0.20426866770997043,0.006690444089062732,0.015757910965603746,0.023239354760597443,0.21542165401793395,33.889105414794926,27.47058038416779,5.1168992151518,5.1168992151518,True,12.729731594786566,6.636227821334734,2.6219050497113763,0.03972770462341263,0.033669733391567945,-0.016109360431456193,-1,,1
189,0.14090298064546833,0.02539692354336724,0.44197822495004946,0.12925120781766253,0.20646139364154661,0.056009269401905815,37.2445468334426,43.55424009672477,4.378766819515477,4.378766819515477,True,79.60565122187691,6.769407413919601,1.972197235935123,0.03558420476115099,0.004556339627462698,0.004555231662400786,-1,,1
190,0.780083898200809,0.035101528600407626,0.04975489004304405,0.10362687387163548,0.023825976122719972,0.007606833161383728,39.09218123039305,14.08182840185524,2.40947273794405,2.40947273794405,True,54.518186677653375,7.261003370011579,0.5956330129662408,0.04903003160155922,0.05853216503361827,0.0005158793401186279,-1,,0
191,0.2765197854001854,0.4523630019464474,0.1563705459167261,0.020652825543822622,0.004571051760847532,0.08952278943197103,41.86686845362013,18.026002444537156,3.7082953759208674,3.7082953759208674,True,118.9769869543118,7.046413825185503,1.2429379598548216,0.045386362920318314,0.010112463406179668,-0.00958401098957302,-1,,0
192,0.13609313060354938,0.012349499572236532,0.3616561121599984,0.40285070934358475,0.024244632491527522,0.06280591582910333,36.09649605106866,37.9743816890952,5.386696296539819,5.386696296539819,True,11.171904548285653,6.367599591801088,3.61045420244458,0.04359313386591826,-0.00629557211924613,-0.022026471237480916,-1,,2
193,0.3977906419586821,0.24154283788249942,0.13770987951717992,0.08586676622951174,0.1234279459742856,0.013661928437841175,32.21000551698974,25.830623488092524,1.4788258749608745,1.4788258749608745,True,25.18962469923771,7.183615521074914,0.3691265206342153,0.03471470110419943,0.01373598640523553,0.0049197221176693244,-1,,0
194,0.3487886121590923,0.003673362772541352,0.4151696148783807,0.07074992981718298,0.02230489160251162,0.13931358877029107,34.16654474804154,32.68511734511448,3.1770561010712948,3.1770561010712948,True,69.12651868412057,7.249067904055855,0.758718591510526,0.037447660865861765,0.09627919685785014,0.0007115063763862578,-1,,0
195,0.1540417469629933,0.20077377202199564,0.047792193696332176,0.05057069377107107,0.3399282545994531,0.20689333894815476,33.55424544587312,39.825253694447056,4.207545956955911,4.207545956955911,True,63.895242466277814,6.9140645097733495,1.601997686165797,0.036506134051031605,0.01580553929303837,-0.014735408301809846,-1,,1
196,0.42738135827904705,0.18144034076781143,0.08352589594928149,0.085124373207859,0.051533939849932126,0.17099409194606893,35.24335865147969,31.445471204142812,1.3669871014823423,1.3669871014823423,True,35.22335223238166,7.2901753109188085,0.31903618591870386,0.06175167460179137,0.032392726427703494,-0.001943681807949302,-1,,0
197,0.5213021917710247,0.1546024433857708,0.18681998571565428,0.010411435616348193,0.03365995576642639,0.09320398774477567,32.358645738215074,23.06954584334123,3.3270405551021476,3.3270405551021476,True,59.158037453793824,7.250705300368115,1.0340435117051057,0.034312390869903016,-0.005240778718556159,-0.013911370136013906,-1,,0
198,0.28266717930349133,0.10277958974536372,0.4134163226715758,0.05343351464916486,0.034771805484511926,0.11293158814589224,29.170626647470918,42.56983639363687,3.278308018022546,3.278308018022546,True,45.26577764204362,7.324716967086815,0.8081515043771976,0.03887747647666894,-0.008630852794128955,-0.015771931584690018,-1,,0
199,0.3022380535294984,0.3707156345982332,0.04142123012295082,0.1712863394433293,0.10172104890735452,0.012617693398633813,36.59550295911728,20.700279495790518,2.1110932307890433,2.1110932307890433,True,65.8122544017956,7.260699279266834,0.42034285721680775,0.04114891761354446,-0.03677298351853167,-0.006026919072616194,-1,,0
200,0.04339501170560122,0.15442789238125082,0.09442724108346888,0.07560817942658668,0.1055474562678936,0.5265942191351988,32.85253173889479,41.1677337986428,4.491696992302084,4.491696992302084,True,49.2272505276385,6.713609200382602,1.937064569238379,0.06159521834541104,0.04723182101361505,-0.0025279363418162213,-1,,1
201,0.7583181484522415,0.027220059161191752,0.005152340102472152,0.11522366826626806,0.08320655642724831,0.010879227590578258,36.10946768062682,25.281652197835275,4.769875693089272,4.769875693089272,True,37.349347767453764,6.693562819265962,2.3771596765746743,0.042425647209823225,0.047435361223335665,-0.017069356179415563,-1,,1
202,0.5631161553905004,0.024427798030484865,0.24509302546082778,0.025750582159923627,0.002911006109420568,0.13870143284884281,32.58949391729767,20.422818093372836,1.6120061779948684,1.6120061779948684,True,23.23278013912065,7.224644726309433,0.2726271408438339,0.039654111376325546,0.01721058890068704,-0.007956951040253474,-1,,0
203,0.13604292849889604,0.2582752396200197,0.20639063217914336,0.3407007678974948,0.023527660214526784,0.035062771589919245,32.81950055289096,37.911015331871425,5.207349936970642,5.207349936970642,True,13.784975907030015,6.608215790732615,3.27041596767383,0.036432518085988554,-0.05980973156917715,-0.0064907526758965885,-1,,2
204,0.11423555508890751,0.06831072990456002,0.22687930281187596,0.04138889239112228,0.02112713965061553,0.5280583801529187,29.03170830892137,29.782429630393402,5.704046670357065,5.704046670357065,True,2.6284550007493097,6.3367200140012505,3.1582632129344392,0.05448969222750609,0.06577101450998375,-0.009142818696882472,-1,,2
205,0.5236528700311364,0.0787323795232985,0.20599618132208075,0.046768269290127965,0.012934375643379114,0.1319159241899772,34.966819848355975,29.803783082043058,4.492661485426239,4.492661485426239,True,44.106980865650065,6.852747946403834,1.8712912772543506,0.038611418902497266,0.026140169483017135,0.007072762326717832,-1,,1
206,0.6637052669421973,0.03908797149798128,0.12752170577393612,0.03708701484656417,0.09315664410243912,0.039441396836882026,32.618858331810394,20.545386802102932,2.150201362663905,2.150201362663905,True,37.47823302193006,7.251573929878292,0.2868945127092787,0.03766003185062651,0.03260680365397063,-0.005289537416914302,-1,,0
207,0.3067873262264842,0.053788811752647644,0.13540040536317255,0.25947880123478273,0.07235275622832531,0.17219189919458755,40.4360795463177,13.799664599146054,1.1290244096204203,1.1290244096204203,True,34.55244825001459,7.218802022656365,0.3685043833223739,0.050538878330502364,-0.004455221548507482,0.02123866381737493,-1,,0
208,0.41242750496038977,0.20295414652614854,0.02866021654036316,0.28113053138733785,0.013521739531864503,0.06130586105389602,33.646982266925974,12.12246286882473,3.0296737620744993,3.0296737620744993,True,55.34949416185036,7.249026882294337,0.8947203331361667,0.038061866704536394,-0.029226743121484818,-0.01779243907113407,-1,,0
209,0.2103098615765814,0.28208015739524966,0.01077344604045551,0.003726098653200508,0.4741205588313582,0.018989877503154784,37.89245295037194,41.53720194550351,3.4016542173263735,3.4016542173263735,True,98.76286649371687,7.085949870458728,0.8194484506150305,0.04265197398035493,0.022307771111263232,-0.003720310496697649,-1,,0
210,0.3004699008649943,0.00834178690282714,0.025211458692231962,0.21542762028772658,0.015256500924337476,0.4352927323278827,40.86579010634942,36.69628201445576,4.157352040940809,4.157352040940809,True,115.59902354509923,6.9730792201923695,1.8626617292198993,0.06664605301919273,0.048514708998307815,-0.0076652370019568115,-1,,1
211,0.19149825184973804,0.09092889032953853,0.05889083206853298,0.4934407254322712,0.11124944300693541,0.053991857312984025,40.76573729033023,24.241268199534566,1.7770422033644064,1.7770422033644064,True,78.46793865168186,7.0680507165840645,0.623977681593404,0.05315974255200226,0.07706727379938744,-0.002134285345027371,-1,,0
212,0.4844976845922058,0.03254301732444018,0.2308462631885907,0.21253051173358264,0.005862483074360992,0.033720040086819565,32.53517192881699,38.893357473111564,2.0173791187696035,2.0173791187696035,True,43.828122089840356,7.108693343253102,0.47851812463096927,0.03839165285844509,-0.024557892744407978,0.008784500741824486,-1,,0
213,0.18137484666344125,0.16102973814524857,0.16297788420271198,0.02013672255998059,0.1305557733950249,0.34392503503359284,31.363348224456928,40.487302644403115,2.680853571985679,2.680853571985679,True,44.27487693337202,7.368395644567189,0.886798406215662,0.03886759373566287,-0.02028346675033228,0.01066966666993791,-1,,0
214,0.03226881060182122,0.6998013139225003,0.04039055353990947,0.20699063472925847,0.003535020414768351,0.017013666791742103,35.80411782007552,13.459715161027358,5.367149027178064,5.367149027178064,True,9.30764841566533,6.5110919498681366,3.133590611396786,0.03269377152769398,0.04514315493034901,-0.0017830883319965374,-1,,2
215,0.12599525249100801,0.6497180790859034,0.10638166476715626,0.08285386870514004,0.003757904371237316,0.0312932305795551,34.99720513122049,41.74865377205441,1.9086653258684607,1.9086653258684607,True,49.700849999597224,7.192390127626843,0.37070526581230234,0.035361479858206674,0.017384449174634022,-0.0072147767102044395,-1,,0
216,0.4027161721786998,0.008216956585289176,0.03141125792015545,0.23112870113182485,0.29723106531863774,0.029295846865392956,35.12468315800679,39.0425159473707,3.1264279840082123,3.1264279840082123,True,84.55509031052736,7.281591397310749,0.9572035364982014,0.04995113583837722,0.03261391455624914,-0.01032941033258028,-1,,0
217,0.5224488238431078,0.15754004592738063,0.16158889775572233,0.043529223626580946,0.09762437326487224,0.017268635582336142,28.95572943688413,12.558739963252332,2.747597564031512,2.747597564031512,True,30.739774281583436,7.2003662557379124,0.4136855092306234,0.03740457460776868,0.016084940716830837,-0.003146810553474001,-1,,0
218,0.3540239941203665,0.10803877594727525,0.017507637886687598,0.29461586606064116,0.00017409191899700013,0.2256396340660325,35.16787640632535,21.716790124901298,1.637958959502521,1.637958959502521,True,45.586770313861486,7.30408611718541,0.513346197573017,0.04565888500876587,-0.030943734054235165,-0.009460677795774784,-1,,0
219,0.23791669291711554,0.19149714329099324,0.18486762976034363,0.1025156051159656,0.00044596377379517606,0.28275696514178683,35.64828326713,26.54173620393138,2.9039563087719653,2.9039563087719653,True,76.255605684262,7.182397915125499,0.8180451494981489,0.04234937572071646,0.007965281343072367,-0.01154230576353581,-1,,0
220,0.31213052549646214,0.3846640795310427,0.21241428875511228,0.010988812198791794,0.03685422207940465,0.042948071939186344,30.52914579594667,40.19071850592552,3.2982562956861434,3.2982562956861434,True,63.33252351189664,7.306792324044909,0.7643463774598017,0.04061383813242245,0.011306489933060973,-0.009869758624886111,-1,,0
221,0.2112342489919486,0.18715105530187823,0.10821905409022932,0.3538734540404896,0.11979472657189633,0.01972746100355786,31.624252000168628,18.65067867363146,1.870462798798779,1.870462798798779,True,40.94164485949467,7.361445032950616,0.5324146066780944,0.04518058754143647,-0.00040267851159869067,-0.011750402358453062,-1,,0
222,0.36354011773526196,0.3057405347156494,0.019136919965940337,0.033065848902363186,0.00458494127192324,0.27393163740886184,35.38076313227785,26.474460705535385,1.1640789835512355,1.1640789835512355,True,26.71504374904406,7.3391947072794865,0.3566697160925185,0.04032511371820396,-0.011579753494674015,0.006169505608345559,-1,,0
223,0.46548302468289243,0.24246289863796114,0.15130872745885388,0.013019194435638893,0.02074011376129407,0.10698604102335957,35.61032023962828,34.88397782001438,4.611816675912958,4.611816675912958,True,47.93694557584371,6.786324938831435,1.9967718000520607,0.036401131102642904,-0.027570629126043824,0.012099268438332138,-1,,1
224,0.375139476453627,0.009668038148640945,0.05725506906759761,0.11065613666356645,0.021232200905366285,0.4260490787612016,33.456076019816486,12.522564208928952,4.0542683215546775,4.0542683215546775,True,60.50701480070573,7.1097100406285785,2.0651319981240386,0.045956232315674174,-0.010951929175670675,0.008886798439158237,-1,,1
225,0.42190629918378925,0.03318224242941125,0.2980264574831333,0.19997472616262263,0.04656211467597271,0.0003481600650709127,40.52476483320909,14.005241460889309,5.7127701637724355,5.7127701637724355,True,4.857479555052196,6.1490271065547875,3.6604547459380834,0.056289272173337124,0.012583858177413199,-0.01087766534343474,-1,,2
226,0.33679884435362606,0.079601165476307,0.09279430004365444,0.08693007753263482,0.2519255526511758,0.15195005994260175,34.92652257859175,21.11776469276439,3.5624011411312644,3.5624011411312644,True,77.33311055648889,7.244153047114558,1.0832667424760127,0.040711732816599164,0.02843775651290814,0.0022130000728761024,-1,,0
227,0.5403735004231419,0.06447396495335969,0.014173016336900199,0.034194029492528165,0.021121509804917386,0.3256639789891525,39.33148749998375,22.173456790273026,2.9149855827895887,2.9149855827895887,True,86.54608875818836,7.207171488587359,0.5406747832876173,0.05483513660746937,-0.016052631273655225,-0.015929520224677047,-1,,0
228,0.3034558807652357,0.2448137302348138,0.15120889839864404,0.10095361282525729,0.14243515398399095,0.05713272379205812,30.006344868668673,28.169875462616584,3.1746564679148763,3.1746564679148763,True,53.14251964362172,7.2786624071843935,0.8158540492685998,0.042470681717426934,-0.0625352598061942,-0.008768376610493626,-1,,0
229,0.37169437480203327,0.13230553061367317,0.0068490164713432816,0.26103146285735795,0.008638964106639654,0.2194806511489527,40.793588331481814,19.560191098023072,1.2535378897803753,1.2535378897803753,True,45.453952754490324,7.151450707728539,0.5632934706950069,0.06137912302714272,-0.008042579426632267,-0.010219490844170011,-1,,0
230,0.062015135498388045,0.41733377145191186,0.11689265032407856,0.11786427030254934,0.2082404360269556,0.07765373639611658,39.92281662482341,40.77711185816388,1.9782624709902743,1.9782624709902743,True,75.95391239286812,7.093309669514592,0.3749141752890747,0.05224139503557035,0.005863911852900751,-0.0033969427011190634,-1,,0
231,0.1745266741533366,0.0101484049450032,0.23821914491482046,0.0003130129354703292,0.3011880147034171,0.2756047483479524,28.03454998487174,15.827037512132929,2.4571564175821363,2.4571564175821363,True,30.42210403962539,7.1115542575025215,0.33642616375837814,0.051136161581332135,-0.004895481007286265,0.00026584460514226415,-1,,0
232,0.7190441472160948,0.09737406747867543,0.10112595075328579,0.04395889120312165,0.03104790760080134,0.007449035748020766,32.96428615294412,41.44850866839363,1.5953345881416054,1.5953345881416054,True,31.005048449248186,7.115579886800119,0.6370519737327311,0.054994093135057834,-0.03292563228487798,0.006673134101564023,-1,,0
233,0.40360394117120296,0.031400355596900104,0.17312646210147928,0.035858763135689954,0.3095791641134544,0.04643131388127325,38.75869137382362,44.12514182512579,2.7947666830977322,2.7947666830977322,True,88.21893155753148,7.257922526397111,0.46124691415937796,0.046807536624730486,0.008507797603537075,-0.0046021427335252215,-1,,0
234,0.274866681411129,0.22314035232411258,0.10208584050925806,0.361406215632131,0.002191516774592279,0.03630939334877708,31.484058304284112,17.90746628297704,3.121196451816295,3.121196451816295,True,57.99286699831815,7.179621197253926,1.1400070990534068,0.03902943804143153,-0.004954394122371178,0.01664413153173764,-1,,0
235,0.9409171863591531,0.006313323789248457,0.02586452968009806,0.01439123885407527,0.0034524524644667437,0.00906126885295832,39.23648360668544,20.884862891011146,4.395867840036126,4.395867840036126,True,66.12313496473324,6.705482537300823,1.7631640222712566,0.060300311817451824,-0.011219681954442246,0.0006238759222254725,-1,,1
236,0.2679636139387037,0.06582226376709252,0.1331875499363488,0.19049334619206457,0.0150158790754522,0.3275173470903382,35.98721883144762,19.33855424463446,4.134328626535977,4.134328626535977,True,80.5671890566975,6.893387000757044,1.8022826194555672,0.04436336974802755,0.010117012564229276,0.006276997239486541,-1,,1
237,0.7344642433782385,0.05944088535020848,0.03958978675684299,0.10573245982046503,0.021557880049559865,0.03921474464468524,40.01152163076874,26.727297531413452,5.0629850261117335,5.0629850261117335,True,24.847804259205365,6.41596901137909,2.648553094819496,0.04890499759735447,-0.009881642267624984,-0.009665921780820349,-1,,2
238,0.3041785393158074,0.2528355345794417,0.09722872345047538,0.04948518308063299,0.04371507403408436,0.2525569455395581,31.26359426410386,30.646697864933696,0.9735991889024012,0.9735991889024012,True,18.897828872520066,7.265835948702219,0.33662898086696647,0.03956509821678468,-0.036969084915862135,0.0006714779340275426,-1,,0
239,0.23209156559811,0.030351632465692037,0.16915343652901021,0.38607945668129645,0.08546613322991432,0.0968577754959768,37.97960371203106,26.201140885310462,2.2771672022853178,2.2771672022853178,True,79.51502071381883,7.288164098162292,0.6323838947212087,0.04499825416736282,-0.021206971867840447,0.0013835432640679232,-1,,0
240,0.3464417937665274,0.39031590998777005,0.17711665344030528,0.03182953681969633,0.01109359064816567,0.04320251533753542,31.334963956549572,22.360991217969428,4.399996125151879,4.399996125151879,True,35.925133966420354,6.8275856786841125,1.7974741567282768,0.03449482548764989,0.02473021864999159,-0.007412982565096612,-1,,1
241,0.7812371830984156,0.06684247662424872,0.023790521983095836,0.042716994299541115,0.017787791797623374,0.06762503219707534,41.02986433653362,25.088771915240308,5.719967798628628,5.719967798628628,True,4.6833673726217135,6.332959472506966,3.207251186063908,0.05677726765372685,0.0251831102371624,-0.0004288434843400541,-1,,2
242,0.19974792904936603,0.06970220901759239,0.37561173335631765,0.07147499552295009,0.022232042943979173,0.26123109010979473,32.90465178989561,14.212403604278812,5.1792235853953414,5.1792235853953414,True,9.92756393763875,6.437694780404266,2.6359782969494137,0.03967683692669329,0.042119494276088264,-0.0015156874650965133,-1,,2
243,0.06739699812759534,0.17144745260539968,0.3253137514916524,0.3406770929007078,0.027384263536974873,0.0677804413376702,35.43736565598885,36.49895437137191,5.094097178857915,5.094097178857915,True,20.828695070486003,6.5011573589780545,3.259297757754745,0.04153048782262096,0.026637395925035834,-0.006589318205123778,-1,,2
244,0.24016121311618963,0.3216214161896077,0.031018059686178892,0.07457850276650148,0.00896905733873167,0.32365175090279047,33.130213665418964,27.899539431324612,3.5841308298464254,3.5841308298464254,True,82.89989303858293,7.231034216677924,1.1506689186918475,0.039955451394344206,-0.038987212072007664,-0.01226005901914485,-1,,0
245,0.30190373362732886,0.06408418377533534,0.34210263036464256,0.20203661415318572,0.0008079879058946958,0.0890648501736128,36.43268259846556,35.38198283821043,4.677131207923609,4.677131207923609,True,52.453640787231514,6.694519911938132,2.345054737375986,0.037622459146365,-0.039167443220142366,0.008532320866236065,-1,,1
246,0.22097905986511762,0.26009898080915567,0.2584285294418546,0.04585854279598285,0.16007303425161937,0.05456185283626978,36.16069296285781,37.66609978851188,5.004705628920685,5.004705628920685,True,22.314435617300237,6.390582420560269,2.4532831039758496,0.038455374498235495,0.02631191470433993,-0.016268980317781255,-1,,2
247,0.6688010622226507,0.0723275815656006,0.18254280310510956,0.05059609909125523,0.009351373314299465,0.01638108070108451,34.13301748156448,39.98659854832866,5.332007330180092,5.332007330180092,True,8.747262765408598,6.466354421912791,2.7659856288344713,0.03994479319599002,0.012916172447424287,-0.0015789645184919963,-1,,2
248,0.4595299827326895,0.4095110975778282,0.00940114859980681,0.0518478470553491,0.0001095649137620994,0.06960035912056409,28.776889420987917,27.306983105812613,1.672044106927263,1.672044106927263,True,22.53201613176902,7.19350698037003,0.3573035596784464,0.03696559577588714,0.050415673110406886,-0.011170718636403265,-1,,0
249,0.15774605890737242,0.04359611827001641,0.39475380075828004,0.1124734917361824,0.01168157932545689,0.2797489510026918,34.07969820166977,30.708739416030184,1.6639935424861811,1.6639935424861811,True,38.59785967233625,7.159448308612692,0.3489570078796534,0.04034670903117998,-0.03557531513542357,-0.018786059095215447,-1,,0
250,0.38464545980304,0.43885662765255173,0.06704213146298671,0.012373147679183894,0.027240509995786342,0.06984212340645138,41.38768198988064,19.193958468743404,5.065044472249816,5.065044472249816,True,24.518201502348866,6.55658894678691,2.4358214072948514,0.04494040043704259,0.011802545916646062,-0.007881005155846813,-1,,1
251,0.10255441836021938,0.2750044252851053,0.06062574202647006,0.11698503905106987,0.005621379582869486,0.43920899569426575,32.49864830908207,23.53330615221909,0.9409374923888034,0.9409374923888034,True,18.04406881350658,7.258259014372189,0.31530041557465643,0.04539141200531013,-0.006014011906328584,-0.005298006136554629,-1,,0
252,0.13809220305192957,0.4696692596978592,0.051329280587194735,0.06990535229500984,0.2394010510925688,0.0316028532754377,30.720656101627398,39.44447569224417,2.3951700418596387,2.3951700418596387,True,40.99787330705451,7.271768021262681,0.3644591752178103,0.04393783655724494,-0.012933543195059726,0.007234757361001739,-1,,0
253,0.3518218539877859,0.040460787361996216,0.008410103215358435,0.3328025917922704,0.0894248788061441,0.17707978483644501,30.48073361685313,12.142113002805802,3.0892240366443007,3.0892240366443007,True,52.88236438927801,7.06339254670992,1.0313619645741035,0.0552824982239637,-0.03676545733793557,0.014983141809841711,-1,,0
254,0.6778454608162208,0.03466694466176047,0.06789349939075712,0.18903255046732845,0.009883925744981849,0.02067761891895134,40.46495113217292,17.017077451251183,5.2982211267174035,5.2982211267174035,True,13.994884552807134,6.35888880778759,3.065095533001556,0.052838752069900304,0.061417617441981334,-0.014100806093505846,-1,,2
255,0.2010451845316798,0.14794963787677176,0.2958361792481709,0.20426117652802364,0.12583318912521577,0.02507463269013804,31.866116512025023,44.162714801343796,0.885502024470014,0.885502024470014,True,18.385973005177664,7.169452984801535,0.3326136150581406,0.04176889106302139,-0.03397299407163304,0.001725987667009524,-1,,0
256,0.12622399140966015,0.20662704471733498,0.2166317267074439,0.3733663943331226,0.03984110481547711,0.037309738016961254,41.73815266396046,40.01971676931889,3.9740961821935175,3.9740961821935175,True,125.95250700742393,7.065204734323,1.950176819901593,0.04898052240182654,0.001896180688454801,-0.015484864291240949,-1,,1
257,0.5159960136304138,0.03129578975272508,0.025650432249832777,0.04233281291809471,0.329960590396848,0.05476436105208561,33.85833720061091,19.271807956364466,4.861090583635027,4.861090583635027,True,19.92001234739907,6.550982352033586,2.2696206522738533,0.03696003805127055,-0.017568122947350894,-0.01502022797045922,-1,,1
258,0.4201035988136691,0.19063739786519038,0.00908093637118786,0.1914815722793382,0.04589975197130446,0.14279674269930992,28.122558256425872,35.87509796805636,3.921392488138399,3.921392488138399,True,56.134379820551,6.900462160283826,1.7016407181008824,0.03883935369054887,0.0037333781058911516,0.0028657950433065922,-1,,1
259,0.4913067643203959,0.027826737037678472,0.13179962043880414,0.13897221186333547,0.0007463576880402939,0.20934830865174567,41.30365802177327,12.074866316366377,2.192460233446043,2.192460233446043,True,77.1583842077087,7.050178697291262,0.4073153737737695,0.05338607791749901,-0.022348651943253958,-0.0019039699679440545,-1,,0
260,0.18503922738582348,0.036473918361272804,0.20351469580531595,0.18911304850166447,0.00439231740864298,0.3814667925372804,32.389314587932134,19.20530766183108,5.35838253694487,5.35838253694487,True,7.341227369656172,6.507666556591997,3.121284026430326,0.04326878691247839,-0.03776848898678255,-0.011625548354156311,-1,,2
261,0.6100406177048558,0.07671924053381089,0.05163483403560737,0.12169060226974729,0.09050065963041638,0.049414045825562414,29.744422271106743,34.15460347347012,5.450507980427125,5.450507980427125,True,4.891410036954722,6.3475058732274645,3.0722841910635723,0.04238240067338563,0.027805009709659597,0.008470444511459478,-1,,2
262,0.20297169404756737,0.2247875150596482,0.04931348857273251,0.2852270489267117,0.04438758328930808,0.19331267010403205,34.3425534803388,37.69523835679369,3.624434703737834,3.624434703737834,True,86.79947638428987,7.052067880548375,1.6523391529197564,0.042761185980966045,-0.020141921005061743,0.0034435688100857027,-1,,1
263,0.11784836114111862,0.08435944807647416,0.48398522255592247,0.1038668648373072,0.1841767239875489,0.025763379401628636,35.61492320711841,43.23894433357367,4.739485602116901,4.739485602116901,True,38.56386217370168,6.757423622294262,2.3786130651494615,0.03641742777345403,0.009214837499238734,-0.014858887580363366,-1,,1
264,0.46568853938255195,0.21012069728908514,0.028813664225113812,0.05257801550927307,0.014946787275139276,0.22785229631883683,33.734336746284235,20.742142576037644,4.783576326229057,4.783576326229057,True,20.56688778312518,6.574010449572221,2.2598340860956507,0.04379565998112682,0.05166617259289137,0.006348476041477397,-1,,1
265,0.14714761664327825,0.24485634185696847,0.023081408187831696,0.3717689259906038,0.049082002391534874,0.16406370492978278,31.15156223182266,28.175770755580693,4.489450642418073,4.489450642418073,True,54.2362661346022,6.850648433561375,2.494585949016826,0.0405912393525664,0.04115589641882044,-0.009016669141635226,-1,,1
266,0.6998141010024882,0.08716777220387673,0.14107706242140097,0.014999084868495108,0.011170814085383987,0.04577116541835476,36.39969180146699,22.059269243029142,4.247547548477956,4.247547548477956,True,68.55115073027153,6.962178596879529,1.5808559859713451,0.04276268595493318,-0.010800488267094118,-0.006040991079579906,-1,,1
267,0.2942069858829414,0.19267888578556444,0.01710740005835639,0.051359259210919286,0.06357307018774254,0.3810743988744758,41.665174225009174,27.191380388496285,5.40077443360019,5.40077443360019,True,14.081836364981317,6.477252964843884,2.9450633799444415,0.05980970965488809,0.03706609122639075,-0.00845246227523143,-1,,2
268,0.2947829383537316,0.4131518210999081,0.051214109471819605,0.07220716582658507,0.13020299519311646,0.03844097005483892,38.571848557405474,12.518890108414277,4.059127330301951,4.059127330301951,True,77.43899078411698,6.9815590609495715,1.5820734706390436,0.046949473802404114,0.041638428771654926,-0.021983780967075598,-1,,1
269,0.1247303522466609,0.08373276908499996,0.6285638105949447,0.021919052847848206,0.11401852981194134,0.027035485413604808,32.10287530689246,43.75960268335453,2.022021642118728,2.022021642118728,True,36.93424944166925,7.328712898893279,0.48777678988690654,0.033682385666169996,-0.07139125627632449,0.015389608663603676,-1,,0
270,0.2749722467221306,0.15786245489631348,0.3447415518574485,0.12251660647623683,0.0032776448515487813,0.09662949519632207,29.13642047325486,41.92884830072827,3.4721955573024665,3.4721955573024665,True,61.62757823185301,7.1789289638431,1.217569644234963,0.040287235974880896,-0.017837482137743638,0.005073147753150843,-1,,0
271,0.4483329964314911,0.09099467348198258,0.0005054254903222038,0.14917348154579219,0.03614438898336047,0.2748490340670513,39.069187972728855,42.881467326792595,4.134739511988495,4.134739511988495,True,107.08655815397267,6.8830279096891065,1.7502808158367615,0.06157931040059645,0.03326689426505369,-0.010342029395166962,-1,,1
272,0.38899615420381817,0.3090956567465298,0.028601699661011573,0.19235300272713665,0.06391069905103804,0.01704278761046576,33.74078521399686,12.849625240618222,5.372822994191215,5.372822994191215,True,6.980830698080649,6.485249946052191,3.1425728384166143,0.03625465793564299,0.0356718769397556,-0.025504625423338895,-1,,2
273,0.48760281695663227,0.22998587409387672,0.19629789514219556,0.009110598641682831,0.017909138931624307,0.05909367623398851,40.31427670493242,39.40961800388337,3.2466069688003003,3.2466069688003003,True,97.42433999205147,7.169711686938627,0.7888924264294258,0.04810143798979265,0.0011907219074612802,0.015634020638407346,-1,,0
274,0.2904748334529199,0.3136075952940652,0.04632493918097939,0.2502388497870883,0.0001892574661696667,0.0991645248187775,28.805662218055918,34.161235366682895,2.593925669162038,2.593925669162038,True,45.99069107391242,7.182306025010447,0.6507330932237669,0.03625690001596867,0.034466049088602436,0.006004092223164898,-1,,0
275,0.32801595277039536,0.004934969839312055,0.3196203711063486,0.05887101688550631,0.15166219158155536,0.13689549781688232,32.04281305228179,34.769854319183445,1.2438548848606654,1.2438548848606654,True,24.2345957702373,7.225955919507674,0.43453613409247716,0.04255471111225205,0.010869449689153196,0.005885257522739861,-1,,0
276,0.1341228148186042,0.009807345851403988,0.006929467214184134,0.20356488917964677,0.012628049628659481,0.6329474333075014,37.88269300567719,20.053656026210327,4.699409692113976,4.699409692113976,True,49.81304379557062,6.628508463100484,2.3996434860695315,0.059088830798850474,0.0013236264148517654,-0.008491913911459774,-1,,1
277,0.12746087549340157,0.27147519113769775,0.3477269644338723,0.07612379560280064,0.001827494591776738,0.17538567874045075,31.103470388762773,32.39524533826345,5.24196188373029,5.24196188373029,True,10.029698690151632,6.393147826356317,2.7008524632549262,0.036953012161608574,-0.0027728856402799117,-0.006424699917215004,-1,,2
278,0.33182119762235573,0.03675055412911774,0.0035923946582458195,0.6226004022288684,0.0020342465687633797,0.003201204792648787,39.81167859929846,21.777209440130875,0.8411322376689362,0.8411322376689362,True,35.42228481840378,7.129826934084938,0.49322018656692784,0.05454813896092157,-0.009208223557933035,0.0009994259892143309,-1,,0
279,0.024434843529092705,0.04932419562704048,0.3928603785334713,0.34344656452084255,0.029303599503023695,0.16063041828652921,30.799150800914195,36.71001182894588,5.805832694980593,5.805832694980593,True,2.851859529479634,6.1979641861154615,3.9891559783882773,0.03698656989342722,0.04594794557616642,-0.004572226596581435,-1,,2
280,0.038075666327216116,0.037741497904186995,0.5964492359318128,0.07128060059953985,0.12107720352540048,0.13537579571184377,29.226842213500046,23.78969596218858,5.363466773404649,5.363466773404649,True,5.994060676672531,6.399655833905643,2.8206371053649413,0.029588620623066404,0.044412124767483054,-0.011274586847131009,-1,,2
281,0.5096982728486676,0.012350814228514017,0.1963132298985206,0.12203617642281502,0.06477265169282391,0.09482885490865889,36.79730917880086,17.60656491214782,5.577242495953637,5.577242495953637,True,4.510723301021563,6.326477422452106,3.313609644003395,0.04443729657677434,0.07123298919599937,0.0019941355789024947,-1,,2
282,0.44156101958349897,0.05415043764874289,0.20754306792029847,0.08014344915430367,0.001159933824651043,0.21544209186850483,28.879048536007062,25.765640297489917,5.661155941747806,5.661155941747806,True,2.2850013785205503,6.4755919512240325,3.281706707578561,0.051904141292124326,0.012849014419017986,-0.011495821124343882,-1,,2
283,0.29989222277282296,0.07460846246796245,0.046799874912981695,0.20117639929809153,0.06882961725324677,0.30869342329489463,41.32680853742718,39.21742778442244,4.098688929167197,4.098688929167197,True,121.68387084979348,6.942576953786214,1.8850182186905102,0.06843783031991306,0.05977117525373067,0.0012126744614553682,-1,,1
284,0.1648633169439916,0.22720984698387328,0.2920722213370965,0.1436999187313253,0.0033224751463064935,0.16883222085740698,36.85067856085013,28.959866321771887,4.6938419043956054,4.6938419043956054,True,47.41495453507164,6.857539942584391,2.250068361298576,0.044319898689685874,0.0434546339601026,-0.007206999400759761,-1,,1
285,0.418207248139906,0.3199580775322638,0.09875294726240905,0.0007095258064771304,0.004248606958208205,0.15812359430073578,41.9579287137365,16.440629710937074,5.138572082671408,5.138572082671408,True,21.233135627507917,6.653807385165712,2.4562942073509735,0.05918931098148182,0.019032950013598168,-0.027115040500604197,-1,,1
286,0.36141530286669743,0.05768208095378988,0.08983201648142478,0.2413018891473554,0.037665716117041705,0.21210299443369077,37.36792752849583,20.471576107304433,3.810027117088354,3.810027117088354,True,102.75986299441912,7.037287121891611,1.5912836282918805,0.04674696439661713,-0.003439727981435152,0.006936102695863506,-1,,1
287,0.4651336745072949,0.0034583827810348755,0.05537574655156095,0.3931077788673986,0.06692697949425655,0.01599743779845394,30.994139177037212,29.904628780349714,5.076320588987602,5.076320588987602,True,17.196509669456898,6.554126623922236,3.2275880438087015,0.04382305981648466,-0.012345940316326128,-0.005662907344257917,-1,,2
288,0.3709959943790432,0.0933833821429769,0.0015684011119768966,0.16199397707537858,0.007089404920860382,0.3649688403697641,29.367770494574227,39.31535819874546,1.1431746171212063,1.1431746171212063,True,22.87430833088459,7.302068328974416,0.43966475960869483,0.05252221429253167,-0.021462318173628467,-0.0005305953214231739,-1,,0
289,0.7555865602310469,0.03100406429610201,0.009016567924569226,0.14721980983823982,0.04437689134533796,0.012796106364704084,41.21359853380179,36.64747971986361,1.3980513596852309,1.3980513596852309,True,47.9167333069583,7.105463053765822,0.3967556547033279,0.05822131432078939,-0.006241665772280059,-0.016518491256565637,-1,,0
290,0.3775510637455614,0.15419440326472547,0.2582846773042974,0.09637907131069931,0.01288506271113076,0.10070572166358559,35.791884656389705,20.963579789981118,2.9687722778657024,2.9687722778657024,True,72.51396774261742,6.997701494265378,0.7890020482704293,0.03794250596823995,0.030416339051495173,-0.001543318298028086,-1,,0
291,0.048425391843259585,0.5339684604021439,0.08307236064560745,0.17178910601909936,0.14536728205167102,0.017377399038218843,28.062324036605858,33.92359859269773,1.1197356912987615,1.1197356912987615,True,18.16846114521115,7.175984317918974,0.4535383457003926,0.04007901315924722,0.014640035461165823,0.008700988258955244,-1,,0
292,0.04304495653055488,0.2613536930359747,0.01806498192597569,0.292169571124713,0.31030245102777376,0.07506434635500785,35.007935355909964,21.63612650900295,2.4345294486173055,2.4345294486173055,True,57.24428033861042,7.053611665840948,0.5498924201498318,0.035826586127754245,0.003978534055916774,0.007534227798962374,-1,,0
293,0.6395075733751806,0.03953303193457817,0.12924925114848523,0.08533432058363126,0.035389659458318415,0.0709861634998062,40.097233088999204,35.32251301343988,2.512252183182504,2.512252183182504,True,76.65117831672273,7.07730030591732,0.6696560409034276,0.05122852160788611,0.026087939234871897,0.01954261833078278,-1,,0
294,0.61654571961586,0.20410031054354666,0.054306790854919545,0.004588182880287015,0.0010471665094874238,0.11941182959589969,37.25989051224645,31.946859172784798,3.2326196374342793,3.2326196374342793,True,72.05497424911512,7.147640418089625,0.6925244544927321,0.06624443657360668,-0.01927988860195988,-0.018042571540932334,-1,,0
295,0.555713004526306,0.26342338846573904,0.025798347512797616,0.08570286258302132,0.047136227085318394,0.022226169826817608,35.66320137325806,43.96482416256,4.906708778331275,4.906708778331275,True,24.829175800227134,6.741157452363386,2.381155894124512,0.035946555591753776,0.006618962495289994,-0.02953457048174917,-1,,1
296,0.28423973463500735,0.017952088237055592,0.5459046622474202,0.008954473688952943,0.09384849484385144,0.04910054634771244,34.85513924699916,22.143699840711207,2.467383314835951,2.467383314835951,True,51.73744983471443,7.268222427327297,0.27718099627425075,0.030609774238819096,0.02082438798795736,-0.017110396452655236,-1,,0
297,0.20450090155857606,0.13484092312368523,0.19762334698618064,0.20840114861979822,0.18528194821891036,0.0693517314928494,36.75543056852834,25.576018104804334,5.11729716494137,5.11729716494137,True,19.86322789939098,6.61133928763588,2.8837987954278095,0.037773643848287984,-0.04796985073299849,-0.01824823979029166,-1,,1
298,0.30854239109391873,0.35355405739518975,0.010869630128372465,0.03373629618650664,0.0009136008615826198,0.2923840243344297,30.1678850970113,15.48404549296741,4.697801171541751,4.697801171541751,True,23.030584385186977,6.721556473045073,2.242675264740071,0.03900293581556287,0.04159786196030926,0.006240235708780918,-1,,1
299,0.5163120958175715,0.10852520399849377,0.06471274438261171,0.040926546918140023,0.04508833602116569,0.22443507286201728,31.3576047149053,25.303139303477312,2.403386775613214,2.403386775613214,True,43.714415397011024,7.330523387227875,0.44432148770981506,0.048074256897542564,0.025790159633280584,-0.01313648668066293,-1,,0
300,0.5817527388990551,0.014718921285251547,0.03224267850012306,0.1514265805851974,0.10367064166782085,0.11618843906255207,33.80644181960987,15.699630782096026,2.298978949276474,2.298978949276474,True,43.31072359645442,7.17522014773615,0.4306935541597875,0.04250204825710917,0.007125167913354461,-0.012014431285417805,-1,,0
301,0.2769263414988565,0.34113161022758604,0.04387544782255061,0.3216272392346557,0.0022459198391069015,0.014193441377244294,30.735050309709912,44.266163547703094,3.1120611766157342,3.1120611766157342,True,62.88075894819032,7.241132065208134,1.0639057825198333,0.038955042408521295,-0.014266826546659832,0.004732585310960489,-1,,0
302,0.3753175971156838,0.1674420893171993,0.2738303591459433,0.08410335172126289,0.07813481605457986,0.021171786645330922,34.844807675569015,40.264570315802985,4.2845394050737005,4.2845394050737005,True,68.20643395780995,6.921453426148122,1.7415934166942943,0.03496882440051558,-0.032092835836119826,0.010963261144214333,-1,,1
303,0.22048602978007048,0.1332661693823747,0.35949913078139145,0.21869288414537297,0.02608496333256847,0.04197082257822189,31.104185123721322,38.370508350691104,5.381532010197876,5.381532010197876,True,7.097098613065391,6.361238248119849,3.233650445683651,0.041786830994510166,-0.005238490002584303,-0.013885032084970415,-1,,2
304,0.15943497180462332,0.542131358681988,0.1918546417215053,0.06629045927419353,0.004709867804354323,0.03557870071333536,30.241454873773243,36.92112231943676,5.769673070152241,5.769673070152241,True,2.2513989051116914,6.250821438848336,3.305193842560926,0.02978478183296098,0.05623979954918049,-0.008715217984986841,-1,,2
305,0.2022305587305322,0.3419848553419428,0.12063117005920104,0.20623159968690402,0.048099213060374124,0.08082260312104576,30.167676197560336,12.086912866415371,1.3790865804097407,1.3790865804097407,True,19.803204799332356,7.1902433286626595,0.3993726747602727,0.03653097750710645,0.012354814321831218,-0.00809652322593839,-1,,0
306,0.30662770986878735,0.2151114209095591,0.0024890808969394995,0.4051907127173987,0.054646452615486514,0.01593462299182872,35.513024593017306,13.225587435446643,2.600381568568171,2.600381568568171,True,65.41362954405635,7.283023205870896,0.8446749223140018,0.04016384063836804,0.026347646856756075,0.004037598912786012,-1,,0
307,0.24684041093389952,0.10074526124594319,0.1109257420930276,0.1931986162061887,0.19941757846376396,0.14887239105717703,31.79486986279126,18.494292245950902,5.230986747814545,5.230986747814545,True,10.388180659920902,6.463289742876367,2.9606304992478925,0.044281406182028644,0.02350919001106827,-0.02934849900764113,-1,,2
308,0.43659755821008106,0.05147295385539708,0.31049528325346937,0.18272543782921913,0.007146442759136001,0.011562324092697333,37.96896371388128,24.645933105755766,3.4785356407320105,3.4785356407320105,True,89.00827116421436,7.314503549251648,1.1319555348625447,0.04463373165248787,0.00800541561752014,-0.009591110708353778,-1,,0
309,0.5162744954301818,0.08672228939913938,0.0474270274842722,0.0691403408279023,0.13640013135638943,0.14403571550211494,39.7363755606885,31.308092801586714,1.722831488380379,1.722831488380379,True,53.19421078940442,7.2011845940126324,0.38895062420656895,0.06109999047728761,0.0038578335540464647,-0.02211925969745403,-1,,0
310,0.22841408804918428,0.07501423499352293,0.305465334566079,0.014867748268774215,0.1509531039927339,0.2252854901297056,38.6692921812585,43.97439249403135,3.1712886696887423,3.1712886696887423,True,102.33902572906646,7.170324750010432,0.7352946359483603,0.0614680350737718,0.021006998448322035,0.0023480436619205953,-1,,0
311,0.174824551524568,0.003977776061630178,0.13912515622806007,0.3697464505010208,0.0008698509707762719,0.31145621471394475,29.93982583088937,15.892822595269482,5.185039818126888,5.185039818126888,True,11.446633965199485,6.5953155030104895,3.4786363195626655,0.047668034174348776,0.04516145093170361,0.007467787246153004,-1,,2
312,0.3315977110584976,0.07262777056489197,0.3452205860065723,0.006382672175995676,0.003901643445999896,0.24026961674804242,31.41263096089097,22.13778824674373,4.817630354462296,4.817630354462296,True,23.49669501186852,6.781716162393248,2.184884322420124,0.040050327564743596,0.032750721817174824,0.0007045294946525036,-1,,1
313,0.22816139245358022,0.1429521483126512,0.2733326734959877,0.2891165542460541,0.024589079599910506,0.04184815189181627,29.27476176999321,18.562581707492907,1.6521724153020418,1.6521724153020418,True,28.817495302457584,7.225778845872086,0.5779482879020201,0.04350947248915571,-0.015158336854855738,-0.0026799024543924872,-1,,0
314,0.1601145039591546,0.33036882210302065,0.10008939961107957,0.04531655840281226,0.13413678047363722,0.22997393545029568,37.788562473634926,15.941999378854664,3.0034173755384366,3.0034173755384366,True,86.40771723346906,7.163378453140119,0.6856522826037786,0.04729348417110585,0.02839432793080857,0.023726051020311195,-1,,0
315,0.5069001255122565,0.04265600582773284,0.10061166940970111,0.33937326776993565,0.010371266586182605,8.766489419138536e-05,28.1715023953622,24.750508639177283,4.951918873975654,4.951918873975654,True,14.59672988797305,6.50702547972789,2.96800266066951,0.039448482738817986,0.08218109908845384,0.003401947692773178,-1,,1
316,0.6767246644121105,0.06474056895743652,0.021812960119029494,0.17899228325506117,0.0005847119886784919,0.05714481126768377,29.567173337200643,18.1473747923428,3.581491100947014,3.581491100947014,True,54.60889197566373,7.3271421257535545,1.2644435479753686,0.041702588110836575,0.0021274170100687747,-0.003666337650724238,-1,,0
317,0.09521940594296038,0.14475788839295092,0.14256288342731507,0.04828628985784397,1.9233367714040234e-05,0.5691542990112156,31.8189462493332,26.860763934022422,5.543312762638169,5.543312762638169,True,4.363154344575207,6.243500179626481,3.062587569266221,0.04902111133739989,0.03426667622256952,0.011065299759556712,-1,,2
318,0.5179715303838426,0.014495787700245089,0.03519296447882584,0.01784673749774006,0.0016069828125236615,0.4128859971268228,38.24400602952587,30.366198665527726,2.6403391782612515,2.6403391782612515,True,74.24254377365651,7.177748877559386,0.4080127198733437,0.05922101271680817,-0.024395103279174022,-0.00194534098659521,-1,,0
319,0.26811772818422946,0.05331568271814825,0.22827819448969178,0.28195214058269186,0.045819667242086394,0.12251658678315226,36.512490264376424,16.619065535115617,1.9194933100713134,1.9194933100713134,True,48.68570899205519,7.150054834899951,0.6596512801601335,0.05378299320631294,-0.024666732155539977,0.016822887582141705,-1,,0
320,0.15555605989178695,0.07869412861255275,0.052962992634838356,0.00877185831623998,0.23722153374584118,0.46679342679874086,31.01861027341862,35.62472148587621,5.54306599500514,5.54306599500514,True,4.374665013048403,6.248196841669894,2.9561231141246087,0.05458596992428492,-0.027276336166717312,-0.016052134144556716,-1,,2
321,0.47030191186994497,0.1782743625269602,0.2933448533432283,0.018365292389463217,0.03138259900026735,0.008330980870135746,35.35722601423697,18.485057792442092,4.1388047587408945,4.1388047587408945,True,63.49777083481541,6.96148980370419,1.5367170600211064,0.037772165413387085,0.039961378404381125,-0.006724776058249265,-1,,1
322,0.2706511547462884,0.07400738734674824,0.38853159258661024,0.025711152106301604,0.14156098344095233,0.09953772977309902,37.20023763924039,32.83555302080828,5.1525756969283645,5.1525756969283645,True,18.09687448020756,6.564522535091703,2.523604903487079,0.03633533150914368,0.02195089920477776,-0.00311240604836393,-1,,1
323,0.039507310569589275,0.3029834980386163,0.23156028892338407,0.17330032285866687,0.1574817129068706,0.09516686670287297,28.248074715671397,37.11790528630257,4.75355282694256,4.75355282694256,True,27.19681526784393,6.767993386740995,2.4106433716972844,0.039620917260660554,0.0069417481824075155,-0.004698088683277327,-1,,1
324,0.63880233455788,0.05483374065353576,0.22915807917457506,0.06753396953378363,0.0019119177087910106,0.0077599583714346365,30.5490433691377,37.474779614026815,2.6495353692978574,2.6495353692978574,True,43.95064889199837,7.316373715365343,0.4081477192973751,0.04320811696015471,0.014257280153817905,-0.015412101625736582,-1,,0
325,0.022956586007035835,0.0717855644927904,0.3240773881427853,0.19936631680825856,0.014751369435256676,0.36706277511387314,41.81673484723968,39.8690971496104,3.123932500075475,3.123932500075475,True,148.62139175512644,7.27694199869809,0.8671124114277764,0.05545996227462081,-0.027076462248116488,-0.0025635645615780978,-1,,0
326,0.361484004818556,0.007484630689398726,0.20743796802214742,0.12736197136503222,0.04954105588995885,0.2466903692149068,32.27280735433263,28.104823331701727,4.527462431523582,4.527462431523582,True,44.148023933391585,6.707474754904041,2.0811709760260233,0.0612802809532502,0.06982902009100449,0.004421604309293887,-1,,1
327,0.29273138352999006,0.028725140728789872,0.004226026000193107,0.3692387210700289,0.19476560747411734,0.11031312119688053,35.135585403403724,29.079632880797202,2.8521308180773897,2.8521308180773897,True,78.53046631993803,7.2883296444945085,0.9712829149616806,0.04639982585813908,0.048785894051623556,-0.012294003049177526,-1,,0
328,0.523720385381534,0.05994391032343023,0.14001960255308946,0.1640877350776357,3.6185366562144686e-05,0.11219218129774858,30.965475271924532,21.049702430800878,1.0784146268946402,1.0784146268946402,True,19.403766364861855,7.08789064745678,0.40946755803933865,0.04601132923695971,-0.04445934592447669,0.015101074436948452,-1,,0
329,0.3258622880985717,0.25855063309125137,0.08663582463636216,0.16367506547246552,0.0004887412663127146,0.16478744743503634,37.92621928679651,13.85734904727002,4.086953556618847,4.086953556618847,True,70.6450391120161,7.022711217872218,1.6696258598377187,0.061136188958575456,0.03735967478303189,0.010715337611140843,-1,,1
330,0.20635168331374903,0.2862573296331176,0.16366700057639846,0.10213073911577646,0.052519688887908526,0.18907355847304988,31.092417384879816,24.473380537926285,1.546446462332948,1.546446462332948,True,30.720227090815044,7.269907533744713,0.37753761703208083,0.038295781305034624,0.005570292216082967,0.0018954167883885446,-1,,0
331,0.46352445585418134,0.011366377919537153,0.05650027358119184,0.16064297152568213,0.004146375839525275,0.30381954527988225,37.756511494709734,31.6493494224686,2.495024512676312,2.495024512676312,True,86.84830636687802,7.2174892979454635,0.45524788663158183,0.058510961468753536,-0.03045131127180778,0.004666669289229176,-1,,0
332,0.38004100717882755,0.0737835992879628,0.07670575633308391,0.21456727077937915,0.009761379184046834,0.24514098723669972,34.80033626838161,18.417054723193132,3.9970898943610926,3.9970898943610926,True,83.14982201550019,6.9730125829270975,1.800719287432028,0.047507144349345734,0.01581214154436225,0.0005390322294451253,-1,,1
333,0.1813648077432235,0.19305964110853452,0.2111123206993289,0.007858162651176058,0.003449109625780442,0.40315595817195654,32.883694132706836,44.211145816443604,1.8721537079192725,1.8721537079192725,True,42.71857758973639,7.136966113127649,0.4799821794456698,0.03953834188884919,0.060196235646271724,-0.00022898412323147597,-1,,0
334,0.2303159009208278,0.056983972353125294,0.29468645778375807,0.054779351920013035,0.23173243063024163,0.13150188639203433,33.322830817584325,22.073599461340123,2.638114976584708,2.638114976584708,True,58.02787190408272,7.1617085775958085,0.4185532234602628,0.0397846189514647,0.010411934783568914,-0.024237570888705137,-1,,0
335,0.29765829552100626,0.11114381442540547,0.15104246839327348,0.025310050434839575,0.01113353217030995,0.4037118390551654,41.237812406412644,15.956366040177699,3.740705340129862,3.740705340129862,True,109.48264243079437,7.020769979085996,1.2059378415778872,0.057614057965129466,0.008907874316096059,0.010187564660763287,-1,,0
336,0.4121285918319764,0.06435693100322992,0.2736560560804182,0.14041469397004946,0.004853294438547049,0.10459043267577903,36.75209742972418,37.817691627844745,5.156351389568512,5.156351389568512,True,18.121865340310677,6.532781749345342,2.8046344711423656,0.03962590427579548,0.0022051080574060564,-0.008365256527856742,-1,,1
337,0.3474735071645937,0.00752216255679027,0.26444800328287404,0.25771865246805475,0.0025799732667203985,0.12025770126096684,41.23495832810015,18.70341308873324,1.7168918090258947,1.7168918090258947,True,65.24232028721717,7.1636223970135315,0.5314085193865687,0.056206957734777796,0.01476238558808671,0.0041538947709892395,-1,,0
338,0.3631206211140362,0.022994050146059056,0.12796181799669046,0.2935653637305986,0.0023053317000479205,0.19005281531256776,31.15343884647283,25.02013388778385,4.812536758995713,4.812536758995713,True,27.56964698660307,6.599287469241994,2.7718086717662342,0.04274252469109949,-0.013742004735902879,-0.006915902201702109,-1,,1
339,0.2737308894394459,0.37810070846415517,0.16181820421611634,0.12041858730880452,0.04809343079648674,0.017838179774991424,33.117609877728476,23.33700197925196,5.974107533230174,5.974107533230174,True,1.4551767623964216,6.269864132162768,3.6468096971027224,0.037426245368695654,0.03215720793885621,-0.028573072455228825,-1,,2
340,0.011703686244556573,0.10219307010104035,0.1561716404929506,0.28103326278180446,0.1714302056448202,0.27746813473482784,36.96390768685765,20.976684622783537,4.411219302685505,4.411219302685505,True,72.74948670624065,6.960889313298609,2.308006099424946,0.045222142014255944,0.009424035116813743,-0.012389310401034104,-1,,1
341,0.6263239281965199,0.058763676672277894,0.0006490466075738472,0.050269133855109005,0.0012119828462824544,0.2627822318222368,39.39019605269384,22.976897567555405,0.9636750093969907,0.9636750093969907,True,27.80612068430544,7.160367687278839,0.3051647637002213,0.056677839947063456,-0.01764073593808182,-0.015797825170211523,-1,,0
342,0.1779606542533498,0.27892891838532546,0.008991334450354419,0.15597325159042633,0.06462824322352115,0.3135175980970228,28.396216257528003,16.121838561265832,2.426631476147575,2.426631476147575,True,33.21534294363369,7.281451381868902,0.49539313480317165,0.039865179622126386,-0.05309293831954903,-0.006990110493289264,-1,,0
343,0.5038741952967698,0.06240692449942997,0.025994971437983374,0.23821772724431206,0.13396331311365586,0.03554286840784905,39.260993167995224,30.65282036082128,4.312701341452908,4.312701341452908,True,96.57717451361022,6.844327547369089,2.0686427943385737,0.04902608754941838,0.020434936415138737,0.0061917332966510245,-1,,1
344,0.37713947895739847,0.05582604941842437,0.11692759173293822,0.19783512290031463,0.19829766362061918,0.05397409337030528,37.78135382980539,16.859483144672957,3.1421155613701677,3.1421155613701677,True,85.1725409902289,7.222132556853072,0.8909270109950091,0.046745056976876975,-0.026997574596319608,0.004362169946282233,-1,,0
345,0.2649281924791826,0.23547158378689076,0.1982942435421462,0.10206893251787598,0.020772739969836744,0.17846430770406782,28.157367402797426,35.725731741976745,2.6864405835185314,2.6864405835185314,True,41.26726389184285,7.180420998756206,0.552234206574945,0.03614733772250125,-0.007284896119069904,0.009651582140748604,-1,,0
346,0.3063891586763673,0.35678607557700565,0.06408089044199114,0.1405230336278555,0.043469931329516306,0.08875091034726404,39.12928089879916,21.14036123974484,2.531032747302529,2.531032747302529,True,77.35978519399572,7.0770903556477185,0.4604914861936309,0.04498038222495847,0.0676154787951744,0.003181792275981472,-1,,0
347,0.13352483452411112,0.1419945617393622,0.41989211738602267,0.2055849465800447,0.07009981695749808,0.028903722812961163,31.725138317579628,21.5790526574902,4.862814847327059,4.862814847327059,True,22.903104693980243,6.497406418482378,2.57532953591407,0.039236193817008366,-0.012999268765594381,-0.020644038424627136,-1,,2
348,0.560687775072407,0.1661473286995976,0.10583770814513901,0.08458360449990371,0.00032833163107972956,0.08241525195187285,38.24846413645005,32.410529826879696,1.1883924745813634,1.1883924745813634,True,30.819158741519544,7.222438333609664,0.38642082131046246,0.047474276028147154,0.0006830456293081797,-0.016550472913007618,-1,,0
349,0.2271227973091697,0.21225701493830612,0.22439479649020605,0.19402004216006627,0.02976403665329633,0.1124413124489556,35.59470277516042,40.078020728535975,4.325936601545373,4.325936601545373,True,65.23577963854166,6.905796924577601,2.158571569360724,0.05101262068427444,0.014285416809298356,-0.011079234763306686,-1,,1
350,0.24470224890206757,0.034536558426687715,0.3582307644554082,0.1568762546691523,0.17228132639957813,0.033372847147106255,35.401943744208765,13.387191386983742,2.75457348688019,2.75457348688019,True,56.267970372847024,7.318172716003527,0.5689140433290055,0.03860535600693257,0.03305734771412061,0.007226569143991889,-1,,0
351,0.4478332116838138,0.04139656806709621,0.21452960798343162,0.19637062492958554,0.06446811763347936,0.03540186970259366,29.318084491742766,20.850768375722097,4.201579348680122,4.201579348680122,True,52.025599203960255,6.84948803524019,2.0321534570236897,0.04753051781934933,0.0458711701442083,-0.001331097358740472,-1,,1
352,0.2094680347799348,0.039623504210253006,0.2511553935808577,0.189577187235818,0.09523760763946405,0.21493827255367223,41.11665184411703,30.717242093190773,2.5581914209911583,2.5581914209911583,True,103.79825149931233,7.188939800064052,0.7476408454235435,0.05158670917339565,0.00546042291838467,-0.009578101624450821,-1,,0
353,0.13205159161875432,0.15846845399848344,0.22996643177731443,0.19274891562641724,0.005939785507666387,0.2808248214713641,37.643523851553354,43.200251302735474,5.687620273698053,5.687620273698053,True,5.315031553997235,6.311095656308257,3.5549631753541093,0.059214334874092917,0.05020849121471713,-0.021340999108709034,-1,,2
354,0.1944929452450787,0.21807856819910681,0.1762874308441315,0.0386072117629374,0.21453531649785676,0.1579985274508888,28.898266139478885,35.56440124228676,1.236188645075735,1.236188645075735,True,20.106350031283704,7.234875558691888,0.27212586036299174,0.057969442745706215,-0.02421856175873976,-0.008026215818626121,-1,,0
355,0.2357762995393687,0.04506456473719896,0.02472075065936383,0.5234036506162466,0.02572335754732763,0.14531137690049423,33.67515339088859,26.447163418504147,5.780275289718825,5.780275289718825,True,3.274762674765229,6.286411917827347,4.500067625684689,0.045727953248225234,0.03753946224154692,-0.01684403267890085,-1,,2
356,0.10841661301799436,0.2969672308779099,0.026087360700578783,0.4966658892508388,0.030683465161190214,0.0411794409914879,31.73872880452262,31.348578055008122,4.247694106569542,4.247694106569542,True,75.29920031153212,6.879604203465699,2.483481564913427,0.037247875389898676,-0.0436177889924964,0.00022551396483475733,-1,,1
357,0.3291542988357768,0.20759927070586098,0.12266271805461612,0.21429447951742261,0.07754466149028953,0.04874457139603399,39.59806451774435,15.00382230184111,4.23595250584541,4.23595250584541,True,84.01168291265589,6.946410979912245,1.9821941018202096,0.045076965942506694,-0.03423823701292633,-0.011140266345860787,-1,,1
358,0.4537129305364431,0.09760838511124872,0.12505388839192144,0.22466299743615278,0.09501415729635285,0.003947641227881048,37.104098050466334,16.88832113114462,1.4760719122222206,1.4760719122222206,True,31.767018597997843,7.179637386239848,0.5812429371928431,0.04099868414477385,0.045532555057862176,0.016412077006496512,-1,,0
359,0.3636150060643426,0.0373893493233578,0.13400716574800253,0.10409515449219209,0.0005533204190004799,0.36034000395310456,38.5508604843387,15.431473880115384,4.0436954412544,4.0436954412544,True,81.08945839854958,6.8797051040121415,1.555002526547475,0.06475008514632195,0.005790806059075228,-0.008171438337065509,-1,,1
360,0.29327392832677474,0.05285193628477937,0.008279760947304114,0.10767321540288839,0.28037251510569994,0.25754864393255344,31.794893938212848,38.917134155310904,1.4059919473598679,1.4059919473598679,True,32.89465961208892,7.213305209902792,0.33146247442903304,0.04387955205903126,-0.010208819652719957,-0.029700936071842335,-1,,0
361,0.21697586345298955,0.1864862210362638,0.10696442402491968,0.20113753953453375,0.06849887154802144,0.21993708040327184,37.25287318531265,18.44482456831538,1.640202973242421,1.640202973242421,True,47.85393203092922,7.04781455112402,0.4272517670731131,0.05006719620022884,0.007097594722780216,-0.004867726271424162,-1,,0
362,0.02538202709221373,0.46767178133480214,0.3197557437316774,0.10380350279931953,0.05904630919409771,0.024340635847889376,38.470706414305596,13.723721582505071,5.650220062967388,5.650220062967388,True,4.314168044061373,6.41146848203471,3.5078053857231613,0.036505887490885285,0.02381553914514364,-0.01611682114554641,-1,,2
363,0.15923263649587174,0.03549380275073489,0.053147470474084,0.18023643066568404,0.5459985483222171,0.025891111291408288,40.894116100834374,42.55620623689876,3.806210631717298,3.806210631717298,True,135.64380411269474,6.970616294726968,1.7125671647616056,0.04708907425083919,-0.019527361808569975,0.01613861147429639,-1,,1
364,0.07832402079062883,0.2641805072763209,0.3347741022478094,0.1736793409142132,0.07811619285230256,0.07092583591872507,32.92406811864404,37.79069703013288,1.8799125112988515,1.8799125112988515,True,42.68250745129066,7.19670027213895,0.4250116540954125,0.033635288638039135,-0.02057303128488892,-0.01804760983575149,-1,,0
365,0.14231193466409736,0.07854673497304235,0.08782279963085735,0.054446523443202534,0.06156071186747706,0.5753112954213234,33.79702861730513,16.028572427642565,0.8775780953990504,0.8775780953990504,True,18.833610512024926,7.237545046321707,0.6918745294555264,0.04686194749238279,0.00965161547516674,0.005287199184399542,-1,,0
366,0.11133450235759594,0.191832643996288,0.08505413223570915,0.022452640780205778,0.1106025708397602,0.47872350979044087,30.07223015317014,14.654727012454027,4.1439795159493436,4.1439795159493436,True,45.04302390235106,6.876872147449872,1.5091336262542998,0.042980969727556224,-0.014535321822664288,-0.01006919461507453,-1,,1
367,0.20631939452014844,0.2690287139813727,0.05330905431526033,0.021961890745835433,0.2498991054457704,0.1994818409916126,41.625808925493054,32.95674086857852,2.7487576435840575,2.7487576435840575,True,103.9391290949983,7.111373933058985,0.401894919509948,0.048850585578514835,0.02445711230188458,-0.006159359858473921,-1,,0
368,0.4233768486881439,0.0016542358073847634,0.00852247120923821,0.12874073841641942,0.07867381941455548,0.3590318864642582,36.61065259804359,13.594739732171803,1.7441902014475446,1.7441902014475446,True,41.50309122646089,7.293058389710852,0.41191593984828384,0.0504405241752108,-0.007185104397821251,-0.012515712144204586,-1,,0
369,0.5094878499624887,0.05957759162942934,0.14488388868139168,0.21720821083040986,0.0253434858198852,0.04349897307639545,33.164662823739846,43.59586196926148,2.5076802652282066,2.5076802652282066,True,59.50258273236796,7.247076036852346,0.5870656082687747,0.037341594956435326,0.018248279696101245,-0.006403709143707784,-1,,0
370,0.5000357981540886,0.015424310420175728,0.2961065005665886,0.020093610620711303,0.04403966386564339,0.1243001163727923,33.35276855918467,19.263424865500884,4.393155683500802,4.393155683500802,True,54.3934153500242,6.945387743920536,1.7870908518750452,0.04339715447015939,0.01945341531418124,-0.00532086231747597,-1,,1
371,0.26963074707548096,0.031229053106164535,0.12922515528219364,0.01945956685724858,0.18976548747112398,0.36068999020778836,39.488887437500594,27.50641831259824,2.085219718627143,2.085219718627143,True,65.97827271850409,7.113311463272796,0.45877600474454605,0.05615468125463584,-0.023436727593530552,0.0036081510594812988,-1,,0
372,0.35949939822855065,0.21277665453787617,0.128531192346295,0.11990206347456091,0.04647951415285177,0.13281117725986546,32.047912614116754,43.22793231842614,4.2910882462461295,4.2910882462461295,True,50.90497280070075,6.880843273353599,1.8101830816778361,0.037913516425879486,0.04331187250920993,0.002656792396527507,-1,,1
373,0.19347003367364757,0.33560703247801077,0.020092325752629446,0.07614343184023396,0.25944326530011824,0.11524391095536009,30.91939799144285,12.182437198102372,5.024014325667609,5.024014325667609,True,13.010050912820759,6.709004402681686,2.581192760985558,0.032801349558768386,-0.005097932823301232,-0.0007569230817456194,-1,,1
374,0.6233142720953918,0.026420770927967116,0.02932896824610866,0.10343942224964084,0.06565046302340448,0.15184610345748706,37.54508049982542,34.13136358388848,3.889055037496423,3.889055037496423,True,88.8122347505111,6.926494214449647,1.6626942950114783,0.04693403577239173,0.018536741562762513,-0.012469660718344247,-1,,1
375,0.13993977805573676,0.19650278121853912,0.01550838399102212,0.20912324907484595,8.348563791421032e-05,0.4388423220219417,37.31659384328205,30.310999165856487,2.465783763292817,2.465783763292817,True,80.53982922606711,7.215054606305318,0.5018436643092463,0.05063205130802281,-0.030989073231951873,-0.00045593911322147206,-1,,0
376,0.7499985224364244,0.10711310278103263,0.06275617192822958,0.04289979322166467,0.00018256641561279461,0.03704984321703612,37.541015909719455,15.852842261825414,1.28036970097386,1.28036970097386,True,27.644018812502747,7.1686803120650895,0.4915614633071324,0.04331778132980614,-0.002705820187538886,-0.01859496615231889,-1,,0
377,0.41624169943919936,0.09258511883880555,0.14501795907870763,0.2561964724428775,0.008278851084854157,0.08167989911555563,38.464427012580614,34.46004221239167,4.685744613607454,4.685744613607454,True,56.45782303412099,6.738555469626259,2.926785061821781,0.044923091414918966,0.0063412026159650175,-0.009270727960909643,-1,,1
378,0.1696028101743066,0.4117376047260981,0.06861672625777854,0.29124786746284786,0.04779791942528119,0.010997071953687619,30.73158934173796,42.56844019890465,4.768327037131465,4.768327037131465,True,30.037663877569475,6.699509472827059,2.6342849447579426,0.03381626365338051,0.03191553535139701,-0.00359053438319519,-1,,1
379,0.027221716651516095,0.19267177857523882,0.0238433245021632,0.19545950597564438,0.0014036633105359397,0.5594000109849017,28.439608260073626,44.46864560516423,3.606816390772443,3.606816390772443,True,55.08892451255456,7.1893739558158565,1.3869569297997788,0.047663991118371996,-0.03217120010123218,-0.01647169815091333,-1,,0
380,0.4720049080533143,0.3021318483488894,0.0691901805610584,0.0572715708223126,0.0055031558800686005,0.0938983363343566,38.342608226717864,32.18437267747234,5.063111886364968,5.063111886364968,True,24.065928609815202,6.785169910678597,2.5053298029507762,0.04567037511606684,-0.015842299342705056,-0.013443525493140089,-1,,1
381,0.10778434272084593,0.2759126068805503,0.12106867756220537,0.4160575127618738,0.0030429063230373267,0.07613395375148727,38.53375407397318,15.766934631433177,0.9853756562091021,0.9853756562091021,True,32.158981618879764,7.196131179464654,0.5518830736670485,0.04436961771679114,-0.02445907132147233,0.010924067824235606,-1,,0
382,0.49198558703355305,0.023601769116634867,0.08175155489207296,0.19596411498099509,0.17020911151825627,0.0364878624584878,32.703524472674665,37.907562482175166,5.7777109464118785,5.7777109464118785,True,2.792457852758224,6.182355771423802,3.7129393890156113,0.03894050003562501,-0.0009725722062031428,-0.02980645772032358,-1,,2
383,0.06030699015688398,0.04255440432581924,0.026878975579619418,0.7259747649694819,0.09591342079989883,0.04837144416829653,41.55328115991914,38.1624017879753,1.768198082259358,1.768198082259358,True,107.7213221686136,7.128098827978664,0.7724649416767089,0.06388756503598134,0.0010697434199055304,0.014083503424289079,-1,,0
384,0.32380788811344213,0.16976486093342658,0.36090633556678803,0.13220476557300354,0.0009205294167831489,0.012395620396556511,31.569633083262264,13.075310898335363,4.2241114799751385,4.2241114799751385,True,45.7000704282166,6.9767902920589995,1.7372433849290472,0.04061778518438881,0.07482851867829507,-0.015169885538601484,-1,,1
385,0.34384748368566836,0.05896794255743208,0.09603313767348842,0.12190249247299223,0.3740897751449175,0.005159168465501461,37.18104418648685,30.482757782650694,2.058445229749995,2.058445229749995,True,60.51268537790967,7.2721208744917005,0.3924601030338714,0.03985833285045059,0.023160971063285872,-0.010550371705917293,-1,,0
386,0.521755647613312,0.057312903178127476,0.17850647035365402,0.14061921181574757,0.07770510274732606,0.02410066429183286,37.54448163807116,43.281281254681716,4.729186532266765,4.729186532266765,True,45.09967109687932,6.558721487211458,2.35069199402003,0.046056850415250795,-0.057306856198520766,-0.01248135028386435,-1,,1
387,0.1536086731113603,0.3850924900688848,0.22002042864020344,0.19091083928761715,0.037974664366581645,0.012392904525352764,28.894700995910153,13.7665538549598,4.1396681363093535,4.1396681363093535,True,42.033824868579984,6.818146266362052,1.7697597281755872,0.03407714467881638,-0.027988652582456773,-0.002518612584051662,-1,,1
388,0.35001544763836745,0.1263658599104165,0.018018393984107716,0.11937090271212668,0.2578395922611944,0.12838980349378723,33.04460741142964,29.67476871050381,5.663533243440109,5.663533243440109,True,3.933529238478907,6.465367054298224,3.4114103052805547,0.03733309574676879,-0.005475605878631617,-0.0030462436054685535,-1,,2
389,0.06536563173650774,0.21655075553970954,0.07147368707440781,0.5059223125295457,0.013058242689100929,0.12762937043072847,38.84658025038475,22.02530614724885,3.4652467907466695,3.4652467907466695,True,128.51831841100076,7.162758710169441,1.9423949800934912,0.049278219685065947,0.025305043065609253,-0.0020802974502931804,-1,,1
390,0.4470654992733288,0.11430677421182253,0.17292974723222146,0.11129337392357684,0.01946868356696332,0.13493592179208697,40.370942081770714,37.54517201349735,1.8455383189333867,1.8455383189333867,True,55.79586527784659,7.183924447454132,0.6238446978334846,0.04845094376888586,-0.006727357135730582,-0.015561258435357809,-1,,0
391,0.7887866520437617,0.016437801395747097,0.015521285225659298,0.17354245410211133,0.003705637441584299,0.0020061697911361864,30.574527175781125,41.67240602035044,4.703884869293908,4.703884869293908,True,32.29063877554663,6.765691785530144,2.349008320382553,0.04321619217787643,-0.023685283658218023,-0.005509378435377852,-1,,1
392,0.12938636071512696,0.2894253603096961,0.017111657098854368,0.31340400388900713,0.20867379813236278,0.04199881985495264,41.72307643404865,43.30359180175992,4.689886807623244,4.689886807623244,True,73.14992508246502,6.810453962979241,2.682383610119877,0.05517948009969168,-0.005317401930506442,-0.015399380195303217,-1,,1
393,0.25641543723537996,0.0849873155022219,0.1280892784174089,0.2073733596910457,0.08307234688511007,0.24006226226883332,31.296215748340884,13.598668759102328,3.973833799510065,3.973833799510065,True,61.67548170501043,6.87589873417536,1.8159072813995927,0.04181535333892937,0.010630289146138427,-0.016429898928204047,-1,,1
394,0.48546619208034547,0.03179158044533488,0.36982139592186125,0.07894719572798899,0.005665835151406197,0.028307800673063238,35.7139973094394,14.35990750857476,5.001907143235485,5.001907143235485,True,18.441722649196027,6.523947424955326,2.4660922927640727,0.03743090510401448,0.03009924196628886,0.0054244792758396795,-1,,1
395,0.5007325453279016,0.0010441652058678099,0.04123890086791862,0.17319103442928246,0.017131020735725828,0.26666233343330376,40.274094088049495,27.369884542531793,5.944508395400369,5.944508395400369,True,2.455558598805886,6.266728803127938,3.9750213583639575,0.05838710111039031,0.03454181817195364,-0.009978197254504693,-1,,2
396,0.2902201007216582,0.07998707011879128,0.17069520127441462,0.22685555829291648,0.07532943331399079,0.15691263627822866,29.986935135680948,28.62444969191657,1.6964120345172011,1.6964120345172011,True,31.102898274639454,7.089672699317526,0.533314760230799,0.038025799471555016,0.03908824473388452,-0.014843793937045385,-1,,0
397,0.3069426279504724,0.17245740205886512,0.005883113376684962,0.1154709032805039,0.09040440176994793,0.3088415515635257,34.08387245157497,42.128086549383426,1.7140801678559479,1.7140801678559479,True,39.44975069342813,7.273073289091104,0.37077391431058004,0.04936023546260411,-0.07977395593477021,-0.010869487732891129,-1,,0
398,0.2890702489044932,0.09490807600852041,0.3740258607221684,0.0760143582911484,0.12317314137316077,0.04280831470050878,38.446016472634184,12.46954030300296,5.825916984658946,5.825916984658946,True,2.5263522837084023,6.362178062260405,3.5000492255686693,0.039079521220099896,0.043181215570590355,-0.011486554814746404,-1,,2
399,0.4041766187865458,0.23635163969018244,0.01016767049158453,0.2014563289516125,5.71472277307904e-05,0.1477905948523439,39.18836492871914,38.20409545528456,4.442459623777585,4.442459623777585,True,71.69945036582008,6.6504438183470995,2.3036553785547302,0.053631281606903995,0.044389499890061954,-0.004513704267615221,-1,,1
400,0.36991198514034235,0.15085450194980787,0.3058066724371179,0.007133820776397023,0.001116418171073404,0.16517660152526142,33.36805104823998,23.373011887662855,4.425352928071008,4.425352928071008,True,44.26434251327668,6.848180249596726,2.0171342721907912,0.03459581699506581,0.03010027406415042,-0.01162249415624952,-1,,1
401,0.07438725116780866,0.5980915158072381,0.2198236858260845,0.06733373783227953,0.007396617090895376,0.032967192275694085,29.495305096425184,16.166011745846426,4.083339804619036,4.083339804619036,True,45.75899152048338,6.833477880319218,1.523155979231372,0.03393316756912902,0.006637277579625151,-0.01933567377808955,-1,,1
402,0.2400552797876096,0.06116549833240315,0.26652682109456044,0.372145163653636,0.0029208210710483795,0.05718641606074244,33.19128084958693,37.4173839889094,4.795618138340581,4.795618138340581,True,33.110792003247774,6.6107690883366965,2.8231780542959464,0.03888279072295532,0.019474751979734087,-0.010103250724214325,-1,,1
403,0.02120080917760506,0.06242766976578792,0.46818402221736394,0.1897731215894441,0.23056072742933528,0.027853649820463802,36.49765394333544,29.522259348690632,4.869311315660476,4.869311315660476,True,36.20247739631655,6.642293132725314,2.5596927708689687,0.04135142663956885,0.02523727175722427,-0.016970345929321833,-1,,1
404,0.16175324614085776,0.05052238465944886,0.3452927063885224,0.08874986478840109,0.16105838760705948,0.1926234104157105,37.8830198644947,28.667333730711558,5.608756448698859,5.608756448698859,True,5.94279679282794,6.401859731882024,3.2089499509064305,0.057817697965053816,-0.03916297188703732,-0.011444765196209959,-1,,2
405,0.4005984922770694,0.12140124377134145,0.020312434296816295,0.31185079165976687,0.14307688195056234,0.0027601560444436516,37.53119595152013,30.009398396983677,4.662698569600151,4.662698569600151,True,51.971195019542456,6.728464471170135,2.8567013262551573,0.04226599792579287,0.004494628770490372,0.007351372920994612,-1,,1
406,0.6256395276161578,0.1891858344492251,0.05444676682409613,0.006379657596940366,0.08699040275512823,0.037357810758452396,31.835167508746736,33.57483995680785,1.5282236254913135,1.5282236254913135,True,26.89387683928112,7.117647001838014,0.3807132078143535,0.05604904608668149,0.015611271876425617,0.0037710368144727915,-1,,0
407,0.37296255741890455,0.0683261763280979,0.08246788373878494,0.05682509981386165,0.07079663201868232,0.3486216506816687,32.51519947390998,20.9834487985681,3.607360716676193,3.607360716676193,True,69.63577481667454,7.130102269368689,1.1402970966434292,0.045422076290511995,-0.02967577075776617,-0.010201533924638264,-1,,0
408,0.5045728508624114,0.02400293237690963,0.3845023231749839,0.04654288504174165,0.00017853035201651673,0.04020047819193664,40.76172461358919,35.12924068392434,3.483243100327126,3.483243100327126,True,104.39151996421239,7.124640878813815,0.9418590081792846,0.04779863275418937,0.01992598994782118,0.0024514589641108733,-1,,0
409,0.4595042169480581,0.35918010300450925,0.021464847897212556,0.08632479427110377,0.04634743529097229,0.027178602588143957,36.404516419094755,43.69515431990623,1.8836253648023973,1.8836253648023973,True,44.575706499300175,7.235146086390572,0.3218198605961382,0.038995361067873865,0.004832090783295547,-0.004821138553091704,-1,,0
410,0.25380695457813207,0.03714542805593727,0.09702023836722051,0.5217679267445712,0.03289782724706381,0.057361625007075256,28.848855007376248,40.90985301914153,0.997081686860615,0.997081686860615,True,17.821580633737458,7.26861297024702,0.46062680835443043,0.04058546959409496,-0.013206161759959574,-0.0050278995933698304,-1,,0
411,0.07544108034108139,0.30199372013013054,0.03702834620287611,0.006681756182295518,0.2864987938158588,0.2923563033277575,34.37809066861349,14.659319850491265,2.985407505527963,2.985407505527963,True,58.7089768751777,7.211911756236634,0.5544946189733733,0.03766275797336807,-0.0024485220639191164,-0.0064292598912123865,-1,,0
412,0.15887018821412935,0.039942267307384025,0.0956264074929255,0.25324420165063505,0.1922195664129044,0.26009736892202157,30.62644579024239,41.60371845705285,0.9905555599286923,0.9905555599286923,True,19.256951447529975,7.349823067034778,0.35241413527695226,0.06263048931943853,0.011885050488933593,-0.005227318142891334,-1,,0
413,0.5541719395175272,0.15747393283566696,0.12514456515820663,0.12837757297888958,1.5225149718928159e-05,0.03481676435999071,37.743146199226345,36.76461265726416,4.112385869560664,4.112385869560664,True,85.08511275517289,7.0100084341984825,1.6532641404571182,0.04158410899243768,-0.012799905776456436,0.0020210527243704826,-1,,1
414,0.22464616750266408,0.30940958978731564,0.1783607846940951,0.10279066888389987,0.18377949767492308,0.001013291457102076,41.46139957257262,15.091031518006627,4.873596581927227,4.873596581927227,True,37.66851886709313,6.6129666401840055,2.4271766257042513,0.04284519980507756,0.028279517355994075,-0.01225395379029292,-1,,1
415,0.3887968037521478,0.06896170275059695,0.2290711641977641,0.27185374586424704,0.04006610053022177,0.001250482905022621,33.25448045491488,15.739676859531766,5.841129262722638,5.841129262722638,True,2.0858919454970968,6.173646313920617,3.878349608472059,0.03623677373402757,0.04414289015143341,-0.01150350154327747,-1,,2
416,0.1164140173837341,0.4047530053945553,0.0603472372846911,0.12433933874519143,0.0008071643255988438,0.2933392368662292,41.71624528752432,30.46683847588599,5.390098000133662,5.390098000133662,True,13.894388568048733,6.43746440425223,3.0401077806328884,0.050770834416034374,0.02810770265849677,-0.026656868051686176,-1,,2
417,0.5025146283428228,0.3742837207745414,0.09819496254420222,0.013217417674562271,0.0014439881009593381,0.010345282562912152,40.21978528865564,38.3977565981445,2.881638531975163,2.881638531975163,True,103.73972964840965,7.139696625402832,0.5743179565768197,0.04120955970257899,-0.02129326129704393,0.012722614309935132,-1,,0
418,0.428590208581551,0.014082371640563612,0.23982892343312615,0.12096355736643745,0.008848475344734546,0.1876864636335872,34.66812294738406,41.63736250007658,5.4305339388686935,5.4305339388686935,True,8.585207591721423,6.539608972079687,3.1773684486174347,0.038598521437827694,0.01826513226845745,-0.013495944857141279,-1,,2
419,0.10314897240139806,0.5779839683464991,0.10230200975804392,0.08311376404026125,0.00014234056978990308,0.13330894488400777,33.79248370974487,43.8057086184035,2.7656771602683627,2.7656771602683627,True,68.48031771570012,7.143656549607524,1.2327002145676613,0.03663453867998003,-0.019778649637438805,0.012788118901638987,-1,,0
420,0.2765600629993044,0.13569950835170153,0.11712054904580874,0.204886097348136,0.06855953405638461,0.19717424819866464,29.0881396434465,18.88533257611232,1.4281681312513776,1.4281681312513776,True,25.400434493082823,7.114108239471346,0.564393150145361,0.05230140833844504,-0.04600420384541852,0.008678823794657184,-1,,0
421,0.5610833451297901,0.10778334596613195,0.004648459690721591,0.047725218276772674,0.08801832008599536,0.19074131085058846,34.58543910718874,27.51463826790618,5.981523634889927,5.981523634889927,True,1.5960895046993961,6.219223626608965,3.5439635267886653,0.03995943118605922,0.01745696858681635,-0.019113805947431978,-1,,2
422,0.4187643602225166,0.16116510256013655,0.22676105319561354,0.07685012347331473,0.05271017193171945,0.06374918861669908,37.84145399279848,27.355192994233292,2.4152890048145528,2.4152890048145528,True,65.67048834027992,7.107493712215164,0.36090828003514996,0.04486798643701654,-0.011902578169366263,-0.007010991257235231,-1,,0
423,0.07107188008812798,0.1514977173428332,0.43260706812730726,0.0749586452795219,0.10696761310477808,0.16289707605743162,37.364517631491275,19.756159068659894,0.9221650773356612,0.9221650773356612,True,23.709076765711163,7.2182972428697445,0.3031142471235775,0.04250165383362748,-0.024766217290865818,0.008402470507197418,-1,,0
424,0.3098069299283081,0.08938103619815381,0.02270873010007315,0.20275613293651315,0.16529627854852616,0.21005089228842558,30.541481678892172,38.551653375477194,2.787113863390558,2.787113863390558,True,59.53797035616852,7.2309324648180935,0.7701714357214445,0.05133189393026837,0.005548108664950873,-0.02463104079452413,-1,,0
425,0.1594888641862211,0.09951984283044578,0.23927206379892477,0.06574047338807053,0.25237411310919255,0.18360464268714524,33.997609432687746,20.296258372212783,2.105544378322181,2.105544378322181,True,47.01443057181874,7.121131383198657,0.5161553369847236,0.04688957304647995,0.03115396350360661,0.004456218326266155,-1,,0
426,0.1949396371459418,0.01890906372905209,0.02925608090339661,0.1343453267938348,0.006051065165203762,0.6164988262625709,29.95374951268786,33.44167763550672,3.47611217820627,3.47611217820627,True,76.51004508734178,7.270752142161573,1.2554132672569707,0.05512719588650899,-0.03123424836677576,-0.016815256194738455,-1,,0
427,0.4491247815310068,0.051673580860950565,0.007027938182507092,0.3009313695514677,0.01815250141885015,0.1730898284552176,38.34314053932707,41.88182105824678,5.132992433046208,5.132992433046208,True,23.111142322410743,6.662887456207995,3.229273584174977,0.0521742313224375,0.0671243538890754,0.0018833127504300617,-1,,2
428,0.2389567931472286,0.048587398485396956,0.4502441211455391,0.04043367183851301,0.012838987620369467,0.20893902776295292,29.395416814154615,39.10232307150062,3.0764813105665025,3.0764813105665025,True,51.92375638571143,7.062852751710139,0.6362949973784102,0.043270937339985625,0.024637515944324777,0.0049007356523469445,-1,,0
429,0.16435909508877214,0.40983008771027685,0.08511255373952553,0.10433166572895826,0.19238567405901713,0.04398092367345002,30.39887138859505,40.468883114000505,5.842013706672975,5.842013706672975,True,1.9150217693893186,6.349428246521078,3.51290129894246,0.04418581669729124,0.05832417393004416,0.00043938467909783625,-1,,2
430,0.37868721714548415,0.19133636160722203,0.28881441713522055,0.0622100358892258,0.05436735650554985,0.024584611717297675,28.511115713783067,21.00203439372632,2.5558817419812545,2.5558817419812545,True,34.79239337446763,7.272664393439087,0.6608724270297313,0.06376648561106835,-0.010108648735870526,0.004584001753689486,-1,,0
431,0.4198819481664949,0.21308994372255544,0.24138951144732154,0.0019341585736526415,0.032623329107656626,0.09108110898231876,37.115088456526934,23.070870309147942,5.224823319961153,5.224823319961153,True,12.175540915756034,6.5865530996891035,2.5639070363447773,0.045451027409065335,0.05253667090115441,-0.014236848015445554,-1,,1
432,0.29137047027690555,0.01172519619190015,0.2756457510134738,0.014440315152769957,0.23381616411397335,0.17300210325097726,33.433661006584366,17.170505790911346,1.5306419771370057,1.5306419771370057,True,24.47837388763184,7.288422608340255,0.26263114851845937,0.037911327398822914,-0.024820113811716865,0.009992073397526722,-1,,0
433,0.07775506259267584,0.11665154365138122,0.08928542230166076,0.03275967327581616,0.057197693804162,0.6263506043743039,36.50030621351593,43.74881057261115,1.4712373358774515,1.4712373358774515,True,41.526972731302,7.2851620645124235,0.4481180745626576,0.0517127200836778,0.027544740531927597,0.0025190424054874322,-1,,0
434,0.3742563787573451,0.37251912475148774,0.015057944965274586,0.18865995808341357,0.027469792305412077,0.022036801137066922,33.151196366426085,19.462003427139006,1.938719269200762,1.938719269200762,True,44.042784918918294,7.161219544514964,0.5015643932318053,0.05104494514338765,0.02793850469925602,0.00465635949438774,-1,,0
435,0.7876824552256895,0.025127918212833857,0.027548020727452757,0.033944859605377735,0.12313027610777787,0.0025664701208680404,38.20049023419219,30.157163162422105,5.7134156261421385,5.7134156261421385,True,3.9144050476344874,6.358087914784704,3.223913296631773,0.057468851190819875,0.06438340381183646,-0.01159716959522403,-1,,2
436,0.5929424074502462,0.027738080932981708,0.02674103656124969,0.020542511451174132,0.08905140915016242,0.24298455445418568,34.76438843306149,16.145552471870975,1.4580732806054941,1.4580732806054941,True,27.30902238639633,7.222351299865236,0.3125965205467745,0.05520366787346357,-0.0008275227790110316,-0.007636665611870279,-1,,0
437,0.2840588680752297,0.03947715486471779,0.11004366472631906,0.10124445713913158,0.35264281399381203,0.11253304120078997,38.5998635096544,20.222475533222223,5.297191817534479,5.297191817534479,True,11.90577197435275,6.5869288658263425,2.838180174662188,0.04845273974296746,0.023087164485063615,-0.01809577166524818,-1,,1
438,0.267457622985183,0.21492578179688004,0.17010704775658622,0.26838276424332536,0.001982781709598933,0.07714400150842664,37.35522006762045,24.929169690117458,3.5390490732559403,3.5390490732559403,True,87.51730463640705,7.031177430093666,1.3620541534856037,0.03990548340311359,0.042158536060580565,-0.005038043951334486,-1,,0
439,0.20860355466462627,0.37145976537158154,0.17289680932333276,0.06841076028355605,0.0013187700879374053,0.17731034026896597,39.4637068616901,20.682881647006695,4.04807986030752,4.04807986030752,True,110.06148777593907,6.95736000207142,1.4752658531617602,0.048623163994880265,0.059944147879821344,-0.015216653617567613,-1,,0
440,0.632965708512038,0.13447219739141325,0.0766352847738366,0.07646532977891367,0.06483408415110375,0.014627395392694725,33.84993300479393,41.0204641356534,4.015587051127432,4.015587051127432,True,69.71607304235283,6.966232028925877,1.4897137192572583,0.03557105674944668,0.006695227974276806,-0.0076356262993422085,-1,,0
441,0.2520720720032693,0.028940480621567517,0.5852809230674236,0.056294841575667616,0.07740946256467961,2.220167392149623e-06,32.35012325948993,25.098632075336027,5.685636256771647,5.685636256771647,True,3.1095475670034407,6.3132585337596145,3.448972208744547,0.02768127292430788,0.013836822680173437,-0.01216849445576382,-1,,2
442,0.3451747549088492,0.04445979294465266,0.10250698420377394,0.00526423148781598,0.08391006271962187,0.4186841737352863,35.08945052177033,44.505421817441054,1.172021031359778,1.172021031359778,True,31.17030637733951,7.171757569108351,0.29131197197362074,0.04957924274160108,0.01333624550883595,0.01072220744332524,-1,,0
443,0.681583112968199,0.022177243224547363,0.07248162228574102,0.12578610823465197,0.06140248105676032,0.03656943223010026,34.24914189834221,42.03056604770775,5.365166546598231,5.365166546598231,True,7.713413838935808,6.457936898481145,3.066522357700224,0.03878235959679098,0.020815873461985743,-0.014842389110758965,-1,,2
444,0.22361685219245034,0.03478817443260388,0.4815293757565407,0.017425523560817644,0.02462664156060962,0.21801343249697772,30.309296523606566,24.89287687668697,2.7403531632891758,2.7403531632891758,True,44.773462125981446,7.1565668624577725,0.4385825382556244,0.05169890287757722,0.060376316643292745,-0.0022963968032858433,-1,,0
445,0.19611822148710129,0.019495413779306008,0.12349718544496711,0.6048874453260331,0.013216543396841675,0.042785190565750746,28.186627843078956,40.00789120826454,4.429754339962571,4.429754339962571,True,49.56537723784624,6.828037042237046,2.8642675915387814,0.04368812006972791,-0.00027733922707144296,-0.012740479961820232,-1,,1
446,0.023321196568039916,0.5151166982009755,0.12727873203774553,0.03916311259865368,0.10737331535334182,0.18774694524124347,28.071920442744293,22.189160756678987,2.555254169843664,2.555254169843664,True,36.20729474724555,7.098996486472229,0.3284537181588694,0.03162055821180749,-0.03136446547981508,0.007828649023728157,-1,,0
447,0.48689851932183126,0.047466343722577214,0.2668671994310206,0.04657744327336779,0.13518517014800302,0.017005324103199947,33.351040984447486,27.00785967013264,4.3085912396117445,4.3085912396117445,True,56.02981373655881,6.92158491620387,1.776453887528492,0.03401044151560672,0.048098516198291794,-0.02109215134659209,-1,,1
448,0.28136832473723616,0.22368828866346063,0.29925447039995057,0.10686445692336763,0.001354679712982798,0.08746977956300209,33.72315644896865,31.694024698049873,4.876416671197251,4.876416671197251,True,27.776387073055428,6.6096791628284155,2.409206309663458,0.03939502756941883,-0.05677230394687396,-0.0027111660236069715,-1,,1
449,0.6924598406403605,0.21186540402860568,0.006473122915449147,0.020433014151664812,0.011222643619533425,0.05754597464438647,41.191261504963656,37.562415235740815,5.601849991900573,5.601849991900573,True,6.537104458166804,6.44436599877374,3.087742003909259,0.04863632632817532,0.0456765280586391,-0.018318791257086606,-1,,2
450,0.30760514705129327,0.11500594441063691,0.09832087344201555,0.4546466736016573,0.007896248068238786,0.016525113426158127,39.67195008810967,43.79740771735344,0.8787353669907241,0.8787353669907241,True,30.313290906111725,7.256809081863872,0.4159587160612337,0.05001561128763454,0.026175028807458704,0.003947607041813962,-1,,0
451,0.24353782572597424,0.25495599965513305,0.31094019603841333,0.0896812069698322,0.09210485167071064,0.00877991993993668,40.58820197674333,43.81166449844903,4.150012251697599,4.150012251697599,True,120.01405796030964,7.002716447283409,1.6226400103226257,0.04400058183780179,-0.013360898748236033,0.0016034610433910135,-1,,1
452,0.5868822497799713,0.022118210560662516,0.10107064417270838,0.17365189391272884,0.012995792588953,0.10328120898497603,28.255555661126643,26.09812754533057,1.4341838056594223,1.4341838056594223,True,21.552990051971584,7.183868648054293,0.5018092826881317,0.043740028849944636,-0.011849890194363676,0.009751474419505107,-1,,0
453,0.4051420236092803,0.014122809213445536,0.2818019479872484,0.13249543574577774,0.019730718093835312,0.14670706535041272,30.678644138655905,15.721402205136021,3.136653450474414,3.136653450474414,True,46.09844253037764,7.111367227117266,0.967873273128484,0.03699642702331716,-0.008708564602298206,-0.006210187506350722,-1,,0
454,0.024785882143323713,0.46815148825104325,0.16452845293347262,0.23971076352062928,0.0005221890911855654,0.10230122406034557,41.547526827379215,14.62765990272667,3.7222280143150384,3.7222280143150384,True,119.6649131575308,7.2722633996749595,1.4896619668699917,0.04483635435892326,-0.01111882256885834,0.00199783839793629,-1,,0
455,0.28629507105689245,0.1476009693132242,0.25867703112928664,0.23901093481140023,0.028562351067303173,0.03985364262189315,40.48297359723051,23.48333100498689,3.0916150622022407,3.0916150622022407,True,114.71166605668745,7.285027405474974,0.9252601998907005,0.05058296461595971,0.00048458371022008757,-0.0008522191415304895,-1,,0
456,0.22356335511461803,0.07757501501562424,0.2751987629885134,0.22525483243674388,0.08231867399302849,0.11608936045147203,40.56251002867661,36.93875983771471,4.783897710405694,4.783897710405694,True,56.74311900502114,6.64897198808967,2.521031459669259,0.050640320618528016,-0.004954123162383646,-0.002983939271829079,-1,,1
457,0.31598616989138545,0.2670617467622751,0.11544476664044846,6.739831970537882e-05,0.12959180810564414,0.17184811028054145,36.21502949272137,30.25401330267473,3.8247380260357033,3.8247380260357033,True,95.85669812641295,7.022995146560442,1.1520358628953429,0.03784300873027391,0.03839966813753978,-0.004788406145657496,-1,,0
458,0.10514383651770713,0.09760012331475582,0.6135637722924605,0.10378102434700215,0.02531433613499479,0.054596907393079624,28.328679507131913,41.22814106516577,2.5843229718641627,2.5843229718641627,True,41.012055571542895,7.087820887689289,0.536089041649409,0.03191474065254158,0.03310288674572453,-0.0015311753859514833,-1,,0
459,0.4999195277738473,0.12499880661193148,0.17708068053298803,0.1309190590734974,0.011476914983989318,0.05560501102374648,33.210563649549705,43.99222157187055,1.8603184597038103,1.8603184597038103,True,40.62556541884311,7.144039276701559,0.40589997148807855,0.0372318889897719,0.0074796791793287215,0.00566409779836163,-1,,0
460,0.308181821199796,0.3061367155825324,0.1313762182541395,0.011937498322272897,0.002611519047990627,0.23975622759326853,30.63153298225165,44.15769594127886,2.3647861831071513,2.3647861831071513,True,41.75779424250623,7.36759013408128,0.28278412393748925,0.036014618047337604,0.019783242731755454,-0.017445712870431083,-1,,0
461,0.18794649253974238,0.4329099413336149,0.20079211510976155,0.10743234914908402,0.014020807810122547,0.05689829405767458,30.22850169574135,13.088024732803072,5.483967870101375,5.483967870101375,True,3.9626584636691566,6.353017157616816,3.1013310068485613,0.033417768129716696,0.04404926916411253,-0.0007297237034613914,-1,,2
462,0.3085325974364028,0.41147465972938707,0.017295314743628578,0.2261236808732716,0.02981963515975156,0.006754112057558361,41.71068817572967,35.458569332655,1.494951290912393,1.494951290912393,True,53.23953253892037,7.145606318782194,0.4293347987961187,0.05223595297844565,-0.03921450020849899,0.0009032582667347484,-1,,0
463,0.3019813605946116,0.04865087200894071,0.03115575956202217,0.1468777095531639,0.30617428182475775,0.16516001645650388,35.15066617562888,23.30923865085647,2.234303935687218,2.234303935687218,True,54.87371665099436,7.238725144807966,0.42618293427520054,0.06884322932080975,-0.013173608137915876,-0.007669603188819188,-1,,0
464,0.3187662607546138,0.05637741974348525,0.042116554665387565,0.046241647108308824,0.06492769545359284,0.4715704222746119,37.208184694937714,12.76351643864891,5.431309176028949,5.431309176028949,True,7.301190985343673,6.407143512908614,2.9391812554116585,0.06022399272126479,-0.047245884773170196,-0.00787370871128757,-1,,2
465,0.5164914696608871,0.12748259065866513,0.09712996905366644,0.200217273602289,0.04719528629966558,0.011483410724826745,33.57897953983512,20.977550808588326,2.7147855580917986,2.7147855580917986,True,58.958214641761934,7.19587517458684,0.5690184063690238,0.0400638184425514,-0.0317610795063652,-0.004505867968534183,-1,,0
466,0.32323851738240095,0.19976764746787182,0.06031490193493694,0.06909429750229402,0.24486955397502902,0.10271508173746732,41.94768655050403,22.87104521653263,4.393197625567714,4.393197625567714,True,81.36518746048897,6.776707687566703,1.817053611055026,0.04850564168559892,0.003242967341607726,-0.020382697604560688,-1,,1
467,0.45355924115535307,0.00038191840201914825,0.22578896076481422,0.14103952984007512,0.10275865142311373,0.0764716984146249,34.668360647587726,42.27767096254434,2.611617888312799,2.611617888312799,True,63.320034011300145,7.294863985334143,0.47331286576738113,0.04649143128008126,0.047137083428985704,-0.015393971916106293,-1,,0
468,0.4874476629630557,0.08377817587117717,0.11452858847612885,0.1859473726970556,0.12164396446360316,0.006654235528979588,29.673309786121315,37.620703488286814,3.704217874640241,3.704217874640241,True,53.25938370988251,7.103677991344176,1.4047905336583244,0.03767084854090062,0.030443584579694913,0.005910540610634632,-1,,0
469,0.4947889064333363,0.07068190375695163,0.09174061819067365,0.29615643885131054,0.0008050748201368348,0.04582705794759112,28.41575170437065,30.981641124794844,1.161906723272045,1.161906723272045,True,18.800875565613964,7.169958512847223,0.4076390057876882,0.05348320349976922,-0.003945069245517807,-0.011959596941121546,-1,,0
470,0.16477605628753614,0.015932815976430616,0.24418323468503625,0.2769593557511216,0.2552813282670308,0.042867209032844425,36.508650459665944,13.728781573325133,4.564043537391699,4.564043537391699,True,53.35053621889505,6.7403657836674435,2.434624246951853,0.041922216026066696,0.005616512930092037,0.014186853152159003,-1,,1
471,0.12277597615728737,0.07043666391130694,0.455100562272221,0.1528544199406693,0.06544189144630423,0.13339048627221098,38.465392977852815,42.055065461753934,1.927724886468341,1.927724886468341,True,55.98486447358752,7.174345612627779,0.4144143040520437,0.044914592277780184,-0.0027381747868075357,0.0010468701089231128,-1,,0
472,0.3642535603714126,0.009640366270766157,0.03786967199288298,0.004821016363656112,0.09206698959024377,0.49134839541103836,38.67087441321171,32.05109981953193,5.400479797637739,5.400479797637739,True,9.484692336364663,6.279809175141883,2.8077693584133803,0.06641497211192746,0.031783547199297414,-0.02247844237015808,-1,,2
473,0.401919088490029,0.055961999523725284,0.19686484699627552,0.07697389205002585,0.043834099345886064,0.2244460735940583,35.818225375319486,35.876493224788085,4.976375154479408,4.976375154479408,True,27.338111271150574,6.687749063634241,2.652421990412889,0.05219904925244713,-0.00673436041603501,-0.013719532905363816,-1,,1
474,0.19788696076122242,0.26050763113755765,0.10485988932161695,0.019839251175043197,0.04533612656787735,0.37157014103668246,29.085687401705542,29.669670662542064,0.899847650674927,0.899847650674927,True,14.530288171081839,7.051162764516864,0.31341427941716016,0.039273219149565546,0.0475553018499616,-0.008823691343438167,-1,,0
475,0.3688785933578623,0.025546674226260817,0.0028391524116659003,0.06310566637857816,0.18383814745336163,0.3557917661722711,39.548845118981745,39.05024129818219,5.189467509979733,5.189467509979733,True,16.535743003011525,6.508740865456049,2.6862943331977593,0.05575290763745238,0.011720482821439173,0.0008158317425049841,-1,,1
476,0.30803392492684634,0.24721357251289489,0.17605501243350882,0.02516754153510681,0.14094089936213638,0.10258904922950667,34.81584964709822,30.151341547527906,3.05601071673326,3.05601071673326,True,74.57118690903003,7.302192095368554,0.62678090546264,0.034284344796368625,0.006737090176185129,0.0058909570208647765,-1,,0
477,0.2969927094846092,0.4044456496469452,0.1635496690654639,0.034469267302787474,0.006970439234776358,0.09357226526541783,35.27561137600279,41.66393250405494,3.1132925472444803,3.1132925472444803,True,64.89498542148326,7.456589400145433,0.7429002127239295,0.0316643749064392,0.03152388781127247,-0.02546325509624,-1,,0
478,0.25973673429342414,0.2784320727680815,0.11460345994694066,0.2864789774699655,0.007114457193593353,0.05363429832799474,33.810053468066634,38.49239429878658,1.1704945252795125,1.1704945252795125,True,36.80671959983011,7.225258993786974,0.4002462880458437,0.040163703452942234,-0.02252636845510169,0.002307657958478267,-1,,0
479,0.4963291439909294,0.12040558106037731,0.03846287593384392,0.20164377818301257,0.0016300433933201723,0.14152857743851682,32.49039496762665,35.168859971433406,1.5693976877256124,1.5693976877256124,True,33.138534126584226,7.100452021520444,0.5648210684762154,0.04802523873720779,0.029994029688187443,-0.005939879486081788,-1,,0
480,0.20807897439331016,0.18229172152027606,0.021144727637597893,0.3293274978873656,0.2582559856429844,0.0009010929184659127,28.256361205031173,19.19000198574969,2.2076446429662333,2.2076446429662333,True,32.22103362446376,7.22417484984066,0.5838165307341578,0.04127162974441449,0.00021934429515366673,-0.014539741971828684,-1,,0
481,0.05790584503288363,0.28561331147890895,0.0017966593201022613,0.0038244055647246394,0.2666854268291102,0.38417435177427034,28.838889773821688,39.357074623829725,4.515095400083769,4.515095400083769,True,44.52836034550331,6.847216665201065,1.8481931553922626,0.040254962680800636,0.010377173680628671,-0.0035875490859891383,-1,,1
482,0.18829703859672334,0.25949438687485055,0.06729115256591758,0.016639513882078908,0.03464164540840979,0.4336362626720198,28.844691719939394,24.934475481545725,4.178665510232005,4.178665510232005,True,51.24780887706539,6.87925645808904,1.5466603217436814,0.04213990433947119,0.04600565142047164,-0.008585444034465796,-1,,1
483,0.3891250863948883,0.5584586150513607,0.003436417828814067,0.03619790443972417,0.003667017947076192,0.009114958338136529,33.42626731919821,21.518201642444073,2.043673709295761,2.043673709295761,True,42.62379125267998,7.199602933852861,0.30457792139960477,0.03348468906568218,0.04518609190862801,0.003074983686904735,-1,,0
484,0.5687870277326897,0.27356461225414347,0.09169643878390331,0.0014797019153941478,0.04556412018151567,0.018908099132353598,29.706726241305077,42.318451961394686,3.399034179467682,3.399034179467682,True,49.44738451699843,7.3164743171930375,0.8708532214457416,0.03756769401908736,0.010210788104469102,-0.009914492786563542,-1,,0
485,0.44689778397232427,0.01172357068724672,0.19751632532617763,0.036210259009035684,0.01775728469514241,0.28989477631007327,30.70504290097606,43.07061282904465,1.5283666648798406,1.5283666648798406,True,27.927789184272612,7.319480240375187,0.5808201471224537,0.04884202672170857,-0.008548906633609873,-0.003725986582143265,-1,,0
486,0.5454196798614385,0.2918335912846391,0.02725944131524772,0.015939909863876164,0.03928736039451235,0.08026001728028616,40.88344062462478,43.6249445149268,4.570585201487975,4.570585201487975,True,74.32267434385398,6.837529906506974,2.050900508536738,0.04737503676782392,-0.0031689453205263965,0.02282888889040313,-1,,1
487,0.2019451854237234,0.05336551013637301,0.07259560869237183,0.4767605492312962,0.048048792266325524,0.14728435424991018,34.70484291351716,30.8271217496963,2.1037204457197562,2.1037204457197562,True,61.46452968799856,7.064417991372971,0.7329522772234545,0.054792493450963375,-0.03345219253544877,0.0017479814565763915,-1,,0
488,0.2722351953597729,0.3824637976694754,0.25545927524870327,0.08092812234505554,0.0002044189444679484,0.008709190432524794,34.68378140856385,23.699729806401862,4.237850489615503,4.237850489615503,True,64.21729492132846,6.861703983265526,1.6983551575225349,0.04996743974573215,-0.030156196101492356,-0.005106694039016835,-1,,1
489,0.0590475211678014,0.01876395469100549,0.17984911195287454,0.43539957909111976,0.06473708888190646,0.24220274421529225,33.598862026583014,22.75285650078093,5.218127143007066,5.218127143007066,True,16.366949995494295,6.512645471140809,3.5636804045373958,0.04848190935743426,0.017414877399960494,-0.02105876754445554,-1,,2
490,0.572607105085464,0.006467912775265671,0.03392324253696606,0.15338383190971977,0.002182410005090157,0.23143549768749433,41.92712000928001,30.460384712468326,3.7433075772428204,3.7433075772428204,True,126.39508043197219,7.214051247635356,1.4815628504590175,0.064628533984568,-0.033060187474713155,-0.0008803265748373362,-1,,0
491,0.42933835367553574,0.008526466413125723,0.10910942899787962,0.23661486042966742,0.14179884071369944,0.074612049770092,28.34603492564169,28.921151768258838,3.7322696773019812,3.7322696773019812,True,51.52770190419818,7.094436382965343,1.463163446661511,0.040638442373781045,0.009195831263960166,-0.004011580967976214,-1,,0
492,0.4083255915205821,0.09269133560018131,0.20234066782689258,0.06433359107102853,0.07861506689233184,0.1536937470889836,40.813865065758016,37.300781648992725,2.4343315489571795,2.4343315489571795,True,78.56079044000609,6.9879299748084405,0.35137674718497025,0.04812349594506952,0.038279743592034815,0.0011974580961014913,-1,,0
493,0.3698009495394285,0.31432804404878023,0.1355378329687999,0.11119912881855055,0.009585400120034731,0.05954864450440604,31.922828339156126,29.125375981475752,4.274239589763938,4.274239589763938,True,46.13325240263916,6.828162814775686,1.8062348347981896,0.03721857082419647,0.007754266813973666,-0.005928106951864152,-1,,1
494,0.31331936066282573,0.4294073588272329,0.08342340508700492,0.11334688967841483,5.948437964563898e-06,0.060497037306557026,30.60527153881326,34.55372912932343,2.7594118789690842,2.7594118789690842,True,48.17440344384921,7.276671503362783,0.6480979806800916,0.03426465579929616,0.004204137702324894,0.005252908460530472,-1,,0
495,0.2407918591857324,0.17926519867248766,0.36033959316905595,0.061194845740492027,0.15461216806542988,0.003796335166802039,32.79741695022189,32.960240559833224,2.7408939751528885,2.7408939751528885,True,68.3727409146588,7.116662850773849,0.507038895301573,0.031277303658990147,0.03313618092612136,-0.021245021063693827,-1,,0
496,0.6042845386599964,0.034820003688493036,0.014307440782080206,0.2412790943428993,0.031927286505661116,0.07338163602086993,40.18233224859647,42.47683531398491,1.024124401912705,1.024124401912705,True,39.25805372587014,7.19194540310575,0.5261939835399485,0.053819006243979485,0.009615136160571117,0.0006381204922367707,-1,,0
497,0.2757307918396309,0.28881000130511303,0.1549679783422483,0.0067615268038287565,0.2590268546335423,0.01470284707563666,30.897224042043426,16.60304826560956,4.118440502381779,4.118440502381779,True,46.71745063446242,6.963314059234947,1.4959955858425367,0.03508081170715455,0.014616268840727354,-0.01755205106506845,-1,,0
498,0.4379415455822823,0.11863212082726596,0.00847178322840849,0.3204040076310481,0.012549039797348475,0.10200150293364668,33.08075761903074,28.269699517737145,1.354819415033683,1.354819415033683,True,30.77321614371988,7.142921490696079,0.5722914366591855,0.047113354022241,-0.04751367545991556,0.01253302432192085,-1,,0
499,0.02650368856614166,0.5366200318128198,0.3383271116174915,0.08010211016715477,0.01787755825887,0.0005694995775223156,32.982387230356345,16.624070063589127,1.9977012210857348,1.9977012210857348,True,35.059129783301145,7.218166127999943,0.4498730503730757,0.028371642494531064,0.01816146118857055,0.02424616644887918,-1,,0
500,0.42988004222176995,0.16718337740251213,0.11138120294527654,0.03467885335380454,0.10985459951705408,0.1470219245595826,30.687790062876246,31.962758370107775,3.5930755243796586,3.5930755243796586,True,55.0271351155299,7.1395819907465174,1.0410176807383733,0.03882597343996425,0.011477315606034136,-0.010401242881420695,-1,,0
501,0.1277941117670553,0.15187407282307144,0.23533888446146756,0.1626397518453291,0.22955185451229254,0.09280132459078408,39.647340458036645,12.224536450106616,4.190785072744257,4.190785072744257,True,86.31208700591266,6.919407047574818,1.862371423778315,0.046016289923903386,0.03945427557283446,-0.008999407198698583,-1,,1
502,0.19084735882059445,0.18021761632867048,0.12669035118191965,0.4002612784352007,0.0009683845715377479,0.10101501066207691,29.89158280124474,33.827965853589156,3.933327902805849,3.933327902805849,True,68.58989659359658,7.062230276787317,1.8957403812525733,0.039568498353532065,0.02030584181299063,0.007180644777765152,-1,,1
503,0.10169225472408293,0.5017736437844004,0.15848709272928907,0.221746784689998,0.013124669686199743,0.003175554386030031,39.28465481655194,13.574083850880026,3.356708180255702,3.356708180255702,True,96.82935845043468,7.210006375183202,1.1265657514154692,0.0452991193551241,-0.018717171362586726,0.003363049989748107,-1,,0
504,0.5581089192877574,0.1546923193058325,0.05383523023389765,0.013022911737198231,0.05973395097414207,0.1606066684611723,28.57340697943723,35.35905882896751,2.718458812596476,2.718458812596476,True,36.37355937102967,7.213974048435886,0.3696535859682246,0.038024112622743814,0.02544230315953161,0.0021429386220979015,-1,,0
505,0.10423589981723376,0.2536567525953757,0.490873179108876,0.07590016373569922,0.0006777702212413661,0.07465623452157388,37.013932406134174,14.734119430707427,2.73682148238417,2.73682148238417,True,67.59622379930151,7.102236547076301,0.4459946289998172,0.04582342003985589,0.05292272155435705,-0.0192881466182031,-1,,0
506,0.33974875195063126,0.20006710772061254,0.2649657835628739,0.18451120536654003,0.005889784665144489,0.004817366734197856,30.67890654452288,42.34523133110952,3.14282549561292,3.14282549561292,True,52.11061205452748,7.174349541859199,0.861637005865564,0.032741418536499714,-0.0104328067534231,0.01209667309424286,-1,,0
507,0.3640475436395054,0.17185867395352972,0.14450498540742954,0.013804404019947165,0.07124673679210304,0.2345376561874851,36.47391555918294,32.33304707004939,1.7862585288237016,1.7862585288237016,True,49.735707845693405,7.434329273539718,0.34063721361481814,0.042572337977223366,0.01058939511397447,0.001114859656935009,-1,,0
508,0.3605544443569697,0.09157954132824313,0.1828504815651965,0.10912929636142271,0.18553883861787457,0.0703473977702933,31.35308761525877,39.842419453365444,2.414509480569154,2.414509480569154,True,48.326796614084834,7.155965732857235,0.4660215164870469,0.03565327726746995,-0.011531890955294426,0.0025002380251738124,-1,,0
509,0.32582036209631715,0.01909547986135777,0.10125156792883874,0.4292639866785747,0.10896859845347819,0.01560000498143336,28.1741220703563,15.067454631708392,4.870783195370384,4.870783195370384,True,19.298340294295198,6.681180144294526,3.0738028209077313,0.0409793429165812,-0.0025230037487226145,-0.007192811052334226,-1,,2
510,0.15889796575908147,0.00683020673308519,0.31352829039807784,0.06977821632884156,0.09970080683970765,0.3512645139412063,33.71756476760281,21.5513108272793,4.923746054881511,4.923746054881511,True,23.21511361991685,6.713174467955342,2.513149588979731,0.04393659440024815,0.023225499403932922,-0.011570538564502988,-1,,1
511,0.3361258065616067,0.15294864916522796,0.0876169514619905,0.193537657812899,0.20014836452943796,0.029622570468837952,34.786654872282234,38.972406628132575,1.9936822649991461,1.9936822649991461,True,49.82416703942271,7.2506923227886615,0.4366770430006614,0.03580782974301504,0.04650521038856915,0.005412330633123681,-1,,0
512,0.2683302748437616,0.5053196336782384,0.03043529898200368,0.1360741307546804,0.02346751927741647,0.03637314246389933,37.59779920246092,12.63421173191923,5.3324233236282454,5.3324233236282454,True,9.638256465252715,6.4020713415470505,2.9744823711385995,0.039019314260897865,0.050438726215472886,-0.028079614129642782,-1,,2
513,0.38056497699032715,0.20042783528026123,0.08812663460600176,0.28335069423934967,0.03762327969656599,0.00990657918749421,28.187956532733857,40.23079788605487,1.2436556101915122,1.2436556101915122,True,22.893998676970487,7.302931378263481,0.5190136645255545,0.036076329664402565,0.02922277993079952,0.01884913899471991,-1,,0
514,0.6511274188083666,0.14893097007290074,0.03726726708638042,0.006372954543424469,0.13104261857621102,0.02525877091271672,28.368926729890273,37.361991302148006,4.063267218923327,4.063267218923327,True,43.31936562709529,6.985760998204789,1.4290213594417904,0.03513261953606399,0.010558163992041625,0.00026939722318481893,-1,,0
515,0.4377982783601911,0.15025227813031158,0.04346179124708909,0.28169474388425186,0.0075699838038959045,0.07922292457426049,28.136624571603836,33.819965296018076,5.762429514089366,5.762429514089366,True,2.0817174962868994,6.31149533476259,3.8157306616985665,0.03947940869141415,0.019923771580322172,-0.03057792241069189,-1,,2
516,0.45019130625590353,0.07915015019243227,0.25127700424766886,0.012485312893506096,0.15286621569076442,0.05403001071972479,38.05420440745135,25.178127798677473,5.968215120998987,5.968215120998987,True,1.7873153757227411,6.296883218652516,3.511372203813859,0.042128161998136376,0.0021315696437831204,-0.004489121746784126,-1,,2
517,0.23590609804556648,0.09104972207694591,0.3600881446236447,0.09635178788643345,0.12787853059228185,0.08872571677512765,38.2261100563955,29.790480335856483,5.00250277832653,5.00250277832653,True,24.749776964371957,6.509456932304425,2.480870632437442,0.04278460550382951,0.06901671231925327,-0.0037371027130867662,-1,,1
518,0.3125992769229858,0.2526098116983173,0.2803633054598967,0.014235934382496308,0.0030516278635577595,0.1371400436727462,32.37151451578056,26.32245265679388,2.01392844247737,2.01392844247737,True,38.121327217825325,7.313075880996007,0.39211774950866934,0.052437035273921614,0.04370360515878002,-0.015462099962135097,-1,,0
519,0.46937890423263495,0.02474270374297545,0.36186875857432943,0.08241748357541555,0.025433983174131064,0.03615816670051336,37.009613511225574,17.25396616345589,1.5511699126250074,1.5511699126250074,True,35.34946364960686,7.257337240010628,0.5114559126242177,0.044845876064181375,0.0022001140781739525,0.006808655055793278,-1,,0
520,0.2770478281416079,0.28126706366211934,0.2084275753195434,0.15595795201178028,0.004561162888942211,0.07273841797600694,31.154951734587407,27.42902179443333,0.8515259819758719,0.8515259819758719,True,17.487729784048202,7.282776223041363,0.3265406580255219,0.03479876785248862,-0.02655644457824985,0.006945354816082744,-1,,0
521,0.163594887758861,0.33196009786701497,0.018037129498413747,0.1872212847730327,0.009461437175888534,0.28972516292678924,31.979809809070616,26.90840895004502,5.9028263894321205,5.9028263894321205,True,1.6125234405952429,6.2822127412153375,3.811995815497523,0.042226922774865394,0.024730250702167503,-0.02166230078538258,-1,,2
522,0.5221308610427501,0.030923276514991372,0.11464067729602383,0.23980687068192869,0.036775409789105755,0.055722904675200226,40.45832440430574,30.392611334351145,5.250607041536531,5.250607041536531,True,20.35197316795282,6.518054584142214,3.2006756454688436,0.061893226594072565,0.027613333816705356,0.004090223401207736,-1,,2
523,0.12250206615296189,0.07069282278338505,0.25919814421177556,0.2585310166266065,1.7009119954556026e-08,0.289075933216151,41.13977659392675,40.665995589454646,1.7189407277111997,1.7189407277111997,True,72.91684715290661,7.324067047095607,0.4546163775727113,0.05360664539029139,0.013107145164754074,0.00031355321044604844,-1,,0
524,0.6488471825705604,0.10255976884145591,0.027788930079190383,0.1577672465509228,0.05608710766041213,0.006949764297458238,40.36984846946952,23.665326640072518,5.335332013696957,5.335332013696957,True,11.999899995002009,6.395964132394082,3.0698993625053093,0.052123306321834366,0.005405755998117764,-0.00771475860738861,-1,,2
525,0.4397493495542957,0.02155297623202397,0.38263037192671223,0.07956527536504614,0.0014267576338317664,0.07507526928809023,37.23157909224682,15.624753333427652,2.945254053864498,2.945254053864498,True,66.49182725361801,7.360199222636661,0.5887022422761187,0.05181658870158943,-0.011218157332481294,-0.014480067274178204,-1,,0
526,0.24415620045974157,0.27668157544164695,0.10972218421131552,0.22352235903119164,0.11112738002157864,0.03479030083452564,36.1065777273891,43.513447848877604,1.1196381913494697,1.1196381913494697,True,31.35179084749181,7.2560454537661565,0.4627181609185931,0.03589163691275872,0.034700890569418934,0.009858515208478053,-1,,0
527,0.20626208154932793,0.012010625086490381,0.23459240622840644,0.09475091714264201,0.4286880449933156,0.02369592499981771,35.17853935705525,33.62023897246863,2.0790974697427558,2.0790974697427558,True,52.270210488490044,7.154786998165178,0.4365075551205462,0.03576121193213053,-0.025889782834916983,0.008223853206504893,-1,,0
528,0.4394300131415692,0.006438547625681921,0.021529618111205105,0.3843298689088765,0.0017444513720434212,0.14652750084062402,28.664140790380525,26.15224619227967,3.1085877108443887,3.1085877108443887,True,51.57762884369665,7.23931535349368,1.1333254535708657,0.047747474874899,-0.007560216107617883,-0.009070272384175375,-1,,0
529,0.05251499139701195,0.1672337034860623,0.1006019898106664,0.5673039758496794,0.028119255169565458,0.08422608428701431,30.10463710573267,37.872889378050075,3.111990113056044,3.111990113056044,True,72.96560118867002,7.339452268600568,1.3103331929392106,0.03967086944178449,-0.01025646534157854,0.0030521248327116703,-1,,0
530,0.3602632168354191,0.09413301240598268,0.19727188394080222,0.19294890909038245,0.00016108253973565905,0.15522189518767796,40.118521675983075,42.856307497129706,1.9703991589946708,1.9703991589946708,True,75.36078135115788,7.034811225386245,0.4999460876934192,0.0594386418074224,-0.03800127642781804,-0.009888402786841558,-1,,0
531,0.7599488940790621,0.17977072687816947,0.028828215961579112,0.01589018842093555,0.001144181435653503,0.014417793224600234,37.73161221571292,34.18528006632515,0.9339564433898242,0.9339564433898242,True,26.34694116451384,7.059018963665408,0.5315965981467632,0.04120194374872242,-0.03486158850392007,-0.005425190912271387,-1,,0
532,0.187120367776892,0.038484615693107946,0.08644348103439957,0.32423232808719255,0.15936875099863942,0.20435045640976848,38.42847056455129,30.189997030274316,3.790678869385573,3.790678869385573,True,129.70384484180212,6.981240462049655,1.6351086961534471,0.04973780008136014,0.029241742495834257,-0.015162581199499679,-1,,1
533,0.23998607635293384,0.2506451148608649,0.03020564757663853,0.142575936124218,0.24868727225614198,0.08789995282920283,34.296285384405905,13.430897835908334,4.1373890494320404,4.1373890494320404,True,60.73013428948854,7.0526724632299365,1.781354724084793,0.03873211582420644,-0.03035116740906141,-0.003909295278718259,-1,,1
534,0.5173753700657067,0.08092149407095259,0.04286006991094235,0.13853268798744406,0.016070992462699087,0.20423938550225523,41.80205579712771,30.663633440413605,5.674525980482079,5.674525980482079,True,5.611178918275783,6.362839743213992,3.365791505276499,0.07742547484208044,0.06979998338699722,-0.027397793590466242,-1,,2
535,0.32305881727697455,0.16798237079396156,0.23341392543098294,0.023866525913631857,0.01862331617794606,0.23305504440650307,30.755665049923923,17.560841599058215,4.286625256887613,4.286625256887613,True,36.76746952811593,6.909335483385082,1.7936758530648742,0.036702042187176015,0.056149464604896226,0.01951414835171598,-1,,1
536,0.2614441926350704,0.15581067580978986,0.05322335545296262,0.22464045404467436,0.12255280432631308,0.18232851773118963,35.38875654838606,32.43634151254919,3.245655621055212,3.245655621055212,True,88.25884621298846,7.124902251253133,1.1407586799915581,0.046139486272914296,0.017727531221625317,-0.0057560654993216555,-1,,0
537,0.2864581421853626,0.06523970563343941,0.41252479162195027,0.15615115846990865,0.0010482613479465559,0.07857794074139265,39.53875801047833,34.226496378290605,5.742876990066712,5.742876990066712,True,3.5072464799356027,6.155234439956353,3.515810217930229,0.05105827230678293,0.0023483630347439395,0.011912553291873471,-1,,2
538,0.5070820398839448,0.05150900661003874,0.03320027753033486,0.24049275029661155,0.16703653723078382,0.0006793884482860814,34.335656898988034,21.603642301346035,1.149322092363409,1.149322092363409,True,26.799310751223857,7.259095841089519,0.388286678351731,0.038593478268307786,0.020804642726650634,0.0050188193102460015,-1,,0
539,0.4127795314976954,0.21459230591983816,0.08216028022775385,0.22464900232859294,0.02934772423390661,0.03647115579221325,38.93116772213552,32.141159194062574,5.473308398682098,5.473308398682098,True,8.571221391570583,6.56644318030509,3.5512392899655403,0.0462753201962528,0.03174861445776493,-0.0017290011039250899,-1,,2
540,0.3997288201385543,0.24715656044778972,0.217221549584741,0.005971692215766975,0.1057101051508444,0.0242112724623035,40.23983664302797,13.698806535085634,2.1015843530534886,2.1015843530534886,True,60.57053813052763,7.158969731970695,0.6506888344269142,0.04192618693966589,-0.030588390260962207,-0.021358209918716047,-1,,0
541,0.4665319950958279,0.16858357244900646,0.17882859016126698,0.15489882379568767,0.002276883467306572,0.028880135030904315,30.302589930403293,33.652660604944636,5.271934411532802,5.271934411532802,True,9.213012451343946,6.522003914968831,2.9223090613462372,0.034385483156069215,0.058693103508567365,-0.006935619567642344,-1,,1
542,0.22959762901111938,0.085133092960944,0.17160240470386562,0.3946493935475449,0.09940806244903311,0.019609417327492957,32.140622398689636,25.866713698795508,1.2153431340711387,1.2153431340711387,True,27.174297973735452,7.199039033168329,0.6206559609183907,0.04945648025690774,0.015339077296196761,0.0030354859217528846,-1,,0
543,0.13780656416653517,0.28571941666273903,0.15198077163756785,0.17752284207954025,0.0020038266423675205,0.2449665788112501,33.43005926888469,38.45313564185315,0.8941132837369918,0.8941132837369918,True,18.071703016633077,7.219924236272219,0.8349518947111915,0.05496493619380641,0.043697487317141966,0.013603616071197939,-1,,0
544,0.22328847649678488,0.039984375996718946,0.4095912163214144,0.08658808086386251,0.08999920947359326,0.1505486408476261,32.68045351233408,32.61269567779095,1.0549014665310623,1.0549014665310623,True,21.07005751083097,7.148046983053783,0.3086242857182121,0.043913313637887065,0.012559023618946915,0.006091215757156522,-1,,0
545,0.5166971540011347,0.115131724702824,0.037394347074575264,0.2546131872312329,0.053095086517770104,0.02306850047246274,37.24388608048922,26.554872380415844,4.56229454764745,4.56229454764745,True,50.309159601204655,6.879606987822042,2.3307696957652606,0.04758978521555022,0.008181436085339118,-0.00033919826505826155,-1,,1
546,0.6647107109067538,0.11901580329973582,0.005095184143577943,0.032129064592269385,0.026354814308432072,0.1526944227492308,30.457180648487906,33.875386825705306,4.518569504829084,4.518569504829084,True,31.109318111881972,6.7886513525327645,1.879397557653082,0.04005958314105179,0.03429547351363336,0.0038275808574520847,-1,,1
547,0.252951902764094,0.4022851574705651,0.13084860053079125,0.014146763725870454,0.010805781876838585,0.18896179363184054,30.11598974451113,12.87314306186694,2.870743916930577,2.870743916930577,True,43.850523242929974,7.21450689455746,0.5937941113958604,0.04613188159523655,-0.03776821024311195,0.0026622602543455026,-1,,0
548,0.29268241369379266,0.08099935310102499,0.2510311453455225,0.172091756931717,0.016170034018883325,0.18702529690905953,38.633996129778986,42.147742190153906,1.713788695920361,1.713788695920361,True,57.25306102978873,7.021901447987451,0.43842055613851405,0.05024128487195124,0.03752481649754662,-0.005775444401089298,-1,,0
549,0.2016014132358804,0.19529877978880947,0.35762123727454426,0.039464570234803334,0.0012560680710435308,0.20475793139491907,36.257480945734315,20.208855492791894,5.167604936067916,5.167604936067916,True,14.451510924130648,6.514250796782012,2.620427424968485,0.040501164253441434,0.029905347447687657,-0.012302116913765112,-1,,1
550,0.41071481075469507,0.05940184501482922,0.0913098968531848,0.0915449877519708,0.11917126221170074,0.2278571974136193,38.4687485547243,42.4612340823046,2.172040833199725,2.172040833199725,True,64.39384751405255,7.304977427928968,0.3818566177807291,0.05152434419629821,-0.03602850612832076,-0.0023654488146015377,-1,,0
551,0.6227245460854823,0.07135689206681087,0.06622526036617982,0.040880084587325775,0.19454683142602908,0.004266385468172166,38.981656226862626,41.12790348600754,2.2232819298336435,2.2232819298336435,True,55.98425745662301,7.244366786165257,0.5077239816342214,0.054857759013983126,0.017018031871514516,0.006510443256039791,-1,,0
552,0.33951899558533516,0.11366324925085218,0.25781606641853905,0.2061418358202552,0.023145041382134243,0.05971481154288441,39.39305883468772,35.16041486561444,3.453592473314523,3.453592473314523,True,110.09837946833973,7.291403439527675,1.2829183627989496,0.043884797994796845,0.02798871674328969,0.006251401130737223,-1,,0
553,0.7079142938521098,0.01182979834813951,0.008625741737221755,0.0749655977392971,0.17626196736885336,0.020402600954378482,30.589679949428017,19.893573506673956,4.6815208987240355,4.6815208987240355,True,24.33722241484736,6.787342649499105,2.125291135935149,0.04188701206219602,-0.006637908430688549,-0.020624874518291078,-1,,1
554,0.10156026951084707,0.30507134421279164,0.03208097965514508,0.05977560487894805,0.29567594331616676,0.20583585842610155,37.42710972896977,43.43181052512564,2.7496337735736027,2.7496337735736027,True,89.66791171346235,7.204616335762439,0.6890573455085369,0.04011763725931737,0.0011261720747477914,-0.011486597477549492,-1,,0
555,0.47464727397293766,0.13988603773834762,0.015643373000873748,0.0660759648784183,0.0924127219366191,0.21133462847280363,33.30996271870042,38.02955775575792,5.893609102809436,5.893609102809436,True,1.6616245747593985,6.344812253121771,3.5509082058448804,0.03991861786260669,0.05608977328453097,-0.006372260393955364,-1,,2
556,0.35483797237678194,0.2128875735282593,0.2782719370169349,0.015380201038451316,0.06261593519500326,0.07600638084456923,34.55205167079748,15.390436617095343,5.283066797258525,5.283066797258525,True,9.748447877641299,6.389266635184829,2.6326336445574072,0.03234522345197889,0.036569406785247165,0.004157012054848436,-1,,2
557,0.48923830942415336,0.005501233407250878,0.14805396206665564,0.03270620323517899,0.0033921014529608275,0.3211081904138004,41.78567337489888,38.588121998653875,3.4311119180532943,3.4311119180532943,True,126.88035125273484,7.287389889356614,1.1236277567250763,0.06271048690792021,0.03766932433412319,0.0042224216785280815,-1,,0
558,0.21652763347298032,0.13931632508310232,0.30229112387653084,0.24657466944204298,0.07900744036894033,0.016282807756403027,38.307144285345615,17.90441413626046,5.059889530605367,5.059889530605367,True,21.31973057872365,6.586403550630486,2.861456887302953,0.04669832680976515,0.03872850078914101,-0.027166352534697392,-1,,1
559,0.3496362328076594,0.2915467640402644,0.09296175688273156,0.1205365676404517,0.09545018653518379,0.04986849209370916,40.65971617023592,27.452009809206242,1.2545175546309544,1.2545175546309544,True,40.076475219168074,7.294958051211051,0.4951298815405283,0.048847496767543575,-0.004432396471067342,0.006966061195205583,-1,,0
560,0.7037149863961761,0.08524936214978579,0.04117100641125448,0.022291438437639918,0.0031457129752962393,0.14442749362984747,41.690010585724934,25.411606674483252,0.823785785525941,0.823785785525941,True,28.078806150069077,7.043618064732613,0.33262920185761613,0.05448800570390621,0.04330792034361156,0.01708432640109484,-1,,0
561,0.191514459721056,0.1119531525906766,0.535428205159097,0.14327810030396157,0.01328646783266208,0.004539614392546669,40.88249632102843,29.62966882773072,0.8225421801345605,0.8225421801345605,True,27.221637993404585,7.1634301066355786,0.2985633162511693,0.05557295715053833,-0.0077353655477180195,0.012726792447675096,-1,,0
562,0.32957001596183294,0.2557766991846973,0.08194208115889716,0.06570985866124414,0.06203580011008535,0.20496554492324318,40.74762250634135,19.27120387325682,4.201315490607679,4.201315490607679,True,90.59189877849025,7.0616158176981,1.6474038551800272,0.08193003323782568,0.0362466403507231,-0.00437765360398646,-1,,1
563,0.2578195458633207,0.007191142862354477,0.5539427481432576,0.16255225256102096,0.004415563560273338,0.014078747009773237,38.46293492223427,17.569009777700167,4.900403924128686,4.900403924128686,True,32.679849273388804,6.615007930226408,2.557137846347515,0.04599915926063249,0.044583605554446015,-0.004742351877990918,-1,,1
564,0.08370594262973849,0.3060202871119883,0.2363944568670333,0.14772213373675008,0.22388551509511617,0.002271664559373598,29.67730498927452,16.320469138861895,3.108355073706649,3.108355073706649,True,52.51468442064162,7.18968223969778,0.9948258414516857,0.0334272974584416,-0.037967159533898,-0.001989637440242915,-1,,0
565,0.08700627799769217,0.05351480842887693,0.34433321472792155,0.32653996153337883,0.18277761285687344,0.005828124455257012,33.10618560678755,39.89588513541848,5.09457989505707,5.09457989505707,True,17.892604163089132,6.744710324108183,3.08459539698962,0.03429845872592937,0.058006331027741304,0.004540684537160191,-1,,2
566,0.21259496239911163,0.13450947507830352,0.16806786439191843,0.05641825677133947,0.21034348328706265,0.21806595807226442,33.685375897451856,40.809766983528526,1.4337877073641663,1.4337877073641663,True,31.485615181044864,7.259921374618765,0.47999234562275134,0.03673554849219169,-0.03222669694536555,0.022925653350499262,-1,,0
567,0.3937387125985645,0.13254709066017023,0.05975595887897468,0.2716162324051628,0.0442268676571856,0.09811513779994227,41.26404584028553,33.13284009411494,5.749534350025492,5.749534350025492,True,4.956294607760037,6.343697318158924,3.7757790025932794,0.053237776377542075,0.03769307520822858,-0.02027415969864616,-1,,2
568,0.42700418328916995,0.13731165504476514,0.2561792133602419,0.15713780682593967,0.0026895109051735667,0.019677630574709604,38.03853045790609,18.7130384451974,1.4020456388881948,1.4020456388881948,True,38.3775656869495,7.171750107932865,0.4652467844934344,0.0424290782523197,-0.037116165424082706,-0.019004097364387452,-1,,0
569,0.1994266697182019,0.28963276688681194,0.29318612750452044,0.11865753068546009,0.0805041933180524,0.018592711886953318,38.79689707616362,44.89355051338402,2.7520287731717774,2.7520287731717774,True,90.00148888713585,7.1432612276318705,0.5161594248868079,0.03745829819467117,-0.005607817151750437,-0.001424956588302923,-1,,0
570,0.554016266921466,0.07520094670998327,0.054417233542484775,0.25228834486330526,0.011038900518794892,0.053038307443965926,40.13961048681289,42.42518213259905,4.940623885117264,4.940623885117264,True,37.7684078915195,6.631647366741198,2.791007161648365,0.05562755369383863,0.017072559394770495,-0.011670077400359054,-1,,1
571,0.6240446255085134,0.09090853077896811,0.01902258540366202,0.2148970525067492,0.036381363575517224,0.014745842226590254,38.52122008770991,13.331862907199902,1.8459029273888554,1.8459029273888554,True,38.233850067152886,7.154643362931693,0.4100733485275388,0.04615173845352768,0.0028280680178295434,0.0032122928991236027,-1,,0
572,0.37808432064851205,0.05076671484878982,0.16001892014065708,0.27386388007734075,0.0005300164004746908,0.13673614788422545,33.51951525359769,29.500549647247894,2.0633775006835107,2.0633775006835107,True,51.023527078771835,7.19260987976046,0.6990188634544239,0.0439661638927856,0.055294197757628075,0.01007064328181262,-1,,0
573,0.3716924439434341,0.06793545469417264,0.0111993940211688,0.32959194662600944,0.12810671012488267,0.09147405059033231,28.59025887163947,17.124217854632995,2.4491665717821673,2.4491665717821673,True,46.215764339492,7.285242833917135,0.7518003299425817,0.04489058334356124,0.021751507174637166,0.001676687800424145,-1,,0
574,0.16977357790421388,0.07554261664651359,0.058058834192900824,0.44715523144880515,0.2481470214589734,0.0013227183485931568,33.39075171627397,42.576947994906305,2.445500608723605,2.445500608723605,True,61.3627763199505,7.177920772773774,0.9067544057480091,0.04224361315344539,-0.03269860839046212,-0.020724003401751397,-1,,0
575,0.3516581215486181,0.11951971867428149,0.1939215438740715,0.1170016350451706,0.14687877835084642,0.07102020250701184,28.56107869891358,31.489756497234744,1.7937267287945766,1.7937267287945766,True,31.50613057682144,7.329945312127025,0.34493761123299843,0.037239620739332804,-0.004032017915939112,0.011314305857093332,-1,,0
576,0.2884506744953749,0.04150599924627207,0.24397118350637592,0.057082887367853934,0.021764261364161232,0.3472249940199618,33.50799664987233,40.63359909033771,1.3512282628832117,1.3512282628832117,True,23.43020695044371,7.152428593067462,0.2894945263710724,0.044079847399618316,0.03506231765427665,0.00411464849919446,-1,,0
577,0.3057513798848862,0.20312429855440162,0.19966274960049943,0.1803964479250288,0.005598917446255691,0.10546620658892823,37.56683512688613,20.74155655028855,3.108481000862475,3.108481000862475,True,100.93896833308474,7.1568832800324875,0.9005538899513343,0.04228658415159895,-0.0023968487767089663,-0.01932877675516166,-1,,0
578,0.30965643423957234,0.15462894013277412,0.014043499172528453,0.08602434501481977,0.23951350083053521,0.19613328060977028,29.81276793977246,17.705606416322382,1.5602245624794082,1.5602245624794082,True,26.85686505474309,7.144957430770348,0.3171026089350985,0.043589762213318096,0.03774247572815186,-0.004882047910951295,-1,,0
579,0.32435044573907834,0.03941982754613645,0.4492404858456428,0.013899385743150208,0.03873205042045444,0.13435780470553765,32.99571493572141,30.26472006722904,5.769975478600795,5.769975478600795,True,2.26426260638291,6.4320621624276075,3.171838942449746,0.035059314750588384,0.05223874590822576,-0.014028324638345673,-1,,2
580,0.09341220386245781,0.651961301514816,0.12790114070938907,0.07733815055874482,0.024068742438775534,0.025318460915816726,30.817308084045365,20.277809124445525,3.0758678283208942,3.0758678283208942,True,48.40672644297216,7.117899179668958,0.7337752148943076,0.0294509255259398,0.0012540692778932093,0.021902843868545917,-1,,0
581,0.09791639230809662,0.10062953450103165,0.18287758913060612,0.29828198048835564,0.042935574924674015,0.2773589286472359,29.843076123242838,15.29593227218658,3.4193303051252943,3.4193303051252943,True,52.81337952779316,7.238427548111496,1.2644917349828835,0.042587685471686385,0.035975484509318416,-0.0036940968218128847,-1,,0
582,0.20163426627666703,0.22241738473829267,0.08378955928764027,0.013125504675515508,0.4703432514039801,0.008690033617904448,34.50582538079907,16.77279288042339,1.8737973098730383,1.8737973098730383,True,42.20541045871104,7.186860651446668,0.3368524372048007,0.03444107831994772,-0.0390566028075631,-0.009080366944125298,-1,,0
583,0.607605771752111,0.06691293841094287,0.22774677240065896,0.037110857188115284,0.0010314217865735522,0.05959223846159828,40.14782754991938,23.91474826459298,3.185893068356978,3.185893068356978,True,100.69031937021288,7.166803638417254,0.7436926581877992,0.046370221222346804,-0.04045446725840301,0.005934723116932735,-1,,0
584,0.07749249366106294,0.03419374397661914,0.38900086599604844,0.07821655345137525,0.0005180923637296335,0.42057825055116443,30.315123764268975,25.965899658156406,1.8172589921050333,1.8172589921050333,True,31.443326781166633,7.271188426872802,0.34922541314240024,0.04825569354659384,-0.005764044581979323,-0.0032536425844726974,-1,,0
585,0.4206490773032258,0.09602644558547599,0.05250279668963601,0.29524545119653395,0.018967655685347147,0.11660857353978113,35.09397249665282,18.410433320600916,2.6226336203193137,2.6226336203193137,True,64.42065373048423,7.235589948271796,0.7156754620061994,0.043105404541795095,0.04337884937926742,-0.004371832973806011,-1,,0
586,0.18178411446792467,0.004672691013521507,0.07745137219137821,0.15214879762800446,0.19758816486464129,0.38635485983453,30.79782007872226,12.493330456558732,5.628673053959319,5.628673053959319,True,3.192450507912665,6.215916241302455,3.476433223071676,0.04412036977247277,0.06895226164368638,-0.011430327885053538,-1,,2
587,0.3229952794816881,0.1511239850945454,0.006642128996158796,0.11292331380609953,0.22246515531365532,0.18385013730785274,40.3294922697679,33.72815017738948,2.902665512852413,2.902665512852413,True,100.9783209246848,7.069214019578764,0.8321773064871174,0.048804538397602966,0.0009153622443458004,-0.004647005649091188,-1,,0
588,0.32201470492748163,0.21302417150102382,0.0798488152976023,0.3644114770814175,0.01996485761944506,0.0007359735730298049,37.741680261837296,29.890551353449847,2.5186215067734206,2.5186215067734206,True,91.8346676400676,7.149805208351903,0.6412865067390924,0.04279754776102555,0.03189028109405188,0.0028744356220743203,-1,,0
589,0.5315191433221748,0.11132340409363688,0.08713109133245903,0.11921980824649026,0.0008767573854715286,0.14992979561976744,41.19389798215975,16.638946454957107,3.4512286007089976,3.4512286007089976,True,104.99578663340266,7.181819372178933,1.0777740199311616,0.0593464627747188,-0.008398848305936544,-0.007584494136267613,-1,,0
590,0.3057012936685792,0.03436896306450382,0.4546378778930171,0.16346370057394363,0.036219142789289886,0.0056090220106665275,31.362017674530755,29.203498598376672,5.086793845512026,5.086793845512026,True,13.59993856390974,6.701642874802691,2.811779497660432,0.03304568417474565,0.04781645124414352,-0.0034260077234376345,-1,,1
591,0.05657046107081133,0.31735516347724,0.20423219263118145,0.11736714922309358,0.03224287918334799,0.2722321544143257,31.776707003386043,18.958648077586794,5.012863720561447,5.012863720561447,True,15.201519533871977,6.676965338552398,2.5431708296495197,0.038833367662764136,0.0209629202919851,-0.020201402043307493,-1,,1
592,0.5748706508313943,0.035279398991594456,0.004646409145410986,0.199634322647531,0.15605171170373636,0.029517506680332914,30.207544667129387,26.078168864735154,1.6904352312790794,1.6904352312790794,True,29.189340401324365,7.069128501396275,0.5088711802684724,0.04617406481259007,-0.0015998100224851835,0.0037066738637736695,-1,,0
593,0.23230692830637503,0.008926304892800803,0.4177160989994919,0.010812763534653267,0.04479439513954252,0.28544350912713634,30.530983548260984,42.36043868795232,3.4841087613448805,3.4841087613448805,True,58.55313005019652,7.215173647253354,0.887370093921433,0.04225582183422846,0.04673909877431012,-0.008180595099020374,-1,,0
594,0.5613737572952023,0.16695923685770225,0.1012721402221595,0.07862782605183033,0.026280727544556983,0.06548631202854875,33.19855476606769,32.86437767686853,4.564938455076678,4.564938455076678,True,46.78588143212626,6.832514829698758,2.1073576047828713,0.03852897760049992,-0.023045823975457305,-0.0033785453167860116,-1,,1
595,0.22086404584633593,0.14167152016261766,0.009754291421358023,0.07307406031703301,0.31153716358946454,0.24309891866319072,39.000880901029554,14.848381101248336,5.746407811769564,5.746407811769564,True,4.061982009716492,6.449179837001702,3.363802890087507,0.052715621322293245,0.004938641292617174,-0.013850968618880355,-1,,2
596,0.25136060638654023,0.5977193652001793,0.05500527893054745,0.0555147172947739,0.018477828966371856,0.021922203221587232,28.86245920251517,28.22133232684761,3.308823089381778,3.308823089381778,True,43.81676229484611,7.2610441207013094,0.8163370695431302,0.02804719309784051,-0.0016298505026604015,0.00012035847306936073,-1,,0
597,0.02839766158917974,0.7608806613295103,0.03703034132666707,0.0867293817971664,0.008900836576126656,0.07806111738134987,28.053429058728632,22.83644780132626,5.373019400239056,5.373019400239056,True,5.060713699435341,6.433713267464512,2.9701363302493897,0.05097170439029829,-0.011183002465742872,-0.004566691775945985,-1,,2
598,0.1959989290870802,0.04026961687045223,0.10720985192390525,0.020092251762447826,0.5467450504398013,0.08968429991631327,31.87314383912399,21.321164904996166,5.962157038715213,5.962157038715213,True,1.3384334823845303,6.209876261199889,3.4812036981787577,0.03621541994313256,0.03378888942330352,-0.022921614506304103,-1,,2
599,0.32144526454731875,0.22079386196390466,0.09560085785093084,0.04615931317412081,0.2946106944222138,0.021390008041511113,36.1469185312458,37.90215079309504,3.711052987387289,3.711052987387289,True,88.01496554347041,7.16165121313719,1.153146940030984,0.03567221142330722,0.021258352328482832,-0.011946056902553279,-1,,0
600,0.579051245439122,0.0507617359554546,0.094262448910758,0.20797572295806924,0.00033172475305435155,0.06761712198354171,28.28472710448435,19.291067176450127,3.615632127689847,3.615632127689847,True,46.605738762200765,7.303338820890949,1.3637636052665927,0.043888504136937186,-0.0001533255722775276,0.00460027807086159,-1,,0
601,0.4758522139290987,0.06744306897230921,0.04251822958062435,0.2608364089187282,0.06994434393659106,0.08340573466264847,37.73321266999863,19.87088999727624,0.8436193827547911,0.8436193827547911,True,25.65051131111153,7.088877076238136,0.36072150793470736,0.04531928006458706,-0.02410058627953524,-0.006174916411189679,-1,,0
602,0.583903708761932,0.15850549643672981,0.0489390045221401,0.05541426783484243,0.14580163682924283,0.007435885615113006,38.044838561365296,31.500119901766965,2.810542251179786,2.810542251179786,True,81.30140900806906,7.230848584881174,0.4982136943913392,0.04055321314540557,0.02677982596937289,-0.01724208716744177,-1,,0
603,0.1479789829940851,0.240650502212999,0.5708007213075927,0.02650485054444204,0.006388925920109772,0.007676017020771307,35.96869552114612,28.500639929018213,4.395787138685185,4.395787138685185,True,53.670575208040944,6.840796121697122,2.1876926801706196,0.03514832534938876,0.02259178719333709,-0.014397978149046656,-1,,1
604,0.14562872439544924,0.24394313363980416,0.04382491351161162,0.006835096582299904,0.19628326898208048,0.36348486288875453,32.334170511759794,18.351250224761092,5.2279175649543586,5.2279175649543586,True,10.135530856821138,6.484861027180876,2.62053789519681,0.048945482992614545,-0.004957128184644249,-0.027588485425105662,-1,,2
605,0.484291090532102,0.09921658759461814,0.012452885007222157,0.004400770791733394,0.28642886298668657,0.1132098030876377,33.56518282027641,17.87793458812243,3.0687166669337085,3.0687166669337085,True,62.95955233436122,7.163757681741667,0.6047796940079215,0.053322115198758555,0.001306420021139603,0.01481937969344859,-1,,0
606,0.21161919676721325,0.2863974450408238,0.00863605438304396,0.3609989352453136,0.0066913755558449875,0.1256569930077604,38.27274819344623,30.1190970594029,1.802818134490769,1.802818134490769,True,62.931954846648075,7.13744771341346,0.5245437514773524,0.04825363772682293,0.02624099873154802,-0.013496992222119813,-1,,0
607,0.31525900514947564,0.019921579013891882,0.1969985005488269,0.05283823401557569,0.25565340917041024,0.15932927210181955,35.73564315699447,22.683715988605897,5.924136453256694,5.924136453256694,True,1.8466388149127229,6.150115757108838,3.4631481809689606,0.03778267218303088,0.05251317422766029,-0.0324586580407728,-1,,2
608,0.2472252350007645,0.04169983212352022,0.2221003137986149,0.2036911029416209,0.05010640374869719,0.23517711238678224,32.899486202115945,31.672030849298984,4.908750709536378,4.908750709536378,True,24.414977697533114,6.643913046388936,2.646347943504706,0.04015857986781324,0.1047029702662268,-0.005525144175019752,-1,,1
609,0.3693142106529594,0.14951070443357323,0.05100228573302049,0.09088880732549673,0.20531218245383281,0.13397180940111741,41.487318909307746,17.035902499142694,3.4201391230173623,3.4201391230173623,True,116.99648156302996,7.101003998442659,1.0569841224874998,0.05220079966810679,-0.011004983213746903,-0.0014153823911714418,-1,,0
610,0.3931183285580479,0.039366513901188276,0.0953409524857724,0.013245110168561404,0.06070730478392243,0.39822179010250747,28.722756458136786,12.398449172392969,2.5129525337460272,2.5129525337460272,True,31.37979096074457,7.277244201924364,0.4862623349371192,0.04349218471222607,-0.0020090941502553463,-0.012386758811063856,-1,,0
611,0.17540572823761996,0.06731859321582946,0.12960790560774824,0.37468122027770084,0.2263057935108663,0.02668075915023517,40.28524428857699,15.644792145127933,5.848046242389357,5.848046242389357,True,3.4122417202233937,6.233278047054027,4.1624387866301715,0.04686563911763296,-0.006879912176452351,-0.007693061410125122,-1,,2
612,0.4261883046005248,0.4104091409850066,0.04349052089093435,0.03503004722050311,0.08146804764729276,0.0034139386557383725,28.17596934603826,15.162164911631653,2.953487191818211,2.953487191818211,True,33.799857154571114,7.159720031040257,0.5534684383847832,0.033029214929907,-0.04486516162033519,0.006915219243760453,-1,,0
613,0.45354797338728636,0.020414269363217996,0.31614918754010685,0.11366893244459648,6.874860449305507e-06,0.096212762404343,39.207253186371744,41.80873456854205,5.244119321553084,5.244119321553084,True,19.419801353855824,6.505360529421537,3.0646606975411386,0.0441065962259376,0.056725384220298075,-0.006989043203264967,-1,,2
614,0.2882979485038089,0.0452972307244998,0.33769883793071503,0.15104456466184996,0.11129748663828624,0.06636393154084025,38.32308719217903,43.571005452938124,2.709121246565016,2.709121246565016,True,87.31762249041974,7.2613152280730695,0.5425243625947229,0.04572599807964768,-0.03888379255010079,0.01726210674879926,-1,,0
615,0.43374524954608235,0.3260994142806197,0.09841006816621527,0.05229071795059343,0.07472790598849569,0.014726644067993252,36.30357781496121,20.54833861674291,1.6350425405233624,1.6350425405233624,True,36.882331504136225,7.169614536048811,0.3420572653968172,0.035277431338036666,0.005121663514438109,-0.005828241525909864,-1,,0
616,0.41756974528546537,0.04368943343336522,0.12086253447018573,0.29674570345231044,0.1163127975698472,0.004819785788826084,37.84901065299871,27.831336058061993,3.0455346353374484,3.0455346353374484,True,103.69386626723632,7.180882116101959,0.9565276533864042,0.054310335496350046,-0.04686496794339875,-0.004118433028353062,-1,,0
617,0.624277559994237,0.03216364772295547,0.04461222593665096,0.2717797416333153,0.001462266967583606,0.025704557745257824,29.767684217634507,37.307696326597195,4.34692140644165,4.34692140644165,True,41.77981415415947,6.7325417492196635,2.1821344180943227,0.04345468346567625,0.055691694968129875,0.0043682311691123745,-1,,1
618,0.1882083648657264,0.02914521020989071,0.21570846462142976,0.4230533638214837,0.11779042044067366,0.026094176040795825,41.24898835576673,44.50500567270151,1.438219747224868,1.438219747224868,True,61.50177562262094,7.182277962573526,0.5023979099699519,0.05127136990155547,0.05151629190435494,0.0039840692620719785,-1,,0
619,0.5015730663867067,0.2882551401310623,0.06797287185447107,0.05039401378159746,0.05786340630440286,0.03394150154175967,32.63604754479118,19.068999974863985,0.9729598808010422,0.9729598808010422,True,15.436800050506596,7.131106170412035,0.2883993734583498,0.03721326009004606,0.01397590386580504,0.002426971228065564,-1,,0
620,0.3038398098696821,0.190459294337877,0.4014486405746183,0.06732723788174527,0.0266605588547156,0.010264458481361762,33.13642439185473,20.217307942473653,3.236102408584685,3.236102408584685,True,59.472823168197344,7.232029454132472,0.8131675350177772,0.028856010144711213,-0.00972580179791736,-0.011232918667237525,-1,,0
621,0.49338788756829766,0.11785433515691482,0.18327429497102762,0.19384223022296415,0.00785935795627136,0.0037818941245241935,38.4238688741483,18.298300535443033,1.6274921666902193,1.6274921666902193,True,50.739577095470295,7.122006913482344,0.4074282107937968,0.046794769784569444,-0.004796854996760304,0.0031099645980754782,-1,,0
622,0.4606341774636137,0.06438744362383217,0.08050559553359182,0.02291581595241951,0.0036247324254174563,0.36793223500112543,33.07125864115566,18.257868301851936,0.8940212631449882,0.8940212631449882,True,17.76862263288475,7.182382677854733,0.26116894527627305,0.044994889486038324,0.008189871529698472,0.005093534595546399,-1,,0
623,0.11728395375803506,0.05198379895348203,0.1275398418658705,0.06450881123997278,0.00886673622731653,0.629816857955323,31.56479915252848,20.024838471893602,4.386834308453135,4.386834308453135,True,54.82092176099648,6.763562680182276,1.8183772780343994,0.0489237453212561,0.034108466461210435,0.0014427548092973046,-1,,1
624,0.1952254834295966,0.3180589168200456,0.07390643334016113,0.18631633569508982,0.16024050538960763,0.06625232532549917,40.412344714028066,12.670436203189062,4.961060962091375,4.961060962091375,True,29.340671526107716,6.683713164508113,2.8017682011972567,0.05860096150020176,0.002911783487275898,0.007542639128565685,-1,,1
625,0.1135842578626876,0.16017626592605416,0.2803137640663988,0.17083284801297274,0.09089451180159,0.18419835233029672,35.71639909964375,27.811493780294562,5.366308656061452,5.366308656061452,True,9.49024156636336,6.499229445418719,3.3445285939515568,0.03601320148497861,-0.0037481555421142072,-0.002814507342992864,-1,,2
626,0.5790976963956947,0.03940025696930436,0.32704194107699003,0.03899862616967923,0.009838570473032994,0.005622908915298656,31.249339047484433,43.59647569195839,1.6681951878898182,1.6681951878898182,True,29.48900066928636,7.207423893752215,0.2861851873804145,0.03456269150363194,-0.004403519863918517,-0.011251360321655093,-1,,0
627,0.1390860109021728,0.5104006697639637,0.2104370853315969,0.05002106848838343,0.07934311706523459,0.010712048448648499,34.465264422341065,16.901706971753967,4.418514898028771,4.418514898028771,True,46.64416338095044,6.7988732632508375,1.8068518095859933,0.027949851433872734,0.0009597162144534561,-0.01176845246231911,-1,,1
628,0.30022948876435307,0.010741518141051887,0.11691366386050818,0.08986517237813765,0.19410496132069002,0.28814519553525914,28.49135210914749,16.371467417482517,0.8963419266271748,0.8963419266271748,True,13.371294655242613,7.196349687273684,0.4568380846013135,0.04411557602510769,-0.03328367762724117,-0.018962353982813214,-1,,0
629,0.2414184703382565,0.20286417464216164,0.22232617426343826,0.1708641037651274,0.06008095646631057,0.1024461205247055,39.06740801198907,34.250739037954816,5.424468229387339,5.424468229387339,True,9.838453084211165,6.394176111927797,3.135184012624541,0.041926919533770084,0.02720972112782105,0.005244924893837408,-1,,2
630,0.5836429484191351,0.12841879110406088,0.0508264092171277,0.009016076843683237,0.030857923249351014,0.19723785116664208,41.9824647897382,29.19469470127277,2.305033634805028,2.305033634805028,True,75.28985062148732,7.27538794970125,0.27598083105180504,0.06115861779784643,-0.05318127101317873,0.005032101783344627,-1,,0
631,0.7062674898646327,0.14934043200052655,0.04220038333550287,0.02182623321394572,0.046243206256688874,0.03412225532870335,32.97753592420718,16.111995198464182,5.024387908630314,5.024387908630314,True,12.968093811601726,6.608874835752329,2.4939637858463843,0.03787395663125211,0.03733386086187383,-0.02867185227141826,-1,,1
632,0.06614666509230874,0.7126207691604898,0.07469031091676173,0.04058198826421805,0.07896179740810853,0.026998469158113166,31.80688965495583,38.83959043486344,3.3558201212614334,3.3558201212614334,True,63.33446172844557,7.186220523121207,0.8727561258575798,0.027636253356494177,-0.02103945945111389,0.0052506660476111765,-1,,0
633,0.28644416899739145,0.20705800849302608,0.4244674237071889,0.06651714267769455,0.013663722334307246,0.0018495337903918086,41.98523028599444,20.99563293560266,5.676168072234036,5.676168072234036,True,5.780714124345156,6.290827635283184,3.159037436389119,0.04207067318939402,0.011119996177634862,-0.015271100422698415,-1,,2
634,0.04592225948544139,0.08448791776190656,0.12426687571303258,0.35253091469739306,0.10626231587843722,0.2865297164637893,37.9599086505043,16.709671152798773,2.9529008355704818,2.9529008355704818,True,83.57861551027281,7.0547391528456025,1.020162811437509,0.04920052130189555,-0.0017715883709192872,0.007289463621200597,-1,,0
635,0.2568799055862001,0.07542752476291324,0.2731110317731129,0.15712832593995416,0.015547689983531168,0.22190552195428842,39.11903312089209,37.89602190807449,4.849119491496019,4.849119491496019,True,43.0626543003777,6.598060777642181,2.4624396538307285,0.04711787894544758,-0.0067771218128070305,-0.02236348912613561,-1,,1
636,0.17521215257171835,0.7028015591162073,0.036156501182077194,0.03568093157039167,0.016975128288628103,0.033173727270977324,31.142567651304972,19.189878129221782,4.774729914679536,4.774729914679536,True,21.334346448672147,6.786322566444462,2.107118192961834,0.03741671219820179,0.007689804696035503,-0.006269810433499293,-1,,1
637,0.32010718551075584,0.04949995217611261,0.2596831614111527,0.057355891138188994,0.30117110123733887,0.012182708526451057,33.93950177128215,44.62950853429829,5.9276233992170475,5.9276233992170475,True,1.934120213009779,6.099334566035829,3.484943730332857,0.033321486636314505,0.003973029659832809,-0.02487047240521962,-1,,2
638,0.3602217082384547,0.015585446209064234,0.0725989593759889,0.07536110609653801,0.013787319421308739,0.4624454606586456,33.53617008824544,21.905837071919972,2.8411589717094516,2.8411589717094516,True,60.07386327565266,7.373931589489199,0.5379682440013779,0.0500150810724224,0.020390549470169283,-0.005072575972351575,-1,,0
639,0.46406021952951604,0.0019834025472569698,0.1386592853833965,0.27327679765914353,0.09788506207185463,0.02413523280883223,29.436066992562946,34.96756197826744,1.344525960235655,1.344525960235655,True,24.60567594652399,7.266521472522507,0.6335572576991617,0.04038846269781941,-0.012955998712656305,-0.010983460428010546,-1,,0
640,0.27971286297587034,0.4695691763195199,0.16684680609287839,0.013729325115366018,0.007955561790547554,0.06218626770581789,37.85391693334396,19.870212530501085,4.180057192514833,4.180057192514833,True,77.76202522533183,6.953107684098431,1.6504128401253908,0.05031252208290315,0.06383836639822209,0.005185892010313824,-1,,1
641,0.4080698689561665,0.3443584431415392,0.12475223622002958,0.06523935467716327,0.03937017116576218,0.018209925839339492,41.99407468345695,36.66667748311262,3.6301247645404526,3.6301247645404526,True,129.9527374795007,7.181684989948374,1.1361482478104352,0.045981954608547856,0.0025507761776676816,-0.005184793769238096,-1,,0
642,0.41862077442182427,0.23005315419074043,0.006459892356245899,0.044450483085003996,0.17546245904525248,0.12495323690093295,41.479516205814384,12.495727770523098,1.6152758789635797,1.6152758789635797,True,51.096085501426806,7.277535449543471,0.43688205844471245,0.05335784678250628,0.008574885486992498,-0.004579415696219303,-1,,0
643,0.15959671847151655,0.03552775833878514,0.4151960746356023,0.30188689304545896,0.00746911778967116,0.08032343771896588,29.64698274769231,41.63818376159179,2.3275554885855083,2.3275554885855083,True,44.93495614180497,7.081013226873356,0.5507831312361868,0.046858960385643716,0.00380294143822881,-0.01610583841509343,-1,,0
644,0.3152350477229879,0.12307191960666007,0.2377692744127982,0.14728476594710074,0.1328301223057778,0.04380887000467547,34.92747588439121,32.00811169750722,1.593149145353317,1.593149145353317,True,42.2904870958971,7.179795667350817,0.3937691353454043,0.04402426086181978,0.0101995743795506,-0.011737214289643421,-1,,0
645,0.1968931415844461,0.32362173625665064,0.06526397794356437,0.19590838208697806,0.2145834938671334,0.003729268261227511,39.762360287598895,38.92451667750605,5.5803790743042905,5.5803790743042905,True,7.433547266089542,6.499708471200545,3.3799488212964897,0.0433238675776732,-0.0031375448087624,-0.014363491643300544,-1,,2
646,0.47850506849913566,0.057884451891840605,0.22649723481079131,0.07825399481481995,0.003822778427320843,0.15503647155609154,39.86639715409558,25.152262260385545,5.964120246693724,5.964120246693724,True,2.26058596580795,6.397499680582785,3.6338218130901447,0.04878938609544203,0.04662788108025261,-0.009660857614196652,-1,,2
647,0.295399858861622,0.1472968412584219,0.23240685770423603,0.1080405682819196,0.005139069517728571,0.21171680437607193,36.39606696071893,20.68256531150611,0.8904598525067735,0.8904598525067735,True,24.05747230435093,7.259896893121867,0.3302806146138015,0.047348640916334755,-0.017230467589325886,-0.016242046030808723,-1,,0
648,0.29371827527558575,0.2043184563572919,0.20954678045554426,0.02050318825235819,0.12089768386694398,0.15101561579227613,39.68120343820615,39.41150641357491,5.01653812615028,5.01653812615028,True,27.079690551374853,6.595278476585365,2.3898426072634895,0.049064325484136195,0.03012019585573205,0.014801815882723661,-1,,1
649,0.20215417110908365,0.23877640938451963,0.4402410058489519,0.013087302708041633,0.0870161277379151,0.01872498321148818,38.193109191677664,15.784105298949187,1.3425221753120296,1.3425221753120296,True,27.782376583189922,7.097829305771121,0.3639692699531322,0.03872023354943932,0.006015117526285218,0.019652656351874093,-1,,0
650,0.44003527164805956,0.03378325767329377,0.03212937524530967,0.19417960536702214,0.03842096130208977,0.26145152876422506,39.07914932191822,37.92526884994909,2.805497972567675,2.805497972567675,True,93.1030851714349,7.20483277635609,0.6708216786391369,0.05523403084175034,0.031018025879373603,0.008617710779830704,-1,,0
651,0.35109168808277974,0.048145118696809416,0.17101019525566,0.26285240353790434,0.0005870238635662575,0.16631357056328028,37.48576077173027,44.60157621359869,1.2443115335861346,1.2443115335861346,True,32.35159426299031,7.402021757459132,0.49878622591561933,0.04936630499447942,0.027154171136819116,-0.00026669498857073557,-1,,0
652,0.4881009508082225,0.10418164153924239,0.2071910102129317,0.027264755283541497,0.0001426002028511277,0.17311904195321076,37.1516445968175,34.27097517567193,2.5881028328210633,2.5881028328210633,True,70.61542950204543,7.035160931804983,0.378620072315463,0.04161034632475104,0.025671400891284803,-0.0037523578167427724,-1,,0
653,0.6032748562896906,0.04536803780068649,0.07601605744839994,0.19483016258563374,0.0440887104821448,0.03642217539344428,41.20009203536863,16.162496568481238,3.3304491434985186,3.3304491434985186,True,120.08833555860402,7.029517489201842,1.0539476480930823,0.055316234716757916,-0.006951149776026696,-0.019713051033733452,-1,,0
654,0.1586760164344143,0.14888633112513258,0.27115729486554996,0.09166044528892245,0.11356905459632242,0.21605085768965832,32.07966509283739,31.935112180057345,4.5502290895472575,4.5502290895472575,True,39.24287175441845,6.756595064811283,2.030883357953693,0.04157032900921523,0.014441087248135196,-0.01779532677142437,-1,,1
655,0.2864674858307257,0.30441310163684515,0.015949007322495868,0.342373539385653,0.030750358162227275,0.020046507662053105,36.21622561446958,34.22278828283405,5.890445891441775,5.890445891441775,True,2.3453015835742534,6.194924865037643,4.196858334073657,0.03907690409580469,0.11755808858728983,-0.012037968859356755,-1,,2
656,0.4086250814492385,0.10661412526076021,0.019353799555959148,0.3226649796660996,0.04095940969764369,0.10178260437029894,40.054765530759354,13.294379543384172,0.9123159396292138,0.9123159396292138,True,27.898688058416603,7.149359879596418,0.44453069507443743,0.06691826283107277,-0.014891759759463991,0.005373000548153617,-1,,0
657,0.5178280122036802,0.10759403549412515,0.049138259887299605,0.22566606693443547,0.0004550382855366785,0.09931858719492298,37.18361732786099,22.09447650823862,4.786303749044114,4.786303749044114,True,43.790019809548824,6.7018635554205,2.5508523857597516,0.04475477110966143,0.0001305447173187528,-0.01615677369615111,-1,,1
658,0.18115161862675613,0.16975474795113638,0.0875481505881713,0.4541213477391288,0.10717184072940142,0.00025229436540595015,34.49488073195097,35.6820282076191,2.979444198976604,2.979444198976604,True,83.23643343179833,7.188897525488853,1.2584477947822883,0.03791533232535117,0.05174952094537193,-0.013591512676690915,-1,,0
659,0.5464986370434315,0.1368303917256178,0.010951025166626691,0.3051721922925438,1.5883955551012193e-07,0.0005475949322246735,32.893861483824736,23.52264571125361,3.349112545272959,3.349112545272959,True,74.13690095265923,7.263523219090726,1.2748646177748273,0.043618072506691336,0.004748821088787703,0.0022248696539534834,-1,,0
660,0.19796916485410543,0.5867579401647511,0.09677618058665868,0.019017522883140136,0.020956489260394957,0.07852270225094968,32.632792527733876,30.503966815731875,5.083566621633747,5.083566621633747,True,16.05953503708259,6.442419964930816,2.559611799308438,0.0315178344094049,0.015524085657996848,-0.006750215278652997,-1,,2
661,0.3888506662989087,0.2882238899491111,0.19263997037487196,0.01693167399879812,0.028809175873372377,0.0845446235049375,33.462166706916896,19.23866530559765,2.9853335068497966,2.9853335068497966,True,49.65929687762738,7.15344056846134,0.6645297029985052,0.03634427342337509,-0.022594647657565962,0.0045744554220619425,-1,,0
662,0.17959375485094708,0.01298488419047668,0.1331883651863419,0.5274693460553731,0.11443557336036209,0.0323280763564992,29.687305252369143,19.55435707796301,4.988265663878963,4.988265663878963,True,17.63513351728136,6.629372999540223,3.6769652071059706,0.04138087233798515,0.03829958867359699,-0.018416349800667798,-1,,2
663,0.11747750506924999,0.06410756340071137,0.17291064544012547,0.1685732287948788,0.08258327197735277,0.3943477853176817,37.5275090494661,36.74560841321118,3.2321041257897765,3.2321041257897765,True,105.57973742425222,7.279898983929001,1.0500218855972245,0.05213965577372104,-0.008411089500311497,-0.012735933183472284,-1,,0
664,0.45086771833225014,0.3010996467689871,0.005158464432478644,0.013270918870917492,0.18984595577960822,0.03975729581575832,31.37728237873891,26.9099100433898,1.8921503284207992,1.8921503284207992,True,32.39583458339658,7.1913843644617845,0.3514556623967795,0.034795416156151664,-0.06266760826708502,-0.008918547636189442,-1,,0
665,0.014965175384846013,0.01794368499530923,0.13542937723658469,0.2904670490406575,0.41969794494311546,0.12149676839948712,32.856856834294746,13.931866890613524,4.959486386250259,4.959486386250259,True,18.9421003688334,6.552419783405988,2.8803579913277964,0.043463196109882446,0.016955270365807937,0.003925934503494824,-1,,1
666,0.37909520902279625,0.057905571837502376,0.44301065067042394,0.07927198428660996,0.0018002018797686474,0.03891638230289876,40.43159369151833,18.93866031359039,2.3126280073490237,2.3126280073490237,True,78.78519845993911,7.184112270353409,0.33931001943029887,0.04305287975452056,-0.031126966267278407,0.00759658216395844,-1,,0
667,0.11321487393285595,0.01936975626644429,0.19691803866181842,0.45749497113910065,0.19411788238249614,0.01888447761728458,41.3130742805047,19.61540914563888,5.065523877182783,5.065523877182783,True,31.406422778324824,6.479106481744561,3.4653423479798096,0.04918169213332294,0.025455463275295687,0.0017513277533362914,-1,,2
668,0.26999782118027255,0.24586787589033093,0.06668537903691538,0.025989598614602802,0.04707492476455671,0.34438440051332153,32.51767762730202,35.025253589697954,3.4972756564999186,3.4972756564999186,True,71.45547563302206,7.294200453530394,1.0218835861930036,0.04093702999378525,0.013730825646160544,-0.011544578840076562,-1,,0
669,0.028212415196657393,0.00947707121686471,0.14733253675737198,0.29952097891719887,0.06257829636397347,0.4528787015479334,36.667965740481854,27.197439545565693,4.81089790102681,4.81089790102681,True,41.424739512567804,6.623530118461431,2.732635976158071,0.06367999940273406,0.001137244092236915,-0.002992566168272906,-1,,1
670,0.1931717454906198,0.1028578573414759,0.2517523347903245,0.019416731984585763,0.3952165905605488,0.037584739832445355,35.45973142798404,31.557527286405197,5.17823798326708,5.17823798326708,True,14.857943513688438,6.483927833874429,2.7217897025982074,0.03140851520399671,0.05439204847698587,-0.014001946835395006,-1,,2
671,0.3722937279177171,0.010096753519062399,0.3081820936412562,0.24894972980359828,0.010163792838741869,0.050313902279624144,32.1149977820997,19.79853073941701,4.8375833360619485,4.8375833360619485,True,25.51637705653631,6.748124597631957,2.625244259315513,0.03583578731536584,0.01137743481897927,-0.00010521547139010195,-1,,1
672,0.1274733175593497,0.40756048173388737,0.29726760187445755,0.015367515652241403,0.020609975989768593,0.13172110719029534,29.0588599939454,33.314184131476665,5.170394123607054,5.170394123607054,True,9.485791317030136,6.5241934265294015,2.4798529912965077,0.02872953621669071,0.018398711208449308,-0.019621951744306296,-1,,1
673,0.12394381744255203,0.024637566547396413,0.2706105999793111,0.3538565567270887,0.1831502506126987,0.043801208690953164,36.002927302104666,32.57717127961836,4.711346492073981,4.711346492073981,True,48.123357448564846,6.682375638698135,2.9304727615454214,0.03910617225753714,0.031445901720150944,-0.017166400847895936,-1,,1
674,0.6339850827858372,0.06405147397179999,0.12833413681893505,0.12914236420306213,0.04446744807177984,1.9494148585788174e-05,39.281841545036166,19.985646973803146,3.5895567157775785,3.5895567157775785,True,99.08876838034175,7.219813415729668,1.3329331735349226,0.058640986122784886,-0.011158259149848457,-0.017168668927216114,-1,,0
675,0.469816704271608,0.25979400686294557,0.04139797566696596,0.08772129423409894,0.13666432593941807,0.004605693024963404,31.440002140869876,42.087706128127834,5.893368545137048,5.893368545137048,True,1.6043344245494755,6.193311988203903,3.5396147257023416,0.03390089146047646,0.06772765162695243,-0.004163911928434836,-1,,2
676,0.2590519430797255,0.24829833008125843,0.2178517134365419,0.052111767544162906,0.17670669855998938,0.04597954729832183,37.54440308810229,20.17641128295025,3.4295911696361214,3.4295911696361214,True,99.02668821082511,7.207488845383801,0.9070318637199,0.038381887093810296,0.004090087836362312,0.023972580687436122,-1,,0
677,0.6891334794131955,0.10550103936387159,0.03837670782050886,0.15066790982703362,0.005265562387630817,0.011055301187759482,29.55233808057448,24.621854421634836,2.7224668372650775,2.7224668372650775,True,39.01997166953808,7.145273843407515,0.6129068278549037,0.04497313183310858,0.03671953273302567,0.00389500676524019,-1,,0
678,0.5460571800246121,0.12314219442994463,0.03635285610656563,0.15650777412288788,0.10018761194198643,0.0377523833740033,29.58149135896359,13.748813308905069,2.8791152550139083,2.8791152550139083,True,35.16231082679224,7.335189194043341,0.7087265382627741,0.0395133887269397,-0.03333225596087469,-0.013634140885111197,-1,,0
679,0.20329712512669101,0.31676912113483763,0.13050057561625383,0.17895386364190247,0.11422666668138666,0.05625264779892852,29.75247937279708,25.88760704295464,3.9454741060707184,3.9454741060707184,True,58.82640138058808,7.016105402382829,1.6391227351426059,0.03826443575686475,0.0038081241415796226,-0.01276425633555197,-1,,1
680,0.23280083999587464,0.09787333598977656,0.0586374525916096,0.370097672287164,0.04521432416840726,0.19537637496716795,30.621200657576033,42.95322567065861,5.108313594458054,5.108313594458054,True,15.010280072117558,6.552504881196463,3.562453116721606,0.05256551363725162,0.02961617110682101,0.006273355138992446,-1,,2
681,0.1110848200018618,0.05546862647574618,0.08211218109794677,0.5694145508167572,0.031216209222170624,0.1507036123855174,37.44529428907622,34.43028252356933,4.7899979825546275,4.7899979825546275,True,49.673205327960055,6.751354378845958,3.2994622487005447,0.049683737791025355,0.029957299702529132,-0.011169337112204532,-1,,2
682,0.50169084869514,0.08690800039764224,0.05154768010376322,0.23284888850716903,0.09350544248013615,0.033499139816149257,36.89476183035722,35.649265410839504,5.033615934147664,5.033615934147664,True,27.780353277792393,6.484848011976351,2.836928680665775,0.046427882483450124,0.0553785277758891,-0.012370248712961529,-1,,2
683,0.38044040684189806,0.09247714592683198,0.40682319713608583,0.011515992347950792,0.017116382194342708,0.09162687555289056,28.384607024038885,41.70726805938424,3.0685669139299003,3.0685669139299003,True,38.415202231409545,7.224400327014403,0.6503263976451911,0.04043521227763628,-0.015208558888395552,0.00650191725222631,-1,,0
684,0.13983643401938908,0.25609142347262537,0.010930822483380976,0.42816599630349655,0.012160300809451192,0.15281502291165686,33.41413046459999,29.551410136576013,2.634766943213559,2.634766943213559,True,68.60109459592871,7.257628798125129,0.8702159270698622,0.044286893380394106,0.013980264432742053,0.01052796723183315,-1,,0
685,0.27661246858818156,0.30106078178755424,0.07416064825677912,0.016650513960528242,0.19529545338508794,0.13622013402186892,35.92432405727156,25.009445604751768,4.532660074521624,4.532660074521624,True,55.33824563355928,6.8494947702954665,2.0800559598214914,0.044876506470290636,0.015580000467371137,-0.009800557021156824,-1,,1
686,0.459162151072006,0.024216175517200157,0.02911098300986233,0.11606563720428782,0.005662992069002764,0.365782061127641,31.61720504516151,29.21033805645122,1.401168386882372,1.401168386882372,True,27.161903758576113,7.230664557573522,0.515554098262706,0.0516677634160449,-0.016311708602338583,0.0036488324690612706,-1,,0
687,0.2934766987102536,0.014107979631499177,0.33279828884997575,0.19759102982681812,0.1487981548669834,0.01322784811447006,33.67802158615294,15.958550698697575,1.5354061297094947,1.5354061297094947,True,28.97645387066545,7.228288238462252,0.40364740114792613,0.03385778865194426,-0.001987753135054448,0.01126278838634483,-1,,0
688,0.08962370801695844,0.3735647091116732,0.1751881554042473,0.13055226070507872,0.14141072893511344,0.08966043782692891,29.574718654062224,34.46925164735177,1.3024687592530135,1.3024687592530135,True,23.8569957259983,7.037565320253025,0.38851793899040893,0.03300481614667786,-0.01490935687798055,-0.003859808218195729,-1,,0
689,0.17459093936804035,0.26388485072445395,0.19795097462288824,0.16609461536236622,0.01614162570447097,0.18133699421778032,31.354694386661112,44.28599581532051,2.608821568860698,2.608821568860698,True,52.65124143949179,7.182708079356929,0.5520722623099227,0.051489403359325406,0.026378468436901798,0.007952756704814842,-1,,0
690,0.23323957833952444,0.06343210763214385,0.24050184543591868,0.27512923951636803,0.009889448890434041,0.1778077801856109,32.56908830936501,44.256733965292476,3.4545709744255877,3.4545709744255877,True,81.00725761051018,7.185183009662845,1.5470453036251515,0.04102574858971267,-0.01875050039853295,0.014401738629474749,-1,,1
691,0.5611192679223571,0.07921735615048854,0.19465898755717248,0.08149665575630961,0.0009653105819536046,0.08254242203171866,39.53396931041638,37.78153762077366,5.579612345021846,5.579612345021846,True,6.924882086066716,6.351371501176472,3.29427249996954,0.04971787414850158,0.037819173614814496,0.008312215621853903,-1,,2
692,0.24215859575654136,0.5755465121664073,0.05073084408550448,0.05051596084474494,0.07385539106762674,0.007192696079175323,34.93559246243981,43.42299086923929,1.8778011581702865,1.8778011581702865,True,45.84748962290739,7.208361945011625,0.33514247047689505,0.03561332994482837,-0.018241412452784805,0.017186146302547795,-1,,0
693,0.5604790730025736,0.08213636242522732,0.12045580523552103,0.05712174463452761,0.11245244642190154,0.06735456828024894,36.50878810544588,37.95083633274899,3.1645980844043375,3.1645980844043375,True,83.89173534117789,7.272045106834791,0.7790207494819723,0.03948106122440626,0.008309906337096254,-0.012286013658037463,-1,,0
694,0.17448213033065346,0.3586973959218683,0.2982241196780475,0.097375717060537,0.05546294347005851,0.015757693538835042,36.209221435134396,23.94811659994987,5.755765606962247,5.755765606962247,True,3.570551861972831,6.379632548361635,3.3802772264722836,0.03381413507719716,0.026527644329466717,-0.008786016949359307,-1,,2
695,0.030681047421901475,0.48166417589505417,0.004263386733456946,0.28798157248377687,0.10027585234609258,0.09513396511971804,38.94848570057067,37.763389017354996,5.196535683688942,5.196535683688942,True,19.68721676050977,6.51701937076994,3.2816102869374166,0.04594815401620253,0.029095201111930355,-0.008726131374015681,-1,,2
696,0.26140063421786003,0.2043485582633511,0.2911351545605221,0.15319752966679157,0.07850332843748803,0.011414794853987222,38.67342172818243,13.591566993158102,2.957697346114906,2.957697346114906,True,81.34975947372786,7.160347324743528,0.7522028716371882,0.041873668316230954,0.024000823793882783,0.00400643201747093,-1,,0
697,0.38526474083003337,0.16841296400415176,0.17210695621738611,0.012021797196498521,0.20427946136279374,0.05791408038913659,32.35199498611905,13.624462845868958,1.4576762494425959,1.4576762494425959,True,24.75067033883901,7.235670126154893,0.35384819737388706,0.045704437418142264,0.052850445636664384,0.011191748833343094,-1,,0
698,0.20342135852733434,0.02954762147205802,0.21752582231490628,0.22262148843951862,0.22640043880227573,0.10048327044390692,35.08079283336029,37.88585365404465,2.146781005317247,2.146781005317247,True,63.326065508189345,7.2453090962198665,0.5256691806775262,0.03910413604431072,0.03359333381634561,0.008684477947900358,-1,,0
699,0.5549981837066171,0.09615206920907421,0.2853310614010264,0.0037094913212805613,0.056032129781271436,0.0037770645807301047,39.0550788335747,17.77917316138341,2.9820498160814397,2.9820498160814397,True,66.23734219579022,7.30229835718787,0.5192223273179485,0.04112252962627062,0.014800165666618318,0.0034340185824407988,-1,,0
700,0.36035519466736,0.0023107041675273577,0.3018302209086808,0.15422745226995632,0.0959309672658613,0.08534546072061425,29.65204403191999,19.091178411334635,2.378499996915952,2.378499996915952,True,33.0409796066521,7.175977268836566,0.5660120448184561,0.036401533425579745,0.021586499888115566,-0.011003969417938976,-1,,0
701,0.24786968869570553,0.1029251638986706,0.23157576793712253,0.014180998032957325,0.17448550087310655,0.22896288056243738,40.238118170375024,33.0013862638926,1.3362986996168926,1.3362986996168926,True,44.828331385737094,7.3264756287188755,0.28901526831285373,0.05977922382854893,0.008947929053140471,0.009886951096286015,-1,,0
702,0.40578748536208437,0.08663463604705825,0.22412364287928804,0.028198668864266578,0.21064570947379907,0.04460985737350386,33.37914291542439,15.564434105284445,3.0152757544934294,3.0152757544934294,True,53.30823797158782,7.09974872554165,0.7256119198030193,0.03623647039530989,-0.04688711781660592,-0.007204188936162086,-1,,0
703,0.6098572981369715,0.030010675049086125,0.010593366138654782,0.27571214824241996,0.0620019016671641,0.01182461076570368,29.071245804841052,30.90043195455824,5.298430555657045,5.298430555657045,True,8.983089324014431,6.449227488278264,3.282319229706056,0.04347826603183087,0.0012168954077056982,-0.010882755141731721,-1,,2
704,0.2873423964482395,0.01885095592463371,0.3688757883420551,0.09544445916151388,0.00734843873420308,0.22213796138935482,33.49407108702938,36.344002166338065,2.366601790260598,2.366601790260598,True,51.70264762753064,7.114334344153039,0.452112653583054,0.04111402159651544,-0.01765679167703309,-0.0051182617338166,-1,,0
705,0.07963410692878846,0.5312617920394929,0.12570141017847666,0.1939414406732952,0.025061634458087435,0.04439961572185942,37.471024300854474,22.18630835787089,5.577291538403032,5.577291538403032,True,5.691077087227909,6.33710142237384,3.367285073836969,0.035535216704982386,0.023178045941103016,-0.010098835876353615,-1,,2
706,0.5709140378859481,0.0957775063567149,0.18168808987423476,0.07127764651464423,0.023947456016697007,0.05639526335176114,37.2969209085353,36.534683394421435,3.903129645930105,3.903129645930105,True,95.94671837577496,6.9690922065035865,1.4321323044142944,0.041003301996899,0.0031294520104756824,0.0034139508621378414,-1,,0
707,0.15187119242385108,0.29254850141760336,0.2387316469864247,0.15445624080130005,0.06535090106029305,0.09704151731052771,29.581249441331043,40.75298530095034,1.2577826944502373,1.2577826944502373,True,20.614403550204262,7.181850673043165,0.362328776877468,0.03224806692717213,0.05999630440658358,0.006440871773347792,-1,,0
708,0.6786948053125232,0.1526345000962695,0.12802660937779944,0.005499276413621821,0.020097314165292413,0.015047494634493648,34.81635797383527,31.802495065719366,5.615757979571568,5.615757979571568,True,3.864141716051547,6.317429756826689,3.037614422535303,0.04231192489372565,-0.010576812264595128,-0.015456271573324416,-1,,2
709,0.40171053150040764,0.06319473625789772,0.09236036047652099,0.1297345256554344,0.07304312782308099,0.23995671828665824,41.07059165038679,42.71889339690982,1.021990864007074,1.021990864007074,True,38.25256911225644,7.054201297557602,0.31910220448361193,0.06131600717573167,0.043932397402455886,-0.0013825344015723116,-1,,0
710,0.4105043284469288,0.1718801912199072,0.11268689308419835,0.090551720559518,0.0035033989024084848,0.2108734677870392,38.05226914823013,39.26146444406082,2.3129915807620467,2.3129915807620467,True,70.65623647375827,7.293101982238583,0.45059446806531683,0.0515222690008582,-0.010573473962328902,0.00033785151392139455,-1,,0
711,0.37639402021237034,0.13445319836620348,0.22763910459981732,0.03550043029780319,0.012481545975261039,0.21353170054854456,31.079626818035916,34.89332084293265,5.061642836835568,5.061642836835568,True,14.493209300779494,6.571994918325409,2.520246091880594,0.04258802439442953,0.060333681643133845,-0.0060344692253735815,-1,,1
712,0.07841095149289254,0.6198073631209623,0.23373970503679795,0.009076044899751879,0.04118213607530553,0.01778379937428992,30.51732967772756,43.26426092898133,2.0071298628448133,2.0071298628448133,True,33.89541779979348,7.160725016814665,0.29300787277325696,0.02815377545152767,0.0018338632054651404,-0.0020014235238538006,-1,,0
713,0.07473912999659346,0.13576494225189148,0.07100855332224838,0.4548046777604973,0.2604555557364508,0.0032271409323184758,31.597952093083965,29.42625333349693,1.973462451981613,1.973462451981613,True,48.19126106521729,7.167828360817098,0.6481757691951764,0.044094888768902524,0.028497484279184644,0.007231321587651363,-1,,0
714,0.7200914122498507,0.0994618444160798,0.04494402804395509,0.026498777484531354,0.0533984462942988,0.05560549151128419,34.36737030157478,15.817699244436774,2.557965964541302,2.557965964541302,True,49.41176359124291,7.121917468712989,0.39270200970035135,0.04778490831233579,0.011776999875729194,-0.001498996528742819,-1,,0
715,0.2461280372261742,0.10109495324481034,0.3393465126020033,0.25491127962807975,0.00014472600455979438,0.05837449129437243,29.855614713576646,28.247277384633666,3.758339336550998,3.758339336550998,True,62.94785021084952,7.0679264941611555,1.5355884538808078,0.05368554705703432,0.006517473965575995,-0.0025328021785436636,-1,,1
716,0.1690732275597033,0.14771863979549077,0.2465456110149068,0.24700805788166533,0.1329647035934547,0.05668976015477905,30.355039322542655,37.726718860761565,5.589908567085095,5.589908567085095,True,3.9828888711630923,6.394625555287889,3.585728247976987,0.034958919511507584,-0.006830854889815628,-0.004758942497768009,-1,,2
717,0.3283565253351692,0.38648178285505064,0.004510864954600027,0.16917582973154455,0.09677746780487541,0.014697529318760139,41.008948768567656,24.8620372044551,4.713072876801255,4.713072876801255,True,52.18905480122326,6.632622138717987,2.337826622684119,0.044466297007892626,0.005704353178853724,-0.012784792662733264,-1,,1
718,0.8448501074262681,0.0010596638872956568,0.07308920626380827,0.06782098130412462,0.00820091630543003,0.004979124813073321,32.781493775543076,23.634030322904998,2.234085971721512,2.234085971721512,True,37.54006555634489,7.228510941449787,0.3265122563606718,0.04335598606943689,0.03789634650376064,-0.011765431096557746,-1,,0
719,0.20835877329520658,0.020685001775554997,0.03867973556385493,0.3955587112716737,0.19542590318484385,0.1412918749088661,32.079039570800525,41.97745824763892,3.263388388816584,3.263388388816584,True,89.02881331796301,7.239650542798343,1.3652713071337688,0.04953015169020474,0.0039001818964987723,0.009556576609021872,-1,,0
720,0.10880745074300584,0.011984910370297941,0.6302771750922721,0.0244324217605947,0.22294137622202695,0.0015566658118026074,40.45050592870941,28.27563546995279,5.548642526566782,5.548642526566782,True,6.556820907508283,6.346611057769398,3.1982118136130326,0.05295919602946972,0.039618408355833516,-0.015251345733333324,-1,,2
721,0.15003937515930513,0.043893357632851106,0.584350916670605,0.04214926304022389,0.0032527791882280437,0.1763143083087868,39.450415209751114,41.93267222866464,1.927040872235402,1.927040872235402,True,65.02116256558251,7.286723445258538,0.36927689977592404,0.04345493688446139,-0.021756534450217534,-0.01516729254714834,-1,,0
722,0.4834847377931771,0.09295681312577843,0.03627586299917155,0.14549033917289989,0.15135872437997153,0.0904335225290015,31.042194445244093,26.975658455970738,4.714794002462342,4.714794002462342,True,28.94505626954381,6.674873749579432,2.3303820757883495,0.04142256747583313,0.01625235640089195,-0.021137960615966133,-1,,1
723,0.19764234426641278,0.20849249467856582,0.09889209102629447,0.08584586291290112,0.3056885099469538,0.10343869716887218,36.72906492113315,30.6306569118067,3.444949208690444,3.444949208690444,True,94.08614797105966,7.197705988593779,1.1156441535498685,0.04023752082032887,-0.002600227186607733,-0.014097557732462365,-1,,0
724,0.5647670582766925,0.11181125268757307,0.07391733785708728,0.06121037773871556,0.04125862034381018,0.14703535309612137,32.179758584481554,44.85088383811773,2.361173960145678,2.361173960145678,True,39.892816425463785,7.1211178385322755,0.3491362841838942,0.0398318205920222,-0.011058895986231687,0.0020508755738356975,-1,,0
725,0.44136333780920534,0.018201416431457403,0.036676053047840565,0.01822237400066056,0.06674454793686475,0.41879227077397146,38.3943584023536,19.845442913112706,1.0544478623669318,1.0544478623669318,True,31.59887398893218,7.148037622724637,0.2719163394535846,0.05295829695378496,0.05143791343999964,0.0005138688805510491,-1,,0
726,0.2519074157500454,0.30516866856004504,0.03087814367646212,0.3353788726479405,0.009993985902921833,0.06667291346258504,33.20170630926045,13.215409807886251,3.184057680357295,3.184057680357295,True,60.19575557097667,7.153342862569085,1.1261160798339929,0.046835665041346924,-0.013786131067202192,0.0010106430938853436,-1,,0
727,0.17653215246483744,0.037839034218472616,0.5203124075409482,0.057915402682447846,0.020538343190389035,0.18686265990290485,40.72961491923009,20.923403350951318,5.089568850817475,5.089568850817475,True,25.818450028881955,6.712171506479915,2.5496951002004846,0.04813599250116174,0.010992987119908471,-0.017646786305560654,-1,,1
728,0.39758444226631573,0.05809386573330278,0.03377535894263084,0.025629825575567478,0.2788581834431779,0.2060583240390052,38.46950834668296,32.70414311434503,3.138826654504781,3.138826654504781,True,100.46726197730653,7.295314748141903,0.775496878878934,0.04628717253696296,-0.011939215764256403,-0.0010276406944027768,-1,,0
729,0.3509320387070522,0.12129298371714752,0.165343443876346,0.32773948018674504,0.0025662226974610793,0.03212583081524821,28.399385582777025,43.66763233215552,1.7492047577571288,1.7492047577571288,True,24.831087264856805,7.168075054204191,0.5112507751331494,0.042035582052533396,-0.015188509715995604,-0.001864798356654631,-1,,0
730,0.7726087991318175,0.023988801114026837,0.01495274450197805,0.059663719979628126,0.09551253262225107,0.03327340265029872,36.232925455896925,12.43882123569899,2.699142741191973,2.699142741191973,True,58.1909987143442,7.1026892633741845,0.4889709046607,0.05277851892447231,0.02751632542413331,0.005076339697610546,-1,,0
731,0.15900310454572256,0.1242008157041674,0.0465655362630823,0.1971443563204213,0.4018738417648839,0.07121234540172271,39.35721868443903,26.046933441537583,4.722262654285273,4.722262654285273,True,51.84821378000122,6.703902596605404,2.5657879795539795,0.05189291428953939,-0.025763622126927625,-0.011562779294690535,-1,,1
732,0.654913571602446,0.11656454338514063,0.12523286866603645,0.02761488425455016,0.02720281649299335,0.04847131559883336,38.069085705182715,35.66421097714091,0.9461835658069178,0.9461835658069178,True,28.574620552915434,7.117015438947333,0.40629596459642925,0.04645093409709304,-0.009692786615652859,-0.00838423894138094,-1,,0
733,0.4181616972496987,0.01165334905513387,0.09255752672581573,0.18842544072873896,0.05325123082691944,0.2359507554136934,34.41599913061985,41.967845697535054,0.9439769799154626,0.9439769799154626,True,23.614771915619972,7.147918162044406,0.33704844101375686,0.05090452568166943,0.0009952682885604265,-0.025696444692785106,-1,,0
734,0.3352162145506219,0.39538172917294,0.025092274442668837,0.10115227934923106,0.08453349239270391,0.058624010091834364,29.65373731786264,22.995347790538876,0.9988315000245385,0.9988315000245385,True,16.6877361549444,7.125225467251243,0.3108308307353484,0.032780831730075115,-0.06507203205019545,-0.01716904335530003,-1,,0
735,0.3772207793792901,0.18494128006729,0.20353661606863283,0.060032263176630025,0.14414895441060957,0.03012010689754753,39.60457071547849,25.614022596605086,5.3612407438479455,5.3612407438479455,True,10.459249879864975,6.482029016559774,2.8439820780754483,0.0421035546103922,0.0810024733367487,0.001434529311235373,-1,,2
736,0.241477060314459,0.08654933613218879,0.10515916427545771,0.24703825064395618,0.04592088723825792,0.2738553013956804,29.342191853963545,24.613821394729623,4.74170975470401,4.74170975470401,True,30.525663870631487,6.786954508374702,2.590023706543043,0.042273262058491745,-0.03200854832262015,-0.006402804647155917,-1,,1
737,0.5129968444749669,0.09669398010432771,0.10379221388442139,0.24307876981740065,0.04160881219210481,0.0018293795267784235,33.56570685489273,14.271649094140397,4.028424624027974,4.028424624027974,True,59.1940801924936,7.071010659551967,1.9310661318675917,0.03662918141026774,-0.003353750022062063,-0.014943113106013565,-1,,1
738,0.5945937702271278,0.07429308507518978,0.11586994436100082,0.11007767830172831,0.03572043143236097,0.06944509060259234,30.0631273795154,21.005990879871575,5.80545932714822,5.80545932714822,True,1.548072115550405,6.214285662712965,3.4556545525998508,0.03990218324118264,0.06450276663745036,-0.019854261020174874,-1,,2
739,0.3137780329507239,0.16502129582667077,0.17105647400984544,0.24940344484425425,0.00030259177781235516,0.10043816059069344,35.17508656627297,31.418648841156433,3.437019618380413,3.437019618380413,True,81.06624513212262,7.211876921698727,1.244101048747218,0.03679778244684763,0.005292666417010034,0.0019942824163626345,-1,,0
740,0.09965080423830591,0.4570083362531826,0.12404112523083136,0.11793510860700925,0.025360737639173327,0.17600388803149747,34.01076714416785,20.41995067569723,5.853738581276822,5.853738581276822,True,2.473567224569241,6.263052598663527,3.804560631418349,0.039908797859583275,0.06290855645280242,-0.02531499950252132,-1,,2
741,0.6211607765349657,0.12979057213313386,0.16322500093121511,0.047675847435531896,0.01815142787218311,0.019996375092970392,36.921893634059394,19.162795424314645,5.021521008482317,5.021521008482317,True,16.586668845220405,6.5108229577723415,2.4169064644578584,0.046951478528260565,0.007606067736776067,-0.016799894814754742,-1,,1
742,0.12463666701245885,0.7854177883570322,0.017529721224316983,0.02911450579075092,2.719787256465488e-07,0.04330104563671522,35.322893340512266,12.190164232596638,5.734288061792007,5.734288061792007,True,2.055177672880761,6.355764177647143,3.2302700358157797,0.03644212801410285,-0.029219580243221594,-0.003106860320933812,-1,,2
743,0.2173419374977365,0.04302731262897797,0.34641590020342,0.16774998193251192,0.06841303350922243,0.15705183422813107,28.35229142023728,12.919372932296447,4.361161769277363,4.361161769277363,True,34.58549286835619,6.88705592121006,1.9663282524889,0.03998992412196276,-0.0719539330519371,0.0023689460351899,-1,,1
744,0.2444835128386111,0.17372767914219836,0.44206622826052877,0.07748617154164783,5.2702184224209765e-05,0.062183706032789936,40.378446406040325,35.436612399033024,3.2947650245615945,3.2947650245615945,True,113.84088385473542,7.172888393113477,0.8406140935574878,0.06728280724816917,0.001615881511149273,0.0010596637465130731,-1,,0
745,0.4337638177751105,0.1096273408111528,0.17587394637638132,0.22418652073691628,0.02084100019429008,0.03570737410614888,34.50788143798409,26.63020717569676,0.8997921254720413,0.8997921254720413,True,20.64636912688255,7.1536398821652085,0.36212238749788506,0.03587436479540453,-0.016089558445070883,-0.00046906070395862223,-1,,0
746,0.2618096901544489,0.10445252022902787,0.17417503462037776,0.11189762486959362,0.04748749672330008,0.30017763340325176,30.809109075932483,40.65025077196217,1.8987003710017358,1.8987003710017358,True,36.218813948974685,7.161006458451251,0.3873440055795906,0.04222235767020401,0.0012838824745182427,-0.012740117285239778,-1,,0
747,0.24941698246599342,0.3268010143269736,0.3526572347302675,0.0633851677391661,0.007377352534766866,0.0003622482028325386,34.964157990923496,14.106727739250559,1.546716386271766,1.546716386271766,True,34.42125758666882,7.301465023850141,0.3396557144915852,0.02853103647543993,-0.011962560385317313,-0.013494317681996656,-1,,0
748,0.5610955880903984,0.0530717360209667,0.0014998492249418893,0.33445525950229255,0.04046121237291023,0.009416354788490254,36.77722584398711,37.42638736532233,1.1800281507616794,1.1800281507616794,True,34.2661682745451,7.26814109321405,0.5463826438141296,0.04560436555057523,0.01853788717057682,0.007739860218173879,-1,,0
749,0.17101087380039953,0.1555001563791939,0.283433219574144,0.08773161139311843,0.03854013202756849,0.26378400682557573,41.22649274303419,44.13036430403349,0.9223682773626202,0.9223682773626202,True,36.70124190427558,7.1932461168141675,0.34124351254827584,0.05101720146393224,0.06565595344834423,0.0065726134906208536,-1,,0
750,0.3278938768448229,0.17163564648792648,0.20245299758420127,0.07619364314240698,0.14699004333851798,0.07483379260212428,39.124441116062215,16.06323615373872,2.5624483218936573,2.5624483218936573,True,72.7382905995545,7.22636200955822,0.38047873805219556,0.045493023700824815,0.035510892151036914,-0.003914940051199713,-1,,0
751,0.3857458562783489,0.3227930746685666,0.1277901351074064,0.01621091680687827,0.0008876391793789105,0.14657237795942088,34.04143288421331,28.302115527422174,4.9010005328897295,4.9010005328897295,True,25.522052446946784,6.704106202826459,2.291773113524129,0.03734643307757469,-0.015219449244621354,-0.016874946464677538,-1,,1
752,0.29075781547394974,0.23745489265427433,0.2081642375061126,0.006590949094069528,0.07933224262986296,0.17769986264173074,41.895187646699476,36.36120499918806,0.8417119230729587,0.8417119230729587,True,34.52943478087214,7.074912182289752,0.278962573071019,0.052947914559710964,0.042629742913586184,0.006872195028772533,-1,,0
753,0.41493580227567317,0.21496680913971958,0.14067848189856372,0.1259058436134947,0.0009080823300984407,0.1026049807424504,41.32304755029888,44.105385283318526,5.625506098369192,5.625506098369192,True,7.254547966877896,6.445431655461094,3.272246405403587,0.06750642861680432,-0.0002899446390096719,0.0005059221062770226,-1,,2
754,0.36970118749080333,0.2231632112092497,0.28667368673681626,0.018601468622249807,0.016072190008756277,0.08578825593212476,29.856317734343698,13.140740509180379,3.7677609362340148,3.7677609362340148,True,43.412815558161384,7.002145464261685,1.1637693555437012,0.03407984477539408,0.05348714459295007,-0.00597050706481791,-1,,0
755,0.3419938530285869,0.2311764569825084,0.30132799596395987,0.015169441480312072,0.031021236630734264,0.07931101591389826,41.48930127454151,28.500940430358593,4.29628639288285,4.29628639288285,True,94.69050064359861,6.884225733744762,1.604265832640223,0.045869613759517175,0.01687250657166107,-0.0027882515551036725,-1,,1
756,0.25426645046280216,0.3236253274231646,0.06015580991800356,0.012284261605478873,0.15631073153180425,0.19335741905874657,40.69908923503591,40.262360108751885,4.531086313169186,4.531086313169186,True,72.93109664105577,6.593086060241594,1.856781611794857,0.04675276680628668,-0.00019204294157251778,0.006729490728524825,-1,,1
757,0.09826882407108309,0.0943233469377375,0.2629746852085799,0.17907046597632018,0.05568086947607259,0.30968180833020675,28.3163941913719,22.00194597425448,5.425666315323076,5.425666315323076,True,4.737356505035201,6.396794419683685,3.1647059833411006,0.039436509723428735,0.0054216218490913855,-0.004074705041272691,-1,,2
758,0.3916385563170705,0.05411680727795721,0.3126343172162957,0.018222860457334386,0.08886717697812552,0.13452028175321662,40.684171480500794,30.71563458766277,5.701554755669565,5.701554755669565,True,4.798800331478453,6.2410404035020495,3.1328922531929995,0.052024608123839376,0.03774137310374903,-0.013322278370892717,-1,,2
759,0.22483122483291823,0.1484169192471463,0.24401727036212728,0.07073023925501822,0.004277613726984602,0.3077267325758054,35.49604331290344,39.16998309869687,3.747719115139579,3.747719115139579,True,86.91864721890968,7.080852242250708,1.2662413829088375,0.039848040041448485,0.055280362495992906,0.0015473872377427084,-1,,0
760,0.3370713432588951,0.020122426437440187,0.01749212057095444,0.3278222452930057,0.2839922422101278,0.013499622229576664,32.60507535764637,38.30230158283001,2.748196720470002,2.748196720470002,True,69.48599428946537,7.3409027065357035,0.8926042385111831,0.039153554456240545,0.0844144240228296,-0.00747957255042707,-1,,0
761,0.39718473588167613,0.2710870602896405,0.040779471232501106,0.23807260248527387,0.014520460694449002,0.03835566941645945,35.2660487599552,16.952581883896272,1.4300472157662634,1.4300472157662634,True,33.27729265304156,7.144301101219231,0.42591114220447956,0.04158260913363247,-0.052453448422001864,0.0055849816020164715,-1,,0
762,0.462637020778019,0.2709089960877606,0.06648887820994669,0.14875250268095253,0.004071684514485014,0.04714091772883609,34.89242898741422,13.556173793359,3.356479184952028,3.356479184952028,True,65.71267701721189,7.143792397817794,1.1433955003816578,0.039680646037840675,-0.06524975981147911,-0.0031133431276858265,-1,,0
763,0.5446750777114453,0.06368057126560242,0.21868287564688435,0.11747071786218626,0.0019501564135855935,0.053540601100296126,34.50072366402036,27.06223681225542,1.6109763595484377,1.6109763595484377,True,36.49143412234799,7.045897447341141,0.5305991773722327,0.0519721150089569,0.0656148877546856,0.017078814167253552,-1,,0
764,0.22235037853064707,0.30541004615521655,0.36147558257438994,0.0033009072748892603,0.024626314303678544,0.08283677116117852,37.70771826216125,32.67967108263941,0.8674602388694054,0.8674602388694054,True,24.109599622554185,7.363022411076952,0.4118866076531189,0.0550266082880263,0.014455297449113095,0.0016229455045759975,-1,,0
765,0.6093416669150389,0.04130628096056292,0.22873082092592475,0.024799740997402796,0.04211290077655745,0.05370858942451314,36.42771275375711,42.496782002051305,1.067433325355862,1.067433325355862,True,25.49642069344121,7.166193159575796,0.5930891168674024,0.03899283674305412,0.009351074924293344,0.01091426347559408,-1,,0
766,0.17647507640220855,0.09475499824594172,0.048691953843529145,0.15020028835833976,0.10013549848867564,0.4297421846613052,28.271233064840363,42.76151260519043,5.179626832269235,5.179626832269235,True,9.78037908093153,6.467052123583303,2.858454807737404,0.044914635032114486,0.04772429761021812,-0.01517424625213409,-1,,2
767,0.8522725508524429,0.0020689483758932316,0.021141556288752604,0.03833566556671774,0.022626236736830285,0.06355504217936325,33.5075939243038,23.054883644515336,2.358521790669246,2.358521790669246,True,42.72459909699903,7.273074544050963,0.32571818191440965,0.04153532198928835,-0.03959810101882277,-0.017222256816965507,-1,,0
768,0.45671525764086807,0.14104631005398005,0.08946660866565248,0.0739115530686976,0.002505464105331606,0.2363548064654701,38.67641171794643,26.55509824554556,5.657163843993762,5.657163843993762,True,4.244138289798609,6.370855388996874,3.1863440239233203,0.0476791858531792,0.08850814465031981,-0.00976889514415542,-1,,2
769,0.38141925237996976,0.2818037021178155,0.0018790039163389964,0.16063158207400957,0.004427762480930508,0.1698386970309355,33.998024305888045,31.27682051391706,4.621526754220419,4.621526754220419,True,43.99859124595375,6.697021256047487,2.27181093839945,0.04622138061239406,-0.008028592507911613,-0.013336015924589693,-1,,1
770,0.4961729304076136,0.049485861753607537,0.3260663136920727,0.09502660018556029,0.007058312198686709,0.026189981762459045,28.367476693443834,12.783067124099173,3.488969406522049,3.488969406522049,True,41.768702352705716,7.285150284366187,1.054467592150365,0.04675122336178798,-0.02716485187426642,-0.001464772538218927,-1,,0
771,0.2965038584137538,0.12553623388142365,0.3803538182349751,0.10008385115144654,0.03296609033754885,0.06455614798085192,30.399234845737237,41.77620854196452,2.6974886672444898,2.6974886672444898,True,45.73892372054946,7.2393387821802495,0.5944259325417824,0.03624543387569355,-0.018317354686638667,-0.003283194554889623,-1,,0
772,0.0492263076786364,0.45680230556224055,0.10185971009088199,0.11586060447408346,0.20647521127654764,0.06977586091760987,39.30435152031568,17.185586224531953,2.717849010144132,2.717849010144132,True,76.66212035275903,7.242019749555444,0.5100937921231254,0.042423603572331874,0.028625196140053627,0.0011117645625330548,-1,,0
773,0.3586108251570153,0.41246395789468226,0.031076099600959934,0.1542383402086576,0.014478149450683918,0.029132627688001123,36.95624906329705,36.31611294667835,4.560514545568459,4.560514545568459,True,56.51215499696869,6.757747637400667,2.237992448203082,0.03694477118277396,-0.021016176365435048,-0.0009658526693611244,-1,,1
774,0.29685913264352276,0.12609190846766696,0.14363718189550662,0.2607096678440544,0.07275267384047099,0.09994943530877824,39.55069424035612,26.887901580962673,5.906594503321237,5.906594503321237,True,2.9865068760486047,6.168204835672885,3.953918485669202,0.048231835976481355,0.01744101126570036,-0.012070389399786398,-1,,2
775,0.45326800820622776,0.10340928864327191,0.13446728330566735,0.12818769302797534,0.07710482625562796,0.10356290056122983,41.40747485156447,28.320577780254215,4.122087229571293,4.122087229571293,True,107.91536979751719,6.918372096591252,1.7552531499963635,0.060983941397585166,0.04321296638378984,0.0061019350751285225,-1,,1
776,0.2618758641690326,0.1178577937819694,0.19864201164941997,0.01789729715302001,0.2646610037103965,0.13906602953616165,40.99442389438155,21.971356880087004,1.0910668095438454,1.0910668095438454,True,35.54920232584942,7.146041470558103,0.3304781396714046,0.04937704464284477,0.014389571243933823,-0.004193348437488231,-1,,0
777,0.32558943685197944,0.15658888317596778,0.15666653902380298,0.11544353667660108,0.010370016084910791,0.23534158818673784,40.151044227353964,20.077130868997493,3.5605914790184725,3.5605914790184725,True,103.41232039082546,7.128451173484406,1.12898841352474,0.05438920917127378,0.007590397064970651,0.0037777874884168962,-1,,0
778,0.0474306205965771,0.061765367498679134,0.7917593836919826,0.06393701235177326,0.011189630815881266,0.023917985045106453,33.13162986993841,31.5492583693585,2.6042653104175812,2.6042653104175812,True,57.09615644761725,7.188190548917858,0.3950971295160586,0.04082730317524354,-0.015400386388598043,0.01777090905551359,-1,,0
779,0.2543491829267438,0.17040083408738982,0.36594538311852226,0.10437043848997152,0.034396068385144085,0.0705380929922285,30.45155669634087,31.73127270837065,1.5690839925095383,1.5690839925095383,True,32.13732043985801,7.084866893717478,0.34957433465013243,0.03594166491979272,0.028878264366002333,0.01596044977530606,-1,,0
780,0.38811809984623075,0.008361729640803698,0.028140299509199846,0.4064784359742791,0.09882595615749858,0.07007547887198803,41.055909586301794,31.589240766841552,4.126124158832581,4.126124158832581,True,121.41229265708284,6.808794263228586,2.140690324744901,0.0717731202635051,0.04071748230123427,-0.018782867327966628,-1,,1
781,0.11935247242789893,0.011696659352783799,0.33798181188522086,0.10247613208497935,0.3922346509471126,0.036258273302004526,41.49368233871442,40.36234687983673,3.003856789140076,3.003856789140076,True,121.60408945776703,7.217835363449028,0.7754179249888009,0.045034086910059654,-0.06577945002805385,-0.015430923472790506,-1,,0
782,0.18633062761413768,0.11054244836279394,0.07035980405028926,0.5115574155741374,0.046950398021705,0.0742593063769367,34.95935807465011,42.87910946318088,4.778614083602155,4.778614083602155,True,40.01549613278209,6.606432606777591,3.1109148734625034,0.04719423808468666,0.08076364762667772,0.0006450633653718217,-1,,2
783,0.7060115462650229,0.006558434071013186,0.009052700199183784,0.10874843719113318,0.0480581925828346,0.12157068969081228,32.054941925094525,16.17616079467406,5.508188859213471,5.508188859213471,True,4.365380950225637,6.388819834458599,3.151264891562474,0.04150369200396612,0.03756437314739438,-0.010385679541431134,-1,,2
784,0.25660544868098967,0.06839501762125928,0.023370054584462084,0.03360852182683745,0.28423105052688963,0.33378990675956194,33.68158703829043,31.68787643397632,2.033368446070967,2.033368446070967,True,53.03102039657559,7.107215744696705,0.5301011458696208,0.042117773242584124,0.02765115303033661,0.0002772252143526651,-1,,0
785,0.1532915739589367,0.01389435787305686,0.37485697681629465,0.2558276981021537,0.1714469317233376,0.030682461526220492,40.87118471164201,22.496933319712532,3.6827684972006596,3.6827684972006596,True,123.1381787386541,7.046124129625688,1.478007657267977,0.04801805212978618,0.000674396152431157,0.00012961796319283046,-1,,0
786,0.45506926819350935,0.02775306415210212,0.18745012628037802,0.32249571735841376,0.0004074301857361281,0.006824393829860657,36.39836826422756,15.620458890679226,4.266008419115678,4.266008419115678,True,73.1204593892341,6.821444517360413,2.144385880979905,0.0528799630459654,0.01781206763383794,-0.009567838558834921,-1,,1
787,0.3114833452892081,0.04875103809772327,0.018415053152551986,0.49639476715876146,0.09990869402887699,0.02504710227287805,33.15375964242638,20.137320164395675,5.92225090825048,5.92225090825048,True,1.9848282652250133,6.257891471056371,4.644160683017616,0.04102892991159153,0.042637421698060535,-0.012841893436226924,-1,,2
788,0.05390024730919283,0.058151367168674334,0.6076817886615425,0.03551372402931191,0.05651265309362974,0.18824021973764862,34.43348961736999,40.54551045854619,3.3529367952094953,3.3529367952094953,True,79.91799669229022,7.089416542545966,0.9910335923456771,0.031119183798226185,0.008375936047260937,0.004825870819888879,-1,,0
789,0.5708887231139345,0.061529370000933836,0.013487568035579248,0.08299186060303453,0.1231463411401133,0.14795613710640462,28.606728465924327,41.036494390616824,1.0501039788968518,1.0501039788968518,True,13.27479539603321,7.151262059108847,0.4025875875544469,0.04493167705882512,-0.022028325860066592,-0.007031589830865615,-1,,0
790,0.33614893316264216,0.059936857962783634,0.3768624827810424,0.18098429547394015,0.03543044769659637,0.010636982922995421,40.01568031553798,15.359502540552658,4.663403023259433,4.663403023259433,True,50.171697986453935,6.490764564478584,2.3321750877534013,0.05798637076992994,-0.06965444116955782,-0.006940621831970358,-1,,2
791,0.26393238365909216,0.205584263799812,0.1780860658354278,0.057325406348093695,0.08691428387551148,0.20815759648206286,36.794235111123385,44.899892533668705,4.433878064491339,4.433878064491339,True,69.36800506874386,6.773616490608859,1.9075731144626968,0.041348923471080976,0.015370116913332005,-0.00681341024742022,-1,,1
792,0.379690815659751,0.09499654540895103,0.042292409018273185,0.09703920109210053,0.1495789521622125,0.23640207665871177,41.16176228144836,19.46571744150374,4.806492485434306,4.806492485434306,True,51.651579735776835,6.594376969092178,2.3732097396432965,0.05330708560802523,0.034373381098185884,-0.013649050085593003,-1,,1
793,0.6208751645542904,0.09641190835559571,0.1259809272818654,0.018472910160689776,0.021540561063335552,0.11671852858422324,38.55413693843849,12.02835750344996,4.64168704605933,4.64168704605933,True,37.23202033638708,6.646911162208323,1.9762039823421658,0.046137193675468764,0.0067303189123054975,0.01348523447271401,-1,,1
794,0.0023318933089233026,0.05045984226271589,0.2325885729884226,0.1945394012656892,0.03952722413076079,0.4805530660434883,38.07924235894382,31.927304889001054,4.867982864658796,4.867982864658796,True,43.17850658507122,6.585987189540111,2.606741123713137,0.050153988586965674,0.01952335063619511,-0.00933560045866057,-1,,1
795,0.32613468158629294,0.14370233728788243,0.08850559805337402,0.23474068498853573,0.09388705539250881,0.11302964269140589,36.5442672682035,29.798084132831008,2.8332938980585762,2.8332938980585762,True,76.8264313535866,7.18669503501415,0.7452932713918887,0.04103900576757451,-0.012384352265586554,-0.022740119684616457,-1,,0
796,0.4910830418901651,0.1350104223948606,0.10219613504134699,0.002215664622441837,2.721676458556856e-05,0.26946751928659984,41.84610115941817,40.924395392098646,3.6733973602099335,3.6733973602099335,True,113.25680436123777,7.234823883488075,1.1723359167121883,0.056803076765646984,-0.026969377499824795,0.007275293229543664,-1,,0
797,0.17863574144502994,0.31451439920574054,0.1594661893009095,0.1862917731037355,0.14871382761556123,0.012378069329023396,34.566594480866236,38.35717347553032,1.3651934631742053,1.3651934631742053,True,29.50781591015902,7.133769947998959,0.384271115987119,0.040526320472550496,0.005259733263592162,-0.0013213071940793109,-1,,0
798,0.12909935184198515,0.10128021325877783,0.13797143685538155,0.4989650746792869,0.00954281651132911,0.12314110685323958,35.080948462845875,25.59560949620313,1.1936149824855034,1.1936149824855034,True,36.451622214078945,7.2709160461277085,0.4942296809796509,0.04122122507306678,-0.0033542213816759644,-0.009958911054918647,-1,,0
799,0.33872417640304264,0.20277469250935456,0.17282068799012873,0.1277757883353834,0.050221746695069035,0.10768290806702173,33.28698173142081,17.734828935007474,3.480308191862739,3.480308191862739,True,65.98499068656484,7.207754347296013,1.1111597831293307,0.03462993180919949,-0.00918667452283009,0.0015442101439041662,-1,,0
800,0.5445278166217639,0.16841154830576294,0.09611655173437651,0.04119803525144653,0.012719410422306274,0.13702663766434398,41.54816303276874,32.41500612593097,0.8214821957504344,0.8214821957504344,True,26.31113621763625,7.14932887753448,0.31707408060717346,0.05393525335169583,0.024795081633991335,0.015883277709144973,-1,,0
801,0.5860756763531354,0.18451048301700052,0.06174344709993844,0.06776168551737154,0.0983798514651867,0.0015288565473674577,29.6382575385295,23.19061798289532,1.672947749239375,1.672947749239375,True,22.36375853537747,7.057849308803683,0.3026955137903829,0.0351294075466163,0.022715486952581323,-0.01872026343358473,-1,,0
802,0.7073497787499164,0.012278215180076225,0.02618765508929346,0.1707885459087594,0.08326867045716388,0.0001271346147906195,37.19609453439362,41.99444128873603,4.154717071238512,4.154717071238512,True,91.2263877080462,7.040846044719447,1.800594530986787,0.04772712248756611,0.036261099795264595,-0.017080399994038126,-1,,1
803,0.3967739046027711,0.14941844948082683,0.015789968778663975,0.09975720596028653,0.02937299832048279,0.30888747285696866,32.422094995248884,29.970276781513228,3.0365873811846633,3.0365873811846633,True,60.96503283726746,7.179243740027012,0.795655837446213,0.04267025551667143,0.020845863181272913,0.018877834156159855,-1,,0
804,0.2060300464481559,0.34249188197664665,0.17938317990299824,0.05085787148770182,0.0026632488080507127,0.21857377137644668,37.61299670794642,22.225450959349633,3.616869232235768,3.616869232235768,True,87.46856626980885,7.344938798516678,1.1654400039064714,0.044754707677191675,-0.02425867349536167,-0.01022574170822144,-1,,0
805,0.6111931758404844,0.11024875054781705,0.22641304689535202,0.0013293460855543482,0.008160844843331022,0.04265483578746114,28.75712929821419,37.897432484405286,2.916315558491939,2.916315558491939,True,41.54772085736212,7.305831011490579,0.5170931446314835,0.03397322922164231,-0.01256412304802833,0.006030495920885646,-1,,0
806,0.36975917445457906,0.11096844656607559,0.13499315958526792,0.18798565081535165,0.026959465120807758,0.16933410345791788,39.25480004970101,42.72070618614486,1.0714292337961833,1.0714292337961833,True,34.05742904602328,7.209693967878383,0.8069320782590361,0.04715234637949508,0.012497128215950072,-0.016952091214932886,-1,,0
807,0.15108309385690927,0.2289933629386743,0.012986567169760387,0.3067876586005919,0.0241941046771171,0.2759552127569471,31.619849274379963,36.85222054370143,2.3456551856659327,2.3456551856659327,True,58.27937244182952,7.170278758384145,0.6004618912070588,0.04156253814582248,0.05166428568856479,-0.00892837645625695,-1,,0
808,0.10677073526057157,0.4005317234847952,0.06000663435116206,0.370689150495663,0.002180189967426313,0.059821566440381974,33.902050084574235,16.320389587822085,3.790776728991249,3.790776728991249,True,77.49392269348766,6.989070532671391,1.70282469139494,0.03933716284082633,-0.014944960278616425,0.010428662810112834,-1,,1
809,0.1557053611526072,0.3245682942925934,0.019020540100178035,0.18227803893431715,0.20123197650036448,0.11719578901993974,37.0832903381667,34.99232438191892,2.1780882424475196,2.1780882424475196,True,73.92093524013819,7.061614986246596,0.4690885541564458,0.042716313324767954,-0.013939501585079683,0.010028706075425704,-1,,0
810,0.4461290602352168,0.04213368793787282,0.2444126958904973,0.06334062178084948,0.0070689119734067525,0.19691502218215695,35.89373691534473,36.57048302796001,2.1861512922419655,2.1861512922419655,True,51.76428085346226,7.1616251096870025,0.3393823800258454,0.05317847697291742,0.013409608165249564,0.018391984651042408,-1,,0
811,0.182568679457302,0.0573379572996413,0.022099516218205082,0.47080103304204185,0.13038768704904574,0.1368051269337642,40.007992427037514,19.943528759262477,1.458968002550879,1.458968002550879,True,60.50157809148896,7.300515858515586,0.57357845812431,0.05865093361059117,0.052220481806630296,0.012873661134700929,-1,,0
812,0.42273096089253,0.0582462287878502,0.0411353455808471,0.3452050523101378,0.010223237574650159,0.12245917485398464,31.191182483109102,17.557217235564575,1.4112485178551966,1.4112485178551966,True,30.2706060494228,7.296891048908635,0.45740514754189404,0.051419833384425594,0.003711296387490533,0.005708017085955775,-1,,0
813,0.5251286265982371,0.16171471502131438,0.2558514988311033,0.01507721622149781,0.0018188427560326941,0.0404091005718146,39.27144095290981,40.745883976147496,2.799029262469092,2.799029262469092,True,77.374076249679,7.185205446756531,0.48508135866831237,0.04868367546473402,0.02500491416010168,-0.0011773777278593289,-1,,0
814,0.19309786546377228,0.11062996199118066,0.22068706421986606,0.3241265963822159,0.022165072594216458,0.12929343934874876,28.87249303024102,12.951139155854657,3.7505208237764336,3.7505208237764336,True,51.73078462099772,7.089240323247482,1.7121854521138382,0.03800718455337366,-0.025497594556681047,0.01431560810898563,-1,,1
815,0.09384329349251824,0.07016434272804074,0.08643018234551021,0.048990749947518605,0.39462111993559096,0.3059503115508212,28.81373834552501,36.62646218115394,2.684076874284761,2.684076874284761,True,44.28616137186194,7.270584696826198,0.475835887959753,0.03960115875235497,0.013551949647184975,0.007057219136014932,-1,,0
816,0.68180404847976,0.17085936782576053,0.05264772713308669,0.05074733687270475,0.03810052012854747,0.0058409995601405576,36.46318300634313,28.895962284170643,1.3239953588375957,1.3239953588375957,True,32.041815503640436,7.228474313253847,0.30237469086724134,0.05567610756646107,-0.032334320917616566,0.0013286923933815327,-1,,0
817,0.29815157554708893,0.3777430335590111,0.0489347835121525,0.01269398952799648,0.002740259961838531,0.2597363578919123,39.647067888846564,17.582127039499316,4.966634353574891,4.966634353574891,True,29.641545160484768,6.500704213878636,2.275446863929942,0.045582914862067093,-0.0010031155719196355,-0.003141604800754613,-1,,1
818,0.2041791660748883,0.13568163421132984,0.35218495839450464,0.07887355889981544,0.033504840026137094,0.19557584239332476,30.190469164040977,20.365277621805788,5.96817781284521,5.96817781284521,True,1.1070048117113604,6.246510088353352,3.628124226895717,0.03987906790348379,0.032419211812052484,-0.032176855281122504,-1,,2
819,0.3127781484875281,0.21272429303036683,0.20931819265548787,0.2114450233607953,0.044249720985460206,0.009484621480361654,36.42560749510321,17.53396635982819,1.6842524250290665,1.6842524250290665,True,40.854665301151336,7.117793215039411,0.4227031280378668,0.03738146964430415,0.02941078933091729,0.006398639886607123,-1,,0
820,0.1673993173064449,0.06422186226211833,0.5311555151400065,0.08855731081698286,0.0956772434209103,0.052988751053536974,37.78491763052551,13.07635745949135,5.021288641727928,5.021288641727928,True,22.108753007735118,6.444969612737849,2.4849819477755806,0.03552319804592203,0.026512663861689482,-0.01574802587780081,-1,,2
821,0.23287043706795155,0.3925598575619236,0.016614981768680002,0.10128739181428452,0.13206880126126902,0.12459853052589133,41.76395645800065,13.605223221086122,2.338364737273501,2.338364737273501,True,73.60991710620462,7.148648602771643,0.41901686322974485,0.04810405608057143,0.06580576979690451,0.013287077975583424,-1,,0
822,0.42599447009754765,0.1173795137794819,0.2773886406365429,0.13128552253158485,0.0437025246197528,0.004249328335090094,38.9127976159276,42.57664762028176,2.7663822334630725,2.7663822334630725,True,87.68966500297702,7.306263174746068,0.9801454802455446,0.04345887785390707,-0.0204120204547665,-0.004172743677093631,-1,,0
823,0.5653418974024821,0.14544815900674002,0.14862402199274855,0.06691019527282635,0.0134357996065288,0.06023992671867403,31.12199090448697,41.31965688632272,3.228390885450569,3.228390885450569,True,52.20464629636764,7.170091870747976,0.7723645577632564,0.03640535427021437,0.02831550404947552,0.00706421724880534,-1,,0
824,0.04437348455616104,0.17041956111254444,0.16436979477806118,0.5025436651040398,0.10375558967809013,0.014537904771103454,30.199237909999038,32.40644867476523,5.330756687216397,5.330756687216397,True,8.851502352575329,6.434219190736454,3.886885111704037,0.04438255112808354,0.0499700358445999,0.000972236537736506,-1,,2
825,0.354734608954429,0.036260499635174984,0.2970071672687058,0.026090782668639654,0.21746624021087005,0.06844070126218052,34.60887199404601,14.414668866793553,4.978804246192016,4.978804246192016,True,19.723831338178847,6.593420680107009,2.407908014298577,0.04486313271716254,0.003496284703845498,-0.00035793851744626067,-1,,1
826,0.2100721969371953,0.1869471290653833,0.13768694847828386,0.18269368136778052,0.25461811576846544,0.027981928382891635,33.977786256439586,40.63869114035651,1.44277433516975,1.44277433516975,True,35.32903722790674,7.269495397960363,0.36786487906367704,0.03449349797464769,-0.0189263253487296,0.008146986543354605,-1,,0
827,0.6851866723994391,0.06150413176430515,0.01707198692754915,0.0894080398205083,0.02510435480900804,0.12172481427919016,38.0473923679586,15.358534686912247,2.163362827490308,2.163362827490308,True,57.814233845174684,7.301682314336928,0.3356263405757906,0.04764866508198989,-0.0017837660971793698,-0.000291749209796613,-1,,0
828,0.22864754778315208,0.2851514666907891,0.13339196475849527,0.10848056350895541,0.028882820335232505,0.21544563692337562,29.725596997907044,24.29349523918164,4.056388654200545,4.056388654200545,True,50.044966264600504,6.974076533874779,1.6352493519825435,0.03608166640919941,-0.015446050912106603,0.012365469727800418,-1,,1
829,0.12876962731443045,0.3050600127304266,0.11346802241175319,0.11323056564249635,0.002312162151475498,0.33715960974941794,41.73075331683159,14.064052533767281,5.020345508906108,5.020345508906108,True,24.1015796004671,6.691791248724521,2.5999750529838295,0.05918637796971921,-0.00834718442530091,-0.021702673978543308,-1,,1
830,0.03402703335374946,0.21722553029717792,0.015221142667966836,0.12468755721955502,0.3954204244811956,0.21341831198035524,33.8500260035125,39.507788229410096,4.099734680677806,4.099734680677806,True,86.31043747177547,7.039406674105687,1.6519508003616765,0.04235214020683004,-0.04177660509497296,0.01707184089201161,-1,,1
831,0.4847991189763655,0.07414425941678554,0.167335744534267,0.15151940355797233,0.04750475512832307,0.07469671838628655,36.5393972102837,36.69543161016047,4.642594291989704,4.642594291989704,True,53.408254650706,6.8728762941895685,2.2383088980251564,0.04714274383142204,-0.012402891521644914,-0.017846255797304398,-1,,1
832,0.545461188629171,0.008618215828159507,0.16878989100493458,0.03378540835224621,0.02099038532318677,0.22235491086230202,38.58663245372483,24.47549972462669,2.6159774856797995,2.6159774856797995,True,75.66921187296732,7.099458070919574,0.45468296996198543,0.0514786586350206,-0.007192224887885463,0.014801917889103056,-1,,0
833,0.47588694447291197,0.09163023973659037,0.05872008579975614,0.09137651916741021,0.14599081557534566,0.13639539524798558,39.14556779493277,19.138801138090493,2.5750454388680133,2.5750454388680133,True,77.08616335772055,7.190014300341745,0.4327747069011086,0.054577208152481405,0.0003247865454192284,-0.011794119680473636,-1,,0
834,0.19120233644068127,0.006885416326524276,0.3560781821358346,0.3095683874427839,0.011053103316448295,0.12521257433772776,36.59371171390835,43.5438533883617,2.5531657224547084,2.5531657224547084,True,84.0367466194833,7.152903552996042,0.985844486667153,0.04092066742065962,-0.05391244803977594,0.02749941280310332,-1,,0
835,0.09354676241783172,0.12511325144275406,0.20329162819053814,0.09712807733816145,0.09993310972435096,0.3809871708863635,40.73875572982094,18.54196705549628,4.5834089090214,4.5834089090214,True,63.95393845571884,6.733903665403459,2.0613103989306194,0.05111248760526729,0.06395105507767744,-0.004410056105086291,-1,,1
836,0.5161754488287204,0.023063122100231696,0.01325045742657683,0.29575162537364563,0.0464964448957436,0.10526290137508178,35.96418239973603,16.796207224134307,2.7516228762909174,2.7516228762909174,True,65.15353351025942,7.359377811078009,0.7625531903951175,0.05179007223601896,0.04451497909628847,0.005489665813412257,-1,,0
837,0.11391076891489474,0.13219009754479438,0.009103739279166427,0.2344514589502952,0.4538869949048573,0.05645694040599185,35.33953554613419,39.63962756852434,0.8628831051463041,0.8628831051463041,True,28.388975971200736,7.232948841412539,0.3779399335690955,0.04954435342336737,-0.012642206952516973,0.0039012674014032122,-1,,0
838,0.19882331700967457,0.1997049299195775,0.14008258723921307,0.18485627176744718,0.05157567327652716,0.22495722078756042,36.6627226027612,20.46829705393951,4.453234691478245,4.453234691478245,True,63.78895037221171,6.704557185255566,2.1162802928986744,0.041697254119737986,0.009022614987743769,-0.00421329676365589,-1,,1
839,0.42034748316335063,0.115699744069378,0.11187630890610241,0.05487888632444494,0.04303027104030631,0.2541673064964176,34.324592070792015,26.839945633948638,1.7879325778282262,1.7879325778282262,True,38.851132302051994,7.190011324851738,0.5190890457908486,0.04203583619393106,-0.03761346264897033,-0.005035040219149138,-1,,0
840,0.2562868436576016,0.296390526253879,0.048953530922502764,0.06146384669127083,0.005827800708751826,0.33107745176599407,30.905610345606817,27.010745318612496,5.190843175782376,5.190843175782376,True,10.669279742637144,6.46667410675663,2.740046532485017,0.039191577978723545,0.009386604637167102,0.003085810352081988,-1,,2
841,0.4828324287821277,0.2795319454221738,0.0792284335391532,0.008567516647302233,0.011741840627882623,0.13809783498136044,33.70798147525062,17.377663983275394,3.0357959238165133,3.0357959238165133,True,52.77391016556067,7.167610991332162,0.5890968042152493,0.035225019862596775,0.02383719989622632,-0.015172668521432172,-1,,0
842,0.2467061722921334,0.007193907022277094,0.21459588658679044,0.16680830040522648,1.5050266901524973e-06,0.3646942286668824,36.30549224432477,22.580681661546187,1.545516115420921,1.545516115420921,True,47.69064779327489,7.168410673100997,0.4261757071471972,0.05277351251296061,2.133040456313723e-05,0.010012619844967123,-1,,0
843,0.3639083985366947,0.1132864492208772,0.20638169825548375,0.0003588841987000108,0.044219472188399625,0.2718450975998447,35.21983221348748,15.41218682420535,2.5864088046097526,2.5864088046097526,True,57.62586165360278,7.3389734036572944,0.3343359028556361,0.05192070014117861,0.024543672862179754,-0.0059494810646808765,-1,,0
844,0.29295090937902646,0.027677720923587397,0.18834752180588954,0.1794593366824999,0.09098330287693447,0.22058120833206232,30.072989778175003,40.53334200573225,2.4222766234541804,2.4222766234541804,True,42.538157537102116,7.189129412110383,0.5953641832864243,0.04029087688672467,0.014005926742114573,-0.0044445488177559545,-1,,0
845,0.320185379315577,0.03935750222812936,0.37442380024014865,0.14939711178931978,0.03563088282948292,0.0810053235973425,36.97919793557164,14.91021174869648,0.9710398445669557,0.9710398445669557,True,24.68473399356717,7.197696202751387,0.3223010331484834,0.040604031987294883,0.074921196630757,-0.0017994577310450344,-1,,0
846,0.25261762293667717,0.15879004872394906,0.05522612773007684,0.17278619904098566,0.008642007312819383,0.3519379942554918,30.37605665113974,33.105630094755554,5.8867525680056,5.8867525680056,True,1.915412322273754,6.207449339136175,3.8332545382604892,0.05196415098123922,0.04397774666056131,-0.032035232250433504,-1,,2
847,0.17401310998123942,0.09886253936853619,0.06775229332847232,0.29889534907786086,0.23040492969690823,0.13007177854698287,33.05020519190996,15.18726720550877,0.9021055369219289,0.9021055369219289,True,19.722826820421073,7.25730023306002,0.39215053968574265,0.03829638216729065,0.0025130063132810816,0.0023348717618496924,-1,,0
848,0.2810288619654879,0.09732465083850063,0.141483783786703,0.4377846992985932,0.04100995208459993,0.0013680520261150893,32.466190780742004,36.1780400820527,5.699085913804224,5.699085913804224,True,3.573786859537624,6.326991353893563,4.214445796373608,0.043150007238786106,-0.0012491445163698885,-0.026413506300763695,-1,,2
849,0.38279634567918336,0.15857299961084054,0.15899444265303805,0.20642825724827776,0.09061199011807601,0.0025959646905840475,34.80480375658821,33.286566897008505,3.6157446351471503,3.6157446351471503,True,89.15949930456405,7.203295736598924,1.2839742580921047,0.043414218787414284,-0.02427435144601335,0.003478681501376468,-1,,0
850,0.3183289633826639,0.15080841722991337,0.089901518226626,0.13947902029009165,0.20511573691980842,0.0963663439508968,33.44163437379101,14.489767765075745,2.255144924137316,2.255144924137316,True,42.094870326758304,7.21811746286164,0.5193591510901614,0.03996880550363395,-0.0019920940247521324,-0.015704347143365598,-1,,0
851,0.3461348804784304,0.2343305347711983,0.1114230690364795,0.30411281448901456,0.0020060010013699197,0.001992700223507166,28.176581935605395,14.164756420199483,4.160483661433586,4.160483661433586,True,40.876963353109495,7.00624906857231,2.0655060909807594,0.04233043592860093,0.047803158205623766,-0.013996450831431142,-1,,1
852,0.3724177148564529,0.05270543074658184,0.18700510932015688,0.26753029934016515,0.11956493335754009,0.0007765123791030956,41.598383767232605,14.169545149108647,0.9095133859035672,0.9095133859035672,True,32.53804034377557,7.1910279397552905,0.37138770342102306,0.05634047673651675,-0.009043485391187359,0.0031768064722325633,-1,,0
853,0.8410354033358735,0.016419100039080887,0.010135052844216714,0.11821655486643276,3.646880810149158e-05,0.014157420106294793,34.24973009906209,37.038111887761744,1.2325573329644517,1.2325573329644517,True,26.969152237251265,7.208024431747167,0.33476669701649037,0.04047485537521194,0.005000929766354375,0.017561675471397163,-1,,0
854,0.18702844857175097,0.221651723206725,0.2138669407388857,0.37477830318576844,0.0018292576390436662,0.0008453266578262163,28.067128522756516,15.480580037681815,5.979621620793745,5.979621620793745,True,0.9190553085243875,6.277462998302308,4.302847768383407,0.0395202115958747,0.02883912507666643,-0.008721122534784402,-1,,2
855,0.06511095384966431,0.2428575193608975,0.06542444048576905,0.0010976718213407484,0.5642711789917642,0.06123823549056428,36.98153542172225,29.7916365559642,1.5306732352433392,1.5306732352433392,True,45.67921830639338,7.128942382522647,0.35331150188260474,0.03472879182568611,0.014558761905837514,2.4071767858090517e-05,-1,,0
856,0.23531893730505604,0.19114796643428475,0.1669127744910004,0.35013285737032157,0.0063435209692922654,0.05014394343004487,34.67217864227033,23.23472873503639,1.6165907162798145,1.6165907162798145,True,38.441140320256615,7.1627062748037496,0.6432106599670719,0.04144775225424621,-0.04096246382605393,-0.005052687562124628,-1,,0
857,0.4194104349207226,0.17829015130918208,0.3528283951224522,0.034954786148049526,0.009744341441464556,0.004771891058128997,34.72456134190513,22.255032600437936,1.5816384987702878,1.5816384987702878,True,36.63693411342348,7.138537871927946,0.35414734189349184,0.03997873094001811,0.005511970861641496,0.0013647974479704384,-1,,0
858,0.3687177954606323,0.16607030576505807,0.1604372142922542,0.15701587773275721,0.12432899652319085,0.02342981022610736,39.941216369321054,24.477374158159247,3.3078004447960625,3.3078004447960625,True,104.68351842240945,7.074031014854145,0.9794236477217138,0.04416275755296373,-0.0015352257911869604,0.007490805590377367,-1,,0
859,0.30305259918727384,0.15006161844636315,0.03983366497932127,0.010443186732637753,0.22069410050454205,0.27591483014986196,30.85103324245797,23.000335376668506,4.941081098063621,4.941081098063621,True,18.751004934476747,6.602711652408825,2.2970654045028613,0.041529239331932186,0.08342714337936977,-0.017497598730334657,-1,,1
860,0.2769458121255712,0.1785400549163197,0.11553503446883324,0.3434434400687583,0.06321783287803598,0.0223178255424814,31.47793633330081,41.92807547454325,5.251916882214049,5.251916882214049,True,10.26842102270999,6.5868439960592955,3.333659974570265,0.0372961894196788,0.03448538934078056,-0.0176308678956362,-1,,2
861,0.3650485050008091,0.2760989830727805,0.18708335210053872,0.0537950271875811,0.04370940246501017,0.07426473017328059,35.547498116538534,15.879195745932293,5.5028978341451324,5.5028978341451324,True,5.484932760880747,6.397882018681708,2.9604961643230516,0.03679709242209166,0.04338027814653929,-0.016095961584862595,-1,,2
862,0.06814856229261557,0.08386008449525237,0.7674756015854615,0.030998573169887956,0.04320032849786999,0.006316849958912647,30.021236235232127,20.366778269251487,3.36891037740107,3.36891037740107,True,50.79439989574641,7.332184107498079,0.8753821296398796,0.024201949836935875,-0.016418750305091198,-0.014861686441837786,-1,,0
863,0.16140125500913857,0.19361748835250067,0.08403939858645094,0.03288738084222917,0.4889257398963708,0.03912873731330987,37.01677442691086,28.023609761409958,3.017189208770172,3.017189208770172,True,77.59241120592512,7.196582236515604,0.571794072556521,0.03474638586536018,-0.006228465775579149,-0.011436324702831503,-1,,0
864,0.5887042832302535,0.01771654490220436,0.17957978138534253,0.05142381921321488,0.058933924679596295,0.10364164658938826,34.47933348164158,18.10609551455042,4.5496289569994115,4.5496289569994115,True,37.53605693276174,6.86592632375497,1.9481863071070753,0.046166079972933385,-0.0012270469489295156,-0.009938079787589649,-1,,1
865,0.11215161726220231,0.20602314411228306,0.12082150690921187,0.07491352935644491,0.001117560135961922,0.48497264222389574,37.83892288061422,34.49417260211481,5.884063031095081,5.884063031095081,True,2.7617992847429047,6.337372728814447,3.4571997004458876,0.06799972052993536,0.005884461238798964,-0.013634001791118362,-1,,2
866,0.3003116123529915,0.48323880204842135,0.10576878654489419,0.023447512703358056,0.08492881224000545,0.0023044741103294365,41.798105050138105,36.28866347277218,1.7054519177654193,1.7054519177654193,True,67.59574090799839,7.110105619666549,0.33891056297499234,0.04326981878897878,0.029705595479759952,0.004649488601360289,-1,,0
867,0.1943007893816234,0.12212372959817784,0.039803430574909204,0.1592810111639244,0.08627243159761264,0.39821860768375256,38.95796912265507,24.186616404943308,4.679417125424453,4.679417125424453,True,61.24021888824736,6.770909043502538,2.2978475373367884,0.051551508722611265,0.02484134797850483,-0.013493462448312189,-1,,1
868,0.5258733932395626,0.016199563556166474,0.03453412904048845,0.07950938656517192,0.2726318173128939,0.0712517102857167,37.906810525550476,13.231128415984678,2.60216316423515,2.60216316423515,True,53.686216332146536,7.125603997442467,0.5481334895478284,0.048546055310009766,-0.012515160419294971,-0.024434490062907134,-1,,0
869,0.2641248042362261,0.19997506010475807,0.015714914066756097,0.03995873947795573,0.26868609178551883,0.21154039032878535,37.87268117625152,16.780955920251436,1.8424232065963981,1.8424232065963981,True,50.88043369007418,7.274927551459076,0.30386754166680535,0.04403345015741499,-0.01474885150157577,0.010790577308411684,-1,,0
870,0.2160956641970667,0.03901450462193216,0.5714634839582797,0.14414843272404107,0.007305576415628378,0.021972338083051813,40.78050984648365,13.769769695053995,1.9315568339062879,1.9315568339062879,True,56.03960586140789,7.040573280742894,0.4055575634130294,0.05151404180003189,-0.016206105601002573,0.011203965670962055,-1,,0
871,0.5681237748674713,0.10417899373521736,0.12219126604845905,0.16687568634433222,0.03752940348050392,0.0011008755240160051,28.283435847072482,38.05072720045608,4.856844687531727,4.856844687531727,True,21.516000516349923,6.409173778052973,2.54874929580109,0.03886405630727567,0.04012619677922295,-0.005631956219339846,-1,,2
872,0.5297746239134022,0.23317989518249277,0.05734107755491518,0.14508711332134908,0.0227012141995353,0.011916075828305358,39.60190770573402,24.729386178955505,2.4438492422768703,2.4438492422768703,True,79.37042119631418,7.19462260307809,0.5454356688455123,0.053422749537962874,0.02578147909814435,-0.010141623320460902,-1,,0
873,0.4465816880491478,0.22384507943293994,0.022926564414826208,0.03381096845118753,0.1410026488883716,0.13183305076352697,30.836421072525887,16.59057579179135,4.925785761582641,4.925785761582641,True,14.294848523578507,6.515944766447067,2.322775282589872,0.04454414350519478,0.012070506261468847,-0.002590929688169749,-1,,1
874,0.4262216981789386,0.38205590874320994,0.10487364014188764,0.021831863436781437,0.04245056211129033,0.022566327387892143,30.045849865303488,25.373530292253324,2.7372617055208135,2.7372617055208135,True,42.09918453050451,7.149524536808056,0.44108180841508304,0.0356002820364945,-0.019416463421485952,0.005170341485035714,-1,,0
875,0.6145053701720531,0.0959341502110112,0.025710003988557505,0.0557607319805433,0.024811872601167868,0.18327787104666707,37.95413644226417,16.759380978408927,1.11546379847509,1.11546379847509,True,31.040871201808645,7.169694960076667,0.29629672895718,0.05138127605019877,0.028954738585769097,-0.0007222284434504417,-1,,0
876,0.13089331877437244,0.4391577044028775,0.2102089572127096,0.14588090523489675,0.0002404481167072771,0.0736186662584364,37.47545455075558,33.7584309605329,2.5752826659084023,2.5752826659084023,True,78.9568679245316,7.173319794741764,0.764536138440111,0.03684348915089751,-0.006730351897955227,-0.00014552013758535075,-1,,0
877,0.05192159467056912,0.014187391631476608,0.32113337204007714,0.37216856764420453,0.16269209748771504,0.07789697652595771,34.11781553238726,44.800038866490645,4.8727083997322715,4.8727083997322715,True,35.24943848281874,6.571043317005672,2.9167238624118297,0.03831060265271388,0.044623093878430026,-0.01988787266470981,-1,,1
878,0.5738823339813206,0.1474965251938704,0.01175111611719664,0.16260431160952565,0.04855145909625522,0.05571425400183159,41.24278391215438,25.513764999631412,3.3086011400379336,3.3086011400379336,True,125.14393257870387,7.144655464645545,0.9677144493388595,0.05349989743285235,-0.014797476289883274,-0.0035043703362323477,-1,,0
879,0.3703835364521424,0.1382994004225117,0.19366352418523478,0.12637978589368043,0.12451774042082842,0.0467560126256021,41.45602537122896,16.581636500788594,4.908893997213913,4.908893997213913,True,36.61130487580753,6.677414696724372,2.5467451081787784,0.050639042339313683,0.021905445852855764,-0.001490341564502405,-1,,1
880,0.1571888490161521,0.6066941589642489,0.04723585564555341,0.0028156483521860976,0.09484377228688935,0.09122171573497019,28.652830640562893,44.096978300923745,5.990348138460192,5.990348138460192,True,1.0198475831055465,6.1893582231672095,3.369196569579163,0.028102420483307942,0.018292703525469998,-0.005569710860706988,-1,,2
881,0.3009913122868513,0.12367929224035891,0.05047123922330144,0.4406827379009894,0.018774414720025032,0.06540100362847391,41.27003056412507,31.59763200769239,5.218428316267308,5.218428316267308,True,25.009132160652754,6.452787488087459,3.5869450718419813,0.06046114635050728,0.048502567011956536,-0.002841313366956211,-1,,2
882,0.098622826536228,0.6036378696676712,0.20356907069953928,0.052598259668996776,0.03354188555512409,0.008030087872440604,34.10963508002554,40.94699859871858,4.98087667553143,4.98087667553143,True,20.969021459511634,6.665489817444888,2.3490613284681596,0.024938608887518587,-0.002309435780437047,-0.016503224839116083,-1,,1
883,0.06642243268863932,0.19570098155079704,0.39585042281051,0.1763603271923609,0.11856795586332314,0.04709787989436963,28.855788072941987,31.128827232264353,5.81783985477095,5.81783985477095,True,1.846184211424596,6.370383349494607,3.630594785115255,0.03131282902452677,0.09520006302373513,-0.020607172126395148,-1,,2
884,0.40261834350008635,0.07960535294500999,0.26004102077825697,0.10780883150289464,0.002843590426253743,0.14708286084749808,39.93133541859429,25.40321985549678,2.31322106673084,2.31322106673084,True,76.08465926184418,7.282762343320058,0.4003543350707212,0.05082616762735623,0.00532976440168885,0.007522474667317333,-1,,0
885,0.19646187156988884,0.048146971643694914,0.15389278800273873,0.03174348900296553,0.007400301534565583,0.5623545782461464,32.08229041846903,20.964564521551083,3.112998955625729,3.112998955625729,True,54.091874452120905,7.127672668417904,0.7212932199508822,0.05408839328638983,0.034745378526192194,-0.01686547301180825,-1,,0
886,0.36803021903808214,0.006673781357419476,0.13853931706191489,0.210946508281899,0.12056854114038351,0.1552416331203011,33.621118975848766,20.28563647296709,3.1065898239752867,3.1065898239752867,True,55.77867771017419,7.266456941538611,0.9547286546309939,0.04283578598457112,0.014679237475191549,-0.000915362492767693,-1,,0
887,0.23890410674978896,0.01323756855248845,0.17506406101070573,0.013779742209098762,0.012255312758123792,0.5467592087197943,31.624930084217073,22.753157049427394,1.7606032116375085,1.7606032116375085,True,39.20582655428688,7.153677372246767,0.3574782443639447,0.05071574741594908,0.032005596884739605,0.01243528519665232,-1,,0
888,0.41578306907811186,0.07298074210508136,0.18703165046991188,0.1024988214516755,0.01653375815842351,0.2051719587367959,31.35511346690633,35.56708982677261,4.889701553782151,4.889701553782151,True,21.83045647409021,6.5639048837310625,2.4349233241774884,0.03856631341580637,0.07054056002015528,-0.02824083379550883,-1,,1
889,0.15746841686715715,0.049208546477796405,0.5703533304140456,0.21609712086719696,0.000274291374949226,0.006598293998854913,35.901626901383636,20.441430319947898,4.30847872442582,4.30847872442582,True,76.4502531396426,6.858575914997275,1.9861355638460925,0.03323318637672656,-0.004654707568244414,0.0037142520824581414,-1,,1
890,0.4583028787484923,0.06032854015341631,0.010443596583815775,0.4027004996186618,0.01584490243319505,0.05237958246241867,34.90103699121135,29.22279434070325,3.2463877354921307,3.2463877354921307,True,88.70296111735823,7.203549580814059,1.2297542855435046,0.051484299837359485,0.012527564063804503,-0.008650206169599882,-1,,0
891,0.3350238509783652,0.3623990991900006,0.15107809610086287,0.03190451513633015,0.04746827938900442,0.0721261592054367,40.240369326509764,16.444090245242382,1.6431996357732992,1.6431996357732992,True,46.382921962419786,7.2398147896709615,0.393647456587024,0.04434794551425666,-0.01665086781007697,-0.013689119900851494,-1,,0
892,0.13672520806568983,0.4046762555178579,0.22007027973382365,0.21099266498301492,0.027531818725326014,3.7729742876010056e-06,34.576962141736956,27.979308326123075,2.3339125326680987,2.3339125326680987,True,59.437348858704546,7.199323351556892,0.5298556544661052,0.034813228008087276,-0.04416030114647115,0.021267775895378406,-1,,0
893,0.3661296767345182,0.09437169586093243,0.20083695250979045,0.011657345683697903,0.029293342679540132,0.297710986531521,35.20066388793495,33.26762868033961,4.962125011834425,4.962125011834425,True,24.498719258026128,6.629705516531826,2.3995926932514466,0.04688086046424163,0.08865566927722768,-0.015049019418743117,-1,,1
894,0.4029302926507424,0.21279069989866511,0.05169923318234783,0.09966260105859837,0.07347573908953,0.15944143412011608,32.31044257377127,40.988538121623776,3.2238730401552944,3.2238730401552944,True,73.11568989236129,7.263675354962757,0.9719591687490939,0.04021389522056711,-0.022481059415990608,0.007265844577651538,-1,,0
895,0.4136571022365955,0.23994962513153656,0.09418307144278117,0.026485875631226022,0.20840143946581205,0.017322886092048552,28.61487671358858,17.855325619294586,5.235463330677537,5.235463330677537,True,7.0030565101688,6.577652910062779,2.622940677419846,0.04881636606144378,0.03195957719984255,6.142880387883728e-05,-1,,1
896,0.10225973892308185,0.12894154738605218,0.14304040039945226,0.5082419892652474,0.046089801873851456,0.0714265221523147,39.90052382970596,15.28959073121096,4.890589694315791,4.890589694315791,True,39.44460429694166,6.67197075789177,3.21509430029114,0.05564710539580578,0.041704834464527815,-0.015190721961104308,-1,,2
897,0.11375511607554142,0.22480424243775496,0.253378843025137,0.15850374491224684,0.10766820930608806,0.14188984424323178,37.56658758159665,20.1885869835122,2.5877647350966395,2.5877647350966395,True,73.62136866805925,7.2601871889910505,0.46454275020648744,0.04064849480676954,0.0003022138589641064,-0.014252818299418626,-1,,0
898,0.5423932065316355,0.005123500395300329,0.11509662598353308,0.20582226955561445,0.1218263789816571,0.009738018552259415,37.44207064337886,38.64713939059334,3.74915239601835,3.74915239601835,True,110.02454142912057,7.167861248160166,1.419141041007145,0.05946186415036031,0.01113408023839487,-0.007071396571922625,-1,,0
899,0.3167729743922253,0.04577547478545339,0.004675979628853222,0.13778133502874046,0.04167676098147215,0.4533174751832556,32.131007026930156,42.839377886579896,5.545899356315401,5.545899356315401,True,4.769648110212704,6.3402806246268435,3.310181295877449,0.05939424100387659,0.03227127679793117,-0.007606265778831509,-1,,2
900,0.3915136509839004,0.30868822116098144,0.012452427462479938,0.12023691954127882,0.05403447914780264,0.11307430170355678,28.579497310658734,35.39223389176931,2.7227343283584675,2.7227343283584675,True,42.77226216334271,7.193587902454141,0.5044056011990692,0.03832674020325312,-0.009887492967619925,-0.00915348408001268,-1,,0
901,0.25233149268540017,0.05432217788951381,0.3407758058417015,0.31494689813225657,0.03657795079062678,0.0010456746605011526,28.756126925061906,12.656028592709966,3.558972626313774,3.558972626313774,True,48.70632526859463,7.2032952602064055,1.3955389393563893,0.03429181644370795,-0.02750232863084932,-0.007873704318067871,-1,,0
902,0.08716452736806529,0.3689939496726888,0.1359293580836589,0.014586687914019692,0.271699765383431,0.12162571157813651,34.34085550292953,27.11939804235162,2.537307454260212,2.537307454260212,True,63.99674585264042,7.228801316098951,0.3673507007578831,0.03290199139733567,-0.010968002752193513,-0.013077053695857493,-1,,0
903,0.495364800108556,0.1407653880083762,0.32148799270152767,0.017036257903189696,0.009832177977991456,0.015513383300358985,39.48331153780251,30.224676109431137,2.1494644539344847,2.1494644539344847,True,57.79200525574082,7.184278999766879,0.2820626862914588,0.040444214120261064,-0.02886256493071719,0.011927909204778007,-1,,0
904,0.26835341824120584,0.22135987772698043,0.2885130639822729,0.08993541297421316,0.11506176161679145,0.01677646545853647,41.2683160475835,18.478528786005946,1.9886027649144518,1.9886027649144518,True,57.42182119550986,7.37404877872545,0.3372247880025619,0.04342158562336205,0.009426801934091353,-0.013341182796839548,-1,,0
905,0.3110393365008953,0.12189635723333053,0.25996350395003953,0.042707311697344465,0.20955675294346504,0.05483673767492496,34.16138496746267,21.68295206704827,2.88221589254578,2.88221589254578,True,65.60505599388314,7.100893153013671,0.5540758709134216,0.04274314224877279,-0.000901810627043517,-0.004766017059079291,-1,,0
906,0.5415228320106911,0.13561940287082636,0.09210177361682928,0.15988742739277112,0.022677213524384322,0.04819135058449806,29.655174611527297,39.15910907099528,3.005374152086959,3.005374152086959,True,44.95645506529237,7.268738617713649,0.8569777658005222,0.047366308848026534,-0.013924002913502187,-0.00708010868948968,-1,,0
907,0.40648364180225954,0.42317983068838505,0.05342425970223454,0.09559540750884263,0.013601532290328977,0.007715328007949484,32.10957573291424,14.863477188564763,2.1640434087291123,2.1640434087291123,True,36.08356942233046,7.280848537398359,0.38505496206635026,0.040024991803628514,0.05805528022730323,-0.004372039968147997,-1,,0
908,0.28606205674580604,0.28317018400308236,0.13658197640855327,0.1320801582827728,0.09417619211410277,0.06792943244568277,38.723782826464486,38.54108691271229,2.859232975850663,2.859232975850663,True,90.63642782193823,7.25412760157576,0.8070418771472939,0.05558294769383251,-0.055417387350423675,0.008081692825758177,-1,,0
909,0.18193741714684825,0.18558668238421527,0.247585242289096,0.06085282343767538,0.003679630138871445,0.32035820460329373,37.14073125674757,35.46432902749136,3.556887391468213,3.556887391468213,True,97.18480028205707,7.273022770385409,1.015946394355905,0.04391154153465554,0.05112583863972118,-0.012768817449883051,-1,,0
910,0.4046888006017317,0.2897168428350719,0.031771261048789134,0.08538445749739176,0.0014178856799948467,0.18702075233702062,33.43353794623694,19.94297462750315,4.214376703917575,4.214376703917575,True,74.06964113384691,6.964339971706119,1.756646567477607,0.04737472061790623,-0.016424940777544066,-0.0026332267678297154,-1,,1
911,0.4380485840719594,0.29057780870681815,0.08276140304806918,0.03753422197563858,0.019688532419682988,0.13138944977783165,39.47153680478092,21.040810822399095,2.9639540742794415,2.9639540742794415,True,89.90623575047937,7.173128911603135,0.5526563744143503,0.04958870858043386,-0.004994437103757281,-0.015207262533518487,-1,,0
912,0.2457946607185998,0.419278215559738,0.1559843905537909,0.05158269315918999,0.010511705436020294,0.1168483345726611,29.99885880407641,26.993472352328943,4.741556458186115,4.741556458186115,True,28.82605670502527,6.570763093748041,2.1482632503713486,0.043728279635303985,-0.02290439390531341,0.012993744083499058,-1,,1
913,0.2481629694629339,0.046437644985817324,0.2814135648953823,0.03732987106656123,0.30475162289997265,0.08190432668933266,37.799524019455404,21.110477415098075,2.9865165445423782,2.9865165445423782,True,89.31666975189667,7.19046510858632,0.7825432008412919,0.03776778272764204,0.03178535046751301,-0.010318735438351085,-1,,0
914,0.13649295888802282,0.47191904833191683,0.3483542276025798,0.024927933432987118,0.00841019378776031,0.00989563795673302,31.463025598901915,12.920955499102968,1.848504759048687,1.848504759048687,True,29.71555934062306,7.051955522658664,0.4051417806759987,0.030135686843553416,0.022744353922479494,-0.008807133456625456,-1,,0
915,0.13270938288186523,0.32284870734462395,0.09283448214097663,0.32435384275030776,0.0043433921337991625,0.1229101927484272,30.405164217165332,32.41454253749913,5.63616506846687,5.63616506846687,True,3.73954773658793,6.400845554924787,3.7475738948711923,0.0391883827275101,0.04457697865045701,-0.0071967395508702285,-1,,2
916,0.27547236064157793,0.05786446825863043,0.2988462049086333,0.176654420108018,0.14197685315386438,0.04918569292927605,38.8864548399316,32.30954110932271,4.052218142415675,4.052218142415675,True,111.57690764656624,6.95247579033365,1.9101226615135323,0.045197820859170165,0.0028241607339393755,0.0056708131950493875,-1,,1
917,0.6378144706288905,0.01813660762000793,0.03177215676908919,0.007985492680417549,0.18327933628790924,0.12101193601368562,36.346334216676496,36.49278670276669,4.426779627933967,4.426779627933967,True,57.456024746264035,6.944337872051215,1.7787761449847168,0.04205118648330172,-0.04915896998474708,-0.004778507497015566,-1,,1
918,0.36344940353536886,0.1773721079082151,0.052656419045707045,0.022142938474030396,0.001622499818527719,0.38275663121815096,39.675367110050104,31.861336442574107,4.793273985260615,4.793273985260615,True,45.83268906905857,6.572881910406656,2.1606168957716623,0.061017313361620085,0.025148150786069422,-0.011467378163005935,-1,,1
919,0.4369616865869771,0.054008799049520995,0.013933150806816619,0.14690592711861145,0.14193483514148914,0.20625560129658463,36.85015989942103,30.842829537476465,4.136817484305578,4.136817484305578,True,94.70227425414443,6.888983751594733,1.8264264664680423,0.04500184836196638,0.0118298342428899,-0.0002461697026829362,-1,,1
920,0.42004916262811687,0.013831285134473736,0.07887853922376349,0.11464605609408432,0.10200391452783453,0.270591042391727,39.02496486387453,15.996202524477013,3.2703037516434765,3.2703037516434765,True,95.0492214546979,7.384219488644805,0.9100643141563104,0.05905555840730782,0.012240590759635402,-0.000135559557756007,-1,,0
921,0.38129615260016386,0.04013200328283231,0.17016762125949023,0.2549974701138111,0.07146223484807673,0.08194451789562575,30.61311826034506,25.89119472182758,5.423111277508305,5.423111277508305,True,6.805838566624574,6.419286570669289,3.349943987419872,0.03803641722221546,0.060035895701937986,-0.008036510310088008,-1,,2
922,0.43100439465779655,0.36406708632594026,0.04256298643276088,0.08882460535824516,0.016669954238292484,0.05687097298696473,35.93344434121131,13.564131988331127,3.0286913099814363,3.0286913099814363,True,66.36685996761994,7.1898525277097125,0.7942262905005074,0.03562392743543314,-0.004570350984367833,0.0015971084978359164,-1,,0
923,0.14159244349669214,0.016617295088604437,0.5435257657045444,0.1673796862473251,0.003838968681680181,0.12704584078115377,29.374059382345603,31.246523826343825,4.736326143562763,4.736326143562763,True,30.785804300714382,6.634061801281997,2.3443864602250755,0.03312978706989476,0.01572797278269432,0.0039036012226925524,-1,,1
924,0.26247736983655234,0.2350406286395405,0.19156273025563755,0.030082030767363314,0.05090265397549546,0.22993458652541093,35.15623312397335,13.366880267113153,0.8778070938293381,0.8778070938293381,True,15.87981448910166,7.226557402526632,0.28413811429302627,0.03977574274569745,-0.004769490484462897,0.018018702392879074,-1,,0
925,0.22377197221370387,0.10407490253549646,0.27347268032881317,0.25461346691314907,0.14160922641549328,0.002457751593344067,30.062627959247603,13.049219551507722,4.5232321530579265,4.5232321530579265,True,36.76079122274748,6.830426268478294,2.4114319358643357,0.03422158318639082,-0.0502453053842372,0.004997639821919469,-1,,1
926,0.179620925171154,0.053704600922672235,0.5497798930585076,0.077436993408999,0.06153132870470551,0.07792625873396156,37.00237943132221,15.895215465951715,2.5156431722068637,2.5156431722068637,True,64.43696279828674,7.290834886804058,0.49838465350383193,0.035069545178014534,0.013356522876002917,0.011558136110014817,-1,,0
927,0.6165637620847476,0.014043667450357861,0.2640767196962563,0.07635465360185344,0.016957653130724906,0.01200354403605988,30.17375925935751,15.445694627765246,2.2311746952797815,2.2311746952797815,True,34.58493679481538,7.228223973130306,0.48323580579245934,0.04276005130010563,0.017352585391909627,-0.010114654474488432,-1,,0
928,0.117866956669245,0.2307006634644624,0.20153810548792592,0.03770451545328595,0.09928825073088995,0.3129015081941907,40.03159095809435,30.478236781218353,3.7102853846317654,3.7102853846317654,True,118.50652979571746,7.188289064581146,1.1264345570133132,0.04977545631806929,-0.037677603438240136,-0.019502908772729498,-1,,0
929,0.11712248367076585,0.1387318439324143,0.35284189260334264,0.0020778210642492575,0.2650474789374682,0.12417847979175985,41.22479139036898,35.89923678401665,5.281241869597702,5.281241869597702,True,17.15863582566862,6.475028349819165,2.6180848735059064,0.042763458795776775,0.006132212916514546,0.00130482850904148,-1,,2
930,0.5245882709067003,0.03313535837748928,0.31325216052543814,0.06303963304474192,0.03085803433090648,0.03512654281472378,28.4014444130218,37.113511285930414,5.236738414489659,5.236738414489659,True,5.917747577317577,6.449790678295325,2.7063391204288267,0.03656000838336549,0.05971172855770304,-0.014695632643896936,-1,,2
931,0.07498859552151194,0.4149653312072552,0.26638239036948663,0.06118325713281525,0.11196362077564019,0.07051680499329091,39.98304400560109,21.141523341643243,4.7121357765789345,4.7121357765789345,True,50.608324146729096,6.695385821523715,2.183302975706798,0.0756260970435099,0.059524366677986044,0.00212965298923142,-1,,1
932,0.41816192255106865,0.07825053617647253,0.03323130019034452,0.07028695068385049,0.3474452015637936,0.052624088834470145,31.967891527926433,21.32518412029556,5.64217313035977,5.64217313035977,True,3.017300526227103,6.3317627246604,3.3367728033770803,0.036269550736948715,-0.032745770072703635,-0.020065484031077267,-1,,2
933,0.5192211534643498,0.07887304479358445,0.10017094055189202,0.08647030709838069,0.21517633399321995,8.8220098573122e-05,29.499148961352727,18.217180326040655,5.88359712777547,5.88359712777547,True,1.279035665332037,6.283620183228693,3.4965246272044084,0.03500115873583373,0.03269596117146299,-0.011370073976395518,-1,,2
934,0.12697777295340865,0.44859739101258705,0.31632891367708493,0.0646373750354686,0.04309875387931241,0.00035979344213823956,39.558838501886584,23.883790757410978,4.216876322050304,4.216876322050304,True,84.76896071271366,6.845667693118359,1.60206721967263,0.03574820258278582,0.0010360599008380576,-0.01261174309456807,-1,,1
935,0.40298278223870926,0.06083172110897561,0.03806109437814308,0.40664744089234306,0.08073082992768403,0.01074613145414501,28.627800476563916,18.130317780246724,2.036563536608834,2.036563536608834,True,33.95250805248326,7.223077470087434,0.5975114406048553,0.039183618181633656,-0.042210810222991245,-0.001318476666329565,-1,,0
936,0.10028266423606295,0.5328988918839428,0.07367055687640348,0.20648384053561378,8.044377822272936e-05,0.08658360268975428,41.99865005112719,17.292798263240485,2.4048137854781544,2.4048137854781544,True,86.9198187810002,7.25406094943517,0.6557221175749515,0.04777839315349738,-0.0032088135380624336,-0.01424635924308358,-1,,0
937,0.14829913240043038,0.10843847489238967,0.2435083368947604,0.2843919051481046,0.07456528513017241,0.1407968655341426,32.481045674462315,16.792380352750612,1.268162767027099,1.268162767027099,True,28.160402148633153,7.171743640797466,0.675316935898385,0.038850369349740545,-0.008922961723686394,-0.00716070513811285,-1,,0
938,0.09369723256496404,0.026642518759424347,0.25756507156728026,0.14066588480851117,0.009170090492157426,0.47225920180766284,32.9268814439688,13.671509505109308,2.8063753226351897,2.8063753226351897,True,52.93652958964356,7.259286421790681,0.8002114138124076,0.044223370348318324,0.014422467368268892,0.00489648859678729,-1,,0
939,0.14864183214706075,0.1144384110550349,0.4927548494375453,0.052915818978637584,0.002770461503846382,0.1884786268778751,36.916238572427815,38.508708942768486,3.4655251318245197,3.4655251318245197,True,84.60531494266662,7.141647454811283,1.0158388091624664,0.05193537123557716,-0.00942656671136527,0.005524417801990589,-1,,0
940,0.19033063968744182,0.03245124884336694,0.22865998832542234,0.2948052902873396,0.054022439588422934,0.19973039326800623,33.49393847062679,29.716905508182265,4.318751703710693,4.318751703710693,True,66.0582953991788,6.700472842880089,2.2123067610238647,0.043844374744790575,0.0004542880829385941,-0.010993221003877708,-1,,1
941,0.1804779598806869,0.5351593777713403,0.1515886890019155,0.009042320073274872,0.056020720618147446,0.06771093265463478,40.84939671439036,37.52389755148906,3.7686052001069266,3.7686052001069266,True,124.55978924685341,7.201796940537422,1.2220186901396444,0.040732419567837824,-0.00016757527695641494,-0.0016853846573882869,-1,,0
942,0.2502969777688459,0.3505050624260351,0.016988762968797973,0.07921182075492053,0.014855779386875163,0.28814159669452544,28.98579881940768,24.09533175847116,1.8323270388070159,1.8323270388070159,True,31.39945952189876,7.117552331287205,0.33656750511818206,0.03810108203805317,0.004107203588144665,-0.0011415570433308628,-1,,0
943,0.42718829649590434,0.24255509425875169,0.012654111665780286,0.18441185867181,0.03299611989415366,0.1001945190136001,35.45223762559792,15.055319677196206,5.200708050490921,5.200708050490921,True,12.80564592008293,6.616469019037474,2.9549343666011,0.05173005949822871,0.023494220342682684,-0.011000366144400989,-1,,1
944,0.18703910372062393,0.2972265104223827,0.020526450186855998,0.2500891055016191,0.18195033986654327,0.06316849030197526,38.37137227913722,21.471755698478148,5.522284378610263,5.522284378610263,True,7.68419919043098,6.419363524891329,3.555132847171674,0.04140469240068611,0.0320478395092762,-0.004872110211207374,-1,,2
945,0.3459050802599014,0.07893459544995049,0.006343270004555462,0.13924823671611075,0.06537084132432858,0.3641979762451532,36.581285356102484,42.44027606151008,5.270543548252621,5.270543548252621,True,14.098497895762408,6.439092340505558,2.9514126075638956,0.04742532721290053,-0.018049102698926116,-0.0012781605260717126,-1,,2
946,0.2352437073888404,0.40978096707662487,0.021209455699166053,0.19926503891414377,0.08231971924432378,0.052181111676901155,34.586487647452756,44.77494274411672,1.703172035404736,1.703172035404736,True,40.941162966915556,7.203134847377986,0.39796597636629805,0.032602206990513354,0.0019265402662380965,-0.0017228408491486485,-1,,0
947,0.4344775474198371,0.007245012801490629,0.04911082872639715,0.056090088497463594,0.003944745430410169,0.4491317771244014,29.587305774330584,39.46593163896688,5.31559394911183,5.31559394911183,True,7.617798684909785,6.5489733791588565,2.784792737522086,0.05113063502204057,0.03970012977806969,-0.0011847238088627862,-1,,1
948,0.6230555498620729,0.17260610673522025,0.04492253512097165,0.05746486363505169,0.08423459577560061,0.017716348871082817,36.73377176991764,36.619759620559265,1.1431814294815024,1.1431814294815024,True,33.335405053901816,7.250473359386069,0.3201139415849568,0.039452629670060815,0.004207027331317242,-0.005097392166569945,-1,,0
949,0.286427759203125,0.026501813268913037,0.09158915949369846,0.19113092015271768,0.20680758014967393,0.19754276773187185,30.530758263942804,32.711048304139744,1.6305497726623228,1.6305497726623228,True,34.93150321950225,7.350952112260197,0.5529819040138886,0.043853899130410275,0.06265919798934676,0.011345924483367319,-1,,0
950,0.6216448644965504,0.015016080218371338,0.0796949771243807,0.09272946916916068,0.1670322873109934,0.02388232168054349,37.87242844822773,19.536339926824745,5.817530437907801,5.817530437907801,True,2.70220566088635,6.251129572029451,3.4518634505537173,0.048322082760109755,0.07425984087622028,-0.016677239135646563,-1,,2
951,0.2076713433481177,0.16360229546387522,0.009927687481375411,0.45861247905830865,0.09944529802539182,0.06074089662293119,38.17522158014156,30.10716211000596,2.6368797278609994,2.6368797278609994,True,101.8557074662152,7.16417027265901,0.8172965399781714,0.04786308631260424,-0.03024352697734458,-0.00495568443580572,-1,,0
952,0.13210002821714842,0.12083733912058331,0.1385819425028752,0.5031872780628885,0.06816027144287519,0.037133140653629514,30.271058567217743,19.488661756957423,5.359676562078505,5.359676562078505,True,8.396577860472158,6.397696917628586,3.892531700800617,0.03986197248030916,0.014187231176718286,-0.006527683189062609,-1,,2
953,0.5043339178748341,0.06589248446704915,0.20010538968552197,0.1908958017745876,0.01946341170376242,0.019308994494244905,28.84386942810874,42.80242000018656,3.5508133968360873,3.5508133968360873,True,49.824813420913905,7.143091597650743,1.2164869697611984,0.04735169073651079,-0.029657358634115987,0.017004767338937347,-1,,0
954,0.06526366783629407,0.10025091743914175,0.15709996664042547,0.18027921922746615,0.2947751563231977,0.20233107253347482,33.012346893862265,31.322928469449845,2.7692270819573546,2.7692270819573546,True,61.030237863115644,7.124926426457897,0.733901570018737,0.03701526160902213,0.041763288382171034,0.012138138608259344,-1,,0
955,0.08398670906484955,0.13566306656643454,0.021665416401211893,0.3270765223586338,0.0024178297959315262,0.4291904558129387,38.997026031320814,36.40723834066256,4.106268431969191,4.106268431969191,True,117.65625566857938,6.964973406424535,2.0538543595375605,0.05504590040363479,-0.03850792775837976,0.010047845794751403,-1,,1
956,0.3700338191495006,0.12285549925760172,0.2363656213188134,0.0990565178197383,0.09816951637743787,0.07351902607690816,40.38358961484109,24.369491742902326,4.5067748424731064,4.5067748424731064,True,93.15794129575346,6.748854881662878,1.9987706600041177,0.07259967391381827,0.033436301339486746,-0.0045638130029592066,-1,,1
957,0.6317876039498587,0.07755984710963174,0.0410149156493139,0.1863231689329256,0.0028500058321073505,0.06046445852616302,39.81293941105597,14.788134688729471,1.8745112681587095,1.8745112681587095,True,52.24437249322069,7.174145896322696,0.5449678708550518,0.04920159138163705,0.038817058438688254,-0.0035079970197751183,-1,,0
958,0.21858080691733472,0.2616318380053505,0.057404679438583586,0.2566865981693478,0.15764077648745203,0.04805530098193134,33.47974149588895,41.15098498987069,5.152340312562796,5.152340312562796,True,15.688453627015912,6.480789286603594,3.0090907333822026,0.036740350469542826,0.025657220986776412,-0.015471362702217141,-1,,2
959,0.11579957862167684,0.067713723782351,0.38919762069697467,0.41298319942348544,0.00248314205651134,0.011822735419000691,35.13636982443171,12.454020176399261,5.025754092002218,5.025754092002218,True,19.560964997569172,6.390722078310221,3.1934467243649225,0.03476000525364442,0.015620474336899108,0.0064770462210373084,-1,,2
960,0.07777643277876266,0.022354201047579014,0.01795446840798013,0.48471066771209775,0.14017962904155723,0.2570246010120233,39.007203205741035,22.407400994820968,5.130802495573151,5.130802495573151,True,26.87044755414922,6.529587168584869,3.4848028852843473,0.05439028949625055,-0.0008685011090982138,-0.02339064853515822,-1,,2
961,0.33366123293729394,0.43095511957953875,0.1454300116563121,0.028450504672850627,0.03102587347707709,0.03047725767692744,34.656107347234276,28.998510780650115,3.9596802811020186,3.9596802811020186,True,79.43275455165362,7.135429657166761,1.4974224571960413,0.030658347445538303,0.013167039629341796,-0.010960879872760575,-1,,0
962,0.28013333504315824,0.15209643502083725,0.47551761241752016,0.06933053883550327,0.007733116380850937,0.015188962302130075,33.8974005689424,34.2369918827787,4.409992874383666,4.409992874383666,True,48.28706361773039,6.738810520743204,2.2008674217101123,0.028360160108538823,0.0494545673242678,-0.0038332293610830216,-1,,1
963,0.09025360086703091,0.20030882685819368,0.33033090942805876,0.24095925305005306,0.0003236990592596345,0.13782371073740401,30.20366578863104,42.54971083093584,4.396249954343176,4.396249954343176,True,50.61028035325825,6.783220610843398,2.2984558956057177,0.05048929638628083,0.03506126055162289,-0.0010783304242289312,-1,,1
964,0.48753440399488523,0.2586191303844334,0.10336700915469495,0.09583651892441734,0.018857286678152074,0.03578565086341699,36.708648123410974,43.50435151658978,1.5227414303019549,1.5227414303019549,True,39.80761156899795,7.266475644096235,0.3626386044402752,0.03715066899329048,0.034309514281235735,-0.0012243772533000548,-1,,0
965,0.13994348587816383,0.03693429616334165,0.0944392056276149,0.003696650977225495,0.22882342940072717,0.496162931952927,40.28707200529506,43.760163748690935,3.319886613487437,3.319886613487437,True,126.24024810250465,7.210860475635715,0.7573410475964794,0.0637230027316057,0.030728852024240264,-0.010298767216012517,-1,,0
966,0.29633586425531766,0.10791758125111069,0.12831427249456032,0.43312507607481876,0.007600700471124907,0.026706505453067735,35.889322021811815,21.74899584385428,1.3564098044563777,1.3564098044563777,True,36.05649905822586,7.184638592904419,0.49312312900791955,0.044276501904227605,0.03717713375348019,0.002284081883356181,-1,,0
967,0.21390900375126876,0.03807518799507231,0.10437488393274762,0.60239612317507,0.0022957319403883567,0.038949069205452914,34.69658652480292,40.82971897585749,1.0205177923814561,1.0205177923814561,True,32.946489458158176,7.092740175293096,0.6103796010338011,0.042924973422514924,0.05044646958233842,0.0106994468138158,-1,,0
968,0.22334463333898005,0.23851797834552213,0.1660950605726545,0.018687226311190554,0.15224073453673362,0.20111436689491935,34.731248238228076,19.78460314475683,5.738390859035463,5.738390859035463,True,3.1640291145286845,6.282937664862634,3.163385338110079,0.037800855151422584,0.053635317386279115,-0.003151932999982475,-1,,2
969,0.6129340514781177,0.048495807199618046,0.1511157326358884,0.1256367548715579,0.05810084789945483,0.003716805915362965,35.01746702064263,43.80878459659554,2.5863183013154716,2.5863183013154716,True,55.75839959436987,7.2555486671452165,0.4831992993240378,0.036566176997071646,-0.030007388937407585,0.0016159184782004099,-1,,0
970,0.6542699972957029,0.12293920146009352,0.004309086042998763,0.029584738354494978,0.14746970641959317,0.04142727042711664,31.977678808821832,21.31136653567182,4.923214409502771,4.923214409502771,True,19.253333590900485,6.767630490718272,2.378179892830674,0.03623756787403432,0.005502001596874742,0.009684416268030755,-1,,1
971,0.14974455825602886,0.021077552104476118,0.09811889488517105,0.015943929210797653,0.21402145114863666,0.5010936143948896,31.59647146144,18.687472924844464,5.048547364192504,5.048547364192504,True,16.79582943173846,6.44023104713731,2.4063137649940174,0.04449216189185064,0.007443174246667584,-0.004976346271311398,-1,,2
972,0.1967419172267285,0.37744816438158907,0.13950699752465145,0.030572498812977914,0.039675848734237976,0.21605457331981517,32.19171761147259,38.13151101432779,2.483652463507231,2.483652463507231,True,48.28468408142263,7.135545323749304,0.4130668984030422,0.03339159789437663,0.00702735226428041,0.012867248242882559,-1,,0
973,0.19803077178881237,0.17919375228257323,0.08030824700491129,0.28705450722493975,0.14124501275586376,0.11416770894289968,31.843002319683812,30.180015872209182,3.095710704664473,3.095710704664473,True,66.49007805432629,7.198799004747819,1.0148227152098748,0.041739182186498636,-0.007547226145140191,-0.003640711171443707,-1,,0
974,0.35887248853463927,0.010248280831973032,0.036047579477799636,0.09274856953509689,0.0018556136115521196,0.5002274680089391,40.97813088879926,17.37860223782843,5.399904985747727,5.399904985747727,True,11.78650592261646,6.443451047984199,3.0326151109469657,0.0693582463944236,0.014032478840494153,-0.022754577842625676,-1,,2
975,0.3716737795544471,0.08430203578918069,0.034112597230556166,0.2975114907977211,0.12817705681194905,0.08422303981614598,33.22519342259673,25.422949725452696,4.981637609687147,4.981637609687147,True,26.293101135805166,6.542843085974305,2.9533423661279663,0.06590316194324927,0.034423965706938314,-0.0035108946032541785,-1,,1
976,0.24168811748684932,0.059190874211169635,0.5028191791577461,0.06814769498044118,0.02189591633998407,0.1062582178238098,35.33144788308694,44.938886978452466,3.437162135200083,3.437162135200083,True,67.6262168347693,7.109324042114718,0.9232579825690893,0.037979236856134496,-0.04267588450809252,0.009884335299940945,-1,,0
977,0.20171405309953236,0.1668341165876826,0.10754040062753555,0.04216848835326617,0.10202241160338563,0.3797205297285977,30.464343264903547,15.463250288815708,2.6155866098601233,2.6155866098601233,True,37.81810919014973,7.148988472162877,0.4219767500725581,0.05060073170281733,0.012747514789143394,-0.00545939744555338,-1,,0
978,0.44156937474699165,0.043197646882554244,0.03607390886221009,0.06154879107301505,0.16472662415476289,0.25288365428046605,29.783493822849653,30.01378791554853,5.754355891947619,5.754355891947619,True,2.3307133015884194,6.352576655769591,3.285081061307325,0.04418808218311269,0.05305442162396434,-0.0010126728185794708,-1,,2
979,0.25059905608446226,0.18181340522819026,0.15300803869904783,0.059427343118908,0.14769637030336105,0.2074557865660307,36.03048835208479,29.10891027218321,1.9509265722590452,1.9509265722590452,True,59.03659378090187,7.294877393808026,0.38948840415431824,0.037990321237348565,-0.03707354704492045,0.006925586308951531,-1,,0
980,0.2512966884365113,0.01593709750749653,0.19155991408446144,0.535920065843149,0.00016131783552905682,0.005124916292852595,35.47349664494314,22.24547421498608,2.625912668202526,2.625912668202526,True,79.39551557301274,7.20978199373258,0.8758153330890175,0.045112409709308215,-0.04354975104282305,-0.011052358821684972,-1,,0
981,0.23741604576943628,0.14111057683793762,0.38069404387588435,0.06633699388931673,0.1285547810940773,0.0458875585333477,39.20852857195075,42.56959334172696,5.308286021077302,5.308286021077302,True,14.839429720003531,6.534031346574607,2.7904007822288976,0.04733597590078558,0.06024004343909799,-0.0015862762910050657,-1,,1
982,0.5144250375476471,0.22641351159340314,0.02282650547532879,0.1083963202265537,1.0656090217841202e-06,0.12793755954804537,35.736115191835204,27.95909806430319,5.6472263290408735,5.6472263290408735,True,4.013226526384289,6.43587521596724,3.3014729983044226,0.04272877438422947,0.03472174389213334,-0.014346231014742257,-1,,2
983,0.28870242938664936,0.00907764714622478,0.3878994052734207,0.29780526341846963,0.006475051990658431,0.010040202784577255,31.344760030028496,24.652636773989403,5.641502291234516,5.641502291234516,True,3.0432774708064847,6.266664054605782,3.7956125967395695,0.034199537526146156,0.033090862969984675,-0.010956330385791045,-1,,2
984,0.0881661796219518,0.21919669952329765,0.09980570004130866,0.2928358542430897,0.1340907514376228,0.16590481513272953,32.80777325261486,25.097080346045026,5.337813251556489,5.337813251556489,True,8.55060074752942,6.376784102576906,3.5719066305063985,0.05012301102129911,0.04149647164979939,-0.005254027402438935,-1,,2
985,0.4072008248585733,0.12009293261554975,0.03566705367069617,0.35033993298606586,0.032035839336074234,0.054663416533040764,36.34599707509421,22.695522046960466,4.63550275322354,4.63550275322354,True,51.569921818290176,6.771479464314899,2.6119369290155814,0.044572957115987376,0.056160150636377824,-0.0013068301794463269,-1,,1
986,0.4327695919629253,0.16284121211018387,0.05037249718094312,0.13865086202057,0.13781696697817064,0.07754886974720715,37.509415095091406,44.83197792277901,4.221308251668056,4.221308251668056,True,96.54756512348902,7.0919028455455475,1.89902578935172,0.041191246675882205,-0.034499630061165985,-0.011969469416855212,-1,,1
987,0.14638862815836318,0.3947929371031495,0.13151922130891647,0.17354220276749127,0.0858724634663055,0.06788454719577404,28.017045504596854,40.637360116637865,1.4816332478797263,1.4816332478797263,True,24.504857011728802,7.183266693297839,0.35887026445434866,0.03233885707535295,-0.07954910832699326,-0.01250019190385768,-1,,0
988,0.17188613600400376,0.05109035810876401,0.2621410083872275,0.24910398729842673,6.481350258895799e-05,0.26571369669898903,36.428084417603195,29.295975988297002,3.9507934039848953,3.9507934039848953,True,83.95932756934482,7.052962801377304,1.7193411076178737,0.04770515273795309,0.03443843507716163,-0.02493942207407306,-1,,1
989,0.5771802449232326,0.19707353613848425,0.027684403960253047,0.08066998597884883,0.04445350631961147,0.07293832267956994,36.2493286806727,18.12125213955139,3.640138127816403,3.640138127816403,True,75.78431502040516,7.212392637009249,1.1939703284738605,0.04057675218611246,-0.019209741059131997,-0.007059445835066338,-1,,0
990,0.287120405522495,0.2004045081237592,0.0866424532568587,0.04418468154946391,0.08856486021786651,0.29308309132955684,32.98764072317222,39.16510380531115,3.576420985822846,3.576420985822846,True,66.6713870554766,7.068696599087648,1.073378130787609,0.05624714043263022,0.014822667694012814,-0.006918134779281857,-1,,0
991,0.6370871010864133,0.012699031156838804,0.07561698297942834,0.1135991525606777,0.0006795801192288023,0.16031815209741296,39.556400289579,22.554912586379228,0.8774427442739169,0.8774427442739169,True,28.14850146677258,7.1095318933853875,0.3092238014596564,0.05050836841837125,0.011348482940171304,-0.00869537765666577,-1,,0
992,0.10716894917058255,0.4962994612136455,0.049606513601147206,0.0023111108864873123,0.3382100893498798,0.006403875778257623,32.16663686732952,16.75866064207221,3.7446300448992798,3.7446300448992798,True,55.60505443950535,7.015995757435949,1.2019889498438534,0.03598829111278593,-0.003472185998276818,0.010013947830224926,-1,,0
993,0.3545433191252586,0.10683154161226002,0.15568234346898524,0.06771535381056419,0.026529470572859294,0.2886979714100726,34.08800239907008,15.834405888851425,2.324245597951133,2.324245597951133,True,48.99208964531638,7.31443075913906,0.5278679659401169,0.040965681287411536,0.03365668436688469,-0.0011553975620659412,-1,,0
994,0.16858278976873317,0.05902221701523103,0.009541839286738806,0.28886049177210465,0.16069775966163205,0.3132949024955602,29.711610056362268,38.05703093137629,1.918925466631153,1.918925466631153,True,41.895735791842235,6.971164276658759,0.6749706515316423,0.045246722361268706,-0.021431281297394272,-0.020429009538770172,-1,,0
995,0.39703093385742677,0.15526349229325379,0.08154234718580138,0.03981251443143394,0.2771824099765072,0.04916830225557689,36.77397525126137,40.686772225063734,3.1411635886692935,3.1411635886692935,True,90.54565694214921,7.220390793966921,0.8462029939455742,0.06376980732887834,-0.0025566919608709287,-0.001955613823044919,-1,,0
996,0.12363404480991227,0.1100119359990508,0.12080915887892998,0.37556605870435394,0.028980880362824122,0.24099792124492891,38.00088789746117,38.50017480968489,4.494388322219078,4.494388322219078,True,81.33736603397008,6.889604708847479,2.480142020604637,0.05111341702482994,0.005680508567214342,-0.011698455988417362,-1,,1
997,0.2663949340277674,0.16557820301262524,0.27109485617907014,0.0887433428661849,0.096534114151443,0.11165454976290917,36.53517005896462,37.17299591777966,5.190588282032262,5.190588282032262,True,13.89787518436452,6.506374265952535,2.779286491842305,0.045451507571879254,0.07035181813600436,0.0004610361438229585,-1,,1
998,0.27182628116329755,0.05325513857011531,0.21756565691910854,0.23434091621899164,0.042862540274074434,0.18014946685441247,39.28940380123875,17.794074418930883,5.810754984475039,5.810754984475039,True,3.48238297668947,6.374944154440958,3.819953944577414,0.04883682607548354,-0.005580508601945925,-0.018732325351183042,-1,,2
999,0.2913624462435757,0.2749417150634532,0.016711663319455585,0.15477314647964852,0.0819638405770074,0.1802471883168597,40.12164055375703,30.553468290954704,3.0326403372644988,3.0326403372644988,True,106.92216265755845,7.139416967870119,0.8098514004154349,0.05069836765350038,0.04602638366783134,-0.0037904853524269332,-1,,0
1000,0.20916493917837656,0.4300822705301033,0.006387100360770595,0.28443668118684,0.018443980597206786,0.05148502814670257,37.05362459498634,18.987986470830027,4.950656061581532,4.950656061581532,True,26.982995435156617,6.526211683395871,2.836689470668527,0.03958992226687227,-0.03292121339775645,-0.014923554492770084,-1,,1
1001,0.5094333453735479,0.08008686756389086,0.20007317716478246,0.000761948054092312,0.009109982870522252,0.20053467897316424,35.74628670434814,19.23696640978489,5.095794343450867,5.095794343450867,True,14.372619989504168,6.456925157259739,2.458715662552407,0.039553354665268665,0.06129126306178343,0.005098907947330771,-1,,2
1002,0.2296597842798515,0.3198201255011605,0.22595258004259208,0.1985863141551813,0.0031724540900205634,0.022808741931194105,32.631534340393,36.01490566658541,4.689499842439148,4.689499842439148,True,33.09970259818545,6.718682950343899,2.3440130066108296,0.03488811474709255,0.007227413955445374,0.0012989087807002836,-1,,1
1003,0.31977550959919226,0.18944180173867475,0.025487595323725222,0.3167766153086926,0.09174683382088318,0.05677164420883183,32.58939662183582,38.85248195077921,3.0472990783371854,3.0472990783371854,True,76.12156475572716,7.186959869626164,0.9813644723445804,0.040056372801828714,-0.01906468569772709,0.01821030397068037,-1,,0
1004,0.4379069514323762,0.24192471201546542,0.12240216121379993,0.05514023978063362,0.0005490691195999447,0.14207686643812495,29.089719667970982,25.7332119880774,3.029618186686145,3.029618186686145,True,43.27268167070157,7.177600646156159,0.6758898763807754,0.038183774814179824,-0.00821972317378894,0.006276776724247296,-1,,0
1005,0.09015856223009515,0.22934087637976847,0.06889915350083815,0.09671732639131998,0.3053103386565856,0.20957374284139269,31.70595940877273,36.577105460757075,4.902145877956547,4.902145877956547,True,22.963308320402263,6.684831927118723,2.3796462868129704,0.036200098136743186,0.030312621293614166,-0.028255455058023446,-1,,1
1006,0.558695800650589,0.009161666533427851,0.2367252872380617,0.09340637136964948,0.012861521011190908,0.0891493531970811,31.375337390919615,17.80768223924946,1.2096575720247211,1.2096575720247211,True,21.181563379290388,7.180041985338526,0.38176231086858753,0.03809721131911554,0.012087116032697756,0.01598863262072351,-1,,0
1007,0.2287560496796356,0.07828949238004554,0.5299302859125254,0.023144591197058112,0.0033512953082650678,0.1365282855224703,33.335561627002974,38.39707023911768,4.391973809705214,4.391973809705214,True,51.23956532857656,6.673731801911659,1.7447530045504525,0.036754749752273164,0.051029371003209645,-0.007101718581780055,-1,,1
1008,0.12620317520630528,0.08730965750894659,0.07513288434332252,0.22439940188201246,0.34010672549662385,0.14684815556278927,36.21431617487178,33.60451857331735,3.383054502474681,3.383054502474681,True,101.90927508639152,7.18117723122553,1.1243219182496063,0.04701288866361256,-0.009307129479058977,-0.0010307911555602792,-1,,0
1009,0.36231576678590705,0.3024953499690132,0.009933896234883837,0.20779909455669157,0.0008483001408066362,0.11660759231269775,28.669605278158617,12.509831446447436,5.089226809824419,5.089226809824419,True,10.35532168487152,6.624553182445455,2.863043118016103,0.04085593759007036,0.07454214901240293,-0.012646174164347539,-1,,1
1010,0.39517362929788435,0.24734914581590894,0.17142955061332882,0.029811031134268334,0.10269011923799369,0.05354652390061595,30.16283004457815,42.805841218525174,2.7375309310243443,2.7375309310243443,True,45.88798110085599,7.1642841185152895,0.5710267276364633,0.033638033298276374,0.01944237060923963,-0.006314799826093219,-1,,0
1011,0.21756335472268362,0.10819094135703486,0.01065641893025018,0.46308409418093177,0.05010621339774201,0.15039897741135777,36.685271035389704,43.26644039021991,4.477418357573708,4.477418357573708,True,70.51774500340669,6.769043305780867,2.917639761403257,0.06948935450434446,0.03274055700254105,0.002266621588461101,-1,,1
1012,0.337829829058873,0.17978670195857788,0.08271768307369011,0.19852074620715437,0.0005388785719685066,0.200606161129736,30.112699676297755,29.13697830434983,2.963688102358815,2.963688102358815,True,53.85607527048923,7.15491594799609,0.7574146638317432,0.04058656791249769,-0.018364745135507093,0.011487651715644512,-1,,0
1013,0.2876198684498219,0.00506978948614717,0.026397213190009584,0.08052427435450786,0.031523662466688994,0.5688651920528245,34.948835198481994,14.368403136196362,4.381925162887302,4.381925162887302,True,56.166600867515974,6.784993779393701,1.8631739362616895,0.04896106116300897,0.002675577443430461,0.009046536722915288,-1,,1
1014,0.4237756770538418,0.13017246588987788,0.07075231159908206,0.20160200267912054,0.0005299616673559641,0.17316758111072175,33.31839148146685,23.3519874871468,2.930344980198692,2.930344980198692,True,61.20188742329054,7.1476549175220025,0.8254927969373884,0.04670947646203825,-0.015278154191526366,0.0025616189048385837,-1,,0
1015,0.3731815117687574,0.1654196117561517,0.11774912179155529,0.12025825342499567,0.01837427213618482,0.20501722912235512,36.559486271015246,17.840200962736468,2.162615217849684,2.162615217849684,True,52.43339518325228,7.418871481504654,0.5791786724650652,0.048548856084329815,-0.009821201975236527,-0.014037718293379806,-1,,0
1016,0.2593475856425028,0.2101992643710008,0.18099394734635849,0.17092335965005237,0.0009029144618293088,0.17763292852825616,40.260787499313984,16.145128024993546,5.744560886223004,5.744560886223004,True,4.465205781662327,6.374702064484075,3.549190696079321,0.04991232200608005,0.01362295739569578,-0.005404927868541249,-1,,2
1017,0.1680946259031974,0.03730551226263559,0.1862693774629041,0.22412410406626093,0.2369157368001105,0.14729064350489154,28.412444644717137,24.286236566448842,3.722716537890534,3.722716537890534,True,52.11547470872131,7.052217633477992,1.5396715112934953,0.04196827771080303,0.0277430087179553,-0.02136916261293942,-1,,1
1018,0.1312623060971557,0.11602624195628607,0.6608643637252272,0.05077830664606806,0.010684408403839512,0.030384373171423597,39.03565909006426,28.848353957803134,3.4755400372713297,3.4755400372713297,True,104.75902054929945,7.296326846135715,0.9417294586835809,0.033954894492169735,-0.020137651320763398,-0.005809631565477944,-1,,0
1019,0.3261573974247278,0.19530006167635772,0.12926216180940528,0.2437359890294281,0.09678178732736513,0.008762602732715946,32.90302450210609,24.95029994229072,1.374805803597387,1.374805803597387,True,30.597239628059967,7.145475390665997,0.4308470109376362,0.038696595501868436,0.0163925763311985,0.001240913500352351,-1,,0
1020,0.23655992982700577,0.36297848685835943,0.29465885216872717,0.008318805232368135,0.05676680916579851,0.04071711674774111,30.181972934522364,44.59391697352612,4.441652426909697,4.441652426909697,True,40.84891078702243,6.8822113135197815,1.7658286197266009,0.041605917684897305,0.016228817649729884,-0.007816888580577861,-1,,1
1021,0.35877325765125906,0.09016044685169243,0.00668769163147269,0.2891302685151408,0.17149515978803742,0.08375317556239764,28.46989611720608,22.2482991902433,5.974922419234815,5.974922419234815,True,1.2385113043171752,6.216604929401577,4.137136369554019,0.04065078858682621,0.041565289150738496,-0.010282032009579495,-1,,2
1022,0.1923098417542088,0.10003634234936627,0.20735685726389635,0.1760630564285463,6.871366380446005e-05,0.3241651885401779,39.327548194360446,39.78180426229085,2.2432229549652565,2.2432229549652565,True,91.74944127488918,7.210187871292467,0.5625742268149186,0.05414166622990834,-0.00887345549430319,0.009028035652693878,-1,,0
1023,0.3020361560691276,0.09270706069200536,0.029743670061067293,0.39062123727000964,0.0169843990328658,0.16790747687492444,40.12654566206622,18.23076450132755,5.431527550967804,5.431527550967804,True,12.30850056941695,6.361399052071987,3.6648781422492966,0.05261945612901085,0.03221413557004953,-0.022297697772370936,-1,,2
1024,0.3763460708100707,0.08017913920855504,0.4425058449910006,0.016475193454509745,0.013845173841417285,0.07064857769444662,36.65240494862681,19.10234528500605,4.28719443073763,4.28719443073763,True,61.48977657931819,6.750473864314017,1.6078242843621635,0.035197855722299554,0.04249219361147541,-0.0018816384336571368,-1,,1
1025,0.06387080943083838,0.5482812441852126,0.008393845925720511,0.32123974736209226,0.056655363455276234,0.0015589896408601301,34.02337391296965,36.08782494463842,3.659723809441279,3.659723809441279,True,81.97870028005401,7.189005105252107,1.518916449643163,0.03363222386994271,-0.010604083952961321,-0.005747719585947512,-1,,1
1026,0.32015846941043896,0.12539461464395737,0.13493148793750184,0.16471821795984368,0.1688161828774771,0.08598102717078102,40.28838335050935,25.146914999834436,1.962189861737567,1.962189861737567,True,68.60952863214162,7.052180389011,0.3801778594525649,0.048415468805350824,-0.017521620715643595,-0.003048414746314086,-1,,0
1027,0.6081839402010236,0.04595741235929452,0.014328365763630665,0.07648131843502265,0.13689337253482511,0.1181555907062036,29.013645387239514,26.036900928330716,3.7329222125548425,3.7329222125548425,True,49.23629065047497,7.176546387897135,1.3804603808376172,0.04081066287465653,0.016519573939079386,0.0028071111689608012,-1,,0
1028,0.20296268656899635,0.08765806326763251,0.059856754205413615,0.48134390403198624,0.024054190162169118,0.14412440176380217,41.46763178682511,16.91797696921287,1.3124678100363827,1.3124678100363827,True,56.78738974351613,7.238901015197161,0.599901384086592,0.05940537296530393,-0.024623336264034682,0.0029344143491021914,-1,,0
1029,0.3091505747070453,0.013127996045344068,0.25188892737319657,0.39155829232132366,0.028981717655366678,0.005292491897723802,38.18669416136991,12.744762071081581,5.997870902176546,5.997870902176546,True,1.9489663143365168,6.103239799518516,4.376890545713526,0.04984364222831114,0.08277105496091033,0.0030997169553049937,-1,,2
1030,0.11929009809685838,0.0809122848114301,0.20947070229736842,0.3745464822203729,0.0027986599584482155,0.21298177261552195,31.798304569159555,20.764029045816677,1.7721285846636157,1.7721285846636157,True,39.26297339222792,7.242321790628022,0.5304127960513526,0.04422154004117932,0.06217850566857184,-0.007947296672032762,-1,,0
1031,0.13226848475068348,0.5017641469091851,0.07688255965837261,0.07595259842370174,0.02610580380626618,0.18702640645179094,28.45905821657979,30.19941034636369,4.699347890572767,4.699347890572767,True,26.293739937257175,6.7044384308753,2.1550894984605415,0.03309200825671721,0.011853714293824638,-0.001077158744832725,-1,,1
1032,0.5017227193571774,0.2817268193566616,0.0014345052108502919,0.005170780484668845,0.12691572492747544,0.08302945066316655,41.953551274678645,22.45762954310501,1.0836599430318588,1.0836599430318588,True,33.90349471352558,7.17313512907978,0.45834913013880907,0.05645351043759088,0.015988479377059706,-0.009309120358112386,-1,,0
1033,0.4665127965872165,0.39684211284945303,0.007408598607185087,0.08368200851144157,0.018734881637678415,0.026819601807025247,36.35501585972682,19.36419145924154,5.798951498203188,5.798951498203188,True,2.668562152483455,6.223945034198237,3.4451124577983814,0.040719805407043466,0.0003502306153561896,-0.02160823828283517,-1,,2
1034,0.17633191120150937,0.6670003650120787,0.0015786288381161922,0.05725450332042166,0.05963737874530167,0.038197212882572364,34.382953906953524,22.196351245773123,5.376776125376886,5.376776125376886,True,7.735006684462143,6.46789877609194,2.7993969341079117,0.03272377300555483,0.04826717168840764,-0.014807886736823674,-1,,2
1035,0.22468588208451787,0.06739816145759389,0.3073079983646165,0.33031984785860313,0.004343011013339654,0.06594509922132893,35.551587799411095,16.75542852157755,3.9082031791969447,3.9082031791969447,True,79.10317685022507,7.1115151063747355,1.7744900774099897,0.037651073207111835,-0.00020292006409997412,0.013996200690418053,-1,,1
1036,0.37210723651856914,0.14903057166607217,0.09092735380214814,0.0340464160777093,0.2592307449281753,0.0946576770073259,32.58170709411755,22.60846738490097,3.9076260824627447,3.9076260824627447,True,63.23557630724612,6.964013130878183,1.3771374765045936,0.044849566722024524,-0.03412842911823949,0.009017492249589264,-1,,0
1037,0.5074942983154852,0.02298229257026585,0.01816393509672165,0.1722587714992302,0.27734367782780245,0.0017570246904946441,37.0311661892693,33.715992968694735,2.034239716016399,2.034239716016399,True,57.5093405356436,7.21193751186591,0.6325343448376125,0.045647579666341136,-0.02825389583333586,-0.025987023273591325,-1,,0
1038,0.028808082355276998,0.044030030800691254,0.3786003258519193,0.30018548397839967,0.23763598135285738,0.010740095660855398,31.481894819123237,35.58997904465785,1.6614576277502549,1.6614576277502549,True,36.09574471132722,7.183375005125217,0.6191409999294862,0.03212045888780461,-0.0043382452062600205,-0.009811839863874657,-1,,0
1039,0.3792716853115244,0.16539201045831142,0.019509220987423307,0.3613079390331175,0.01321596351238943,0.06130318069723417,40.999256232308646,23.259895611436022,4.89759803398216,4.89759803398216,True,39.60359907000243,6.553948057787799,2.927221724593898,0.05319415629819839,0.021966504586055816,-0.008177363727037193,-1,,1
1040,0.30763893433210554,0.18411244742901145,0.2347799537739519,0.1763247016202556,0.09351587298886534,0.0036280898558104023,30.831596679653195,35.140362766057365,1.3957191450062156,1.3957191450062156,True,24.76061983637369,7.233238317415044,0.36391586829595307,0.036793146738522776,-0.0015249747588374,0.009088217775187936,-1,,0
1041,0.36982907117590547,0.1828742287117745,0.2536546035800423,0.05936116656229014,0.06923221348261523,0.06504871648737241,41.954372906044455,42.77892653951069,3.4222811914028046,3.4222811914028046,True,136.31986446605023,7.175850032496822,0.9535956484857836,0.05843930464142452,0.0026926520495040105,0.00512355176698327,-1,,0
1042,0.4991530732129675,0.0998069837321057,0.01919067937520056,0.1795274106454673,0.19227920032998938,0.010042652704269623,38.19129414219702,25.429332317583523,4.22619159032201,4.22619159032201,True,76.37523185682306,6.913169255739058,1.9931141898176257,0.04672400369856975,0.06497454621218479,-0.008733278844750739,-1,,1
1043,0.1420794213273532,0.30495348652794346,0.37115503678364303,0.1586337281738446,0.019463155254365008,0.0037151719328507643,32.68519631457558,27.98406128384399,1.0333282841588196,1.0333282841588196,True,22.686709979503917,7.186025300001099,0.3198868859874931,0.0361489605730342,-0.008471166734303832,0.013746816983631756,-1,,0
1044,0.33978272841849866,0.09394846587100379,0.2538369845232527,0.18982716219127088,0.11821701649975372,0.004387642496220279,35.31155059628586,41.815965112418425,1.093574470247065,1.093574470247065,True,25.92244215536046,7.2902939797493405,0.3465555711315429,0.033468110441519615,-0.03302387065614806,0.00539570750160898,-1,,0
1045,0.5059083980226217,0.04273852202451177,0.16443546664156375,0.18759570552280003,0.0014633545902521053,0.09785855319825053,29.368172961116816,33.829145681742666,4.82075084801648,4.82075084801648,True,22.130353651734982,6.614502019491955,2.5161473783528314,0.04140117314196836,0.010192502422367482,0.003177346316001332,-1,,1
1046,0.5539860696693208,0.1455108498325721,0.05320386087117727,0.22777691193581795,0.01825386020297372,0.0012684474881380335,40.70800036577002,34.57759977798432,1.536696214972733,1.536696214972733,True,57.943879098399115,7.281072403854335,0.45133052969350584,0.05623499036697044,0.056380675045325,0.00766754871709624,-1,,0
1047,0.3181554748637245,0.31055274016493123,0.04663619568842035,0.04952105773817834,0.16853227623533656,0.10660225530940892,41.746615948684166,15.086832867196932,0.9384516292100658,0.9384516292100658,True,32.885316809721125,7.219727066538158,0.5576020331294986,0.04669238954641597,0.010107369938266091,-0.009263656697948246,-1,,0
1048,0.36580816081501566,0.2590070707731798,0.03098404784903139,0.03958198058202063,0.022807819303448183,0.2818109206773044,38.786056019358554,23.194416464914624,1.7640353288577053,1.7640353288577053,True,57.512852609311466,7.218842393612711,0.4191720933701475,0.05494679725973387,0.0303261249530721,-0.005307073951515014,-1,,0
1049,0.35875608618730603,0.21033467912937068,0.021801948298346016,0.028804043667549697,0.183039389727605,0.1972638529898224,30.348245549928883,41.04746704300522,3.215008176670384,3.215008176670384,True,53.587541223493105,7.201402764973536,1.1094228069250796,0.03815628328124124,0.034429839168289775,-0.008705008923071056,-1,,0
1050,0.14584648055306856,0.29823068818895204,0.31582710514116413,0.024109832621768395,0.0005620652653687739,0.21542382822967815,30.816856492820925,13.64882955113252,4.0639767552395725,4.0639767552395725,True,46.60548141883117,6.888656694497157,1.4254686809110397,0.03628361370838432,-0.009670174752794223,-0.00028037814547940583,-1,,0
1051,0.26750520675637307,0.21621215552868367,0.058865084683501524,0.05693630233304032,0.36080895122642176,0.039672299471979776,38.48475547301801,42.02647776036835,5.347409871928564,5.347409871928564,True,11.91729469283379,6.485049499724116,2.9603194743020604,0.06265692388450134,0.02436103598856833,9.286647238367952e-05,-1,,2
1052,0.13835719950773556,0.08360046200888466,0.306370547430636,0.09573036956110416,0.000339053372596469,0.37560236811904313,38.73930822267981,18.5604898620443,4.8671390715948855,4.8671390715948855,True,39.64838898355385,6.781671498113765,2.4714289050694025,0.04912097423934253,0.03739903212458755,0.0239894432016146,-1,,1
1053,0.4783671762728193,0.057968310531547725,0.09984533427556058,0.31472511567531597,0.04153834463229685,0.007555718612459549,37.5126402865971,37.02288160861889,4.016780095176678,4.016780095176678,True,92.9634020795787,6.933074816928943,1.879659772751193,0.04593355967174318,0.0025530014230957044,-0.004502654264330324,-1,,1
1054,0.38165312692282855,0.14094417117515565,0.0382704462887023,0.3367915564216882,0.025173348767681538,0.07716735042394399,41.198024170009155,28.712190238879042,4.717437205251772,4.717437205251772,True,74.58433507322472,6.728668328014637,2.793088168487017,0.05880589165565714,-0.03931499189203158,-0.012732527892625543,-1,,1
1055,0.36910526570704205,0.5535217358530711,0.04147290815039855,0.01373233502904048,0.006601727961012083,0.015566027299435632,30.68796704753143,40.62094037440137,3.440736579520202,3.440736579520202,True,55.94530014633777,7.143809445250061,0.9116665095792821,0.04026877117443488,-0.07211392684985271,0.010019954108043154,-1,,0
1056,0.4767600793628641,0.11832045622886045,0.05019661044553348,0.07906760543358235,0.04499007738959109,0.23066517113956858,40.94814785492881,30.902406236211025,2.2038772379991944,2.2038772379991944,True,95.6966898340486,7.145787156248608,0.48660173541715485,0.06144851204224899,-0.026306846237028416,-0.0007761288738060833,-1,,0
1057,0.07774223699589093,0.6333890366834487,0.21202646237984837,0.04495614135392679,0.012156433961189777,0.01972968862569541,39.321790422092874,19.95360688985815,1.39576003769201,1.39576003769201,True,43.71360629339323,7.2663556997504415,0.3727001831006579,0.04134117495636559,0.00894134732218422,-0.002341703226547287,-1,,0
1058,0.47631010187737677,0.020344219068487875,0.29359093413524495,0.10289683878264679,0.0057849097720698685,0.10107299636417376,37.85547247558161,17.73147785756191,2.3943200140605985,2.3943200140605985,True,65.21463525438656,7.11641198012263,0.39851128664620467,0.04203989278009124,0.005127226737061203,-0.004649510643423675,-1,,0
1059,0.6593777038895517,0.049811806410290135,0.03674337776169238,0.08636694406022381,0.011187767166611762,0.15651240071162995,29.737306754223475,34.19202604016631,1.8880641866399692,1.8880641866399692,True,31.292273816185403,7.199837921288221,0.31916436599136616,0.059007487542577494,0.0018669484234642398,0.019796153973540797,-1,,0
1060,0.09209113760362991,0.09286644549397506,0.5063913534337872,0.11535211260633553,0.19132601773644892,0.0019729331258234515,36.67649931873401,19.79109352399154,3.8997889376056882,3.8997889376056882,True,94.88323963478456,7.224344463472272,1.4076516897126556,0.030645809241889893,0.020853862716422058,0.00020640339341299746,-1,,0
1061,0.31413234193442935,0.123802906872966,0.25396393635686587,0.08343108167546229,0.015317226983945095,0.20935250617633136,41.717198582679956,23.262415919273813,3.644982436518685,3.644982436518685,True,122.49770973904064,7.110923925813995,1.6065865994991742,0.06329174224336108,0.0154765581249929,0.006116369744860578,-1,,1
1062,0.5741075726856361,0.2310326379403735,0.04788971806355573,0.0939435552916234,0.0018813244644582847,0.0511451915543529,34.63793102319507,12.203381732326433,5.81594215869635,5.81594215869635,True,1.8558049998869615,6.140912691861448,3.442019580716034,0.038107090271879925,-0.017979797170371865,-0.03036862423769183,-1,,2
1063,0.2753749224812342,0.19480565622950974,0.040758845407085124,0.2531377021519445,0.19709110756171014,0.03883176616851614,30.766731206929407,43.70099429690331,5.288351815710577,5.288351815710577,True,10.066734697578239,6.435927316706566,3.184305213852981,0.043119363535176494,0.03539894249793129,-0.0038802493114135587,-1,,2
1064,0.10608742905595937,0.03629836033636747,0.007428435342839036,0.5386306535854981,0.2831675291538337,0.02838759252550231,38.84923916218137,29.077543275858496,3.374092511287687,3.374092511287687,True,136.31434855542082,7.249719962567714,1.5672560017661419,0.050939948137896825,0.05159771383020463,-0.002790638289289487,-1,,1
1065,0.2886793344704592,0.07329778906794308,0.3442742330639076,0.15745663783737351,0.10262553954521038,0.033666466015106374,33.61363817695354,26.267954366709887,5.85428235829454,5.85428235829454,True,2.223293426303753,6.318182596088161,3.6133202798068127,0.03675382602455661,0.010323429212221947,-0.003962775114574893,-1,,2
1066,0.5855479391681708,0.03773018914543027,0.15519068862492277,0.14100550868362063,0.03399100865400991,0.0465346657238455,36.23770124384126,18.463977528129917,5.153244342038214,5.153244342038214,True,14.979225660114077,6.662287491402771,2.764102361985275,0.04026871040901271,0.05128743746762196,-0.020703628706078767,-1,,1
1067,0.20085775083321702,0.1966440155508342,0.17272780766781481,0.2062693205382178,0.09052124031405658,0.13297986509585977,32.227748670808325,41.66784330737212,4.3000869740985355,4.3000869740985355,True,66.34869011260972,6.907060882837484,2.039240512756427,0.04678799491596715,0.0559522936455113,0.006701593044490494,-1,,1
1068,0.4211068716002962,0.1028540322653108,0.44794571320155824,0.01001203050249603,0.0036587718921068163,0.014422580538232047,41.04855028592404,16.756161024010037,4.252508614630124,4.252508614630124,True,90.52833902814558,6.935804069697054,1.687022356491495,0.04245414278141001,0.011536501751027353,-0.022651942947072103,-1,,1
1069,0.5744991745077337,0.02926491498191669,0.0957116480512032,0.11263252378392838,0.02011306328453643,0.16777867539068148,36.275489563735206,43.95636858320542,1.2489965823447404,1.2489965823447404,True,29.975762988575536,7.231269093360264,0.48231983626575026,0.04869128156820172,-0.002563847537946719,-0.0008029975217031242,-1,,0
1070,0.27924585145804376,0.07273946340361999,0.04118427691955006,0.20281699748028062,0.023277919137992906,0.3807354916005126,35.28857549139058,17.020686425892766,2.6224700212737515,2.6224700212737515,True,72.68660196466222,7.08830075270671,0.5343243211758508,0.05257087575710616,0.004346484830247177,0.008357037664205287,-1,,0
1071,0.33262317738591146,0.2520580785394695,0.20688466818521384,0.17010619804581817,0.002977961491103451,0.03534991635248367,38.81279359037632,38.40270243230938,5.215053666974021,5.215053666974021,True,20.217209850384858,6.465801102304428,2.983993262257538,0.04121257137411862,0.010793263951541269,-0.028374353744323857,-1,,2
1072,0.05337933696914515,0.03011904947832886,0.5950661169121241,0.2911587978132327,0.007410410406194285,0.02286628842097495,37.42172092213793,32.842583514274395,4.830431955980885,4.830431955980885,True,45.757546424958065,6.730644839558465,2.840906743518062,0.0435295353874506,0.02687485482573289,0.0005003881546973253,-1,,1
1073,0.8524306558825909,0.09706180315925084,0.009505525973996854,0.03397351187149405,0.0005040708745885817,0.0065244322380787,40.68877313122786,12.287994108945046,5.109333894719536,5.109333894719536,True,16.976820539812426,6.523521452166389,2.5964823179606027,0.0523923738984512,-0.05637260924520096,-0.005272931482001609,-1,,1
1074,0.40106554725928584,0.18313281863982228,0.09538018221622088,0.04165410861295433,0.028206525963219247,0.25056081730849744,32.28202866163166,25.771938973478463,3.71462963914923,3.71462963914923,True,66.55128978682822,7.126271438870109,1.2254892678009226,0.0397721705895205,0.012375198261836449,0.001968641167163765,-1,,0
1075,0.4023069234724809,0.1540840826005422,0.06401387028375374,0.1963869832985698,0.14043563099146233,0.042772509353190984,41.08724986728315,38.730021043555055,2.350229763949414,2.350229763949414,True,84.89147605000252,7.220212751708984,0.6772922270230677,0.05874053430744619,-0.008936904550817365,-0.015669324020374808,-1,,0
1076,0.075074638182791,0.13957977048539583,0.00622853222067249,0.5368712520025574,0.03347433590227681,0.20877147120630649,40.37186704315718,21.28616533644564,2.063786827930174,2.063786827930174,True,80.96380445764342,7.132463048162598,0.7173641364426524,0.05463111196240565,0.026466812056385305,-0.0036094293074137376,-1,,0
1077,0.4279795948543409,0.3187083527910298,0.06875474897443697,0.1695693601302223,0.011939163110761328,0.003048780139208621,40.03783836785052,12.736958843274143,2.5067301970705094,2.5067301970705094,True,66.48583839904438,7.1596047011513475,0.6432341221397084,0.045580972401481124,-0.03916595810343288,0.011693408336782285,-1,,0
1078,0.621663763946987,0.21271942487977696,0.0564003529791087,0.05453355783422264,0.05223290151996271,0.0024499988399419577,28.915266749537594,19.453903862679148,2.293340565048486,2.293340565048486,True,28.995234087563627,7.225643586356214,0.40649076850012095,0.038694821938444854,-0.01905016572421989,-0.0034918712172212363,-1,,0
1079,0.6784228714937889,0.11580060109819755,0.14154168366134232,0.008191114936020576,0.0031389155514184503,0.052904813259232145,40.88402869445096,20.033875264732366,1.378165281090928,1.378165281090928,True,40.74758158110923,7.219695914736332,0.265247584572825,0.0485639325584303,-0.014330871645614574,-0.0006336089725192376,-1,,0
1080,0.3238325256688319,0.14778749683601533,0.10723988319453891,0.024076398311052395,0.16528331121908382,0.23178038477047777,33.974303964616524,40.52619625047035,2.6763105771676026,2.6763105771676026,True,57.06301671868927,7.164309042048271,0.5304706455645849,0.042091822265993506,0.03454480350234487,0.005901602800513707,-1,,0
1081,0.21694120019403523,0.061070519295704125,0.08330641485269628,0.578114580010629,0.02866419468036479,0.03190309096657071,38.67417928318754,31.471177682904845,5.34053112101237,5.34053112101237,True,15.100980619545544,6.490830932779688,3.9474192166215096,0.049151488904009055,-0.002044174348859496,-0.014338767064704752,-1,,2
1082,0.23561873819202875,0.26752223070020126,0.0908742271579889,0.24476368000316126,0.059420690779866094,0.10180043316675366,39.453375401449655,21.37283695044063,2.3319321330276583,2.3319321330276583,True,88.3250606961326,7.212694958334677,0.5709463126025142,0.05490806230518229,-0.02643564334675566,0.009215583280899052,-1,,0
1083,0.2661581046496759,0.1359780314562903,0.04473207575439368,0.3557988743632628,0.05328230309119853,0.14405061068517883,33.58607455372889,18.24134836305111,4.903533002510805,4.903533002510805,True,26.966672535121987,6.637370327094271,2.944170163331096,0.049498130230463094,0.037573919034642966,-0.02028205409846496,-1,,1
1084,0.10981461707984719,0.24163347705951754,0.46798230428169224,0.056033285608368046,0.10551752642075678,0.019018789549818307,32.66230081610487,33.004548382795306,3.7946628958307134,3.7946628958307134,True,74.32483333692566,7.175483572873119,1.230532493223306,0.030556875251638166,0.0177493098332436,-0.0009976103447639929,-1,,0
1085,0.3987125798974157,0.07880561770886715,0.051115480547707495,0.03183397635928806,0.4381125100965298,0.0014198353901918295,39.32905552111805,16.111205340742544,4.1348078046594425,4.1348078046594425,True,79.03952014522613,7.048642015391278,1.6592336609480987,0.048161390882764735,0.0023775412601032553,-0.012371011146004548,-1,,1
1086,0.4525202255129629,0.22587064862697107,0.019312824305225504,0.030108750041722324,0.05313921713237763,0.2190483343807405,28.62383577837393,16.261581767004543,1.5522604838734735,1.5522604838734735,True,22.438562740353632,7.1977177657247635,0.33216062652908046,0.040580793833977974,0.00037692449944298236,-0.0018158124242864662,-1,,0
1087,0.33142351271650167,0.17054045186617262,0.06451313003669042,0.055569454422222705,0.001306308214483441,0.3766471427439292,40.330935968005974,41.205120499435864,5.125469362641879,5.125469362641879,True,21.401641526257524,6.493659253293163,2.599302897308915,0.08265954397143435,0.008575136630018,0.000446964907094366,-1,,2
1088,0.3580955693623166,0.014597603553090486,0.14308241144175618,0.40519336955035334,0.034207628188524304,0.044823417903959044,30.778066709054986,28.676085796150236,3.1122990048119004,3.1122990048119004,True,66.69539774040095,7.21795339289256,1.161396170363674,0.03982384192719988,-0.019003492565327865,0.009099191604070979,-1,,0
1089,0.24868114724525558,0.36854565890319424,0.012426075270426688,0.18222439313496488,0.08616836190029277,0.10195436354586603,28.866205612881796,22.153132277686645,1.0935317482071045,1.0935317482071045,True,17.46764573549382,7.3493101436460915,0.3343057544833186,0.03512404956393601,-0.008710043977770459,0.0023119107821508375,-1,,0
1090,0.41931914168241974,0.283477666570334,0.05674130907792823,0.16698719360949604,4.7167262294118565e-05,0.07342752179752782,32.82028955179717,44.437388665990525,2.8117327109798653,2.8117327109798653,True,54.51327158883589,7.158207930248702,0.6201185578404859,0.044087350164931115,-0.05111924846735473,0.0032435186831603585,-1,,0
1091,0.45716365873062925,0.0696122383077982,0.40674518323271547,0.015831856504043,0.018310940940320042,0.03233612228449404,40.19101575875668,26.37994878637611,5.063356245320437,5.063356245320437,True,24.927751612011146,6.538789150753033,2.4105303078573748,0.057485329882858816,0.042238201170876746,-0.00328248837280711,-1,,1
1092,0.2894393943510389,0.03653657557972514,0.10817755858960992,0.3899884573767067,0.14029635193105,0.035561662171869325,35.85885561134594,34.576888209213706,1.1913611613257693,1.1913611613257693,True,39.54466741111049,7.160118823284547,0.5189971707774134,0.040778641618154685,-0.006761669261577813,0.001157780112737992,-1,,0
1093,0.3300091747416555,0.10468887880601062,0.038234218927072544,0.1216901133007852,0.09315582690585338,0.3122217873186229,38.9118792893632,34.58673486717153,1.0592480764336045,1.0592480764336045,True,33.3687862754648,7.298926527828267,0.3532060878689773,0.07223268443242269,-0.019328630754757836,0.0023091209314998733,-1,,0
1094,0.2516402268751557,0.08696855804734682,0.27548831395186985,0.2982919582625942,0.05973563354851884,0.027875309314514544,37.33466871122334,42.469972541010506,1.7227228454103383,1.7227228454103383,True,55.444056783911115,7.129913064744224,0.48803531489935326,0.04108920461364712,-0.07879045778736621,0.001204115623027019,-1,,0
1095,0.07939066758735312,0.14781065909088473,0.35587579499950944,0.024867865203455283,0.3089272252932665,0.08312778782553099,37.047338305070106,43.369174174431514,1.6616787708426966,1.6616787708426966,True,48.5304388362105,7.210283421270258,0.38886160839005457,0.03498640641457855,0.0034547185994361442,0.007904447260044845,-1,,0
1096,0.22961113632018942,0.03381987063514117,0.3111056230068903,0.11590145330461658,0.21945832062582293,0.09010359610733952,39.37176971684911,42.36737782287854,5.676326039685879,5.676326039685879,True,5.4456243281076855,6.228341274603731,3.3522944624878273,0.046952463333117256,-0.024962347657649795,-0.009795038791579213,-1,,2
1097,0.5138136263423739,0.08942684983030261,0.11342631742545349,0.11970277470554057,0.011976151713758066,0.15165427998257125,28.169047255459194,43.617734431220434,5.960962414379769,5.960962414379769,True,1.0332983263204665,6.184185056822751,3.9686862614470275,0.0458913454865967,0.046265048996022254,-0.001033858695863428,-1,,2
1098,0.06150217175699831,0.16404578097052624,0.043178528507489315,0.5609315006466882,0.01941375519576887,0.15092826292252906,31.850686909651362,41.66832447936517,3.1195793117125312,3.1195793117125312,True,74.86738333744971,7.226350281642439,1.3258793238614464,0.044480724419024176,0.015525593465945177,-0.0029288727890374737,-1,,0
1099,0.0613744938089998,0.2874178341511358,0.057431001047665194,0.334921775228419,0.2571742302675992,0.0016806654961808358,39.16004039267176,34.07893856639437,2.062638103748614,2.062638103748614,True,75.45328373040262,7.294926164075848,0.5430320762435754,0.056923728947828336,0.041596434769270586,0.010643072418592747,-1,,0
1100,0.21099361350194226,0.5419618606535346,0.0007598618457747839,0.14336530242286075,0.06266174924828741,0.04025761232760016,41.28130085993088,21.690866318379136,4.242168114741624,4.242168114741624,True,111.73596515072816,7.04932901968262,1.948431911233366,0.04626274174618849,0.008067226383543534,-0.004477995277690751,-1,,1
1101,0.18655119721939029,0.13154802468921742,0.3790632710277196,0.10886254566337138,0.004684068377714201,0.18929089302258706,39.70987721366154,33.489434411728496,5.987269263987504,5.987269263987504,True,2.5486447656822584,6.130070801412609,3.6656174688775063,0.051948783105910605,0.008023065605838,-0.015805845768078725,-1,,2
1102,0.1086050606563704,0.05407177105792767,0.2717845142375524,0.3339762885304257,0.0007982547970570514,0.23076411072066674,37.38650867606853,18.421199120738827,5.488342608738417,5.488342608738417,True,8.793458132926858,6.42550005917391,3.657897450751269,0.044144971788989636,0.04118048554811804,-0.00040471921945997406,-1,,2
1103,0.06331316260572896,0.13387703255010855,0.1617664815532202,0.3571213899810221,0.2017902414831007,0.08213169182681934,31.027880144700557,34.85217986924839,4.299906069128915,4.299906069128915,True,61.71071898982637,6.839993577975368,2.2323858625032145,0.03676371096761122,0.016988552200291274,-0.009638134900193062,-1,,1
1104,0.21811739913510023,0.17227608042402387,0.23444888874217534,0.3065277504855989,0.06687250850508299,0.0017573727080185822,32.03250573430598,26.741307281353706,2.0216725433989113,2.0216725433989113,True,48.17876690652529,7.049130511927032,0.6252602561212887,0.03329364436185569,0.012197277890953604,-0.0212150674204795,-1,,0
1105,0.2935959744384962,0.08074235350330744,0.3383677808963675,0.003347294766286853,0.0644638737894623,0.21948272260607965,39.51812839417173,43.25125441466321,4.6791513568261545,4.6791513568261545,True,53.477086251364234,6.640621593668855,2.0390270120948295,0.04823533217321472,-0.021121115822641794,-0.0049907087708271,-1,,1
1106,0.15610575829565684,0.23985334796428556,0.2826200604802397,0.017362918033118627,0.07300113516166087,0.23105678006503838,41.528866349994146,16.339082697035273,4.535240197424106,4.535240197424106,True,73.31888517196005,6.801836050273714,1.9684541125367139,0.047742632676805764,0.005329104296531481,0.005016963435711005,-1,,1
1107,0.37276606129371986,0.1441727965885783,0.03295779320291556,0.39731315080575064,0.009403991498463776,0.04338620661057181,34.068711495014504,39.450198824105925,5.147451157268043,5.147451157268043,True,17.9144830359816,6.428143924559391,3.32236269373235,0.05677080287358863,0.034707247249973594,0.001540265974958925,-1,,2
1108,0.3552371248096004,0.10823826964437425,0.40946703960246206,0.1174784604113482,6.63782115821061e-05,0.009512727320632961,33.279535986138896,32.80789476260328,5.766423286535495,5.766423286535495,True,2.7823813105923416,6.264631974361105,3.569644229831865,0.03421463319232317,0.04079480022321882,-0.015600969629442877,-1,,2
1109,0.07872239088866877,0.45593643672728046,0.03418786576441391,0.05104721260218606,0.025979875049457198,0.3541262189679935,39.57302159549981,13.123449234757622,3.8039890108311054,3.8039890108311054,True,99.73727920110524,6.9712461409956825,1.4026641606314048,0.04683293745200916,0.029345504973149895,-0.006505169959851331,-1,,0
1110,0.15577901846384853,0.29944628579021837,0.18594372402804293,0.08160490578961997,0.022767310488894212,0.2544587554393761,37.53663885429583,24.93784770501224,3.2412646396001357,3.2412646396001357,True,74.24018796450395,7.195925243206683,0.9355269435720718,0.04765612129833142,-0.015369118147713075,-0.011019518993203786,-1,,0
1111,0.5404869292606994,0.07906360922436104,0.13522486608868714,0.0753122921847938,0.03043360002234584,0.1394787032191129,37.42339634375058,31.16888320265871,0.8118103742541207,0.8118103742541207,True,25.138071107389372,7.160945940253726,0.3369583931518342,0.04509414688399573,-0.012267369406770475,-0.00252655156458373,-1,,0
1112,0.28472443119944535,0.29383571737299224,0.3137897322089859,0.04844868983791099,0.05133668701031868,0.007864742370346896,34.637289770374835,15.6301666070135,3.1984975920273504,3.1984975920273504,True,58.424165936748786,7.151200208771013,1.0286692488516318,0.030084798141434846,0.018825479481557873,-0.0026552408474843194,-1,,0
1113,0.4764772199782696,0.0695214865390014,0.3484677408185724,0.09898717036821807,0.004735158362107059,0.0018112239338317483,40.988460495729186,37.18720906921148,4.4220582711801475,4.4220582711801475,True,79.68641059742846,6.8975161959839255,2.032047978782328,0.044211975616989606,0.03384776642085577,0.01925937533890318,-1,,1
1114,0.07374395847760781,0.03255943970726331,0.346294389157647,0.2473022688841926,0.23165965041498437,0.06844029335830483,32.47055639504948,18.897787563502842,3.7998705051104613,3.7998705051104613,True,62.42371098488087,7.133956782378022,1.6689130377483623,0.05447047099499144,-0.03734674231727174,-0.0101486065728261,-1,,1
1115,0.23501483917551746,0.34043425828779494,0.11923481918190193,0.09851193641741901,0.004486999007463484,0.2023171479299031,37.888819342432996,15.674089320650426,5.934841248430953,5.934841248430953,True,2.0310833989095287,6.29220730945197,3.651145657925798,0.054373097277056893,0.005338795374281315,-0.03300901598468446,-1,,2
1116,0.25178875792511884,0.2691845821206248,0.08663994250548203,0.2852694682516145,0.07173132232834317,0.03538592686881681,29.55277890933263,26.832281214496927,1.0095849737733946,1.0095849737733946,True,19.922840630112994,7.234821015568948,0.4365128555779253,0.0443535871473663,-0.07093316932038245,-0.013630998031810226,-1,,0
1117,0.3229553030137869,0.20729902023566618,0.39355881020482,0.038072222492599804,0.03132876732771949,0.006785876725407572,30.095580891675194,35.3661020973981,2.362594539680094,2.362594539680094,True,37.67209172904045,7.246859623554905,0.365004041447521,0.030223044056726874,-0.0067024105398043226,0.017483241379397715,-1,,0
1118,0.3159759945776875,0.031457033113908725,0.31219662708467527,0.06543036464195322,0.009151875449728127,0.2657881051320471,35.964939933499565,15.705518014309362,5.722757512046022,5.722757512046022,True,2.867022874138916,6.362530806080866,3.2419500260833893,0.04219081386606136,-0.01644770921354522,-0.009740685134202884,-1,,2
1119,0.2657125961509126,0.10831773921015966,0.059574193738351,0.06953265982854426,0.48919346467423425,0.007669346397798283,40.67829271396029,27.324540507538078,2.3562547308174517,2.3562547308174517,True,88.43429694373353,7.08706069174666,0.3524911582013056,0.0448897332985627,-0.022752730927031336,-0.005634767537194545,-1,,0
1120,0.5409801805062048,0.03979708259033673,0.004185309187100039,0.1886538722266918,0.11313218221792293,0.11325137327174381,32.23846670026785,17.221053502087926,2.5093997156549985,2.5093997156549985,True,43.840868910980554,7.286036335048835,0.6227113244986826,0.04355491642147125,0.018862056435964232,0.016992047540813012,-1,,0
1121,0.8360568638019265,0.03907340681270177,0.027914874784795048,0.03526148616005228,0.05232501453816646,0.009368353902358193,33.656409046197254,27.646151017493338,4.330309855767489,4.330309855767489,True,50.07542372576005,6.892252040944962,1.7033233671317325,0.03788057270796561,0.037097211875631184,-0.009153241550147278,-1,,1
1122,0.2202870575777191,0.5734242369691013,0.09606544733552837,0.02554799086320497,0.005123416802462577,0.07955185045198364,37.43348331295225,37.14135015601612,1.2057914528922082,1.2057914528922082,True,34.451191931706035,7.072158398910258,0.32229863030227657,0.03360602300605982,-0.020088676419951785,-0.015646672592758572,-1,,0
1123,0.12780666318230618,0.19347670760892646,0.10729109329960274,0.40720696608192203,0.02860052639810078,0.1356180434291419,28.600285126448263,24.88168469721652,4.276843935474687,4.276843935474687,True,53.90953185670137,6.9385974669869235,2.294782124570519,0.04305903419825861,-0.007958907953474764,-0.009356767106254396,-1,,1
1124,0.17760915584087308,0.0359878778642397,0.05101127427519038,0.19295723068990353,0.004848665394323979,0.5375857959354692,34.23374666239365,28.126728240301965,1.0159099680910968,1.0159099680910968,True,22.277967703159806,7.245707268368153,0.3506211686544556,0.04875032512823242,-0.0005659377381005574,-0.01045932859594913,-1,,0
1125,0.43278558386365606,0.17501263493869149,0.2750365003767531,0.07186425113307929,0.04335804993586369,0.001942979751956554,34.446524654516296,20.929581884446417,1.7807593084321902,1.7807593084321902,True,32.833952678792166,7.220015077781866,0.35362245119082375,0.03245002166579994,-0.02832910796824073,0.008077714624314874,-1,,0
1126,0.08867123278753924,0.24970124422842224,0.4392032005013286,0.18898696162473436,0.02251631563356125,0.010921045224414285,31.36068797193939,12.354553273574078,4.805207217512155,4.805207217512155,True,19.098317997239334,6.5292023156500525,2.4642035967745497,0.046009124575252774,0.05067762484523985,-0.007013692897524936,-1,,1
1127,0.5924870437285147,0.006643195713711509,0.022108409732560196,0.07589023295696644,0.021555477283158195,0.28131564058508907,30.014737744816582,15.617079454859258,1.0617324532362216,1.0617324532362216,True,14.382207401078514,7.2071696237276015,0.3163924809528629,0.04951383109372349,0.05524496796932815,0.011919944753919404,-1,,0
1128,0.5355805528520902,0.05599552827161138,0.06676199224553199,0.047316130558784635,0.29387592142832103,0.00046987464366081134,39.85083712941392,24.911627455977587,4.91821482812668,4.91821482812668,True,37.943826086137314,6.756472753265735,2.3598128987698948,0.04548047582749172,0.0484355403007186,-0.00357038634715906,-1,,1
1129,0.18583088404252676,0.031219582346041715,0.1041223547673775,0.1459018452361098,0.029989241725233998,0.5029360918827103,36.6872791253356,43.685708752083315,5.500918077964711,5.500918077964711,True,8.008187940724714,6.489257769815857,3.2751182546200965,0.06334893371125172,0.05801847526437205,-0.004601536999703672,-1,,2
1130,0.39730453972002766,0.04544062764381717,0.01809873797809067,0.4938393953851329,0.00857414365227828,0.036742555620653365,39.047799969506826,22.47314790424269,1.8724076039209272,1.8724076039209272,True,79.5163498215226,7.335466296278876,0.6799242051394913,0.05716067881689915,-0.02924166619737883,-4.353575936122618e-06,-1,,0
1131,0.09191125689241623,0.6853983213027228,0.05082717795763527,0.011832721886347427,0.006332086669160651,0.15369843529171748,36.953610738934785,42.80860168175177,3.25004586172889,3.25004586172889,True,80.56463278781224,7.16838158258734,0.7093829999081034,0.033342534224371494,0.01445438260903081,0.014124793119595172,-1,,0
1132,0.727311787939144,0.019756944868872806,0.020439968849455915,0.07445958751672169,0.011492210160288946,0.14653950066551671,34.21143742266757,39.266125798055725,5.807674758172754,5.807674758172754,True,2.3687089874964715,6.301331622881225,3.3870456118116583,0.044393313764042666,0.06480827054424876,0.004424302207241073,-1,,2
1133,0.6111756603174712,0.0013687365843875223,0.027071933778965395,0.31920400896948237,0.005866624252249413,0.03531303609744403,29.368204407783324,33.83907966064113,1.3485183251991772,1.3485183251991772,True,23.6600728006351,7.156574148931872,0.5149812699510288,0.04156439435401126,-0.03685458492555973,0.003937610052848299,-1,,0
1134,0.47179641136187545,0.2966321990909618,0.15258689054359667,0.021148327793742764,0.04710877616154084,0.010727395048282335,28.530728580256625,33.832278333719316,1.2607463146529205,1.2607463146529205,True,17.879526065877744,7.143613901834741,0.47581912834460055,0.036316139281233936,-0.01870864546124404,-0.005054741591539024,-1,,0
1135,0.5227943372893823,0.03596465102810816,0.019403532950972014,0.21585726189148105,0.01197732321035997,0.19400289362969633,29.824084081177247,20.908061270408197,3.928917436815035,3.928917436815035,True,48.20186193283168,7.109957311381329,1.6057381861396836,0.04929756357632324,0.020481043326912054,0.0062877744523455095,-1,,1
1136,0.4529129204101858,0.07075487163064696,0.35007702997585816,0.08121730635918813,0.0245799609795476,0.02045791064457329,31.63866695924407,12.811259175810372,4.858909445100027,4.858909445100027,True,18.036744149317972,6.609040802349691,2.328072139466601,0.03662135904949053,0.014685505237136593,-0.024942213975864314,-1,,1
1137,0.2631455844812934,0.10022178215619937,0.17936184914192688,0.23776953268154738,0.1578362967130976,0.06166495482593547,31.322738420950593,35.70043522198658,2.329135868601454,2.329135868601454,True,46.08711514428864,7.106444168993702,0.5866626816690633,0.03877476066419053,0.026003828273147404,-0.007042249790142896,-1,,0
1138,0.27809634698551583,0.290527502712075,0.3029404317380015,0.09599771334523612,0.031360104493093066,0.0010779007260786418,35.69109590553362,28.065925858543068,1.1769789534586677,1.1769789534586677,True,33.18376960918716,7.103366597620321,0.36482010399627635,0.042212640901737666,-0.04629428799162279,0.00012689610528571018,-1,,0
1139,0.36840166994004264,0.1628662037049749,0.0872572968157363,0.004141200750911649,0.1287797068664587,0.24855392192187578,29.919383724337944,38.794112602843434,2.234093099522459,2.234093099522459,True,37.784884115805596,7.17214876509778,0.28591378259763345,0.042015809631872944,0.03787473347088893,-0.00921424007058186,-1,,0
1140,0.2711204601879867,0.22648129215480184,0.08345839478623142,0.36023395196599317,0.030599847825365404,0.028106053079621555,36.218493391976246,13.33849341234686,1.1408111219435502,1.1408111219435502,True,31.557625198832834,7.2537634058372955,0.43591850580460884,0.04972984317498057,0.04957227365976368,-0.0020218555514807724,-1,,0
1141,0.38689736450045037,0.5556691580037749,0.0057729858780018965,0.008854725439580588,0.0003697553224403939,0.0424360108557518,31.88324156767434,25.867075452612752,3.0752965795938465,3.0752965795938465,True,58.13224777567043,7.189088510089317,0.5960224995574742,0.03547875332483291,0.01990761022268042,-0.003974840818377963,-1,,0
1142,0.4571925564637654,0.254262323899275,0.148103918633871,0.12080588305989268,0.005762341431408878,0.01387297651178686,40.31108457088372,13.468155685670045,3.280424568375894,3.280424568375894,True,91.76918855002157,7.2266998548508745,0.9741059553883548,0.04344706988719956,0.014744403586790085,-0.002041272152758745,-1,,0
1143,0.2687270438217538,0.10694044423475893,0.24894049551089542,0.017914990659708065,0.164861258686428,0.19261576708645572,35.10477771831486,44.62625407917841,5.650380530672964,5.650380530672964,True,4.0334492400892685,6.325347660685206,3.1251483921980414,0.04184816900937292,0.05952133265121619,-0.005128496797127657,-1,,2
1144,0.24111016806615032,0.11944299460254151,0.018036626990903918,0.27088892170929213,0.31477479819469806,0.03574649043641401,28.07476889050665,36.61273248292923,5.898646342586943,5.898646342586943,True,1.4813137372115983,6.3200247398112035,3.9721412617993,0.037178845205546804,-0.01587661049229742,-0.026274128709380333,-1,,2
1145,0.4953200193315028,0.28946467140876436,0.04751380411494047,0.14185112018792811,0.005681108864623507,0.020169276092240604,28.034785039181354,24.42525104904812,2.6199405092461574,2.6199405092461574,True,37.95063667648517,7.168067429605337,0.5472064245091106,0.03485710167529525,0.03041771136600331,0.005356189795319972,-1,,0
1146,0.3053601532728769,0.18654845228846897,0.03315179409844894,0.0789826230460027,0.040473417998924364,0.35548355929527803,40.15682268052191,16.23418955130726,3.1114974260684347,3.1114974260684347,True,73.25486388597251,7.302152469719249,0.7687710081587206,0.053451684714210114,0.010735459114772755,-0.0022678906108456165,-1,,0
1147,0.24150036304130668,0.04533420836149055,0.2872395911720101,0.21955670215743087,0.023132126865712012,0.18323700840204976,37.47083123605466,39.12018488019774,3.7886212667474854,3.7886212667474854,True,118.00906774531396,7.165694625338492,1.5118845142656152,0.04315911605032617,-0.04780863323043124,0.012688453500036646,-1,,1
1148,0.022071876632306385,0.09679817014908923,0.6393334242745914,0.18755794217221347,0.0002567411472901292,0.05398184562450942,38.88987066807685,40.35107110664261,3.321175925586652,3.321175925586652,True,114.03176743803706,7.196626503650367,0.9994934952435159,0.036725454851975606,0.038914615146134104,0.006273746698024151,-1,,0
1149,0.3120686086550472,0.20043330589776379,0.3436487718903408,0.09245513630642381,0.03431024001915753,0.017083937231266767,35.59374426165714,29.39590825395386,3.971957538774131,3.971957538774131,True,82.38496120379932,7.042513082754337,1.4302165072343944,0.040379309593407575,-0.009233597320564123,0.0023071432286025477,-1,,0
1150,0.19297893107384756,0.28465971349480806,0.16889415422627302,0.2441549440266839,0.024232785431776774,0.08507947174661076,40.17157997576401,14.858803777626472,4.997587091892824,4.997587091892824,True,31.639239880197742,6.624027441039318,2.807185439590917,0.050281029443588476,0.07830831857419289,-0.012399412883589866,-1,,1
1151,0.16681518988752955,0.30513410763879506,0.3322451255713435,0.01379550723104385,0.06039013702656147,0.12161993264472656,29.95111387595013,33.07185854191957,1.2214832772319197,1.2214832772319197,True,21.756463486727014,7.164409186580707,0.2675902414536583,0.040534182415567346,0.0243510079591829,-0.004828667616726612,-1,,0
1152,0.2230130237333559,0.20435311271972148,0.09877994748091115,0.3963917684817563,5.923355443206578e-06,0.077456224228812,41.45257477543028,38.09225716643641,2.5019817751657323,2.5019817751657323,True,114.56423203619964,7.2981258669772,0.7170302503993065,0.06445848938177426,0.015413171020041532,0.009216898949462928,-1,,0
1153,0.4108316734356649,0.02055345553928751,0.3161639424556273,0.09501489693934831,0.009690048538969563,0.14774598309110243,28.538858317830506,28.344042545949797,4.81652314609612,4.81652314609612,True,18.978036910925276,6.598907198187978,2.3129858318971657,0.041293138326846064,0.029876885408865062,-0.005014247116378333,-1,,1
1154,0.46105552632999813,0.15170189739115975,0.006031183181273786,0.36276419321475584,0.0005755954719316426,0.017871604410881016,35.72507581844543,20.043217037102252,4.554845053686097,4.554845053686097,True,47.859627574064596,6.637846447503252,2.59791459610136,0.04153629796099724,0.025182407282230326,-0.0208350866826711,-1,,1
1155,0.4439843962715947,0.5016719123898509,0.0009322563945228523,0.024508873937875427,0.023237629090857304,0.0056649319152992685,28.861740596235574,24.788339593755268,1.528461777648067,1.528461777648067,True,22.030603333602453,7.189804432995025,0.3493943414747544,0.030490133820839753,0.016902679935249004,-0.0005406281914551798,-1,,0
1156,0.22883791906870724,0.0037216090514898643,0.060186809279965274,0.4029416426101188,3.430943319239837e-05,0.3042777105565264,38.59999739921706,26.025784092900246,4.571219177156866,4.571219177156866,True,76.29677157210799,6.808883611253553,2.759420171649003,0.07059785309462185,0.029188565456783354,-0.0022696287709045512,-1,,1
1157,0.14570209807737297,0.1214595291935712,0.5901298980640185,0.08412816919279686,0.04236124111254453,0.016219064359696132,40.24982294662669,17.256900035408297,2.8158661814896515,2.8158661814896515,True,85.90893087860003,7.193358426781186,0.5146224625539398,0.039290219602906004,-0.045259055143560024,-0.0009598478836237809,-1,,0
1158,0.4747532262777755,0.0325657475630907,0.0013258866703163858,0.34711554687333435,0.018005298627101877,0.1262342939883812,35.945632321734585,29.446970629893357,3.595993309069896,3.595993309069896,True,93.38069490135592,7.184652440500836,1.4885365464776825,0.05867955783634352,-0.03047339629259253,-0.01396637493750215,-1,,0
1159,0.46387970472646994,0.14132737476162466,0.035131610512093805,0.19604359989879783,0.008910354800847146,0.1547073553001665,37.85735556751685,37.82614870452545,4.9422166240429135,4.9422166240429135,True,36.57524044173539,6.726470796068184,2.693398732834798,0.05506810226163336,0.028460448776864093,-0.01301713951193813,-1,,1
1160,0.4760515343544636,0.13598722986409023,0.23259332597562404,0.10744249994843116,0.012647934534549422,0.03527747532284125,36.40356870365868,28.06495787677483,5.996583047859025,5.996583047859025,True,1.788214621021456,6.167275221718262,3.661433225898476,0.0383181321273231,0.006587868578768766,0.0039499779114611205,-1,,2
1161,0.08864390745760899,0.08661332722716492,0.05337980516285021,0.4187208899639126,0.07264327607809995,0.2799987941103634,39.38876347766967,14.463883034312502,3.5757476528199303,3.5757476528199303,True,120.67482416288765,7.154992434455607,1.605197555539406,0.06268511384136617,-0.01887206318358199,-0.011707295774764535,-1,,1
1162,0.3964549165937637,0.25387041138917354,0.019023656586640077,0.07893479809785661,0.09912764036496005,0.15258857696760614,41.11702890914052,35.62825841634518,3.31707941754017,3.31707941754017,True,114.77242872527596,7.297689661084937,0.8493286914874382,0.052001627441755016,-0.002873717119918861,0.016378943116826816,-1,,0
1163,0.16775673079897205,0.1353281525761532,0.17494304607744235,0.13629936490620015,0.2618952153608503,0.12377749028038199,39.41006015431844,42.08608898246108,2.5229093986124687,2.5229093986124687,True,102.87630806650944,7.192174681954406,0.4403714474469721,0.0478546738926832,-0.005321668218845102,0.0017149035974578074,-1,,0
1164,0.45717293007122006,0.2619521647061556,0.08840051584244134,0.09474468039769716,0.05162394323700974,0.04610576574547585,39.491976054449964,25.96657327245297,1.2560389457357926,1.2560389457357926,True,42.319108706793074,7.216269323969215,0.3045222045127537,0.0502348636931622,0.01012049368392816,0.008050010511328918,-1,,0
1165,0.27604219033250393,0.22386292296540283,0.027396483848116143,0.2646280185120026,0.02112679996205439,0.1869435843799201,34.60421194449456,33.999139707487444,5.066456508440332,5.066456508440332,True,23.13663657313643,6.608589845905456,3.225175521105209,0.03944805569659408,0.017969342153439396,-0.014292882949847256,-1,,2
1166,0.1131117167646476,0.4747286992297813,0.051340388666269846,0.0032925174675784083,0.06537612728973652,0.2921505505819863,32.37111174702527,27.03667743270806,1.338889194162766,1.338889194162766,True,29.820807720799813,7.22150767739524,0.255118025085919,0.037804176120575135,0.013916635598429353,0.01626068835398615,-1,,0
1167,0.48169284015340186,0.08681704749200207,0.06792734059381046,0.1424138902487798,0.15399978141849388,0.06714910009351205,38.096591693828614,43.20238119868814,4.185386427394344,4.185386427394344,True,89.38621769908045,6.878615005605921,1.8422410917230656,0.04551198666755912,-0.02598936620920262,-0.01784935634413111,-1,,1
1168,0.6018135885150669,0.21446529511349763,0.09959587707104335,0.045239097066159764,0.00145274548772597,0.03743339674650618,36.89194760726028,44.226194194302316,3.1415273596757114,3.1415273596757114,True,77.90978638551782,7.203642958816621,0.6824247765546461,0.03840574282335703,-0.08496832905444847,-0.016268488138392864,-1,,0
1169,0.26444404118354226,0.08503894231215775,0.1995795810962715,0.12173383073051168,0.01701146524843463,0.31219213942908225,29.300343070212847,15.123580763378481,3.2576578684023128,3.2576578684023128,True,42.84233555348725,7.222033470987056,0.9667945404768031,0.04403362209317878,0.07239006059024619,-0.013789089873993875,-1,,0
1170,0.26050925780103484,0.17449831865907078,0.2986391363611323,0.08162105683231959,0.004577730143821208,0.18015450020262114,37.57409711214564,42.38866209149334,2.367666614742455,2.367666614742455,True,63.04348561672281,7.097608820334963,0.40990644791155123,0.04736587341015514,-0.015482288772107413,0.0040816043369935615,-1,,0
1171,0.08594224561169464,0.27034827757738855,0.018548794350800295,0.47565377640027473,0.04835712439508142,0.10114978166476032,38.23035819622949,20.841808126906876,5.3855043471216595,5.3855043471216595,True,12.61116287531677,6.389880881346262,3.973044704522697,0.04662541121731382,-0.0059091190096984825,-0.002983504162971911,-1,,2
1172,0.05828006007636525,0.17206661626035685,0.0027907430252403485,0.6176162234414018,0.14601314910015767,0.0032332080964781063,31.51311715006258,28.448165690957147,2.2287994534434405,2.2287994534434405,True,59.583403593285574,7.198178862502508,0.8285996914045655,0.040223761336504585,-0.020424051928082207,0.01336794692111112,-1,,0
1173,0.16748695903578054,0.06898854601649353,0.10435204844019302,0.23032418517993092,0.26839352924022936,0.1604547320873727,34.32093147350711,40.876691140568184,2.5991946812651143,2.5991946812651143,True,71.10719298726731,7.222853795171301,0.6690717633490957,0.040564942055870905,0.03391878825654406,0.004017481723152875,-1,,0
1174,0.4484330473863742,0.1296254978508645,0.18778005727486116,0.07194860915981208,0.11742551275146557,0.04478727557662248,33.065952874172176,28.9939328132905,3.0604167515033227,3.0604167515033227,True,60.59686887352754,7.252097262517215,0.6827858888534031,0.038786778635429536,-0.03111829702018324,-0.0005526541501777774,-1,,0
1175,0.20606047880859785,0.7573935489017134,0.0061548584541815,0.010083825380805593,0.019675103807954897,0.0006321846467467279,39.734728696394484,40.51394890182999,1.5225630445679594,1.5225630445679594,True,50.143089116474336,7.142941874276241,0.37157544881813465,0.041543046556477344,0.012535032941620295,0.007617080084269169,-1,,0
1176,0.15859907516490337,0.22037889337821379,0.014710478487895116,0.2901142438265702,0.03256639161618301,0.2836309175262344,35.68086566274399,41.42118001188878,4.200721841134819,4.200721841134819,True,86.03482050673226,6.8579984609226505,2.0772242711575246,0.05397084301298281,-0.004806542880495321,0.0039844890633490854,-1,,1
1177,0.0776854847352164,0.3150475154730273,0.03336803649978367,0.015494813637443225,0.3549322835238627,0.2034718661306668,35.78520084764912,15.478512657570619,5.05882414278648,5.05882414278648,True,17.64881671404101,6.583673993797743,2.3841008156964527,0.03689192973955497,0.015882745268182376,-0.0069421252434176675,-1,,1
1178,0.3971277822163159,0.028931653566424697,0.35617211628100776,0.0035327074008984563,0.04977373399773864,0.1644620065376146,37.03154652264985,30.83891261830089,2.832792868137104,2.832792868137104,True,72.95597038136215,7.2473557934097625,0.5788622335399878,0.05966985281747279,-0.0013086715144517238,0.011928182784724541,-1,,0
1179,0.13017721657719564,0.3344977645356602,0.10695060718706127,0.2555657747602169,0.04493471876603896,0.12787391817382698,36.73230897379185,33.404671999166695,3.2996682795655925,3.2996682795655925,True,100.10786048047156,7.178166396476783,1.2506606897398376,0.04315590841057964,-0.024247207052143317,0.001062556460228318,-1,,0
1180,0.2277918970942594,0.08239812891258964,0.13906663866266392,0.4916646486542353,0.004874140555121979,0.05420454612112982,30.10301577668339,12.312205118119373,2.882139093791074,2.882139093791074,True,46.59398521114862,7.274843639534335,1.1024601550461461,0.04633347021261119,0.005483986975917354,0.002274554094428597,-1,,0
1181,0.07986213570459003,0.18910307168482743,0.056520830176258356,0.19029668782072218,0.12971233873454197,0.35450493587906007,35.309636495809876,20.009696296275454,3.659952409696147,3.659952409696147,True,94.77969774609278,7.101249649027086,1.355579369530293,0.042653662169254314,0.01008584763726845,0.00346091807782161,-1,,0
1182,0.3628032814026461,0.14320319074894836,0.0791928419698665,0.16694790482418406,0.23268686900214366,0.015165912052211263,41.72950050894582,22.36973094330084,3.448106808270132,3.448106808270132,True,132.93321221614755,7.144671930269798,1.1209658078910418,0.0492627756302461,0.03391598429665665,-0.012505983151278889,-1,,0
1183,0.4494591742598402,0.04125960730080562,0.16116644357453533,0.16605611772146092,0.1761984801937234,0.005860176949634529,37.863685439072796,40.005695894517224,4.373912356416275,4.373912356416275,True,73.80769423383308,6.9034544520102825,2.0933870381152815,0.040688676198942286,-0.009109431657966627,0.003935128173506304,-1,,1
1184,0.2209766353088696,0.007153274042464623,0.09422738335686726,0.6340581305310347,0.03373047662490895,0.00985410013585468,35.339134783212884,37.43980331095806,1.3384816845663234,1.3384816845663234,True,48.26563300528614,7.180177202801767,0.6145389905464991,0.042747968686792,0.04523561138828552,-0.00012040289717819951,-1,,0
1185,0.2923512623415204,0.24466515952041226,0.11915532758518363,0.17050643896875695,0.01790108098564166,0.155420730598485,33.42872933381416,36.96938275035833,3.3732237615398697,3.3732237615398697,True,87.28660730940034,7.147112217862887,1.042545514463588,0.03983576036431385,-0.021756004294592294,0.008222891342392194,-1,,0
1186,0.4830220053671313,0.000328294815661864,0.309943452820351,0.01360872139670847,0.12239725082071623,0.07070027477943101,34.78164473594364,14.943428718764899,3.6865030650169155,3.6865030650169155,True,61.10850975523636,7.061543747451426,1.1655447653674098,0.0362667921856283,0.030582613801540856,-0.0024887417510405727,-1,,0
1187,0.365914901093986,0.049732563101528064,0.4592213358853285,0.0453122592556864,0.023964093564324114,0.05585484709914697,36.557467990016434,40.38106065563929,4.812580996431451,4.812580996431451,True,32.46167698052081,6.814340196664319,2.3295096555484096,0.04336782274831743,-0.015184613535310008,-0.007025166902695682,-1,,1
1188,0.31249235632910183,0.057792792799556424,0.48966412196091275,0.01640016037593049,0.02577046675896001,0.09788010177553842,34.917776554616154,33.089408272358085,4.3570109462736095,4.3570109462736095,True,64.99523647594104,6.789266180414206,1.7614161429773758,0.03234506553541867,0.004112899674372884,-0.007605080557519792,-1,,1
1189,0.461443808297081,0.34673990508888686,0.0994469956029,0.06779865589003939,0.00923305143257838,0.015337583688514431,35.27680187853586,29.606470142989846,1.4462394858488485,1.4462394858488485,True,33.727488042190146,7.147502711135619,0.2903662866847703,0.034682131729163485,-0.060214223593190334,0.005782472531947156,-1,,0
1190,0.21568753824354148,0.0029312770843758044,0.0020126401651608507,0.46670629433678446,0.07565497998058736,0.23700727018955026,35.34450031608324,16.717507398514627,2.639562501597391,2.639562501597391,True,64.93858700632504,7.122420780294017,0.8263591836731199,0.048309086767489025,0.0395090812373779,0.014688451261224207,-1,,0
1191,0.3784126132266586,0.027477722460218866,0.3208269953299868,0.17662209326770378,0.05773265990656551,0.03892791580886636,35.63295109200018,35.843351221327865,0.8446072548053779,0.8446072548053779,True,22.67600941014528,7.361079468321241,0.43534863829913534,0.03654866461515485,0.0187870067669116,-0.0033040746561102926,-1,,0
1192,0.35567245622104354,0.007672319889665529,0.3721551131175577,0.12465296980297919,0.09292633558846973,0.046920805380284404,36.12680220458871,18.633249111068913,5.076244734987482,5.076244734987482,True,17.637102360207674,6.501810829929046,2.7073651490379955,0.04468462899151253,0.03032305285295408,-0.009593315197058121,-1,,1
1193,0.2938346495278041,0.10397345875368678,0.031092271978811443,0.2476876329486766,0.23556260572575555,0.08784938106526567,29.108702112656186,40.184247690341486,5.10979795134527,5.10979795134527,True,12.049472171905542,6.458484756423647,2.9704464812276283,0.041791433226195406,0.011046491758759326,-0.011487588363663651,-1,,2
1194,0.12509997235053485,0.15283436218252436,0.050980664685294184,0.3760457537689956,0.2286306674958122,0.06640857951683868,28.174481835330294,43.262748505617004,5.872135770840158,5.872135770840158,True,1.5534516849260027,6.172880174533796,4.303418851024412,0.03662187667851348,0.03714182958193143,-0.012142285333532375,-1,,2
1195,0.23348034488381977,0.46269128406830573,0.09644074071722154,0.15831592678470138,0.03608972555856414,0.012981977987387518,30.187583943863466,16.349787902697415,0.9410139804616194,0.9410139804616194,True,14.632009045573916,7.232257808146834,0.3600651266264123,0.030046224641212822,-0.042467613355246854,0.008211166750764956,-1,,0
1196,0.11049122479152586,0.14756113000811366,0.2085682084708579,0.0046283025084614075,0.08864960460677188,0.44010152961426935,35.49218376247593,40.129361623253395,1.418564654372771,1.418564654372771,True,38.31974567887744,7.163947867983365,0.3133365519028014,0.042134100859768604,0.022488588532200617,0.003812560436632189,-1,,0
1197,0.688718556837656,0.033199796533792666,0.0022241932931914847,0.013245485348125953,0.24973595457397607,0.012876013413257928,37.102163215680974,35.5694361487707,1.7441989955031172,1.7441989955031172,True,40.65687391787915,7.238983883033907,0.2636912656469967,0.051318804443372,-0.03211765190608981,-0.0031945949820663478,-1,,0
1198,0.24286906421986526,0.03406666275662094,0.2855749359083003,0.2384300958255885,0.1403648856448123,0.05869435564481259,41.56536116943416,35.84614733848472,1.0849714403653834,1.0849714403653834,True,45.70104972227976,7.189588981584181,0.3792071291260787,0.04921014223501539,-0.015554786117707239,-0.004256150781187391,-1,,0
1199,0.37203591871232816,0.3300532206245945,0.01452988359403394,0.253526915243818,0.01460129565741576,0.015252766167809531,28.687210008058607,20.71694582221001,1.9300350380296205,1.9300350380296205,True,29.623196983778644,7.1164996009057,0.5243539957961196,0.04705358703114616,-0.0030389364916801544,-0.003078357556099625,-1,,0
1200,0.018984537736559687,0.01268597632205274,0.3287003191361596,0.03349166052441725,1.3168260922800553e-08,0.6061374931125498,41.84842831616007,26.755200141386993,2.37610051042909,2.37610051042909,True,91.72017609519004,7.154975326634196,0.3015988512680991,0.0713825336853066,-0.011275992630212953,-0.008274750585418027,-1,,0
1201,0.37823036058326787,0.24790944965950706,0.07525928174399232,0.10577732913346614,0.004625328208758652,0.18819825067100807,29.907290235374255,14.488512603871667,3.257495201348366,3.257495201348366,True,52.47268317053803,7.125749167933312,0.8554961201552597,0.03879413405449202,0.02438817226952231,0.012485460015432335,-1,,0
1202,0.390184578647063,0.478032263656899,0.03178572660542527,0.07160554478744013,0.0027200726782538953,0.025671813624918726,40.13980985899161,30.452678879824607,5.004536027799482,5.004536027799482,True,30.553489826138446,6.689023446771696,2.489926726972446,0.041882467369116425,0.012236886412550314,-0.01646149929224647,-1,,1
1203,0.33924239080002755,0.0625548938071405,0.3163366650948088,0.1457538315352712,0.10706154049368645,0.02905067826906567,39.01905522657626,17.614567731942746,1.0018409778284831,1.0018409778284831,True,27.147370411918136,7.234904284606862,0.32248557723922544,0.04116106143399225,-0.03187819889046106,0.011073069356821213,-1,,0
1204,0.3424864694543153,0.10491667655977617,0.06549698521283952,0.4331516089419179,3.264247855919352e-05,0.053915617352591996,29.6088072577342,39.520319523955,4.207568271602244,4.207568271602244,True,56.115078545590826,6.72301554943467,2.3293019461797955,0.04115726355205082,0.056627027664991746,-0.0015858131429162955,-1,,1
1205,0.5210527116563209,0.12494582896630199,0.09554176306807427,0.2325296242898113,0.005129359249392679,0.020800712770098945,33.60925604179033,30.56001531636455,5.993135461998031,5.993135461998031,True,1.5917528559755427,6.12861303023417,4.005316821545265,0.04600851596509685,0.0830502339915406,-0.005164482102024724,-1,,2
1206,0.42850344213127484,0.1502572057533673,0.10857421876294737,0.03559014873209854,0.143728040563886,0.13334694405642578,39.95148636058624,31.383392662102743,5.192804706301887,5.192804706301887,True,18.429633466334607,6.582757709750748,2.692042669746635,0.047666754367121866,0.05483154000534815,0.00979418318596096,-1,,1
1207,0.18715151512344627,0.21781668480484906,0.3840621234665025,0.05765854305165216,0.14147024806497424,0.011840885488575653,39.12904444184247,38.06126883582686,5.474450010610837,5.474450010610837,True,8.215833660107545,6.287346251354674,2.940943918574558,0.03836568564495113,0.017255707373035046,-0.010452547786924405,-1,,2
1208,0.23440880627237318,0.03299249054181236,0.34008811402994094,0.036240259148403696,0.06896441338060808,0.2873059166268616,39.68665229369432,29.97173467225517,3.68467297574126,3.68467297574126,True,130.10761373451925,7.325322521315874,1.1145703849906017,0.04654153293292683,0.023427910586744205,-0.0007875777370627585,-1,,0
1209,0.3444566957010055,0.05559115410871513,0.06180116513016848,0.09726021689603688,0.19486557356640571,0.24602519459766828,35.238316970663135,32.40059677595724,2.1173705158327336,2.1173705158327336,True,54.04769109567226,7.1556492691330025,0.5165440886974613,0.044614051774064634,0.02823163391718492,0.004605747687954396,-1,,0
1210,0.1416389810376281,0.031386586999340466,0.4009595733059763,0.39286113544295576,0.027023589441697325,0.00613013377240202,37.514512162222026,42.54120985703582,2.5835862150740105,2.5835862150740105,True,88.35833448127187,7.122170442602564,0.7382510301625247,0.04166258191699627,-0.04658858399037988,0.012103128023374153,-1,,0
1211,0.5525608996273109,0.22928074901647852,0.02995177265706923,0.06253361680441018,0.0036289360606097066,0.12204402583412137,30.879238647423886,20.80025278212859,5.203588403648327,5.203588403648327,True,9.780344629225816,6.594549190576366,2.661155421920652,0.04378984564271377,0.02709239991907789,-0.025637879630411496,-1,,1
1212,0.3560108127883802,0.17109200159698723,0.21145353536154982,0.07926825530720105,0.17501872407485586,0.007156670871025827,31.681000024663472,27.372564659155977,3.7995545269013764,3.7995545269013764,True,65.14499059250024,7.12823796097128,1.277762805377562,0.03951213845253759,-0.03556786483292324,-0.0021303780126762924,-1,,0
1213,0.10475352156893364,0.45389354971959134,0.19989701182415945,0.009536072677778649,0.03917162703369288,0.19274821717584414,33.55230666822862,42.25499401125939,4.57682909170731,4.57682909170731,True,44.97823358592205,6.786664191612175,1.8692288741851109,0.03085760992340222,-0.005628366191587353,0.008039105964699103,-1,,1
1214,0.28691990266993206,0.14643787992169466,0.4803609922752002,0.026260819755681175,0.032694109002004,0.027326296375487728,29.042963903026543,12.129872274564624,1.5666229280353239,1.5666229280353239,True,16.986783226147523,7.179616219253463,0.36289336342843703,0.03947965845685933,0.027236565843902456,0.014065143877119487,-1,,0
1215,0.40912368999612064,0.08330064104687661,0.08228183510575963,0.174081392466541,0.007605632297130064,0.24360680908757196,38.79831326001764,25.93331132670951,1.3409968484424777,1.3409968484424777,True,42.819313154401044,7.023735789373713,0.4244251272727441,0.053821725118405925,-0.03306605609730906,-0.0004328810309431022,-1,,0
1216,0.20271660968986316,0.039938827264682474,0.02262117028199265,0.05257574376631527,0.04406796331304289,0.6380796856841036,31.31566305480954,34.341503700987886,5.854923363422048,5.854923363422048,True,2.138554304100647,6.230313505916401,3.389240118160821,0.05863144330866013,0.006162163160407963,-0.01431516937795239,-1,,2
1217,0.5396187004431569,0.06816946733021517,0.007729348483235005,0.03175252728668288,0.14613135562880114,0.20659860082790893,37.744325843349216,27.779490044561978,1.152916978254657,1.152916978254657,True,33.46131268357988,7.173951358617233,0.40189374367009933,0.05354405690808654,0.000629800892465204,0.014986128035421485,-1,,0
1218,0.3025619168063658,0.14653497059514378,0.20360510651757108,0.08347037167207558,0.0024244502317176484,0.26140318417712616,40.510761154184685,12.996728813899482,1.3351848015330985,1.3351848015330985,True,30.898918530384915,7.3706212425428745,0.44119875640702405,0.0632697218980263,-0.054012306058505544,0.006929372766191055,-1,,0
1219,0.3457881285961974,0.18114015843096243,0.33830502757459907,0.048119874749222476,0.05371612261562021,0.032930688033398575,33.169484543513306,44.37261480625338,2.293746889828762,2.293746889828762,True,45.43445435593081,7.059550205339409,0.3490431348538679,0.03774173979063354,-0.037334709523522254,-0.01895419014641272,-1,,0
1220,0.1404139479025231,0.3558616468637935,0.10820268413666621,0.2687034567262245,0.02377381557767341,0.10304444879311928,34.543821179717405,27.02691622085127,4.5002717155419925,4.5002717155419925,True,59.06544647608987,6.730326421663519,2.273971423892653,0.0364422694964168,-0.036692555544263226,-0.01778382675112078,-1,,1
1221,0.07237764603518158,0.584379632749173,0.05949622879599001,0.19415042134239896,0.05288602400047589,0.03671004707678058,30.1068139672226,14.221910769415352,5.221501036125293,5.221501036125293,True,8.559304228031674,6.598021216552735,2.9204537224434435,0.03261246322381785,0.048370674395309635,-0.005408642680494706,-1,,1
1222,0.5106644734518082,0.21879606694816978,0.03237128118383709,0.14209180413108358,0.02497627690329855,0.07110009738180277,35.260410821563525,42.85226313116402,3.219054281641431,3.219054281641431,True,97.58723773452651,7.173520451643823,0.8570498084149009,0.043394898507473106,-0.00769379409752791,0.006632656133162245,-1,,0
1223,0.1414709831710959,0.1751238016194449,0.17961022389473008,0.09932998572723624,0.3230118105067592,0.08145319508073368,28.127675153902292,41.23794242853885,3.1040782060800147,3.1040782060800147,True,37.24789399153807,7.056129971709303,0.7210168907362312,0.03265526822128094,0.026083813600844108,-0.007072642465586838,-1,,0
1224,0.28979452263746713,0.433610734240792,0.0320880702981226,0.22049149220052314,0.006362174941240252,0.017653005681854933,38.74157987885275,29.306825440848,5.320989120041589,5.320989120041589,True,14.934881884781259,6.47718226597288,3.1577490908882924,0.04923187338086692,0.03221404497272573,-0.017244426951782917,-1,,2
1225,0.518281133915804,0.026467827599264058,0.18655993030696286,0.2035246315340921,0.00038629160666414457,0.06478018503721289,34.26884203706304,15.11951574020324,4.670145678606514,4.670145678606514,True,37.850850064449936,6.905718492598025,2.355624626410459,0.043295971269613875,-0.001907994302638917,0.017049269669345272,-1,,1
1226,0.41031088739133065,0.28014585765308386,0.19929002508613355,0.03993980789614958,0.02440290278981604,0.04591051918348623,41.160336571001714,36.72982148163616,2.9281982771700052,2.9281982771700052,True,92.5714152518719,7.115398626342935,0.562985139123925,0.04662501331609247,-0.006103083997096593,-0.010337396481644681,-1,,0
1227,0.2953879376059928,0.052345939835049184,0.015189446580319753,0.1862160229507444,0.4174795050511443,0.033381147976749535,29.478158957682073,17.80979413279727,1.0884794268478333,1.0884794268478333,True,17.97608757810163,7.149176609178601,0.3869388334454988,0.03900282785544541,0.0019178384971268116,0.004039795993678645,-1,,0
1228,0.25089642973715265,0.17803289599171088,0.2111999331214375,0.14024953178675525,0.10916427328089431,0.1104569360820494,31.509232620544637,23.205430988386386,4.731632207629174,4.731632207629174,True,30.151973132786917,6.792030065321806,2.349074037012723,0.036496886152742776,0.010185707979781782,0.004581290208941338,-1,,1
1229,0.5302650471354474,0.25709528579220614,0.0060549038089055,0.017874796472154144,0.05071470436840924,0.13799526242287746,29.96578707282434,35.28132880938301,1.5144911994517694,1.5144911994517694,True,23.67839958727289,7.236100288041514,0.43805913263110097,0.04120844913389734,0.03859564590931607,-0.002161985679316492,-1,,0
1230,0.6970512131980704,0.08120987759423265,0.04059216883670621,0.0925581730981809,0.017434120512490735,0.0711544467603191,30.168629125176327,32.90374121708794,4.4048707031880685,4.4048707031880685,True,46.99550931520923,6.785917012900587,1.9074537312419917,0.03950272106618488,0.0012466229759271683,-0.003564015242520406,-1,,1
1231,0.39251877917252337,0.016409724679291943,0.2146640765186827,0.08719517190341486,0.1726750799582298,0.1165371677678573,33.326104242368295,41.02226112856329,2.3230886145916503,2.3230886145916503,True,48.688017547063346,7.064765208799629,0.46849812750883385,0.03612289426998848,0.007277164632262834,0.004790180957476934,-1,,0
1232,0.13749957276090866,0.20635129273660194,0.09258166328769941,0.0668688367692983,0.011454601653541108,0.4852440327919505,36.54618070114266,18.127990258194743,1.7550845545470852,1.7550845545470852,True,47.76744088406104,7.178997908491011,0.39384602464363183,0.04890178767448259,-0.030426673269851868,0.017588447786669993,-1,,0
1233,0.08803812029720663,0.039260664710316445,0.008438982090677085,0.16722831606356897,0.14256867646539692,0.5544652403728338,28.14247693191741,21.604713696148078,4.816903052167214,4.816903052167214,True,23.51127536066146,6.610711477650691,2.5230007451362875,0.04835002229847262,0.0015993761631833796,-0.001854749179768648,-1,,1
1234,0.2838656040001183,0.34312166948298156,0.19831142761909654,0.02101293002676504,0.08041422241011767,0.07327414646092102,41.91751898819362,43.32223751526722,3.2528123344574,3.2528123344574,True,132.72848934429996,7.115718729369416,0.8171813038634368,0.04744001744953722,-0.06518913959136541,-0.0038039989580790196,-1,,0
1235,0.4138345908248901,0.056017589992428674,0.007340982482919516,0.16767329265377412,0.13156642028284432,0.22356712376314328,30.1157238519763,28.278175439350996,2.737876343564039,2.737876343564039,True,49.09548594923937,7.173675048790301,0.5751897423911804,0.053681912448328525,0.004172428778677526,0.00521837583255336,-1,,0
1236,0.2540116490712581,0.05064672990945837,0.11325246692661964,0.2696738780455082,0.2871333628204143,0.025281913226741476,32.46344290202331,14.750586453099709,0.9802536399210388,0.9802536399210388,True,18.01896910101671,7.155003486596864,0.46524805436288497,0.03576926475327737,0.019130490245514817,0.005981845310989276,-1,,0
1237,0.28689977060656674,0.1221682096549104,0.09529766093604783,0.18064472652169633,0.21177812204312335,0.10321151023765535,35.70529157166806,43.58357072269733,1.9592303882479833,1.9592303882479833,True,57.71652782661162,6.992936864661208,0.4711603480086511,0.04520308222904036,-0.06936739710180993,4.52090006833106e-05,-1,,0
1238,0.2300722447582771,0.05674317282229429,0.2926802416153122,0.002009318470777507,0.16186185255576815,0.2566331697775707,40.927394799121146,28.168631435441085,4.8752443628584246,4.8752443628584246,True,39.910238773012885,6.497511734486455,2.2857865439829084,0.0515887823645365,0.05239282110652445,-0.003523599534902772,-1,,2
1239,0.49008796161826307,0.1029907703032285,0.05357698289251592,0.31344330004982324,0.02480429173735301,0.015096693398816339,37.11771359261041,21.227459883116655,2.5738262207805747,2.5738262207805747,True,82.19564106413769,7.1675380834055975,0.6640552694556738,0.043375937008711105,0.005416073194704124,0.008170209194865599,-1,,0
1240,0.0996513273301795,0.04321973156647212,0.13728817650212313,0.45647336895710955,0.0016901224300340811,0.2616772732140818,34.83441796115548,38.157313286034565,2.2357525052548075,2.2357525052548075,True,80.75949365838514,7.230153772276902,0.8502055933084909,0.04338260760464477,-0.009085262576729819,-0.004477839203604962,-1,,0
1241,0.22756910679407696,0.24156533750591566,0.22549788919168381,0.04252052252769548,0.1722681783394075,0.09057896564122062,39.24814139263266,35.81630485896986,1.8550974800273448,1.8550974800273448,True,53.59067770185754,7.251574546218853,0.330833134976562,0.04006628986865225,0.030395488291324036,-0.003577363307182325,-1,,0
1242,0.10614073342878334,0.01972471983968828,0.4733109992997314,0.08774738736071325,0.259452651217332,0.053623508853751715,34.00856677230769,40.51617476684379,5.981606894280695,5.981606894280695,True,1.87279960528156,6.17678917799789,3.6160261809797416,0.030674623333973278,0.02074927668919342,-0.016512307481928626,-1,,2
1243,0.27049864170147453,0.25667524645037076,0.09231013243902064,0.007277472232385668,0.000539074568334057,0.37269943260841437,41.92825217823611,25.88351836779392,5.517431284580382,5.517431284580382,True,10.63369335209438,6.393231861398836,2.9025765180925815,0.05337433163119459,0.06465468602084903,-0.028555649400854484,-1,,2
1244,0.12852164789942877,0.1409288149348626,0.027839194720094468,0.4203554171541184,0.11801030556591158,0.16434461972558428,32.01846372912141,28.197883269310207,2.2163658713741543,2.2163658713741543,True,50.206840221721095,7.222789732037251,0.7700478524118313,0.0468807444598087,-0.010005082620670484,-0.0032059374624134195,-1,,0
1245,0.1887393500057812,0.032654217983912576,0.17060313296413196,0.5448206413364092,0.04748756027782725,0.015695097431937744,30.20450110686551,24.937022682873184,3.4972387665656868,3.4972387665656868,True,72.87324234790758,7.226038384951345,1.791572671855882,0.045866577418936516,-0.0030081436464639948,-0.007436833272682018,-1,,1
1246,0.13767760854526698,0.22505952188129466,0.42042706331517343,0.10853255242658758,0.09577934297466348,0.012523910857014015,35.21574949967587,24.451178656091727,3.8017951184067282,3.8017951184067282,True,94.9820086619412,7.171660365497897,1.3715307678227397,0.03300150892646542,-0.0495495863295762,0.0030951830359732067,-1,,0
1247,0.04811836300393368,0.28927832703123263,0.11131324634844533,0.24988343097017746,0.04500508887277582,0.25640154377343505,35.35925997910168,23.11861425707658,4.628762893575044,4.628762893575044,True,51.71101622219989,6.8172558639683025,2.379232130721328,0.038603400373947404,0.0008534842677280045,0.00527917531089521,-1,,1
1248,0.2012296138702854,0.19280383318482516,0.15751883827867014,0.22108141638585446,0.12475946032758531,0.10260683795277949,32.741384843038304,34.5064095749073,2.879095557955025,2.879095557955025,True,63.751215264344275,7.135005310106638,0.8465460576495136,0.0356158238857723,-0.0006107937822024159,-0.007776299826743633,-1,,0
1249,0.7136638643180816,0.1753933269234541,0.0340060098491854,0.0413731208308575,0.03511436328849,0.00044931478993138845,29.86042155128605,40.35309798899309,3.2136723782519603,3.2136723782519603,True,49.81505777498519,7.1768101592946385,0.7381812351662497,0.04235937751290505,0.005891020542562237,-0.017419037886484322,-1,,0
1250,0.4892517608512882,0.05586098034221568,0.26014333276885665,0.07032311615684156,0.011720474461899983,0.11270033541889814,28.651671773550373,34.167829934026635,3.447282873438146,3.447282873438146,True,48.96991738835235,7.187292205381802,0.9722793541398591,0.03763043741148098,0.03249159814215492,-0.0036794366178787958,-1,,0
1251,0.46694970119084045,0.147771440143478,0.18830777579082633,0.17476787160322327,0.018580234086227845,0.0036229771854039833,29.56008062343208,13.64906209083248,2.081262111855718,2.081262111855718,True,28.356242241951715,7.037035656413179,0.42771379264381526,0.03563919000076972,-0.03479543987632159,0.0009210757867156107,-1,,0
1252,0.7239345331849597,0.01394617849558919,0.11209894915262278,0.11684535884999446,0.029276137677050864,0.003898842639782925,29.63911801116046,19.58776131466998,5.009969171189968,5.009969171189968,True,12.986619122400855,6.65348445512168,2.659959231093005,0.04016537076164857,-0.03547358704131602,-0.012627628096042624,-1,,1
1253,0.3761598260053152,0.13810841650064876,0.3464565624817806,0.06167529726867025,0.0043078739381639175,0.07329202380542105,34.06118970272256,44.65996181266004,4.4488596555894055,4.4488596555894055,True,46.90289860564598,6.769172064263117,1.8488890900038857,0.038207147929812814,-0.004002970489568582,-0.016692111958775346,-1,,1
1254,0.3998785121705946,0.05327800074454689,0.23192607409511512,0.2580546886916935,0.047645363810007044,0.009217360488042845,30.66111232329351,43.76882533516306,5.3372469813065635,5.3372469813065635,True,7.890916128139765,6.580760673066687,3.2447180940383964,0.049727269173115235,0.019870993230257247,-0.020615298759112954,-1,,2
1255,0.2783713141964623,0.013223695592108136,0.17131726126202912,0.13650040505866115,0.3614458754282793,0.039141448462459934,30.559699526301642,20.302658843465082,1.7175678010592645,1.7175678010592645,True,26.909165033395144,7.262300483586287,0.39335180844414624,0.044745796850761764,0.040399631147036506,-0.023294098591917153,-1,,0
1256,0.053227938830186894,0.2558132336248573,0.5676697940189435,0.012215612195721247,0.004690532429344155,0.10638288890094677,36.40064166648119,14.83236967975523,4.0138962030979926,4.0138962030979926,True,62.87061629547238,7.060876189548617,1.3438642529785125,0.029490743752291413,-0.011686716897465666,-0.008646987907171886,-1,,0
1257,0.3049067510747264,0.10799111439433162,0.1592289798648826,0.19655118346431252,0.07649671619416791,0.15482525500757893,34.49800525433303,32.04813646452533,3.7434793951161343,3.7434793951161343,True,94.81208869949052,7.134688145276239,1.4948234661648818,0.03766601561212753,0.00540198352140661,0.008506391523029531,-1,,0
1258,0.1576969398601372,0.11315504938078388,0.24686234546780542,0.31915215594186536,0.05966302547286651,0.10347048387654163,29.611697111410365,32.45484993807301,0.9414341323002894,0.9414341323002894,True,17.337521429296558,7.117449188724589,0.3939590659685225,0.055410864863456206,0.015671521968519522,0.002714088154346352,-1,,0
1259,0.33163008276455247,0.2927057010298502,0.08732767432389117,0.2170259363109523,0.04393415225837443,0.027376453312379496,32.85313827466407,21.14958051997034,2.6093699732806837,2.6093699732806837,True,42.129331155388535,7.347478839987946,0.5417555801617095,0.04141604075580433,-0.008106203993121579,0.005084130985042971,-1,,0
1260,0.3132152349611739,0.09312437602348196,0.17264599219791957,0.20074437919904167,1.6875559867573824e-05,0.22025314205851537,28.337639582085465,40.601297828897074,4.774849484310339,4.774849484310339,True,23.43954544320541,6.766478108123085,2.478508082362861,0.04379808762080167,0.00993537895112016,0.0118610238996807,-1,,1
1261,0.1459889823244325,0.058939514069902686,0.43362132944113513,0.19884881366756094,0.11430378419062226,0.04829757630634654,33.720910009071645,40.7036435525076,3.6393253169354285,3.6393253169354285,True,84.56170525270645,7.059815804663433,1.5021349479261688,0.03154513662181677,0.05757656922688108,-0.006266023030445228,-1,,1
1262,0.09157948843476559,0.3633310152555795,0.017936953405777976,0.25229031463160806,0.0005250459063662668,0.27433718236590265,32.55093153362915,31.633274722682817,5.6771988501143404,5.6771988501143404,True,3.444954099710789,6.309419540700126,3.739727687095092,0.04017903808479835,0.0281594453059012,-0.00663259655268198,-1,,2
1263,0.17426048302776784,0.057914926784576486,0.24476206920132523,0.4060195354420976,0.07714395874527158,0.039899026798961214,37.45363702153466,38.599561508320306,4.190859156214324,4.190859156214324,True,108.66464817109227,6.88191501678762,2.18145212575885,0.04366782502811624,0.0014327461290529388,-0.00859510274889353,-1,,1
1264,0.45695011346676634,0.08879159942072778,0.18210029464446836,0.13645975067651503,0.06669069965210736,0.0690075421394151,39.31858626123591,15.004208133917034,2.5409322493541167,2.5409322493541167,True,69.98964814818133,7.179211007217732,0.41265704064428627,0.04570407971615669,-0.03403814412115746,-0.009047313158489388,-1,,0
1265,0.35903484366427474,0.009444729726748742,0.3037535559407716,0.19974024206768223,0.12432790189288248,0.0036987267076400545,32.0947790272598,25.728219254648888,1.6217456215993291,1.6217456215993291,True,31.959277876966933,7.2089361938339405,0.4605644629534077,0.038817800633027845,-0.028434796194368787,0.00860303838707565,-1,,0
1266,0.2309648055948904,0.27236730627603917,0.28770256686152,0.16634074950169647,0.029124166990385197,0.013500404775468792,38.75737674953791,14.390536057555883,4.987371655301032,4.987371655301032,True,28.35816565288429,6.568958370260317,2.614429963544869,0.05009637898390075,0.042304605035513865,-0.006018670788082973,-1,,1
1267,0.21414752005813223,0.19352578748282775,0.1018993193558866,0.16803227539861473,0.31980933379410903,0.0025857639104296336,33.57716642235263,22.357863812616465,4.36358161799911,4.36358161799911,True,59.57432232810156,6.930792044726061,2.0770038755212292,0.040152333690230774,0.017008933374421106,-0.015066381618948979,-1,,1
1268,0.46955873986166763,0.16259710728969276,0.15438480757146586,0.02843982333846346,0.0005747514598090519,0.18444477047890112,38.93681177581746,26.828373591262938,4.347065068493964,4.347065068493964,True,84.06928513770622,6.972197505026889,1.7490148772645637,0.048367862975415385,0.0535546623980383,-0.00570376181862618,-1,,1
1269,0.4705304904343146,0.21720796666035602,0.14796546421438633,0.05338963045400512,0.00351615937562557,0.10739028886131236,33.201268265532114,27.48709125507569,4.669290592601854,4.669290592601854,True,34.14727939225716,6.708543408517045,2.0562204703548246,0.04605308387085247,0.005370283666792049,0.001373473626527795,-1,,1
1270,0.8341131309988755,0.023745865694541145,0.06482962259367774,0.023319446590306464,0.006137997807705091,0.04785393631489394,39.19680459845383,12.104856492229427,5.599578317028473,5.599578317028473,True,5.347958464202628,6.484237244551312,3.015513395855325,0.04771932780183133,0.010406936746817625,-0.01915511483153296,-1,,2
1271,0.19941520245723787,0.23790299477177498,0.17669901469815583,0.3591581612906175,0.0014426769110213093,0.02538194987119242,34.546057891989236,41.73408642224365,4.626386514260497,4.626386514260497,True,54.63739459321204,6.713941306259479,2.65187799972165,0.040631412711549776,0.014527702746531233,-0.0014373692196765061,-1,,1
1272,0.3022335599243955,0.018686074445277066,0.003871810973473996,0.5339640523810866,0.045544313322687706,0.0957001889530789,32.07314743522738,42.53106379543738,2.1875068569166896,2.1875068569166896,True,53.832842836984256,7.271288899391612,0.729014929366823,0.0566913759625262,0.009895107798510749,-0.014014201503326303,-1,,0
1273,0.3376987443079502,0.12038902220950684,0.18680207029877566,0.2800710437782437,0.014746813798485798,0.060292305607037806,33.66404621832719,44.548442700425696,2.568996807276452,2.568996807276452,True,59.12679531441879,7.14486570516054,0.6635907833217625,0.04548724245380875,0.034700183552708194,0.010776052361118085,-1,,0
1274,0.3080284267276516,0.03978153053069603,0.23596365175805437,0.3151554727834288,0.05825045349119462,0.04282046470897461,32.984185677107554,30.30243492687249,1.7067644831898519,1.7067644831898519,True,39.923596260651514,7.166087144325261,0.6208717084365803,0.04142892902306911,-0.028443033823468796,-0.0029067417254512035,-1,,0
1275,0.20116198364963503,0.39160476859668997,0.17019126339445254,0.10442177598632835,0.11827492722348561,0.014345281149408327,37.85641306986407,30.378149638696737,3.6440543135992938,3.6440543135992938,True,109.12047887906205,7.2794225907946695,1.1739615957701,0.03852490853664145,-0.0032339788935527953,0.014156061108578628,-1,,0
1276,0.5417290200555719,0.13438939731113758,0.15659642856544198,0.11734399385070614,0.037241583825594234,0.01269957639154834,40.042057949538545,43.84132667484394,5.585396476676324,5.585396476676324,True,7.02176113921738,6.418953457270254,3.280699302190981,0.04650243056019363,0.010675975043061666,-0.011471552434416521,-1,,2
1277,0.454361920162335,0.04382894424878555,0.23089783189024532,0.1779167913855981,0.0689573045433836,0.024037207769652277,35.42870964969078,35.11537296422418,3.8109964277114887,3.8109964277114887,True,77.68563605684422,7.085594710592147,1.607191037187035,0.043532239039302985,0.023227675329430417,-0.019669235534800943,-1,,1
1278,0.2633078399842862,0.042746373067496075,0.2710899351098511,0.09878351179536442,0.2817361126628141,0.042336227380188045,41.77849187156406,33.238407106747914,0.8231166748458834,0.8231166748458834,True,33.255702132897994,7.311640920330354,0.36430625079042356,0.04959978989677905,-0.03253443470046008,-0.006551721079220853,-1,,0
1279,0.32901777288995565,0.18901635410242423,0.009982837107550513,0.19756916928174928,0.00811327082357555,0.2663005957947448,41.321723751382194,41.14684404885283,1.9928127331797416,1.9928127331797416,True,69.84732790049584,7.088139306057799,0.41840712065222185,0.06502373213773648,0.01154965338695111,0.008425154733375458,-1,,0
1280,0.15375378146519894,0.20170041074443706,0.40207649230429665,0.04158113073506717,0.04398085933577965,0.15690732541522062,36.71273878171584,23.064991385596674,3.922081720679156,3.922081720679156,True,111.31852471961089,7.194634756115877,1.3636474013903095,0.038134955930006306,-0.04357805948851326,-0.006005502623610339,-1,,0
1281,0.3192180261373421,0.10134429681454094,0.149470652873614,0.0659748481641579,0.08902430178720756,0.2749678742231375,38.25096314204448,16.059684211832685,3.3697784054976623,3.3697784054976623,True,75.48636335478592,7.283415494455526,0.9572629704473282,0.04976421543935793,-0.033429783947736026,-0.009016971024542988,-1,,0
1282,0.12059026197020196,0.12387381121476534,0.10682075296128352,0.15696851391158026,0.029539198998945894,0.46220746094322296,32.42233422161581,17.999458980632276,2.1936578284655344,2.1936578284655344,True,44.05131319978504,7.106437127374324,0.46373383318118977,0.048207511540389124,0.04035642931460812,0.010931625453847293,-1,,0
1283,0.5166070519944747,0.0834482970349529,0.09569491481542164,0.06195304852461029,0.0007662315720919004,0.2415304560584486,28.440957215815224,25.604502928683054,4.313922652280188,4.313922652280188,True,40.231053470793874,6.849349509839607,1.735775773772972,0.04065136005479705,-0.032850824041603804,-0.010349181440420378,-1,,1
1284,0.5628910096732759,0.02705597479057105,0.1594933653380147,0.09908860043377904,0.036879449404761094,0.11459160035959809,32.15575872947583,30.082756038298662,3.7059931908510393,3.7059931908510393,True,69.28387378895668,7.234285018015213,1.231178385392598,0.04599526078983123,0.03488682734637537,0.008202237471068222,-1,,0
1285,0.09088074387802944,0.02128893413782467,0.6370213426755582,0.027666476235791382,0.002924867744467571,0.22021763532832866,31.548366653699972,40.27884713010661,4.380404239954231,4.380404239954231,True,56.245172129062155,6.763838354951541,2.0154264235207684,0.04701010810885689,0.03670066096827587,-0.004900723735593793,-1,,1
1286,0.17970721757620214,0.057184303889467894,0.0556501481122435,0.060161851083030085,0.005652800239644787,0.6416436790994117,31.395082786047002,21.57579538205845,5.572881550822665,5.572881550822665,True,3.9143543957549474,6.443998624537983,3.1584251629972218,0.05035988933954955,-0.03407152692369736,-0.004874552114082574,-1,,2
1287,0.48095689011679876,0.1468879383325688,0.08468157657096269,0.13577554685504284,0.013623127233035446,0.1380749208915913,28.382728686054815,28.376996344670108,3.4229142136332174,3.4229142136332174,True,49.99691685383266,7.070805344353283,1.0486720070744406,0.04842275595232104,-0.023260519567604013,0.02084283444125734,-1,,0
1288,0.11669226400978544,0.02929344217880352,0.46665926673102004,0.07497018832690043,0.1299255476297617,0.18245929112372894,33.94815274899948,31.774093511444846,5.284127639977744,5.284127639977744,True,10.488653553861367,6.383855675277318,2.7715865029236246,0.037341062344563046,0.06935041867384047,-0.03547183374573596,-1,,2
1289,0.5707860049431996,0.11491470973850873,0.10002378147413005,0.08625518830924178,0.06977347367180287,0.058246841863116926,40.270823668370866,14.864137094224976,5.618908726290389,5.618908726290389,True,4.837406582243467,6.377987728025221,3.2005891812958254,0.05184136795998127,0.03320828669941928,-0.004801915245631829,-1,,2
1290,0.2065807682722797,0.004697955248716022,0.6694325684775088,0.10221555226786116,0.0034386705489704984,0.013634485184663765,37.035025144387646,27.15584753796395,2.8969912526935975,2.8969912526935975,True,81.43424077077847,7.286810370159618,0.6630010108659986,0.06286517004851869,0.041640467016846,0.001499486237273376,-1,,0
1291,0.2999393368109003,0.059186815138166725,0.05500437403640492,0.06905356456705955,0.05954750851116165,0.45726840093630705,28.325584369303645,25.469282930681434,4.715314574064532,4.715314574064532,True,23.89002303994123,6.8223008198286355,2.149603754020253,0.0454494521422868,0.017847307699436557,-0.0030562176680472876,-1,,1
1292,0.45598068843012307,0.1570405771090737,0.16768185137610217,0.07806566877033828,0.08709815111824683,0.054133063196115924,37.99196337577869,24.478503179319844,5.452695748711869,5.452695748711869,True,7.718020702934042,6.369728967322025,3.115602442845977,0.04432399315706487,0.022859754268036686,0.010710586321792405,-1,,2
1293,0.3319283925644955,0.15048462986734187,0.04989746887118596,0.04358942083786534,0.3835039955106608,0.040596092348450595,39.95308481371099,35.18436050302854,1.2044431797154935,1.2044431797154935,True,44.057796173063984,7.257293256935884,0.4320792331805605,0.04357335566570348,-0.012728250012982414,0.0064789857895487255,-1,,0
1294,0.2432015511876137,0.03176100425000514,0.05414386135212702,0.4288032927659265,0.0032896361351560373,0.23880065430917163,40.14399757454706,41.06821788041715,1.3794374736486665,1.3794374736486665,True,52.772446330120836,7.220547700306168,0.5454641828431551,0.06948539097736305,0.04959234019533111,0.010028708138500453,-1,,0
1295,0.3709324648781773,0.0473522370923161,0.16915222753638753,0.057726502961690615,0.3162029932748453,0.03863357425658322,33.03950452325291,29.867927413554156,1.335478986818272,1.335478986818272,True,29.02269881105157,7.197344826038913,0.3631339260524486,0.04218648622746744,0.024696540981993934,0.0021468591485169545,-1,,0
1296,0.7028997081864673,0.18111550758959646,0.03983857019433244,0.03584289042165575,0.004141900747679591,0.0361614228602682,33.063312554666076,17.842073673695964,1.526510850259212,1.526510850259212,True,27.795452466409216,7.233825418091099,0.30760798371034026,0.04577789773611712,0.0003075906360254707,0.00950310704116222,-1,,0
1297,0.5303755454248652,0.016497581040934333,0.06337211274616866,0.007345749726105587,0.19175990350264482,0.19064910755928136,36.141499233286666,26.708811561308558,1.704491096138519,1.704491096138519,True,44.15227255479015,7.247528093006113,0.3577948925857304,0.04210245220452452,0.03312540311642944,0.0053440487625565185,-1,,0
1298,0.6653585280039791,0.09604985324917632,0.05549363722252095,0.1422650869144423,0.005947521855838202,0.03488537275404316,32.246252224752205,24.923146167524425,1.8746956760040148,1.8746956760040148,True,34.9509876814566,7.206942759574209,0.49250701860330626,0.05349388847473625,-0.0018895495344447351,-0.006632686276130798,-1,,0
1299,0.39003158188542464,0.16600203838459662,0.17375599042198647,0.18034723646956813,0.011940325720129725,0.07792282711829437,39.5212027936074,35.06599951819827,5.66449776056074,5.66449776056074,True,5.846340886131249,6.236995445172702,3.4465807467479466,0.04526834230717414,0.001983898056268401,-0.016148088853669168,-1,,2
1300,0.27375742751044085,0.012115236925928268,0.568369326500822,0.009501745260024824,0.11774301849588069,0.018513245306903497,32.60567193723009,14.972146563562609,3.6297437052734374,3.6297437052734374,True,61.521384401619855,7.023731634717137,0.9930214911117617,0.028433067864979542,-0.059310311742249155,0.024101054137255246,-1,,0
1301,0.17783794850908324,0.20521684356706246,0.033568815440488176,0.3689634726675751,0.026113957201681713,0.18829896261410928,28.97898102592604,17.692856555732426,2.8164501250867833,2.8164501250867833,True,46.616494047285585,7.232564268499979,1.0708017252831319,0.06074990124420661,-0.010217563410801678,0.0038290855089305616,-1,,0
1302,0.2691178116128725,0.06701543850668637,0.31729334051424163,0.17890353203393816,0.05046267014662046,0.11720720718564105,28.292287237986045,32.619748358814554,4.402902568676961,4.402902568676961,True,34.98067310122692,6.892171084017018,2.0115985348237135,0.038306994850558655,0.050910403019501005,-0.018528013128509938,-1,,1
1303,0.36288500138530483,0.11024157947233491,0.0711689195519246,0.11121487986801844,0.14295625849974755,0.2015333612226696,38.31414204722121,31.827179152965712,2.2029672818363037,2.2029672818363037,True,72.53023658675349,7.229793669058195,0.35370897706624477,0.04626510132393058,0.014169035948097108,0.0118270435658757,-1,,0
1304,0.44443495945584327,0.2741838198320824,0.10020635581595798,0.021177098172456384,0.08578724275978082,0.07421052396387919,40.10275468449814,25.18657812602509,1.4611671540871969,1.4611671540871969,True,44.589515718998136,7.226940595383453,0.44517842534162944,0.04850757008926503,0.021979255321214666,0.015625849009131856,-1,,0
1305,0.47561966630433467,0.3447079795010376,0.04114177595427041,0.07104998199639319,0.06401620877748902,0.003464387466475125,31.411603026374625,42.48441141719526,3.351375844816131,3.351375844816131,True,64.34831500739915,7.2244236198040035,0.8645709862607525,0.03283606743815819,0.012783034377500738,0.004415144932375898,-1,,0
1306,0.08780815021931228,0.0546460125491953,0.0011869362931768868,0.4071467658577838,0.014370952642531225,0.43484118243800046,30.410117375745006,23.877817993483127,3.7216317960926464,3.7216317960926464,True,67.11456846898089,7.020778754791597,1.7546389007743515,0.053416297196592584,0.05096616833087939,-0.0015038162881640083,-1,,1
1307,0.5291475028870719,0.25154609671282885,0.09898919636378459,0.10405307139250378,0.011752165875027235,0.004511966768783622,36.52419557853581,28.20206241509843,4.002376267191961,4.002376267191961,True,82.53058942903233,6.917691080786352,1.5000524622712996,0.04495355063545246,0.001682667597943964,0.00035499638013612896,-1,,1
1308,0.48497850377916984,0.15263470495304637,0.10830711794259144,0.09923928961675904,0.0399426479189302,0.1148977357895031,29.26585890844654,44.08404685876729,1.6406591359886737,1.6406591359886737,True,22.205944264667366,7.167803140504736,0.3959392291951199,0.04953329824875538,-0.043725876869154794,-0.0024511627960746045,-1,,0
1309,0.6903973866054739,0.06098679699069387,0.015790331188309092,0.18248633716990595,0.02248709689529832,0.027852051150318972,35.94463536305648,43.95597653764146,3.697896141940756,3.697896141940756,True,94.54936346820664,7.305625891282318,1.46177760767207,0.0409796222986866,0.013071715027285075,0.007787198332889704,-1,,0
1310,0.47467006605662304,0.12320847381759403,0.10058758638262441,0.2630557432737275,0.021269418520492033,0.017208711948939054,31.46414193513398,26.5318852951268,5.632930794601978,5.632930794601978,True,3.347627470426793,6.477000946868402,3.782904382857844,0.04236219022199049,0.003480591125649614,-0.009857400256351904,-1,,2
1311,0.327291609839078,0.13046319236872106,0.03279976574186802,0.10912343546512744,0.1496858318773087,0.25063616470789674,29.213320394021526,25.205548982712337,2.500216654876917,2.500216654876917,True,36.955981941375164,7.14304887322704,0.4064772223784544,0.04679799346264147,0.004601515874008924,-0.007181498296694747,-1,,0
1312,0.09399362688524376,0.12078848199653178,0.07050316745750224,0.3983574857786546,0.28418404139261394,0.03217319648945356,37.24528782205909,25.918898651046703,1.799791828499537,1.799791828499537,True,55.01968814076817,7.255177771228615,0.5594101367658927,0.040890324990641484,0.00850921461344283,-0.0052723177789647455,-1,,0
1313,0.22630304460771136,0.10950467354806614,0.0869710966240501,0.2888047446227556,0.25922879716103897,0.029187643436377694,39.52244013052511,26.72308214383266,2.095787020439506,2.095787020439506,True,76.15008498344747,7.18672377999877,0.5791642421594946,0.051982015392245055,-0.043679935724995976,-0.00034559472403380655,-1,,0
1314,0.20751799333457718,0.08404174411900858,0.014030490506172987,0.15618436618376796,0.3518427937078123,0.18638261214866117,35.50830177731673,38.88961985060067,0.8031583729741337,0.8031583729741337,True,20.90402870973097,7.209155833076258,0.520202476101305,0.047395466022992355,-0.04694002381593871,0.016047841202170902,-1,,0
1315,0.248341471110383,0.04687419029054529,0.3688850731697237,0.012677987241026744,0.26657724556468954,0.05664403262363174,32.835830084493296,31.773073019994584,4.897044867697076,4.897044867697076,True,25.423438389740046,6.776127514668384,2.2959340040956695,0.037787837253206835,0.05262722162311398,-0.004809834794005239,-1,,1
1316,0.17664227281758438,0.32967725053411473,0.09874717366036707,0.10326619874672259,0.001938612484511135,0.2897284917567001,30.148714961315548,43.377290037873394,4.208942204487709,4.208942204487709,True,53.73183181034696,6.837860949529297,1.7816974339474052,0.04391655395126956,0.019512638227798362,-0.006555254481975902,-1,,1
1317,0.5120408465052607,0.22170391261858466,0.11818020258493214,0.10840955119839306,0.014347161921979112,0.025318325170850232,29.285378095094472,36.57621355258992,4.779428789946269,4.779428789946269,True,23.563039105423886,6.689346086040692,2.3235164068647256,0.03620152564663217,0.011202375965388846,-0.008998661064648826,-1,,1
1318,0.572669163765136,0.16019629853935224,0.011710978152287044,0.1312572294476926,0.052966787648197636,0.07119954244733459,35.51146853612294,14.667021879540808,3.6178979081329974,3.6178979081329974,True,68.22115041255209,7.1488645552116,1.21660133414098,0.04204763768495835,-0.02665448425974536,0.00524371664675433,-1,,0
1319,0.29242525359957844,0.3481723959472975,0.025690065153459382,0.18272559559100002,0.12007815204107786,0.030908537667586704,29.130087823978265,38.07847128530996,5.805813543155799,5.805813543155799,True,1.9847540961376218,6.357218045473838,3.853530464629056,0.03389185171027635,-0.0033608320714956126,-0.005592172831575898,-1,,2
1320,0.41739712441714055,0.1951218332158918,0.08303002012419712,0.24548728122781777,0.004197122495181507,0.05476661851977116,28.630367729830397,31.15606981694584,2.934466231223202,2.934466231223202,True,46.848132449836385,7.267894029336511,0.7826519863877496,0.036984019079714506,0.023176347494266582,-0.004412099421676925,-1,,0
1321,0.2516105799102083,0.20084417181594913,0.2855146299070168,0.20859104487245234,0.018827734262179586,0.034611839232193735,40.18419402635989,33.386105735622245,5.5914349803885965,5.5914349803885965,True,7.480961324445979,6.4529271644288695,3.5096459463200946,0.044724544521633464,0.023170320623535044,-0.01263808971739337,-1,,2
1322,0.7436623409456447,0.09042380239580475,0.054371070317521863,0.00013834610815728228,0.02184732057697376,0.0895571196558977,30.57097952432439,16.147712347686902,2.0425919213071912,2.0425919213071912,True,28.823075738954106,7.279720928702024,0.47303459794258107,0.03875317249417618,-0.0028621191704981184,0.00864067814699435,-1,,0
1323,0.32076490016306375,0.07578954163963104,0.03528581093464418,0.24119874899416388,0.31218448891803313,0.014776509350464198,32.623247877420674,14.421786472501923,4.145190659225431,4.145190659225431,True,67.28966997122113,7.044119972064538,1.885716896923388,0.04253114183495319,-0.0052737939565784524,-0.0065859560268642595,-1,,1
1324,0.3920699940316456,0.029896113507361374,0.3408142621625802,0.1253922475150011,0.00014023831864241694,0.1116871444647693,28.57185935100098,43.40050298121173,3.5117420133429613,3.5117420133429613,True,49.978867513069744,7.248615334786896,1.0757172037995848,0.036095774431731675,0.00785770085247699,0.007533005574184444,-1,,0
1325,0.23282980578131218,0.0577120773419613,0.0570045175235142,0.25090047775856034,0.09704768959124366,0.30450543200340824,32.050519454410576,23.308776741594095,5.352230324088339,5.352230324088339,True,9.11611789109367,6.423851292785279,3.335326853530051,0.04921384255966897,0.005240614866326706,-0.026806650609200747,-1,,2
1326,0.29599157625186856,0.13861034089451973,0.24228743298005095,0.0426770244142383,0.002022526373158857,0.2784110990861638,28.474142191054433,39.63843737382945,3.1312222064456012,3.1312222064456012,True,50.27513226270985,7.13147739173122,0.8027454260260822,0.05243806987021278,-0.0024152350055191415,0.004108406587436725,-1,,0
1327,0.30254601110835316,0.2362564877511804,0.14570039286554115,0.11161014680590238,0.029364143423077655,0.1745228180459453,28.230741954742626,39.15876611124579,2.1239031622485345,2.1239031622485345,True,32.556172879644954,7.148852615367716,0.37557482830446426,0.03595452072300331,-0.01939893294934113,0.006984294388176279,-1,,0
1328,0.27686212299514285,0.1567352012651073,0.27359074363574876,0.08673008112951604,0.14556715257170835,0.06051469840277667,34.72007463773332,38.87949523540758,4.937607360925829,4.937607360925829,True,24.74944915940389,6.578663683366687,2.535098413235699,0.03422174974316822,0.057115531474758924,-0.01400434072596084,-1,,1
1329,0.28335337255712734,0.12406997408604145,0.42154013688536507,0.09281101040367697,0.002090713187364942,0.07613479288042423,41.35971371083272,29.701488754431484,4.178129560184,4.178129560184,True,104.54677250518829,6.924486262769181,1.7024620907356771,0.04671042654155013,0.054068651995739576,0.009281102841219382,-1,,1
1330,0.5416264166544664,0.11298911331374309,0.16310107177490457,0.04620439177987181,0.11840846358514738,0.017670542891866654,30.990044382750114,23.45925358814561,2.258906111553882,2.258906111553882,True,37.52635973297678,7.239582809368133,0.3233343881976054,0.033758290566147216,0.0009561373634291148,0.006142219559433554,-1,,0
1331,0.37490138312722476,0.008921432885680975,0.5351045208717337,0.03050688463298927,0.02247039013142736,0.028095388350943898,31.763119350696414,15.575089666646928,1.441511601295053,1.441511601295053,True,23.983932853275707,7.120196981283545,0.35144595075434826,0.030091136531489,-0.013769342402606428,0.0022669320466074537,-1,,0
1332,0.4772414857310464,0.048589469881693256,0.06445169550107466,0.3123364153980215,0.08298861973936354,0.0143923137488007,28.866769429445032,17.774349686421587,3.636567068025471,3.636567068025471,True,53.08219095720542,7.118800416239217,1.660694663422379,0.03980971776912868,-0.03633868218700917,-0.007751042850322746,-1,,1
1333,0.2753272869265831,0.13276878953032456,0.3607230827139779,0.1482957459238942,0.0011721988743136234,0.08171289603090655,36.30301511846215,44.2646945153925,3.6160822041326313,3.6160822041326313,True,91.57938504133936,7.075802885919225,1.2879948263179537,0.04417060384275141,-0.007447677932240659,-0.02025517056288578,-1,,0
1334,0.1394318616526851,0.16010477586762775,0.360390633045124,0.310408895663314,0.018738848417683678,0.010924985353565541,41.63952450204848,37.098727309314064,2.5951667919741865,2.5951667919741865,True,120.78268192739552,7.423763220521771,0.6876815049469274,0.05591454926826185,0.005322274179793081,-0.007775970497116423,-1,,0
1335,0.1860603464571103,0.12377100696908909,0.10720791324893553,0.4517741300716132,0.07578812327648878,0.05539847997676303,30.313479420124317,34.66346935855507,2.7933489167559746,2.7933489167559746,True,49.38686416054699,7.1231069111281515,1.0467297743619393,0.04198868456252561,-0.027544880035173833,-0.0015365175712689727,-1,,0
1336,0.20007073270974213,0.21439388145311275,0.5165870023061598,0.0036921777864076656,0.06492420822391759,0.0003319975206598978,33.16641674496984,31.50319288207853,4.185832908243128,4.185832908243128,True,57.70368512962233,6.795860450959924,1.602069130773388,0.035111678283233874,0.012010723721205312,0.011774026398873256,-1,,1
1337,0.7826677605746591,0.022505216454029867,0.0017848448184548211,0.07433580538682123,0.06805826774863402,0.05064810501740087,39.17203015007968,44.62226762003353,1.1817792446283808,1.1817792446283808,True,36.67713267523156,7.2138167754228295,0.4307096087197486,0.0525653708932282,-0.014565513849601005,0.016310777832221,-1,,0
1338,0.47235573968372313,0.04659803569162859,0.19607211307673403,0.1835487263865499,0.058236936027727455,0.04318844913363693,33.885297105886444,26.807484960721144,5.218981361528766,5.218981361528766,True,13.195155849906108,6.529571483960416,2.99630577402065,0.04161030903681879,-0.000968202895039974,0.000497122939361232,-1,,1
1339,0.5276665325661938,0.0019320439972143934,0.3433245224454161,0.0919987572717728,0.015654902365269705,0.019423241354133213,39.43919411626487,27.515054211386293,1.0077444783749732,1.0077444783749732,True,33.965162637421976,7.238560102986301,0.3279333982268199,0.04410692185752596,-0.0058646846192069,-0.008635556395875032,-1,,0
1340,0.5782236039768541,0.2193676531169665,0.009426991851517273,0.014817360310781678,0.050106263320335194,0.12805812742354516,34.60788500787581,24.041751595907595,1.8307197155000254,1.8307197155000254,True,37.409601459789826,7.2077107932959406,0.32017515581747225,0.04251271028183838,0.03526455931504729,0.005045472888188371,-1,,0
1341,0.09623032344973809,0.1654888137731258,0.3272095488622811,0.23690052836704187,0.05521412794549074,0.11895665760232249,31.89749890054797,38.486337902747096,4.395295056162336,4.395295056162336,True,48.18626845776122,6.925328874105503,2.102579563271481,0.04130647810787364,0.010245747455761785,-0.004724094686807051,-1,,1
1342,0.3598695804982449,0.21619489118262397,0.08700367669049781,0.2811299389266262,0.041598716284161126,0.014203196417846191,32.975195080629234,37.52269087490495,2.455684098002277,2.455684098002277,True,59.17858975815644,7.153886577400166,0.6281778617983484,0.03687044645946384,0.014468121230259354,-0.0076803575102076,-1,,0
1343,0.5960035286842145,0.210760724599334,0.06577792409491473,0.08197550527487105,0.01903985358699405,0.02644246375967156,30.74116217691482,19.571605731682325,3.5720517353490306,3.5720517353490306,True,52.402355590631664,7.052846973025718,1.0824754801285073,0.035525054749134824,0.019569682898674,0.006708341377949277,-1,,0
1344,0.2215633672421969,0.43388668167212413,0.2301828876857559,0.06833622775297174,0.030398426073562183,0.0156324095733891,39.695782783020235,38.27208613454646,0.9189131442639608,0.9189131442639608,True,32.45963578967312,7.150826239060672,0.2867594955476239,0.03946971116290043,-0.0010091616850251223,0.010599745518450226,-1,,0
1345,0.14888381690981156,0.09234970978317768,0.06192635530911972,0.3687548336565558,0.3174308174226168,0.010654466918718387,28.257443826782087,12.342929811582483,2.591093601744256,2.591093601744256,True,39.59364368825029,7.262542467137854,0.8132756279482806,0.043716867449818744,0.03423304432302045,-0.004174428580038316,-1,,0
1346,0.32170316208897093,0.11433317802122024,0.2317845514235011,0.300557911387784,0.018180382833839017,0.013440814244684563,34.293215269030135,33.40468307361237,3.5789555230383305,3.5789555230383305,True,93.77387330055721,7.125159869743187,1.5955813163057635,0.03592477566855149,-0.053681037655632625,0.004276840519427588,-1,,1
1347,0.33099558564000575,0.37384619743387015,0.08747039320343214,0.17589001374185828,0.026673804823049763,0.005124005157783848,40.31370060637054,42.25233653135088,4.288406038926029,4.288406038926029,True,95.86349680546626,6.924136734534352,1.9077401257078814,0.04438298129972457,0.05265718214168491,-0.005556887436087871,-1,,1
1348,0.5654111969810123,0.004493585267330124,0.20056064019972678,0.0028888891526466297,0.0653571136210511,0.16128857477823313,31.05464714801371,26.72365920540756,4.01522221602551,4.01522221602551,True,51.8743962162373,6.961676815499114,1.34298400690214,0.042877980296127355,-0.015184219021466897,-0.004381900077629184,-1,,0
1349,0.4247299883001964,0.0692582669727936,0.41004886009059965,0.012583024609101252,0.07228917314015257,0.011090686887156335,40.149873094980606,40.861395468712594,1.2466569279807551,1.2466569279807551,True,39.41805003404553,7.239265606122961,0.2800755948522926,0.04115503432323458,0.006478438462873491,-0.005388400245184583,-1,,0
1350,0.45734555868693677,0.1349971968976534,0.21542747259120928,0.07309870231432228,0.03359434217601496,0.08553672733386336,41.01161249024622,20.98244424312744,3.357997462180128,3.357997462180128,True,106.79793205804566,7.1088404645913466,0.9397302842443811,0.04860078031539594,0.014085515758012365,0.006007731412459125,-1,,0
1351,0.15047365024982026,0.43792173315830907,0.08233063957478076,0.2514254867220902,0.07216672413860002,0.005681766156399721,35.25768376535953,33.8119694773535,3.3165491945065266,3.3165491945065266,True,89.823366441682,7.109625706733902,1.1264244066711924,0.0401723923099935,0.028436185835688202,-0.012829590996131004,-1,,0
1352,0.3012044091780415,0.18175252020814736,0.20722565458702832,0.26141871944522305,0.001787674871280716,0.046611021710278894,41.88854127325655,42.39462007325088,4.2836821464772115,4.2836821464772115,True,123.63971193388355,6.933738392615244,2.040433468611369,0.054227847462829826,-0.01041750019174869,0.011145425366184403,-1,,1
1353,0.3824063140339468,0.42968115865485657,0.10946821821170469,0.05827879961103381,0.01331427234324899,0.00685123714520914,33.5219795875262,36.782656321049885,1.892708391104904,1.892708391104904,True,43.0121202673263,7.211851793911052,0.3772902542730293,0.03354241537499098,-0.04947108285909923,0.014042665850198716,-1,,0
1354,0.06605089449746286,0.1363768513213682,0.21136675769318652,0.34931709358974106,0.07920973409248679,0.1576786688057545,39.907334350010466,41.172173414360486,3.7116367241544888,3.7116367241544888,True,133.39197028569055,7.178738629972794,1.6062387785352523,0.058622035754226656,-6.62564542634643e-05,-0.0030387666317000443,-1,,1
1355,0.3650143362659461,0.016544096625535357,0.001595487912097789,0.007988841368204587,0.5961683222671401,0.012688915561076269,30.681408090987617,42.731252772578515,4.937437047092473,4.937437047092473,True,17.849721100653987,6.646266602547654,2.3610838477206735,0.03592290201095549,0.03621372604998284,-0.011954099143554622,-1,,1
1356,0.4196480079109459,0.33570254001766253,0.14393597664797103,0.008488431601823008,0.028942027698235763,0.06328301612336192,28.911291992452323,25.47640708779072,1.223836114990837,1.223836114990837,True,15.899868460623772,7.023907209204373,0.32991615605683194,0.04383669002048986,-0.030231265307791976,-0.009695355719069588,-1,,0
1357,0.287505117928211,0.015081600857529026,0.19654958921152868,0.2210985889651583,0.05873869204343237,0.22102641099414064,30.193472339411194,40.70746284945129,2.9315641069662366,2.9315641069662366,True,64.68888708053683,7.124520047448771,0.8033004599167182,0.04068071278215881,0.03978456295783823,0.001060997135457569,-1,,0
1358,0.29844264308171636,0.16985494899613499,0.07065193088459494,0.042043221754259334,0.3046687650723542,0.1143384902109401,39.14582731705997,15.272048430778934,1.1676703417940648,1.1676703417940648,True,29.97690353375545,7.2013042857664935,0.3456098138034518,0.04327445904104259,-0.05482215166141424,0.003751656928857698,-1,,0
1359,0.470356116591366,0.16645113348312904,0.2276457193809246,0.10328888243892119,0.030697845260263985,0.0015603028453952206,35.41334811486519,25.47675827611003,2.2370806523056883,2.2370806523056883,True,52.45864904611995,7.100679918188891,0.400116118862171,0.04204573964698851,-0.0027867285158795292,-0.0011736081221372316,-1,,0
1360,0.3449185909430112,0.12479023759488117,0.2689164121330657,0.18728004368579004,0.0031427111044333377,0.07095200453881838,34.60581879439332,32.28792102769596,4.601541494182981,4.601541494182981,True,47.76091502542343,6.771881012332257,2.2552602725895428,0.050109402128640006,-0.003120398042583846,-0.001977640619836315,-1,,1
1361,0.1433660069908946,0.2070584319412398,0.22472468909173202,0.2303707759989148,0.12149398985661827,0.0729861061206006,38.53569332472493,40.116514471166894,2.064384784425146,2.064384784425146,True,70.64102345066274,7.257650517650512,0.49541220151793064,0.04346336030354685,0.031812931564694856,-0.0013928994438107587,-1,,0
1362,0.17353158414036038,0.41378128169913087,0.18814000142504905,0.1651172696654585,0.0003427677923415155,0.059087095277659575,40.69830228589817,21.346220919817625,5.10757417072192,5.10757417072192,True,23.41616733263182,6.541802811196206,2.747403129075479,0.04451869292345217,0.039589787317676775,-0.014162408592171521,-1,,1
1363,0.2508787337324236,0.35076393274879847,0.0474933409995874,0.12849680279759526,0.012208548116085627,0.21015864160550954,37.869701576384095,24.37691801422973,5.289429542862592,5.289429542862592,True,13.828826906861078,6.479480607418485,2.9884340711590474,0.05413751387855909,0.004067823415529973,-0.006396600219742735,-1,,2
1364,0.13640626069108344,0.19673296209847513,0.40957987345455155,0.2284012486984928,1.2018053179413187e-05,0.028867637004217673,41.940783973649694,42.20061538605866,0.858412769398658,0.858412769398658,True,41.289543036182515,7.305698825137347,0.34964514550705106,0.04737218459940584,0.04306654384971152,-0.0023208013800288035,-1,,0
1365,0.2643370109472969,0.1926232634274152,0.046170209081325526,0.3654241591548452,0.012254664079638414,0.1191906933094788,37.90311562034756,20.754144352415956,5.628457304952972,5.628457304952972,True,5.694202961937322,6.373871402490165,4.019105387062564,0.04820093755529403,-0.03428716046078656,-0.00809188747407448,-1,,2
1366,0.3869438200838342,0.08280821518345756,0.1480572780031878,0.3153236625845328,0.005000958750846084,0.06186606539414137,41.110592929508094,40.308578973395555,1.4560130631671677,1.4560130631671677,True,64.5791212536287,7.031489705182809,0.6178321949976107,0.05404733497491893,-0.032660229804855,0.0020771709757351465,-1,,0
1367,0.1561291161070767,0.03870247486745773,0.2544111264957437,0.48225247135998883,0.0030828387903998524,0.06542197237933306,30.196967564274594,40.41805461160355,5.193030407211978,5.193030407211978,True,14.513392197892907,6.505477160955538,3.5299822437057298,0.03907533037911549,0.026777248306962917,0.003487423056448051,-1,,2
1368,0.47976288124248473,0.26086911626484904,0.12339639894304794,0.09383804797670425,0.03932524407802291,0.0028083114948910656,31.53544198693161,19.906382133430068,2.0828852488654404,2.0828852488654404,True,35.27329764936606,7.1513242715887175,0.354620318496394,0.03452029003391145,0.01019898379272097,-0.006203502817889925,-1,,0
1369,0.2522786034589621,0.03379426520068559,0.13491728850576648,0.210773605097823,0.006178355533470494,0.3620578822032924,28.38023311101288,41.38023641720953,3.4406766697088518,3.4406766697088518,True,51.90081978552321,7.287171597569486,1.267457380946123,0.07644715778513689,-0.01305596791522375,-0.006822376799339662,-1,,0
1370,0.04124136405958782,0.22473666187351898,0.31652870326734955,0.03287186223602912,0.01371277604122097,0.3709086325222935,39.49404187509793,43.8656582960091,3.973058717794716,3.973058717794716,True,109.65764478621351,7.207256555704083,1.3324485246124247,0.04712408813205582,0.023363838671566328,0.009607795167291175,-1,,0
1371,0.3114799243854197,0.38937962243497826,0.11813476400171262,0.13612130059940863,0.003068872210074683,0.041815516368406115,37.58462406706691,38.6125808838504,4.271212350901765,4.271212350901765,True,88.36980855335842,6.892083719896805,1.7971345790888409,0.04013883736344261,-0.03446597399524543,-0.008215757669971478,-1,,1
1372,0.4363150528732531,0.020908873324280725,0.051587386730815074,0.03907680167095623,0.13075169331026834,0.3213601920904265,30.487858112728148,15.101446748314753,2.368986951689444,2.368986951689444,True,34.123185813381546,7.343897305699947,0.39257106301781836,0.0441019855988963,-0.04295370176613657,-0.013207455800883672,-1,,0
1373,0.11449930180482618,0.223105246514325,0.48565042666954583,0.025329837810998703,0.009253078842462004,0.1421621083578422,29.92324417052786,29.04262824555197,3.6784602226604255,3.6784602226604255,True,63.24977564561263,7.155001190468075,1.156347894028488,0.04539842906683219,-0.020864925775822163,0.008132327412345302,-1,,0
1374,0.38420758981980807,0.21882018323747715,0.2325176849774524,0.14628303355155592,0.015664636211675253,0.0025068722020312848,37.17900030787462,21.284851884671653,2.684217768275281,2.684217768275281,True,76.93479703660222,7.156396621325939,0.6739662754931858,0.038763272483895016,-0.0171494177026859,0.02362318949011456,-1,,0
1375,0.3116236835656136,0.46987893435134254,0.01506867033968197,0.0355462419066108,0.07429761211158768,0.09358485772516334,40.14003025023037,44.15440770418962,1.589192332812139,1.589192332812139,True,55.68074532751443,7.141507783021474,0.319107370888701,0.05404748382900677,0.07369103462453128,-0.007923320628134833,-1,,0
1376,0.29986233810230994,0.2600725814191465,0.02863093181294694,0.3492082749619236,0.009085336566039989,0.05314053713763327,41.62028144434958,22.714447168728192,5.3813252838858014,5.3813252838858014,True,14.897672801509035,6.443088132372733,3.491298479443055,0.05422724522219056,0.04321843264806115,-0.0192580638644026,-1,,2
1377,0.15547657910927573,0.4123479842797741,0.026788507221572742,0.11092267294980726,0.08734675987659948,0.20711749656297065,31.354838556432732,35.24422778439384,4.019285729876814,4.019285729876814,True,61.26095765342407,7.000957641767297,1.5091134550200707,0.03691180077720604,0.012714586954677662,0.00045032859203389527,-1,,1
1378,0.5184051554978801,0.02708398244522906,0.0660757579366442,0.2852586304926456,0.007507070361952782,0.09566940326564824,37.64256058648726,24.688055599518783,5.845803115147942,5.845803115147942,True,3.053514020862883,6.252124993335602,3.929245522026648,0.06283501837204192,0.02818687258486735,-0.027708441147047104,-1,,2
1379,0.15730682223958975,0.567860887635389,0.16460645698089102,0.042187423778609845,0.037432520973584425,0.030605888391935857,39.26384354477183,32.47733320261679,2.062821893643833,2.062821893643833,True,62.7683137047053,7.285367713094722,0.46964591728509575,0.036235819321703895,0.06468527054499579,-0.0007403426780964868,-1,,0
1380,0.2262719404965785,0.16614957996535445,0.2617570818149732,0.005484731652524496,0.2848634010595107,0.05547326501105863,34.96062037328547,42.63983179744393,1.7415580744594918,1.7415580744594918,True,39.19497209407706,7.204320997972497,0.3368592592186212,0.030285917527897093,-0.010821976261250716,0.017497808792989365,-1,,0
1381,0.3260891360671824,0.1787295560830278,0.15497855428899399,0.22169061473428323,0.10001015054680494,0.018501988279707775,34.93882401852626,16.558855157357154,3.843751844716113,3.843751844716113,True,77.26889637696625,6.974866395603594,1.5373069497629457,0.036933430890343864,-0.0046986675839736525,-0.008313784305073664,-1,,1
1382,0.3641926749520939,0.04321864006273494,0.020245877172073733,0.2785406911810767,0.16771115851206075,0.12609095811995985,32.46293328670377,17.150027890974485,4.373341559574829,4.373341559574829,True,51.492241184437695,7.025875211516719,2.188815721636774,0.04693296342606345,-0.032800757216962656,-0.006337768103093963,-1,,1
1383,0.4318293455413954,0.15682867475054715,0.310534335872769,0.003928180437941521,0.05196512799644731,0.04491433540089966,40.77575395451458,42.40255843949828,1.4054305126180089,1.4054305126180089,True,51.82432030040021,7.367482296767087,0.30820065326495905,0.04689272423258639,-0.027637038706695462,0.0030907587083503084,-1,,0
1384,0.27847839137911834,0.31943378173477277,0.08833003358410778,0.2016225156927039,0.05509239634061718,0.05704288126868004,39.062151719050185,23.686277077220744,2.7695367315762005,2.7695367315762005,True,95.49116914089427,7.283947612495355,0.6439886728778633,0.04780607106394812,0.03026171807480835,0.004493297937867338,-1,,0
1385,0.3366805762377931,0.05809147372155559,0.07734235283326692,0.026253930441299433,0.5006821334208525,0.0009495333452324822,40.049872737162445,40.76745296208386,5.748116597213699,5.748116597213699,True,4.9272944790771485,6.2138938043638765,3.301390487642425,0.051456463560809816,-0.0011510539791702266,-0.0076768783884781444,-1,,2
1386,0.40740709089988536,0.34701957571700637,0.07619448585639238,0.006761534684581595,0.05397706210795917,0.1086402507341753,41.63316230454655,28.365879803300707,3.4135048326823103,3.4135048326823103,True,124.0229365625204,7.226131469244192,0.8618396617184212,0.0524017899427803,-0.05363321687333484,-0.011012503453939124,-1,,0
1387,0.17400846146728458,0.11476652497978501,0.14138228105277917,0.420708491784196,0.06996118103119262,0.07917305968476263,28.657416816314406,40.835173588800494,2.2775092986921286,2.2775092986921286,True,46.99156822141755,7.118228018862317,0.6604044855318576,0.041768149991031456,-0.017638256719739592,-0.015228033054230268,-1,,0
1388,0.4076746617125055,0.031289954288205954,0.08628888243041148,0.17735804218573,0.10219308622146911,0.19519537316167812,31.916397575623826,25.45876453642269,5.714708728408647,5.714708728408647,True,3.1249851015970846,6.0937967258720205,3.5436400407996174,0.04691832865382571,0.0331185618146447,-0.0019330185327760332,-1,,2
1389,0.1851028589636403,0.4106923394606471,0.010282878017331952,0.20606600382514223,0.0006241455831883736,0.18723177415004982,34.69353478917523,35.51554170018474,2.571976303079958,2.571976303079958,True,65.45313375322884,7.180764367816743,0.5029683084002472,0.0460597713687905,0.0015525331348193703,0.0025058765223484854,-1,,0
1390,0.12114706725971786,0.09213408447758775,0.338467356682605,0.022467798558755428,0.25519449361466257,0.1705891994066714,37.03807261986791,23.29867546318745,2.271692770507978,2.271692770507978,True,63.49308408517481,7.215334335533976,0.38757303401073395,0.03943085895957555,0.016503542423936562,0.007200857013980965,-1,,0
1391,0.7545708198580251,0.049371691353702424,0.09740996121540506,0.0874565854117383,0.0007826148890135212,0.010408327272115417,32.404237934549585,23.073715173657476,4.741713362663832,4.741713362663832,True,23.442346746034435,6.7389582029287265,2.2824230625286224,0.041254731918634414,0.016314082866535212,-0.008050543731815858,-1,,1
1392,0.2703890416869053,0.18373860042442522,0.08664467548027684,0.19048495220074868,0.18721180972170418,0.0815309204859398,33.65495647768683,19.289689824529013,2.832056625832733,2.832056625832733,True,57.839213646426394,7.2043942419678775,0.6371995239425097,0.042689808324857186,-0.03569934607389114,-0.008147641584375873,-1,,0
1393,0.11092613938539458,0.14923746712837319,0.0028777484252977053,0.5749328496414176,0.09933860102443626,0.06268719439508073,32.55538712024798,13.901329504710963,2.0003515398878084,2.0003515398878084,True,48.413816911302746,7.199477254838685,0.7331510780508297,0.04311110712399683,-0.056255089754337136,-0.00594130764738223,-1,,0
1394,0.22974477430024925,0.042139289191368244,0.18166813117399508,0.19425866483321222,0.0866703232062512,0.26551881729492416,28.447596058018604,42.931371221520536,1.4028153667771903,1.4028153667771903,True,24.241493535573298,7.17908597202068,0.4750410819250595,0.045083689270708695,0.02206785008998632,-0.0011409076520299238,-1,,0
1395,0.2382804289246714,0.3146933312715932,0.020543258047463785,0.3706133941871386,0.04408798825168258,0.011781599317450545,29.498736778177026,12.442245553280578,2.1585868487972655,2.1585868487972655,True,39.5097289834308,7.118690762017681,0.6560255689036738,0.047364827833705846,0.011087560494932038,-0.003228025711048316,-1,,0
1396,0.21269663038637573,0.16020156328291776,0.237707858448069,0.13818753816924767,0.11484404799674482,0.13636236171664515,40.1704567326741,21.690025746376428,4.385442811024866,4.385442811024866,True,103.16475164900761,6.61792934866219,1.9408860488593704,0.0456197219060242,0.024319968641137737,-0.010304752997206786,-1,,1
1397,0.3599324593827614,0.11234672313456298,0.08564532012075655,0.22116330672328002,0.023013616099895225,0.19789857453874385,39.90282429779709,23.242047219554564,2.478327145265995,2.478327145265995,True,90.07481228585274,7.178129616246249,0.5021961809313711,0.052968532054679184,-0.027654580976231635,0.0007832024903906202,-1,,0
1398,0.4317533482076221,0.17987238002344996,0.0009136207553326998,0.1768020223464872,0.06772042183737936,0.1429382068297288,30.791056584920707,44.433203971165305,2.562457039437134,2.562457039437134,True,42.04370500507606,7.237095695300226,0.48307911105911516,0.0415689725550678,-0.04418770398354124,0.004466327403654632,-1,,0
1399,0.5675590051475797,0.18918794062126276,0.1405021577701234,0.006318919740641508,0.08234119842869586,0.014090778291696497,36.53951952003096,38.47844831112684,1.3720112950685202,1.3720112950685202,True,34.03659127790224,7.185197151809866,0.2827683900589292,0.044089745337663966,-0.03854083460710557,-0.005742201939861644,-1,,0
1400,0.28166331716486465,0.08805622961094191,0.20921817778821233,0.24043976696416386,0.0015036964541491023,0.17911881201766794,30.116982146205302,35.49386683995084,1.921596114091146,1.921596114091146,True,38.9856069791209,7.202042620225476,0.45497856707931916,0.0425794731204381,-0.0114918277536983,0.010157655628597812,-1,,0
1401,0.426686674316278,0.18843800850971157,0.2820046323097714,0.0038991681828054736,0.0016293714798281738,0.09734214520160551,35.66434249009516,41.83708293248455,0.8323018472525265,0.8323018472525265,True,19.137870585719668,7.178325269725344,0.26472699131803296,0.046034825400344495,0.05241870953584266,0.0036361514935006256,-1,,0
1402,0.6771685978262046,0.21943518281844648,0.05058493810379843,0.012177110868992454,0.005473939696830582,0.03516023068572746,40.57206432510274,17.050322027309242,4.543230675973004,4.543230675973004,True,65.89576320331997,6.772508590140923,1.9352660311791754,0.05647877509920236,0.03487422592295662,-0.011982514492908644,-1,,1
1403,0.07892434360419165,0.21735785213256428,0.18754897656270542,0.2884412165598729,0.05019683469045455,0.17753077645021123,33.128136021845734,15.745118115458704,5.59194629428373,5.59194629428373,True,4.33321820917927,6.36256374130779,3.764181988796574,0.04046618003949436,0.014006535922051646,-0.0009390436606233812,-1,,2
1404,0.3273816256607702,0.3095878815262073,0.09848333797665286,0.19646875643105927,0.0674353260637694,0.000643072341541075,41.385445968937844,18.88816893303219,4.161363344213464,4.161363344213464,True,107.81835215673162,6.99096163899019,1.914183266397126,0.05256433819586325,0.03309806377667297,-0.007982884470231131,-1,,1
1405,0.33546558084836897,0.27205112662533865,0.09987346609860726,0.2291253409609074,2.941425488686757e-05,0.06345507121189081,40.16489170447663,22.32668916959393,5.401275388117621,5.401275388117621,True,10.889217473513076,6.361110010189223,3.6633794827332387,0.05112973114883728,0.027786397911301674,-0.006692133824957848,-1,,2
1406,0.23727756602049524,0.07714317377444209,0.02574576139512481,0.2776922740989095,0.050898422722071804,0.33124280198895656,33.42891164440349,33.74285825387042,5.829482196767126,5.829482196767126,True,2.5856128967021412,6.393342393863269,3.900108046948958,0.050191821492249086,0.029705188353164325,-0.024989592095448737,-1,,2
1407,0.17777563445363523,0.3280113071004273,0.028430590953541814,0.08091953989350643,0.0024919199670437498,0.3823710076318455,38.00315700710481,27.548301214591078,5.348620341397607,5.348620341397607,True,11.130196032774903,6.405625386632968,2.962103082925358,0.049223819368681566,0.007134493870480027,-0.008309039097525315,-1,,2
1408,0.10845459612321551,0.02510411553387074,0.7630208380887866,0.046949149136173464,0.006528124623183656,0.049943176494769925,35.14519464392082,13.040285010821172,2.919202740675681,2.919202740675681,True,62.21822318061423,7.2176625920726964,0.5795664877016289,0.027041954812940187,0.03184580952326263,0.015670002436456082,-1,,0
1409,0.04296260723174403,0.16831423491083428,0.38569640524119403,0.05115755351675461,0.16986436077359088,0.18200483832588213,37.98029928267831,12.124777252236697,3.7690206256667045,3.7690206256667045,True,80.43665738720512,7.178757876056584,1.2356188183279304,0.03811115538318367,0.010510785208081935,0.0057584869513243285,-1,,0
1410,0.29420062640248806,0.15724769786731052,0.07208240731089062,0.2305991246790046,0.21515159530224137,0.030718548438064836,40.46952111178317,34.22972619735374,0.9192758221462445,0.9192758221462445,True,30.76257141329262,7.2815895449573045,0.33703790775023706,0.051399988026417716,0.030414072193865205,-0.0013071769534088926,-1,,0
1411,0.04686927100597111,0.02079643636867189,0.2949507652603238,0.22840562187513985,0.003682909499533174,0.4052949959903601,41.76541973148254,31.025788997603577,1.527530046823986,1.527530046823986,True,67.08320362125086,7.2240477854536564,0.4561671751880691,0.05959694827807239,-0.004292456762429875,-0.009523292413359129,-1,,0
1412,0.46070579279844664,0.3158548700889959,0.10271133447010916,0.07456190490284233,0.036840395533194376,0.00932570220641181,28.0971654628669,32.71565885764521,4.256519284648187,4.256519284648187,True,45.089373318249145,6.726277737140751,1.9120524426694447,0.04341681800513238,0.020996011198717288,-0.0027750321418381417,-1,,1
1413,0.38961074689446173,0.21704164434756495,0.10250728914872104,0.031087211140869868,0.24528495710485793,0.01446815136352458,37.85394472754497,30.48183866774389,1.214890246046577,1.214890246046577,True,35.6058522108542,7.163120655041885,0.30517017661786966,0.03887214590880911,0.0006288626537149603,-0.005663134914023558,-1,,0
1414,0.1043652849629802,0.2500212005404156,0.14389623220675163,0.14606899743097712,0.02130753367847525,0.33434075118040013,36.490558276495946,30.664501213893857,1.527576029394932,1.527576029394932,True,49.04144024754613,7.1649980061528655,0.3875064691917384,0.04333239164541166,0.060716996333098835,0.0026519123482481193,-1,,0
1415,0.2744806345148834,0.2291291144500649,0.2949976035377005,0.03784591423765552,0.057988838770971246,0.10555789448872434,30.23468908934209,15.170252009478473,1.4460685690469708,1.4460685690469708,True,22.705378176571024,7.1780332268637626,0.2910442323139507,0.04424876788714833,-0.0036372820566419857,-0.01112617588370118,-1,,0
1416,0.24939179208996523,0.21380975788058595,0.2622917225656137,0.05747971046797778,0.00454443916803859,0.2124825778278187,41.57391609413523,40.118905330460535,3.471202816706157,3.471202816706157,True,111.97982987935407,7.181008276870208,1.0009304823338943,0.05839516223909447,0.00851246082802634,0.003765682621945513,-1,,0
1417,0.16097952743235133,0.4613061059319109,0.056305847837672854,0.11405386644762518,0.07382200788176967,0.13353264446866991,32.968994219718816,26.262306620607497,2.8740930225440273,2.8740930225440273,True,62.669687854767524,7.163216583643836,0.6097623316741607,0.03515180481983958,-0.0643261472311493,-0.007736144928333581,-1,,0
1418,0.2139749542504649,0.14217592768731327,0.35199512780793507,0.009138153772137211,0.12826684309665937,0.15444899338549029,40.576557949152445,22.82670641042922,5.217043438643648,5.217043438643648,True,17.50297479591433,6.565082770895676,2.538530426388074,0.04307657444511832,0.0010943571380093303,-0.013183867459023769,-1,,1
1419,0.147367199047438,0.7149056022881434,0.006051543454670486,0.010210490274259274,0.009929341785440995,0.1115358231500478,37.84434719699272,33.9599847880108,5.382228225197337,5.382228225197337,True,10.067894170823374,6.26474026465628,2.7061122683801306,0.048779066574986,-0.01687396246684934,0.0027488111093630432,-1,,2
1420,0.25500713611331866,0.039032017072843726,0.18989154610987205,0.19607717877207304,0.024764201854306583,0.295227920077586,39.205757216884116,33.888606723568344,0.8119371920685436,0.8119371920685436,True,29.158169067714226,7.2073157494224045,0.39094501381295377,0.050072146837246444,0.011077689636125721,-0.00754540112155078,-1,,0
1421,0.1807867463178162,0.206316213268429,0.14337024812023125,0.39935305868149773,5.1032667207516736e-05,0.07012270094481834,38.718216813765544,39.94266741342463,4.468383792664864,4.468383792664864,True,93.55191534643713,6.834788245974901,2.510685940548617,0.044589899963557104,0.01363256644375088,0.010802994934014131,-1,,1
1422,0.21193969200978102,0.011394508584727061,0.36452611808356955,0.044845033590951586,0.01383620473653872,0.3534584429944321,36.923769156655474,35.65872722670158,2.4727977351617625,2.4727977351617625,True,62.65406244536311,7.258647904171933,0.4549487223101787,0.04541355486007561,-0.0344434060499776,0.017880980034008044,-1,,0
1423,0.5254818177766973,0.13648919590024208,0.05417457539497627,0.053768419925399366,0.032108137862308136,0.19797785314037672,41.10653978695608,40.804867398890046,5.588594454674068,5.588594454674068,True,7.161424342710257,6.391799137423582,3.168358645496986,0.0514790228826294,0.028172728728750384,-0.020439109716449487,-1,,2
1424,0.20373569185193033,0.24935913982690255,0.06929932136700213,0.34036211241777103,0.01763077020191257,0.11961296433448147,41.97662885515519,30.05689544247924,5.244626101487736,5.244626101487736,True,23.04628525737289,6.523615773101885,3.3071596935549867,0.06551144588989621,0.05450532314819392,-0.015034623968180116,-1,,2
1425,0.3656836303937334,0.04443532646309801,0.29642845870299434,0.10634745566040683,0.004789458563592387,0.18231567021617506,31.303070596471656,25.646731273093234,4.492120263762268,4.492120263762268,True,44.31879879038219,6.77425298541262,2.0386026343587984,0.03884296548994626,-0.015166596549275555,-0.016314054766313164,-1,,1
1426,0.19622524933770014,0.08109577485152868,0.20603277268520206,0.3626969798067416,0.0431372636760311,0.1108119596427963,40.18330654386173,15.374755966865278,5.416670295843701,5.416670295843701,True,11.273411994232221,6.318332592042011,3.5645991080657433,0.04807104670248003,-0.004382546957443802,-0.011535274826327113,-1,,2
1427,0.20361318683456714,0.10049324790587184,0.04452896449463022,0.4744573272561507,0.052568388935892676,0.12433888457288746,41.292296742113265,19.38232422031215,1.2861561001084465,1.2861561001084465,True,58.46784654976055,7.269706796905531,0.5179670438538224,0.08290718891929699,0.02283294969844821,0.0017314125269399018,-1,,0
1428,0.32068386810053257,0.09703917863483373,0.11565951386022884,0.2739565460717308,0.050335367605833854,0.14232552572684018,33.830044713378626,24.338289189994917,2.6494452610855443,2.6494452610855443,True,62.715101940142496,7.138169841109374,0.7504115562458386,0.06163154449521299,0.0486704513599427,0.010556799849403317,-1,,0
1429,0.2733668855482738,0.04112837710776951,0.001189722301953754,0.33371749294469705,0.09514680552230009,0.2554507165750058,40.8307745381956,43.37748538373994,2.08411632611085,2.08411632611085,True,88.81743215984784,7.1116642520322575,0.550317501516338,0.0688850119966897,0.047118769225502434,0.00804995191084915,-1,,0
1430,0.7379700185601795,0.02306888287392112,0.05479701584661568,0.022022617310483803,0.01916519353800248,0.1429762718707977,32.21945357166042,17.503091835232492,5.647756824722919,5.647756824722919,True,2.8040798248015673,6.401469289310764,3.0932744661823004,0.040146077941125374,0.012663669685029522,0.0019440221299342614,-1,,2
1431,0.53859017555849,0.0153340660595481,0.0206068816328932,0.12873135171475752,0.2428397806359839,0.05389774439832729,31.170398812476357,41.03620434514754,3.833042286897456,3.833042286897456,True,58.3963023047565,6.999061542039533,1.4258430412820455,0.04122321138827548,-0.015247203181257711,0.013927482918798096,-1,,0
1432,0.15759039209625983,0.529325924234185,0.22120744199897657,0.05419550783015459,0.03388512101290504,0.003795612827519028,40.91311833914846,30.79890712056136,5.541079927218647,5.541079927218647,True,8.181263361428918,6.500434892777129,2.967393223140046,0.03948525415343834,0.016526510542506753,-0.0038965387742094836,-1,,1
1433,0.03649959359788408,0.42553281930324627,0.026960287100255814,0.055718933662385894,0.14138887148081214,0.31389949485541585,37.6160775768691,13.509517198898104,4.814953208790902,4.814953208790902,True,31.788369654871044,6.748863152599389,2.223911788533583,0.04533939389294207,0.03153336617515202,-0.008935538610076954,-1,,1
1434,0.3552568522214887,0.34806840754336504,0.01741326121816846,0.07116939847653896,0.07886339688376119,0.12922868365667764,41.35270211710987,42.205780424807976,1.5474058061720841,1.5474058061720841,True,47.319586936110724,7.174923878326709,0.488261129336396,0.047528722792786936,-0.002149235175595663,-0.01202921367362016,-1,,0
1435,0.37383090014414105,0.10273918201680242,0.16192100099455461,0.2892377006390328,0.02198581540896745,0.050285400796501636,39.423635763171845,43.39440819905349,2.7782451595713207,2.7782451595713207,True,110.58961841879076,7.270313545282848,0.7694534218275664,0.04779108831683897,0.0014222928533680164,0.009282353201001606,-1,,0
1436,0.1976000695128096,0.3942132013833204,0.023161822511433436,0.30614413651545436,0.007461089478433245,0.07141968059854893,31.655045432276737,33.992657131441916,1.4359922949574395,1.4359922949574395,True,33.84844671256328,7.2195307551392105,0.4637386751831603,0.04213974672448989,0.00863430366103769,0.014117237708457358,-1,,0
1437,0.15452621510663667,0.4291122083672994,0.09350518596623296,0.11998706372357539,0.18916253066103406,0.01370679617522134,35.00248412293176,40.16389639183933,1.1298333764915864,1.1298333764915864,True,29.265892646183676,7.253045933795064,0.38583789995737494,0.028805162151229576,-0.0063233313614796385,0.014222771446124662,-1,,0
1438,0.22618292989313946,0.15262515258189716,0.11963177456883654,0.021216515858208763,0.39541838061927814,0.08492524647864008,31.849924751899543,33.05032685672798,5.344185174010439,5.344185174010439,True,7.761359491491507,6.435471940853021,2.7328617338887806,0.0388244252525109,-0.022519311050004112,-0.0045995280833747475,-1,,2
1439,0.06961395216292511,0.03827250251701806,0.3891281259819929,0.15007107182598575,0.15786303670335033,0.1950513108087278,28.843168048579088,14.723258406578555,0.9934505658108869,0.9934505658108869,True,13.532950006470214,7.229561631812997,0.3210255557203282,0.041356762996202154,0.037488982670853946,-0.01723138489499202,-1,,0
1440,0.20934757635782844,0.005349334227144986,0.4267107445448789,0.25975534897049973,0.07389488009878109,0.024942115800866856,32.13851043192651,40.598366975168815,2.516014007138815,2.516014007138815,True,52.5173023071685,7.206021611135217,0.6201029727411499,0.03709211891230236,0.027520341830375335,-0.006507899280313376,-1,,0
1441,0.08378649451653036,0.4196372354299792,0.031491372786694845,0.4196166144437638,0.008739679678470478,0.03672860314456126,40.00888135593676,22.036661062513765,2.0593344398948576,2.0593344398948576,True,87.60048043788812,7.1613724733238575,0.6925990759479826,0.06783595751246559,-0.040335991418259436,-0.02182837786711803,-1,,0
1442,0.10161387390319923,0.2750943325521136,0.4124782094718259,0.08985987614070326,0.09043436940181636,0.030519338530341483,38.007920747520075,27.018068962678086,5.355751022301522,5.355751022301522,True,13.030477209816107,6.4189516084395635,2.985987330040128,0.043240201557549346,0.0070432270652560774,-0.011761472224439474,-1,,2
1443,0.5265750910175876,0.20332003018594946,0.0007919108261779111,0.21728211069335707,2.8040186976645843e-06,0.05202805325823025,40.85486379446565,33.34189284055323,3.8453127803364717,3.8453127803364717,True,121.599495343148,6.974035945982529,1.5462878666826045,0.049494612675890524,-0.049825555331827226,0.027606859179748942,-1,,1
1444,0.48252821706799987,0.07606912072450416,0.2959150833437249,0.11721255879466477,0.028026027952632863,0.00024899211647332796,29.82356976264326,20.416544118480772,1.277435639898775,1.277435639898775,True,20.31513909660889,7.221179907021251,0.35892439443665397,0.03402699798063491,0.0368343013908744,0.0009601895412320921,-1,,0
1445,0.5439915776410482,0.07202031540364406,0.08306161221093633,0.07897693987299209,0.14804710304534424,0.07390245182603508,38.81722324764442,12.544220446659825,3.5380444650762266,3.5380444650762266,True,84.67718947121232,7.192214931951229,1.07796074266036,0.050701054938001165,-0.017107464198691344,0.020972766259764374,-1,,0
1446,0.21383750214431876,0.1636217636658561,0.1193043338130548,0.21215864143653435,0.16341793208202046,0.12765982685821545,38.882278009597385,31.763971337889128,5.599667794035592,5.599667794035592,True,8.737945822605338,6.352090988976593,3.5023093168097232,0.04994642119587359,0.1313496891917078,-0.024445870677290094,-1,,2
1447,0.1883602306346279,0.14950315077656232,0.3242435746974289,0.10016694965727228,0.1294609051431238,0.10826518909098481,30.9403996519085,34.292247723363964,2.207445658451957,2.207445658451957,True,44.47118305596686,6.982635532842408,0.3792689786586898,0.0339132946688828,0.049265256269732174,-0.011353257827303993,-1,,0
1448,0.09694379526568801,0.40249188197661534,0.08057921119422917,0.20074793904038357,0.0605203639250694,0.15871680859801443,30.835928151654983,44.3268327162307,3.1623931664760665,3.1623931664760665,True,55.94381863145443,7.142724700719011,0.889383258905903,0.03514204391791871,0.011735502925920717,-0.011510464246524599,-1,,0
1449,0.5882728073078514,0.031333166407673155,0.3144745147107465,0.004730635984168419,0.0285927402031491,0.03259613538641154,31.99578892772442,13.603972561252831,2.7744814448925594,2.7744814448925594,True,38.32000457111391,7.150294545027018,0.39685877508696854,0.033693113093057496,-0.02595427242570718,-0.0010603294788395403,-1,,0
1450,0.3826944304937682,0.13745018537309156,0.02082843836763418,0.07717374872177316,0.37523357695086,0.0066196200928728376,36.20402754505213,17.4301317977377,1.2426771752983239,1.2426771752983239,True,29.273035931748886,7.0820486593903285,0.2996876823323196,0.041981368438160735,0.05832394638925131,-0.017735049361833174,-1,,0
1451,0.24502592544238408,0.019525706575557546,0.20091358711066146,0.1515096228550527,0.3374588521945255,0.04556630582181887,40.24777278078689,25.74070438949539,3.749495913109043,3.749495913109043,True,131.05526562018605,7.155739307017366,1.3796740128327145,0.0488312309657839,-0.01883963163312747,0.0026337735675893608,-1,,0
1452,0.20439258123412182,0.056120628024608744,0.19522105229957143,0.25193664871255594,0.0430492354664568,0.2492798542626853,36.70706464762296,36.026057227335784,3.412911453026396,3.412911453026396,True,92.27800349329215,7.166228209613561,1.192508670057326,0.04482590369769464,-0.043077354249433375,0.0029952182242967114,-1,,0
1453,0.5210749644620195,0.2967749938842629,0.014750167518974448,0.08205635679680522,0.003062653779748124,0.08228086355818974,31.74917965236235,19.40960813462477,1.4175063271789619,1.4175063271789619,True,23.397204385549895,7.143010489441445,0.4183482131874752,0.03974508160821133,0.027110851840603595,0.0010174739673857302,-1,,0
1454,0.376434429594742,0.2618068017677288,0.03622939039149668,0.09812888590821198,0.0027755656083661776,0.2246249267294544,39.248857764718366,12.797485187597177,2.2347714501142546,2.2347714501142546,True,64.10368738656554,7.121052511696257,0.3621402753006089,0.05502681538361964,-0.024729482313182262,-0.005451549865354507,-1,,0
1455,0.3019640772361447,0.21975077788370107,0.05359771358153388,0.10184688161437136,0.24431676962033044,0.0785237800639185,29.08240278248747,37.076399460449124,5.7236132107469055,5.7236132107469055,True,2.805600755590559,6.319751681578304,3.333130037800867,0.041800650413601315,0.033264790526243974,-0.01142953088273551,-1,,2
1456,0.13389203252865575,0.28168078621903986,0.12742096583365728,0.23423698524290898,0.019285209962727232,0.20348402021301093,28.914750728776532,43.79415829488836,1.3164387167290497,1.3164387167290497,True,23.2431600604379,7.234934250962702,0.3945097824682029,0.0373448230223174,-0.020440421522225246,0.0043586024388772735,-1,,0
1457,0.8066296501119513,0.007062955577439835,0.07725824096464447,0.022085521559094115,0.02447477889896107,0.06248885288790908,39.083486468376776,17.440364189454783,2.0281411075861064,2.0281411075861064,True,52.29837988629609,7.212482054535271,0.2825237379938049,0.05159493059913841,-0.03752618414979384,0.0012145565683201697,-1,,0
1458,0.3062725321414284,0.20952004964767623,0.12241570563124694,0.10754653344047896,0.054414682787791616,0.1998304963513777,31.920354501711927,13.628690460594553,3.8079517860140113,3.8079517860140113,True,57.47272580093903,7.066872932703981,1.374465005749422,0.03754584105269123,0.007900643908656062,0.009071590299324968,-1,,0
1459,0.1469743150040464,0.04795813334158533,0.010050077192958407,0.4306039247555589,0.04794746976185649,0.3164660799439945,32.01094856530033,23.29872595673693,1.5506090484482802,1.5506090484482802,True,39.53932151971044,7.311247384118913,0.5669635489213406,0.05022985830993149,-0.014487326890895831,0.004441294316683179,-1,,0
1460,0.2343787691824047,0.31868980765831295,0.04636737824747014,0.0845703033677329,0.04341461179602501,0.27257912974805437,41.597684168962715,44.078548480642304,5.485830933078499,5.485830933078499,True,9.460628467059673,6.407773447495949,3.1161635000464396,0.058566537180812055,0.0036410519894345024,0.0030218787947522176,-1,,2
1461,0.5035443918532708,0.14905787254141206,0.25022514274113994,0.012920001612468753,0.03908129401822988,0.04517129723347848,31.954850240305444,25.65284188200875,5.129535035802405,5.129535035802405,True,13.866928139138562,6.66031036246162,2.7697013439024083,0.03449202152430645,0.03783462750775511,0.0032678217354101015,-1,,1
1462,0.26106114736490044,0.1513680701162443,0.17128065004772405,0.3002677126116844,0.09811182912769076,0.017910590731756135,36.64727310082995,20.48750381393779,2.6580581032244988,2.6580581032244988,True,73.56897160879969,7.3540341889283605,0.658553135922167,0.04466852800256007,0.019047269468471607,-0.0012685621509923148,-1,,0
1463,0.4586807177081189,0.09607350513526028,0.0063990854637428094,0.012934513361596092,0.054906111053822974,0.371006067277459,34.49665312160416,18.849022281565688,3.8874336670447898,3.8874336670447898,True,71.30962231581093,7.016287738006176,1.2718966755921006,0.0517824835960447,-0.05269236105301674,0.008365446888152214,-1,,0
1464,0.4321924004699442,0.02805046859684626,0.019334915921696085,0.04157327872683041,0.41958298783620773,0.059265948448475214,31.992939696004967,34.65478979192106,2.402317890635852,2.402317890635852,True,49.94825347606501,7.251233507001546,0.32717360850108435,0.03560899484152417,0.017294715264052053,-0.007004660483926822,-1,,0
1465,0.01967903448796917,0.12336788980931455,0.06650847623838782,0.7123177016942596,0.028057669971561273,0.05006922779850773,36.05155212395688,16.33233282484291,0.9480280080335789,0.9480280080335789,True,24.97835787501547,7.376049988041409,0.6329957435441009,0.04589908316449077,0.024778264168860916,0.0018792749335892682,-1,,0
1466,0.3424315286051188,0.03693482319423057,0.17811014721840704,0.020451594085088853,0.2615934983179924,0.16047840857916237,32.24615239033894,17.184318607042787,3.256855532919345,3.256855532919345,True,53.210792941120815,7.1423430460726385,0.938914437517123,0.04986523712441038,0.003945624824637384,-0.00294328304044816,-1,,0
1467,0.4548780415738935,0.2548718408616012,0.09496796094367939,0.011716671332864281,4.055253128864282e-05,0.1835249327566731,28.2058612161485,33.1199498613271,5.260365416130673,5.260365416130673,True,7.424020600053559,6.46093895494649,2.6567236329632293,0.039865499267642455,0.002556085103650369,-0.0040531290744377875,-1,,2
1468,0.0804813031790757,0.06440270817559672,0.6227571267243552,0.183654633124646,0.031798265488397766,0.016905963307928443,28.73341435703186,41.28930471800702,3.117336715718986,3.117336715718986,True,56.691665640992774,7.314448242857694,0.8526576865188721,0.03238422716246352,-0.030310703139338185,0.010497450254280012,-1,,0
1469,0.2581626136773288,0.050702220340393844,0.37072074565083335,0.20424717133042158,1.676710953301284e-05,0.11615048189148948,37.88454120447108,18.461122921827922,3.815441765798675,3.815441765798675,True,104.12835593535168,7.011762976026725,1.4864933183672875,0.04519494175261089,0.03705653540591116,2.7941904615990483e-05,-1,,0
1470,0.2861993073587016,0.38550499095339374,0.15704196929278363,0.05894049512938629,0.024041201831148155,0.08827203543458657,37.2537001718314,42.30570409572901,1.8182646058091545,1.8182646058091545,True,49.19361352217253,7.112640096632976,0.3016118251924943,0.03677866150951161,0.025398016141149615,0.0044437178996639065,-1,,0
1471,0.12553547583624647,0.17627040647238656,0.23793572991666342,0.280081550171817,0.011421050558622829,0.1687557870442638,41.463377466362004,42.74383790068501,3.1715412098051496,3.1715412098051496,True,133.62068017366988,7.219276316602304,0.992862311015071,0.052090303786495096,-0.008346670763517427,0.0001412756429837767,-1,,0
1472,0.43064283828597505,0.05962835824208298,0.03221710653632358,0.11674072176725651,0.0075451010221765326,0.35322587414618545,32.895230310681114,44.270790510064046,4.52631764974314,4.52631764974314,True,50.761614794888466,6.800246211328578,2.0436927856018743,0.046214311948679164,0.002124999826337081,0.008747261791926798,-1,,1
1473,0.016784185049854232,0.3458443511685337,0.3754911406718319,0.15616459127534713,0.012160378941093349,0.09355535289333945,36.958161880803885,23.021893840055476,1.5182200513326176,1.5182200513326176,True,44.926839228083,7.226227512174883,0.35259793465079375,0.03344191937216182,-0.026179387613817794,-0.027641227790348215,-1,,0
1474,0.23044444943247017,0.04342378455619503,0.23616493559756527,0.06522706955524771,0.0040219201897256935,0.4207178406687961,39.8123720821779,12.647421084972176,5.178538680923813,5.178538680923813,True,17.582378943964912,6.454716894218556,2.722196473871182,0.05759720300142578,0.03651183810069936,-0.009823344396151032,-1,,2
1475,0.3285003300917535,0.09911076626757845,0.12943428235218107,0.1442170594598169,1.7947095437142095e-10,0.2987375616491991,41.08712285111029,41.12866729198015,4.9835300255163615,4.9835300255163615,True,36.12577288016695,6.679033353605676,2.6612581311552015,0.0537109667942866,0.02078527842851657,-0.008551974091891883,-1,,1
1476,0.3344705192036396,0.010561481735160088,0.03155031355195138,0.17796690579540309,0.3475522265890221,0.09789855312482373,39.82969683585783,29.517397466201643,5.387341935626765,5.387341935626765,True,11.65212422610023,6.389937955695842,3.2432393220163744,0.05073822002477917,0.02778478579414254,0.0036804962762931534,-1,,2
1477,0.14043499456138572,0.10553514873381904,0.3641009622552257,0.16960148828180602,0.028760639117001118,0.1915667670507623,34.747826887899706,20.51394862675004,3.256518329609259,3.256518329609259,True,82.70383138444937,7.095006985482846,1.117567081509251,0.03694480399598844,0.0042945339623197045,0.0038956870375458376,-1,,0
1478,0.5024864720638912,0.25198627158815196,0.10278645205139206,0.07190869400708821,0.02627197612067392,0.04456013416880264,40.786124116541984,23.490733916985025,1.6400211311614865,1.6400211311614865,True,54.9783659243988,7.360922931205598,0.33064781772974555,0.05019189272951343,0.047422614405259425,-0.006271287887151513,-1,,0
1479,0.16044080758986046,0.2859803333175486,0.17285296137052522,0.292536378564141,0.07801879590057605,0.010170723257348658,40.1530386340223,20.675997533172435,1.169402436480472,1.169402436480472,True,43.93759290299209,7.162022144342186,0.4583974037053372,0.04338885411563335,0.028309488000831603,-0.0012261131191051414,-1,,0
1480,0.38575131471685886,0.09566106138565574,0.07655912853138477,0.13406311600094778,0.2845674732917162,0.02339790607343668,36.32586801985767,19.43731405551252,4.393784890001541,4.393784890001541,True,60.84168240131895,6.923208261099066,1.9444095071163285,0.049951577835655264,-0.03248737194107033,-0.0015724131430078355,-1,,1
1481,0.8205999829557042,0.009322246084747602,0.035181906756781144,0.08599132483343228,0.0011839249418607546,0.047720614427473856,35.78620990006097,24.48622598650026,3.432782872247916,3.432782872247916,True,80.24853524858051,7.109514049909586,0.9714088627036522,0.04675233010240915,0.0656104698669502,0.0037444480370191903,-1,,0
1482,0.38364853040319385,0.21427959877274338,0.04093158445142503,0.33961906591469015,0.0021978573225130142,0.019323363135434587,29.483114801855816,21.89615274670045,5.017764284905227,5.017764284905227,True,16.965786621769432,6.584513736903355,3.1543904078208103,0.04461449433398471,-0.027617026261398652,0.0012452745883224387,-1,,2
1483,0.3969496552545323,0.033712888881237614,0.02397892776542849,0.15661616965048974,0.340795484835638,0.04794687361267401,40.955376542501675,38.55634933058067,3.998925640707477,3.998925640707477,True,140.14751160158156,6.980838966201775,1.750049567182392,0.049173449627419624,0.01362101010390424,0.0013637850684638832,-1,,1
1484,0.2813501155087096,0.2814557459592191,0.10937329801463533,0.2041643684572562,0.007851167256763244,0.11580530480341653,33.17540585448208,37.8789284039359,1.230336346190763,1.230336346190763,True,24.638779911211042,7.2087878256289,0.4080614154772039,0.0374447774895912,0.02424292769433245,0.017932476939905122,-1,,0
1485,0.34848735976077283,0.17278625145006002,0.07088546621138977,0.1805692098578025,0.008275693317095175,0.21899601940287972,37.59925616584566,43.61559488875517,1.1962000013352654,1.1962000013352654,True,32.84444538675085,7.266109322522866,0.4626886914976057,0.04730284197286678,0.06572784623479955,0.01108364891448129,-1,,0
1486,0.17761542669613903,0.1728038272610808,0.16018040313618956,0.10291408381307701,0.2819762798777406,0.10450997921577299,37.40119671400359,31.453572272819848,5.4155246059814806,5.4155246059814806,True,9.473568275104084,6.3669670669891705,3.099943513425465,0.04158741231718997,0.06420045317920037,-0.0018571277628803458,-1,,2
1487,0.6055245383135484,0.0007660968024421502,0.22097739032422697,0.049038142259183494,0.008592625511193025,0.1151012067894059,38.33608807966929,17.28002356100859,0.8842356311582849,0.8842356311582849,True,21.570811388273782,7.139303766089266,0.38457785767834346,0.05036620680463158,0.026373793751258603,-0.014380534222721838,-1,,0
1488,0.25156589161625365,0.30540365434125105,0.07676488411502992,0.027655246695681555,0.09274193047005858,0.24586839276172529,38.30522489393126,18.350993088739997,1.4902088807642824,1.4902088807642824,True,41.16980373409909,7.109768596134493,0.39381816426558464,0.04759894524699935,-0.020610209776344975,-0.0056037821061807455,-1,,0
1489,0.20867963968352354,0.018048446408994927,0.15385804828765068,0.3068713899776675,9.516641482360311e-05,0.31244730922733993,29.842263180477875,43.70868984702164,5.753096382674429,5.753096382674429,True,2.2706044135054353,6.191046945430978,3.962973211921164,0.048425339710235014,0.03111194943549058,1.5703101258725954e-05,-1,,2
1490,0.036800156317652565,0.06506053452311333,0.006218902954637562,0.7892510571696483,0.04435157140425319,0.058317777630695185,35.68903613318587,29.952830778010444,4.376530742242712,4.376530742242712,True,95.59912044970966,6.92443163752535,3.0902113507706592,0.04956666672269389,0.07092702684208736,0.007372292380901866,-1,,2
1491,0.6059467891583278,0.06666701121091806,0.006649536069006368,0.017875541312469,0.14181819632608642,0.1610429259231924,38.404901835693096,37.195067595196804,5.474215223368156,5.474215223368156,True,7.828284429840904,6.280067460207296,2.9766389120811287,0.04862313432880799,0.04071029093023823,-0.009094382535836465,-1,,2
1492,0.44569214818352615,0.14658056464076966,0.062122178650851546,0.2688794073207311,0.04898581468329621,0.027739886520825385,39.840582700682084,23.413298634031463,1.3034890689171816,1.3034890689171816,True,43.052206677589645,7.219404701914952,0.6982630129804004,0.04842288647485182,-0.02424691166385419,0.008581625458072421,-1,,0
1493,0.3824471309277603,0.22642957677679604,0.3361268630287823,0.00739714085011061,0.003460781238471385,0.04413850717807939,30.226619371564112,32.91821765099691,2.156639896435759,2.156639896435759,True,35.35264684803144,7.198849235980351,0.7963082470363894,0.04360785414371123,-0.038131240299280326,-0.0068266232420568255,-1,,0
1494,0.2384917887002634,0.06963888166247575,0.19473037442114607,0.29901245208756944,0.042615694518838045,0.15551080860970706,32.9524143983104,27.47313623249808,2.5261200826911345,2.5261200826911345,True,60.622514381342114,7.069142155894882,0.5941112391871478,0.043748547525367096,-0.009798271041421001,-0.007134520920692859,-1,,0
1495,0.3828474476446523,0.31203441649285923,0.16685300390638386,0.023367302587402848,0.05147359710432947,0.06342423226437226,36.06097916285011,39.34082438488309,5.921121855817005,5.921121855817005,True,1.7841637288257706,6.229631398438545,3.378202120214319,0.0423265633768631,0.006648670602910314,0.003887748830491068,-1,,2
1496,0.2612681625715895,0.1268385274780421,0.3146280816766819,0.022679794387720133,0.24750158762070654,0.027083846265259965,40.75157690641308,39.333563903159586,5.950432037852038,5.950432037852038,True,2.5738815864615394,6.177456964808455,3.4122640460682523,0.041221705847725054,0.028503138138537935,-0.01682358257146149,-1,,2
1497,0.009956166231290257,0.35286254196379446,0.13787578688960445,0.07988176353957872,0.4013884014320073,0.01803533994372484,28.669550191962024,41.42164765395787,4.249570823038544,4.249570823038544,True,46.00533585896833,6.860086139587411,1.7290325559203181,0.03350144546323944,-0.012045717536031201,-0.0009142458694498226,-1,,1
1498,0.10767155062802171,0.37826632953850986,0.041585521969060145,0.06323995438343949,0.11823542787560266,0.291001215605366,31.711346095638245,14.040233832511074,3.012607048231665,3.012607048231665,True,46.340657853052974,7.247233620179357,0.7037168372575214,0.041261028043187,-0.02512058212441899,-0.005938055574046356,-1,,0
1499,0.27237132999476643,0.12436266384804032,0.03237787864630874,0.23660023641893568,0.00036313493098458015,0.33392475616096423,36.92287505917971,39.61513136032346,4.803498768108856,4.803498768108856,True,42.30591378596874,6.7362448551899785,2.635333308665614,0.05437045401723382,0.01477102865699103,0.002057433674391254,-1,,1
1500,0.3395569532873403,0.296398950464635,0.054612641811965394,0.10152302806457651,0.08518772927918364,0.12272069709229923,34.72714588959322,42.440435321106065,5.062140641597916,5.062140641597916,True,20.780700278931153,6.550821200401169,2.7099020468660977,0.03675846695866421,-0.00954084409810605,0.002350359959837043,-1,,1
1501,0.7005601086980003,0.035110680103702135,0.09430273448817582,0.040555716872183824,0.12172466492541342,0.007746094912524671,37.45415744803638,41.110950706165006,4.813668167834728,4.813668167834728,True,38.553252188224185,6.5466349456994575,2.20662233990895,0.05938931690222614,0.00878848439408265,0.012286048613562707,-1,,1
1502,0.15977336093585218,0.11615129109088751,0.4000585240744221,0.09761118897860097,0.2061290626866976,0.020276572233539597,36.373608990966666,43.02301691316322,3.4453544492585726,3.4453544492585726,True,86.45691074606871,7.187166595554696,1.1920626490025823,0.03826606168743282,0.005384376190640285,-0.0053601997643613186,-1,,0
1503,0.3046210184267507,0.05889936499560001,0.09371681378794,0.26379054704352056,0.00034609222658331086,0.27862616351960534,34.25866324800449,33.134447287800526,5.739503525841484,5.739503525841484,True,3.34961096550333,6.436201204044886,4.068443094457283,0.05133406759563362,0.05403880414239789,-0.014239177911425356,-1,,2
1504,0.0537803373556296,0.23558377464399835,0.13697531817048508,0.4618196066646518,0.07107320987386127,0.04076775329137384,35.99287629032994,21.43951420746212,5.06047701543198,5.06047701543198,True,24.54496854979256,6.731257908464658,3.4387157649385616,0.04428033131400688,0.04090866251330475,-0.014384628296392175,-1,,2
1505,0.16046968026983188,0.03793184181598547,0.01378573057391995,0.39541917366322255,0.2753396030659867,0.11705397061105347,36.46746151437115,29.379261989525844,2.0426310461934474,2.0426310461934474,True,65.79276388777805,7.213743338102791,0.5889118846361256,0.06256618177916506,0.0011428439374305606,0.005868415832231268,-1,,0
1506,0.1260603345567455,0.0924654079813994,0.2933933304888258,0.25761268467676784,0.004217948432942613,0.22625029386331894,28.933518488935533,25.716855313886906,3.0684090117566196,3.0684090117566196,True,52.93805357755568,7.23931656521618,0.9611163201521321,0.04209066252025118,-0.012111821938127659,0.012217822185773188,-1,,0
1507,0.3550163923328463,0.035678116511771704,0.334068624809428,0.11933776143684222,0.021073366001789655,0.1348257389073221,41.814263819786845,43.70913298365083,1.7537757186638574,1.7537757186638574,True,74.18295762684501,7.21896953941504,0.34769798291182635,0.06039725860436742,0.022812972764488362,-0.00231506249325649,-1,,0
1508,0.16949619911821226,0.008413132447677541,0.3605325500051554,0.4305977100914804,0.028754139720969397,0.002206268616505198,30.848917441787044,13.821768462711432,4.85700928669069,4.85700928669069,True,26.520238387870716,6.6541113349090875,3.110809180017542,0.0373756883148374,0.029041879164295174,-0.009345178537769738,-1,,2
1509,0.2408275516309076,0.35042117812949863,0.07085982331175933,0.25425691271407763,0.05114447629127348,0.032490057922483245,29.817485221894575,15.41212445290708,4.353910331840492,4.353910331840492,True,36.807206553158494,6.773855846136197,2.1465868401775197,0.04003037112557872,-0.004111244260606899,-0.0008608824558850405,-1,,1
1510,0.20951587390848206,0.36152311273654925,0.15405130528586528,0.05452784967728553,0.17385482496862764,0.046527033423190325,34.04572440890209,35.63508478553497,1.1102254239095684,1.1102254239095684,True,26.376114885143796,7.0449492670131715,0.2883000014693731,0.03227870885620482,0.05009846063813812,-0.00517634897643167,-1,,0
1511,0.33906885371044615,0.09714236309304054,0.11513631887546451,0.17471500015807925,0.07850686325185816,0.1954306009111114,37.77061168893551,20.148657797616764,2.397701078309363,2.397701078309363,True,59.117983983595394,7.199051000943595,0.5141191440786383,0.04496460023958488,0.007501517859979263,0.012957068577518018,-1,,0
1512,0.2024212251358045,0.014705545586647066,0.40844665276452663,0.1624908108939897,0.00028130761010091104,0.21165445800893126,40.74931245988833,26.204463985683784,2.6258225192005806,2.6258225192005806,True,96.15192617452864,7.1788926833575015,0.6148072876386723,0.059269632170751714,-0.0031047857858072163,0.0007936677523761962,-1,,0
1513,0.2216955310500117,0.16870342656539686,0.13957665523476662,0.30948490206004386,0.00029543905161342354,0.16024404603816744,31.569124931018383,25.787068610051406,2.1796305495501906,2.1796305495501906,True,47.559106171385594,7.169688709577874,0.5878390668736749,0.04357462613113037,-0.05179354233725307,0.006565526227862638,-1,,0
1514,0.12300979861206189,0.21926064381805904,0.15077259193552203,0.16029244917411048,0.12406048204171327,0.22260403441853344,37.06161256363564,18.596690894292195,2.3603258925553936,2.3603258925553936,True,75.72768186557823,7.168831828816346,0.42056680506145394,0.040874421399471755,-0.03047891248656792,-0.010258431431545008,-1,,0
1515,0.06190933055781554,0.007488529880221099,0.05155845460923855,0.05547814731937802,0.08894545408004038,0.7346200835533064,29.34031763838762,23.129823109827875,4.478779057631392,4.478779057631392,True,38.239591190584186,6.903726827561489,1.9325200582155067,0.053064996226170204,0.032518305813954936,-0.015423516864280982,-1,,1
1516,0.15475503833989254,0.07466187945101242,0.13973240827398425,0.25289085089708013,0.35833634255450436,0.019623480483526103,37.40815194825015,14.799723271788594,5.9027052366690365,5.9027052366690365,True,2.3803676769820545,6.264760241988377,3.9936280030073577,0.038812496378019506,-0.0008979983949957103,-0.02022939842268117,-1,,2
1517,0.25566379009475104,0.2065493375209649,0.23779618623644708,0.26133711241615326,0.00010631498742502277,0.038547258744258586,36.64607849063268,35.32028675460532,5.768513343751116,5.768513343751116,True,3.6193368508122723,6.1803262188275125,3.7785335692991158,0.04781177664555908,0.014599732603467013,-0.002855830787730206,-1,,2
1518,0.7171229577681347,0.09242147543856105,0.006650948692203686,0.11117809477278459,0.07197125200664496,0.0006552713216709905,41.498937923208516,24.26087833111387,3.2907458108927097,3.2907458108927097,True,114.58248372939282,7.282732782146177,0.9141325221465966,0.05100210424834381,0.026686152079996976,0.0013499532886543347,-1,,0
1519,0.394063764637975,0.046732237872436716,0.27067790025374117,0.15207921801929242,0.05215392120162249,0.08429295801493236,32.97346974447283,22.960437559402283,2.935685735286649,2.935685735286649,True,59.367859082669135,7.247738041856341,0.888572819557385,0.037826621894218544,-0.03413453478619944,-0.014320831096859596,-1,,0
1520,0.3655022930735968,0.04445659596915584,0.13392750003044934,0.42104623870892205,0.03372354483230797,0.001343827385567999,29.61258670615494,33.04767141475099,1.2143402783890234,1.2143402783890234,True,22.55412992921114,7.2280782408566076,0.5423816764049335,0.04370469609498532,0.020737056655747755,0.0031293908841788097,-1,,0
1521,0.3660964485265602,0.0896842004122818,0.2039310913272635,0.022909203078474855,0.014331156332684981,0.3030479003227347,40.885021949795146,27.127512381183408,2.707293309163285,2.707293309163285,True,81.77332308456165,7.298221073462435,0.3727173902087856,0.0558392102755486,-0.02044349656106139,0.0018892219243969598,-1,,0
1522,0.1401497085338513,0.177373921302179,0.20534724308530986,0.0650227191058045,0.2837997513485832,0.1283066566242721,41.11937638860673,36.36530318503981,4.480969695333513,4.480969695333513,True,82.92845121742853,6.722847429977032,1.93999128403691,0.047399990617982134,0.032078499176851634,0.005765608629406585,-1,,1
1523,0.27046155665670585,0.16777343990438115,0.036547056105742326,0.030351870438488665,0.01917467419992341,0.4756914026947586,41.35793485134808,24.062540807777665,5.482751717675,5.482751717675,True,11.080636720984689,6.403282267945684,3.0898357278081985,0.0629541067424459,0.06387800448958722,0.008512045236112806,-1,,2
1524,0.3834741088124708,0.016638965400168154,0.013622488239967721,0.27741999398218803,0.2454437183203972,0.06340072524480805,37.5522242099152,12.330551995764864,4.20486629927878,4.20486629927878,True,75.60781959996795,6.897225266271526,2.105029539807625,0.04571373989726548,0.031492833896627506,0.006234977852552521,-1,,1
1525,0.12706203140453146,0.023935505387933653,0.020993973735170045,0.5145481869949248,0.06626303088754537,0.2471972715898948,30.882677534446227,23.899676006263952,2.8717078616672174,2.8717078616672174,True,65.16859634757175,7.1435090820057185,1.174891179469682,0.04662079166802976,0.006148272809010571,0.010542313705051303,-1,,0
1526,0.7118291287900985,0.13118940549767838,0.010024361488395677,0.031232059654514886,0.004595723953924852,0.11112932061538776,31.38126311504507,16.973024291331757,1.3341814222296366,1.3341814222296366,True,22.78677262630177,7.184209840440383,0.30341767473264303,0.03894831826303426,0.016355152909318313,-0.0036557940930016385,-1,,0
1527,0.5792958498852937,0.1411153568851909,0.07197936992010592,0.20749487734945782,6.7629744523097315e-06,0.00010778298549929081,38.51809739725691,19.02982233689187,2.7375465411622804,2.7375465411622804,True,78.07258972850356,7.214608430021683,0.673707967634827,0.044628931463120795,0.03812158282106348,-0.004383751876189172,-1,,0
1528,0.13875965963228343,0.5770489206359728,0.014014864876208814,0.11887440572725276,0.010261691077581687,0.14104045805070073,35.793382340850904,32.27136310375296,2.0048395219440938,2.0048395219440938,True,57.248407309572706,7.26239051476636,0.35807258143698084,0.04552982494584932,0.018685665776940717,-0.006866391575540875,-1,,0
1529,0.7423538136109291,0.04179811361659227,0.025628455201721526,0.12134178718219146,3.9045641080045525e-06,0.06887392582445759,34.58421717310075,23.18844395926275,3.748523531072088,3.748523531072088,True,76.82308134497725,7.128505810146536,1.3375636075551343,0.04132385109121911,0.0310708245475875,-0.003779828744508513,-1,,0
1530,0.1617438416785433,0.22768496402053912,0.17776239790446102,0.31922664492214287,0.008759602262790385,0.10482254921152326,39.726262728377975,17.094829609023805,3.9513646088579044,3.9513646088579044,True,125.69739798200085,6.980455516162456,1.9745773582753068,0.04979876694169138,-0.02255853058702356,0.004330494408006046,-1,,1
1531,0.3774137858595371,0.041067614346258594,0.22857607789760087,0.024308268043055126,0.01346226685435674,0.3151719869991917,30.82572661131881,37.1364140248442,5.6249985701406775,5.6249985701406775,True,3.113224827208854,6.352495836737941,3.0724821565078346,0.05072236024630586,-0.02392948218896019,-0.012971191064717318,-1,,2
1532,0.3493497399225088,0.3928811261948624,0.1292525866953647,0.0010314893683232352,0.08221626252641576,0.045268795292525095,31.62409022370319,13.09983417861925,2.2101174285352054,2.2101174285352054,True,33.61104936427903,7.264788888074898,0.504859165599795,0.030273877847096693,0.013556851666590554,0.005873600337284184,-1,,0
1533,0.5807203624775851,0.03868892319685721,0.1758909335655847,0.07361782993827465,0.06876591376139643,0.062316037060302025,39.9050397036075,35.24691312522306,4.698021532302244,4.698021532302244,True,54.545178558143164,6.636165033543427,2.14395670051618,0.05111205645850326,0.012039317722803724,-0.011319339479325157,-1,,1
1534,0.2856163050727292,0.1098345627673365,0.18811138034705302,0.02828603116953269,0.337260545871423,0.05089117477192562,38.52144681344001,22.583528748603026,5.9667870149788635,5.9667870149788635,True,2.178001225515623,6.326042182200805,3.4625791006971625,0.03889076094388053,0.029624220282368587,-0.01685787726804326,-1,,2
1535,0.5729913227078611,0.033820156814685184,0.04736268661467972,0.09400485462171858,0.227768409257969,0.024052569983086247,38.47712907076203,27.85298020999042,4.011597783716163,4.011597783716163,True,88.62641169624305,6.901618804067111,1.5067069781068245,0.04591774922592628,0.006841453588679258,-0.0027112543050361085,-1,,1
1536,0.2247500683933228,0.10797278103593574,0.33490987592943516,0.016775224804995895,0.12326089306577931,0.19233115677053111,39.62497554793819,14.420073143620462,2.2577229087107433,2.2577229087107433,True,60.739043764996154,7.25960216719094,0.2919797053889233,0.046420358804112896,-0.008139326922694158,-0.009214011894422927,-1,,0
1537,0.33742183861543273,0.2980110294235143,0.0012759281797245943,0.27025931542019865,0.011996531411565597,0.08103535694956404,33.87848320118708,25.773656197164733,2.132473717099345,2.132473717099345,True,52.78480993284807,7.2166658372961,0.49468277119339477,0.037684296785527496,0.05046781684630277,0.014003211352246723,-1,,0
1538,0.29497845197759676,0.049546204441125626,0.3507831628598538,0.12636749205699352,0.011602796932237185,0.1667218917321934,36.85787261368052,28.93766072524398,0.8012934661347543,0.8012934661347543,True,22.75928915849002,7.100332116531479,0.4032059724335557,0.048207992698254334,0.00972253142889119,0.0035810294282045247,-1,,0
1539,0.31036510487601376,0.08516502482377754,0.01572310166387245,0.38148370547400995,0.002851180015183364,0.20441188314714284,28.796639511585298,34.68942224140581,2.3413617514494716,2.3413617514494716,True,42.648845525153384,7.193293468765952,0.7480956752194554,0.04428539821960339,-0.016787215414079182,-0.009984704196975898,-1,,0
1540,0.31779544399171356,0.1943908370646493,0.02733022041922531,0.04212537724936103,0.15672824990554604,0.2616298713695048,32.82539268915011,34.133434098364965,1.407951686661161,1.407951686661161,True,30.115894025475644,7.161153112906254,0.5554407188872293,0.04661220320076284,-0.04068089083459384,-0.012461071962770473,-1,,0
1541,0.2753937786744734,0.1539216648459136,0.08763349206972884,0.3210087883624761,0.016836303260482226,0.14520597278692585,28.297128976420563,20.962991272603496,4.123079956149441,4.123079956149441,True,45.371608967039386,6.986084261456239,2.353569621417179,0.04770315133402772,0.023192074436689813,0.013985104898925656,-1,,1
1542,0.22250372632113052,0.26790431662993885,0.20971965159739112,0.24191444089578545,0.00022188840650069473,0.05773597614925327,29.886291191089406,25.938088360389546,2.925394467996762,2.925394467996762,True,50.57181662338252,7.179475130784737,0.7520761807809523,0.033123359867426296,-0.014056864979750129,-0.008003566116660574,-1,,0
1543,0.4737770750923158,0.24827260083347777,0.07396612606329156,0.15732920050674826,5.902656312105184e-05,0.046595970941045534,35.072309755374995,20.755365663361722,3.126170415793074,3.126170415793074,True,64.25613616922138,7.266981199295531,0.9039540098462633,0.04951556313117918,0.02877176145487713,-0.0029559744253756727,-1,,0
1544,0.7413024067783608,0.042853764002140735,0.04967342523027019,0.1295556552116612,0.0053641778990846075,0.03125057087848243,31.419786610814427,37.14019395599671,1.0673710076951977,1.0673710076951977,True,20.442048817920234,7.1448036869486895,0.36770418920820436,0.040241235067501796,-0.005530270524120298,-0.008504713995101722,-1,,0
1545,0.342902552124087,0.3478669757108719,0.030591183201792767,0.07095390147075617,0.006650669521558946,0.2010347179709335,33.36430919209834,21.738127966952362,5.228068196328595,5.228068196328595,True,12.191813905961084,6.4893948220865605,2.717191913962812,0.04083940018325281,0.04234363883979623,-0.010515188456840564,-1,,2
1546,0.5667158958424898,0.2739141519110857,0.014144714295643917,0.05405502536382352,0.01753266315567191,0.07363754943128524,31.829171668642655,37.380703947026745,3.4703215375782674,3.4703215375782674,True,57.41014763115036,7.173328682873697,1.0637963117012799,0.035922844175201786,0.0058206802434889755,-0.006502662728727508,-1,,0
1547,0.29692071938797515,0.030970672616088872,0.13620519274338747,0.27830693282279967,0.07170704949854578,0.18588943293120302,33.82550359465278,19.353626594548416,5.630798217110443,5.630798217110443,True,4.2784823357779995,6.307368494729602,3.7290738458357464,0.04490871323804977,0.054486385909248085,-0.009912279886498438,-1,,2
1548,0.2426982958183838,0.1254401533961503,0.38093799079776647,0.18877340682404203,0.030895205754861026,0.031254947408796356,32.37956478990466,30.679541434301818,2.074503942898832,2.074503942898832,True,37.87792811392165,7.299564303149216,0.46894425535696843,0.03213791029737099,0.021817918724243095,0.0017098214062033377,-1,,0
1549,0.03870683120132454,0.19133948039856188,0.35712120859970176,0.06409169187178265,0.2628049744374997,0.08593581349112935,37.9875892361613,29.835578675528403,2.3048978438655396,2.3048978438655396,True,62.51083066503766,7.22828528084114,0.3212702830888733,0.04119239714103879,0.04293657403242482,0.006547674390716408,-1,,0
1550,0.05137192163485733,0.42809931698621456,0.0363779823040787,0.3015147028111754,0.022885998939736224,0.15975007732393792,29.008031908318923,29.44125211072786,4.869016705761868,4.869016705761868,True,20.779262305206007,6.749975101156395,2.859198367179446,0.037285008369392955,0.020368457402626713,-0.00768539274924192,-1,,1
1551,0.31308401816544423,0.22450164310148496,0.22469312327623345,0.0502618526405001,0.17881538627819377,0.008643976538143371,28.25026657929148,41.41162940259839,5.3731609085217,5.3731609085217,True,6.167536640843874,6.526783456880581,2.8322691253142107,0.03136851467893475,-0.006832201354653223,0.0007586536882049043,-1,,1
1552,0.3407675356558008,0.19489700591035103,0.08234836447815484,0.07529502657331066,0.2651089580465604,0.04158310933582241,40.677779046335374,16.795463245939473,2.5352454158953295,2.5352454158953295,True,83.55861866572485,7.29464519092637,0.40082199207802727,0.0455333704152582,0.02524192589192725,-0.022982656355777946,-1,,0
1553,0.2738940046550531,0.5653926387046533,0.06628660147101273,0.058831833989312354,9.33885132265682e-06,0.03558558232864594,36.07782843814491,31.523687650919516,1.0723596348485935,1.0723596348485935,True,25.622563027982753,7.096437011676574,0.28461253775068984,0.03398990746883344,0.02155375529953911,-0.007984075839513702,-1,,0
1554,0.2060066687053259,0.2098259610221174,0.26055808483166193,0.2708400405246594,0.026186421747826667,0.02658282316840862,30.20940763986176,38.93844675644921,2.1823302509202387,2.1823302509202387,True,39.42146925681326,7.1672856538535425,0.5374311965950958,0.0450449610146802,-0.026965041791679665,0.006598709298118764,-1,,0
1555,0.37587305573685303,0.1708971870200781,0.24259158729406716,0.18674362683993714,0.01638435933281871,0.00751018377624565,36.46723505378936,12.87401619562423,5.598194191499247,5.598194191499247,True,3.7827619162487114,6.218969148046281,3.405070312270453,0.03898793265957622,0.013618295652367897,-0.03728612027516503,-1,,2
1556,0.20798934921913317,0.22366252805830644,0.32374141311006,0.050665981843469696,0.07097945280015264,0.12296127496887821,33.50145826201404,23.43108755899126,0.9526954291916284,0.9526954291916284,True,17.883661524661548,7.220453817516234,0.33858197097491005,0.03981707226421927,0.04612045632387722,-0.011692566291623829,-1,,0
1557,0.40260910428384344,0.08101879101579154,0.09821259090192394,0.18418658625060014,0.1496525440758598,0.08432038347198112,32.85994528358643,27.69235955955434,5.577977667366736,5.577977667366736,True,4.661913324593496,6.34051662245876,3.4013266702772187,0.03862190784484629,0.0009051563762939238,0.0047058620087326915,-1,,2
1558,0.1358854090174809,0.2720270927676462,0.29354267417138696,0.23291307944110196,7.016716649003632e-05,0.06556157743589384,39.51353931150738,36.96577696778213,4.759918805953081,4.759918805953081,True,51.17144609913659,6.6671849338417655,2.5110549029279605,0.05409688707286292,0.02417466173827939,0.0048330035804312966,-1,,1
1559,0.2822124908135849,0.3530523228897503,0.18812600375779712,0.09314336589886155,0.07996570922694146,0.0035001074130647596,29.948980536960867,31.269308208226455,4.905256313472092,4.905256313472092,True,17.671144290187623,6.655182753178749,2.3892061120038606,0.03199484157246982,0.0735848123823941,0.0019449160327432167,-1,,1
1560,0.1599592542691518,0.3122128868607573,0.1733563114950143,0.0060780520387125545,0.06497974296964826,0.2834137523667158,32.742285369851544,29.727729265317052,4.792781248576334,4.792781248576334,True,26.877588346913086,6.717038590364868,2.588590388089938,0.047355402154733495,0.009208896349831132,-0.001590407054001177,-1,,1
1561,0.4384337359388488,0.25869004541186436,0.08992287036298305,0.12604437502191232,0.012456037979634089,0.07445293528475751,41.698739307465935,17.492682515905322,1.9768508628379913,1.9768508628379913,True,60.62048020218617,7.186980716552947,0.46449807642121294,0.04993694808885512,-0.007021337537872679,-0.002612812817470517,-1,,0
1562,0.6097966010895151,0.18447296408865674,0.02459321886809623,0.16616917824797714,0.0003480383698447143,0.014619999335910303,33.26581055338873,19.69879474390901,1.956797470025153,1.956797470025153,True,35.44007175792789,7.281537481149508,0.7924092191332828,0.04254043863615071,-0.06545481375090662,-0.0005839071427072203,-1,,0
1563,0.1678757299880028,0.45935068680811114,0.14725362317215582,0.07956221054205302,0.012556628868733693,0.13340112062094345,35.16908200335713,19.52644743619232,2.914797651025256,2.914797651025256,True,66.39707999869684,7.239993234619441,0.5757706336791243,0.03295551777789471,-0.01305173721608338,0.0015799619110630017,-1,,0
1564,0.5695777573077022,0.027175177766965698,0.14250414440743947,0.027674418067265245,0.08538971968535107,0.1476787827652762,38.81401774549766,22.324591400399655,1.9662478609621221,1.9662478609621221,True,50.059793354649656,7.1643525977675715,0.35547826570215735,0.07542371166097261,-0.02591285181911907,-0.0065508976074009195,-1,,0
1565,0.1921743562449186,0.6455526761011183,0.010171557100091343,0.12289571873807995,0.013333840263756721,0.015871851552035077,31.418053354751265,31.868359497922242,5.4350733987998145,5.4350733987998145,True,5.8017912285499404,6.5337077642504635,3.0054336810096864,0.03975435756386768,0.02784595191149961,0.009849961615930254,-1,,2
1566,0.21612048291583558,0.3769865055019559,0.10082325213517919,0.29907980725578104,0.002025915078730612,0.004964037112517507,30.83353407537477,14.9817038739363,5.128616370004093,5.128616370004093,True,10.522936603654255,6.54978935865022,3.0762584382628835,0.03942636192824428,-0.054984026698224046,-0.0035200480312070712,-1,,2
1567,0.12179554628566368,0.3766432666927245,0.21392037960295157,0.12191183544828757,0.16416364423918875,0.0015653277311839181,33.013639183955505,28.821337535363604,4.858415590666467,4.858415590666467,True,23.93053131195727,6.656134302990137,2.3817869573809376,0.038083978288524584,0.002045536468098283,-0.011245719744237244,-1,,1
1568,0.4492652560793412,0.0839598196650346,0.04219161146965984,0.19808200176418855,0.04376281538977356,0.18273849563200206,39.218162542260465,27.25286945331858,2.9352933272047723,2.9352933272047723,True,79.87148591321508,7.00884017820334,0.7731853707639706,0.052567814918992505,0.0031662240341086265,0.009831071409425952,-1,,0
1569,0.5910664705954873,0.06803746758200721,0.15891061059844278,0.032950046642992226,0.03481305598751956,0.11422234859355107,31.609477996827007,41.46100833620841,3.025350774068637,3.025350774068637,True,51.65688181619369,7.276646945114625,0.7459349714956829,0.040828151772638516,0.015042729198654233,-0.004664854462560002,-1,,0
1570,0.22831234052945504,0.2642275067147914,0.29928737801649735,0.15581682650639997,0.0021063196299840902,0.05024962860287223,29.515332838169268,40.49040491051092,3.3275586161244064,3.3275586161244064,True,61.36843537895557,7.333188180058558,1.2097827622115744,0.03171817575664889,0.020618688506209935,-0.007992280818669834,-1,,0
1571,0.440298227992828,0.06623142683209624,0.0658464392274347,0.18995929223044514,0.20401584110689652,0.03364877261029962,33.62731958007947,41.660878697969906,1.903546735710443,1.903546735710443,True,47.94967255850751,7.2515618565356155,0.41031233516204896,0.038176040306421466,-0.01985128535722844,-0.001518242458716554,-1,,0
1572,0.30349210907526836,0.02544841891979169,0.3786129699672317,0.01091413945459397,0.17231148399996815,0.10922087858314623,36.89839878130162,13.689397855651622,1.218653855932381,1.218653855932381,True,27.12852419110863,7.145579410829042,0.3149177596150888,0.03608300154099599,-0.05750081731983509,0.00735363819224291,-1,,0
1573,0.30312054514787207,0.07110631566393716,0.19779809583564747,0.2638203675863095,0.05369254613467782,0.11046212963155619,32.17982903213922,33.29005974307697,1.5831012052711535,1.5831012052711535,True,34.33479893850236,7.242379785385886,0.5587382005846198,0.037946843433907376,-0.0038858211880164017,-0.005062675837887795,-1,,0
1574,0.4594400317476124,0.03333811107565479,0.2740867817752239,0.043215311127146674,0.014679348468279603,0.17524041580608263,38.09217770831127,43.675785370963,5.707503585351322,5.707503585351322,True,4.4066130322772725,6.2883145885269345,3.2366111320103896,0.04672036259812821,0.034756877391536205,-0.008781056463595458,-1,,2
1575,0.299433307381919,0.03224746734944137,0.4524409493877416,0.10639231423218316,0.08807753390906628,0.021408427739648565,33.24575159497764,31.618484930588984,5.102061279864263,5.102061279864263,True,16.156004832450765,6.540934111368108,2.703323484050914,0.03191354628721926,-0.014464143429142158,-0.009168021909242116,-1,,1
1576,0.6681874313051053,0.015664479430867958,0.24438772850749038,0.005824509527271079,2.8254898468347333e-05,0.06590759633079683,40.74387286362042,25.389093697987875,2.900117217243263,2.900117217243263,True,82.95552156159924,7.21264968954706,0.46345038885705453,0.04714589014974385,0.005152789618160161,0.018202999731593776,-1,,0
1577,0.41020090362640743,0.10578363485168543,0.28461650430389235,0.07492385121971845,0.12236916970818067,0.0021059362901156274,28.848584301544726,21.071735106737503,3.6670939533737563,3.6670939533737563,True,47.120965765359,7.0728286128959414,1.2768455384403914,0.036778973266476556,0.0022115593178277616,0.005319351326923852,-1,,0
1578,0.6291713602895845,0.06778319589837523,0.09455116335350465,0.11975090504478404,0.007082053158466328,0.08166132225528518,31.909953075278032,38.256866339518524,1.2464011759750624,1.2464011759750624,True,23.579994849829436,7.25552973692712,0.4561956869039977,0.04030649925204886,-0.016278908548069685,-0.009051889648586768,-1,,0
1579,0.07063092345799986,0.007057479983995144,0.1267297467614998,0.2237324509791412,0.0680959352507673,0.5037534635665966,28.996844363570876,36.01266099862522,4.173919182618888,4.173919182618888,True,56.95485778392356,6.913087826205262,1.8999903797006046,0.04722189798386123,0.019617956945342123,-0.01082169365312135,-1,,1
1580,0.31001198978757577,0.1200116030022639,0.30886541650509103,0.17690881399463304,1.66713087622357e-05,0.08418550540167404,40.15967821957891,37.932592019793766,2.7458781700756596,2.7458781700756596,True,89.90140731043076,7.109077094552206,0.648266792510801,0.04645362847947702,-0.006387166022331301,0.01364595859209028,-1,,0
1581,0.06996955831712186,0.16569290288160274,0.015102489257795863,0.05059685831856095,0.656211250099449,0.04242694112546954,39.268231858945114,34.97275880181104,0.8657852860383478,0.8657852860383478,True,32.59737122205651,7.142649806036355,0.48780179934648016,0.04082853220967939,-0.00822744105453176,-0.0006252111905265527,-1,,0
1582,0.17887984713296962,0.09012210019701036,0.22175483263213244,0.06068446211823956,0.29052377779123373,0.15803498012841422,28.43756040594539,23.10972965594396,3.4652393053261408,3.4652393053261408,True,44.4455106307199,7.281270506454784,0.9561386730447283,0.03584552046838562,0.04466600636022779,-0.0052844021074075495,-1,,0
1583,0.08357092597334075,0.2463442874480064,0.12340329033399154,0.3825139525505187,0.09294696571707399,0.07122057797706872,41.854293945415115,37.12185524426428,2.7618666906123015,2.7618666906123015,True,132.6980873811522,7.200409530269968,0.9024359278501211,0.05250280913665721,0.0011829728342963202,-0.00905415182467951,-1,,0
1584,0.1247380283334519,0.20349989490757178,0.4481360956696138,0.19379395698104537,8.496871686869059e-05,0.029747055391448302,41.62218890403846,16.626797705894525,2.912392568557923,2.912392568557923,True,97.99596286317292,7.0835799715209085,0.7454418920892969,0.04869751358565378,-0.010024793880926558,-0.008131392919341418,-1,,0
1585,0.33440671343786255,0.03348196727543266,0.10400509156653139,0.4988734823104485,0.0029515758371048274,0.026281169572620233,34.224478082235564,34.55943570100749,0.9163122868714406,0.9163122868714406,True,25.360197347536577,7.165867496344175,0.5169904153884177,0.04520408041355308,-0.029315038618319033,-0.0055565700188250425,-1,,0
1586,0.1804245349103473,0.15252838922448422,0.055182802349535306,0.030622781112737005,0.21809581492533264,0.3631456774775634,36.45001305912946,37.18644905953185,4.769527310732334,4.769527310732334,True,45.06207354209811,6.700927477306457,2.3045245859541827,0.049874569348634656,0.032996714210512326,0.0014619172053787662,-1,,1
1587,0.30664360296475096,0.06144847252167191,0.4683365642616027,0.055082700720233566,0.026824871652291808,0.08166378787944903,31.280406802201156,22.177967113925604,1.1734780919351344,1.1734780919351344,True,21.393109988504143,7.273880170881413,0.29161636137654645,0.03959213064384723,-0.007553235765025165,0.011688012629111677,-1,,0
1588,0.6017433890055544,0.0626575842554711,0.052410962197108925,0.1525671865985552,0.05284107814872015,0.07777979979459021,28.408982728241917,22.531228646013616,5.0379837818726765,5.0379837818726765,True,12.020732882014833,6.559374780492712,2.6634231772356536,0.03995055679257583,0.04053917754520977,-0.019935556255440606,-1,,1
1589,0.26784288744744084,0.4785579806026339,0.017600266581945228,0.05253028354495653,0.1804005346121641,0.00306804721085935,41.44033303671803,32.99694693262627,3.0874506904210968,3.0874506904210968,True,130.71745548190833,7.111853462351364,0.6975337919818265,0.041694584488559706,0.013540496695723813,-0.022063474258364607,-1,,0
1590,0.6188954012212237,0.07264146170826148,0.04080579111076941,0.038680657298103445,0.1805153862287487,0.04846130243289334,35.526651265501705,22.62772028923851,5.407526599486636,5.407526599486636,True,7.075587870495408,6.414392572207149,2.9005276487141454,0.03759162164362809,0.05620245151870827,0.010043819315582162,-1,,2
1591,0.3413237634123045,0.06727947143090508,0.5723731318727656,0.010526605185420056,0.006710101336443156,0.001786926762161734,28.319495121197775,35.53815227023612,0.8241918158694999,0.8241918158694999,True,13.585844007900612,7.37553864921651,0.2989755110383125,0.0317387168874952,0.021738286245841176,0.01466779184086786,-1,,0
1592,0.4082880670812284,0.2724602845982142,0.08911420130374856,0.19318016192192172,0.007414820445231718,0.02954246464965546,39.07052286236361,38.627397286356356,0.9583271581211023,0.9583271581211023,True,29.49790121115355,7.266411109330648,0.34696879887013726,0.04352713525336951,-0.01898591337597567,0.018969327880978826,-1,,0
1593,0.2503822568991253,0.18954180481332691,0.4550366415205381,0.0005570767069278799,0.0189250113280337,0.08555720873204828,31.464861552440084,15.331100708654704,4.1173287935433125,4.1173287935433125,True,44.105900051386115,6.868511036160599,1.450385621325145,0.03122871607944241,0.03529899392844567,-0.0006119153282878932,-1,,0
1594,0.5069921920343273,0.1427481501278471,0.014940221363061763,0.3065487559679356,0.008864187441511222,0.019906493065316867,36.01071887879936,26.32700281453193,3.583877889585641,3.583877889585641,True,82.12610290869999,7.026984382740747,1.4197607075324061,0.046243649433541804,-0.03126564247066341,0.010126534796040813,-1,,0
1595,0.3713763668530216,0.10538414402531136,0.2904098087603868,0.030297163964368126,0.11779033079316606,0.08474218560374591,37.94516166282941,38.37459945981897,3.9577932039795396,3.9577932039795396,True,94.687200645575,6.86561092364912,1.323381786751846,0.039354752856979584,-0.02439063390592618,0.009996210506313892,-1,,0
1596,0.2320476053244645,0.08041328351545653,0.6419677066143694,0.007202499631311904,0.0037848147614263764,0.03458409015297127,34.48087272403275,31.898597585693235,3.5859940006964717,3.5859940006964717,True,82.94092107531662,7.169389290667365,1.2107539682343247,0.026751088592129612,0.02282506996284819,-0.021396715745961553,-1,,0
1597,0.4539753489264107,0.004932558067324172,0.18762168606646165,0.17404676515278622,0.0026388854025502064,0.1767847563844672,32.556919734794576,19.538331919307115,3.1403428587470437,3.1403428587470437,True,57.799803012382405,7.280075928421057,0.8804182455821222,0.04065060205609755,-0.04584971298034494,-0.01590934746677075,-1,,0
1598,0.711354584174386,0.06187757901890084,0.21011128840621215,0.009343822536736506,0.006797783272018981,0.000514942591745218,34.79895344300181,14.641386759592484,2.75030795989269,2.75030795989269,True,43.412856508808524,7.096818000156518,0.5391646219827843,0.04728942882421043,0.006544892664965356,-0.014255149149006148,-1,,0
1599,0.22033376831471352,0.40430059648429273,0.005091503274959097,0.14502115735579565,0.21964348036296677,0.00560949420727209,32.30574723775007,29.623151183321326,4.6039519852971145,4.6039519852971145,True,43.19463627842167,6.775134554636071,2.18645632102082,0.032692722039111485,0.013109088850197816,0.014291107307182183,-1,,1
1600,0.7010154735655783,0.056712103938534895,0.1846872311798603,0.04596436261531422,0.004329075019690611,0.007291753681021976,28.925688880267714,39.350129636562315,4.986718643470721,4.986718643470721,True,13.059586700604411,6.5833668589919965,2.4720314287303453,0.03696374503183837,-0.001865469363042039,0.0017859078949894382,-1,,1
1601,0.5882260100394886,0.14395803516621933,0.023464202896227672,0.2089208450105352,0.01858725459583272,0.016843652291696657,38.08079709173077,17.041999287742108,4.358204475511052,4.358204475511052,True,69.17728766403273,7.011632500893999,2.0756557713177424,0.045061944365084164,0.014027737563969274,0.012251283781900804,-1,,1
1602,0.2648868326564666,0.272448782591034,0.16708544835513095,0.0941093754810976,0.10282736921286233,0.09864219170340852,41.77514176917221,43.43062074977156,3.808626762352553,3.808626762352553,True,116.279455235749,7.002031650251987,1.3169554650798694,0.05435002254478696,-0.04212776993208177,-0.0045163381637956515,-1,,0
1603,0.11341038399009827,0.046781525807215035,0.2157355534411994,0.4717779362278912,0.040743072515546444,0.11155152801804973,38.642309317063656,38.0584281008308,1.0841860141826225,1.0841860141826225,True,37.461903437535675,7.130447048300533,0.4624021983598771,0.05391277415264294,-0.02188828232438334,-0.007974301608959063,-1,,0
1604,0.32608069934264167,0.49338626234570726,0.08938006142423166,0.03361785573715454,0.0009674754818891321,0.05656764566837581,34.381005114587,36.18644876562518,1.7053041034388239,1.7053041034388239,True,37.837950936163665,7.3115416392236225,0.2758584400100081,0.042746428757108386,-0.005723797749394506,-0.014580745276048863,-1,,0
1605,0.5014556838437434,0.08876637413260445,0.11257927834892198,0.05310775978235286,0.23566354125055222,0.008427362641825233,31.235503108351253,17.84997185723813,3.5207296933139585,3.5207296933139585,True,51.81835360159864,7.3260612071824385,1.0247619612791907,0.03748447279522394,0.004655975955128738,-0.0074802476328217115,-1,,0
1606,0.15946904812243642,0.31078754592995406,0.04957993093647918,0.1640594078550926,0.09473162217862403,0.22137244497741373,31.359049888139182,41.180281926648846,1.2513946178904642,1.2513946178904642,True,26.814174406937102,7.292408032318507,0.3725545049604449,0.03827731429044054,-0.0052891660132769035,-0.003729586558642214,-1,,0
1607,0.33469885201167227,0.013291679995073299,0.014561542668452776,0.2975350421384763,0.3383070501744339,0.0016058330118913636,37.878751242628674,44.32061210355412,4.749855511753394,4.749855511753394,True,48.9365051847154,6.651775371561617,2.9047392562815606,0.04339846762286247,0.03350329334952291,0.004366835023814627,-1,,1
1608,0.23891543338284377,0.1314746440397782,0.1968876527607163,0.12308886484441482,0.28779330744922416,0.02184009752302267,34.9803372996345,17.579741229232717,5.029086304095448,5.029086304095448,True,21.7596687319604,6.641015406166579,2.7029846442934073,0.04133352446795749,0.006346274692679128,-0.020675539986899662,-1,,1
1609,0.4259879134487585,0.010709235135735958,0.1967141539531475,0.11205191625409136,0.2042865334064544,0.05025024780181214,40.85614212751869,20.726942236625597,5.526635353276559,5.526635353276559,True,8.183499430032127,6.354614999188296,3.192682861300883,0.06418483637334414,0.0010499239898467232,-0.00761768452851363,-1,,2
1610,0.6344696218513513,0.08539778566073163,0.0908869718141786,0.0018201095727313373,0.12453852498853149,0.06288698611247591,28.83607710885518,20.150023279670727,3.8554375376934775,3.8554375376934775,True,42.48626760364501,6.974488096821912,1.3377629429463007,0.036801093035057325,-0.06272847742880962,0.004709576351459879,-1,,0
1611,0.2139361953922925,0.1531434526869212,0.1510929878793913,0.3124084892865131,6.329682566204197e-07,0.16941824178662535,29.057580006386043,44.77502649818271,2.7891473807487017,2.7891473807487017,True,53.19639434242451,7.258531963636614,0.7518383979357287,0.046065096859783355,0.03563504789286335,-0.0014442663210293483,-1,,0
1612,0.3385676372991562,0.17517537931119087,0.33574558159454676,0.022258971926006003,0.06142693124266057,0.06682549862643963,39.3197811403195,13.145210149850469,5.127003690326964,5.127003690326964,True,18.087715996056897,6.531607198697912,2.8247198902299653,0.04146225052704152,0.007434454993915859,-0.008509735473024537,-1,,1
1613,0.2130584155361822,0.4327820434867534,0.04563737369297273,0.2379008435986183,0.05651084274434992,0.014110480941123504,33.03458004150071,21.472935331920723,5.152279770775038,5.152279770775038,True,11.268340467930157,6.390133632562028,3.0529660004558714,0.03242178403322982,-0.02215366935102392,-0.0015345738502355816,-1,,2
1614,0.1488078116337599,0.42211381303444145,0.3061058506465259,0.08836810994082066,0.0036007056244781715,0.031003709119973712,30.14854944177475,28.247386287478538,3.1112887946034222,3.1112887946034222,True,50.346220644588726,7.281540920572646,0.7149270208254814,0.03342831364359295,0.018635318608289476,-0.0016033184894800954,-1,,0
1615,0.16950402202400855,0.13332005494397317,0.2227012215278483,0.3948983322801762,0.07369251454568446,0.0058838546783093245,33.38745095668742,19.104066673395888,3.962524705188775,3.962524705188775,True,75.5533573101862,7.138794787749373,2.0605384387410353,0.042317131397772545,0.044019084260583374,0.0050824343814027065,-1,,1
1616,0.3318457876392649,0.26591863117514275,0.04642398267545214,0.04747026505111656,0.11181436119524825,0.19652697226377525,31.454305613373304,25.707832542927118,3.016995915871039,3.016995915871039,True,56.22854730694323,7.212299466600341,0.7154504099886954,0.04776089204252972,-0.041439435622530454,0.011178771288923993,-1,,0
1617,0.5148386084029303,0.18220025252945873,0.1020267830596882,0.0015945250472937378,0.1496768151590399,0.049663015801589105,38.616206041149084,19.296149618908036,2.352059904119958,2.352059904119958,True,57.91740451849369,7.156950180850845,0.2865086263528319,0.0445373488804976,0.02549189818039735,-0.0026140463875663532,-1,,0
1618,0.3661648932474153,0.23453629893134087,0.018216570614400424,0.09689946098698712,0.002207089215873387,0.28197568700398307,32.13406946556053,41.01033266482128,0.8284071704922555,0.8284071704922555,True,16.809891053035184,7.235917246741131,0.42616466456552365,0.04120353087820571,0.030448098163219434,0.000502577720555026,-1,,0
1619,0.38018792540385643,0.06411037196501823,0.12269198945339192,0.16379572003957477,0.0022557815629268684,0.26695821157523186,39.8176122502239,32.08764229227434,4.255810258755569,4.255810258755569,True,96.23739460890462,6.934539570665753,2.004326150156121,0.05294941146542043,-0.001378994354854923,-0.011103956730615384,-1,,1
1620,0.13741002679721906,0.00034250456360240556,0.23745781622965284,0.3006317490226078,0.215181605841672,0.10897629754524583,34.344106152769825,13.315352236375412,5.739042529583771,5.739042529583771,True,2.879406251321922,6.23432653814709,3.8262180625571434,0.04020206100062869,0.007633279133546628,-0.026201317971475506,-1,,2
1621,0.10032426862483831,0.2990958228542211,0.4963115924840236,0.023403529618495775,0.08080370294107707,6.108347734399017e-05,33.091648937331975,43.13386391344466,2.2269184366273613,2.2269184366273613,True,46.49036386808738,7.23257769765412,0.4225877204257685,0.030968811589003855,0.018541332615944615,-0.01175588411879529,-1,,0
1622,0.5566215735101203,0.04832966792556247,0.12033725657261467,0.163727707794652,0.11066687468923699,0.00031691950781362674,30.186026600777787,33.65981289478784,2.52679518769075,2.52679518769075,True,40.01453117622583,7.088421918060671,0.5024710769547285,0.03953677548567427,0.037947027445580074,0.014137978905883036,-1,,0
1623,0.18043135771413205,0.053165824815258965,0.08047737566892316,0.28087886625694464,0.35514826598441257,0.04989830956032859,31.75320614477426,15.480599975829524,2.598096249364362,2.598096249364362,True,50.39571051410335,7.200453830275953,0.6059183113932234,0.03709952929080309,-0.02220752775299665,-0.00035943818523349636,-1,,0
1624,0.5145933115504386,0.3199047226135118,0.04734514192161076,0.03294647415404584,0.002980415576943113,0.08222993418344986,31.21715574037064,12.11074805601283,3.7568552780680067,3.7568552780680067,True,47.863697080726546,7.047206360800103,1.1643745616055594,0.03685674137630148,-0.020988711058731013,-0.0093824386547618,-1,,0
1625,0.19523286886707786,0.005603756170335754,0.010715201534317906,0.365357506177503,0.1738284649562119,0.2492622022945534,41.55890508703602,40.94966593531679,1.5062193073641277,1.5062193073641277,True,69.1280591129826,7.197244683775105,0.5359751006104274,0.06123178277248866,0.04524728917730748,0.013491289665806419,-1,,0
1626,0.30328148669553245,0.009762581146092913,0.16703029823104387,0.09426219323945373,0.0005684908014657195,0.4250949498864114,30.041773816057024,30.770733665708974,1.813581772604328,1.813581772604328,True,31.94688715959554,7.001783954651218,0.374134990609699,0.067577173327216,-0.005266035544131157,0.0267733881587316,-1,,0
1627,0.42903647023947583,0.14156158682736988,0.12382430705693473,0.0123444238271348,0.030867984660536245,0.26236522738854845,36.946562087137856,13.213974332625458,5.410800791557216,5.410800791557216,True,7.540726858788428,6.41938697190139,2.78845878949118,0.045363834745361084,0.020346945716264518,-0.008251992399986845,-1,,2
1628,0.11506842503827519,0.024059491214560025,0.2639802198263785,0.24000258592382023,0.15319417302604157,0.20369510497092452,41.68236371506559,27.264184002688893,5.479763487574562,5.479763487574562,True,11.262519845662021,6.390354498026356,3.37071247998966,0.05886568589991621,-0.006938274171806955,-0.0020956874817743146,-1,,2
1629,0.4929592751818623,0.11478349658035317,0.04198486894211952,0.14375339215911595,0.056281293856617155,0.15023767327993182,38.7256942899583,24.44249996925,1.187228409726442,1.187228409726442,True,39.29209255521236,7.3992059499092235,0.3236286986703002,0.04720403879851115,-0.042472061909287116,0.005501036972148048,-1,,0
1630,0.19210193218680996,0.06614300687832722,0.13833710436361563,0.415476754042724,0.00011483351952555389,0.18782636900899768,34.214078515475734,26.20624993132661,4.195411889534192,4.195411889534192,True,61.26713651541568,6.821045316636043,2.2186494180995586,0.04724033001877792,0.024328934372423026,-0.04238198733808084,-1,,1
1631,0.527060958523089,0.01608170962914031,0.2736479013719016,0.04541304865930691,0.05924896855958716,0.07854741325697513,30.780602953964845,37.066561991889394,0.8939643669114423,0.8939643669114423,True,14.281983119227068,7.168191273827804,0.9337414914088591,0.037621595460381664,0.012312580596757862,0.009239397082865603,-1,,0
1632,0.4045648503016416,0.3254713376909119,0.18651697013527624,0.02692251285561242,0.000276169930013337,0.05624815908654436,38.30091044702644,12.895481167882902,5.136032323615898,5.136032323615898,True,15.51288550809578,6.548385201143808,2.676693454146997,0.03969641875831875,0.02404467936678483,-0.002721550014612639,-1,,1
1633,0.44809597274756446,0.23009893173705329,0.0687230629750419,0.1694457399535464,0.005486398139543943,0.07814989444725007,41.007154484961255,32.36646944853766,1.1241642643094567,1.1241642643094567,True,40.218021327839814,7.2526885511411905,0.3367189416936621,0.05396931052489138,0.012033102529785279,-0.0003886728577447424,-1,,0
1634,0.34581138357381647,0.02922437902438642,0.20874731332697316,0.2682291740730902,0.08948598335069909,0.05850176665103459,38.471239701425645,36.39048612754275,1.2604628571780445,1.2604628571780445,True,38.045792987325726,7.075919677476607,0.42836036000364136,0.04497329672717271,-0.007723254026355281,-0.01071756128337311,-1,,0
1635,0.5729791958480214,0.1224745369995608,0.04430199311671458,0.16871458330941594,0.00035656726111230123,0.09117312346517513,28.92692509505401,32.083436669626956,1.9499270777874567,1.9499270777874567,True,29.329998072471277,7.19591977358555,0.6512417508420616,0.03911678156547491,-0.020363922489263723,-0.010221444502032993,-1,,0
1636,0.25173424265644617,0.1299666629644568,0.06874706365762025,0.19286997034619752,0.19432398656853453,0.16235807380674472,37.12999204202467,22.175369390563922,2.9191177823160217,2.9191177823160217,True,84.32060769130553,7.252953133913879,0.7312146329566015,0.04528865670841981,-0.0007357678314661672,0.006805675676311895,-1,,0
1637,0.3135910958812615,0.039696643600096504,0.022125055126233858,0.3247805868422976,0.0015351138291392532,0.29827150472097125,38.24228283930712,20.014691984952343,1.6361359687731358,1.6361359687731358,True,59.13853529829444,7.235970593015443,0.5164563637667505,0.053961866193752574,0.030838566545947934,0.010156371099338948,-1,,0
1638,0.33738456168873143,0.07708088187637503,0.2747332342200108,0.04324354689544252,0.07253542917440217,0.19502234614503813,33.77841396399922,20.65549026048558,2.8571790689792014,2.8571790689792014,True,57.5435544232757,7.324770889507104,0.6951690417309533,0.04534830034755936,-0.015146842941185254,0.0037151789686796937,-1,,0
1639,0.5100934406614402,0.13443979147197035,0.09492771881702314,0.21454740320030527,0.0319262307161363,0.014065415133124873,33.79476567386192,29.685382816770574,2.3843439287814636,2.3843439287814636,True,51.0049548629205,7.180421018959301,0.5414187574680203,0.044642891858259696,0.024725533962464148,0.010001334582212314,-1,,0
1640,0.48199684552722727,0.23002010313366963,0.007710100288131935,0.048208938437751196,0.15132836448121306,0.0807356481320069,29.184536380616994,40.02326439411641,1.7970584412589055,1.7970584412589055,True,27.629048815864945,7.248480807809606,0.30498970073150844,0.04434479208144675,-0.019427479779618437,0.0033498121879892736,-1,,0
1641,0.3013584789013686,0.35037790121455625,0.1422366504991757,0.1064293348372128,0.02575072242433133,0.07384691212335531,35.77832039688978,35.08648897170194,4.726152685604882,4.726152685604882,True,43.24031792261418,6.740971051041496,2.3910105314728374,0.036739885748076566,0.015213518736886016,-0.0012125918685123235,-1,,1
1642,0.3426011789290581,0.12515752793701204,0.0439802690228997,0.2912704446478602,0.045183675032185816,0.15180690443098405,40.392393994105454,44.846024870934826,1.574986048683126,1.574986048683126,True,54.97938250866033,7.225923698238743,0.44751517083486825,0.05692450997117737,0.012043863830132473,0.022255166814719663,-1,,0
1643,0.3190399054426126,0.11579494818295634,0.15339944427100885,0.3028559363095076,0.09481445938151896,0.01409530641239563,38.62822525082923,22.017978838373853,3.3917862094297684,3.3917862094297684,True,95.28760637009003,7.141693591231268,1.2928594581332258,0.0506008924535801,-0.028454566568395595,-0.012417596708401457,-1,,0
1644,0.17413586017379976,0.46133774811569855,0.007263340192609292,0.19473710717220188,0.034204136909196256,0.12832180743649432,33.64587231610639,42.161741285685665,5.768022244915039,5.768022244915039,True,2.9747892625051158,6.3858210122045564,3.848476602596262,0.0354725020361556,0.07595858225171732,-0.014197938360563168,-1,,2
1645,0.1629480439079051,0.4381284056261076,0.09653841760244,0.05055446457809132,0.20733201430243897,0.044498653983016896,29.53968747699629,39.34697983730302,1.8355018574125028,1.8355018574125028,True,28.26743550724072,7.17519952706062,0.5167748704485735,0.05181325065077586,-0.0038538883613428213,-0.016810090036493534,-1,,0
1646,0.3617419503025637,0.009946666867012099,0.1374303971548912,0.10940719392804178,0.08903763604837749,0.2924361556991137,41.585338707626015,38.88873161649606,1.9648657583363154,1.9648657583363154,True,78.48621787213581,7.215796630227672,0.34041185572292787,0.06238125363759926,-0.020044821586992573,-0.0025680164253594545,-1,,0
1647,0.25940120509561837,0.26085817893389773,0.12455808732558508,0.24416494124035099,0.07970722253340182,0.03131036487114599,29.426758602149032,23.668587418763316,2.352107323293839,2.352107323293839,True,40.14357052835666,7.142477308889546,0.532568803977295,0.03357307758656861,0.005186563249926894,-0.006347000789712444,-1,,0
1648,0.04045050953912702,0.28032466710728937,0.255610799230585,0.09165154615105857,0.14590367286903286,0.1860588051029073,41.83302728244257,37.20996091247425,5.518903767402726,5.518903767402726,True,11.22262665010573,6.361361878757224,3.105681023531397,0.04959238302380687,-0.0037141443800015293,-0.002750809585514504,-1,,2
1649,0.12420238430542786,0.0021218505559343222,0.212671138266275,0.49886654921140416,0.006047402090224464,0.15609067557073417,30.15301246102528,39.969757943211235,3.960536069396225,3.960536069396225,True,64.48629917394425,7.014969693211954,2.142609917290324,0.041047247972775334,0.028215463747907656,-0.007793095928124324,-1,,1
1650,0.18512549461816122,0.0455389719687664,0.33507228301568376,0.15707377908052403,4.9475409718309386e-05,0.2771399959071461,36.95456554215388,26.96131217485677,1.1475262036120593,1.1475262036120593,True,32.30561363440323,7.1972502378070855,0.4460248659797942,0.04393825441472345,0.0024953537645285824,-0.001401871788819189,-1,,0
1651,0.25840687733031664,0.18860681892023531,0.026070374544247616,0.1991578055611975,0.22693555429780748,0.10082256934619532,35.22092726469893,30.7156255245609,3.8262726327439456,3.8262726327439456,True,80.17862994571803,7.077487591104748,1.5918535390933433,0.039417465547894395,0.017705164001389356,-0.008711327527884487,-1,,1
1652,0.1746990268543221,0.07857637763298193,0.07873068671741489,0.09267748171889881,0.3505288657473607,0.22478756132902164,32.82446977860477,43.44543938456405,5.172980330430215,5.172980330430215,True,11.804219266752074,6.513982741129324,2.7047445245672765,0.039149049251586326,0.015751028304236747,-0.010545295608989308,-1,,1
1653,0.5298907805614324,0.0652018398621373,0.357112860066055,0.024907358882319583,2.461554683003558e-05,0.022862545081225632,37.18106535774066,16.188268217025495,3.7271180552222134,3.7271180552222134,True,83.48448011516929,7.0854457433317855,1.1656749639379869,0.038504558476415804,0.001261513731853181,0.01549162584563674,-1,,0
1654,0.20300453710610356,0.3232694148413127,0.1621430521304073,0.012845846989741923,0.07679483837485304,0.22194231055758162,33.9162767152152,20.518872265153092,5.778067272930266,5.778067272930266,True,2.8235482886322334,6.420173298488544,3.168750662091267,0.037385360612688344,-0.009571090679235214,-0.020625325398745065,-1,,2
1655,0.3921827963483052,0.1110172963324624,0.36276233229046123,0.023528599284968685,0.0016178549732015466,0.10889112077060102,28.464826836488452,21.25797192213009,5.360442630659015,5.360442630659015,True,6.084708189097194,6.496904371876421,2.73331798747174,0.03388933749242001,0.04876735415315474,-0.0043265555344133635,-1,,2
1656,0.10013516496407976,0.46657409817189854,0.15951509174278516,0.09682979236154633,0.040498715400671695,0.13644713735901862,30.97112117260507,34.70882355909018,3.7297288850912222,3.7297288850912222,True,64.00135847296171,7.189100959967923,1.4060297075903179,0.03193502524598339,-0.009609250192414098,-0.006163174998327287,-1,,0
1657,0.3614443078266157,0.11148692049323422,0.30801748372537285,0.20441677028268126,0.0003890599897804137,0.014245457682315412,29.641237820675585,15.963760093906318,3.84699724394431,3.84699724394431,True,45.172785741741066,7.073320674589429,1.5566707840734813,0.03602313968632185,-0.017104521245057458,-0.0017963379599840099,-1,,1
1658,0.23493825326302628,0.17583779165110588,0.016443464355021024,0.30436129038552484,0.00028006738204024926,0.2681391329632818,38.938794253119895,34.7449960775421,4.054982783890846,4.054982783890846,True,133.01249667735053,6.923675459744051,2.3868961979089978,0.054307322110266606,-0.00923400339031794,-0.01704774125038028,-1,,1
1659,0.2944814585617131,0.10925237545732806,0.06402031949772305,0.36453853102904943,0.0447033509390548,0.12300396451513158,38.63176439839808,17.75524233057148,3.1889632401476433,3.1889632401476433,True,102.58400383767643,7.189413600097437,1.2075095514377703,0.04872331585461831,-0.0351792491679331,-0.02972902328881849,-1,,0
1660,0.10417807138583547,0.5643851841159705,0.08139397991419875,0.06232478121441704,0.10445431395698117,0.08326366941259689,30.743670506607586,15.860551370485133,2.8960630852817273,2.8960630852817273,True,47.23804521285471,7.2691592660047695,0.7083736451571163,0.036504086223921706,0.09750134667267968,0.0014843861543695543,-1,,0
1661,0.1329881271572086,0.285965567101137,0.2903391719244167,0.01946838264057799,0.095858450180659,0.17538030099600085,30.15607609816806,16.269369050597355,1.6865987974295198,1.6865987974295198,True,23.027396028562286,7.115009715782565,0.35228224907661687,0.03160932107754763,0.035601970539517025,0.006574104382527297,-1,,0
1662,0.29787345231251006,0.1625434155689546,0.1838812607125476,0.09301966873374548,0.20231557125014824,0.06036663142209399,39.6369617903542,42.7227612698339,2.101103612940833,2.101103612940833,True,79.18412079979827,7.245431034705195,0.442430877600143,0.041936063282485427,0.013014262432866514,-0.00504147379139578,-1,,0
1663,0.14789545715778055,0.17601518373385105,0.368368916689001,0.20548784818085597,0.0019137873092672,0.10031880692924428,37.8851409245963,24.515609348968027,1.4521285916947981,1.4521285916947981,True,44.404325436655206,7.229194176508569,0.4595037855381126,0.03841820801976708,0.04838044695193351,-0.000968445930724261,-1,,0
1664,0.5979864345213526,0.04902625655457059,0.14244557469869712,0.0801067290009508,0.049733215725135525,0.08070178949929345,31.621339197339758,23.14366595356364,5.505108087211736,5.505108087211736,True,4.607679613441814,6.346311875177063,3.0382161999508805,0.044917475450695986,0.0812546796694585,-0.010328325337562267,-1,,2
1665,0.10816289334846989,0.48040527861639276,0.11278690455448752,0.10275528293272825,0.02248668307433459,0.17340295747358686,28.73487083655032,25.509683065424035,5.303944495469457,5.303944495469457,True,7.468661260539851,6.408102828149482,2.8289649870399645,0.03536102536949376,-0.010832759451715832,-0.02230325389888492,-1,,2
1666,0.6981590677926258,0.0015082163456050968,0.06544308972111272,0.17679040775667212,0.006980311000279382,0.051118907383704726,38.833470548771025,17.30194455929334,0.9994708435026354,0.9994708435026354,True,27.372778108342054,7.051054012067263,0.3735029148293296,0.04951343228720221,0.008997270057672134,0.0024299217335438505,-1,,0
1667,0.2860161059991146,0.07125453394205748,0.04900371139392915,0.3231330190240739,0.05852840795580682,0.21206422168501815,36.92439982270008,21.87193834368398,0.8445119331481106,0.8445119331481106,True,24.526157789968885,7.308132981117382,0.4562554570845524,0.05639710264805777,0.0127096410685711,0.01675453670499755,-1,,0
1668,0.283680910126323,0.34643068385995807,0.05564750577855911,0.10552366330157167,0.023167572564768722,0.18554966436881937,31.785392024689695,32.9719373554895,1.5198727106469967,1.5198727106469967,True,26.81649738577138,7.174358617449397,0.3879158078353687,0.04783719977383201,-0.05664340706027182,0.004523625255076583,-1,,0
1669,0.14309647811131004,0.36091805741735583,0.08745229287385521,0.27916209815577275,0.11814095251050234,0.011230120931203815,41.28979071235683,41.3188130240784,4.415980506179705,4.415980506179705,True,97.78377760082498,6.806735807414613,2.2878046089489192,0.0485082104700864,0.032306267232445035,0.014133218083077305,-1,,1
1670,0.36151836802701154,0.07514215042234498,0.27541529223284833,0.12135401873478485,0.11904274564880447,0.04752742493420596,30.403788750944408,22.30346321729017,4.45122977344307,4.45122977344307,True,37.81200093161858,6.754711529351078,2.1709818401402887,0.03497261327790955,-0.005307577358937018,-0.0004394480828794978,-1,,1
1671,0.6685455138840529,0.06355320922192072,0.02550910177416999,0.18290932341636973,0.03692305584946784,0.022559795854018908,40.6294189927562,29.95540694574017,0.8305941450684513,0.8305941450684513,True,26.465259458670705,7.286554477325236,0.33334388971722323,0.05424900711506499,-0.011630481857297169,-0.007799387064477461,-1,,0
1672,0.35210575929876375,0.08020583866076703,0.01864602376109986,0.4359357801342938,0.049410075076515125,0.06369652306856063,33.02516257272579,28.23896519682851,5.775714844490445,5.775714844490445,True,2.864944819061986,6.292951839453505,4.269362513469234,0.04500052163708533,0.03230662235473543,-0.009696661574746093,-1,,2
1673,0.06902126482853053,0.0991832350245444,0.20077232000172157,0.622402445957539,0.0006536481969517793,0.007967085990712684,31.690544627905144,29.368715362435864,3.4547095144903404,3.4547095144903404,True,89.33778376134624,7.148840319155947,1.7805586148705665,0.047407548295624706,-0.0356886916773713,0.016611319154869974,-1,,1
1674,0.5855507443150529,0.026423206231394367,0.21529462019215298,0.01459056125743608,0.028235182144557894,0.12990568585940573,34.67604346441247,13.07865757363873,5.596692856838691,5.596692856838691,True,3.3415149512569764,6.3111036840816395,3.010516406074367,0.04064696885617068,0.04438865603630829,-0.01836347932594261,-1,,2
1675,0.3708685479368341,0.02142796788061544,0.23942653650005577,0.12225099293430423,0.23778352404880568,0.008242430699384733,31.0625956705464,42.51616785483454,5.267910643020944,5.267910643020944,True,7.963176418268254,6.491876917678644,3.051437826272807,0.03518045119193327,0.012341725746423539,0.009836007564804117,-1,,2
1676,0.1477550485971635,0.1412333499208296,0.35630333024572985,0.067030015630301,6.466981812321731e-09,0.28767824913899415,36.96067886097042,41.61206635009768,4.477959980414429,4.477959980414429,True,73.63138385367533,6.75145887648092,1.9564949538770617,0.04079112979251113,-0.06996640243454916,0.01689887281132775,-1,,1
1677,0.25800707289489105,0.11730624183617987,0.08051892746341424,0.3105876778919417,0.16112343357532344,0.0724566463382497,30.458755779975892,16.18270892458831,4.042569581944536,4.042569581944536,True,54.33120555844805,6.983522649614873,1.9612812300110931,0.060520246665537805,-0.032809614820524045,0.005221175345582784,-1,,1
1678,0.008217687480528877,0.10352789927355419,0.3610270392663896,0.1490780589713402,0.07983045473027647,0.29831886027791066,36.976266200629354,24.161606498686893,1.4561306434389327,1.4561306434389327,True,47.3061649141401,7.223548414725432,0.38174837553878926,0.04238905857642898,-0.014219645939157753,0.008140890942422607,-1,,0
1679,0.2243468818714124,0.03822578797400487,0.18375705980909335,0.009023311639170833,0.43932240725487326,0.10532455145144529,35.848411703682224,35.439402862218834,4.0012402446079465,4.0012402446079465,True,89.00656289277782,7.1971165579572105,1.4322418498390674,0.051527121063558445,0.06675435003916592,-0.004391993474152315,-1,,0
1680,0.16791369894764505,0.3986373716931851,0.15212498705775238,0.20464356534967598,0.06396735697625003,0.01271301997549152,34.90882063946978,12.977811333197916,1.1275211599213073,1.1275211599213073,True,24.091488354491837,7.24213840136463,0.5393315374044831,0.03061964151006794,-0.00635158355077754,0.009522960810241352,-1,,0
1681,0.13391179849577434,0.17959599926358347,0.09996026777407419,0.14484130252873714,0.2982541199982647,0.14343651193956616,34.65814596338025,33.806250641047484,4.628669905627564,4.628669905627564,True,45.75519766221494,6.743218815418485,2.236976753972887,0.03651179656008417,0.03698399966976196,-0.008981816900425085,-1,,1
1682,0.07109064590054372,0.468494767097618,0.31423854763718917,0.13439627383134037,0.0007929508901624243,0.010986814643146266,39.088795494837996,41.71415804517138,3.58693078890101,3.58693078890101,True,89.86794360017852,7.078604529268837,1.1474859681979048,0.05188721838343888,0.02673316571845287,-0.003238014757834736,-1,,0
1683,0.2735483642361988,0.29524238330220526,0.06620990334501288,0.05935679469800355,0.256485102825657,0.049157451592922424,34.303605812532986,24.30475455105165,1.8447854372359838,1.8447854372359838,True,46.05642519190143,7.245942986057959,0.35907485551658824,0.04317851605235869,0.01795938229667714,0.009117831018045223,-1,,0
1684,0.2743415023021372,0.007967425158386256,0.11186570946435254,0.039890614286352405,0.3267235110133005,0.239211237775471,28.825232873807995,36.66272255162172,5.3299796879771355,5.3299796879771355,True,5.850303078487418,6.523431304906516,2.8038274325652743,0.0479683612375497,0.012110740827941198,-0.013269935843862518,-1,,1
1685,0.16838051315379673,0.013442615990580864,0.5490107350660618,0.15877764954505452,0.002316106586863793,0.10807237965764226,37.68411634346325,16.362548186949795,2.369175476706248,2.369175476706248,True,63.925649311709066,7.1047305533346705,0.8011197924052809,0.04474775802618431,0.028345901911937935,-0.014993705323454724,-1,,0
1686,0.49098145663415543,0.2162539437743698,0.09777327357932117,0.04962922847353038,0.025057442922240856,0.12030465461638243,36.11988025094189,29.950780113976773,2.5448166080679275,2.5448166080679275,True,61.40364196000177,7.264204655960273,0.34963109252530883,0.04504105625669934,0.0501700890384304,-0.00700824183976935,-1,,0
1687,0.15407684901870095,0.032452409013490446,0.3416463283709139,0.055154276234760616,0.18315125333072374,0.2335188840314102,31.097155883854363,44.408457393176846,1.8619447400221445,1.8619447400221445,True,34.00285889201577,7.254870637736152,0.43436229720458464,0.03888855469478021,0.0770739348273142,0.008440147530341852,-1,,0
1688,0.2382137640853326,0.2492094654194236,0.1266507417848222,0.11448765864226627,0.03957067455044253,0.2318676955177128,36.08252219353838,27.95928516806125,3.751151600329166,3.751151600329166,True,104.38684515511653,7.133357353803473,1.3500339722970678,0.04715893933316055,-0.036148812553577665,-0.00229985499522411,-1,,0
1689,0.36041938637232257,0.0002388085702427152,0.28103205491954125,0.1319186187724592,3.1553710126196615e-06,0.22638797599442168,34.98935152437798,38.45264523075258,5.143038367688775,5.143038367688775,True,15.337740017945983,6.76968818127457,2.7659797794629246,0.04247772720877417,0.04020878368092491,-0.0215509624160393,-1,,1
1690,0.2531810652437254,0.5835193990795298,0.05334253070110148,0.08035323238633661,4.752417861609984e-05,0.02955624841069056,30.084347275037768,33.690304893000985,0.9546752863162314,0.9546752863162314,True,14.440193665784204,7.279412605183543,0.30478824215537104,0.028830807712543136,-0.007115877702772156,-0.011431870559769295,-1,,0
1691,0.39410201061271644,0.18272698994326564,0.029324349836716723,0.29779062801294415,0.009915300403321028,0.08614072119103612,34.08860001706241,44.85761523382453,4.210912311470728,4.210912311470728,True,83.1373488973368,6.973579141852165,2.0435296348672183,0.047300234978850594,-0.05088755057956806,-0.0029080886705260788,-1,,1
1692,0.143779887526469,0.09052340938208281,0.15819552866559644,0.02164244613950672,0.06551621176204979,0.5203425165242953,29.22872781513537,26.17367544470764,1.1744877193044463,1.1744877193044463,True,19.241535490609103,7.133836269058179,0.26495114159816663,0.04345080031633753,0.03843571338629553,0.0071660858269926775,-1,,0
1693,0.17218386678336584,0.10377717162858069,0.45612061811984045,0.09797986756268437,0.018299352265758573,0.1516391236397702,36.881562680963036,34.64001183955793,4.659877743068513,4.659877743068513,True,48.0522803250934,6.821998842012083,2.1777156626201704,0.03681401660907831,0.026179746800559643,-0.011791011365866116,-1,,1
1694,0.31131197162254104,0.2829128806830198,0.09107287698167017,0.12420624948219261,0.03274067147176782,0.1577553497588086,35.54475551833875,16.133011201676155,5.432872181219823,5.432872181219823,True,6.850609786049678,6.365778632454186,3.1176328030561864,0.04535494994827555,0.052506416535208725,-0.009432751097833729,-1,,2
1695,0.2958449180971322,0.08317552510905098,0.03736448164305,0.25023584441697583,0.032076349917690705,0.30130288081610024,39.530120195769385,21.245028284850427,2.80582978893315,2.80582978893315,True,93.35911153129456,7.128595153000397,0.7514126586106921,0.05859375601348978,-0.01674368346201217,0.004813478976524545,-1,,0
1696,0.15350278553741448,0.39401328267725333,0.10536643178059527,0.027980566477638136,0.26076697061464715,0.05836996291245171,41.27496652967125,15.36306011641957,5.690960051464391,5.690960051464391,True,5.576682399962653,6.37673774005362,3.128188513100722,0.04202547326264701,0.005817644904262037,-0.009956706141889773,-1,,2
1697,0.525547018894092,0.021374076810261905,0.025829700255600493,0.35237853332463887,0.015051317633488588,0.05981935308191817,40.86968181485562,18.75757458649069,3.790224469955378,3.790224469955378,True,141.98865670710325,7.1441036819295825,1.818465215460027,0.05505105985018841,-0.04621291680004299,-0.012263125104649261,-1,,1
1698,0.22055890688757912,0.29064008349794657,0.261846358579784,0.1323644327688279,0.02357951536320241,0.07101070290266,39.496910123060104,39.595807385140034,4.4663741501815215,4.4663741501815215,True,73.47731788980867,6.602404750254073,2.0474067020015685,0.04635102345514455,0.02546291345197013,-0.018155534187612184,-1,,1
1699,0.429265149139727,0.08010263679649414,0.03788230458284141,0.27597571848291647,0.11137979030285373,0.06539440069516708,32.262719669384175,29.426202367211637,3.1016324613634936,3.1016324613634936,True,70.6991147371196,7.1767701661591286,0.9748172458544615,0.04161093025653928,0.09019672286610922,0.0058031796736193976,-1,,0
1700,0.19068605367902222,0.08123859127788886,0.021270211140009383,0.5570595635427651,0.07373724832177636,0.07600833203853793,38.63061259022569,12.243600665448703,4.170562346692037,4.170562346692037,True,91.03910047080323,6.930811487312142,2.460152954109804,0.054558164582165926,-0.004279243804234598,-0.00822087295925148,-1,,1
1701,0.5227183038142066,0.21993142660173315,0.09215709067921735,0.13204698067553772,0.011120537025027305,0.02202566120427786,33.23537782095576,20.77071323723395,0.8230168942548832,0.8230168942548832,True,13.564362926961742,7.101298356330458,0.3748887804600543,0.0370186778306401,-0.014415250725199662,0.009276872160580941,-1,,0
1702,0.0720451017163441,0.11854691305273748,0.43706425261395787,0.2736908418763943,0.0008495778355331583,0.09780331290503304,31.693472796647683,24.38206315585719,2.691672656329361,2.691672656329361,True,56.360783325277865,7.282318200832956,0.643956915348467,0.04176822634868459,-0.049320928918759555,0.0022772074124936133,-1,,0
1703,0.38054804433947664,0.028125864153423535,0.2399113603579436,0.19525018132787492,0.07559147534033792,0.08057307448094328,35.84699676636474,33.84030804238182,3.930765555513468,3.930765555513468,True,95.7482783802902,7.141235794403949,1.6175578075067774,0.04127973266963903,-0.012448348839346174,-0.021403286006689583,-1,,1
1704,0.3032416268300151,0.3696721631665495,0.03694595180614738,0.18106489622397656,0.10856919358918618,0.0005061683841253065,29.246092305032832,33.05621034555174,2.7914355764361805,2.7914355764361805,True,51.38074202968167,7.146151419493918,0.7784056729920619,0.03367634543786087,-0.03746092949758869,0.005563900789711953,-1,,0
1705,0.0366639768962452,0.12309394019303178,0.6148984453124282,0.03309844298496729,0.01685478976970943,0.17539040484361812,28.911515586597705,13.867968021758994,2.4984973021530257,2.4984973021530257,True,34.302173507298704,7.154548106896858,0.3067402905909641,0.033273697147778586,-0.011261617834461567,0.0057399314313594674,-1,,0
1706,0.4812611502521073,0.04244462118784602,0.24361813596585258,0.11659679905908374,0.03706101886608146,0.07901827466902897,36.44814213922555,33.92413566893921,2.97357351086594,2.97357351086594,True,79.5277536670299,7.142512868962475,0.8068357593852189,0.038732732191588744,0.05807970685413085,0.009347541545468139,-1,,0
1707,0.10036874728423766,0.36257381045927783,0.07859640037918728,0.25005684348013496,0.05200001016752186,0.15640418822964053,34.905720099378,15.640154098422308,1.4569133899869877,1.4569133899869877,True,36.27654491623937,7.227345781809795,0.6288613314570028,0.04032888994351548,0.0377953329059418,-0.004135932300489595,-1,,0
1708,0.5087402281491669,0.09351669951930967,0.1744962821078763,0.0016194621698647404,0.1409448645801178,0.08068246347366466,36.3599852802208,25.88200983491091,4.217593538026811,4.217593538026811,True,72.41366802242081,6.808194004805455,1.52457821597648,0.04428875709592939,0.003488592985315184,-0.014435998847922226,-1,,1
1709,0.5682151191470503,0.0006209973826880232,0.12389151000896564,0.22713185542549355,0.005022159605997058,0.07511835842980558,33.85256097409021,13.367471120987881,3.346798106759631,3.346798106759631,True,61.08964034271015,7.27229340174612,1.1041038901754174,0.042677163469141556,-0.005451444939948509,-0.002946662850117933,-1,,0
1710,0.0963699935280994,0.7957031999404692,0.01650641567910867,0.0039112432195445145,0.00048525196406357855,0.08702389566871468,36.88469155616424,23.531198646926065,3.579578547025898,3.579578547025898,True,98.00845561746745,7.24894754495851,0.9418934726309308,0.03045126910462689,-0.00633951398715403,-0.006898181738499653,-1,,0
1711,0.4681641011761656,0.017710450310231506,0.007917035031913043,0.005504322650567838,0.4566026164273669,0.0441014744037552,33.814903788955206,34.88757235648259,2.374019749809313,2.374019749809313,True,53.40330376827397,7.095832981139282,0.29462910398178027,0.036245431357247844,-0.009822862981009072,0.006587793635803245,-1,,0
1712,0.312906177585311,0.1038477235534087,0.07163102673127182,0.41005472834373113,0.09548264028232555,0.00607770350395192,34.36747307837885,16.790936146019334,1.6707129645211949,1.6707129645211949,True,35.33855642333472,7.2893989307368425,0.5559631985543989,0.03784560166127755,0.046812819479881695,-0.004820248811414021,-1,,0
1713,0.42145856334426607,0.17084436632659583,0.2286180330011493,0.05241820589244592,0.10856625878742429,0.018094572648118746,34.83836084817102,16.773623490831774,0.8474028859957335,0.8474028859957335,True,15.43538565366382,7.112700852778777,0.34947609409229075,0.035359491162991405,-0.055767978843507364,-0.010090435539899738,-1,,0
1714,0.3232083156556716,0.08191501463781418,0.5630128137481877,0.011981133550326995,0.01695002369204977,0.0029326987159498277,38.094692812244816,26.912329592507824,5.921339724655791,5.921339724655791,True,2.3857038515976683,6.19723850340202,3.315282075629861,0.03887763813277868,0.00023943195941418874,-0.016691420757517644,-1,,2
1715,0.03636854060308388,0.35043814572598914,0.02422226404626245,0.0404055201318121,0.09979656137547861,0.44876896811737377,28.43715593388393,39.89735256378876,5.559887612803216,5.559887612803216,True,3.3334799824510464,6.319521000024055,2.999917508753219,0.04304022625725161,0.03568478857125845,0.01079514285681024,-1,,2
1716,0.4615661827323134,0.16303567416674186,0.02909080647854333,0.08107476466625498,0.1842020325067713,0.08103053944937501,33.16315261728516,31.000097723544844,2.675323103844943,2.675323103844943,True,58.28239256032471,7.192242422132111,0.49731061344791516,0.0377330384407895,-0.045950323312406706,0.01463055169242124,-1,,0
1717,0.3440669615198701,0.03663474221946601,0.17047467636939212,0.10904996160885912,0.11782741841506553,0.2219462398673471,35.13476419530636,44.33164136772898,4.802449134196744,4.802449134196744,True,33.00018188411165,6.623135286852727,2.3579386898793153,0.04249512237070103,-0.007690790552593217,0.0018308823500784313,-1,,1
1718,0.31002204677254835,0.3205202961354778,0.05410695252193191,0.17329502904777772,0.03355984423317957,0.10849583128908463,32.81227975478792,14.36833178930131,2.8281594414181015,2.8281594414181015,True,51.92531908446399,7.135801708255795,0.8123182165753434,0.04577270234148875,0.0016460311851429917,0.011128049395850128,-1,,0
1719,0.16759198394668665,0.4292628267256923,0.3053958629140436,0.015946498372325965,0.011756359699709465,0.07004646834154196,33.184205646561004,17.515562996132545,4.096173636173411,4.096173636173411,True,57.50437775170701,7.007502105121907,1.5383599066539144,0.03311064052779204,-0.019135298890431463,0.0010364534125071622,-1,,1
1720,0.31232001400346454,0.018259122945843562,0.19027451405172452,0.4520181747224526,0.015306446621222972,0.011821727655291797,38.659254226958524,36.69192253929913,3.2632637523931116,3.2632637523931116,True,115.2143550544556,7.20275650453123,1.4248884480080957,0.04720029393210818,-0.019598240656599215,0.006986098672125545,-1,,0
1721,0.09060831044261473,0.001571089201881486,0.3962980995738186,0.2922970887002188,0.04403668708486599,0.17518872499660026,38.88463260315563,24.171208690317194,2.375887996376948,2.375887996376948,True,78.79556706025141,7.133206972737798,0.6328994350466586,0.04608516965296753,-0.00827337348641591,-0.00895822705857077,-1,,0
1722,0.09256874800171565,0.07113515133659455,0.46301140965347054,0.004615971753976201,0.32214521288571035,0.04652350636853267,41.4842454246364,15.899837500909243,1.176273937491914,1.176273937491914,True,35.41096142629491,7.246623418075336,0.2659344149568852,0.040470947788598506,-0.0030434151706486517,0.010732156976493943,-1,,0
1723,0.34967467993811846,0.33203704162528125,0.12314055032598206,0.04051795970978417,0.040362404828821884,0.11426736357201203,30.30194173037992,23.91020210903134,2.725280460799938,2.725280460799938,True,47.09706002856654,7.07187247700492,0.4545609059387849,0.03429138402072043,0.024041341737302317,0.002234476377216564,-1,,0
1724,0.5819935740739337,0.06288234262668858,0.05355386745742685,0.21170042333637704,8.918762157423502e-05,0.08978060488399948,32.840285835208356,17.940139266089147,3.605980709814607,3.605980709814607,True,71.34622354189749,7.280623692020362,1.3886927198142673,0.04091075059992731,-0.009409329185395542,-0.0009720023291139175,-1,,0
1725,0.6707356989170163,0.23327014544436123,0.003916644261963832,0.04523566907900206,0.0063970175591596,0.04044482473849687,37.948462536681845,28.124426046304915,3.8829649271731936,3.8829649271731936,True,78.3969927035239,6.975426326923164,1.3669463620794902,0.04468055472046939,0.017833314359243277,-0.011032594893224737,-1,,0
1726,0.22804750030360693,0.06616650409106216,0.18143115914412866,0.3569865637971551,0.008168885582637833,0.15919938708140946,36.38819688594245,15.648219248343885,3.0933209642763995,3.0933209642763995,True,69.76978587177658,7.054352343226884,1.0953887716376334,0.04469506566233079,-0.005193099052121119,-0.021314403835258046,-1,,0
1727,0.42571614698293686,0.05714992427162717,0.16095444708364387,0.15415232526467978,0.08809877583653974,0.11392838056057258,32.91789559148248,22.066372387853942,4.296301475249562,4.296301475249562,True,54.60133210022022,6.927041881765357,2.0318652995682878,0.04076755512924369,0.04253088435815853,-0.004038554950688104,-1,,1
1728,0.24327868692744442,0.09934964184947019,0.11250369164041885,0.2948769459669246,0.012878192256347887,0.23711284135939387,28.279273590000386,29.801644484530904,3.542381849985744,3.542381849985744,True,64.76792044596652,7.103918225704963,1.5796569859368912,0.04632203477376523,0.027818315193674295,0.007585663712667373,-1,,1
1729,0.21778008951886044,0.131645728520057,0.21857616398582747,0.08698338615093724,0.004943272897022121,0.3400713589272957,40.39972228248971,18.705447564455813,1.6290443281792033,1.6290443281792033,True,56.42220531679607,7.1893202234563045,0.37033429093608544,0.051071621080534216,0.054883686343371416,0.009300685383867307,-1,,0
1730,0.312940332304827,0.18553817957803376,0.035881729561518395,0.222881403267517,0.006558338514079227,0.2362000167740247,38.9242957188899,25.499660690546595,5.887795478175182,5.887795478175182,True,3.187567109461859,6.37104891310593,3.817813297576534,0.050187001982168994,0.04188860810322803,-0.006235384879498178,-1,,2
1731,0.5530945157163543,0.0832117479433951,0.20105711910302826,0.11943694446565947,0.007828928766359662,0.035370744005203396,37.302896840140214,17.491147832477058,1.6015970050259858,1.6015970050259858,True,37.8032193700489,7.200572132848633,0.3358564775179314,0.042230894867421126,-0.018007176688227555,-0.020149708300377364,-1,,0
1732,0.7273624565165705,0.029635982478293025,0.006197413571461166,0.20030550895366714,0.03569226467047985,0.0008063738095284606,39.27225083054752,32.655465121656704,5.814387160058021,5.814387160058021,True,3.259467386944902,6.24137668179805,3.759071404726619,0.04892419945779885,0.0011273182683107195,-0.03185307308344208,-1,,2
1733,0.23062748231980557,0.431115185078078,0.053967893260636945,0.24642709767691104,0.025648711147158682,0.012213630517409754,36.63530517450534,34.15612400803731,5.776951023202599,5.776951023202599,True,3.9255034430230022,6.314109922724558,3.9756680540475293,0.03719259119781869,-0.005750081714398413,-0.025405626005888693,-1,,2
1734,0.46071368571626853,0.1302956033552424,0.06541729540640198,0.2539556403505935,0.0891015427268725,0.0005162324446210732,33.7063286656831,43.83499862104503,1.006378947908354,1.006378947908354,True,23.10221825393271,7.219042011095843,0.373333333937639,0.038465496212536705,-0.03379993602405493,0.01201598392138184,-1,,0
1735,0.266694801376491,0.019103421234977522,0.024234405334618563,0.5601668080151994,0.11347468663477474,0.016325877403938743,28.183233722393425,17.146274218247658,4.389581414540558,4.389581414540558,True,43.491656972243014,6.748084141683809,2.8180725984295836,0.04441397096664773,-0.008589113924295599,-0.015736956854571018,-1,,1
1736,0.491638321673207,0.08872870944049317,0.22056600993813857,0.0020684372341088476,0.015328326809528309,0.18167019490452407,38.67051174757662,44.540027299443636,5.874378300784972,5.874378300784972,True,2.362029578754004,6.291457684027919,3.394385552781409,0.051278730783938145,0.018286711845371846,0.008417124013662626,-1,,2
1737,0.15382455212178378,0.20009431490862556,0.10862264822590602,0.059018999260992445,0.0012367105508352136,0.4772027749318571,33.16807718829968,26.661792642321863,0.8647113871788022,0.8647113871788022,True,18.710715095848897,7.081976363258413,0.42509341655206,0.04386491411914117,-0.006081988824662844,0.013997403605370945,-1,,0
1738,0.39610823603443823,0.050768193259881834,0.1627038067902138,0.23071242048737092,0.014994548914551332,0.14471279451354382,28.31254921151899,36.89038251613028,1.7003313349075722,1.7003313349075722,True,28.42982495853478,7.195587011406502,0.42257474349211066,0.04628868886333792,-0.028224049140190072,-0.007463220035678749,-1,,0
1739,0.32364822054330783,0.17415303828021095,0.08248274587026384,0.16604925547647145,0.24689932217572164,0.006767417654024249,34.21186571368338,35.162688233775896,4.357090538622274,4.357090538622274,True,62.229212212825495,6.898237714518992,1.9505277071737253,0.050392891457730786,0.013279075406450427,-0.0007511101965119059,-1,,1
1740,0.1595619570112247,0.1363816164979168,0.12151430749779252,0.10889842747479768,0.0190033822943833,0.454640309223885,36.437723246525074,31.29880711555125,5.900157175730989,5.900157175730989,True,2.3197594310010787,6.351028504234755,3.7016248382788666,0.052478544596560664,0.007080076508416945,-0.007949399024405834,-1,,2
1741,0.3095475793700103,0.044148358200217244,0.05999998574656969,0.34527973587085287,0.12082046231624306,0.12020387849610671,37.366234511601355,33.431564217496316,4.656117576744399,4.656117576744399,True,58.854480927434516,6.783162576247245,2.7806789129876424,0.04934586349393629,0.01352071178808343,0.004862133082716656,-1,,1
1742,0.14168598189824153,0.09874512300234878,0.5882354677506212,0.1119961590670118,0.014886093472592106,0.04445117480918456,39.57645274425549,16.617754223799864,5.793371584082492,5.793371584082492,True,3.6467682490941735,6.246184080995398,3.450804548239389,0.04139986145698319,-0.022502940127152912,-0.017972592318828688,-1,,2
1743,0.3139298565349679,0.22848708198761167,0.026993070020862535,0.14616666530430378,0.05802922449200382,0.2263941016602502,30.394023526537996,26.856819900855683,5.492639517552182,5.492639517552182,True,4.684950935801152,6.497130378823787,3.3395899955574575,0.04661265087117271,0.0630270729572741,-0.007752406361865809,-1,,2
1744,0.0733146141992129,0.23814743476684377,0.29284867821143823,0.33239711358756524,0.01835524403571878,0.044936915199221,31.199388090932374,35.705265836556876,1.4886216136062287,1.4886216136062287,True,33.27151931335889,7.2464967823957895,0.5489707609433477,0.034385242766874526,0.015102014891646188,0.005971650120279005,-1,,0
1745,0.24363203198980743,0.1739080574594079,0.10285120304658903,0.10937602848349937,0.016670946814740482,0.35356173220595577,37.5919869299245,23.71730750639224,4.953168433640595,4.953168433640595,True,24.803651229464805,6.687439538373295,2.6523055095356978,0.05482057475000854,0.008952584746682904,-0.0021493314431945947,-1,,1
1746,0.17223576984845732,0.011195657451606469,0.4022363009353052,0.20877952865905008,0.004846602841599469,0.20070614026398143,31.933976993151123,13.640386618698388,2.73229217291439,2.73229217291439,True,51.166006162423194,7.262057173262503,0.5974384132979687,0.0425373896147349,-0.006145549811276148,-0.0077060982744185874,-1,,0
1747,0.4221363100805612,0.161670974511758,0.19064046599178314,0.20474764017554212,0.016130483634945028,0.004674125605410516,37.21380711533827,40.67424876457312,1.4171211437433424,1.4171211437433424,True,37.70079766147508,7.160893683317719,0.5631263733601954,0.040312767052456545,-0.007761520102897062,-0.0077096526781732,-1,,0
1748,0.2758801354709754,0.3754276025590535,0.1035387726779211,0.020487020412823295,0.19152903019363235,0.03313743868559432,31.38089869495716,34.55516042287914,5.500638192970914,5.500638192970914,True,5.244107577431115,6.427271520060495,2.9586733353356,0.039111581032272476,0.05334763288658836,-0.006898276624572508,-1,,2
1749,0.26977756516260104,0.4731715570905644,0.06827840559090757,0.06890236934375467,0.11812176083890082,0.0017483419732714966,32.3695221850753,35.344396839621254,1.7207575129059915,1.7207575129059915,True,31.707675432086962,7.364825866410192,0.3029358574261544,0.029018474854611207,-0.07673549108789873,-0.017229600161902916,-1,,0
1750,0.17551233492998322,0.188741707468029,0.06663386840535462,0.36505303884917223,0.03626055808627077,0.1677984922611902,37.30399466763252,18.0439743396853,0.9001983531880076,0.9001983531880076,True,27.897073697373983,7.261548058660347,0.5428192628705757,0.045253820012351446,0.05810702407372098,0.007032487316319455,-1,,0
1751,0.1811985385594883,0.26513422511184775,0.39034825013370766,0.14004868412044613,0.0013210667120494967,0.021949235362460524,31.03348194181986,31.034528480775027,2.3135779409471833,2.3135779409471833,True,39.69034690217162,7.160235870902158,0.44018656068080037,0.03768549022006204,-0.020006170349106116,0.007642017307034744,-1,,0
1752,0.3816435638783032,0.19773571718365807,0.2570612640128831,0.017403896884186084,0.039763416866810536,0.1063921411741589,33.02400677624052,42.30876088757727,1.5661212395789725,1.5661212395789725,True,31.711679417821056,7.202321629691469,0.35078483535907995,0.042095056900166,-0.02337627904683587,0.015739312584011476,-1,,0
1753,0.23485916498666237,0.06529182624047028,0.273989963949436,0.0028246092410045376,0.33329806703229337,0.08973636855013344,30.29538809466607,37.42151975460159,3.9555339169302766,3.9555339169302766,True,56.26007281320113,7.016887566485585,1.3614219003925025,0.03327646707635753,0.01675459225285083,-0.01426454276987403,-1,,0
1754,0.23907015531294817,0.058542834978246854,0.49136176594379344,0.15783044205706281,0.03481113537172526,0.018383666336223493,39.35444691373827,14.70146893748656,3.304987336031396,3.304987336031396,True,92.63041156120744,7.276793108679972,1.0353189248926575,0.042428830870528615,-0.020938818512866584,0.0036093546843147806,-1,,0
1755,0.6549276996953634,0.02122264828753046,0.07856111504024736,0.03241032212316241,0.16678130860864476,0.04609690624505185,30.392867166253822,36.77986703217704,3.2656995805283247,3.2656995805283247,True,57.45895961653714,7.342127373811785,0.7594484403149687,0.046955362424524916,0.006619226247864398,-0.0038309489499700334,-1,,0
1756,0.2641329237256383,0.08704421138889193,0.05371736667927678,0.04364412191351797,0.4243812258905221,0.12708015040215295,32.703396952805925,15.069982082124476,5.090194692843714,5.090194692843714,True,12.120583380494194,6.525919512773686,2.506188122979444,0.03761457368285136,-0.02195507606736423,9.033375177263693e-05,-1,,1
1757,0.7849009191345854,0.026796058721162384,0.043741826230077246,0.052831886014898556,0.07041082764030517,0.021318482258971514,40.377507718664745,40.71617694557477,1.7431805969294405,1.7431805969294405,True,52.644073540175924,7.314742581288828,0.3190852432442102,0.04859674473879073,0.0032511368991763067,-0.011247055691520815,-1,,0
1758,0.4521770111454745,0.13785907527985417,0.02280732855585663,0.3547001440655612,0.002603932060969809,0.029852508892283518,28.909543150431084,23.649693758936273,2.05731493014756,2.05731493014756,True,38.24729415482924,7.2858050394653056,0.5666129986304714,0.04293921839522299,-0.001981350203418025,-0.010181428155864283,-1,,0
1759,0.4353575593300384,0.0908167873335598,0.12566992631401167,0.12356926384893452,0.03331436515858057,0.19127209801487494,36.229561625694,23.62665108687183,5.666028824623822,5.666028824623822,True,4.919956253902131,6.487420093619075,3.3135608725358376,0.05564933511728084,-0.04495738220923021,-0.01516687608024759,-1,,2
1760,0.41893097974226934,0.27201592910618844,0.06377395785045634,0.028307174571458055,0.0005185197214508389,0.21645343900817712,37.166694566288584,23.551353708326616,1.546906344536175,1.546906344536175,True,36.39203860941839,7.191869131623466,0.348694230434919,0.054662930373471134,-0.048564827727781715,0.009655906401595216,-1,,0
1761,0.1724489931665719,0.05397229684357219,0.16237724299987416,0.4990364355205963,0.059673988218109014,0.05249104325127659,31.255280736295965,40.26674025916703,5.960599176457027,5.960599176457027,True,1.6036247578997376,6.259935427103194,4.65155441641426,0.038727836301446494,0.05327121321923694,0.005515658821198956,-1,,2
1762,0.20525582799685246,0.05801255487790575,0.004649753482245941,0.3209208040010788,0.20871230108801253,0.20244875855390448,36.64751638087107,17.841457302056583,2.867763196181766,2.867763196181766,True,81.06842569187117,7.285186736870483,0.9574182571346598,0.04933036779519294,-0.08057061004768076,-0.008118864584609493,-1,,0
1763,0.5365653432973727,0.02933123893618372,0.28019386124564666,0.010587311241550745,0.02945128490630856,0.11387096037293759,31.394518643372063,23.401697985011914,4.084887760948727,4.084887760948727,True,47.23057375328457,7.04386830688151,1.4846439611320004,0.0493933625988851,0.004762758678714062,0.007607372091145113,-1,,0
1764,0.29481269976148644,0.2939315855446194,0.027495326950025285,0.2741478405869667,0.10302456144437483,0.006587985712527399,30.614789831265234,19.24356056050967,4.08598898175638,4.08598898175638,True,50.16802133055556,6.942076338491897,1.8464054759686688,0.04122015859086404,1.2622570598818522e-05,-0.011646981202264796,-1,,1
1765,0.3872354680270824,0.2504134838627023,0.07630442963088402,0.2769832097494195,0.0015780412623785161,0.007485367467533192,35.971361673818734,41.49251473483828,3.415339632327975,3.415339632327975,True,85.05783962030087,7.3277794669714735,1.2371820126794228,0.037519354495855965,0.056168007736355614,0.01714636783142588,-1,,0
1766,0.19480047483289134,0.2828561260171424,0.1352086910962106,0.15643642166426344,0.01920743377319612,0.21149085261629608,40.202696488748686,14.838745751908107,5.724490497196831,5.724490497196831,True,4.604043017371798,6.231700371293424,3.4799049457418594,0.05148007004848286,0.03338396174847341,-0.03150631611857814,-1,,2
1767,0.05740259015390673,0.05359797814746424,0.6622746393819702,0.22422524657070453,0.0011478418593079242,0.001351703886646324,41.63335525167143,21.949436243405255,2.7606227738741618,2.7606227738741618,True,112.40542916758164,7.111569672309771,0.6506207867347984,0.04292987918659037,-0.01985516956344037,-0.0048548200099979314,-1,,0
1768,0.26276926743958723,0.330858926141249,0.05115221632755738,0.04538673313242693,9.588623550766508e-05,0.3097369707236718,30.76699768206074,41.508812644862914,2.8817600047913166,2.8817600047913166,True,45.38342507934677,7.222831727016798,0.5136675445723262,0.04431202571538076,-0.00523440084091708,-0.0025792126960562925,-1,,0
1769,0.2549062638284623,0.1031011136520902,0.32102536056808495,0.13673767391905645,0.032362654675547234,0.1518669333567587,38.82107959069075,35.9892805132221,1.8111383892972897,1.8111383892972897,True,67.12055638846486,7.052909465905981,0.37204521680508296,0.04723481218288038,0.014017278252291319,-0.011989232273470022,-1,,0
1770,0.23464795690044646,0.05826993590401644,0.4655274884045007,0.07052659635257946,0.006707944939900992,0.1643200774985559,33.98180562292379,39.49716110787248,3.555629807502254,3.555629807502254,True,71.03303789237933,7.342432450363889,1.0601882706041095,0.03700993189294061,0.020581590524566876,-0.010841414918714088,-1,,0
1771,0.5041824568519583,0.057542993439464174,0.32421103384192596,0.10720947749930133,0.0002388469349411988,0.006615191432409079,34.682267202635,19.676581005272233,4.724749424814295,4.724749424814295,True,36.93948133626293,6.621689301044564,2.2766007279217497,0.03502869795793191,-0.04688758028434428,-0.009800115745181994,-1,,1
1772,0.7113955273721535,0.08486272426311155,0.15023013002858648,0.01947540495953342,0.030392889625860856,0.003643323750754458,30.957132291287284,18.71442814223145,5.500408054955145,5.500408054955145,True,3.857563004399039,6.495586040390147,2.9097999107440167,0.04547120331609438,0.02663863957442265,0.009890587348956096,-1,,2
1773,0.36991394779497083,0.06860661923119772,0.2749908104614914,0.11930613737503208,0.026982143215307543,0.14020034192200037,41.77407491662392,43.099768292852175,2.477054570720962,2.477054570720962,True,99.34703234856077,7.145669572333419,0.5353572867732888,0.05045986642283226,0.04543238923319995,-0.0003383448578644646,-1,,0
1774,0.23301750474499094,0.045524093382207344,0.3857914224325042,0.13476024694411004,0.04204492411946468,0.1588618083767229,36.519604758937554,18.21861688113658,5.010256599990974,5.010256599990974,True,23.65147617518266,6.628119478118053,2.573671307004514,0.042728248718561374,0.05159576463543533,-0.009391441147555066,-1,,1
1775,0.12463436961321261,0.11406942841951076,0.08984056388207148,0.28791864113373483,0.3668554476513128,0.01668154930015746,31.852300559818197,43.72568266419267,1.513378841814918,1.513378841814918,True,36.7213093785347,7.2612533472454635,0.6452864374953682,0.03423141831363068,0.038415903160444846,0.005491319863249747,-1,,0
1776,0.2979781451362341,0.059304484222850146,0.10130429668907312,0.019880597988299734,0.4749300892851185,0.04660238667842444,37.23173106692069,33.852225320676425,1.1014431798775992,1.1014431798775992,True,31.205595942285402,7.189826858960444,0.43549585595391765,0.04244890238848867,-0.0013935642933766055,0.0009155465930532848,-1,,0
1777,0.24305201369697116,0.18463704999501276,0.10056599411375296,0.414842643429992,0.009504796073254922,0.047397502691016016,32.783219544727984,38.06007275878078,4.177468257238532,4.177468257238532,True,69.29984144458571,6.986376743937536,2.234353469007719,0.03910617185196788,0.005054530049622031,0.004737713203753465,-1,,1
1778,0.5867244902458697,0.01198954749401344,0.02812177133818043,0.21676053005375392,0.0005243656027522424,0.15587929526543023,28.744065200688027,21.87662172419492,2.103554225281484,2.103554225281484,True,32.82874349934906,7.147575998997335,0.4741808128714596,0.04275495500360118,-0.012440017812422426,0.01022471589417492,-1,,0
1779,0.26477480951602517,0.07603887154010311,0.482387908858946,0.021396410153524184,0.03369834302895808,0.12170365690244353,30.682579861758406,33.98514474073795,5.664554131900917,5.664554131900917,True,2.58483984978744,6.248929453195479,3.194196946913541,0.04025700622288615,0.0017511330034482991,-0.02145010590491105,-1,,2
1780,0.7159922502431946,0.138430283847974,0.03904547139115663,0.002984069512998255,0.0905903499704132,0.012957575034263279,33.21670620177512,30.835065262818848,4.683094238518142,4.683094238518142,True,29.45645366506409,6.885946177135635,2.0068158651404455,0.036316398631364634,0.026931615782955963,-0.014985973529686447,-1,,1
1781,0.4715701503899396,0.013257675217041048,0.21148079381925985,0.08425055918428469,0.1042237499122539,0.11521707147722107,40.36925589503951,31.719153697795235,2.518735672581987,2.518735672581987,True,72.95847442106701,7.360838896551986,0.45515025757856764,0.07999024970850294,0.018825213435032708,0.02646295744105766,-1,,0
1782,0.3371512671558626,0.052933082337856284,0.09519035400615447,0.021715458394790405,0.2927956443908657,0.20021419371447063,37.62571517621271,36.4728502660426,5.425393646303701,5.425393646303701,True,8.869755516081518,6.46957089099046,2.816071723849116,0.04510962510845956,0.06924635545942501,-0.01844111574082513,-1,,2
1783,0.27611248758106227,0.4975233580642977,0.016035613392375567,0.1802440504896585,0.024371353738592297,0.005713136734013765,31.169854618922333,22.691287738441737,1.7539824801746207,1.7539824801746207,True,31.318056612075893,7.207824781903295,0.5873998186343836,0.03389469887708098,-0.036512213223545385,-0.0015333649423157278,-1,,0
1784,0.27069244003064014,0.06678269371135873,0.29095883389867194,0.0013983845291160276,0.00580963204482277,0.36435801578539034,38.18089854646888,32.42147053405181,4.658158936483106,4.658158936483106,True,54.55032943771336,6.650335674544188,1.950524329151926,0.04653174545507392,0.06488046506757887,-0.0029785359965928686,-1,,1
1785,0.4307518781326101,0.08791609501084695,0.010397027795157526,0.1516543240134503,0.007270244618188117,0.3120104304297469,28.369321833185296,13.02826023869314,3.8482311976609767,3.8482311976609767,True,44.85738102495647,7.000032239904777,1.4747402510110144,0.057645462509829645,0.03130500039417256,-0.003448787724573461,-1,,0
1786,0.23760817756489738,0.3779192810598276,0.003716748523363256,0.021030837163695113,0.25734492333651193,0.10238003235170468,38.73543104722914,32.19169674182382,2.607217663191121,2.607217663191121,True,70.2471512598072,7.220509898341149,0.3891731955235387,0.04077542876423996,0.017751181705828088,-0.008584659046669958,-1,,0
1787,0.44777253899814584,0.07433946483810028,0.1945019239799836,0.23887556020504938,0.01845279969698506,0.02605771228173579,31.31070143956915,30.408243366281177,5.757373249351896,5.757373249351896,True,2.7952464741839935,6.380566173548143,3.7135806908304065,0.03751949501860797,0.07220353794753107,-0.004895440891381817,-1,,2
1788,0.19984881775778077,0.1776511933397255,0.00145297854832463,0.6164133905321044,0.003622645515942984,0.001010974306121707,34.722794852816975,15.570932847012319,1.1213712722846108,1.1213712722846108,True,32.11819271151689,7.337595055034911,0.7097423510193475,0.042256655608071146,0.03337389772336805,0.006007558266044917,-1,,0
1789,0.329508020410756,0.12994822221699412,0.23756169482364103,0.10535766508580567,0.08027073477961788,0.11735366268318521,40.48958723469246,41.12149243686259,2.142357487468675,2.142357487468675,True,84.44862351909784,7.199991919194172,0.35241850912020584,0.05269344925882749,-0.05546547634595622,-0.004884548505114546,-1,,0
1790,0.08551194460674877,0.07748203591063298,0.16980348780838853,0.05871553508958882,0.09312816847477308,0.5153588281098679,33.80167654095383,27.462260450727584,2.844012749990415,2.844012749990415,True,61.79100345631464,7.252664271321723,0.5508618134886266,0.0504072730153032,-0.032807553209046915,-0.005517508563509156,-1,,0
1791,0.5518807634584404,0.09811980700842941,0.06435088463828238,0.0468207871306922,0.032931686414677426,0.2058960713494781,41.33427904868204,32.19285017055676,4.47154572260164,4.47154572260164,True,88.18775274809558,6.802831532653348,1.8918850840613617,0.05661749960850939,0.015041817294146095,-0.014573526752038645,-1,,1
1792,0.26789707399660284,0.0053592977033008644,0.19319351877988844,0.09758368812746088,0.002926562764412065,0.4330398586283349,28.752645954810646,36.522986314095036,1.0359066979949392,1.0359066979949392,True,17.373155765730008,7.170289839477964,0.3821676294463135,0.04517664658607895,-0.03891160896151028,-0.018872720885425156,-1,,0
1793,0.3904894185970021,0.02189380563344271,0.09043789914302852,0.394140776411369,0.000533370276708747,0.10250472993844895,40.442714235074625,39.04622275188703,4.0314409797905455,4.0314409797905455,True,135.7552248064181,7.078972471515746,2.0058591767204357,0.052430828199680125,0.0350895156382461,-0.0072979732305451794,-1,,1
1794,0.35479157929770083,0.1219892624283768,0.3997170066082434,0.07860722194911278,0.008988535900071886,0.035906393816494395,32.372632963112515,31.63585870901814,4.1740503775604125,4.1740503775604125,True,61.214474240369164,6.878417022469078,1.8317295935339966,0.04136647893401557,0.03197782361123301,-0.007539435180269342,-1,,1
1795,0.3589773210348595,0.1784809665658213,0.08326383753334464,0.14806549949991618,0.09298898351440676,0.13822339185165158,40.81860198689692,12.30706255036292,1.9268363234553947,1.9268363234553947,True,52.90223264699982,7.1422943166099575,0.4642519933941408,0.06678910522970843,-0.02807826119516807,0.004362584120029904,-1,,0
1796,0.34003893333397,0.04573386912954959,0.3926140710820828,0.19066910419679567,0.0054382888265676645,0.025505733431034315,32.826159892124785,30.63139673295939,4.808933111115291,4.808933111115291,True,26.60111460534706,6.7736597431432735,2.5835818752167508,0.04003174571393732,0.03339263548802485,-0.010916786667384545,-1,,1
1797,0.10879802966474922,0.08131914637228702,0.16331409268013578,0.18681825101785707,0.02164034215720575,0.4381101381077653,38.95418814591844,14.901472806953851,4.815049097506221,4.815049097506221,True,38.892651457237825,6.624475905998014,2.483302361634372,0.05139009967379613,0.0697325294558611,-0.007509005798621599,-1,,1
1798,0.32443457279761595,0.1742999516090393,0.38590033981549565,0.010940075491815124,0.019410070418011065,0.08501498986802293,36.05518870876018,41.46423354907575,4.2116926462974575,4.2116926462974575,True,71.59388192720293,6.999631637763572,1.5397690847778447,0.044826205593672785,0.04535896893908113,0.006676580875992813,-1,,1
1799,0.14147542644953676,0.06413238556266802,0.41932914720610753,0.1402396131928086,0.04015093856411348,0.19467248902476567,28.0018683804512,22.79048345473785,5.130109506952333,5.130109506952333,True,10.84459645668781,6.595697387486269,2.7142974842830334,0.04746327400844413,0.003606559749207712,0.0022768797000949463,-1,,1
1800,0.30121812338484094,0.3134010392869932,0.10896139770117118,0.027831999564171827,0.02072069641761503,0.22786674364520787,37.55131276399108,43.61895134708091,2.489559925832383,2.489559925832383,True,72.94964197801427,7.190672874824241,0.407730540565602,0.0439590456688322,-0.015365100976457399,-0.02046597605981519,-1,,0
1801,0.15563517527168777,0.41936687956083246,0.18123880196243564,0.2333689813797523,0.0010074904943351117,0.009382671330956622,38.343401191588036,34.5435072722088,5.007935010640142,5.007935010640142,True,25.96043938243205,6.647318476238563,2.8257993272664796,0.03868573010856407,0.09663604938170398,-0.00015266142387404882,-1,,1
1802,0.3318107507825272,0.39630333478580637,0.0719542644379638,0.07297306434094382,0.058440196529200024,0.06851838912355888,37.86435338392051,16.545468433222915,4.916629370135789,4.916629370135789,True,26.670739547148834,6.645098612819243,2.3399334534865073,0.0396571795696787,0.030932405583478054,-0.009129731870837356,-1,,1
1803,0.2832239236015456,0.013265429782749225,0.05947094055858437,0.41107338220296163,0.15937469637698,0.0735916274771791,36.23880055765697,41.56781615106991,2.0756807175070033,2.0756807175070033,True,70.5697006295781,7.319215601655959,0.6931333470759786,0.053960534492984547,-0.013996414588315263,-0.003546581908166041,-1,,0
1804,0.37748776489982805,0.33137076618024863,0.029611526281883602,0.03839717507845023,0.04042363912399423,0.18270912843559528,32.70239289572699,24.129363533108858,3.140834090875515,3.140834090875515,True,65.06180674016156,7.311744848132832,0.8822853752898759,0.03771303979145179,0.011078322544007948,0.01545699813698566,-1,,0
1805,0.35555664276889737,0.14788540700305455,0.0860591877992775,0.23155834579743415,0.0001068798945654338,0.17883353673677108,41.823641576583185,16.96182686712097,2.0204546209511722,2.0204546209511722,True,76.7813177661552,7.188511877592856,0.45366724147198606,0.0558988727795006,0.02545217369536685,0.003075639637253518,-1,,0
1806,0.16602377492367812,0.5305565375044445,0.0627161393987938,0.05740831875276373,0.15150580113663376,0.03178942828368584,39.54260387057377,33.247080901152856,2.385573607512163,2.385573607512163,True,73.35552525909776,7.218131713964756,0.31421940165973206,0.048601812855571094,0.01076499308426405,0.008571884027467402,-1,,0
1807,0.6273810751852691,0.03303190192922277,0.02518512099677514,0.10355980045513537,0.011856578032881399,0.19898552340071624,41.90825606558844,43.51185187443113,3.573698675032036,3.573698675032036,True,142.23726610416972,7.279511063602902,1.1234693664095508,0.0573531426339492,0.04699372195421705,-0.0073428348649907296,-1,,0
1808,0.2523436942320221,0.09657473253150996,0.1877165905790262,0.12060060970542703,0.24545127736948083,0.09731309558253382,38.28711545187266,37.669798355556225,1.7554619272936147,1.7554619272936147,True,46.320208137833575,7.308955410451213,0.36977566854177313,0.04146506667929902,-0.023954664817741132,0.002708390340119211,-1,,0
1809,0.3871671547123373,0.1387054198395798,0.1737202212909521,0.21817900155066713,0.002392882268083198,0.0798353203383805,36.47677270141547,37.82067972047187,2.6266869191070485,2.6266869191070485,True,67.84845195729616,7.166187772662157,0.790726462868518,0.04223956318509655,-0.006747145189227899,-0.012118817761092826,-1,,0
1810,0.73115611105168,0.1317324488588293,0.05301301266579655,0.027529166308026654,0.035750666722336316,0.02081859439333132,37.07234552168456,13.309027644557135,1.1749536315356843,1.1749536315356843,True,23.677400258042724,7.065632696730711,0.30381396720892095,0.04324299931565235,-0.016892538031603458,0.003713536992179287,-1,,0
1811,0.5277340726187165,0.009263144665844505,0.23851167437881457,0.19594650534653957,0.0033083078456019196,0.02523629514448298,41.9817016695974,32.83568411704147,4.8718086769733375,4.8718086769733375,True,43.29057539129903,6.567684290550042,2.733089267841853,0.06411826311865909,-0.024571645075239033,0.006790729447021589,-1,,1
1812,0.11601185248230783,0.1886153497000756,0.29099564966633035,0.11877353866142015,0.00961590877563076,0.2759877007142353,35.02596809957111,37.86906849635442,2.6599422404414415,2.6599422404414415,True,70.5290634595161,7.125001886891973,0.5192500607475996,0.03774311478504958,-0.02546131284849648,0.011702057591957063,-1,,0
1813,0.5190923502333409,0.1384023430607649,0.20051885992407148,0.07763652851175058,0.0037503683566345184,0.060599549913437786,36.27083653108032,22.557580772915905,1.0468694087214825,1.0468694087214825,True,24.60237403992297,7.222325069375289,0.38244277610923816,0.04461096768772811,0.026021292704595387,-0.004473807246797887,-1,,0
1814,0.2475495630990527,0.050955530851666785,0.5742990519646097,0.02919126425445344,0.015386718993046061,0.08261787083717116,40.9289400701698,32.286665403691046,5.647419285554554,5.647419285554554,True,6.346245707202539,6.3987598436515425,3.1763159634335065,0.04447202326355398,0.04647625059145672,0.013616217403263823,-1,,2
1815,0.11133371992921713,0.22322823170121944,0.36170101437853563,0.054642626777867666,0.17202904797960053,0.07706535923355955,40.62811253443051,22.399129688079768,2.3939246946841592,2.3939246946841592,True,87.0122501270561,7.226119093265023,0.3780912953112763,0.04450707613493494,0.08307615496665618,-0.0006713022216154373,-1,,0
1816,0.1123022659410577,0.2905615121122201,0.1419559220177658,0.21993046577760236,0.006777345281139408,0.22847248887021462,31.971035145898313,26.0584143933349,4.418112117708964,4.418112117708964,True,55.8152312884285,6.731858921722449,2.1060665626218906,0.05751560643577883,-0.022117663597349124,-0.009648417253104474,-1,,1
1817,0.37516980727105115,0.2892831670672011,0.09551745081691874,0.2277222968834604,0.01227797464021226,2.9303321156285705e-05,33.68894747154408,23.133952620786665,2.882228221681629,2.882228221681629,True,63.436487432533625,7.19287151767552,0.831243895708776,0.04138842846550783,-0.016003321239976463,0.011290509740251573,-1,,0
1818,0.2676376838960493,0.23197783537293334,0.22226875128502302,0.0051266272941143795,0.2148869683733111,0.058102133778568835,29.80355414612842,43.429819544899885,0.8081851761322206,0.8081851761322206,True,12.86397179992801,7.280444157992938,0.27166602585337607,0.032290312506073574,-0.02606502646497122,0.004822885448413041,-1,,0
1819,0.07046134937886621,0.19271039118152908,0.3259208425815214,0.3520699208693288,0.0017962260183357484,0.05704126997041877,28.265538113065244,29.93948808273991,5.117498194851363,5.117498194851363,True,12.158600978230703,6.579509177993918,3.1974776517760195,0.04203480314352399,0.02455453513492345,-0.012519930112024976,-1,,2
1820,0.19992549475198407,0.060088555023011664,0.021432636914545434,0.1390115983538893,0.09016721229473046,0.4893745026618391,31.24181031638951,16.854415939685264,1.5577640851425443,1.5577640851425443,True,30.838869600214732,7.257281138355937,0.33808176553073144,0.04691114354933166,0.012663816235548526,-0.001195205737253673,-1,,0
1821,0.28973733992962997,0.24150906564076594,0.24607838181514408,0.01737367016675462,0.10878930851522735,0.09651223393247817,32.757680136642314,29.277434385422545,4.387849333853139,4.387849333853139,True,52.8540110970779,6.686529081233894,1.7109617086499709,0.03188405570764724,0.06745461211071073,-0.013992326749470072,-1,,1
1822,0.5286695309377365,0.03356548949712105,0.09902576099626646,0.12616935733762116,0.09046874471588577,0.12210111651536906,36.27237043638047,44.32970877314887,4.1262903936459265,4.1262903936459265,True,83.58617164379692,6.995961227687325,1.684249616014223,0.04296621104807995,0.020108977395378952,-0.0020148705480136373,-1,,1
1823,0.33578119095193404,0.21278685061102212,0.059080573771746886,0.27583910234557824,0.09595146648645464,0.020560815833264075,32.71190262580795,36.67287058656845,4.386465490427997,4.386465490427997,True,56.103508600342266,6.886307656040263,2.2826280000638466,0.045677503587720346,0.021685854176147802,-0.021187586310342194,-1,,1
1824,0.28655186491492096,0.13749856466423402,0.18307344165215642,0.13309211464048032,0.2513684382831274,0.008415575845080979,34.6799035165285,28.215114652557542,4.486222164232254,4.486222164232254,True,58.34122888728129,6.952970071601554,2.0186929095418895,0.04265471808746328,-0.007028127502069851,-0.012511059826747923,-1,,1
1825,0.0401483551521995,0.17773768312922825,0.27351847371813726,0.3799441179276518,0.12053825805040133,0.008113112022381854,32.26406898663548,37.444359805836896,1.3999074708479196,1.3999074708479196,True,32.051955609782894,7.134004512132357,0.5331721537820748,0.03667158481437738,0.04739525541201674,-0.00714619469323301,-1,,0
1826,0.4244442051991597,0.14408343584682365,0.12436937934650985,0.001638008670434168,0.24342477026028944,0.062040200676783355,40.18507403248458,25.125086220198853,4.082317168049844,4.082317168049844,True,112.81178720961012,6.889651821179487,1.4519012938793614,0.05872413185593216,0.0025744125801399325,0.00574998746779613,-1,,0
1827,0.38701225233228004,0.44474523386120896,0.036409788324506955,0.12515007758945815,0.003988837688533777,0.002693810204012157,34.27111885978966,26.58574398658125,5.290740751276695,5.290740751276695,True,9.488764120352643,6.466308320777346,3.0745455484862387,0.0523146074295901,0.0013013461994131233,-0.007792288707236696,-1,,2
1828,0.22350053813411508,0.09753177532867947,0.22508001024544028,0.4222338090700509,1.7582990880924657e-05,0.03163628423083329,36.59078414332118,36.25899963139357,3.8717289136717357,3.8717289136717357,True,127.25021172570165,7.112996627104405,2.0040093888137367,0.05070022563143954,-0.014586393537613337,-0.0031161020270352863,-1,,1
1829,0.18752165674353036,0.3685974109526344,0.3628727965790597,0.06101223726919349,0.011669510049339275,0.00832638840624285,29.260956649948827,22.03055931879643,4.362438252974446,4.362438252974446,True,34.58958118932702,6.824656010250247,1.7999397099883918,0.038161330793624965,0.045202831423766854,0.005630794997975578,-1,,1
1830,0.3981321634732941,0.282575462355727,0.036665034117828156,0.05705101514460294,0.06371136501228304,0.1618649598962649,41.59547595233292,32.82837305638,1.1343270200557871,1.1343270200557871,True,43.08466498639328,7.246240592632242,0.4665623652323261,0.049711183386234314,0.006615489111497073,0.004780175753180044,-1,,0
1831,0.13747410021736847,0.010117400443910947,0.5061974826984177,0.15099225285201273,0.006515676759844775,0.18870308702844543,39.688415720780384,36.17297490761639,3.201850489838728,3.201850489838728,True,112.96815235837752,7.283511279974265,0.8924455706344954,0.04570754624248133,0.033268623567922415,0.007097804083375876,-1,,0
1832,0.27917129677320585,0.0273342171701208,0.023178597226665973,0.5047560441929854,0.1367366623715641,0.028823182265458082,29.87890492891243,18.09252807272548,4.569578154753413,4.569578154753413,True,37.93328214551292,6.889088521852313,2.8650996763349545,0.058508802466391494,0.044225716446585364,-0.02184442462585446,-1,,1
1833,0.15475611133183997,0.5483034632943372,0.17334594472166723,0.05518024213577584,0.045811241839586056,0.02260299667679379,34.23057138862509,14.341237185646683,2.0821802350069616,2.0821802350069616,True,35.19584015545597,7.044152911567975,0.4173206685200499,0.030868875232410734,0.035452326772546346,-0.0035339534647554354,-1,,0
1834,0.47424840720837924,0.07397104502327502,0.08578762498959597,0.12514215930324127,0.0994852724320732,0.14136549104343527,32.23394499757079,42.07442671970066,3.485060770395844,3.485060770395844,True,60.45288743557236,7.170080815345017,1.268433028247763,0.0409927781396119,-0.031163675159756855,-0.007584767867627402,-1,,0
1835,0.07096889822095755,0.3447895321228806,0.13518508804631946,0.2912847447169667,0.08037696384944477,0.07739477304343083,38.83878886892202,33.11386235406164,3.6701971162503098,3.6701971162503098,True,112.1807037171966,7.082447331038837,1.600929121955419,0.040592967055210254,0.06493200054977404,0.010322189096734071,-1,,1
1836,0.27990247418420616,0.10513116769334914,0.14082456969211643,0.466893142285837,0.005818234740054269,0.0014304114044371551,40.03269769081743,23.054029199226413,5.485197885168635,5.485197885168635,True,9.898721058629318,6.30228005155377,3.880263480429985,0.05194149898144467,0.03831857943095151,-0.003322592431980377,-1,,2
1837,0.18010506277695848,0.0678625844987148,0.27008677402426273,0.3431117668228436,0.06501391325305533,0.0738198986241651,41.92044819054137,17.34344977930577,3.445256508538346,3.445256508538346,True,144.45551885968663,7.2595493993209415,1.414199750673815,0.05157024779117786,-0.01637691106684214,0.01561230912117233,-1,,0
1838,0.34855305730605435,0.009565554858890515,0.19525381005738893,0.02328968384391309,0.21118044606502148,0.2121574478687315,35.14666998052971,33.982485328738825,4.378922641368892,4.378922641368892,True,64.40989003659601,6.934204596316863,1.8664905736012583,0.03780675468401125,0.06123385190348691,-0.016874107349422365,-1,,1
1839,0.09176400227874323,0.09902420736013318,0.30700090539989366,0.3546342759699347,0.04698308530023279,0.1005935236910625,41.545248757357825,18.065664022436287,3.223979819308463,3.223979819308463,True,131.56086211406236,7.224416206340111,1.2505442705887644,0.06212239684234202,-0.0354818136484015,-0.011290874083033623,-1,,0
1840,0.19482117941313307,9.1727196927935e-05,0.17781431124670188,0.4371119718058633,0.16934178652229562,0.0208190238150782,39.365347356902234,35.19053099567716,1.2615311559834643,1.2615311559834643,True,51.8373682556094,7.174066446431882,0.4806804695403996,0.04721244681953889,-0.042484308916067165,-0.015070445616364439,-1,,0
1841,0.25731447457928464,0.04701674839332829,0.0753623022099429,0.3352843071813543,0.002078708860768524,0.2829434587753214,33.28501815792115,32.70760424170521,1.5417828181382665,1.5417828181382665,True,31.02218975839484,7.235679398004518,0.5378278388572458,0.04690569944873222,-0.018420014268887647,-0.0009417319786329804,-1,,0
1842,0.4158455636201951,0.10980574060450334,0.10085809847774564,0.036382114144568226,1.6537357432505293e-05,0.3370919457955553,31.584380781116916,13.02533266851298,5.75327551108461,5.75327551108461,True,1.8717840318683459,6.364736849666785,3.2349399406941224,0.04438578339387068,0.029670892410610366,-0.013641200058758641,-1,,2
1843,0.2096080897488031,0.11717486356060897,0.003801210621483236,0.08770298768403975,0.2494464830500631,0.3322663653350017,39.87367946918762,39.3025618896351,2.2490626395147952,2.2490626395147952,True,83.13287898666074,7.317981068426597,0.39149224356261175,0.05308193910099455,0.028444776556296108,-0.01596614496315301,-1,,0
1844,0.40144418947901367,0.08361526258295009,0.3181364282637281,0.0999871327914953,0.0033886405826363403,0.09342834630017657,32.743801629936904,24.05688515327111,4.759172634051902,4.759172634051902,True,30.757838280644616,6.8168173154768485,2.276377489099673,0.04071399885503631,0.003660894932201085,0.0010663417089274109,-1,,1
1845,0.21208643732190297,0.0004320169877362788,0.1584220936128173,0.30225044333561984,0.10845018176832465,0.21835882697359874,28.390574057354172,32.411517609349424,1.5128399467466531,1.5128399467466531,True,26.576703729224416,7.10429610910874,0.5137415957562521,0.042902644407529195,0.018284317136491066,0.001852926884111042,-1,,0
1846,0.41839992471267645,0.10054093144449971,0.003153461111952813,0.014717391408475064,0.10158052707216156,0.3616077642502344,39.01522482825797,34.68306547495637,1.2008764137973813,1.2008764137973813,True,42.53213153194147,7.2427591825657,0.39563439047276616,0.05292391557900266,0.035925842211762364,0.0066524069871911565,-1,,0
1847,0.14059142633149901,0.11492593118812075,0.19842511098966553,0.0203513156212126,0.014240190459293775,0.5114660254102085,32.6533520491386,14.192191066203474,3.4393007902937827,3.4393007902937827,True,66.92088067045546,7.075737424172171,0.8729433566288151,0.044844136234884514,0.02179714521299633,-0.004646690941659176,-1,,0
1848,0.042899492031264294,0.22221661863115907,0.0809513563960021,0.40373714731575405,0.05804437521386153,0.19215101041195898,32.633922106887596,21.58882459425505,3.724899244278329,3.724899244278329,True,83.42777191704616,7.054491622206202,1.8110621681143424,0.05940153080281388,-0.027106948175756363,-0.021991442431225562,-1,,1
1849,0.25894716739603574,0.060546522034161436,0.0749335642771145,0.2910690757988165,0.0008406659019677132,0.31366300459190394,36.897179879622804,22.870207501805194,2.013913596651978,2.013913596651978,True,57.54300612624598,7.217570788879055,0.5088456820856193,0.04905973724340104,0.013833801641772881,0.000827340555267559,-1,,0
1850,0.5249965083003717,0.29980185283947425,0.01544281280374928,0.12044536640591015,0.02480994860081456,0.014503511049680203,35.86872148316015,35.395675491953895,1.9651052267607145,1.9651052267607145,True,45.819867111667584,7.180117527910811,0.3796245021707938,0.0477140398158055,-0.05747465803095119,-0.004745855570368336,-1,,0
1851,0.36958073620549575,0.21173855050093285,0.15378763574760798,0.08323343674877215,0.030010808445188927,0.1516488323520023,29.918350396134656,15.87895704234107,3.0935539208949816,3.0935539208949816,True,51.25885895577761,7.195972171073575,0.7296011193952621,0.041743335299928463,0.018525999913272855,-0.003978386157318846,-1,,0
1852,0.29823050635490167,0.3268691976652109,0.3299419477108746,0.03562700397940736,0.0080290888899891,0.0013022553996163027,33.049423280252945,41.22825626324241,2.4037791342216406,2.4037791342216406,True,43.85601355058026,7.15918351935565,0.3307521022689464,0.030509405009262438,-0.03770385119058533,0.008516123986928689,-1,,0
1853,0.2176715583081581,0.030060766349900694,0.15534684530907736,0.3715782690482228,0.015991336668012862,0.2093512243166283,30.36772889080483,42.347218725861055,5.0039823246508215,5.0039823246508215,True,19.777858038677728,6.502691741971099,3.1405812794137087,0.05924759872937026,0.022644760280401945,0.0044307000087661615,-1,,2
1854,0.5480007546740595,0.009532556637985806,0.09381485853818591,0.09178427448380796,0.12492219947381933,0.1319453561921417,37.692738204222266,34.73100934186792,3.6614184813540644,3.6614184813540644,True,94.32602514735865,7.205312191991797,1.1719313528471857,0.05050850878813733,0.055557469685770786,-0.008606240215557077,-1,,0
1855,0.18373081683742362,0.5182790050794264,0.058934345256572436,0.16623270296713014,0.04950443814419316,0.02331869171525432,35.37766662120884,34.05986305253516,5.986307268185118,5.986307268185118,True,1.7347273891614519,6.252468789595993,3.9114373417385853,0.03408683884750805,0.03207935341577493,-0.015588246948951558,-1,,2
1856,0.5423964449085465,0.17127742846572638,0.15811165051120832,0.049254570281626484,0.07871636141966389,0.00024354441322844056,39.71743391350178,42.75709097605504,1.935720729237178,1.935720729237178,True,60.54972212365964,7.215957479329865,0.4358335693721012,0.043563779866459706,0.0004091210470026853,0.0033757037594572856,-1,,0
1857,0.48830738636199855,0.35012177836812525,0.11194941775856102,0.0452179250051946,0.0002015918302172214,0.004201900675903281,29.514587163195653,27.776049567861307,0.807415934423573,0.807415934423573,True,11.777467572752917,7.162753571025883,0.37046930317079674,0.031730087723445696,0.011743759045854068,0.0007684636265266886,-1,,0
1858,0.34604865395835627,0.0462096626818174,0.3317625082088079,0.027540195292292347,0.2402354447798308,0.008203535078895218,32.127052186680054,36.05912399403664,1.7420715335379937,1.7420715335379937,True,30.253078827876568,7.277524654941435,0.39130247646757843,0.06460155538299485,0.02015717211168695,0.001689774916024718,-1,,0
1859,0.445216262891415,0.009139035944218887,0.3077962781609763,0.13879060109437003,0.05723400137994456,0.04182382052907515,41.803989166161585,28.805138620705122,1.307460559240748,1.307460559240748,True,52.08991808069045,7.138710154024378,0.3778655019825518,0.05225805530527848,-0.028393688517652296,-0.01210815164639648,-1,,0
1860,0.07145105837806658,0.5274814191289009,0.2902568049799255,0.007706905411955969,0.010273025122763641,0.09283078697838726,37.02243062779529,14.77198397046928,5.685977876539386,5.685977876539386,True,3.803711405648246,6.32263471857226,3.0610028444841655,0.03167326619876403,0.015700103660497296,0.004594499273628559,-1,,2
1861,0.6630819941846243,0.10950308746171031,0.06401672336229525,0.07563404833910606,0.0002788702901457925,0.0874852763621183,39.573896503630266,23.449616944687925,1.9149008819074111,1.9149008819074111,True,59.8521040925424,7.116361010801964,0.3657502682800885,0.053392615007532444,0.07111447605764508,0.002605919116373595,-1,,0
1862,0.31814858782046185,0.04081297394052682,0.20109984897395614,0.21510194158457652,0.0004241682913481262,0.22441247938913053,41.866047815816955,25.371049698859274,2.5638686790724434,2.5638686790724434,True,107.33023247306059,7.177214103203984,0.5208542885707804,0.05670836331077782,-0.01575981194113648,0.010442938827599486,-1,,0
1863,0.16395288909594588,0.022036929950077788,0.10592760469079311,0.3602070201959856,0.00010878872479202318,0.34776676734240564,37.647891320895255,15.622555727679803,1.3378550826563154,1.3378550826563154,True,42.34017194369022,7.381062164790477,0.45623831666660164,0.05734937948532428,0.017332649548560414,0.004724230627961214,-1,,0
1864,0.34396160268930004,0.28397755632908994,0.10852306823883773,0.03459269842930639,0.06303787668098475,0.16590719763248102,36.033554123140036,18.77209944416401,3.264861210012281,3.264861210012281,True,72.4897881011248,7.287319472775699,0.9347062915897839,0.03987403934106218,0.012477427447068604,-0.015645364580534175,-1,,0
1865,0.05497249352259571,0.06815219688948887,0.23752042547453606,0.06367361859877743,0.062450443786542645,0.5132308217280593,40.22201130001615,24.268164831406835,5.632554640158412,5.632554640158412,True,6.381269120108922,6.409681817075687,3.237478594359441,0.05607441474053597,0.00418480672814156,-0.024874306413508865,-1,,2
1866,0.3517867378222502,0.08754483011853327,0.13307626752570648,0.024828532333505255,0.32700622144295866,0.07575741075704619,41.41253430362292,27.626700046942894,3.2195806554566504,3.2195806554566504,True,109.46039690907632,7.131160117024981,0.7710754027059845,0.04942152971260215,-0.003920965162609426,-0.0026155722821235208,-1,,0
1867,0.2850690278700666,0.3882212197310257,0.16729954484186385,0.06215139550696279,0.01430046168033655,0.08295835036974462,30.32983596481637,37.857821459268635,4.527851640976742,4.527851640976742,True,35.72330355669208,6.735562079379347,1.9385353543497033,0.039756351279240924,-0.009869937927204597,-0.011517714529350085,-1,,1
1868,0.1622370367707044,0.23528920305995313,0.4053525093758338,0.11615533449554942,0.011918719355525763,0.06904719694243361,35.553128794012515,23.008733962903072,5.229782784295866,5.229782784295866,True,12.889921996008777,6.453769514471302,2.784163858033082,0.033945421115390055,0.04117493378845341,-0.008746232469718715,-1,,2
1869,0.5405498724530362,0.06488298680237346,0.11244515649627633,0.22347380642245737,0.02431004602554115,0.03433813180031546,37.352833955329636,18.12728913065297,2.5640551880026017,2.5640551880026017,True,68.84830208313711,7.323892936724254,0.567918732785849,0.049732912407794615,-0.024836440322346196,0.0022302565882575042,-1,,0
1870,0.14116892479953175,0.2611766696805875,0.0933819735237117,0.1109704939628223,0.014838096074555603,0.37846384195879135,38.585133601714475,15.461596633988401,1.401713924116918,1.401713924116918,True,39.173566455963595,7.124010840293967,0.3195381722638433,0.05595303542685221,-0.03421921918759586,0.004906463381872163,-1,,0
1871,0.2783887678104357,0.27555315769450406,0.00024694436325781296,0.13562129250229815,0.261306767160503,0.04888307046900139,37.54950282688411,28.828477976667575,5.317381667708381,5.317381667708381,True,11.169133087937587,6.322434112227904,3.0726042415485533,0.06593150049244541,0.01908123984543472,-0.009701780874569833,-1,,2
1872,0.5171798911706865,0.057986441439031644,0.2976721332082089,0.06964156373398302,0.0391115097466773,0.01840846070141262,29.75632049392322,21.163130292646073,3.2778787999896384,3.2778787999896384,True,50.764963007855165,7.111151609217423,0.8033918104136704,0.033123203532079454,-0.006788675470752504,0.008702017200044524,-1,,0
1873,0.4284764828836507,0.34049106040785126,0.09700686290769218,0.003269665675383749,0.01605789112049679,0.11469803700492515,38.7565808946367,28.5861943246114,5.7952614337551775,5.7952614337551775,True,3.2374244454576817,6.361061387384002,3.2087767948894803,0.04381399481026436,0.010517287493768526,-0.007809179428900035,-1,,2
1874,0.08447725422847506,0.20464297873573845,0.28222316253868257,0.05128349265775788,0.24673767685633577,0.13063543498301017,29.138676611427396,26.449114944468292,4.195796829923644,4.195796829923644,True,55.40141911744642,7.023121013367487,1.6895104434303454,0.034593936572149965,-0.017153910060497338,-0.0033313121122026364,-1,,1
1875,0.18031815837436557,0.0992368960942919,0.20935396554497038,0.15028600611966683,8.651546639119495e-05,0.36071845840031413,28.322424104765158,15.976935148748375,1.0750709624335977,1.0750709624335977,True,17.047927387825812,7.245894689960009,0.3933806789621495,0.05181906335206728,-0.019010688525389573,-0.004180786460029045,-1,,0
1876,0.19417217843962212,0.05860061890903597,0.2415564511046521,0.4340008366384977,0.053647589207491464,0.0180223257007005,28.437602236300055,36.958122696997656,1.3356005468021248,1.3356005468021248,True,25.49996666732054,7.129984922710997,0.4825427880236303,0.04841134388146341,-0.016125756820823185,0.016512911996795353,-1,,0
1877,0.3384435249531671,0.017611418749987003,0.4885787414162783,0.06880504919087108,0.05840007457993724,0.02816119110975952,37.09785097268923,21.602034797014905,1.378291217747586,1.378291217747586,True,30.573296151555375,7.2340517776927635,0.2993976762395876,0.03635387729626288,0.02368810104347749,-0.015010613035847059,-1,,0
1878,0.24845694396514256,0.012083650366828904,0.013372851428753305,0.46472947199413744,0.014935885107749482,0.2464211971373883,39.72922917024772,43.14426987194979,3.9668330186427534,3.9668330186427534,True,142.51405344359458,6.915146372017354,2.127957301566635,0.06654233503669624,0.0261978227635732,-0.016343962154170402,-1,,1
1879,0.40041988916925564,0.20519067822960355,0.11490022440265768,0.1136483029443318,0.03301239647910759,0.1328285087750439,37.700073648436906,28.099296694264176,5.263721413526324,5.263721413526324,True,13.771921917739862,6.5988062515816805,2.8250498622257263,0.047819579961647166,0.03612460043261824,-0.0226137632287488,-1,,1
1880,0.20417806234926053,0.30735270843566953,0.12013311265582062,0.2788136004057945,0.04174056991773691,0.047781946235717694,41.6446672913361,37.2965940734031,3.273538713495748,3.273538713495748,True,119.22014690418796,7.194594231351949,1.1563857272932947,0.048803787546128956,-0.005403117760414716,-0.02379691184865404,-1,,0
1881,0.31296644999150836,0.2608215832840727,0.028160661694581788,0.17025740560584143,0.008261212997819381,0.21953268642617657,33.530891793935034,24.262671979738855,2.4292043385221858,2.4292043385221858,True,51.52231974689741,7.329450495648134,0.42967700969365247,0.04728858231582422,-0.02495080257644847,-0.004973758222042903,-1,,0
1882,0.25269960659386664,0.10436818541125957,0.17567523348422764,0.014441747432864681,0.05486875948070793,0.39794646759707347,33.69426562366494,42.47336546989214,2.797078917925734,2.797078917925734,True,60.630801323784524,7.306647284330655,0.62045334028507,0.048181862094141124,-0.003253947990272796,0.013691764528089923,-1,,0
1883,0.23430346762685306,0.08663745556153572,0.19780074445800722,0.2171105868868638,0.20420513424958242,0.059942611217157854,37.59045839708941,33.843770493731824,3.9829549253235434,3.9829549253235434,True,105.98962398856492,7.1057683494339345,1.6749540476697378,0.04980899460938688,0.0007131951939860614,0.003011529957565141,-1,,1
1884,0.32018200884362197,0.030133354415110426,0.17676698296664603,0.10812991110152254,0.11310507903428604,0.25168266363881303,28.997429797900377,44.09946838619093,5.90343135506542,5.90343135506542,True,1.2975821298904628,6.259934838107563,3.6388073976393285,0.04335785193232577,0.025790361142406536,0.0014020331494583819,-1,,2
1885,0.1011365494005348,0.04231859579390035,0.135364435086534,0.29637493645569835,0.03069805588979624,0.3941074273735363,31.91670137971203,12.741824948823092,2.554081545145814,2.554081545145814,True,44.836817028166294,7.105955748584382,0.5929932852662605,0.04708562824157212,0.015301792494816323,-0.015962211256886908,-1,,0
1886,0.34423102981763937,0.06587510182937867,0.05480047554669116,0.032919726054098326,0.1334555383240841,0.36871812842810847,37.280729653938,33.43088668110909,4.107630166436031,4.107630166436031,True,87.30286096239134,6.980576829740882,1.543384679813487,0.054879503291860934,-0.026321413095643197,-0.014139308063837553,-1,,1
1887,0.24166965205312785,0.3933767370169745,0.268750864935763,0.03606462727560248,0.011513133885367666,0.04862498483316434,33.73332984228129,20.946122929703836,5.473373726853904,5.473373726853904,True,4.675038092013787,6.311955758730905,2.858785958988483,0.03463075403234331,0.019838646794097924,-0.00848414935171932,-1,,2
1888,0.43975051417853567,0.10807265863336606,0.20705045441256367,0.05584933732851726,0.07900957173865639,0.110267463708361,30.59996646135639,22.09116439140673,1.4706112034721182,1.4706112034721182,True,21.194422259426428,7.2753573099074496,0.5503287111496789,0.03513442671306037,-0.033319120364896926,-0.008048502474520207,-1,,0
1889,0.3797694863888029,0.2595849057653399,0.19006810215285966,0.0511905426596294,0.06612611278403921,0.053260850249328986,28.519547941127964,39.77585326791382,3.902494739345049,3.902494739345049,True,52.410340038184465,7.0956509840146795,1.333308770274935,0.03291104981613676,0.005726535038873217,0.00367783904582345,-1,,0
1890,0.5509554659010462,0.18179051869970336,0.05232151946389431,0.08032472576199359,0.0034298358013277234,0.1311779343720347,30.126220759500285,19.510913481033096,2.213577207899366,2.213577207899366,True,27.62752062624805,7.0992373873500645,0.3545177221346248,0.04319764845096266,-0.05519359870843366,-0.006944473555939364,-1,,0
1891,0.3745251636218426,0.19888962540403363,0.08368166434177839,0.29886061364154176,0.01621837132991154,0.02782456166089205,30.06236031128024,28.91478300379376,4.845512079594358,4.845512079594358,True,23.65103690951452,6.7153706398956166,2.9366932895283715,0.03884651894351287,0.05399032645867277,0.008865600763694977,-1,,1
1892,0.33066611985938654,0.18549535503907416,0.04489929453066339,0.3251430546078446,0.10843882482068033,0.005357351142351046,34.75592782805995,26.690165675146513,1.2116221882985545,1.2116221882985545,True,29.4669429232849,7.068100599233426,0.44368507357547754,0.04548139993857759,0.010667330729073872,-0.005645105100314413,-1,,0
1893,0.3716311053767981,0.19521641840462053,0.3702637488752645,0.010561960739044043,0.047229338883443335,0.005097427720829748,31.86814858203524,43.92349538199151,0.8684743464020235,0.8684743464020235,True,15.508205987626566,7.200156092904521,0.28474877747246913,0.031708642542407954,0.04184066184731642,-0.002718001966427858,-1,,0
1894,0.305050401835738,0.06701917662076112,0.13681221642190278,0.13700928495596912,0.14546197567696673,0.20864694448866225,28.74047871870025,15.892412384187981,3.089732798231653,3.089732798231653,True,36.91094868569623,7.177869797440266,0.8559586273813455,0.040354261484986005,-0.008936950202225555,-0.005916851336565125,-1,,0
1895,0.4079451779786905,0.1808553118557616,0.04722724792409971,0.04697588622106672,0.004660985011164046,0.3123353910092175,29.918174461513598,42.17437252188371,3.6418629278568053,3.6418629278568053,True,58.173227722494524,7.0561013650800435,1.1374843929582015,0.04756492045260921,0.04159117794295522,0.0012739724814423213,-1,,0
1896,0.1288817656795992,0.36376729606799074,0.29050510302787647,0.053693132548081494,0.026740995724885534,0.1364117069515664,38.0927411845856,32.89104119405387,5.118756548736559,5.118756548736559,True,20.46479887905881,6.584237708812315,2.6375592814629,0.04062971488857453,0.037604755749275035,-0.0034518016849827233,-1,,1
1897,0.4356764642747839,0.12032439965299359,0.02215008015277423,0.12968164114139616,0.02792955374295396,0.26423786103509805,32.27849942518359,36.49502239386459,2.4837456697347378,2.4837456697347378,True,46.42270890758692,7.131099400132422,0.4646780359011152,0.04849992237336379,0.0334676079760764,-0.011522071790543618,-1,,0
1898,0.04172016448979912,0.6529692743216373,0.20320468053122806,0.00661052038432913,0.018117110785633647,0.07737824948737286,35.84910411740151,24.036348058301712,3.18866757169856,3.18866757169856,True,67.65410916272828,7.159003897212475,0.6876002127572375,0.026555584522918996,0.014453147529873075,0.0036399134790294353,-1,,0
1899,0.30811573807353076,0.20198010325883647,0.00862968593388032,0.0847966851934882,0.0010914349383217537,0.3953863526019424,39.709519049199436,24.001984799819738,3.552253335270393,3.552253335270393,True,98.31740390737866,7.244589933002775,1.142378184758454,0.058127263893936826,-0.023908242311727525,0.01746918384958733,-1,,0
1900,0.4225535243883453,0.06501450114229039,0.006891551875334486,0.4615278508748937,0.02016296724558852,0.023849604473547645,37.257512796779466,21.416480553293614,2.5361714730680696,2.5361714730680696,True,68.40917361900924,7.162656454718017,0.9898784777295185,0.053103843043008664,0.04839022246644413,-0.0011953072812214368,-1,,0
1901,0.4301860719029815,0.21734210356290373,0.04921393412554973,0.021134551376787714,0.22113641042144985,0.06098692861032752,28.980849848051797,41.83382231494707,3.7856015453294907,3.7856015453294907,True,48.407860043610235,7.184527412635403,1.2470500328778744,0.03410214476861105,-0.0007373397392561893,-0.009278791193292921,-1,,0
1902,0.5735245220644921,0.07816775848647911,0.07886073058348533,0.2314486344578474,0.02975468977418457,0.008243664633511363,39.647810275881326,33.09493154985573,5.629310349367883,5.629310349367883,True,8.073356201164968,6.343893506118584,3.569314342687019,0.060413112350302806,0.023078416594995918,-0.022230090896644364,-1,,2
1903,0.21689108307412414,0.07410252069676182,0.6314157574406233,0.03220364535887457,0.006931302772077689,0.03845569065753855,35.1693730203379,35.94994219153817,3.6987036840113428,3.6987036840113428,True,82.3874129002005,7.068451473648475,1.1644357833151775,0.028030820313194132,-0.00891985139419747,-0.0020920617457079018,-1,,0
1904,0.3134892730959695,0.022488677949636753,0.2955451621952578,0.23430743119345787,0.06358592501719636,0.07058353054848165,32.37534638875529,29.97017710780187,5.178865215942588,5.178865215942588,True,13.59201647722387,6.423394821163441,3.058252544375708,0.0385840315823798,-0.002588267723718219,-0.0014594283859405291,-1,,2
1905,0.1942229607314018,0.4065476742507861,0.1557660083899237,0.14368783390849327,0.0002729949244963808,0.09950252779489882,34.00396403707851,35.670081585777645,5.798465243953013,5.798465243953013,True,2.3595794842911797,6.207093010745912,3.5092789338769723,0.03907558447324049,-0.026362909768315054,0.002563686269600029,-1,,2
1906,0.41819715260506785,0.5256141258586458,0.0017578399191144122,0.015832034796689157,0.030312225878356754,0.008286620942126288,33.7025878098884,43.391206804854505,4.845677020042916,4.845677020042916,True,27.764821584379575,6.559086163324329,2.5191029573928096,0.03000224270605151,0.020103300863714643,-0.011544521990898128,-1,,1
1907,0.4203158514584972,0.05441420696772031,0.10341135258497243,0.29566501997721695,0.009136468831196351,0.11705710018039674,33.64458777829908,34.73983486916312,1.2081797671254553,1.2081797671254553,True,27.7151759864602,7.3144840132093805,0.46156811418551685,0.041338384868552194,0.01257014081264343,0.00909081703728321,-1,,0
1908,0.13090629712988813,0.4524239933548292,0.13421899998178624,0.1740043954999699,0.014291154453577433,0.09415515957994904,36.85874901298223,19.532316703591363,2.4343142577440204,2.4343142577440204,True,59.356221300525725,7.304407349408521,0.4985739629993392,0.03681008344665067,0.02315362088636247,-0.0022419085859261647,-1,,0
1909,0.3135239198969868,0.3404540096040469,0.20494547508000988,0.11271227193527616,0.007550933965127125,0.020813389518553202,31.914328796347647,18.1138369498492,2.3088936186924247,2.3088936186924247,True,42.73852930493444,7.246652898970906,0.4317005961665013,0.03317332639008818,-0.029223057921325835,-0.0017072336701067393,-1,,0
1910,0.15118490618671318,0.10472830962603713,0.33456598290048634,0.131153753102299,0.14160141621777367,0.13676563196669067,28.98232475933898,43.2279136953633,2.6670707625221524,2.6670707625221524,True,49.46888784945054,7.147616856724817,0.5524221427803809,0.0378520205330388,-0.00833145328768451,0.01612416507037574,-1,,0
1911,0.7309708765831225,0.11475971458056891,0.04618889385358443,0.040200916167872254,0.0511645763695041,0.016715022445347838,29.61010162403997,28.053114044659655,2.613356834290404,2.613356834290404,True,35.4995268110249,7.141759097228473,0.36068616803684406,0.04523544777424876,-0.04180176904850638,0.0003191842413126154,-1,,0
1912,0.17170498912470009,0.06902193917713763,0.161247717269828,0.10897068113765591,0.043869497272094465,0.445185176018584,41.79932747099642,41.07279842142296,4.444115439171119,4.444115439171119,True,91.45322845708091,6.676561498171895,2.069726681194986,0.05706777077083215,-0.009024706131607172,0.009952569852486286,-1,,1
1913,0.19219535368542912,0.07026517280516184,0.14689779146246304,0.5474626599679749,0.035134045455531476,0.008044976623439807,31.01472667849972,21.387005899125604,0.8248222733903929,0.8248222733903929,True,17.603038740015982,7.317325511970522,0.512305609655762,0.03840971511236909,0.034463922921068396,-0.00988084332418165,-1,,0
1914,0.2704147388470395,0.3613941514995798,0.08329831758165435,0.04036552136582133,0.043216222066109325,0.20131104863979554,38.18946380411117,23.52120052296246,3.0630895413087513,3.0630895413087513,True,85.73150654442182,7.193606239568811,0.8052558570338959,0.04161056740739769,-0.025957507727623726,0.019226055341800094,-1,,0
1915,0.5462189535341169,0.031130521779135497,0.19195918231098816,0.1409298918585196,0.013553182590380505,0.07620826792685942,39.98782923398907,36.940847039812475,0.9135664453430554,0.9135664453430554,True,30.503601540142057,7.268642726118944,0.3756031163656725,0.05069387215923783,-0.013547719859184227,-0.001718315380226744,-1,,0
1916,0.05574245544244139,0.42744476059758696,0.06972535492611025,0.3982043315179319,0.013179416861321977,0.03570368065460759,35.16596572846782,19.25379174508133,3.2797806172924977,3.2797806172924977,True,88.93509485492686,7.167607694280073,1.3867112716077663,0.033526610333579926,-0.037798760895784385,-0.011664634422176834,-1,,0
1917,0.20365475939798147,0.021508337685651434,0.22400236035046675,0.31638460819308567,0.10064020420341305,0.13380973016940167,37.941459260919835,20.97341776034152,3.1240007004299066,3.1240007004299066,True,90.47746705132349,7.376256910224237,1.0306514064007122,0.05203821708908232,0.00495517202305029,-0.002334927723987592,-1,,0
1918,0.530776597676123,0.28672316136274323,0.07201169968584689,0.04387742365900765,0.015500536509081285,0.05111058110719806,41.37853527529819,17.341875217002507,3.2778895325160287,3.2778895325160287,True,84.20825967100505,7.2952842823490744,0.7690527040514319,0.04710540729721415,-0.022616659746351013,0.010479061591861636,-1,,0
1919,0.19071758887483803,0.4567398572907999,0.20654325361367196,0.09249391764186421,0.05103945866697429,0.002465923911851517,30.049296533168302,43.90886862301248,2.7711827932127573,2.7711827932127573,True,41.83161427064974,7.1914233774344085,0.5874177109450085,0.02990408016328643,-0.040155263573604695,0.007872553068762602,-1,,0
1920,0.4074232405651983,0.031779460306479476,0.09219117320408962,0.17842140941135964,0.045318334052707666,0.24486638246016532,28.23276179568151,42.9940615043415,5.851672987175046,5.851672987175046,True,1.7379064262801949,6.277364055109823,3.7100199376280227,0.04900307597196602,0.005833855068387104,-0.0076938356037918685,-1,,2
1921,0.08060220722601208,0.12811638243293932,0.025870205247553287,0.1686950384120877,0.42674635678989753,0.16996980989151,29.170391574469864,23.33805699292862,2.009090093858209,2.009090093858209,True,30.960739927441896,7.1709755366295695,0.3924398486237346,0.03755844673432011,0.028863793236908634,0.006632280830782075,-1,,0
1922,0.36319950763013675,0.047170002917194344,0.19647385606103743,0.28279638181903727,0.00724606445747613,0.10311418711511805,29.39168884000479,35.573299766646926,2.4375293842220547,2.4375293842220547,True,43.98316293281929,7.188058756207867,0.5675193111970389,0.041251307226209594,-0.000501596591648924,0.008479919418390162,-1,,0
1923,0.3296805166705099,0.36323998525520623,0.23538276772260486,0.03347439184764844,0.031000574218346975,0.007221764285683444,31.105490881901655,36.08288008334424,4.994684312299475,4.994684312299475,True,15.345414903364295,6.537987647981084,2.3818126087008817,0.03159654780763937,-0.02588524227326717,0.001834701958772402,-1,,1
1924,0.46375953782660795,0.11228664914943133,0.004575018268784326,0.1498208864147099,0.17609814845239216,0.09345975988807427,38.322051757124314,40.39297800490779,2.2435748603093573,2.2435748603093573,True,75.88098419893058,7.3111065709189615,0.5199305472246089,0.05214201134894366,-0.012370215354090077,0.00290791593951315,-1,,0
1925,0.2597138957315163,0.19185761921397243,0.1619932415654772,0.18991029050748764,0.050711352813843105,0.1458136001677035,38.23760400583978,31.12101217258307,3.5003666652302927,3.5003666652302927,True,119.96265776889747,7.145927525145124,1.2568345816923572,0.04742684584589566,0.05231344183626255,0.010649429583141082,-1,,0
1926,0.45569421969622004,0.12767122673203216,0.10509289398193125,0.12343924612976945,0.05205282127120621,0.13604959218884094,36.71829992613117,30.511185566690774,2.6673862903192274,2.6673862903192274,True,76.19304175311646,7.0011647046023135,0.4762752975034381,0.04655107388151065,-0.00994761402439584,-0.0010904305284878226,-1,,0
1927,0.6861329224493561,0.1980256524050998,0.03180639257677812,0.07115345562916671,0.0006654977594939336,0.012216079180105184,33.55427152393163,24.091560151200156,5.682563972264449,5.682563972264449,True,2.918976364303171,6.34461706512135,3.4581290821178605,0.04016403292226231,0.032151284638443745,-0.02803165411795822,-1,,2
1928,0.10215526796136253,0.4570291689741817,0.1358119577818388,0.22449834862447604,0.0012298039623413418,0.07927545269579964,32.67550291647722,29.00704476242455,5.709226845010778,5.709226845010778,True,3.062547956121569,6.284750150141623,3.6062584551124384,0.03194897513329761,0.06027483511295489,-0.013493943929256293,-1,,2
1929,0.19959631373740033,0.21932803943262036,0.011793534655252477,0.24288300045666902,0.01169256514408363,0.3147065465739742,31.636999044889286,12.641322024630446,2.1022055382334353,2.1022055382334353,True,33.617278896785436,7.266327920298872,0.464484733694309,0.049181242209053046,0.032745468019897625,0.00023154316162884254,-1,,0
1930,0.437084848526409,0.0032854087549218517,0.17525626980710443,0.004587384283372325,0.12098687381377965,0.2587992148144127,34.40191554747602,42.796752273002326,3.4154862316936363,3.4154862316936363,True,76.44181551985578,7.083214946138068,0.858968529553539,0.03961215708730837,0.02182971876295984,-0.01314376885831737,-1,,0
1931,0.2576191805583651,0.07876367387847337,0.11497063190286476,0.073653778383276,0.46163099474493197,0.013361740532088913,31.22613345614501,40.310512483743715,4.005627459251059,4.005627459251059,True,62.93204250974143,7.039861139605994,1.480602763825982,0.04073360967884464,0.006633017673692837,0.004080712384791351,-1,,0
1932,0.31620976980421456,0.15190855401771014,0.017275998548669964,0.05386325280911933,0.26292099002443253,0.19782143479585365,29.517844536672662,28.2097394524301,2.5269048336601503,2.5269048336601503,True,41.84672921022072,7.257724789866043,0.34247292235944105,0.06254137833195993,-0.009141508855395726,0.010783127397198786,-1,,0
1933,0.30490013689170176,0.2901771556807057,0.214541985618424,0.11123527113434538,0.0789546588138322,0.0001907918609909583,36.03495558503387,20.401290163146868,4.235975563385276,4.235975563385276,True,69.71930663014122,6.9214659896006125,1.8370778694656629,0.03890746206418525,-0.03101806321850055,-0.006061016697574972,-1,,1
1934,0.46009822078713725,0.0833548123237609,0.02751957658224735,0.09088140958165206,1.6299842655053937e-05,0.33812968088254747,36.422203565923084,27.346455368868174,3.6144966680771136,3.6144966680771136,True,89.57555613451724,7.362883376041795,1.1541022899413773,0.04753825582331167,-0.0005372719338796938,-0.0047710104141531155,-1,,0
1935,0.34676805852213516,0.20486248695923018,0.002887260403123989,0.4127107534850904,0.017301855670217824,0.015469584960202445,39.27876344014813,13.34166055056799,4.012287252959633,4.012287252959633,True,98.14779509963468,7.043115217777012,2.2527158593279046,0.049854810359449296,0.038589089794829945,0.004247637386929796,-1,,1
1936,0.33834933209448637,0.06436646162499524,0.2554145833078579,0.16791578930432943,0.13271496584601072,0.0412388678223204,33.7464132629252,27.27538078864911,3.3415226867143266,3.3415226867143266,True,75.43409171926653,7.120102019377309,1.174930938304485,0.04347261907207534,0.024961709482589734,-0.0017116967991607358,-1,,0
1937,0.3453850705096147,0.3955960944726388,0.11503673014019758,0.10116456251038011,0.026503627260187408,0.016313915106981335,34.97922343899572,36.30225257040851,1.914704494865861,1.914704494865861,True,49.3082841577677,7.142380488575674,0.42282951890384346,0.032681898272896866,0.016768302474175732,-0.01367960871969353,-1,,0
1938,0.0841324174625988,0.033748964791003665,0.009316378061545517,0.08186868166098281,0.4134973969778625,0.37743616104600664,37.907510694079406,33.991197507395896,3.8746026542950824,3.8746026542950824,True,119.5280607191798,7.068477275612394,1.3398847785366874,0.050259541204929106,0.006512578776854272,-0.0022410604953973135,-1,,0
1939,0.421202631566655,0.06622099705108822,0.11701081048069747,0.3683206107137859,0.002562937827800083,0.02468201235997332,33.65513152393144,26.062906148531603,5.242970556098302,5.242970556098302,True,12.116924275795284,6.485731125743479,3.4234616616098488,0.03986756725265933,0.004189216237232354,-0.009579950653468047,-1,,2
1940,0.4330393252054142,0.07466024727801336,0.15144631613096815,0.05073793346822501,0.16901910538818168,0.12109707252919744,38.2684182947176,41.671033478053914,1.9740623068893275,1.9740623068893275,True,50.772219971338934,7.060407258965981,0.30911908739384936,0.04777946357849755,0.0004393194184594791,0.009639036774714387,-1,,0
1941,0.5294945527195626,0.1192906755792605,0.028774543167448718,0.05598462639906209,0.07889930236656738,0.18755629976809882,29.439642464195533,20.134092319539747,5.297829658247331,5.297829658247331,True,6.818571522368482,6.544111011492447,2.9019059371636486,0.05719719570010458,0.054348305991136034,0.00396172558553398,-1,,1
1942,0.06332575430747604,0.7740345363331308,0.10097054059798509,0.03812287479309545,0.021304277203377398,0.002242016764935245,38.26725517035536,37.72169212334141,2.7719379189864624,2.7719379189864624,True,88.78217200379741,7.253212277828889,0.4285054175602585,0.03816368804798839,-0.00046900193625410677,0.010947946527632941,-1,,0
1943,0.5873474814710349,0.2728342057440208,0.021974174131154545,0.0373670033556328,0.014563274529837328,0.06591386076831945,32.22096024908509,13.474977820692976,2.527153069384259,2.527153069384259,True,39.46435483079075,7.280849264260723,0.3885773186510828,0.036765046060960344,0.044379105481999526,-0.014428200122967994,-1,,0
1944,0.254592157094893,0.14405578284407733,0.15328882587423123,0.07899563714636836,0.31239407165504385,0.05667352538538619,34.99806993250817,12.025172558031615,0.8500436873754298,0.8500436873754298,True,16.197937445606126,7.326981523128762,0.29886099547091904,0.04178681896884961,-0.024607473978394936,-0.014000606578982541,-1,,0
1945,0.4088404798624121,0.008775080907460642,0.05878181393242359,0.4446627172207983,0.00125931916431136,0.07768058891259395,35.05975884626463,38.531337976609834,5.993936376772114,5.993936376772114,True,1.8136918950469854,6.171776437310206,4.581482622059217,0.04237985643095593,0.07818272734867505,0.00022538393288438693,-1,,2
1946,0.1134381713930834,0.1280787375446004,0.0738348412652288,0.2894376693865979,0.015536314696087395,0.3796742657144021,41.650317383203344,26.77841355817043,3.6141257707928887,3.6141257707928887,True,151.4200751890051,7.158474953071603,1.4372211699499668,0.05866870643410532,-0.05339138824558005,-0.0011536268213518754,-1,,0
1947,0.10489702165178853,0.6140928491964146,0.041920581014655914,0.07635218729672287,0.09974180186244934,0.06299555897796869,32.51416820877522,23.2011754165696,1.2710998610289903,1.2710998610289903,True,23.682976973103138,7.2635345955895785,0.32466494856414313,0.030811578281940807,-0.041471021401609125,0.003774696083623266,-1,,0
1948,0.04242647586464385,0.08597018215105978,0.019759124814588847,0.20818913703264777,0.48282350852864214,0.16083157160841755,39.96757537671719,43.981689555723925,5.307318480963253,5.307318480963253,True,17.32713499501832,6.425722847478145,3.124138903644203,0.052265107751170305,0.06491166806082463,-0.016199937649010836,-1,,2
1949,0.1394003666193135,0.13074712500109978,0.14491415140940844,0.20391738687237704,0.000948510676210929,0.38007245942159024,35.8108669160967,19.66543083752402,1.5330388587316497,1.5330388587316497,True,42.682730210152066,7.2181846730534165,0.4384802660629247,0.04738637570380584,0.016462737471805006,0.003334228833692663,-1,,0
1950,0.2552057642339764,0.11189533360142857,0.001536451414572298,0.575861364684186,0.017656563617901865,0.03784452244793489,40.70463050929058,29.799560612976776,5.4862088399005415,5.4862088399005415,True,10.699261763168222,6.440491138981399,4.167917534056076,0.060459905906176795,0.08739239046861383,-0.006975646887948569,-1,,2
1951,0.5005191686857894,0.10924789997227487,0.0005062445207638929,0.165508600054495,0.09232827541760134,0.1318898113490755,32.77621314045771,27.971716035896108,5.312681371424251,5.312681371424251,True,9.067946827347946,6.614576336175563,3.008343800725195,0.04749889726503788,0.009227370965770908,-0.01492091051878109,-1,,2
1952,0.137488212706635,0.24098084620148758,0.24180091197914375,0.24301329318826073,0.10998080443349137,0.026735931490981482,30.642440185700913,20.788726527613573,3.8276695862650616,3.8276695862650616,True,56.21172779232092,7.205440538692374,1.5429082233866651,0.03163572203160898,0.01187339514966493,-0.006808458187400523,-1,,1
1953,0.07689007223258629,0.2946377591040645,0.15829082168727696,0.228231159566647,0.01713360865306045,0.22481657875636482,30.219582067961873,21.088097425627062,4.6134866622755935,4.6134866622755935,True,32.37956450320799,6.889238929656244,2.4287743751391138,0.03652794755625624,0.009564420632725605,0.0014013121456215253,-1,,1
1954,0.1981750823695211,0.09482466097794232,0.20623127498854169,0.17292538092809628,0.004837378709716639,0.3230062220261822,39.94628266798583,37.001938219363126,2.6269487874471764,2.6269487874471764,True,93.11864253693538,7.237834632928007,0.626471098641397,0.05884523550675756,0.01099644851933449,0.023288365715253313,-1,,0
1955,0.6086577621573589,0.13428026603935406,0.032613485705033474,0.1517548111151923,0.028210996534257675,0.04448267844880355,29.132277549608677,24.906518579278742,4.320275342298813,4.320275342298813,True,42.609443576214034,6.787786758035712,1.9424785505364464,0.04589734554910542,-0.0005013602657245007,0.005109580579369733,-1,,1
1956,0.25454610114904175,0.2102279556786423,0.26258575701249853,0.1694731945051208,0.0008468159500990982,0.10232017570459752,33.44185302684423,12.653449803667113,3.6360900768230326,3.6360900768230326,True,66.81902288807072,7.26109258727318,1.3716801105059306,0.05204315110226883,0.042256059798618004,0.00525621083763415,-1,,0
1957,0.547909868845665,0.13485630754242772,0.007213762480482901,0.10812914818102369,0.05339201595376756,0.14849889699663305,32.00570991654223,34.31118604818869,1.5914654885546402,1.5914654885546402,True,31.872687996716706,7.161316308661602,0.41078650101741937,0.04170280907241946,-0.06220882780518252,0.007290240247264816,-1,,0
1958,0.47764604371519015,0.21175867545509627,0.003475938236538828,0.0662832539070849,0.00151580747342013,0.23932028121266968,36.4380173553873,37.3228152542823,4.908296160052889,4.908296160052889,True,27.014339818318827,6.6209811473168045,2.742276320432744,0.04651498049559379,0.05478199395090833,-0.003643217547856451,-1,,1
1959,0.1674099334656424,0.03156072053261706,0.08065684582886148,0.5378025999294764,0.14592747501600709,0.0366424252273956,32.315728093074,26.417832444152353,4.708903791419282,4.708903791419282,True,36.90004454615344,6.796066498193242,3.0949235039907164,0.05024186381991537,0.044449630969051995,-0.007041144532658912,-1,,2
1960,0.17674061927761944,0.03928566660189692,0.061415955500236576,0.45200814096148834,0.12968694857366123,0.1408626690850976,28.472706466421563,16.70656299275707,5.928872811181435,5.928872811181435,True,1.2336872641332326,6.15175941585903,4.444035243516956,0.04154382911773782,0.014299070047198612,-0.0037883833737965156,-1,,2
1961,0.3595326033911592,0.2394678987786344,0.2846009673575826,0.09835770198502174,9.996795279113191e-05,0.01794086053481079,39.52607890989326,37.9638317087845,4.010323122120571,4.010323122120571,True,105.63139718234149,7.017460684840418,1.490768236373035,0.040246569278860146,0.028767139637083435,-0.004476837059985602,-1,,0
1962,0.3092613919412419,0.014487498552710264,0.23227477857596776,0.0466257180548875,0.3200715103570915,0.07727910251810123,32.8953554958172,31.395854822296478,4.803757622372621,4.803757622372621,True,28.13976580719623,6.649988615879394,2.2287854567855163,0.03585813543154422,0.04082148777791293,-0.0017343941845310018,-1,,1
1963,0.32881353418559717,0.5031087461293645,0.014648918927318667,0.054026875776167965,0.07734670114310935,0.02205522383844224,30.426153947044902,34.823372242204385,2.232425406286687,2.232425406286687,True,40.74632893761445,7.0699075090345955,0.3376008196903888,0.032468039964181225,0.016072450068727626,-0.0074659140848545615,-1,,0
1964,0.15021493047851667,0.11675428582101573,0.04020715684096813,0.49880916772282674,0.018230153780612223,0.17578430535606046,36.77402267766643,29.831127854860444,1.3718253399517666,1.3718253399517666,True,45.470711969403524,7.154315573785447,1.263098815258893,0.048990420257324134,0.045454068221289216,0.004133958928529437,-1,,0
1965,0.3615159556043016,0.07912964049444932,0.45906974309551196,0.03536394726991916,0.011938096204335624,0.05298261733148216,38.0548654214567,12.877635719789472,2.7653640796178833,2.7653640796178833,True,60.74080304060544,7.19379993894709,0.5202239490746751,0.040603507686240756,0.06770823283660884,0.014933276152156925,-1,,0
1966,0.3326874783645828,0.41672624490735327,0.11457154314457779,0.008241065982510717,0.07104681167435929,0.05672685592661614,38.972885605810774,44.6100679189319,1.629225052220629,1.629225052220629,True,45.084106562254604,7.102450020901523,0.2855107980172985,0.040845095004746056,-0.0061555826909104935,0.0033594138695056596,-1,,0
1967,0.21997349861084978,0.2605936939484921,0.48638011817691595,0.0009185271147527473,0.0006143982388073841,0.03151976391018189,36.09120218880391,29.362686646811238,4.16478465385138,4.16478465385138,True,70.711100842659,6.955483107805879,1.6680356358055743,0.03401269851759514,-6.133196293984719e-06,-0.0021656089216767265,-1,,1
1968,0.4751177533066509,0.03184173913197207,0.28232388180021034,0.1705740988888993,0.00509407935588955,0.03504844751637772,33.0058764899183,14.445990325205692,2.677082624888824,2.677082624888824,True,50.81731736923577,7.199818543980185,0.5375856189349648,0.04042606839327066,0.015557079745420789,-0.011336926244053691,-1,,0
1969,0.15725778069689073,0.1312416379307341,0.09428924566095223,0.6099135710578798,0.0010812922636265236,0.00621647238991638,39.7761316685031,37.74489997797896,5.223300718383205,5.223300718383205,True,26.649483311801365,6.610626047441213,3.956496860581086,0.05147223616952769,0.06637224845293144,-0.0008553787426118708,-1,,2
1970,0.12872271551387432,0.0168840523268713,0.44750204593441456,0.10920587215911821,0.21301170843543404,0.08467360563028745,28.88527632524012,38.921987527750254,2.1884960720584963,2.1884960720584963,True,39.04216273533413,7.28413026791564,0.5405802683858337,0.04201701779073381,0.017141674286222514,0.007723932985926454,-1,,0
1971,0.2107170902892685,0.38429355099941515,0.067837094998126,0.19340999835757522,0.03366565153611489,0.11007661381950036,36.770970398952215,17.67227160252532,5.850371883386337,5.850371883386337,True,3.0427009892474755,6.2575566573670285,3.8252358270318525,0.04267385604795286,-0.0002883107828906169,-0.01433794823137794,-1,,2
1972,0.19963689414129202,0.2852718162638002,0.42409474468533614,0.008733719247334694,0.0013912100519159504,0.08087161561032115,29.174013715516825,40.16531742998258,3.4434502942459364,3.4434502942459364,True,48.058488726302,7.210618189967542,0.9871174859281553,0.03064878503518301,-0.01165771022063469,0.0017878350677539498,-1,,0
1973,0.48691597847479245,0.05141318189666975,0.011116718451697784,0.10400239565443886,0.1648252445229552,0.181726480999446,41.04421941202344,15.491171464772787,4.706618083732382,4.706618083732382,True,51.818158438502344,6.706804759706931,2.47337154661527,0.05240575317934269,-0.021733365466567952,-0.00461291414470108,-1,,1
1974,0.38052313094675466,0.008475773848031333,0.4996028420256519,0.07816516366518256,0.0029961601389319925,0.03023692937544754,36.203897658320685,21.10787051183283,2.621665610566417,2.621665610566417,True,61.390286011820216,7.217279835494118,0.4242224986010279,0.03390958375828167,0.002474202423212279,0.007078333320587583,-1,,0
1975,0.21013342245385339,0.285037348685762,0.0513512474468072,0.3013937676092699,0.13228268463996573,0.01980152916434196,40.926080526570715,13.4477938798641,2.353789753175567,2.353789753175567,True,76.32786325548992,7.226246596740099,0.9694977374934723,0.050967665253506406,0.017955278157529734,0.003255962916309829,-1,,0
1976,0.28479945076481955,0.009721042903059106,0.17581469621958207,0.022695039495256475,0.2608389172849375,0.24613085333234527,28.96150531690869,30.900380176072346,1.2323670314229087,1.2323670314229087,True,17.1924221920145,7.1543751291575575,0.41011768063483484,0.038878314638339816,-0.007434870912950149,-0.02647085191033857,-1,,0
1977,0.3624976133939349,0.137869894105576,0.14177838950290483,0.22284678859555943,0.09939274809641041,0.03561456630561415,41.45783497372967,39.345616362085195,2.902581607348515,2.902581607348515,True,115.16711844494448,7.130819473614114,0.7556035938769573,0.05577537308296558,-0.0486140821354419,0.007442766815268924,-1,,0
1978,0.3334552404474439,0.04598678683259767,0.25769093766165185,0.228144814896165,0.007815596023618357,0.1269066241385231,28.857848370035885,13.963732457406635,2.700392278310097,2.700392278310097,True,35.368227309925494,7.305679398666875,0.7349042940817168,0.037955449137384904,0.055882059693445126,-0.019643557223503253,-1,,0
1979,0.36361402310378993,0.18578543960927876,0.10219726503926682,0.0906351805942997,0.010344478651816697,0.24742361300154808,38.49791336779844,40.28588663754985,1.398946033732442,1.398946033732442,True,46.105022142577326,7.121680700804898,0.4920843800184913,0.05410862517320538,-0.027242812353639814,0.0029325059826474814,-1,,0
1980,0.20043394074212295,0.4002769349970488,0.04315602952755008,0.15381208076487626,0.004481458391365812,0.19783955557703617,29.33255511554842,20.916176826947886,4.196567740882426,4.196567740882426,True,54.08433749126221,6.905364943776287,1.882898202247039,0.04342379613605673,0.05715318568367796,0.00244891785012379,-1,,1
1981,0.44063224436006393,0.035998567603019414,0.38788830641492994,0.06705822360420177,0.018513494115785144,0.049909163901999745,34.6875883561551,41.797759425015755,3.7166189987090403,3.7166189987090403,True,85.21913879144346,7.06336828971738,1.207576278936717,0.03700416129444857,0.0406351387614625,0.010123892555717107,-1,,0
1982,0.30615059538523565,0.4751178436157512,0.03659202750828636,0.1722544507679018,0.005099817337833802,0.00478526538499134,35.32889371667876,33.69452745001303,4.415402688799609,4.415402688799609,True,62.473024614232195,6.732719229512336,2.097406612852645,0.037868311616289375,0.037047277712770756,0.013291129343767884,-1,,1
1983,0.29303904628016997,0.17661208759011485,0.07735812915087856,0.25506212191159416,0.18527626290323654,0.012652352164005853,38.863496459894385,44.827319677504484,3.6167137095148956,3.6167137095148956,True,140.79751759063615,7.300989810927348,1.592351832385398,0.04300121348645679,0.020273583662893863,0.014994262375227899,-1,,1
1984,0.4311096581467501,0.24378718214229658,0.08748491432784201,0.08762260638659632,0.07498899929328266,0.07500663970323217,38.49293120577048,33.915328383036595,1.747698396816705,1.747698396816705,True,46.30592402863103,7.166391246990551,0.45653578387702376,0.04147747905739313,0.01686879970104968,0.007207211814523618,-1,,0
1985,0.2306463238173764,0.04820804185793125,0.23547589493544158,0.0634672463332736,0.0019623369203733095,0.420240156135604,28.942744105078184,33.29494952509892,1.181215590811827,1.181215590811827,True,22.4973812235992,7.304555034796579,0.29031282458769064,0.0428144830052763,-0.021841576241968245,0.005530893902450845,-1,,0
1986,0.24448660289564508,0.4030801795310614,0.13212910661765134,0.06321972802959488,0.020863869931755735,0.1362205129942915,34.356253841538596,35.49617825913068,0.8457431123085337,0.8457431123085337,True,20.23707634654875,7.131452440044776,0.2901116466270293,0.03576324195550059,-0.015472950564831658,-0.0027949141516744424,-1,,0
1987,0.4590111988700206,0.13840118836918475,0.33741665171774754,0.024533273438241382,0.011337960676804468,0.029299726928001407,38.61693783753978,36.37329187924255,3.58020764709216,3.58020764709216,True,90.42554702530265,7.084932683099106,1.0202860035192158,0.04559817668107651,-0.006454966709281581,-0.022903136108445066,-1,,0
1988,0.27335522056025985,0.008221993132744874,0.24852051121508847,0.2258370308088166,0.1677162043011182,0.07634903998197187,35.86772138880653,38.99927819629685,2.4511640281691554,2.4511640281691554,True,64.0314930137835,7.079373613597568,0.6684433439854663,0.043234824715995726,-0.0012589658303467617,0.0030985432429701566,-1,,0
1989,0.21675726742268708,0.17145816988228696,0.09171091903738046,0.23570628740884997,0.03377065021690189,0.25059670603189355,39.16667961111992,35.882872301872844,4.088473073527237,4.088473073527237,True,109.34361041601551,6.981245048477625,2.316405386311758,0.05217221806083504,-0.004665670131529312,0.0005228193830061978,-1,,1
1990,0.24225567190654598,0.24094950996256312,0.23074658954092467,0.07353545531725941,0.12267796992890775,0.08983480334379883,29.24481376299692,28.256508644468923,2.221465418312631,2.221465418312631,True,30.96526621186903,7.194022719186279,0.37888332640489825,0.03171284720982931,-0.01686286040162407,0.004989633431890808,-1,,0
1991,0.2301746551672337,0.1953984570232707,0.14692154588138587,0.0988671104346736,0.11175825508867732,0.21687997640475876,36.32495995972944,43.34565787152245,1.7013223879241393,1.7013223879241393,True,45.40411825009892,7.30599109143443,0.32634950611903424,0.0395203945385754,-0.009499170157993021,-0.006633597729741221,-1,,0
1992,0.06798452978391993,0.06990770442718387,0.47295943100517435,0.3794256660836024,0.0012260044604804818,0.008496664239638884,30.46333455189607,12.595769892462643,2.051723149152715,2.051723149152715,True,36.67265537606879,7.266198251745734,0.7733832499708706,0.03466118505676537,-0.00926827828450674,-0.008829184933375662,-1,,0
1993,0.3590326986878281,0.15271801062515933,0.035095932864850896,0.2602922628870618,0.1857707220110065,0.007090372924093188,29.40126158070889,16.324105158370426,1.0100820583795556,1.0100820583795556,True,17.72433460731339,7.186310179925303,0.36895203941540816,0.03642536832087901,0.006062724958745101,-0.004370991903826223,-1,,0
1994,0.031828266485846246,0.17323616934976171,0.24331584924575814,0.005779503857160083,0.4678986886807521,0.07794152238072168,39.53399773614232,28.456388126074128,5.605072881234495,5.605072881234495,True,5.7340385066526975,6.464573385836711,3.019567029336499,0.048652494434092905,0.027854480230958076,-0.01871484417608007,-1,,2
1995,0.19909250462051648,0.4356556359958576,0.12179038474180218,0.17974545612436346,0.0031356346853107717,0.06058038383214958,28.442472086353813,27.205642702557263,2.013874548763894,2.013874548763894,True,31.11480479817512,7.235020148874016,0.40190315549724465,0.03308191539823581,0.05833495634172212,-0.011366544762625339,-1,,0
1996,0.4607124671718095,0.13453505987467518,0.11569004613476633,0.07682051555250066,0.17131798356082625,0.04092392770542204,41.5682515054484,17.86724085984772,3.218535887296029,3.218535887296029,True,110.74401887638795,7.17658817624266,0.8145423785063435,0.053780303923849734,-0.01575709037765143,0.007650742070969613,-1,,0
1997,0.014611132940626267,0.07410504760453794,0.6379207412781495,0.09275391835150365,0.00035076369977893963,0.18025839612540384,31.00801941695676,13.407491209051978,4.894195886004786,4.894195886004786,True,19.038780413166403,6.600196425707129,2.514954834908487,0.03600722287902281,0.001611524657837364,-0.0149453375220614,-1,,1
1998,0.2433278615456061,0.34070060047422185,0.29959286629327614,0.014257054512729928,0.09534896209300771,0.006772655081158179,36.17309134701097,28.538034215807222,2.9854802211354112,2.9854802211354112,True,71.59382986467813,7.376135222289506,0.6267207267090029,0.04045891565635764,0.012152399258408152,0.02265731552692444,-1,,0
1999,0.37800926701862175,0.3072409633630787,0.24740836616153267,0.058002056405043106,0.008621005936889308,0.0007183411148345226,34.29793769181103,17.927841005152764,3.7183327337101657,3.7183327337101657,True,58.46140331239948,7.057942150638613,1.237217822161588,0.030668891300931322,-0.0043972793447718,-0.00572346757069714,-1,,0
