idx,cow_frac,rice_frac,wheat_frac,food_frac,press_frac,poultry_frac,temperature_C,HRT_days,OLR,OLR_used,converged,q_ch4_avg,pH_final,VFA_final,S_nh3_final,vfa_slope_last5d,ph_slope_last5d,first_instability_day,sim_error,stability_label
0,0.53060360163551,0.14406187045127627,0.015177931198184424,0.19746898132183247,0.025150493909314914,0.08753712148388193,33.0080288608369,26.07819146928534,2.294273152541259,2.294273152541259,True,52.62878593140702,7.308522699625056,0.11695535853417043,0.0015745991180325808,0.00015057082812048304,-0.002970507135025596,-1,,0
1,0.1532540596877738,0.277318835332321,0.3195141205888265,0.1125588331138883,0.0011374597984684807,0.1362166914787219,32.854702944368995,28.23084321248715,2.6965352272452567,2.6965352272452567,True,60.63460155654093,7.216789755075436,0.07022266250539602,0.0009834658389109064,-8.480132521224071e-05,-0.004900593916807052,-1,,0
2,0.20383030417276607,0.007807363874674818,0.15670196012103751,0.3427672354514309,0.014888047048148584,0.2740050893319421,26.58324447523997,28.194688705765607,2.2777768959990268,2.2777768959990268,True,60.849220162185745,7.28848097232427,0.37075921983052845,0.001232927615886486,0.00104020604716433,-0.002344946816866139,-1,,0
3,0.34711738464944764,0.24140803993051205,0.039556255854366715,0.04091583020676828,0.19253799691924292,0.13846449243966233,41.66515659778722,26.658397822617864,2.4819949393947076,2.4819949393947076,True,55.61971639655841,7.345488710812939,0.06626814682902266,0.002668752888014709,0.0001959514691900095,-0.0036251027009601613,-1,,0
4,0.0868719241406842,0.008408715454407304,0.4166463083682438,0.009003973423150326,0.1532078179354875,0.3258612606780268,40.43004696297328,30.45224276807901,2.3568366972148156,2.3568366972148156,True,57.533727960628326,7.346818523307906,0.07849402498847213,0.0028566970392041274,0.00036127348145083553,-0.003430374520455169,-1,,0
5,0.1815705069437335,0.2954164537347269,0.0043555359565605085,0.12586028261803447,0.14318764598763345,0.24960957475931125,36.479228034396336,25.88472724373,2.644812976320205,2.644812976320205,True,62.74353023015515,7.317836819235856,0.10725201138341539,0.0021355782952635813,0.00022343181510620466,-0.003286489513887349,-1,,0
6,0.06804287534996788,0.3348357726383392,0.346196922841093,0.07063167650875837,0.12542080169290606,0.05487195096893543,34.21056764979087,28.214414579892292,3.0107562359153683,3.0107562359153683,True,65.74809618430113,7.162193245343446,0.05248981449271234,0.0006304032100627313,1.481616845071521e-05,-0.006660925873904598,-1,,0
7,0.41666440428613183,0.1212304384520437,0.11526417589192614,0.32783526814695774,0.01797571667016219,0.0010299965527782123,31.520160365123782,30.395606907878708,2.1350240906632925,2.1350240906632925,True,55.716339833127776,7.310832040177178,0.10959584157624674,0.0013615173983574055,0.00019133560322211635,-0.0027002328264012286,-1,,0
8,0.09172839112492734,0.3559660765243284,0.5257195115469175,0.01972524820364457,0.0003527404825383262,0.006508032117643859,32.15538669064574,26.817764064210856,3.3302200126651327,3.3302200126651327,True,63.97786618101747,7.033432799954935,0.052696065716865456,0.00021699086100368628,0.0001374296323354035,-0.009885151708731516,-1,,0
9,0.0827147150206292,0.011442965537956016,0.015003385762342234,0.7741424725638105,0.003494858951985815,0.11320160216327642,26.69072784049714,33.21807319067801,2.050110417770914,2.050110417770914,True,71.71598728501367,7.32392252307344,1.0298057197207,0.001504817982037826,0.023410813257711355,-0.0021839070466422496,-1,,0
10,0.07633300753601895,0.24434647922665,0.056246386544076946,0.1218018428789126,0.08258063423792295,0.4186916495764185,28.358098114109104,30.000586018629914,2.2524413675758916,2.2524413675758916,True,55.53124024301879,7.279934649498887,0.21943952341454775,0.0013365894733183557,0.0003844032219414864,-0.0029494301886207152,-1,,0
11,0.2726201093382692,0.15211310156954544,0.37231889612599817,0.09517695093434231,0.05797140460816055,0.049799537423684474,30.894399220225836,28.499983287595775,2.56874017367067,2.56874017367067,True,55.2438866341112,7.194643266952409,0.06776637566688862,0.0007244500418236609,-4.3910074660024085e-05,-0.005087126962737468,-1,,0
12,0.0962626334027191,0.07279570583418972,0.06132845797494714,0.534199808084425,0.04375272432571961,0.19166067037799944,32.31803717868649,32.79146270602057,2.083431894787555,2.083431894787555,True,67.58677716731059,7.382850857147772,0.34312844032587647,0.002353800793293184,0.006562042602402432,-0.0015473659797410704,-1,,0
13,0.09689116796209862,0.02049772307782415,0.2544286456864531,0.19116584105274165,0.40206586008044165,0.03495076214044085,26.498605198804057,30.379949021200236,2.554372491847213,2.554372491847213,True,62.6099552218726,7.209907083933276,0.0932237339239334,0.0005945318758854264,-0.00014062720702581361,-0.004211430565493494,-1,,0
14,0.035131332972130114,0.3365708388582558,0.11083484363019529,0.15044895881727588,0.05390545845266919,0.3131085672694737,37.154776592885455,28.089430629332057,2.6137823132252422,2.6137823132252422,True,66.0656438153294,7.3264290324119505,0.1081258882603825,0.0023815918813953033,0.0003652481964952305,-0.0031960909552274127,-1,,0
15,0.05429826793261259,0.04555264315438825,0.14421197354914322,0.5676448288381162,0.058645913722672104,0.12964637280306768,34.36332159454022,37.36228542287944,1.924803397001956,1.924803397001956,True,66.30443573458989,7.41192948665003,0.22702327919141221,0.0027084112856525506,0.0046590232106636835,-0.001191741183472016,-1,,0
16,0.37471808621365693,0.087604926605899,0.012370485274463381,0.4999098170251977,0.022583707341448038,0.0028129775393349495,37.53544289996864,27.39864434134808,2.3319146181714303,2.3319146181714303,True,68.51025683922929,7.404447203933765,0.15285930537673215,0.0029424479901669757,0.001363655853949125,-0.001702065571486465,-1,,0
17,0.2890794955350135,0.12157929044361107,0.14647596505443358,0.4251080261072972,0.017739042703930594,1.8180155714110316e-05,26.574194946436172,26.297815677165232,2.616353235866815,2.616353235866815,True,67.40093029708648,7.2553585236526486,0.1672380903752342,0.0008709323369731961,-0.00043369064253675924,-0.0029341952787679637,-1,,0
18,0.3791577529715336,0.07992590032368624,0.010958064886008183,0.0714342077975441,0.3849239644036311,0.0736001096175967,38.80045718332207,27.287416281338842,2.378460840398247,2.378460840398247,True,55.07026914074394,7.342616880666513,0.07399193544880063,0.002184703566079735,0.0002755600195869881,-0.003328430943116946,-1,,0
19,0.14676790599547965,0.26623996172637,0.09245525943126438,0.4782753979502695,0.007124225941500528,0.00913724895511574,26.839899152684268,31.274794142877525,2.3855097775697574,2.3855097775697574,True,68.18220084557862,7.275029748006524,0.14942949756279975,0.0009237209738076751,9.720776944293247e-06,-0.0026391352114293514,-1,,0
20,0.2467517198996578,0.006814035780861647,0.3660962179175281,0.17853676167819837,0.18988791520246637,0.011913349521287715,39.9681405154096,25.767615041281893,2.835990786047272,2.835990786047272,True,67.86329267498667,7.310716056085016,0.061125721807577194,0.0019018877918084531,9.25263385594593e-05,-0.003960323242382364,-1,,0
21,0.5185170642278684,0.009783536284736686,0.043067196859532565,0.16872970602426252,0.23302903900901845,0.02687345759458154,26.801793184035585,25.65725559549067,2.3713981776366606,2.3713981776366606,True,51.19952933466483,7.243031536838445,0.13370326427475587,0.0008080950769687055,-0.0001442495087505292,-0.0034275771927368315,-1,,0
22,0.2679044776742668,0.23245578419286425,0.10002012793985002,0.03083779028459312,0.31379674251984185,0.05498507738858396,25.52002057231363,25.092469986350995,2.8659984651000623,2.8659984651000623,True,54.37431441190389,7.129781968581757,0.09289230132620761,0.00041868889931190724,-8.39905025505469e-05,-0.005664155795302964,-1,,0
23,0.04811504438982459,0.031438952720832525,0.3790723386540086,0.40774767316140537,0.019625578193770463,0.11400041288015861,25.953542670906057,29.190734935408518,2.6191041709526504,2.6191041709526504,True,71.63467423794366,7.246914524375691,0.17226123986724176,0.0008584337047162456,-0.00037099373768344776,-0.003055713288971732,-1,,0
24,0.03467816059208619,0.14644479253915213,0.16751774925994065,0.0432123030666803,0.0933945481517112,0.5147524463904295,30.55550545372377,29.758916275561262,2.255046894419789,2.255046894419789,True,54.696227352030384,7.296251998244016,0.21386202663594947,0.001687003685062538,0.000773077047994762,-0.002974698772440002,-1,,0
25,0.13280987483289464,0.16983177808906727,0.04855657993567372,0.21838324592490402,0.03939380244625779,0.39102471877120254,35.83660640411007,27.43258554684788,2.368390406413862,2.368390406413862,True,62.91391131202262,7.367198312066581,0.2208137814953294,0.0028631944283638885,0.002032597944341898,-0.0022465438535575694,-1,,0
26,0.14841930297274633,0.4833203233035121,0.06509664360255857,0.16534676640034318,0.1303846215739809,0.007432342146858989,31.526204051470728,27.766360881850492,2.881398750439285,2.881398750439285,True,64.98706343812371,7.188528343039049,0.06482271590562835,0.0006645316257649538,-5.341041424562144e-05,-0.005380635875394654,-1,,0
27,0.1266014599907097,0.011420387422723288,0.03704996743690664,0.08964015496804456,0.5608934136444811,0.17439461653713478,34.27419638984607,25.543402855193353,2.7573374495541443,2.7573374495541443,True,65.53317272243476,7.300638971877222,0.10530933758975947,0.0016208709453068484,0.00025454438082488285,-0.0034747222264004873,-1,,0
28,0.08711876716825892,0.12412192720180563,0.11050162738867501,0.2898059229457074,0.32583554471036713,0.06261621058518581,33.110711881803354,27.070965234123705,2.7975817111876626,2.7975817111876626,True,73.65146903387874,7.296961500457908,0.10273783584298182,0.0014068355194252734,0.00021365619423325193,-0.0032168742405213075,-1,,0
29,0.3446462412321967,0.19898903965197562,0.007887530352670123,0.38704365737852464,0.0035415097942946326,0.05789202159033814,34.557052326578926,28.033832531434367,2.3250071865122925,2.3250071865122925,True,63.436093858224964,7.3524897512134535,0.1358215590611407,0.002055083837164014,0.000619967033445677,-0.0022751403446938496,-1,,0
30,0.0609502981609304,0.08138311821614037,0.0009767746952394965,0.6887885853799717,0.13789943559494822,0.03000178795276994,31.78201041600477,26.295929183823958,2.761227298762934,2.761227298762934,True,89.47518916337809,7.366475818841177,0.3850820255818161,0.002075877951181681,0.006578224817273403,-0.0016379558372623152,-1,,0
31,0.15189627472175427,0.7586662501503507,0.010573739184205223,0.027004140389104,0.04128507069014326,0.010574524864442526,38.86721445896953,27.58834908855508,3.055965333415658,3.055965333415658,True,62.78078628937572,7.169534087946902,0.042342309467616766,0.0006940177734333269,0.00010012361396191003,-0.007454991579846663,-1,,0
32,0.0746005046872593,0.02414955158664798,0.03046717254310597,0.34558080416088705,0.18034427770458064,0.34485768931751887,32.35667427159167,27.950472593767707,2.3510453855052678,2.3510453855052678,True,67.71032087563385,7.357996181720638,0.4086908906089285,0.0023335209058143957,0.006119230181157863,-0.002057786071343866,-1,,0
33,0.4937511948699158,0.020106035356496212,0.05728323015651985,0.18902812958603737,0.00308057862290391,0.2367508314081268,40.72587920799798,26.4056663436261,2.16803815686056,2.16803815686056,True,54.15557735120753,7.411649579678921,0.1343854807074675,0.003879428185723643,0.0010277904423433642,-0.0021475252659907016,-1,,0
34,0.11225208847442573,0.05092443575445691,0.046133201660760244,0.36219834549174373,0.0756484675833825,0.3528434610352308,27.416034173587907,29.825920685473122,2.1638288812342124,2.1638288812342124,True,61.47197483970236,7.308698416202115,0.5624974294321811,0.0014939188287110875,0.006127809827956932,-0.002206439257312791,-1,,0
35,0.12572996578531692,0.09060173832575466,0.5738074055736258,0.06932800121083996,0.12508219030387732,0.015450698800585316,40.92600436153427,27.598049706224707,3.0105313810457495,3.0105313810457495,True,67.71348256763328,7.23339981789666,0.04287592733558346,0.0011291502214263705,6.831094020947648e-05,-0.006169887207338126,-1,,0
36,0.1361813036997601,0.14292448800859098,0.1993245103757569,0.1726091622971246,0.22385306095525967,0.12510747466350772,25.28114383846668,29.490990057495885,2.5038623591068427,2.5038623591068427,True,58.78339947686806,7.202212231215453,0.11646819836673444,0.0006266531418663018,-0.0003556532437219569,-0.004111051325872375,-1,,0
37,0.17878585134094663,0.2185107215119161,0.04497261359762305,0.38511785060238857,0.04871674758979905,0.12389621535732656,37.8067792306059,26.503514024652734,2.6283984995460243,2.6283984995460243,True,73.42189448892228,7.375545935507477,0.1349321957333407,0.0027987841096248694,0.0009010448088729881,-0.0022271722357481314,-1,,0
38,0.08081071789528647,0.2349570476401106,0.14673807240173642,0.3421017222690481,0.04613185120031919,0.1492605885934992,28.070636221938443,33.01759812112324,2.2502382233574165,2.2502382233574165,True,62.74843743067016,7.282570448703529,0.14515982312061204,0.0010958865143543856,0.00021036684853545333,-0.0027530027215835503,-1,,0
39,0.006698949687163674,0.5234297230159908,0.15369343221263831,0.165084042164262,0.018836859120995707,0.1322569937989495,34.160397302815205,27.099478099889552,3.0998565952833026,3.0998565952833026,True,72.27835380559307,7.206878774557784,0.06610728185147917,0.0009918243738184043,-9.755369965133583e-05,-0.005350094501068466,-1,,0
40,0.5888991605852179,0.15360640560285643,0.07557205294726269,0.030199169785078587,0.10251374660146863,0.04920946447811578,38.74619631638749,25.587644737459616,2.3658300996853034,2.3658300996853034,True,48.328764281239884,7.309915865287352,0.06620981656904716,0.001915593229577201,0.0001524843565051239,-0.0038189128309822976,-1,,0
41,0.3959068328286688,0.0852490879450442,0.05256526232166856,0.3448718197868729,0.10022488625429575,0.021182110863449538,25.645822317490335,26.11409537067594,2.45611668537412,2.45611668537412,True,59.875838597736696,7.2530851128259215,0.1823236317973678,0.0008275605279987452,-0.0004563916517083292,-0.0029348461182524222,-1,,0
42,0.23634052473240477,0.05963136565013591,0.2108903780253066,0.043603199948225486,0.22001529280096283,0.2295192388429643,29.918092952300203,28.232319895904517,2.3850509730109146,2.3850509730109146,True,52.7750365259353,7.248559859877693,0.1080046759290376,0.0010782214361286725,-4.5180641359581815e-05,-0.0038636187081851634,-1,,0
43,0.05273599499568715,0.1140113211334404,0.05493303733579482,0.6652497801929657,0.042792176110299604,0.07027769023181221,25.166734798206882,33.37784489978925,2.1807271467963485,2.1807271467963485,True,72.05164698045876,7.3131432126993605,0.4579297305158295,0.0011462890366671728,0.005810971519473301,-0.0017319249746203175,-1,,0
44,0.30421830247082765,0.010378924276277693,0.49201849403629117,0.07270620333135666,0.05107012215746534,0.0696079537277815,31.817744752496843,27.263765566026827,2.61299151174984,2.61299151174984,True,54.89768368215202,7.200957130170964,0.06879031418156945,0.0008185262383959823,-3.647754485027067e-05,-0.005041703647968183,-1,,0
45,0.1533689359972411,0.1806002444237148,0.08557296983936134,0.48191452751782576,0.011032159322383104,0.08751116289947376,41.31913956184097,36.315123426154486,1.9519123963373326,1.9519123963373326,True,63.85551613958158,7.455877082504346,0.1216855163552291,0.004257645427944154,0.0019823520934902313,-0.0012964155772969622,-1,,0
46,0.14271931133778104,0.029132503037398418,0.12761555524672785,0.4565330551728204,0.17575387268974,0.06824570251553229,33.8319800096286,30.638723586271084,2.3152602488267666,2.3152602488267666,True,70.20186426201512,7.368857304090599,0.16058110288457136,0.002105477991120864,0.0015369008943223687,-0.0018935928274003873,-1,,0
47,0.3921420548729097,0.03608720645252014,0.04446548808769096,0.30015510655320976,0.19746163372687253,0.02968851030679694,41.52730258893297,30.639952907983606,2.085024656335421,2.085024656335421,True,58.12291905680615,7.426411066868732,0.09320841361315281,0.003611143341276819,0.0008337662388076563,-0.0020325918358061953,-1,,0
48,0.044244134849192436,0.06789328555724748,0.20082235610110075,0.3665128529575407,0.05928605194607451,0.26124131858884414,30.659742337152363,29.37719183371597,2.4115736504671865,2.4115736504671865,True,68.86699254234408,7.3244626418275605,0.246892796013908,0.0017328577174525628,0.001725769309961108,-0.002268341409488207,-1,,0
49,0.08082716536841122,0.16677428794461324,0.11081011610092177,0.37798767395288935,0.25529008137703985,0.008310675256124627,27.706236406030555,33.053488370610246,2.3459018834898613,2.3459018834898613,True,66.5742472412776,7.275368233425405,0.11320696579788864,0.0008837416238986084,0.00015180269879680266,-0.00290089493448707,-1,,0
50,0.1593517202245961,0.16385786526623455,0.13992148539472757,0.2074320897145921,0.05199127979092417,0.2774455596089255,36.65000446023731,28.74109003839207,2.3597838402057945,2.3597838402057945,True,61.925903793625004,7.355392454341992,0.1332903682321173,0.0025790018276214063,0.0007817066801080923,-0.002573068077917418,-1,,0
51,0.009781058418967549,0.3528329865468065,0.18459911787405273,0.28704550493986625,0.14301927686426763,0.02272205535603933,32.95437926203351,30.901072849551785,2.749023172173186,2.749023172173186,True,72.9719674873984,7.254309858789757,0.06794364624409358,0.0009796906984426653,2.2955155869663544e-05,-0.004146637701095116,-1,,0
52,0.14027761683984455,0.2654526643899786,0.18706858658731265,0.24135192207317813,0.06519807808472651,0.10065113202495972,25.697177706423332,26.808552635792974,2.8005029857178636,2.8005029857178636,True,64.75386205643157,7.187316366610961,0.1205987584149724,0.0006195465544568908,-0.0005275318251025594,-0.004327234605085487,-1,,0
53,0.10575959234225266,0.25316659381869105,0.14638994394783725,0.005867664353261535,0.36846520250682735,0.1203510030311302,31.155938313348262,28.817920168243354,2.693305652361858,2.693305652361858,True,58.1290189473633,7.193712536769582,0.06682593398852513,0.0007294468266156553,3.8076416466708937e-07,-0.0053908182874265595,-1,,0
54,0.25588512140183073,0.04301597167519814,0.10527004138657127,0.008336797712129635,0.2968572993086578,0.29063476851561254,26.850916765763145,27.68766346818697,2.3246975909361747,2.3246975909361747,True,49.68678758013887,7.237592749741154,0.14859727271827483,0.0009191105335562747,-0.00015585429351932156,-0.003702563123316656,-1,,0
55,0.15498242417940805,0.4462474516435811,0.09229839870203081,0.24880959294563787,0.03404521606512236,0.023616916464220043,29.6994694427849,29.20103578448104,2.6741684125099074,2.6741684125099074,True,64.44461958311506,7.213278164595491,0.07879012641874228,0.0007387321959479488,-0.00014913422237880232,-0.004458143450159642,-1,,0
56,0.12912282649436962,0.04499918509349072,0.027595054808455508,0.704328678034557,0.008881354725719546,0.08507290084340755,37.38493691408387,30.643883030079447,2.225420220438501,2.225420220438501,True,77.65045922070418,7.446026969653216,0.3481638229562856,0.0038702571164909985,0.009379938535600565,-0.0011157995920795499,-1,,0
57,0.08762367852395501,0.16926105963457472,0.12858996119002294,0.21049918240144713,0.27634157188214964,0.12768454636785048,33.12799701590276,26.367942733154877,2.844397082443434,2.844397082443434,True,70.51600365954174,7.276572204404209,0.09931635980087425,0.001359182172200751,5.8155657029447675e-05,-0.003637139092343464,-1,,0
58,0.3364930343210257,0.03079235563016481,0.20869904177601267,0.24697229638296705,0.12003138844845562,0.05701188344137412,41.66086696568067,29.561418636786488,2.255388996189982,2.255388996189982,True,59.94196795011985,7.397266559315565,0.0793385512350562,0.0032274334170430768,0.00048064997743290625,-0.002548962700386285,-1,,0
59,0.1506722209755416,0.008599296192488297,0.19288105761202626,0.0732987643104699,0.3054350444802972,0.2691136164291767,27.299623173801443,26.422007232421144,2.5888772230031325,2.5888772230031325,True,57.54646438819644,7.23023381236252,0.14962346398113072,0.0009197997335315282,-0.0003248706643294909,-0.003832602955389703,-1,,0
60,0.25194842571241793,0.09901423820385243,0.04569715495389962,0.17419844561145925,0.3516688965792104,0.07747283893916038,33.60128715589065,29.224682815866046,2.3552200458899266,2.3552200458899266,True,58.842768670463634,7.310343102422037,0.09305357524639252,0.0014949186896360254,0.0002630729620338066,-0.003164357747723211,-1,,0
61,0.5927140159663246,0.0074398357864473,0.09368702114934922,0.1590248069717817,0.11902342800786017,0.028110892118237075,40.355096688931184,26.022108883938273,2.273995895595682,2.273995895595682,True,52.79668369564876,7.371359318195294,0.08084237954471082,0.0027399485592437306,0.0002926678997988931,-0.00286165834490068,-1,,0
62,0.06864658940838508,0.08265699736927515,0.02357409780465078,0.6968474654060085,0.08340005033281969,0.044874799678860815,38.093674235411825,35.965980096150446,2.0022978956469744,2.0022978956469744,True,73.02906777032356,7.462920096938291,0.23716206673553356,0.003936861208543334,0.006420070016457086,-0.0008033116123129374,-1,,0
63,0.4260424082910992,0.0041107440334091465,0.03350361776425696,0.3550989640234839,0.00932217751908667,0.1719220883686641,34.456158712747346,27.48199351849521,2.1499290884211293,2.1499290884211293,True,58.61718763046131,7.376776621541475,0.21538324294935265,0.0024776143853422784,0.001846363342975698,-0.001909509637472542,-1,,0
64,0.11333173016593087,0.08221041081139563,0.2988741626367004,0.47055004447570303,0.006556511601623122,0.028477140308646922,40.65628126161409,28.62537800324984,2.6409380047237194,2.6409380047237194,True,79.37145456025827,7.401633127454772,0.0990352594216834,0.0032460581405523337,0.0008343642578689381,-0.0020884421208257438,-1,,0
65,0.5682912791964756,0.18935953686725315,0.021316507757461776,0.08477088188841589,0.12916169028802504,0.007100104002368678,40.10755219979169,25.781133592044984,2.388922454606736,2.388922454606736,True,51.36482760016455,7.331684731050171,0.06445183517040565,0.0021663079767755243,0.00015914574910906855,-0.003601559126825,-1,,0
66,0.11500908371490907,0.177172378999797,0.2774662165800062,0.33384257462506034,0.07612983085531534,0.020379915224911983,40.52617255097862,26.850618296113193,2.906317141538386,2.906317141538386,True,78.43135891169045,7.347466225422208,0.07062257507415261,0.0023997256531782824,0.0002360941494447732,-0.0031915110097618443,-1,,0
67,0.5479388637433068,0.1924894462425958,0.0277465499519914,0.20704090438797632,0.02471384925031826,7.038642381131139e-05,28.641429890138166,25.49124586020387,2.417817065953947,2.417817065953947,True,52.083336992943195,7.243864424612069,0.11222216116240086,0.0008872880930946316,-0.00013906356800171248,-0.003553491192320929,-1,,0
68,0.062037716688197256,0.5349570205215116,0.14476185357202634,0.13217801397461323,0.09152901253665124,0.03453638270700047,25.426280199482495,27.347451485748852,3.128205233783756,3.128205233783756,True,64.71374465057848,7.077642260989934,0.07945251119674598,0.00027988639729916934,-0.00016266078236583086,-0.007085973877332571,-1,,0
69,0.17502219597188587,0.06454759994123331,0.006136758469487635,0.29956502772277194,0.31435161081405794,0.14037680708056322,35.479727911044954,28.090517019214346,2.427163360346631,2.427163360346631,True,67.13138679093568,7.366716924647163,0.14533919181684124,0.002336437970021875,0.0011272352534467034,-0.0022605460523513654,-1,,0
70,0.06636857724260324,0.04230161228889693,0.21240281889612558,0.4815006456875075,0.17367446949826956,0.023751876386597204,31.36550532358037,33.55645815781955,2.273625819828741,2.273625819828741,True,70.66242366559155,7.3400078947160585,0.13447623881101659,0.001519383979774993,0.0009955409239109764,-0.0020655881284292613,-1,,0
71,0.1974442724434973,0.018169659367113532,0.1418122981549559,0.31395561220262413,0.08262858254073778,0.24598957529107118,37.72772988108194,33.96995541361455,1.9218577399776482,1.9218577399776482,True,57.427571154599676,7.415985250648138,0.16567127620131888,0.003381363780056275,0.0024075613610389595,-0.0016572555477724865,-1,,0
72,0.14251255039002936,0.46830062086909463,0.21950782281833914,0.05938327896177465,0.0922604895118389,0.018035237448923422,36.18464317913446,28.284978066237585,2.927787747804981,2.927787747804981,True,62.758330815764126,7.1781387679867965,0.04755375605568982,0.0006962856525876596,6.259747316977735e-05,-0.00662884276431947,-1,,0
73,0.13523899625160044,0.0015211676613237945,0.1019477304988781,0.25398351661130253,0.03437029470732,0.4729382942695752,32.83047005272429,31.77292732012616,1.9440478435095718,1.9440478435095718,True,55.61525309210208,7.372292512477462,0.41838922169322496,0.0026178840389235267,0.007798003207765262,-0.0019966241060902367,-1,,0
74,0.025698477421999016,0.2200965977941517,0.16293235907151324,0.43010945084599606,0.013394710678772093,0.14776840418756781,33.15841639143148,26.930366041086003,2.8180714833263516,2.8180714833263516,True,80.01685102237131,7.322551585860851,0.16084464558425227,0.0018348152273651088,0.0006969691652421493,-0.0025211502789602358,-1,,0
75,0.26074224063468365,0.12982144383194713,0.3022438879518964,0.1878090412433584,0.06848959981698563,0.05089378652112884,37.108602305975914,30.80461839820014,2.333988537474736,2.333988537474736,True,58.5245314344745,7.311802277227634,0.0659362739856333,0.001699983883443156,0.0001483216115562926,-0.0035669364428346385,-1,,0
76,0.2832839307040532,0.029809512776672032,0.2576159174180281,0.31201412457459293,0.11690025086269551,0.0003762636639583038,40.58022164527769,26.87507198320475,2.6062083323824656,2.6062083323824656,True,69.112703477023,7.370693620308985,0.0780518695007629,0.002680355265901379,0.00031274849523077323,-0.0027921139705803645,-1,,0
77,0.4694690081381872,0.05709623088845304,0.05010946116459052,0.2460945335706183,0.0789530629363927,0.0982777033017582,35.62190897996728,28.15617869334051,2.152246878019062,2.152246878019062,True,54.503682191010526,7.357611575649332,0.12055996475148065,0.002211356004231078,0.0005651011652270647,-0.002450315334410239,-1,,0
78,0.61376379815059,0.05401284684406929,0.0132450636338477,0.08444621036893185,0.0003416272416145972,0.23419045376094635,39.21482330803508,26.596420770041878,2.0650199060717416,2.0650199060717416,True,46.960927117233204,7.384042150800593,0.1165791555249265,0.003154335287375837,0.0006932967508573415,-0.002519554747813114,-1,,0
79,0.3818270748145857,0.03691655507787352,0.1009056281255606,0.024278844647143673,0.3196480988011427,0.13642379853369388,40.17778644539541,26.819864126810234,2.384850856288156,2.384850856288156,True,53.677453092220794,7.348366701156329,0.0735728172500141,0.0025174086596360425,0.00026980364685679436,-0.003398903406574165,-1,,0
80,0.04565962621998393,0.3045212448866434,0.2681864122597042,0.03918549934273178,0.06500897765003615,0.2774382396409008,33.47945500245015,27.629490727236213,2.7692744290914675,2.7692744290914675,True,61.562800781815476,7.226880295786821,0.0799462999970903,0.0012229880359143075,-0.000110812725920164,-0.004814894805144948,-1,,0
81,0.02337740680352608,0.21377385375349633,0.10177383776409726,0.19670351605670058,0.14331974406069614,0.32105164156148364,37.5845376394134,26.313901690276513,2.730015673100718,2.730015673100718,True,71.10999196439819,7.3500822888718425,0.13921693309252095,0.0027744311842085815,0.0007748758241227628,-0.0027541328046065327,-1,,0
82,0.07773071085743488,0.05263766986933579,0.010620191567528353,0.5953360388609918,0.19842685243636418,0.06524853640834483,28.07668342628325,26.171001747629212,2.73089367277356,2.73089367277356,True,82.91011113154171,7.317577538064517,0.40384076888461656,0.0013974597599374745,0.003841263430011826,-0.001981232245675335,-1,,0
83,0.1849037446184156,0.3028038465830986,0.2754299627754531,0.047312390109227734,0.010922086750148073,0.17862796916365695,28.142132116719726,26.228688360642835,2.813564859530552,2.813564859530552,True,56.15182414973997,7.151632285597504,0.08678048503212214,0.0006207356565678323,-0.00022235912893904923,-0.0055472013994577185,-1,,0
84,0.01721158407289124,0.09884478372012903,0.032936038181904596,0.5144351919139216,0.23666091145169277,0.09991149065946071,32.52133154010703,31.2008751781447,2.380339001245878,2.380339001245878,True,75.8418087693054,7.37099150006854,0.21915884468535043,0.0020619482132455294,0.0031133893880293316,-0.0016974177546372061,-1,,0
85,0.04839055027714091,0.19664288513739173,0.13494441454780876,0.25056418937556674,0.2181722975920769,0.15128566307001506,39.948848924032845,29.435280742893728,2.5790633357451833,2.5790633357451833,True,71.14881147929964,7.373155297102536,0.08845177165535748,0.0028523848877270914,0.0006043814795773749,-0.0027274008336167065,-1,,0
86,0.25957460570316915,0.07459717671193966,0.1425537165269266,0.4564076125679909,0.012304113094085014,0.05456277539588866,26.782325287787124,27.849371350479544,2.4286429136047323,2.4286429136047323,True,66.38887149105568,7.282841663404233,0.21659428782602524,0.0010465619836179266,-9.933100055766284e-06,-0.0024536634933938636,-1,,0
87,0.20515767837806215,0.1246905274327604,0.2614077360857811,0.36496278325441894,0.01743200013979422,0.02634927470918321,37.463748321844136,33.95008601991205,2.1462008133379187,2.1462008133379187,True,62.49655511686933,7.3682656879016895,0.08311498555783364,0.002249307114364288,0.0005146440041985548,-0.0024065784384078304,-1,,0
88,0.26522599193942104,0.022583916380812055,0.01817730841219131,0.33217770976647554,0.21401294343681357,0.14782213006428652,25.832515089802634,31.88530640050981,2.0216474787368086,2.0216474787368086,True,55.48466464088226,7.29818018691188,0.2455769162431018,0.0010725961728831812,0.0009508794836502173,-0.0022565625740113768,-1,,0
89,0.24775036786612298,0.024167619044675435,0.2877760459889935,0.36639138692690226,0.05775594227578415,0.016158637897521855,33.353102619508064,33.29438827234263,2.1235582178932195,2.1235582178932195,True,60.47125894269602,7.333718177416162,0.0983285120349722,0.0016037897801714517,0.0004030924420828639,-0.0024982952960598175,-1,,0
90,0.37528477265211485,0.29926794239723464,0.1657969506348825,0.07300070277431982,0.039491853920253145,0.04715777762119508,31.045018187614815,27.64358870350917,2.497317282852896,2.497317282852896,True,51.33828821633274,7.203897435695599,0.07031490283321494,0.0007861198969731553,-1.1277417921707068e-05,-0.004855954887506947,-1,,0
91,0.0194900897649591,0.16527724971251856,0.4367550332343616,0.2105883475827343,0.1624811451215327,0.005408134583893903,39.23031323593311,29.807809325020486,2.9136432853844663,2.9136432853844663,True,75.14030493111797,7.277369750025703,0.04892879704208943,0.0013218756758220853,8.38686456752816e-05,-0.0047677131893959085,-1,,0
92,0.38878294001977265,9.870453336853186e-05,0.11889296232331123,0.19908272210341638,0.13894351120149798,0.15419915981863314,37.983722043021224,28.04525272801328,2.211588706595495,2.211588706595495,True,56.23136607140994,7.375211012282917,0.11339525399021902,0.0027310646183388724,0.0006630236975820717,-0.002464425697220151,-1,,0
93,0.07419645234762778,0.3282994063483955,0.07870765686813659,0.28568990590059695,0.22808305060056427,0.005023527934678978,29.93679029951693,33.11199222068267,2.4339892898139355,2.4339892898139355,True,65.21282187226292,7.2559747468017735,0.0779819027832394,0.00083624250381253,2.9817194006481134e-05,-0.0036831416349671214,-1,,0
94,0.30509900873401957,0.019624838931953114,0.360109805438868,0.04409474009212254,0.00021964444997206925,0.2708519623530647,40.2300202007976,25.64398598689907,2.529903402134519,2.529903402134519,True,56.58875907860677,7.334100730935493,0.08470257656517978,0.0027489859613792473,0.00016840455051399066,-0.0034770364305527148,-1,,0
95,0.3266210599004306,0.27945899521601825,0.024225940283103684,0.2154401009920202,0.05869628641409029,0.09555761719433696,28.25374822643989,26.271608448980135,2.5465035026795353,2.5465035026795353,True,57.909032451604574,7.238737350724477,0.123428411296161,0.000906337220911428,-0.00026893302086305446,-0.0036307423729761987,-1,,0
96,0.07054934849005448,0.20622106869018517,0.08502927981624363,0.13893761679143407,0.2413707468862304,0.25789193932585225,28.983357308372124,28.753988824190913,2.5094141992748726,2.5094141992748726,True,60.83517480237743,7.256989170038744,0.1359628509665256,0.0011058634567262578,-5.3524916352703e-05,-0.003531115390055319,-1,,0
97,0.2710807659200742,0.024596500877212216,0.04432621642075949,0.4501567375927603,0.144138756362857,0.06570102282633676,37.41378993562229,25.524731317010538,2.5746512583406775,2.5746512583406775,True,73.97477842099157,7.3955045460422015,0.16910319237389815,0.0029395408521783444,0.0015062941861669604,-0.001844818987300424,-1,,0
98,0.07126620389090145,0.19916740031232807,0.040444605479495487,0.19277778118737773,0.337179725759657,0.1591642833702403,39.64344349002426,25.439534028814133,2.917711955641345,2.917711955641345,True,74.49363184069959,7.349252641883051,0.09065882182632476,0.0026251429421067563,0.0003906712143635353,-0.0031261759511451684,-1,,0
99,0.07686039076558772,0.20054097766442314,0.07974272394072797,0.46845553365139847,0.005666281023143204,0.16873409295471956,31.885821465105863,34.30128223963048,2.089592590795688,2.089592590795688,True,65.43433742048057,7.361168973530535,0.20724783256675017,0.001978395148984178,0.002429309604758521,-0.0017483154922130282,-1,,0
100,0.19191508969288884,0.04466583850638116,0.127777920364028,0.5458581547381166,0.024777915890815523,0.06500508080776982,35.55292807319834,28.345959278390758,2.4214513821529406,2.4214513821529406,True,74.83099834261837,7.391737286834814,0.19864403035705946,0.0026677549642970203,0.0023176348379730293,-0.0016242102365495415,-1,,0
101,0.09806570026244406,0.3434968206884064,0.12633859265212383,0.3683414825786512,0.0404667113991489,0.02329069241922557,34.33677576185981,34.189714543331036,2.300770847401552,2.300770847401552,True,66.35191614265635,7.322568653533611,0.0798268118184119,0.0015202865239701353,0.00029697876851639407,-0.0028510650538547703,-1,,0
102,0.34191586019536035,0.1634706480714901,0.17516940258667058,0.1805787314273653,0.11135966995699932,0.02750568776211449,40.04178096481081,28.43497609990054,2.4167749411702517,2.4167749411702517,True,59.15639744840322,7.3423501261058846,0.06498755594021592,0.002243688985065023,0.0001895546898058732,-0.003389332277174695,-1,,0
103,0.037937323085336636,0.05934128408562872,0.562960821669717,0.09716561216256185,0.05141939152563479,0.1911755674711209,39.77209023200275,28.240262657072805,2.8255824079202885,2.8255824079202885,True,68.1028783796497,7.28516683127462,0.05980229194311487,0.0019169513486406362,5.9186826860295584e-05,-0.004556982233898852,-1,,0
104,0.3732051761249008,0.04196484547969716,0.18158265444525856,0.3106259161688827,0.07815969875272978,0.014461709028530856,30.95205241013388,25.284896171258833,2.608322047809546,2.608322047809546,True,63.4763692937405,7.280175319524213,0.12122420009665585,0.0012038504983420627,-8.344236152072742e-05,-0.0031213694480465245,-1,,0
105,0.17409648959766746,0.12892577888575749,0.14234792017930054,0.28146615203305503,0.03365933419469785,0.23950432510952172,28.425600552649303,26.108948737232616,2.5840001910263193,2.5840001910263193,True,64.62448788016319,7.273254113116333,0.21486298071274962,0.0012299186638748997,-0.0001839273171761533,-0.0029017533965887245,-1,,0
106,0.09363827186851134,0.11752806079316763,0.2544869773851387,0.04419281478751199,0.10152564617779722,0.3886282289878732,38.81987136011921,27.935988473717646,2.468393877630338,2.468393877630338,True,59.76085373363299,7.344757439751701,0.10854440991021197,0.0028770226023630673,0.0004784088221620483,-0.0031398535523284588,-1,,0
107,0.07396217473217005,0.042268019115097394,0.3618828448353673,0.22176978103272124,0.015567805011405597,0.2845493752732385,27.637491319647992,27.24882351177799,2.6247575501991447,2.6247575501991447,True,64.36539306917565,7.243719198520874,0.17819691247677227,0.0010523253928574222,-0.0005085307892108212,-0.003410617729569896,-1,,0
108,0.18858274402869796,0.03352998676702136,0.01459453290061261,0.536049489117508,0.10955573978037103,0.11768750740578883,28.334615431649894,30.4359033935551,2.179296369126578,2.179296369126578,True,66.99237218387037,7.337510875781401,0.38020251395765386,0.001533520394806092,0.004477967525187762,-0.0017836060982728914,-1,,0
109,0.25504960255868747,0.32036134809116873,0.0179541162251386,0.03862027232862386,0.066947129480534,0.30106753131584735,37.74177402855226,29.127751144030672,2.2516309148516647,2.2516309148516647,True,52.50158578378131,7.336148846500367,0.09469401996570083,0.0024405305602423844,0.0003654258054921027,-0.003210994669893521,-1,,0
110,0.049004744616600725,0.06295743372407725,0.15106458168548162,0.3124839993638787,0.020862401224401833,0.4036268393855599,26.5479750494308,28.52115305468016,2.336730158895878,2.336730158895878,True,63.33740451320946,7.281284597814067,0.5284066100575437,0.0013162130900785864,0.002689072006268717,-0.0024200871327570758,-1,,0
111,0.09159550697919483,0.04621653426174499,0.021158239647071385,0.6778677332809183,0.01903722761700926,0.14412475821406118,26.605239625020417,29.475949451413282,2.3092271632415553,2.3092271632415553,True,74.73818799978652,7.308749514299149,0.8749437600834696,0.0014064513388360033,0.013888025320978633,-0.002091711828367082,-1,,0
112,0.18228452265017164,6.584179220149505e-05,0.5664157441389097,0.20156361663223737,0.010135206306471129,0.03953506848000872,38.92004294921125,31.377168133196715,2.446837224289429,2.446837224289429,True,62.827617621226764,7.309530002022419,0.056048673799248744,0.001736645381493746,0.00011857419215889598,-0.0039042092061897606,-1,,0
113,0.13229504785953483,0.13062522224920828,0.05296430517739458,0.27671723207744164,0.0027213359414278403,0.4046768566949929,29.064293154715568,26.22379146764486,2.4388532198299666,2.4388532198299666,True,63.30762858445765,7.3011341201304685,0.4337761309879364,0.0016259171489333086,0.002202421581623305,-0.002424912333158536,-1,,0
114,0.1341837029911728,0.2799846042152838,0.016986181308169375,0.21679694588381843,0.29551724090734854,0.05653132469420701,30.802477411629678,29.340167574321505,2.5686882944161407,2.5686882944161407,True,64.23733275405992,7.260010858226836,0.0889164478071886,0.0009997642373738224,2.7767635875956406e-05,-0.003731188970042915,-1,,0
115,0.04159855685273561,0.09109190216382312,0.10970623609902737,0.268658689373505,0.045610865195954205,0.44333375031495464,35.02529614921229,25.95330008801893,2.546447516017724,2.546447516017724,True,69.49082407007283,7.3620412314524755,0.33594627702953045,0.0028831896980009712,0.0039417720056334074,-0.002190823890765721,-1,,0
116,0.24683257479958123,0.047022380141838155,0.049585762508673754,0.42703006190345255,0.050318158661238906,0.17921106198521553,31.142302503058858,25.966152321647172,2.4677183741181756,2.4677183741181756,True,68.64446685150541,7.337716719880334,0.3007036102580368,0.0018521053971746679,0.002042826701196092,-0.002058521737557284,-1,,0
117,0.30671859843944715,0.0031259462987377282,0.2112448220154211,0.2970361948538086,0.14977402655997976,0.032100411832605584,31.417269166506518,27.25384883414842,2.4859306202461213,2.4859306202461213,True,62.93304057846102,7.292176235292683,0.11445441696158187,0.0012795267831717495,6.811165139952865e-05,-0.0030333140746861597,-1,,0
118,0.1655456908585117,0.08720343672356709,0.06175146892937262,0.36332729847891865,0.22239966020753693,0.09977244480209309,32.16104626103454,32.7053105311778,2.136725679573024,2.136725679573024,True,62.403621464272476,7.348695108174021,0.14583949472112584,0.0017445137536840562,0.0011081532597584634,-0.002124541176779724,-1,,0
119,0.24494627353217982,0.13245551194623714,0.10446235973205215,0.20089925517780743,0.023491163811654316,0.29374543580006923,41.088925032739965,32.09333564717339,1.995841672284654,1.995841672284654,True,55.06803252113515,7.42336946565377,0.1261955884664833,0.004149604576211875,0.001452087554035762,-0.0019839807290553883,-1,,0
120,0.0986170574949552,0.23350359105020152,0.012272421755582802,0.25308996499977604,0.24779339123252672,0.1547235734669578,34.94160787135276,30.535266991541576,2.3836279566319236,2.3836279566319236,True,65.10664867990717,7.341031834128568,0.11086123923947272,0.001972428068297581,0.0006290575546848675,-0.002675842324425187,-1,,0
121,0.29213717723548294,0.16262093030969169,0.0014762032643431142,0.07922007725998623,0.03450538494831058,0.43004022698218547,40.508019568354364,26.29993430859259,2.275912167886129,2.275912167886129,True,55.32918413001043,7.399946844043526,0.1568519331606525,0.0040498477429132766,0.0013222705888311815,-0.002339837258439072,-1,,0
122,0.15594047075267603,0.04888594294200579,0.18508690920173038,0.17003233412235402,0.08580845789495882,0.354245885086275,29.81155031765263,26.402899761463566,2.4828731726884037,2.4828731726884037,True,60.2430934825282,7.286931695674919,0.22056754017119856,0.00147656945957028,0.0002035143565826654,-0.002921260014351164,-1,,0
123,0.05556291831027501,0.03391159210327935,0.1710655612445241,0.06370371906446629,0.10969977457696661,0.5660564347004887,27.186643819379228,29.1105025628072,2.1996188788639794,2.1996188788639794,True,53.16370706704276,7.2778432125241315,0.38604908047940933,0.0013726182472039087,0.0014906057482736163,-0.002805010251233883,-1,,0
124,0.16153066520475978,0.013605318644683386,0.2516980998420698,0.21469206631036183,0.06983216193217248,0.2886416880659528,33.91070610014834,31.437384805491476,2.1306828603853716,2.1306828603853716,True,57.614885853225076,7.346887649019459,0.15457081334884407,0.0021567785117545244,0.0010625722982514738,-0.002400833289113598,-1,,0
125,0.05352732743453803,0.1528057974194425,0.39191854336265214,0.20901886305139816,0.11092603117677696,0.08180343755519215,26.521540583933128,29.11074330469858,2.7857769129542316,2.7857769129542316,True,65.90183418624382,7.171097924206767,0.09074484759079166,0.0005396124982879368,-0.00031721623208119096,-0.00495227448371708,-1,,0
126,0.023867303537685926,0.07855339953007048,0.0836871041106681,0.34245945215083295,0.15256298772540072,0.3188697529453419,35.651285764917205,34.50269936604721,2.00413346421331,2.00413346421331,True,62.39273008776353,7.405645946272129,0.23837749394617133,0.0030904273968351734,0.0045306756495116455,-0.0016088099943702419,-1,,0
127,0.08491392390914775,0.009996724925835428,0.32889458797798876,0.48954211749128795,0.06270451186129634,0.023948133834443705,32.33067953759449,36.16771387418684,2.109755150073275,2.109755150073275,True,66.97373083447178,7.350043939691374,0.11936699184477277,0.0016421315545557908,0.0009255538822747614,-0.001966059810067906,-1,,0
128,0.3261953839232368,0.2722329952799792,0.09222861540042397,0.1696318358634276,0.07574432102693031,0.06396684850600229,38.892003588846336,25.484724619176305,2.693734503320809,2.693734503320809,True,62.47985918190184,7.313851463724308,0.07148867939992788,0.0020087454293753046,8.695305863777337e-05,-0.0036772407947942226,-1,,0
129,0.3068854385241654,0.10860869887838129,0.046213557565376095,0.34395332256696964,0.02628021688565828,0.16805876557944946,27.368075958624328,26.388402715182046,2.407397351659566,2.407397351659566,True,61.40498506136562,7.284623856056776,0.2550952187873663,0.0011754868725043588,1.9821950271698395e-05,-0.0025404779711257048,-1,,0
130,0.1325929884701316,0.19686714873712635,0.21737506454630956,0.28242374206661147,0.07864978697581392,0.09209126920400702,35.86032228182047,31.540355520102104,2.373186035385046,2.373186035385046,True,64.83578411372893,7.329222311201689,0.08473550316198761,0.0018395604080122092,0.0003151674154395825,-0.002971389264440121,-1,,0
131,0.10154927262435462,0.40375970098103425,0.07815185812684075,0.032518238968244656,0.03358534624267874,0.35043558305684713,35.34519564120198,26.241653645982343,2.707287531257691,2.707287531257691,True,60.05688974838971,7.273056728304947,0.09813494397087028,0.0017866567714835393,-2.1816867015428452e-05,-0.00403157706128735,-1,,0
132,0.22087528440377438,0.46050838178353476,0.12671615100066447,0.13925361621610383,0.002168966125247683,0.05047760047067483,30.630167078290302,27.724669110001344,2.734852467914307,2.734852467914307,True,59.27379379976405,7.184706813012197,0.07012246097980053,0.0006916633999083304,-9.379232377839479e-05,-0.0052361458510066525,-1,,0
133,0.21573866800208943,0.2823833058145447,0.20141393177828848,0.07631088450909447,0.2098126199960585,0.014340589899924415,29.905673474222297,27.970571203735613,2.7396289256496185,2.7396289256496185,True,57.64198966467284,7.1650144393671376,0.0656639301825206,0.0005419458534740926,-1.1178409627751444e-05,-0.005696008859307983,-1,,0
134,0.04271266815180406,0.09280864776306552,0.5543250382610152,0.1876972481287766,0.10965646630752293,0.012799931387815568,28.851148537997503,27.813710279819865,3.094593591554849,3.094593591554849,True,70.64522065875646,7.135084570327686,0.06920977193819822,0.00043199303295781165,-0.00014368731763466757,-0.006233472234272627,-1,,0
135,0.41537497500228865,0.18556388668442494,0.016720106762096596,0.3085830308712171,0.02966054056197906,0.044097460117993696,25.504123074602504,31.80084691915369,2.005559159374102,2.005559159374102,True,50.876685684735016,7.266093277574637,0.15086139971790571,0.0008450444742643579,-0.00011394225535584598,-0.0027587475128283455,-1,,0
136,0.4229964339851454,0.06970279761931852,0.1512632720640041,0.07410131039088108,0.13819954703006326,0.14373663891058772,41.15192135616893,27.897711417850342,2.252871060585099,2.252871060585099,True,52.41174075511641,7.367296865282774,0.07548447416679671,0.0029207691505809537,0.00031651393219254644,-0.0031124324530249726,-1,,0
137,0.09885992478011657,0.04052417988024794,0.17234335739252285,0.09263867102039769,0.38536355896278274,0.2102703079639322,34.38650038690193,28.43316189844542,2.5328701956855992,2.5328701956855992,True,62.02106842156275,7.301857048365794,0.09711212291554008,0.001650963772039496,0.0002615069594094175,-0.003466688154556796,-1,,0
138,0.20253328503429477,0.01880368918499546,0.26533079115201375,0.06827363982954732,0.0022735061954328346,0.4427850886037158,34.90389402171478,30.69119427647166,2.0533400523252094,2.0533400523252094,True,51.13871329291195,7.347952029255159,0.16314920163264185,0.0024689453623620602,0.001156960704179571,-0.00257487053254403,-1,,0
139,0.2628204342891968,0.06725624599555584,0.23490527723278684,0.34487727513938615,0.013697362307074195,0.07644340503600006,33.48672173416576,26.317459669164162,2.604129346648479,2.604129346648479,True,67.83790732307696,7.31326200963495,0.12341437997883363,0.0016633685854071899,0.00016839720265621154,-0.0028121579582041346,-1,,0
140,0.15507852619678406,0.010345719977285152,0.4369633860742927,0.11171365457142965,0.2060842920320371,0.07981442114817114,28.956408889456338,27.965547119731955,2.7228919956439666,2.7228919956439666,True,60.47194378932692,7.184858673146443,0.07918458142467716,0.0006470013868399753,-0.00013456315968985762,-0.005048107322496273,-1,,0
141,0.01949065070074513,0.08210170027201989,0.0929745932793128,0.25248336502443824,0.1002137183878055,0.45273597233567836,31.679550232279176,27.753985769760536,2.395418641303269,2.395418641303269,True,65.4128281332532,7.334551205031083,0.3996333977101817,0.002161673049244079,0.004479810975164092,-0.002319726640948353,-1,,0
142,0.23068767929414344,0.09676226280245605,0.06649847096159364,0.2962618502287199,0.07900911944411834,0.23078061726896873,29.90017328495969,31.128841255224643,2.081091839890579,2.081091839890579,True,56.86659275344018,7.326187469659899,0.21347713632367757,0.00158884095492969,0.0012774652939446815,-0.002247569630361649,-1,,0
143,0.3347411645017767,0.21113990180009307,0.021701118148061936,0.12805993667369095,0.21450500472266595,0.08985287415371133,29.215309000137754,27.15227055671566,2.4596247267325118,2.4596247267325118,True,54.40000305568957,7.240487330980304,0.10224461424729528,0.0009132562920810112,-8.327796772053883e-05,-0.0038590249592002925,-1,,0
144,0.18904535477723655,0.16138285138050465,0.19276913895751432,0.2467182719341685,0.005703079268409729,0.20438130368216637,33.258392056005825,27.93506840577406,2.467143326331942,2.467143326331942,True,62.97624105314664,7.309010453086328,0.12917286587276677,0.0017288133796710841,0.00023774166720459065,-0.0029408966002982223,-1,,0
145,0.2710431991020555,0.24471432020499306,0.012293847103556927,0.16503417801507478,0.00599471303596278,0.300919742538357,41.45378564299173,27.883680967948344,2.278150517509216,2.278150517509216,True,58.302987740296075,7.403900790693613,0.12028115103657676,0.003996998611136678,0.000928244916136493,-0.002351201159794155,-1,,0
146,0.47079976240097016,0.04271584560313264,0.363158366942934,0.07818891496315528,0.01665167957392607,0.02848543051588183,32.38190292627602,27.41461260574197,2.391497291237867,2.391497291237867,True,49.53710329498823,7.230255754326131,0.07002356249922788,0.0009555358094524068,2.4076960432696567e-05,-0.004455047542903578,-1,,0
147,0.20266744570407744,0.38089106823241686,0.07154042027270313,0.25405015984666535,0.04799443661901323,0.042856469325124005,41.25172933648581,28.956047929729007,2.565244667110868,2.565244667110868,True,66.81449304741906,7.356039353405894,0.06473706042702446,0.002537860454748422,0.00023176774077732858,-0.003255727526112293,-1,,0
148,0.4636491406707654,0.17621026302266604,0.08672584668714779,0.047436367832488543,0.027867199498578507,0.19811118228835375,33.47609655917307,27.8205896304619,2.1912438770671097,2.1912438770671097,True,47.160088736999384,7.291467088486498,0.09778011172662945,0.00155280364174738,0.0001560344305074997,-0.003449807263800373,-1,,0
149,0.12204112336519865,0.4157798885790756,0.04656098079023641,0.3960436147323106,0.008629566120535666,0.010944826412643015,38.20203293924253,33.34614228164953,2.3292683255413227,2.3292683255413227,True,68.45490670449603,7.365819169880759,0.07629911436331067,0.002234600317589768,0.00046208570702347806,-0.0025421599452007016,-1,,0
150,0.5446684175638714,0.05555708644985212,0.06334259919917935,0.04047389008988221,0.024387546300940758,0.27157046039627414,30.86411447227762,26.296676281603183,2.1448478468628083,2.1448478468628083,True,44.91417436168906,7.2927382206237805,0.148092812892689,0.0014586962268375255,0.0002752922302431512,-0.003094092009537085,-1,,0
151,0.11405799697037773,0.470250295685426,0.3001422318020509,0.10576662618241453,0.0006762628498951482,0.009106586509835743,28.79234510209144,26.208555510070614,3.254087512533749,3.254087512533749,True,64.87889893273889,7.069820923372853,0.06567425967609754,0.0002975518059437219,-5.6572066551516e-06,-0.007848747866046281,-1,,0
152,0.1537698934501165,0.32238276420376244,0.16338037445186562,0.08785551579204551,0.0010072758698429652,0.27160417623236693,34.44544279269442,26.035123638505095,2.7234996943090546,2.7234996943090546,True,60.97997624543023,7.26334545856016,0.09502264856974703,0.0015588610459899893,-7.842033880697771e-05,-0.0040512694286050956,-1,,0
153,0.266134473255134,0.1855226637248719,0.18444330513348695,0.16247138320807183,0.1674229290571007,0.03400524562133448,40.28617252381616,27.600414892324608,2.602685306969683,2.602685306969683,True,62.98995658453378,7.328065174621499,0.06114465990844489,0.002098567920838124,0.00014766272381152687,-0.003728115147511115,-1,,0
154,0.14707770745211945,0.3281713035569342,0.02514054999932844,0.05760528523921341,0.013797802321063861,0.42820735143134053,37.56853113765032,29.285458909604262,2.2500553760910527,2.2500553760910527,True,55.01448590189119,7.354070244483481,0.13159069269068968,0.0028782276439790564,0.0007983378861658207,-0.0027989407050467074,-1,,0
155,0.3708557393517338,0.07840446690215994,0.24420859386709265,0.15577482498640075,0.13004829286537958,0.020708082027233236,36.18824663402836,26.96639332948745,2.5174082145835155,2.5174082145835155,True,58.04202009313905,7.2904992847307994,0.07047320255052447,0.0015025001707907192,7.516123419784682e-05,-0.0038114169836146895,-1,,0
156,0.1053309102302097,0.4100339971948681,0.16370627148504882,0.1803142978515232,0.07366511319821857,0.06694941004013148,40.98428788456753,26.433024398026767,3.0250632057014424,3.0250632057014424,True,73.02319702730553,7.295402860512816,0.05548368390187233,0.0018997576735546582,6.369280664436667e-05,-0.004480374618668065,-1,,0
157,0.04624416572635376,0.20931398391325073,0.009751791276207957,0.4541371002315846,0.07177432950087681,0.20877862935172622,38.15693753962371,32.00533505482034,2.2243565159683114,2.2243565159683114,True,70.72221775782867,7.4242806840080515,0.19883386894454833,0.0036406096021925787,0.003547200587580901,-0.0014695034893061263,-1,,0
158,0.48874522830178796,0.0059675634477001655,0.00013379706047582965,0.4030127545356053,0.045539336251172007,0.05660132040325867,26.956903626408426,29.186748825287772,2.0317631981275435,2.0317631981275435,True,54.42046904016684,7.309806469346547,0.24712421413900132,0.0011818747429636746,0.0007249427071269002,-0.002119178843366198,-1,,0
159,0.08035563725891731,0.2626790863195918,0.05905598618092983,0.29888375018390195,0.17068962403927926,0.12833591601738004,28.952091864342147,27.994669799670437,2.6712233268637453,2.6712233268637453,True,69.119930143557,7.262483941543235,0.13475919557378652,0.0010569354242223623,-6.367894036781896e-05,-0.003284773100013067,-1,,0
160,0.21188958175026634,0.058935175011157255,0.34951091685445634,0.07502778835607292,0.11581472048145545,0.18882181754659172,40.59612043254634,28.26338490751932,2.4891873714841415,2.4891873714841415,True,59.23761659369511,7.335275943519628,0.06925508266847838,0.0025248503615617943,0.0001977537869784646,-0.003632634736411382,-1,,0
161,0.24964283453191607,0.07462787299878326,0.15284300151888824,0.4140983231416262,0.10268344128160266,0.006104526527183634,36.02507378182131,26.325263938490295,2.6500447209427165,2.6500447209427165,True,73.19926385539489,7.351340799598404,0.1152735634758393,0.00210731548970761,0.0004749893181765975,-0.002438082444149923,-1,,0
162,0.34797793185973436,0.023077866584600464,0.07283988877727246,0.13927511226011052,0.15319771953071873,0.26363148098756345,27.483872047998915,27.452000979788252,2.2214180289344956,2.2214180289344956,True,51.420380923197264,7.276187272693463,0.2035249590680439,0.0011452293192317962,9.876640550747051e-05,-0.002927022678247756,-1,,0
163,0.14989604602646645,0.27025724686066416,0.12262480616208588,0.41163385418289355,0.013752388410449562,0.031835658357440524,29.994493211493392,28.64930322312506,2.6078678172821106,2.6078678172821106,True,70.923751249204,7.279833548633689,0.12192601826047242,0.0011331312110211716,4.162102348109698e-06,-0.0029850395544867986,-1,,0
164,0.33912637491586844,0.10347774115310215,0.05405608902929871,0.29887088159199116,0.18640714989914137,0.018061763410598217,40.487619110636835,31.159844141801713,2.1360238624807693,2.1360238624807693,True,59.38858828388435,7.406167973473981,0.08562773693499945,0.0030838277299035303,0.0006620630060722384,-0.002240310338855764,-1,,0
165,0.24864822199234748,0.24220078100336212,0.04955816197303788,0.3355263691183188,0.0321096161806921,0.09195684973224157,27.45461971958717,29.160436315862626,2.3553565497056974,2.3553565497056974,True,60.85780408917465,7.268754576327693,0.15368109015246495,0.0009964842105261533,-0.00013498162011529657,-0.002916979836683611,-1,,0
166,0.190635610064264,0.25148558219815775,0.09238586429838523,0.18748671345114257,0.13521268678073053,0.1427935432073199,36.5843465100627,25.95180533843153,2.738563144134115,2.738563144134115,True,66.34490108651701,7.307786650503604,0.0899193117009145,0.0018911398803127665,0.0001228472975183042,-0.003465100675291649,-1,,0
167,0.035170301673880515,0.154625787131017,0.03744154614677796,0.6825138337293328,0.002129052341692847,0.08811947897729885,30.12540560690798,36.02895654764617,2.0274530689015076,2.0274530689015076,True,71.01509261518673,7.375130017617863,0.3532593953780491,0.0019189669935973533,0.007470992370736166,-0.001339893704646702,-1,,0
168,0.04368503027712032,0.01276185790887266,0.1669182664924251,0.4473557146937038,0.08765611854965963,0.24162301207821854,30.3938236660317,37.31864202042093,1.873030383152862,1.873030383152862,True,60.59979443860034,7.366002589185912,0.2912040000268259,0.0019389660541292274,0.004981671715861958,-0.0015893567321288375,-1,,0
169,0.0871963730801992,0.10096750234485247,0.02797520287186938,0.4473186486263788,0.28167092374440633,0.05487134933229378,41.35392968419545,32.11939795347436,2.284923278769911,2.284923278769911,True,72.74297258233848,7.449278608723593,0.11845452656174398,0.004032501895616266,0.0018489852033804414,-0.0014889809574184232,-1,,0
170,0.21175720812430276,0.04978506687181312,0.5582786319101474,0.08245122264371722,0.06715817470650216,0.030569695743517377,37.39271652854956,26.260421331546333,2.948847480003636,2.948847480003636,True,63.74710541622374,7.214292516442837,0.051922393216687415,0.0010207512943815993,2.9155563618875917e-05,-0.005732347098731546,-1,,0
171,0.3379443417331316,0.06084060346459361,0.039307852050372946,0.30551692249213147,0.0865542850316289,0.16983599522814147,38.85843731663935,28.33252970032347,2.201265934197348,2.201265934197348,True,60.648151477703564,7.40701655396381,0.145459899477079,0.003375258388646095,0.00137014259652167,-0.0019497519019034829,-1,,0
172,0.2617034991090524,0.1848475891838795,0.2342503181950803,0.270399272254206,0.013660869189565997,0.0351384520682157,32.59283106593027,26.074560725146952,2.7434647400551673,2.7434647400551673,True,65.96793905680843,7.2605873405948715,0.09019677334158249,0.0011714819181973038,-9.825319431382532e-05,-0.003751976371352152,-1,,0
173,0.10254291832987986,0.25667703431507555,0.0671502808185913,0.3714912570357986,0.06872555551633897,0.1334129539843158,33.2512079930742,30.152014658748406,2.422835186941635,2.422835186941635,True,68.80163109850402,7.33423655531103,0.13676408977905222,0.001820527240267534,0.0007153876379699037,-0.002441576833814575,-1,,0
174,0.19497950634074,0.18198329866205223,0.13278808901949002,0.011900839427942544,0.0022379668135862852,0.47611029973618896,33.535433280106986,26.389372094268328,2.392866093847922,2.392866093847922,True,53.41835496609048,7.304269242825502,0.1655811851829996,0.0020127243786773135,0.0003547393877368035,-0.0031719640352817114,-1,,0
175,0.10680107005010257,0.20225799258096294,0.5112878992992316,0.08199180181419503,0.07457834118472262,0.023082895070785044,27.306114550297863,27.801000670919564,3.0350705372841524,3.0350705372841524,True,61.642577522044846,7.076592673374413,0.06798230759407974,0.00028432984472938095,-3.524303220032579e-05,-0.007486315472835233,-1,,0
176,0.238694678348918,0.046438852242032154,0.015271099414148396,0.018870312633079152,0.10149313219601537,0.5792319251658069,37.591470838162664,26.934215086951298,2.1478065047917156,2.1478065047917156,True,52.137603851960925,7.390539474588637,0.2544053936000514,0.003626481810096982,0.00318522107840841,-0.002261623405006785,-1,,0
177,0.039335569194735985,0.0344335314592175,0.2424669938095269,0.4728920907754327,0.0058943538507110075,0.2049774609103759,26.048504374942162,30.012451440230343,2.3950565603195444,2.3950565603195444,True,70.3240269993454,7.287810007386554,0.35671858425386993,0.0011564116623785392,0.0015665114218003592,-0.0022281505583808927,-1,,0
178,0.030759821548890454,0.16770895268109354,0.052541848750176735,0.18527115538440514,0.5176145026148288,0.04610371902060535,28.130669837544175,30.550622473783,2.6129407480760283,2.6129407480760283,True,65.84352375990885,7.231474092146273,0.08839283234974325,0.0007035142628319344,-2.1495233658887924e-06,-0.004063292223375544,-1,,0
179,0.36360035127707746,0.08811125488509679,0.04829752583488129,0.23985238557494545,0.15606139146965475,0.10407709095834435,30.70734997109827,25.002370296353675,2.553908754497605,2.553908754497605,True,60.4864333440701,7.286663388953978,0.14325413931644473,0.0013025648621439656,-5.86574066272525e-06,-0.0030369692766837424,-1,,0
180,0.2404909435702861,0.002772325835026634,0.4096895851471879,0.22279472241458576,0.00037723653431589294,0.1238751864985977,27.769007643362446,27.566066090180726,2.5379226593042223,2.5379226593042223,True,59.585775232273804,7.2265656752698755,0.11895191884523319,0.0008483973189280224,-0.0003535452215352982,-0.003796704209606114,-1,,0
181,0.05327148778863725,0.34053967528590046,0.046139585736726704,0.07312617985668227,0.09890384459333647,0.3880192267387169,25.015090828410205,31.118238758559144,2.265252752110834,2.265252752110834,True,52.71425895768306,7.22581552556802,0.1779682624754692,0.0008509755237253281,-0.0004999033916421757,-0.003601217908996425,-1,,0
182,0.27786973425008576,0.11226157901385604,0.0014962936016809638,0.48186507079116314,0.019427902724148138,0.10707941961906613,28.58452744650283,27.977623251631865,2.3106057658717147,2.3106057658717147,True,65.80819150182732,7.321265123814491,0.296169823700903,0.0014374734665527672,0.0015848451631670835,-0.00201610056030864,-1,,0
183,0.09992177575162817,0.1702134542709088,0.23424724588042412,0.21828986844186377,0.08077553510522305,0.19655212054995214,34.94395349472697,31.969312039142125,2.293096171569498,2.293096171569498,True,61.533927205553766,7.325986050208812,0.09940652975897052,0.0018898277148825752,0.00040645469629345307,-0.0029305215659606123,-1,,0
184,0.6696353267002318,0.09881318675940666,0.012954585518482303,0.15638477192640715,0.055686428670946926,0.006525700424524932,28.86508335113266,26.24843829663546,2.1992867124836883,2.1992867124836883,True,46.24467997443806,7.260733299188012,0.11328360590445985,0.0009683969052219229,1.4537702618467536e-05,-0.003340624382168395,-1,,0
185,0.07588246575625782,0.21528685202830694,0.28217287160867704,0.3193333578547526,0.0009961179991391554,0.10632833475286659,31.98687922842403,28.797165687800383,2.689351445181371,2.689351445181371,True,70.99379144501627,7.273020279533962,0.10064507028804226,0.0012557633950362524,-1.2461602425883624e-05,-0.003445406368621107,-1,,0
186,0.18325910948798102,0.05632169896432297,0.2656686921576538,0.031984788717113626,0.13297805470033489,0.32978765597259374,27.260838361470494,25.523923355949993,2.6259868607812304,2.6259868607812304,True,54.74006825978558,7.211666230607971,0.14883712636797186,0.000901014531648133,-0.0005057856750025391,-0.00412327860262409,-1,,0
187,0.33198131948196297,0.22138620814191845,0.12496433268872059,0.19432296165402205,0.031238401949542485,0.09610677608383357,36.130274177868756,28.504443703441165,2.35747053838998,2.35747053838998,True,57.45430781129816,7.31746026234376,0.08448525084153166,0.001836235475309334,0.00016729535902898024,-0.003249176690232429,-1,,0
188,0.37720772722227935,0.23279662128650355,0.03974841484336094,0.3381174671241997,0.004816331452576826,0.007313438071079583,30.258155297420505,29.299346828951446,2.2630080663970613,2.2630080663970613,True,58.12712803413682,7.291614475382242,0.1161175256225991,0.001187177070133769,4.5633471782507736e-05,-0.00286755068045738,-1,,0
189,0.0456965371279204,0.1280449271144988,0.6126728046777118,0.17387371331599197,0.00957955556622965,0.030132462197647404,40.09415919800603,28.68907222029898,3.0212790031639063,3.0212790031639063,True,73.98939307598346,7.25006821363981,0.04607839428603027,0.0012549100490854349,3.7429073362510386e-05,-0.0055268469205965,-1,,0
190,0.18023133545044476,0.17864054378793856,0.15314276934455526,0.028131335500780247,0.34338245753495233,0.11647155838132878,40.35443986636841,27.406558918818696,2.682364608573684,2.682364608573684,True,61.29839062426078,7.308411809592457,0.05799409947847598,0.001980817906475544,0.00014553633701438112,-0.004284084230007051,-1,,0
191,0.2437997066744573,0.14055562444390826,0.06757895615122864,0.5411205163629983,0.0033560525805410063,0.003589143786866461,27.43277532026696,28.940234409317902,2.3804468239645282,2.3804468239645282,True,69.14884108674417,7.302969444131825,0.2189025453621211,0.0011475277801023275,0.0005303581108731106,-0.002148165101558215,-1,,0
192,0.25977664728349714,0.015942280254066132,0.32535152416547325,0.37548638847318117,0.002273961237092812,0.021169198586689433,30.085370207405006,32.769398777400234,2.1453079341315915,2.1453079341315915,True,59.62831508769742,7.29931098121484,0.11189553386548842,0.0011939954435533859,0.00016903139199255304,-0.0026798444251057304,-1,,0
193,0.25427732716831886,0.018670045339426476,0.026660866396768745,0.5124509219877578,0.17872231382888162,0.00921852527884647,32.78002240696808,31.25583583269148,2.146410647388952,2.146410647388952,True,66.33555648504316,7.376455287751176,0.1837820574573669,0.0020170841771338832,0.001956304779496539,-0.0016506840048987172,-1,,0
194,0.20351187877509377,0.04669465744112955,0.06954799583443662,0.1432748649931588,0.15763028961530628,0.37934031334087476,26.333222381864267,25.81171624100133,2.4297514848022796,2.4297514848022796,True,56.43617524492938,7.260843889857387,0.3171619375113567,0.0011191143459056087,-0.0002862933440773482,-0.002933979786542128,-1,,0
195,0.1490682431274889,0.34215611111537686,0.029889319507612026,0.4407467885274098,0.0006795274266830761,0.037460010295429516,37.32034850629644,34.91945119058132,2.1226243377474066,2.1226243377474066,True,65.18610444792668,7.387471652969999,0.09842847720785834,0.0024940020749908798,0.0008835079746201807,-0.0019809388658237974,-1,,0
196,0.145694651914547,0.07515166997498729,0.26763061139183997,0.012237732874946224,0.3931961023883468,0.1060892314553327,29.918180719363576,27.21942057572855,2.7741888030438804,2.7741888030438804,True,58.3268886429292,7.181766886996295,0.07398189574429404,0.0006649243412454602,-3.559145360477011e-05,-0.005383544785721881,-1,,0
197,0.5256559035936366,0.12543451546297005,0.055556885147756224,0.2857518399888026,0.006216958228202199,0.001383897578632407,28.708057760722593,30.347935620245703,2.024455867800137,2.024455867800137,True,49.91692685343835,7.286817359691325,0.12150826059088941,0.001069650510601118,5.8951364084854345e-05,-0.002804622550772096,-1,,0
198,0.19540372327193453,0.05110920776033628,0.04398418184066191,0.20840898318678716,0.1419087955696069,0.35918510837067325,40.958925857581434,28.192169174509655,2.2290734928641016,2.2290734928641016,True,61.25272085033642,7.430222056920352,0.18009731243286514,0.004536875571424863,0.0024273676056214533,-0.0018619344546225685,-1,,0
199,0.08531602860698394,0.1329595177945846,0.09959164433365052,0.28930160421108647,0.19691649695637722,0.19591470809731737,32.56573371892483,31.773579257776632,2.251751795711748,2.251751795711748,True,63.452379158934335,7.337102902167762,0.1468992765375747,0.0018052753021946548,0.000979146700132491,-0.002400883181128772,-1,,0
200,0.13781374782481837,0.01972638800111119,0.14254134735793275,0.14394304275254716,0.06682618903173732,0.4891492850318532,35.020121892770575,30.896196788766012,2.0219959348143317,2.0219959348143317,True,54.47658744052079,7.3775925020814395,0.26105086761686547,0.0029223252553065814,0.0036046743335067417,-0.0020987957468435858,-1,,0
201,0.3777370665119461,0.07448837118899192,0.12041063124840597,0.12066703797579163,0.21156871920337333,0.09512817387149103,30.85575199647801,25.36724673881645,2.558596821120571,2.558596821120571,True,55.59307148557708,7.253584376069874,0.10343706293476969,0.0010802350200019152,-5.357529205190554e-05,-0.0037744397325093063,-1,,0
202,0.1839511069485892,0.04777983106136093,0.2597217624659702,0.2996767359907538,0.12117427594965784,0.0876962875836681,39.832528855175404,26.553518364486333,2.6949560444924616,2.6949560444924616,True,72.11367371333476,7.366572725984892,0.0916362758786222,0.0027634685426416064,0.0004200889835722509,-0.0027312322210137083,-1,,0
203,0.03419207486692461,0.2754570274744907,0.14139123265117906,0.3133454084932257,0.12068007139228272,0.11493418512189715,30.71529914778281,33.2413755269149,2.353327388023559,2.353327388023559,True,65.7381800232047,7.290454493404987,0.1044427523087924,0.0012107152811476538,0.00023645189791772438,-0.003011589497820164,-1,,0
204,0.2832482232587296,0.050212968235795796,0.06179962024771983,0.0097085278578716,0.4773833623868572,0.11764729801302604,37.72434480985345,28.75303939885325,2.350324739546588,2.350324739546588,True,54.134730278618676,7.324793322321144,0.07046808686243654,0.0019075584540127716,0.00027115984302204246,-0.003609610303660671,-1,,0
205,0.1952594692357488,0.11336365004160667,0.23751362170192764,0.2269145764765641,0.0955658292858545,0.13138285325829807,36.45390524965633,28.307831042783192,2.504305716392123,2.504305716392123,True,64.23271118142827,7.3260488545686036,0.0921198027361453,0.0019947222948938684,0.0002528437930650504,-0.0031065661960564496,-1,,0
206,0.4905978999626677,0.032045036044000795,0.11484820543173047,0.29846333797189906,0.00861887810140946,0.05542664248829262,30.52985536370563,27.334071419793695,2.227426531222846,2.227426531222846,True,55.02585714134993,7.305073277216608,0.14366798256792135,0.0013601010559649333,0.00014890863245534326,-0.0026680548140728746,-1,,0
207,0.24013973221776258,0.1475991688350579,0.3275474913164158,0.004128264617030371,0.15732325557041926,0.12326208744331393,29.59672627011473,27.063702986932537,2.679856037051204,2.679856037051204,True,53.37480517239394,7.167456112321237,0.07392702850580228,0.0006483359096907489,-5.135759888653668e-05,-0.005520196153138153,-1,,0
208,0.17376735293199774,0.12037434072500837,0.195434830688324,0.1747819910438357,0.0009836543688151633,0.33465783024201895,37.00563165151944,26.148994524071625,2.529560164849848,2.529560164849848,True,63.2592871988932,7.347332798942384,0.1458005393855753,0.0026916797873234363,0.0006323733322771123,-0.0027146655216644484,-1,,0
209,0.22793580471454217,0.016225792155252914,0.07051066792426969,0.22927056209821056,0.2681822776149522,0.18787489549277253,29.0389373604484,26.512403539525053,2.4803286801875455,2.4803286801875455,True,61.544916181439795,7.287887430545239,0.18611193760758868,0.0012602427807829328,0.00020175656861747798,-0.002862392581607782,-1,,0
210,0.11033655473184911,0.2412247053087972,0.05124233201466912,0.3077279700848936,0.13555469620988206,0.15391374164990895,36.40574135985711,26.662557027634996,2.7130439664280344,2.7130439664280344,True,72.92266717850497,7.343870564563908,0.12124143325745605,0.002277070319623319,0.0005544157735091372,-0.0026810921803954216,-1,,0
211,0.5159273073293276,0.2022171095757274,0.13221725744767004,0.1110872644372221,0.013815235355573328,0.02473582585447961,31.908470890940293,26.17783267532218,2.425781357536817,2.425781357536817,True,50.130590592608556,7.241347176161265,0.0800581745067893,0.0010123259070691645,2.949167893112261e-06,-0.004111576452952704,-1,,0
212,0.05638269388363338,0.09972911487208493,0.08622646580975671,0.20349015563359527,0.3214310230756369,0.23274054672529282,26.919804749778905,28.820585420847085,2.491977198463742,2.491977198463742,True,63.042922317956716,7.259369067407873,0.17793278777427501,0.000996952974710982,-7.111732754938278e-06,-0.003180746434192854,-1,,0
213,0.3775147191049968,0.14661851736935655,0.06451787623725981,0.008304245867536699,0.007143614867628171,0.39590102655322196,27.3994200701542,26.564280302547505,2.2209954870987634,2.2209954870987634,True,45.75402093516577,7.254584176123026,0.1959912325178429,0.0011211066903481755,-9.642767456144008e-05,-0.0033339365639169336,-1,,0
214,0.36790731635677665,0.2699877224507128,0.11273849650426475,0.016755704802213802,0.13502305257398728,0.09758770731204477,30.116218148938977,26.21665266769745,2.578453627342198,2.578453627342198,True,50.38072715082877,7.194089028990194,0.07832242919496887,0.0007618693339372048,-1.7019651039548844e-05,-0.0049312770791131435,-1,,0
215,0.184580063501025,0.37309505863198916,0.04150832444524902,0.168562410423783,0.02372953376074017,0.20852460923721344,31.58417176369081,25.73693185971999,2.7302975330164183,2.7302975330164183,True,62.582371483560266,7.253677733700878,0.11368336892331508,0.0012553939223519783,-0.0001826427415859045,-0.0037956767330946874,-1,,0
216,0.3660777507596428,0.027611488826786833,0.08704999058024579,0.22392112791595256,0.20440200466689665,0.0909376372504753,40.480489581221676,25.06220373550874,2.5537835796098536,2.5537835796098536,True,63.894837015882146,7.381444939345685,0.09767524983116584,0.0030544345345856487,0.00043908591685059645,-0.0026210515570760508,-1,,0
217,0.09166479089533526,0.20986696046875114,0.08880946806377929,0.567987939908528,0.015316770850197071,0.026354069813409108,37.45118706092556,29.342647688098467,2.5516920672825036,2.5516920672825036,True,80.78350198170581,7.399810489656911,0.14479774651874172,0.0028707703957575963,0.0016898786609311862,-0.0016635572561844879,-1,,0
218,0.17237421986954013,0.0885181438847267,0.2903507724977612,0.03763184175459087,0.1288250652411348,0.28229995675224623,38.82681690491737,28.584797789373017,2.4202591650532863,2.4202591650532863,True,57.21102134271221,7.329998303967545,0.08353864041824101,0.002457302671062838,0.00026588430750431013,-0.003481851282975179,-1,,0
219,0.18654274942762114,0.03729265335692259,0.45462984008386614,0.1325926844260399,0.15601884212805922,0.03292323057749087,41.917854656844916,25.588228955996975,2.9964220438922293,2.9964220438922293,True,69.84597260034347,7.297387784619952,0.05218556586431337,0.0019107745365371024,6.531807091947598e-05,-0.004608726933534433,-1,,0
220,0.0006898080147381911,0.5510179405857327,0.0004823634595290558,0.30451935612364744,0.003123609003232803,0.1401669228131199,37.68802162233511,30.294985839010295,2.6676161484389755,2.6676161484389755,True,73.53865450006936,7.33152749354418,0.08242962475743548,0.0021303729381487303,0.0003304012228682338,-0.0031378279135984982,-1,,0
221,0.1502147815550347,0.15168591586917426,0.000747560539473284,0.6343175489288245,0.02465914134579202,0.038375051761701015,29.210168838289487,35.17071406326746,1.9926909165585256,1.9926909165585256,True,66.55872233966541,7.360306006644211,0.27687004712030966,0.001635096922327947,0.003951011120568255,-0.0014185621019123602,-1,,0
222,0.10389823357278725,0.08884729473507731,0.3810927124342955,0.03683362778458075,0.31227142102981426,0.07705671044344489,31.901981560210157,26.074210647214247,3.055867491233927,3.055867491233927,True,64.1326270875165,7.162595040098435,0.06450183769811121,0.0006396976634470104,-1.88155893641417e-05,-0.006112775064735835,-1,,0
223,0.23889268459094698,0.23322770921046088,0.022101582828881784,0.12031727993756552,0.17352411137873264,0.21193663205341215,27.92601511728225,25.189250454033754,2.6636397404562415,2.6636397404562415,True,57.899754947177186,7.228711293992322,0.14081305591738014,0.0009276828278707566,-0.00035764574017626107,-0.0038424011087778444,-1,,0
224,0.035997933447530765,0.12150200815091666,0.2162391352452355,0.4123331143208249,0.00940453806741846,0.20452327076807375,27.605265930863403,26.569035262761158,2.7559328661305615,2.7559328661305615,True,75.1879816728347,7.272915442799843,0.2577319228560344,0.0011844531658030814,2.2229058022560765e-05,-0.002687803296037187,-1,,0
225,0.15034164034220326,0.2452284766464228,0.11977199227298116,0.2941675067766762,0.04386318015640341,0.1466272038053131,25.73126079942217,31.05897117337599,2.3123104423784526,2.3123104423784526,True,59.71017795062359,7.24637881984178,0.1529658556047416,0.0008344114914628033,-0.0003048315051068451,-0.003153774559894673,-1,,0
226,0.009920874485553687,0.03877857467587788,0.12318228240498973,0.34696801892056844,0.0397510279041541,0.4413992216088562,34.789859460472826,32.616579695678574,2.031891974734854,2.031891974734854,True,62.68232837669517,7.396102999873719,0.4208818137211983,0.003192063061226762,0.009931409418574278,-0.0018278148848226445,-1,,0
227,0.0008627145361624753,0.039316037515883515,0.25360984085778276,0.3777722715731945,0.07762757664949763,0.2508115588674792,37.83267008379924,36.05259227800923,2.0247050271832716,2.0247050271832716,True,64.64827407861254,7.417502358016938,0.16282454932761387,0.003406112767007416,0.0027530809833437035,-0.0015465117829586538,-1,,0
228,0.1030704821308811,0.06572724505527634,0.03632872317979898,0.5664054078230759,0.02448356636226039,0.20398457544870735,27.071468630707894,36.579523608435416,1.8375536868722109,1.8375536868722109,True,60.783787319902544,7.340552875342413,0.5325576912008522,0.0015272380214044591,0.010162549613410848,-0.0017204937767551398,-1,,0
229,0.14904665061037084,0.11000837720156488,0.403027919225942,0.20464424884681356,0.08434036643371161,0.04893243768159714,37.135811468703615,30.107892899378403,2.570223794431655,2.570223794431655,True,65.22492387894847,7.292517508532222,0.06164515287224414,0.0015173233904130258,9.353510329286222e-05,-0.00397148228973295,-1,,0
230,0.18587589700385088,0.09102182959617798,0.08560739766287813,0.514715995369326,0.09493839793300282,0.02784048243476427,29.92890811295348,32.5556507961808,2.1571346999505634,2.1571346999505634,True,66.28957034168414,7.340553243399598,0.18392666501894173,0.001497530192709079,0.0013807924292158266,-0.0018682197846362897,-1,,0
231,0.2094009221986485,0.0007725799805679781,0.32690723118916604,0.3733270823694993,0.08099438889353275,0.00859779536858535,38.01832489247521,26.893647925683492,2.696116694109398,2.696116694109398,True,73.8290970095704,7.351039192705454,0.0902086747087404,0.002245556002060614,0.0003313041612028344,-0.0027288486544390666,-1,,0
232,0.3611910688009227,0.1315269409924818,0.3040305684252221,0.11457942823327906,0.003568077123843452,0.08510391642425102,41.2723019997458,25.528032804492355,2.656547179950845,2.656547179950845,True,59.622583930419395,7.32030364662241,0.06247784636338217,0.0023153245856930545,7.80860875265739e-05,-0.003916421438975367,-1,,0
233,0.277239303150197,0.15265478190374518,0.3614238402437059,0.008277838639037567,0.19248008038324654,0.007924155680067747,41.79497463714047,25.759371877069402,2.913699129515509,2.913699129515509,True,60.60329732347081,7.253486999556415,0.04452370323953026,0.0013914276907491478,9.155122763622108e-05,-0.005719817149175712,-1,,0
234,0.06331608100945044,0.033553731748438106,0.15743782235514167,0.6982204891538873,0.018955650477174322,0.02851622525590822,33.51497864072169,27.837364104603033,2.6423786657322323,2.6423786657322323,True,87.51653820751827,7.384405855126192,0.2968829109857025,0.002396718104087209,0.005028841737189428,-0.0014578288521051943,-1,,0
235,0.02273617601628717,0.507815014641643,0.29281293906769323,0.1278292620657356,0.005577219723863239,0.0432293884847778,30.77420874982884,26.021907225427967,3.4293486501167223,3.4293486501167223,True,71.86079965002136,7.0858968634851704,0.06194080486677935,0.00037588191052335756,-5.0974830542093274e-05,-0.007868305948270324,-1,,0
236,0.09765781642192647,0.20084828901990595,0.3044179930782338,0.22103355533426458,0.05957980455147852,0.11646254159419078,27.92332272433743,30.993128904192478,2.489433709594861,2.489433709594861,True,61.62907537846501,7.219925761609675,0.095552342994743,0.0007652992640070356,-0.00022212782790566966,-0.004077301486575737,-1,,0
237,0.0463485512971117,0.13902059942533504,0.16155588111971417,0.32435122359075275,0.09435439956271377,0.23436934500437265,31.004325269866303,34.965562531480415,2.067303105549694,2.067303105549694,True,60.86193478512074,7.33592115127994,0.17111901401892304,0.001697092560871394,0.0013878039970544355,-0.002169489381364479,-1,,0
238,0.22831042416066427,0.03697999853893691,0.05390949310156331,0.32746791059816416,0.1100684773330037,0.24326369626766764,40.57078404690975,31.76285099704405,2.0067548042135526,2.0067548042135526,True,59.922826157811905,7.445847202673278,0.16961787884509602,0.004425992567875658,0.0027378843499620935,-0.001519585599248179,-1,,0
239,0.29898846172591803,0.11885502008443069,0.008898876152169697,0.2985590350300618,0.06905426851182639,0.20564433849559338,36.46509641576359,31.250457153994294,2.015405549969837,2.015405549969837,True,56.75534146316324,7.393658103188136,0.16070485209051924,0.0028675828199531245,0.0017011021799983842,-0.0019039966085487813,-1,,0
240,0.03289391665475959,0.16638932426506822,0.144649818398034,0.6117535575119621,0.04299740989146334,0.0013159732787126552,40.10186390815807,34.87391507072884,2.237536969202214,2.237536969202214,True,77.10727387034933,7.446913609756655,0.1237471808566074,0.0037009242190476003,0.002158290267930108,-0.0011841344484003651,-1,,0
241,0.2418411167381175,0.09554044108111762,0.04850987206599257,0.14869189799116733,0.4088886345687425,0.056528037554862375,27.330281831203987,25.311021151140896,2.765241269296266,2.765241269296266,True,61.11278690590473,7.213735032872115,0.11307432990018924,0.0007131853200116727,-0.0001974649805563135,-0.004132332368585268,-1,,0
242,0.11051745182246563,0.10040729963287509,0.04275793142293426,0.10328420714915801,0.2313226205398457,0.4117104894327213,41.23598655305716,25.55254985009741,2.5572125386775184,2.5572125386775184,True,64.88299822858629,7.40194315281373,0.15426403226844354,0.0042305753811453135,0.0013902025146926825,-0.0023799782574577457,-1,,0
243,0.08363539113687493,0.30088114166903984,0.15976111541269677,0.23541812693022401,0.0024901600483878093,0.2178140648027766,28.62137064688799,30.088269100285956,2.4530582735668416,2.4530582735668416,True,62.01595608247548,7.253401221381739,0.13121953938358402,0.0010561665131907294,-0.0001784945876503331,-0.0034284786750567054,-1,,0
244,0.14138250865000454,0.129820432971413,0.04103182451869771,0.5034351596049208,0.08453344947253438,0.09979662478242952,33.20644119770087,36.43022640842027,1.9179053448157988,1.9179053448157988,True,62.44477315648241,7.389763497357006,0.18716959800345448,0.002248176107214667,0.002737346808944362,-0.0014426441053084806,-1,,0
245,0.18670839623673494,0.09036585557243412,0.048654571158069294,0.29103364462243647,0.37574560049075817,0.007491931919567108,26.125183673734462,30.41237430628317,2.378172602692704,2.378172602692704,True,61.745124398455005,7.252456683823973,0.1235985414297593,0.0007470027322817181,-5.230947409210109e-05,-0.003209662675078061,-1,,0
246,0.032691773578631296,0.11083498768664189,0.0015271326157587461,0.254288237653014,0.11740681186697308,0.483251056598981,36.20436254484834,34.045029348858044,1.9022279552916126,1.9022279552916126,True,57.43346133725617,7.41405486311514,0.34643409343654796,0.003615031969628783,0.008328200978206177,-0.001736423885239152,-1,,0
247,0.12176713306629533,0.17874855449442853,0.10426965317223702,0.09935969867291915,0.3338402624826839,0.16201469811143612,30.83343436934626,28.981512191721563,2.5301325924705345,2.5301325924705345,True,59.63069707827457,7.251488140320746,0.09265349941024967,0.0010522942202310559,1.1831232032834731e-05,-0.003978487306240303,-1,,0
248,0.5292854993137172,0.15227711047106265,0.03233098826849729,0.24682362949185346,0.03802816772974981,0.0012546047251194526,39.749537668066125,25.86216308613272,2.3825871908746485,2.3825871908746485,True,57.75919035093284,7.36633837292386,0.08395219478109067,0.0026028675655794032,0.00025690567202541235,-0.002785747515106679,-1,,0
249,0.11353189506162241,0.1388343972573597,0.045983881509793496,0.3358664224385571,0.24374012164444314,0.12204328208822421,41.24717993952211,33.28581382461467,2.1574651860174776,2.1574651860174776,True,65.34836394425427,7.434742289960429,0.10634116072447225,0.003843799768786442,0.001405822737148938,-0.001787478768628977,-1,,0
250,0.29269805534919674,0.06386740342505602,0.1620927254828275,0.2532098113990808,0.029617455613043884,0.19851454873079513,25.277820326437347,26.30910482838833,2.4474055564259594,2.4474055564259594,True,57.817618454261336,7.242744169741447,0.22310392318675912,0.0008791249421358428,-0.0007588606715164474,-0.0030783268475475765,-1,,0
251,0.28002768534157785,0.25650285723216093,0.04448418765488866,0.1318227600905559,0.18078230083977967,0.1063802088410368,38.52598995633278,26.869916242701713,2.5621614126264824,2.5621614126264824,True,60.47488649523215,7.323536915475625,0.074745355501223,0.002084976901148106,0.00017009082654937595,-0.0035307542757142285,-1,,0
252,0.17909850083051307,0.17370203651783098,0.431874318946216,0.20500913015524486,0.00930746748530726,0.001008546064888021,35.35993094523495,26.509194032423125,2.9736176376621364,2.9736176376621364,True,69.15651823064657,7.224873143124787,0.059886596114238105,0.0009918174819438625,-3.487028984633543e-05,-0.005049144477306159,-1,,0
253,0.22087937725765414,0.013600577594824517,0.03709703769887992,0.3163641955275868,0.010205037739224106,0.4018537741818305,26.00553152933275,32.22756530318542,1.866285250900278,1.866285250900278,True,52.15714499156849,7.303402173709787,0.6485001488530127,0.0013709912454751415,0.007916893054695999,-0.0021944263663589546,-1,,0
254,0.12264003030498909,0.12609498408378195,0.09572121719433463,0.34046289419001063,0.29251092951179397,0.02256994471508976,33.07378602866959,26.707141879715618,2.8052814220011704,2.8052814220011704,True,75.01052729977314,7.303443616500918,0.10628253360105792,0.0014233427090958018,0.00023446805857276398,-0.0030375698816565108,-1,,0
255,0.0916839496414367,0.3241884214996794,0.1137996707546465,0.4133524228088253,0.03379643049793448,0.023179104797477652,36.68846321934651,25.035293868353744,3.120311291452744,3.120311291452744,True,84.48831561026496,7.318721903048945,0.09423369171596364,0.0018938243621415283,0.00019609847025076445,-0.0030554838299782752,-1,,0
256,0.20441520767162574,0.3168705765043188,0.22779314860188402,0.17160569571305298,0.021432842571411488,0.05788252893770687,32.32515291276513,26.452114120217868,2.851399235981515,2.851399235981515,True,63.82209480381046,7.21125013806461,0.07279769131880348,0.0008886422435925016,-0.00010403623254427666,-0.004847571275885734,-1,,0
257,0.41403778220846366,0.14520299861401592,0.13925695815081693,0.27891534516075783,0.005063594722139291,0.017523321143806347,30.09733827508868,25.635843981281887,2.5477412855629176,2.5477412855629176,True,59.56287868588366,7.261575888029426,0.11426347012107697,0.001057229433923715,-0.00016578054375222708,-0.003366053122127081,-1,,0
258,0.13952086263119912,0.04498107307902064,0.40258476666715287,0.2387410458034588,0.15166070824104974,0.022511543578118687,36.65998419644842,28.388568695073364,2.734101656628576,2.734101656628576,True,69.78220494199418,7.290644461902011,0.06593603933851111,0.001470941424668456,8.53153958617144e-05,-0.00389216009806164,-1,,0
259,0.0657935041978122,0.03754579077684017,0.14552587781421863,0.04804239692935383,0.006289357462917907,0.6968030728188573,25.398586911337087,25.887611349420578,2.343993990398849,2.343993990398849,True,53.03306370584823,7.23518955046943,0.788013058054926,0.0012000467733665316,0.001498729503612202,-0.002870516588842311,-1,,0
260,0.23131756942294238,0.18686670556958787,0.057319492919329945,0.439874069436968,0.0458025510736312,0.03881961157754047,30.91337573124884,34.629393083672156,2.0073600956227393,2.0073600956227393,True,59.92416920434077,7.339400121884208,0.13876013996224296,0.001523839955615428,0.0008375401864069772,-0.00204316209390346,-1,,0
261,0.08834657080514761,0.06042315961421339,0.046530183525601565,0.7526107582812692,0.03928330306424806,0.012806024709520105,27.13736537713558,26.700014166990517,2.6865331792850147,2.6865331792850147,True,86.79807728880719,7.316087738818197,0.6114739772945422,0.0013620235009147044,0.008142212410937358,-0.0018616350140711582,-1,,0
262,0.20491488748644968,0.14280551170485753,0.12770187330425894,0.2644568684605348,0.25835575309317316,0.001765105950725993,31.16958259215627,31.453408880576635,2.332630582925663,2.332630582925663,True,61.087471221427414,7.283023953878319,0.08577481691192362,0.0010726207476086747,0.00011644756154809214,-0.00329723923699342,-1,,0
263,0.10324853337965195,0.27907818294113684,0.051885704856310534,0.13345032022031472,0.08733127816370359,0.3450059804388825,32.20521903839767,32.010382412395856,2.150448817196538,2.150448817196538,True,55.22611812805669,7.316113269691876,0.14541099143132052,0.0017660451032968016,0.0006598026225267056,-0.0028034121804817575,-1,,0
264,0.23175178260420645,0.10983103944162897,0.25235004742222944,0.31480286832828264,0.0688811798724864,0.02238308233116609,41.417440218317466,28.75319309905862,2.507970908637671,2.507970908637671,True,68.35636520099415,7.381121599635756,0.07401756333341367,0.0029007826997514046,0.0003691682521094234,-0.0027382601242549177,-1,,0
265,0.2497285369663407,0.22242482582310988,0.09423513753645024,0.09697149832590618,0.20397490997792972,0.13266509137026328,27.27694259829703,29.36345709292732,2.370697914677578,2.370697914677578,True,52.644392418488586,7.2163710686757705,0.1007469374839407,0.0007428340892397146,-0.000157028453399827,-0.00413067857121118,-1,,0
266,0.1391545419877068,0.1397400357224682,0.001255549520009959,0.05953174815205869,0.5048868517887921,0.15543127282896424,31.540627457534082,27.119882325696324,2.644990604738555,2.644990604738555,True,60.495907564804895,7.258124294821315,0.09458073606013823,0.0011197011499086958,6.875688965206338e-05,-0.003992171765054411,-1,,0
267,0.23444334761414343,0.23183818439199733,0.05707383314880935,0.34173538459835606,0.12145572285784388,0.013453527388849805,33.64995755451998,28.265452119217272,2.525886134496309,2.525886134496309,True,67.1062112221051,7.313227897864879,0.09962964367829993,0.001522110872726457,0.0002035672681067737,-0.0029225268392811094,-1,,0
268,0.10129270785734873,0.31321398521107274,0.035041696723901596,0.42374836956551054,0.041995497067637305,0.08470774357452905,33.20403953934279,29.06948472883948,2.562141802739678,2.562141802739678,True,73.23203226177857,7.329498973209087,0.132843224881314,0.0017427644326669807,0.0005939873888447228,-0.002472318486377578,-1,,0
269,0.06428514973752344,0.11912522948746222,0.0003501702685087879,0.48916362182962486,0.026897062081386314,0.3001787665954943,31.93742723610389,30.449868399135006,2.1922499718251607,2.1922499718251607,True,68.61189482125401,7.367825916649761,0.5189823588913871,0.0023910117610174654,0.010738467350724656,-0.0018966247766847163,-1,,0
270,0.11184655699880885,0.28749194343755374,0.0896358923633549,0.30200049873104196,0.2053539541645933,0.0036711543046471762,27.33561856747339,27.331923644087688,2.863937197327047,2.863937197327047,True,70.59313288208729,7.210406241176708,0.1020217818377765,0.0006589288380342079,-0.00025940153104626217,-0.004130617169689423,-1,,0
271,0.0397785158396574,0.01767431332305565,0.209554077275594,0.593798304169129,0.12218228002680856,0.01701250936575519,33.77130653533867,28.529706196309366,2.6742289479387193,2.6742289479387193,True,85.09659053570088,7.368745273123553,0.18324147668054305,0.0021167854484900016,0.0020711184303387137,-0.001750147301862967,-1,,0
272,0.14695765548355694,0.19535447546129753,0.10870576828710966,0.14977045736597744,0.17883361623550176,0.22037802716655672,38.920569813219345,28.110652089629937,2.502665288340539,2.502665288340539,True,63.386190793187,7.35287451463156,0.0944081056612953,0.002655508843120884,0.000438478617845987,-0.0030006129075758003,-1,,0
273,0.2696899135600878,0.06037906049956904,0.08986145431820816,0.11168884702203087,0.0010335903966611432,0.46734713420344304,40.64593837974395,29.270838600078527,2.0278529991262833,2.0278529991262833,True,52.903435709588884,7.423812909209885,0.1835409383019174,0.004533189638669085,0.002426745694839534,-0.0019706487878645945,-1,,0
274,0.18614704153572598,0.20721340405055372,0.1393747349571944,0.25073673126788115,0.009794031649132045,0.2067340565395126,27.77118887512021,26.01626768095216,2.647675646183438,2.647675646183438,True,63.3382455761971,7.246179575130194,0.17020268613423334,0.0010223384770254073,-0.000491729866480567,-0.003351674158009124,-1,,0
275,0.3971063962214393,0.025444265842280538,0.059133760306678045,0.18106701847922124,0.2587445329783099,0.07850402617207082,38.000505500532526,27.496454502649918,2.305640197304765,2.305640197304765,True,57.19098937358166,7.362265048836575,0.09403224441510556,0.0024098628151749397,0.00042971149019698407,-0.0027451739141479002,-1,,0
276,0.13728548645798697,0.14701971928988758,0.3379999233608155,0.251214828399082,0.017367131530800318,0.10911291096142761,34.581075663655604,32.35224980147166,2.3215911620980356,2.3215911620980356,True,61.9973161427353,7.305771428005504,0.08115067600246477,0.0015625149614576224,0.00018040955271809948,-0.003255895756335517,-1,,0
277,0.207593972425862,0.4749192168740013,0.09134845556289116,0.07844806325486046,0.11982970342169535,0.027860588460689676,32.57172277620822,25.970005838879842,2.986837119614415,2.986837119614415,True,61.24644434342859,7.165071804583409,0.06114590669372293,0.0006461963768990566,4.116304747234724e-06,-0.006051770656762431,-1,,0
278,0.26392895675053785,0.04296946285904109,0.07477004880399613,0.23142390380927444,0.007986594982912765,0.3789210327942376,28.50378117608332,32.42424727234798,1.86393650660085,1.86393650660085,True,50.0859598972719,7.326157963182601,0.3345134313366967,0.0016111801579564145,0.0031909889767401402,-0.002137512737504114,-1,,0
279,0.5972385192318826,0.03776030866774982,0.07813616093231747,0.1722828861565506,0.005455268073655602,0.10912685693784396,40.14948295532585,26.681722869358172,2.1538566830142214,2.1538566830142214,True,51.19211685279253,7.38571133696494,0.09735053586581052,0.0030991003570519284,0.0004686934179913174,-0.0025504327837719055,-1,,0
280,0.21712646702715774,0.019212934361605646,0.15001879224965015,0.2897336478911243,0.29238916056725567,0.0315189979032066,25.2199848191274,26.298009094977328,2.687873306669286,2.687873306669286,True,65.1035565926601,7.224205159135898,0.14893758467609536,0.0006820979557090598,-0.0004379094882128578,-0.0035235625356380275,-1,,0
281,0.3008924167892718,0.23082097166137452,0.16777975534394277,0.09145937547957578,0.017410181114060112,0.19163729961177478,31.18965186557855,29.030596977586093,2.30644086692018,2.30644086692018,True,51.6352676677717,7.255950416342704,0.09556023186727966,0.0011689737438099139,-3.3307121775876477e-05,-0.003809751666431264,-1,,0
282,0.029652433407388892,0.3247496395533665,0.08321300467676598,0.2956243949750608,0.014184760377191491,0.2525757670102264,31.91739606070513,31.51189303821938,2.343631828219833,2.343631828219833,True,65.07902622691654,7.316570549438383,0.15198643660678018,0.0016962665831938577,0.0006905282108435887,-0.002621423976221587,-1,,0
283,0.14165566589329998,0.233739173384544,0.20732738747456345,0.21131434689163708,0.03357175597888836,0.1723916703770673,32.39861470975707,27.592766191372966,2.6400218109146127,2.6400218109146127,True,64.60269847209842,7.269229358952385,0.10317030460607671,0.0013348785223254798,-5.236024920009387e-05,-0.0036269447136112205,-1,,0
284,0.0629850884247782,0.21442127616652853,0.3288445179317962,0.16636378911988542,0.09323372289466679,0.1341516054623447,25.22327601056767,25.01540717453592,3.1635943336976466,3.1635943336976466,True,67.4319903038739,7.129398525250806,0.11044435069804985,0.00047575021073454835,-0.0005302656790688252,-0.005537135836111844,-1,,0
285,0.20988663445312805,0.24460808987164956,0.35944271382780807,0.1455902726613184,0.02714192447397741,0.013330364712118679,38.474910435059336,28.12800955419727,2.758336517046798,2.758336517046798,True,64.03359618928944,7.257984601362592,0.05137556986514804,0.0012902374096574027,4.42139550319842e-05,-0.004957671615758741,-1,,0
286,0.08312756103791417,0.0883988330073682,0.10204035247759245,0.6928592471233895,0.015911080947675224,0.017662925406060313,40.174610824071614,26.185851603736563,2.7940421134605624,2.7940421134605624,True,92.90641155183967,7.447129290316518,0.2155109317566671,0.004262580266054805,0.00410806500690659,-0.0011587282369134595,-1,,0
287,0.32384967607718357,0.05780211443949108,0.009075362966888222,0.4041544227713903,0.14253822242559347,0.06258020131945347,31.83380072856429,28.761043783924357,2.2397662043477697,2.2397662043477697,True,62.783447174925335,7.346555277627357,0.17870432055003707,0.0017552938212373399,0.0010604324918579795,-0.0020874510812091836,-1,,0
288,0.13221258381261813,0.31065138369824147,0.23727169933316533,0.22872546925185264,0.004456192632622245,0.08668267127150028,31.628808254519218,29.024254675698224,2.6569307237542734,2.6569307237542734,True,64.92810033547785,7.237890795853809,0.08041615676110955,0.0009906335694750217,-0.00010764718217993009,-0.004204588167116604,-1,,0
289,0.0583936236850973,0.03132673854602163,0.24019410617246625,0.45812365118705695,0.19393228950569882,0.018029590903659055,26.050882984372176,27.999152931314548,2.7594563231161318,2.7594563231161318,True,76.93646999135385,7.2551597770038665,0.1669728829881251,0.0008260136103166234,-0.00012838774165956657,-0.0029274300171545876,-1,,0
290,0.18444654775289368,0.04079419555597555,0.09138496370936117,0.08587274815023785,0.0698037403218087,0.527697804509723,32.341968249190884,29.476326045246346,2.0501921700710297,2.0501921700710297,True,51.55815373977494,7.344927136830617,0.301302672887096,0.00227886359022308,0.003201532027033398,-0.0023691345865007474,-1,,0
291,0.17935757859915688,0.29593452888611615,0.0701503769906558,0.2149430933545089,0.1256851741422825,0.1139292480272799,37.13880397798702,27.551769838760887,2.6276063266864647,2.6276063266864647,True,66.06151831534439,7.320134308863883,0.08373017773921691,0.001965054919540592,0.0001928132984327194,-0.0033338800209363126,-1,,0
292,0.024205649300474325,0.09537261790285409,0.095619569420694,0.2007335529474261,0.0949874977119001,0.4890811127166514,33.163609704408984,30.844181748750742,2.1367068335662616,2.1367068335662616,True,59.470661859810676,7.3599051430572136,0.3299535547623882,0.002534686925666232,0.004814327277775324,-0.0021581290910810224,-1,,0
293,0.18188854936880855,0.07775439367682922,0.15362605101909424,0.2250328661206032,0.029951773914578782,0.33174636590008605,26.147006694190253,31.96275962223699,2.0299257597976994,2.0299257597976994,True,52.925022235121084,7.283758621255616,0.267318611560114,0.0011521409163963165,0.0006998708544343861,-0.0025205070076250048,-1,,0
294,0.17663582509979628,0.14506645745018035,0.15885777126115727,0.2062313482088824,0.015622398705471661,0.2975861992745119,39.6520791666507,32.57469770656399,2.0473758955767836,2.0473758955767836,True,56.82335614072648,7.403637444621508,0.12478960656281803,0.0035820517162122073,0.0013080844135196009,-0.0021197625440673115,-1,,0
295,0.28301841048957055,0.023410749987685164,0.00787649397924928,0.2234496551110562,0.216071217676837,0.24617347275560192,30.61974587388489,32.67643317683267,1.904996282599802,1.904996282599802,True,51.61212938660979,7.344257425764621,0.20179747416560737,0.0017395926969022326,0.001715752623770364,-0.002143702195855956,-1,,0
296,0.10729943354452015,0.11593769431855588,0.1742824951906841,0.1542996158497876,0.15493134941230283,0.29324941168414964,35.28059806658979,28.934234185352075,2.402721593323134,2.402721593323134,True,61.610081232323914,7.3334181056830445,0.12748222304216836,0.0021834627727647963,0.000591681684850969,-0.002859883129609483,-1,,0
297,0.12874031023163415,0.10440691725642183,0.1635181324975143,0.053307307953017094,0.2968440762445854,0.25318325581682727,41.79231226764421,25.711419746131114,2.741353737737311,2.741353737737311,True,65.15401956748674,7.355903120939754,0.0819116522970559,0.0031243208105536002,0.0003092936560500974,-0.0033864935001095666,-1,,0
298,0.17295138082707148,0.05367351803193687,0.19138403453610126,0.18533369367004723,0.27006642973827233,0.12659094319657085,26.518642156199412,31.410022552450975,2.2662987434810686,2.2662987434810686,True,56.16546726716864,7.244191186690892,0.1203824848227202,0.000803108008534125,-0.00010674526050507073,-0.003454392425474055,-1,,0
299,0.052614395126217205,0.024802750391762433,0.01580563503520306,0.335586973490669,0.11811235938524628,0.45307788657090203,27.466489266024702,26.5979089734327,2.3951231734132947,2.3951231734132947,True,65.62743798990762,7.281828645596386,0.9318188681745567,0.0015163281883734418,0.009414269413630948,-0.002516093457461776,-1,,0
300,0.524543085421917,0.14756217640881417,0.01209496589866751,0.11088339370059885,0.12674326916560344,0.07817310940439896,39.948949905605424,25.799638361570953,2.3537341977672823,2.3537341977672823,True,52.97596413314263,7.354127527820046,0.0789449444692757,0.0025591086042774957,0.00024152989515811456,-0.003133655735339653,-1,,0
301,0.29340690746382997,0.12013258219924038,0.24508916357345878,0.01969758801040084,0.06242174985942017,0.25925200889364985,31.364979500795528,28.655276792753057,2.290978042059791,2.290978042059791,True,49.533456704943724,7.255904430958358,0.0992734859890663,0.0012325453446884046,-3.201119506705523e-06,-0.0038773265097492805,-1,,0
302,0.14772917975268549,0.06547796189817053,0.03263514503027778,0.5896792332384226,0.01402349007257348,0.1504549900078702,34.03022944885673,27.241145509080223,2.455736482094307,2.455736482094307,True,77.40568669731306,7.388136415045169,0.3862533725736381,0.002701895981976492,0.006850732915616687,-0.0016046068212597873,-1,,0
303,0.4558992562436853,0.005322682272785201,0.03255138265414781,0.03818880627444856,0.3405799410678093,0.1274579314871238,33.68983612695276,26.405411719133628,2.3144194807693923,2.3144194807693923,True,50.14368299033475,7.300524062402416,0.09755148054105955,0.0015255365864602437,0.0002168815527708489,-0.0034029705943645415,-1,,0
304,0.2688014740729884,0.4752132800059886,0.010958885780074047,0.20052480123869137,0.02727251076270867,0.017229048139548817,27.094423728277988,28.32649571238747,2.5860589249182904,2.5860589249182904,True,57.46571651579559,7.186052273867796,0.08803314997003962,0.0005817795685665959,-0.00021598227752754465,-0.004615862435296697,-1,,0
305,0.2179997242497007,0.14342530499619577,0.17069209314176004,0.22122132013131468,0.0018518880657877464,0.24480966941524113,37.0095924735911,27.580874942532347,2.416492531666744,2.416492531666744,True,62.21181598058342,7.352295366469906,0.1265584380981711,0.0025662570392035776,0.0005851586949298569,-0.0026422862434841527,-1,,0
306,0.15702101849290176,0.22945498381964569,0.002505965250137266,0.23657207018533646,0.17606446427023903,0.1983814979817397,28.23871610085782,30.31688247765816,2.284298808791785,2.284298808791785,True,58.84891107902343,7.281271609170607,0.16021579587258875,0.0011461456576617936,0.00019609194503576114,-0.0029012557690896662,-1,,0
307,0.3297004441396206,0.2558183421270699,0.24280826865415028,0.0680847113360326,0.07916094454903094,0.02442728919409558,31.240470037887956,27.892328655236764,2.5723836032495755,2.5723836032495755,True,53.071920372951,7.189369621374882,0.06466817834782644,0.0006972629215251486,8.516739417791028e-06,-0.005253585765098653,-1,,0
308,0.23548835999933357,0.1819588538458538,0.18755411407415382,0.28416872937431353,0.04199203792366144,0.06883790478268378,37.27328245579369,29.08029324464691,2.439511781116476,2.439511781116476,True,64.44053595362377,7.339755442762789,0.08572199561080068,0.0020972545010442332,0.0002819876359738287,-0.0029341363955110024,-1,,0
309,0.2402482425297172,0.0865840832323608,0.14327631341316063,0.3753714653289893,0.007446652482762042,0.1470732430130101,31.142926490133,26.022688624274156,2.558131797964175,2.558131797964175,True,67.8944637543913,7.313141053056024,0.19415286528948061,0.0015975359507954822,0.000420742309597062,-0.002482449723444674,-1,,0
310,0.060006927469590514,0.03880390094127741,0.051517792712733386,0.37928827443195745,0.03611604329515207,0.4342670611492892,41.29775026061614,34.396291364909146,1.8613942768600966,1.8613942768600966,True,60.735663508930564,7.477009737011868,0.3317969161372213,0.005900267509265315,0.01007803346229457,-0.0012713543552297431,-1,,0
311,0.3766097021791846,0.27785117257786035,0.0351623358517325,0.16682027119631915,0.044483505944094365,0.0990730122508091,30.560964269100833,25.312949499432573,2.590506817111106,2.590506817111106,True,56.55522781189034,7.2465401484202046,0.10606448643469031,0.0010567587566320705,-0.00014494865582383474,-0.0037883442740203137,-1,,0
312,0.12998204701376273,0.1014171997089484,0.006095166366593568,0.06007173844735653,0.6392065009213642,0.0632273475419745,39.10411125090346,28.367330665644605,2.6311864560712026,2.6311864560712026,True,64.1446516270096,7.329775092540737,0.062438043679770586,0.0018961865748297008,0.0002723224645545937,-0.0037595725692391546,-1,,0
313,0.4781700280180068,0.0867769066747306,0.09089023492043014,0.11270782105873825,0.04588781039379287,0.18556719893430124,30.88909558403469,27.863429276987034,2.1462421822107935,2.1462421822107935,True,48.024845897185074,7.290486788344977,0.12700036680347607,0.0013669471720108056,0.0001626613612898689,-0.003106580088431119,-1,,0
314,0.26396798152033435,0.185024374390205,0.031118823922062416,0.3039932797761461,0.20443508760620266,0.011460452785049457,30.31208589132204,32.337633328522706,2.1623354217674584,2.1623354217674584,True,58.04593228189263,7.299527933796072,0.1033392709428345,0.0011589776622269513,0.00022150041486404545,-0.002825961947161461,-1,,0
315,0.177928468160048,0.0003902163126808534,0.08985364478682904,0.3774229330328147,0.17826927215053862,0.17613546555708878,33.01887293652568,31.590155057720064,2.1105478041557113,2.1105478041557113,True,62.56224424369077,7.370931015278852,0.2061705005536734,0.0021825833034780978,0.002349086340452933,-0.0018460315465333968,-1,,0
316,0.028534854589492557,0.31596937874269765,0.003620400778891452,0.19489634651222254,0.38993858620704763,0.06704043316964826,35.11720853010206,30.434622345379736,2.64064960335582,2.64064960335582,True,69.025127241605,7.296090209171133,0.07068712206365443,0.0013788536823307249,0.0002076495830077795,-0.0037033771323162785,-1,,0
317,0.2592928939916733,0.0231725797514169,0.45954099513724883,0.09443238990743992,0.08575539467532088,0.07780574653690027,27.762406053647585,29.072145154505318,2.4897028153156935,2.4897028153156935,True,53.52029796471129,7.179759086792695,0.08054476806804152,0.0006012900719419734,-0.0001399186754678691,-0.0049261035445050975,-1,,0
318,0.20758956828523034,0.3557432633014161,0.16085574351679338,0.024876912876542857,0.11614337713843399,0.13479113488158337,27.02298871714009,25.37653064632839,2.910330764160326,2.910330764160326,True,55.39720853835082,7.126960665936754,0.08691280414953746,0.000494230981364581,-0.00014535479088849282,-0.00594125818705342,-1,,0
319,0.263633230281647,0.3312163991512495,0.060835907509004035,0.05995055611064416,0.12926577288062,0.1550981340668353,39.70063418887173,26.446562494135335,2.628516021497465,2.628516021497465,True,58.79241003844187,7.309897797178851,0.06705550948874883,0.002133504880542417,0.00011155151696320695,-0.003992316393350755,-1,,0
320,0.08754097349340514,0.18203648208070256,0.03976860752086373,0.2524989674613884,0.2235073394966793,0.21464762994696096,41.1615385736353,28.323946843808777,2.5114322624672187,2.5114322624672187,True,69.78286695248545,7.406687928601859,0.1153427217637347,0.00375937531582736,0.0011057028812215758,-0.002255049291734364,-1,,0
321,0.2960998464058299,0.053416725640394486,0.08062955597290404,0.27560677757488466,0.058924282974639114,0.23532281143134776,37.230065532457516,30.662828036897604,2.0399295780963107,2.0399295780963107,True,56.849009929649675,7.397944874735646,0.1614138808178414,0.003087535626510669,0.0017274716597555462,-0.0019266808271776615,-1,,0
322,0.3950893974882757,0.01856981835107505,0.10384131447901099,0.46736044728093723,0.0002619564724395197,0.01487706592826165,35.65566219325078,30.795175459263582,2.056758427061868,2.056758427061868,True,60.920813973737154,7.391264646188808,0.1464335551009044,0.0024987858166397154,0.001289143157054427,-0.0017351631342941022,-1,,0
323,0.1146439326808436,0.13780897123926536,0.04175344716212514,0.30843635142502884,0.12887071101475278,0.2684865864779844,41.48604891192458,25.03263904757384,2.7065406360587976,2.7065406360587976,True,75.06947815738428,7.417794319159377,0.16399498614113617,0.004381796952233894,0.0017382482242841286,-0.001979556288703239,-1,,0
324,0.07471931076548895,0.30750382341162785,0.03631799028302232,0.22299614843297286,0.017501485475191116,0.34096124163169705,40.2694531631173,28.48645371949538,2.4365609429125414,2.4365609429125414,True,66.29918716211644,7.395647038624563,0.1408350123243737,0.003811445070387185,0.0013176296596801092,-0.0022736909697438,-1,,0
325,0.15740034267818187,0.26571401231097264,0.3210560751627746,0.05473693598556145,0.14949639310919727,0.05159624075331208,28.705991006702668,28.768750451849566,2.7599792620647663,2.7599792620647663,True,57.309132240123496,7.134719294356512,0.06587673802772999,0.00044573249655520663,-3.537412645923784e-05,-0.0062638656968282665,-1,,0
326,0.05572746532466412,0.0025892633746833304,0.11033735406460297,0.5290021866921353,0.13647175889545549,0.16587197164845874,27.483408238384722,32.30972054769762,2.1770335201325395,2.1770335201325395,True,68.77510930349509,7.329166483529793,0.40685828078270003,0.0014412147948636817,0.0055227327358026825,-0.0018425670138371745,-1,,0
327,0.07573300149348171,0.26640567332306575,0.14656220754744265,0.09233470705176713,0.29942167326786273,0.11954273731638013,28.367053670225495,29.442535799276452,2.6602462638552935,2.6602462638552935,True,60.40057703642211,7.191102353741659,0.08143346632324602,0.0006490823955012056,-0.0001254491382778925,-0.0049351476726247215,-1,,0
328,0.19085482816830387,0.026414003967655114,0.31149293612084733,0.38747135489667156,0.006569493432809307,0.07719738341371281,25.079646541338494,30.681393534424526,2.3189451603746107,2.3189451603746107,True,62.35327437402518,7.251383734506279,0.16923401870950003,0.0008030551987163739,-0.00037370927986845183,-0.002884453790176978,-1,,0
329,0.3754800656401303,0.17933469067189484,0.16790042877028266,0.17112105228266553,0.056904280032990674,0.04925948260203601,25.077341386090804,28.92919337022686,2.3197758500941346,2.3197758500941346,True,50.86499834165211,7.199209674374389,0.1095706909008842,0.0005923991254826688,-0.00029292701196671485,-0.0040376460354792825,-1,,0
330,0.3861464116222622,0.023100449541657506,0.22458527337140355,0.26500552717790304,0.00811953940106518,0.09304279888570856,25.817304595994546,29.02377626154169,2.208101831870242,2.208101831870242,True,53.23183418833975,7.249803991344514,0.15501767773491154,0.0008401183936383451,-0.00032740234315227273,-0.003083835515207712,-1,,0
331,0.0981135845167329,0.021025404306923016,0.052145810172915474,0.6678587298161047,0.06922063206851489,0.09163583911880906,28.63603815030915,34.7348103501027,1.998259470933386,1.998259470933386,True,68.56834787747917,7.361033401824767,0.46053741660515607,0.0017139136212533691,0.009649436712187213,-0.001524626280546077,-1,,0
332,0.14569695173955874,0.02187479467468638,0.14954436837745938,0.3321394818172221,0.22139356270408111,0.12935084068699224,39.70007303907775,29.921825785382556,2.346074195002821,2.346074195002821,True,68.31063158700285,7.409089776276539,0.1182954324701277,0.003349999205701011,0.0012410045148116776,-0.002004300649327877,-1,,0
333,0.12178238651847252,0.1123486845755692,0.15657402730798142,0.49579270567615624,0.0022785371925359895,0.11122365872928479,34.49174862982376,26.30263980933542,2.7094204647673803,2.7094204647673803,True,79.44216813376953,7.357873654035018,0.19251936989160168,0.0022789725029253066,0.0014540519329903573,-0.0020293515357131574,-1,,0
334,0.32215167832304753,0.0071107031127132445,0.26862564619649204,0.2216202324665447,0.05370466673908401,0.12678707316211868,41.77690697891694,27.199077066985428,2.420198788222362,2.420198788222362,True,62.05377196155702,7.388478552058941,0.0878044651494808,0.0033802369394912023,0.0004343145293334926,-0.002658510110229421,-1,,0
335,0.1848973235625371,0.5232520923438692,0.11792822033987883,0.02765806026188442,0.0020894374801692117,0.14417486601166124,28.68427017388053,25.747327404849138,2.94893748752463,2.94893748752463,True,56.31591231563795,7.1237156326175795,0.07645431129342407,0.000530780025609435,-0.00010622162918356998,-0.006301322229604359,-1,,0
336,0.378033831986991,0.15449111064487717,0.01860286530681745,0.24018439607583725,0.1764316527779335,0.03225614320754361,35.338813747302616,27.00167551121305,2.425162428443865,2.425162428443865,True,59.937223311214396,7.326481283685158,0.09534912053295196,0.0017810280615957695,0.0002266226187123706,-0.0029726554988731297,-1,,0
337,0.11184921390913583,0.006680193485540009,0.41476166368326617,0.04686282441062713,0.36182018280520145,0.05802592170622936,30.06394256981082,26.543244600448453,2.985908267359102,2.985908267359102,True,63.032061596914275,7.155390732912602,0.06895616033012737,0.0005475182164350228,-3.6209423660694754e-05,-0.005993476704344344,-1,,0
338,0.14268646578260574,0.29191869938663256,0.289195894296824,0.02450652982326775,0.2507274567347359,0.000964953975933953,26.564085552128184,26.215259320714832,3.1416215302822135,3.1416215302822135,True,59.356168098877035,7.057062749914343,0.07174742593331698,0.0002366723691080158,6.570561897614907e-05,-0.00783428263303328,-1,,0
339,0.05016708469955065,0.012489647541711899,0.29297986462440123,0.002242350905277502,0.08563905267742099,0.5564819995516378,32.7699923856695,31.414574752291138,2.0904046290503073,2.0904046290503073,True,51.649721951117165,7.326008547494493,0.19827372634962684,0.0021420409841350053,0.0013987550549372683,-0.002749629465662865,-1,,0
340,0.23974955895155298,0.11687811918164061,0.06673266311769768,0.045823689074853104,0.04129086861425277,0.4895251010600029,28.544488385001188,26.366433481543055,2.288854440460395,2.288854440460395,True,50.94972807081665,7.279462141950331,0.27963152833889504,0.0014196377760801225,0.0003907865807040197,-0.00296447866888594,-1,,0
341,0.2570442952186567,0.16361358419679856,0.17491814952677429,0.1716680170086744,0.09026885671357779,0.14248709733551831,31.094092208852036,25.927996578266796,2.6475219194031805,2.6475219194031805,True,60.499226659343556,7.252899239300282,0.10762932800216395,0.001146328127108685,-0.00013960812297477107,-0.003765422185065083,-1,,0
342,0.39212942015176877,0.017263451335384497,0.06113191843582239,0.1981182152051058,0.038970578327589316,0.2923864165443291,33.45459607316492,31.32613293899842,1.8738867348455417,1.8738867348455417,True,49.19867089374336,7.3662054630132205,0.19311564224999486,0.002296399100753914,0.0018092994233777175,-0.002091503763322511,-1,,0
343,0.10445292053281288,0.25489987351727394,0.10753290218131772,0.28587603378878845,0.04232309732400825,0.2049151726557989,30.053050842883124,26.319238686066015,2.731897689802084,2.731897689802084,True,69.01264012347076,7.2714933349575155,0.1582667759289269,0.0012831120456952196,-0.00012125537413453359,-0.0031706958324222777,-1,,0
344,0.2899418292060606,0.0845358319635478,0.01241174159152603,0.29519126778622023,0.10420358413782628,0.21371574531481902,34.36844666772853,32.097496527709694,1.9578073839379135,1.9578073839379135,True,55.29517284285695,7.379399388273045,0.17914828708062755,0.0024383833012324055,0.00189465079809078,-0.0019140982768224273,-1,,0
345,0.014757150143457293,0.3495677941396811,0.19417682821675925,0.20424342766912562,0.2371343777124774,0.00012042211849938891,37.82471351382409,28.371140825761223,3.0576613656674083,3.0576613656674083,True,76.71651211766168,7.257766282368793,0.052012961016207934,0.001145158013542891,6.285401135825797e-05,-0.004952843248046254,-1,,0
346,0.2754481854000866,0.2408922364126572,0.2700965045188296,0.09552650053311451,0.09329162677150805,0.024744946363804178,40.30399915714724,27.995887686941266,2.636124161360424,2.636124161360424,True,59.84504679891696,7.287300205554618,0.050520595674668,0.0016391217457995722,8.684291182353803e-05,-0.004651716870912645,-1,,0
347,0.6085294496857275,0.09726279241020926,0.01606649855129466,0.172795351261941,0.0161834859044071,0.08916242218642045,34.288128563959916,26.348387818531695,2.185176060392644,2.185176060392644,True,49.64356042344513,7.326138112950772,0.11274181614075922,0.0018059797176908422,0.000271075209370186,-0.0028501920396513704,-1,,0
348,0.08957948950084274,0.17066202551979928,0.2321526340286203,0.13249815852374,0.027073459970399772,0.34803423245659787,37.90107338686714,27.94044699926945,2.500371778082206,2.500371778082206,True,62.99313865943687,7.344056045987941,0.11847182579707312,0.00272975796211793,0.0005249150346418117,-0.0029505998600401324,-1,,0
349,0.4355303608640893,0.018177668552039835,0.18991925359124406,0.16398553558614606,0.09915680212921894,0.09323037927726179,29.57592918341587,27.702195457997217,2.271917928610299,2.271917928610299,True,51.63768144353221,7.2656481704674025,0.1142026639636633,0.001071990765432941,-3.168618236513441e-05,-0.003364458236784776,-1,,0
350,0.34569794715549496,0.044969111489758615,0.09995970874974387,0.2595385599165679,0.22597426331276863,0.023860409375665848,30.821295224229658,31.138141374713705,2.130513803571258,2.130513803571258,True,55.18412044294092,7.304837868083925,0.10671491009418083,0.0012493912590718261,0.0002446404518355274,-0.0028235678793251066,-1,,0
351,0.1281660574513248,0.0806959919476964,0.046287279159628145,0.5533908315039557,0.1290112391645683,0.06244860077282673,28.57858514731052,35.34340445467618,1.9975261322124476,1.9975261322124476,True,64.75276199646825,7.348210788343377,0.24527275029039225,0.0014788617882459196,0.002941908326445303,-0.001588448126657212,-1,,0
352,0.17598083053046384,0.16119088329113315,0.5225573492992812,0.04623051922887732,0.08242459480633925,0.011615822843905213,29.633019859764843,25.12948936805959,3.231999069266161,3.231999069266161,True,61.52125423418385,7.0752910362064005,0.06453950778763293,0.000331049842969158,6.041628574336308e-05,-0.007754791401729095,-1,,0
353,0.3797534516019761,0.23968082014143047,0.009562502274710422,0.2196702759780484,0.02675595300381551,0.12457699700001913,40.742147472465874,26.86158535767894,2.3805848428014924,2.3805848428014924,True,59.58989516752492,7.381490507403123,0.09291162648352569,0.0031501119665835894,0.0004253160929206077,-0.0026504724520931794,-1,,0
354,0.1274575778887058,0.10174610525202787,0.024691730572721615,0.25002423203944774,0.09878566974939372,0.3972946844977032,31.19894095430733,28.665946751001375,2.232808753896792,2.232808753896792,True,60.38375981161978,7.338008340961692,0.34488470867750165,0.0020276210808274475,0.003534343856424037,-0.002232702695495693,-1,,0
355,0.026191374823376138,0.3697257760700399,0.10731711934655461,0.25637374042103084,0.007960175859529448,0.23243181347946903,38.566743120416135,29.12129894707938,2.602764089811394,2.602764089811394,True,70.59751182695648,7.35243759487173,0.10195247103139903,0.0026932659485109736,0.0005418249426950869,-0.0028343510329809194,-1,,0
356,0.19535799937281575,0.17326313475945956,0.17207977763652385,0.0710779236956112,0.04041273453434725,0.3478084300012425,31.334326623884884,28.97317900198818,2.281946281725196,2.281946281725196,True,53.05269806177756,7.283235313224128,0.13636971332825135,0.001496844599161915,0.00013302990147110472,-0.0033065023581392507,-1,,0
357,0.0124716856945655,0.03610198206408422,0.2612383742591237,0.05482115970234921,0.31498467530769886,0.32038212297217855,37.58576398213371,25.158307057177623,2.9115058053203025,2.9115058053203025,True,68.9539368444219,7.3091813064981705,0.10138876090287685,0.0022672277018853056,0.0002122629283068387,-0.0036522492235382545,-1,,0
358,0.3652618770943992,0.32260174650576734,0.09555964836105899,0.10838399629240951,0.05183957443032991,0.05635315731603506,35.78246691052789,26.322649670247817,2.6004235061101655,2.6004235061101655,True,56.34399226831211,7.262766492886948,0.06755360647867216,0.0013394562216992756,2.9810156212332723e-05,-0.004299481622381632,-1,,0
359,0.1067159867916946,0.34245383810240315,0.20705413964138328,0.06858533485404784,0.00019721144662243446,0.2749934891638487,31.581344947918822,26.050215025250903,2.82078078213962,2.82078078213962,True,60.85271303074858,7.214567708581047,0.09501269825168947,0.0010937460381653964,-0.00024622413633635634,-0.004672463104222019,-1,,0
360,0.06782842265588152,0.13006630685041556,0.229395791591039,0.1328467971488136,0.09017748231326625,0.34968519944058396,34.42024672454868,26.678522178913436,2.6311039851302187,2.6311039851302187,True,64.45621426667704,7.306444161264698,0.13860984531640322,0.0019962333149763194,0.0002805317001804173,-0.0031906108410305264,-1,,0
361,0.0570541443966678,0.14101228403737243,0.2881097290433567,0.47909689097690883,0.01200161164453747,0.022725339901157,28.12375365748875,32.123622842442366,2.454712899385466,2.454712899385466,True,72.16826211244991,7.280205118335685,0.13005435810518856,0.000995219034508925,0.00013594465043771108,-0.002708077925794168,-1,,0
362,0.4886772349104241,0.08014257520789049,0.026868070975885925,0.2968323958030338,0.005716315777652806,0.1017634073251126,25.74704607337191,27.101179158016148,2.202815218764162,2.202815218764162,True,52.80523858108164,7.26878917342366,0.2149822185848287,0.0009458429076259089,-0.0002721607197113357,-0.0026930285507378803,-1,,0
363,0.47820635215210194,0.03974543589917388,0.24687627514267008,0.1598910278973969,0.010706746349776922,0.0645741625588804,31.201366589362085,28.544264380782295,2.2053455762962297,2.2053455762962297,True,49.971450208911115,7.271029343896964,0.09449814550057893,0.0011586863772612053,1.841983484534757e-05,-0.003463485798387008,-1,,0
364,0.06029893866991889,0.03901077032846154,0.0568551586086352,0.5833922663628857,0.11180795296519822,0.14863491306490056,27.07769583620366,29.2627576203502,2.3948970107578074,2.3948970107578074,True,74.80633504012285,7.315893687076206,0.5434753969741384,0.0013919259309063585,0.00701479857626391,-0.001973484220849206,-1,,0
365,0.3246242720597769,0.14697060010186744,0.028008034611502825,0.02571394633714053,0.4074902923960862,0.0671928544936261,31.2110289659222,27.07830760592362,2.5103784345527633,2.5103784345527633,True,52.90565231103549,7.2351151616852665,0.07858191447919811,0.0009121098103170564,5.3963880225675156e-05,-0.00438194909572401,-1,,0
366,0.20555874933976914,0.29763991063274126,0.02856825530196117,0.06133420121374027,0.36219878440269515,0.044700099109093124,28.928298978655143,26.70768353117348,2.788836902602254,2.788836902602254,True,58.24008217608621,7.177082245205653,0.0770075181749264,0.0005903052853357568,-4.382200715810375e-05,-0.005265656298287192,-1,,0
367,0.11280031002412895,0.0441478010902155,0.2420597025128124,0.465284801808842,0.12578150168022098,0.009925882883780126,39.448179062763806,34.384588329722924,2.188057782387002,2.188057782387002,True,69.63015250951675,7.417008854632923,0.09697955387691201,0.00304804953274756,0.0011374052311450506,-0.0017413598973184368,-1,,0
368,0.4138367931722116,0.017820836409773482,0.18288170731012365,0.11919464114378754,0.21180165280529015,0.0544643691588136,35.97351012903745,25.007361526073204,2.590677607077634,2.590677607077634,True,57.41481513627867,7.295076139147327,0.08068614756249226,0.0016019268510916965,8.430807851356318e-05,-0.0036691200492648002,-1,,0
369,0.2003739319207751,0.22570570088733402,0.005348322423710993,0.5415554409387773,0.0025220132547920946,0.024494590574610477,38.13419597383042,35.02013480280387,2.0030535282945503,2.0030535282945503,True,65.44137656182204,7.427514829728935,0.13425600593996187,0.0032054663429005635,0.0019176340948707086,-0.0013511428186219845,-1,,0
370,0.23663812039332613,0.24547653291169036,0.14063007996020294,0.1635325835980497,0.009309056116845283,0.20441362701988577,38.9059236719011,27.420057480861786,2.487155284117673,2.487155284117673,True,61.03968437527946,7.34274447866838,0.09074708674321981,0.0025632012541410083,0.0002764091589465164,-0.003122314236414063,-1,,0
371,0.20568868062975715,0.1172372561100872,0.3175008830689575,0.010743816166472285,0.026757804239248294,0.3220715597854775,31.89437009685834,28.525990178388852,2.3706696834829337,2.3706696834829337,True,51.84652493501334,7.254988278670442,0.10254796229740674,0.0013275725396791642,-4.404230113100484e-05,-0.00395817444646186,-1,,0
372,0.2047745182927878,0.2581882624644402,0.00020901483910140814,0.07596267154877707,0.18043557348375966,0.2804299593711339,35.181498080049494,26.311666338464338,2.5396159110396654,2.5396159110396654,True,58.575429228956025,7.308139705630298,0.11269875119482446,0.0019405867314352288,0.00021702856736366936,-0.0033541686324398507,-1,,0
373,0.4871965770609672,0.03986892487919531,0.2323328522495048,0.21869288027040334,0.0036483273561184006,0.018260438183810897,37.52665524445813,25.53560017576724,2.4774718863313567,2.4774718863313567,True,58.02655712422925,7.325502096498522,0.08232125162944307,0.001982313076369572,0.00011341144068981757,-0.0032055512658193835,-1,,0
374,0.04283528796446175,0.1917834998818996,0.18787910283288095,0.45745853189670765,0.024010565950766283,0.09603301147328383,36.46471894259651,35.8290794734978,2.137455575613477,2.137455575613477,True,68.15077533876585,7.38951413780249,0.11742668929152593,0.0025286422923626773,0.0013375047941501233,-0.00179431221284784,-1,,0
375,0.16344220546441826,0.13075878152405218,0.1434481637901918,0.026973506749377985,0.12486816478199393,0.4105091776899659,27.34625689594436,26.899662543228835,2.4267974869794084,2.4267974869794084,True,52.728285478076316,7.2409154021350215,0.1880471872780458,0.001071693621045942,-0.00038701394050794747,-0.003592668308933382,-1,,0
376,0.10284376838188551,0.1530774725695234,0.16369025880340363,0.4830912083450886,0.022812585937178307,0.0744847059629206,39.42423618649276,35.41874616455934,2.082935204248544,2.082935204248544,True,67.50489182332697,7.427749323399398,0.11750142968864546,0.0034232916114892904,0.0016480203117633539,-0.0015096583316833877,-1,,0
377,0.41919568162039483,0.03203085931900175,0.08815392723868937,0.45628926071863574,0.002608517914594248,0.001721753188684124,34.495429600936895,30.9514304702859,2.0347272513183974,2.0347272513183974,True,59.36916145604902,7.377888410202918,0.14394425577083167,0.002203025593966158,0.0010825173579824471,-0.0018319538933547568,-1,,0
378,0.15176016157704733,0.027350405866935223,0.13207417685108183,0.4324341576963548,0.07888156992010527,0.17749952808847544,40.21979366588874,27.361492826412103,2.475504599957732,2.475504599957732,True,74.30849915411764,7.429000181925728,0.17970473993073896,0.004115596260176789,0.002469736269818428,-0.001617108495150175,-1,,0
379,0.3559835288379393,0.19535961075492012,0.2265974517310105,0.1690721091468981,0.00782063451164604,0.04516666501758594,37.96819807793858,29.103794115731333,2.356546481320909,2.356546481320909,True,56.37045413654414,7.313590785617253,0.06581311554924908,0.0018289817650757455,0.0001243386749154081,-0.003623974799574378,-1,,0
380,0.033020213027987036,0.1647320750919978,0.0045093044828791165,0.5257618249143622,0.20448276334512103,0.06749381913765283,32.20227515314466,32.4488179273987,2.3112098101452236,2.3112098101452236,True,74.04872332039699,7.367216013852007,0.19036918159138064,0.0019210674127340297,0.0024325954025796108,-0.0016967330800543893,-1,,0
381,0.09359619612550826,0.04230293258998347,0.3652699910773258,0.4324489365229377,0.04512202388918936,0.021259919795055413,34.29382989438986,27.42340907023743,2.8211378261909767,2.8211378261909767,True,79.47357913334359,7.315008774630344,0.10430697766378971,0.0016323741126629636,0.0002618972531974105,-0.002845376197317774,-1,,0
382,0.45988691004714355,0.023278629712978203,0.27552229168506037,0.06309643770399359,0.13020389453210263,0.048011836318721676,35.35547241963754,25.24750621079488,2.5608944501881945,2.5608944501881945,True,53.06806245455827,7.262590473433081,0.07080359767339767,0.0013178692674202415,5.612136712759954e-05,-0.004222586779785857,-1,,0
383,0.2260747340497401,0.16562157240770484,0.17121258267984216,0.05035422260584063,0.16671248989483922,0.22002439836203316,37.934066557248684,25.313329229813082,2.7077349666377994,2.7077349666377994,True,60.261094701977484,7.301034368714769,0.08196510413282806,0.0020429523642577874,9.121925258029836e-05,-0.0038549000765832186,-1,,0
384,0.3743376311921048,0.05292737688049522,0.2580093878573967,0.1429832899616621,0.026221180604436494,0.1455211335039048,30.16539508629799,25.272785217448472,2.5535344401569176,2.5535344401569176,True,55.388068435329444,7.245449475876215,0.11472923923026405,0.0010738997989343077,-0.0001846619363671977,-0.003747715733377425,-1,,0
385,0.11560281449710767,0.09864547028578304,0.02329390625564816,0.18527109328999347,5.968994390556464e-07,0.5771861187720286,39.35563545960281,26.82077757354951,2.260599865289925,2.260599865289925,True,61.56668970148851,7.418385271106333,0.35629976350113757,0.004642314130686967,0.0067050759089832155,-0.00192582976297375,-1,,0
386,0.036068412919436715,0.017707795245586022,0.1882004866866304,0.31532324763992675,0.08217859826352694,0.3605214592448933,30.537820807511075,34.081288139579485,1.9990461707152003,1.9990461707152003,True,59.425542909476015,7.348145914270941,0.31001793821874996,0.0019521024610668,0.004288500890879893,-0.001963053926818326,-1,,0
387,0.1413638716141148,0.27970445381939085,0.17088427354148153,0.11966814602684248,0.2096747505550702,0.07870450444310026,31.833040317159146,25.653888993748424,2.9988316711379976,2.9988316711379976,True,65.64762017759128,7.198031330120747,0.07431813541866247,0.0008155973859957599,-8.970283451114209e-05,-0.005138756411015717,-1,,0
388,0.35894698865277913,0.03307996572346489,0.09696120808030025,0.05670315902306523,0.2062108153168798,0.24809786320351068,31.833942672481648,29.29581374360341,2.1088138011604567,2.1088138011604567,True,48.58618971126334,7.305262163423406,0.12528724172577932,0.0015441141798553,0.00036631611243444743,-0.0030546595790392657,-1,,0
389,0.2110385012605116,0.03450709665851955,0.03305184950496603,0.14557613827896454,0.15219769827606738,0.42362871602097096,34.600838532496,32.291313296695115,1.8927967944584125,1.8927967944584125,True,51.299252401216854,7.383612457003335,0.2355099361553153,0.002774201548375449,0.003336099471088969,-0.0020029654241366236,-1,,0
390,0.3382787201060696,0.22055531283855023,0.007509356746489885,0.1228877621491319,0.29523845530219056,0.015530392857567904,35.78687089937645,27.303116642607648,2.515053030440184,2.515053030440184,True,57.715652265949714,7.290691176441378,0.06961500547996982,0.0014241323647709659,0.0001181652303042043,-0.0038485125299456027,-1,,0
391,0.13532968451832839,0.13112348835226684,0.17956903853397443,0.07777571741790669,0.37467779012615426,0.10152428105136937,27.725185088690925,29.83848896652241,2.5195832168418884,2.5195832168418884,True,57.010319382780644,7.201253314929656,0.08502102102455938,0.0006466341260041251,-9.378521701676399e-05,-0.004627407769565702,-1,,0
392,0.1326105399821761,0.07468251183799826,0.13101436904966038,0.17629924011290363,0.386912300301493,0.09848103871576883,32.71393263712143,25.405779673392175,2.887077060365057,2.887077060365057,True,69.10590763965205,7.267442973342599,0.09694555104004773,0.001239502664962178,2.7565170589176104e-05,-0.0037903308615790257,-1,,0
393,0.0573547986941512,0.16896558011308113,0.07772385784487175,0.0625878922730466,0.4656135790207419,0.1677542920541074,35.66773226814487,30.054477874792486,2.522470995298237,2.522470995298237,True,62.01466149618654,7.299994639664752,0.07476112538272975,0.0015841105349976964,0.0002422937960514692,-0.0037884390477309266,-1,,0
394,0.21855841485621968,0.05048592689385151,0.1800525706837397,0.14261077353271728,0.2578102415534709,0.15048207248000084,35.09682452911885,25.02330426938878,2.7574382149367658,2.7574382149367658,True,64.51670596158822,7.294506643604261,0.09767227584345012,0.0016700269701909846,8.642416833207098e-05,-0.003546575500423126,-1,,0
395,0.21556812425195762,0.6582270643090308,0.010376524997101054,0.08713889079842829,0.02692026273057792,0.0017691329129042818,32.976729291061,25.07972996773227,3.1651656030546422,3.1651656030546422,True,62.609761180626926,7.135818469973746,0.058125196029074705,0.0005439411455328164,3.567750538941466e-05,-0.006774613430148927,-1,,0
396,0.24588704881465273,0.1766193823101152,0.015419043134237951,0.11480321865108908,0.4387109751144572,0.008560331975447878,31.542009795122404,29.240984481078545,2.4640590166457588,2.4640590166457588,True,57.430583104352436,7.253074509770145,0.07364919320131981,0.0009184736148868501,7.648377576175966e-05,-0.004088635491743878,-1,,0
397,0.044712382705184184,0.17157646908197488,0.14124339004557968,0.3926498609773603,0.2335556394624856,0.016262257727415443,32.49212981251418,29.571515401641456,2.6785270028661814,2.6785270028661814,True,76.13992946243592,7.306786687673518,0.1017344290840321,0.0013526930790250702,0.00033205022255531973,-0.002889789378500562,-1,,0
398,0.23072911294899662,0.16447048059181804,0.023574899362295412,0.4840466260953289,0.018406121075524338,0.07877275992603666,27.72139540930959,28.230811992037978,2.393472098811331,2.393472098811331,True,67.72600836714939,7.303443554209916,0.24903851070160948,0.0012344499072687067,0.000699948349329405,-0.0022010509960746828,-1,,0
399,0.024461382326445763,0.2737861476346422,0.008525117674306746,0.3825653390925806,0.05070286718902104,0.2599591460830036,31.608408147128948,31.827132764304263,2.254741264792064,2.254741264792064,True,66.84082751128501,7.345123084333487,0.23327066953095657,0.0019459962948270636,0.002399174011734752,-0.0020474802542731364,-1,,0
400,0.33186140579108964,0.24823136122255104,0.02651543029702857,0.17969393336502917,0.17906087143685556,0.03463699788744591,33.14947396750394,25.234237485279383,2.7090375139129956,2.7090375139129956,True,61.19895214294588,7.263460788892957,0.0864556665058967,0.0011968611335485798,-1.9611167424194526e-05,-0.003859643498110318,-1,,0
401,0.10084606321952386,0.030375135051219405,0.640017862336221,0.11077706128897138,0.004237282030929603,0.11374659607313456,34.66791984467373,27.688726279678615,2.8917895163442244,2.8917895163442244,True,65.55057383892016,7.205102691392562,0.06048529959854317,0.0009668852660775354,-5.664103532439075e-05,-0.0054885609412078954,-1,,0
402,0.1258584884061289,0.03922442878640156,0.2131385087852458,0.50035051278917,0.0056983251513550055,0.11572973608169866,41.93302653587474,32.73329097072715,2.1609818682435704,2.1609818682435704,True,70.23832314731735,7.459250473956932,0.14228342734429664,0.004688219091072782,0.002402629954803063,-0.0012888210507051325,-1,,0
403,0.30328902298347943,0.12003164170757254,0.040802498500028934,0.3202123792602111,0.026043939269082023,0.1896205182796258,30.158836828883985,26.794873448063512,2.3637798626213242,2.3637798626213242,True,61.13309859331245,7.312510892034888,0.21780571280366476,0.0015359221709537326,0.0005717016535072396,-0.0024430707255642756,-1,,0
404,0.3163315894615117,0.13143342331023342,0.0019163283707916022,0.4964548323498434,0.02754448900734309,0.026319337500277,26.10621249445995,25.263100489668716,2.592035273133804,2.592035273133804,True,69.396012199638,7.278230271818975,0.2779658651403381,0.0010071768193994897,-0.0002906864822590891,-0.0023640818771062462,-1,,0
405,0.02967716852919387,0.003239258522418123,0.28504475744108126,0.5304217588254998,0.010263465074791126,0.14135359160701594,38.837726136143054,27.133202594468912,2.7216952322280514,2.7216952322280514,True,85.20808089753852,7.411488058057393,0.18923548538417237,0.003602991216449018,0.002689834938536967,-0.0016194889745272058,-1,,0
406,0.23889752696995717,0.24088167781630124,0.057328310984808326,0.07214718871492146,0.30427247906228727,0.0864728164517245,29.854835618209304,28.26685810590925,2.526374774557907,2.526374774557907,True,55.28861040308841,7.2197081418100835,0.08132562452294288,0.0008043932166227343,-3.2856107527906126e-05,-0.00448254986672127,-1,,0
407,0.13150645138546885,0.062426156298828556,0.04337508551851057,0.48232539910748523,0.24613244453005143,0.03423446315965545,32.87546112544977,28.16953410594789,2.545076358597528,2.545076358597528,True,75.96405818152742,7.355373900460699,0.17379906539777876,0.0018876522732944937,0.0014528722514792463,-0.001997237515185488,-1,,0
408,0.370841872879533,0.039510230995446184,0.02206519845409519,0.09143552596376521,0.06700007131076247,0.409147100396398,34.54703926518246,25.40369362664421,2.2606727234504085,2.2606727234504085,True,52.79418867891247,7.350529399797333,0.2184844488378478,0.002468007888277494,0.0013694238121076201,-0.0024884270431990013,-1,,0
409,0.17294946452434368,0.4031551274000715,0.17362147763020677,0.039684662213356085,0.033942049516020735,0.17664721871600125,30.996295156396272,28.488988305465664,2.614198653522524,2.614198653522524,True,55.23156857130998,7.193138723807103,0.07319734083847843,0.0008279257274096326,-9.637334577797023e-05,-0.005181057448474121,-1,,0
410,0.2629393173566531,0.1123864471756465,0.01580281423345752,0.04614501826056745,0.19353094400744453,0.36919545896623085,28.809788465290637,29.433662994858327,2.1042487339501075,2.1042487339501075,True,48.64252924001324,7.289624059525007,0.1885541954905664,0.0013449211333400961,0.0004970673463088774,-0.002954063033423472,-1,,0
411,0.08434770279550415,0.03198805364513242,0.33535724651546367,0.2632247699102573,0.07811502748123894,0.20696719965240354,30.520229961427546,25.279177775810943,2.8780567750390462,2.8780567750390462,True,71.46627409326983,7.262323379516247,0.14745711197905303,0.0012705287646577943,-0.00021601392601228365,-0.0033930745124447033,-1,,0
412,0.4285263103667785,0.04916784688316249,0.08936753572573794,0.21206129359609524,0.0752827403137974,0.1455942731144283,29.071570946625645,25.859588118562474,2.364702011998059,2.364702011998059,True,54.741090066247736,7.279211101422039,0.1628434525503586,0.0011927647551987974,-5.518676869592693e-05,-0.0029818641926578383,-1,,0
413,0.28205057988428106,0.022513000205515755,0.3349860932403405,0.08682279873765972,0.2371865453333596,0.03644098259884323,33.53020564348839,25.61053924081163,2.794534550347086,2.794534550347086,True,59.90118807571139,7.224935670312812,0.06882929271320612,0.0009634355412495525,3.1722564508802215e-07,-0.004799918849664001,-1,,0
414,0.40466323247145025,0.1282916607843551,0.013910433662027596,0.19257375193905021,0.04083956552999146,0.21972135561312536,35.15331113753427,27.361088580724303,2.2070824107461346,2.2070824107461346,True,54.3980476684007,7.351112344985038,0.14457963131919846,0.0022824354138927284,0.0006943228587878416,-0.002506835644100224,-1,,0
415,0.12272743528182678,0.056836505801172194,0.17154302099588822,0.15546451662258132,0.2377277706097474,0.25570075068878406,31.892197020059434,29.583712452861363,2.346183109648199,2.346183109648199,True,59.558048797225,7.304999255379606,0.1352493365015397,0.0015733365743844567,0.00041270535318117373,-0.002988523242224756,-1,,0
416,0.3151996576986279,0.25095829162306377,0.035930463678140595,0.038289065643008824,0.05611085538859081,0.30351166596856816,28.596753450231052,25.467349354510038,2.481262572717497,2.481262572717497,True,50.9800151560453,7.236729973490911,0.14402068497748977,0.0010553771403358145,-0.00026434373347475695,-0.0037949498961948364,-1,,0
417,0.608178301558483,0.05010317792652668,0.10348218323503909,0.10102935259631621,0.004237354504011903,0.13296963017962327,35.844395436954386,25.67044720784118,2.234643693621404,2.234643693621404,True,48.38275228842483,7.324943859549523,0.10091509901163803,0.0019784240718796137,0.0002380929057353537,-0.003080940038867502,-1,,0
418,0.5482346243580253,0.038043827125868804,0.06942183049425671,0.3392754386945621,0.0010820522601634123,0.00394222706712363,36.83551467371011,30.50208532242474,1.9628329088805123,1.9628329088805123,True,53.03748641900717,7.383600906974885,0.10992282828382603,0.0024785150385542498,0.0006912535510057476,-0.0021112548931482627,-1,,0
419,0.23580006655173966,0.3570694033257463,0.14297802430228007,0.034108618863097157,0.22394789254567457,0.006095994411462145,27.001494689973523,26.951642878278392,2.844380151988533,2.844380151988533,True,54.80603849218401,7.109341607979029,0.07196254660500968,0.00034888770301961456,2.5258788480024115e-05,-0.006497324307655889,-1,,0
420,0.5221748866456778,0.04447148820780312,0.21436750848860384,0.04398243156912934,0.1587899359505402,0.016213749138245703,26.320155935944616,25.11705633355789,2.5205535804297985,2.5205535804297985,True,46.82805850320737,7.1727155871881205,0.09546050130611441,0.0005460625891232241,-1.1477127458016591e-05,-0.004711179250904263,-1,,0
421,0.04162072713853794,0.24889931216795574,0.16816864534921222,0.23223337144689837,0.0450791690816089,0.2639987748157869,39.65515279537057,26.497651980751954,2.778111068416566,2.778111068416566,True,73.14990432812817,7.358563973748879,0.11073895858004218,0.003053452533790968,0.0005553051862306165,-0.0028281566877496095,-1,,0
422,0.13100638376032517,0.4355745242379146,0.12007497889521822,0.08734572909578794,0.11041644218573776,0.11558194182501615,40.87599189791534,28.12174947486519,2.7641203552011295,2.7641203552011295,True,64.48212549715426,7.294807333039392,0.05349149500869347,0.0019041797909899586,8.93159028098439e-05,-0.004606573597410475,-1,,0
423,0.2827303089226051,0.11860124628965044,0.14692892276548564,0.2948123492103116,0.05165204783708798,0.10527512497485916,40.45311046734382,26.829416402332853,2.502598016393863,2.502598016393863,True,66.44789052243411,7.385524860707844,0.09953502151777668,0.003158694455886389,0.0005347716995665431,-0.002476595898818224,-1,,0
424,0.24273426068172346,0.10304550636154167,0.10819245587251712,0.28657908743254545,0.17976410029494094,0.07968458935673124,37.368267891593284,27.36048709579145,2.515336405143642,2.515336405143642,True,66.66102368690144,7.3559593776120344,0.1021556395306742,0.002326508650958417,0.0004634230947199531,-0.0026540792746950004,-1,,0
425,0.3231581608434791,0.01267484335878636,0.03891247327841091,0.1994798977872282,0.3835325138594194,0.042242110872675896,39.270487089602476,29.920566885288775,2.2144365223287856,2.2144365223287856,True,58.34622567917761,7.385214328615768,0.08417957546817176,0.0026450227254182957,0.0005661795758959344,-0.002558891032739231,-1,,0
426,0.24982752904908181,0.04803099734802896,0.10644858472454086,0.523859890188036,0.020353971559839684,0.05147902713047251,31.60876681343578,33.426801275844674,2.0040801935594446,2.0040801935594446,True,62.69169347045458,7.366806701401542,0.19762687709005256,0.0018828230354526328,0.002051368766167633,-0.0016221029486869097,-1,,0
427,0.02885820089283507,0.16981640719604288,0.05026798814652205,0.5145556016206735,0.21754829525952055,0.01895350688440592,31.372644169075393,35.67091218721332,2.1731236457993948,2.1731236457993948,True,70.34714813268563,7.35563966466867,0.14146873412168146,0.0015982431524686359,0.0014678832339908294,-0.0017836656744237174,-1,,0
428,0.1316657392927094,0.10355402941159901,0.2541744938024662,0.25962248302373314,0.10597660447333941,0.1450066499961529,40.64856212733383,28.83821041436935,2.5228798308703535,2.5228798308703535,True,68.6271063215185,7.378396167956223,0.08862099198645972,0.0030622202932860717,0.0005356572115445693,-0.0026819219745551595,-1,,0
429,0.22494501775779693,0.0518184567542672,0.2074458883281459,0.27619505234321684,0.09628719663341805,0.143308388183155,38.35441180769284,25.069755299321617,2.7197928053548868,2.7197928053548868,True,70.20457407210625,7.355589638011045,0.11253883240913884,0.002633789359057174,0.0004210263108572082,-0.002698980878443248,-1,,0
430,0.6077557738355699,0.05618063056653943,0.07802774168147049,0.07708341655893025,0.16744085562509317,0.013511581732396789,35.121595523111985,26.665943714441536,2.2424920884592128,2.2424920884592128,True,47.53240961972653,7.298673261191785,0.0770722960460746,0.0015040921614116942,0.0001659160083670888,-0.0035505950935555055,-1,,0
431,0.16763433132907837,0.20059675957306883,0.29047006080090176,0.0331376391970663,0.13075826836962134,0.1774029407302633,29.979570142566605,25.23632067413969,2.9207791981346065,2.9207791981346065,True,58.89885942487462,7.170486810178156,0.08369350610422469,0.0007415994093329011,-0.00016653443223972836,-0.005424486348240254,-1,,0
432,0.3543899244313585,0.3486876770499861,0.012413238546679193,0.23757389204293167,0.009908316199382173,0.037026951729662354,41.86356273265786,29.282772679643237,2.317796475436278,2.317796475436278,True,59.26348769048433,7.378572559941558,0.06886176915214631,0.0029360688435220907,0.0002954506349196608,-0.0029198373216424546,-1,,0
433,0.18849171493570754,0.582502563207026,0.0028652711509660317,0.21406220609400328,0.0010098377048119226,0.01106840690748551,41.73868140801183,29.885818631100108,2.6090883322775835,2.6090883322775835,True,65.54666211469518,7.327853297943986,0.051084456220196785,0.002066658235410405,0.00012754013736367327,-0.004009630144876944,-1,,0
434,0.3123746072733709,0.2666733010821786,0.01377565723061636,0.3300483918373662,0.010389670747146742,0.06673837182932117,33.383152395732026,31.04623393611311,2.1608884236277137,2.1608884236277137,True,58.42464553293339,7.333366546579843,0.11323156042471112,0.0017206520910718124,0.00041868743549271833,-0.0025253499525288194,-1,,0
435,0.25357714647574153,0.2593202030486323,0.04445815774629892,0.3830722727286715,0.0016443679814372478,0.057927852019218636,36.28881886321422,31.40895564364087,2.203168982975047,2.203168982975047,True,62.943753001427474,7.367800517310986,0.1085134603682973,0.002291198142319548,0.0006835052558049466,-0.002237968593917566,-1,,0
436,0.18990870186321607,0.446667821817122,0.11650492887739862,0.09126693243343947,0.004555029957201239,0.15109658505162266,36.45234489134188,28.23324338104201,2.6211632769361217,2.6211632769361217,True,59.2885376588271,7.261511731437294,0.0650923095107544,0.0014510123456587763,1.8145202519403696e-05,-0.004508343994602852,-1,,0
437,0.29266390063134007,0.20020416700960805,0.1177807173794642,0.13727931844583705,0.18999888559751174,0.06207301093623881,40.625361496827836,29.252251943791865,2.3833115086951184,2.3833115086951184,True,58.394014383558535,7.3492326305832485,0.0634501550837066,0.00237966220115518,0.00023352088425720836,-0.003411789271690512,-1,,0
438,0.3399141207853531,0.12612492130965994,0.040464350258733926,0.06420236205910024,0.25994669645784013,0.1693475491293127,35.07766364806251,26.445691858470475,2.4378942832950306,2.4378942832950306,True,54.602824298815776,7.3042963109155545,0.09450429874679474,0.0017219529383836678,0.00018131071794392708,-0.0034650368276518753,-1,,0
439,0.13612305988433576,0.25443279472570607,0.07380061856618869,0.2998235463891318,0.10572385492270615,0.13009612551193164,41.50882174188348,29.180070481754882,2.483814177011119,2.483814177011119,True,69.38590279352839,7.399690274578635,0.09287882480874907,0.003468196418823358,0.0007167317892044838,-0.0023983272345820287,-1,,0
440,0.2549395482877994,0.21379921929355128,0.10734659896128167,0.2929191844026071,0.05025606252195819,0.08073938653280235,27.10030047859867,31.529821744904353,2.1998109970838784,2.1998109970838784,True,56.58497060857627,7.261131509827633,0.12791053823649812,0.0009020492131387361,-0.00011214880718916461,-0.0030693688157045736,-1,,0
441,0.1216339516029081,0.09243162202375756,0.21012933647271184,0.31688343953581005,0.2408940143335913,0.018027636031221178,28.998533751487045,32.172051812141774,2.36855335043338,2.36855335043338,True,64.43000658870118,7.270828290895948,0.0989884523910596,0.0009266760809034227,7.29520075776043e-05,-0.00319587264266944,-1,,0
442,0.36953274869282643,0.26609067887711596,0.09558995075047722,0.0990988132631413,0.16967638179741473,1.1426619024300425e-05,36.69286090482608,27.270254997099176,2.5449286174429426,2.5449286174429426,True,56.03658675321993,7.271374651422627,0.05977416631401525,0.001320150914799347,8.365036228451028e-05,-0.004356668551587256,-1,,0
443,0.17547971959949943,0.07031606959278665,0.2026419213007587,0.20027973701568755,0.23578894948992646,0.1154936030013414,31.587502308616504,32.07908384929175,2.2311681660445917,2.2311681660445917,True,57.954636782108174,7.294923681347294,0.09730442611907757,0.0012840733279271739,0.0002199002335716645,-0.0031440332956365158,-1,,0
444,0.04603313051697468,0.012906961118602086,0.0017339780778296173,0.5036500836874477,0.31072882129010687,0.12494702530903924,26.355947767394376,32.642694776211485,2.180891461900311,2.180891461900311,True,68.42295847176844,7.3223297082489305,0.36598353219168955,0.0012476720026940095,0.004598966939712532,-0.001878485343855444,-1,,0
445,0.10251360581925106,0.17814671242490218,0.433082624857394,0.02210950890368979,0.04332408952989464,0.2208234584648684,29.728229318720416,26.402877358103012,2.8953764240452635,2.8953764240452635,True,58.998223238959085,7.155739534029829,0.08044092932421812,0.0007052930936744034,-0.00020430216829555093,-0.00577589937553227,-1,,0
446,0.35652986931713165,0.06930036561222701,0.022300530336854276,0.35828000858686415,0.11789879242814545,0.07569043371877751,36.2148503150226,31.88053300363171,1.9947788902699752,1.9947788902699752,True,57.34742128468137,7.3922648978043775,0.13313662955169114,0.002582999172813389,0.0012365669489605153,-0.0018827860538051893,-1,,0
447,0.1591402712614972,0.144144658165495,0.020815625882547366,0.5421568304499056,0.019665961791684783,0.11407665244887014,25.791883482694626,29.38761187945115,2.329797565284717,2.329797565284717,True,69.11591383220244,7.297701369156916,0.3901314008409244,0.001141273095069468,0.0020705166640165324,-0.0020145336416492934,-1,,0
448,0.12754328671075033,0.22948127965429135,0.15482221379899302,0.1813748721089131,0.3015777195660132,0.005200628161038935,30.186396405873296,29.972354635382054,2.6279593468232516,2.6279593468232516,True,63.45203984086819,7.220190830969736,0.0715452478929142,0.0007111280011945908,-3.205207465030654e-05,-0.004536577705491608,-1,,0
449,0.08522200451354578,0.16756412236321425,0.056824684491997894,0.13208523652133175,0.007272323219667067,0.5510316288902433,26.472364254588612,25.154544953275465,2.5135234755014797,2.5135234755014797,True,58.509843418064115,7.251514861927629,0.5245951250351858,0.001250294657002697,-0.00047030455169070896,-0.0028414705624770476,-1,,0
450,0.18942274450566668,0.22953733734284112,0.02454255973966509,0.42789657475536114,0.01992373124748628,0.10867705240897961,31.899476875826654,34.962975506689745,1.9815043733832562,1.9815043733832562,True,59.93302566437638,7.355038470348868,0.15791207868219184,0.0018115431697746595,0.0013431780580537794,-0.001889897595262917,-1,,0
451,0.09218804371491161,0.25661157733536216,0.10751870457083541,0.34171328730680045,0.0015210247194233726,0.20044736235266689,34.20805039966293,28.471946044400116,2.5308452995944886,2.5308452995944886,True,69.97004408660253,7.33541556321229,0.14863172138156522,0.00205736662989428,0.0007254262523352028,-0.0025124711764051367,-1,,0
452,0.27099006172906964,0.220728442228256,0.016860369124412133,0.22450133562405533,0.20332148309506035,0.06359830819914655,38.83340122316693,27.760520104218678,2.487019761282005,2.487019761282005,True,63.47208850123046,7.354233632993965,0.08217530234878136,0.00236572100052835,0.00032708620382676567,-0.002957430042435724,-1,,0
453,0.08000308544429231,0.44161238062954167,0.0736113188908009,0.29321134262253234,0.011085044379519867,0.10047682803331293,27.394502818912095,29.307424934298332,2.6643307052005416,2.6643307052005416,True,66.75628024827647,7.2190937802577855,0.10936960887974925,0.0007631799929699819,-0.00033200357405294254,-0.003941314994906929,-1,,0
454,0.1234833975379648,0.13332825183643895,0.17421304164795937,0.3461801617896729,0.14970346470116372,0.0730916824868003,25.41929748923419,28.611066569152648,2.58979912200717,2.58979912200717,True,67.1501384877637,7.235519567467859,0.1530894224172898,0.000748749451051692,-0.00040624629435799157,-0.003297902721277353,-1,,0
455,0.2282346228419076,0.3891875554944359,0.05698473249194788,0.2094649561770145,0.00832817434779027,0.10779995864690368,41.307910825776716,30.916215203353815,2.314311505520651,2.314311505520651,True,60.262882769640946,7.3695704664380575,0.06920613910532102,0.0028386284822550134,0.00032630976133700033,-0.0030279462690171693,-1,,0
456,0.1636348436392536,0.3023507119974296,0.3301446647366261,0.15581150457372056,0.047022517304839674,0.0010357577481302474,35.81128669879753,26.049840721523168,3.09063615499106,3.09063615499106,True,68.86193472823511,7.201456136033657,0.05519422915895108,0.0008666170496907669,-7.219457609664519e-06,-0.005725035026789549,-1,,0
457,0.3889491843924369,0.0035235683003244267,0.18682512661503894,0.047640733383173435,0.04163571051013229,0.33142567679889395,27.044950119865387,26.283389687257262,2.2676477282409455,2.2676477282409455,True,47.55005402914801,7.24984258069245,0.18836671714516862,0.0010433862936538808,-0.00021852674924327796,-0.0033467255541071057,-1,,0
458,0.42404427860264854,0.008566867990580006,0.007591662209513592,0.09816040085626568,0.43983123075974756,0.021805559581244492,35.913821260644376,27.499544620763345,2.325094690620893,2.325094690620893,True,53.900491092255216,7.323423973615671,0.07956806253317188,0.0016900813291792062,0.0002567219796687224,-0.0032973533869460514,-1,,0
459,0.3376352355275201,0.057713628688204295,0.07606497796531499,0.4345020495071143,0.06747810064635068,0.026606007665495614,38.007396913578525,28.366917789785607,2.298161128978513,2.298161128978513,True,66.43180053168876,7.399920602988321,0.13074297608547028,0.00291409993125331,0.001084141908479687,-0.0018787565629615284,-1,,0
460,0.04020303266408394,0.3350578383608668,0.1586039882937365,0.3353124719668608,0.051613682018807755,0.07920898669564408,40.71378708246288,29.506309602560354,2.710914707430029,2.710914707430029,True,76.38790208179924,7.366249635940691,0.07487130637298038,0.002709398787871968,0.00041549642855913263,-0.0028894063774595694,-1,,0
461,0.16946632817989732,0.3750429307288323,0.08909724682772026,0.09638131182894612,0.0035354878772823803,0.2664766945573216,39.90394393526404,28.16020936512082,2.4934109448500426,2.4934109448500426,True,59.86319728901189,7.338340894706091,0.08258936595709301,0.002700809913750167,0.0002488242011933261,-0.003401326403483856,-1,,0
462,0.1681723306001105,0.2972654527487902,0.09446993558999355,0.23783385495617432,0.0007550081459974786,0.20150341795893392,41.32669381028168,29.54387055353764,2.3782850880205033,2.3782850880205033,True,63.96665036709518,7.390484444728872,0.09449544635255651,0.00348180364649382,0.0006354387020944342,-0.002547160763445925,-1,,0
463,0.22901352696389735,0.22422574628515396,0.004782887798157556,0.1431138467592935,0.3823086615241648,0.01655533066933282,33.18644721171825,28.50300905484792,2.54810418260959,2.54810418260959,True,60.45034320852793,7.268284505152714,0.07304282554907521,0.001098328178620007,8.89663496266861e-05,-0.003971129762121125,-1,,0
464,0.34880560237860525,0.12350680664530647,0.1042409131071487,0.27415801797601946,0.020046317003532182,0.12924234288938785,29.86273534107149,31.677009773210703,2.0269175801240675,2.0269175801240675,True,52.8759581697496,7.307635088864104,0.14132845206056507,0.0013469338230253098,0.00035487988794779597,-0.00257699466135054,-1,,0
465,0.17224175992745921,0.028433270718556777,0.04565964793855222,0.40895269781015897,0.14759516403633374,0.19711745956893909,26.548250387534083,29.812873681274596,2.212709681977381,2.212709681977381,True,63.02380423900195,7.304763812050301,0.3659928061629065,0.0012461304508700984,0.0023471700867651007,-0.0021294011423824634,-1,,0
466,0.2187618692644776,0.13411516514597274,0.01607369833537588,0.14961273831546948,0.2696561198840687,0.21178040905463555,29.042582624049693,27.09227613629427,2.45893798673915,2.45893798673915,True,58.05128758303763,7.270492091341576,0.15113783182054052,0.0011584856262591098,9.454664691495548e-06,-0.0032570451877739085,-1,,0
467,0.025275106457119806,0.16296171614382318,0.15851772122995314,0.23958984621278295,0.0341281366570879,0.3795274732992331,39.75806892259691,31.82954910858117,2.1902101973966563,2.1902101973966563,True,63.390194867073845,7.412886423607168,0.1646998423016597,0.004016020865005873,0.0022987643860479727,-0.001924361568630236,-1,,0
468,0.18420187700493673,0.146358254008427,0.1772208194417559,0.34681690083465605,0.012341914019161944,0.1330602346910622,35.208009755481584,27.43972540005248,2.5521297100836633,2.5521297100836633,True,69.26894768861571,7.33971251857174,0.12881411059268597,0.0021029163874156064,0.0005070195194638198,-0.0025609940116931794,-1,,0
469,0.08646939003756501,0.04644142724095121,0.44895902383561703,0.24906695141737797,0.09572532602406007,0.07333788144442868,27.546447686328236,31.50998485329619,2.4979818075390017,2.4979818075390017,True,63.32624937001873,7.21670047093153,0.09157330757722101,0.0006971968397766565,-0.00021086664897658223,-0.0040940298855755035,-1,,0
470,0.3058561106344816,0.17291234026998387,0.1587147103471484,0.1136035646497057,0.11325945906834785,0.13565381503033258,39.65461425064923,26.360438347208117,2.560696927995748,2.560696927995748,True,59.4989486990393,7.330545916760689,0.07458631035358543,0.002344738570461451,0.00016178032179768836,-0.0035217334953613275,-1,,0
471,0.03311092891963797,0.22466661156439036,0.17174559162906647,0.1731100066701269,0.2582242486816628,0.13914261253511534,32.11124472176851,25.52171716466631,3.078193232646389,3.078193232646389,True,72.65590062089555,7.2311593032927854,0.09003985817535634,0.0010581235258332873,-0.00011560138298898621,-0.00442889474141265,-1,,0
472,0.15892030099956173,0.23649479267956974,0.1288649142600266,0.1204955511900068,0.28364520648583263,0.07157923438500256,33.47493821347066,28.025603476798857,2.6910516060916168,2.6910516060916168,True,62.588863076254235,7.247248621530911,0.0704900006805597,0.0010646953035647567,2.3917588372829006e-05,-0.004428928844240914,-1,,0
473,0.508894414059143,0.13372387314399714,0.06395768779093092,0.183268528110055,0.08015150711681027,0.030003989779063732,37.561297851378775,26.76128408845801,2.318910600443748,2.318910600443748,True,54.32590133892393,7.337146389793502,0.08261260750888337,0.0020713856895706487,0.0002067437814395281,-0.0030837964162648964,-1,,0
474,0.4638191617875811,0.11925973698071772,0.047922076290439396,0.09563286704230867,0.24905180314817305,0.024314354750780063,37.60622928309573,26.791322960287484,2.384712699084487,2.384712699084487,True,53.38087285715111,7.317976433452455,0.07068278036361708,0.001813929178195328,0.00017354962250811374,-0.003558320586288519,-1,,0
475,0.18920578991281894,0.055373678270865374,0.003665180268189293,0.5439002678161079,0.19586528642183962,0.011989797310178907,28.08505234084395,25.528959594155527,2.7110029956257127,2.7110029956257127,True,78.01137977665212,7.308597790155168,0.278857031410414,0.0012597148534793671,0.001163459085112463,-0.00212640088915755,-1,,0
476,0.2626892346809157,0.06866965240137893,0.11118550669540168,0.3628377425413115,0.07986239430170071,0.1147554693792915,32.77011113303312,26.49364692130603,2.5030957783752816,2.5030957783752816,True,67.08519712842735,7.3313495627508045,0.165673325771644,0.0018043419774229953,0.0005938265235920793,-0.002415023363095708,-1,,0
477,0.1586255644300981,0.1415177740840301,0.36527812202181653,0.10700152581462893,0.19577357303893597,0.03180344061049011,37.04430632248374,26.00537250624866,3.0181514868726653,3.0181514868726653,True,67.53679524432226,7.230361365995845,0.05558250066642167,0.0010936867113445225,2.4390485867841994e-05,-0.005320913974527334,-1,,0
478,0.036458978571045304,0.19142013682301362,0.02264772626573103,0.47310223784636174,0.2684993191707206,0.007871601323127668,41.25911099655651,29.716858326542386,2.6221845849175276,2.6221845849175276,True,81.99388324132255,7.428782082775421,0.10250660253267169,0.003568280806266491,0.0013163595602479524,-0.0017766998303663834,-1,,0
479,0.29353271931031755,0.04690279684399766,0.2522338590147138,0.06733154265663902,0.16386542047361563,0.1761336617007162,36.0288952389351,28.60303051351078,2.337265608188519,2.337265608188519,True,54.06132172288852,7.306069391860769,0.08199038231165402,0.0017922771772344703,0.0001771511950348532,-0.0035618011386157585,-1,,0
480,0.12494986278138925,0.06608983074178043,0.2108314168307748,0.3239907415639682,0.20941647105743771,0.06472167702464962,25.218514693313313,28.72047643268387,2.5816432286922573,2.5816432286922573,True,66.36168292968249,7.231247408794447,0.1464354251480234,0.0007114469591251914,-0.00038366151688995747,-0.003391107135136782,-1,,0
481,0.2106464003976593,0.17698259143891518,0.03083712015778179,0.2855893869687889,0.029777745495575814,0.26616675554127894,37.96548269181425,29.946745371455282,2.171139512495557,2.171139512495557,True,60.88683080827247,7.3986030512745495,0.16363744133250405,0.003297178121022619,0.00176918214450915,-0.0019635802403738575,-1,,0
482,0.5380453115310236,0.06534864788466034,0.02858852305595502,0.3246235370945061,0.034011759294717156,0.009382221139138032,34.33458075347645,28.719806686887846,2.090530305756987,2.090530305756987,True,54.33563310879652,7.352949359508312,0.12102422958662888,0.0019449611593029873,0.0005030582531230686,-0.002330966240216584,-1,,0
483,0.07478947742814208,0.0037781394536820744,0.00047215215929494484,0.8855326107309539,0.01705158853015797,0.018376031697768976,25.161857639330215,32.60984917236862,2.1452937683488806,2.1452937683488806,True,77.17690169703937,7.305534502697836,1.2162963415810024,0.0012688012802320589,0.025741370740520474,-0.0022517591008043005,-1,,0
484,0.02547146234172932,0.08418484152796422,0.2234218214133046,0.46972692816017114,0.16316206351859172,0.03403288303823895,35.480223251469226,33.82381064769254,2.3222911977314475,2.3222911977314475,True,73.45064709249905,7.374545786163452,0.11064213065014336,0.0021410475958203675,0.0011044706829061279,-0.001961675703728574,-1,,0
485,0.08710090039974619,0.2111752372511016,0.03139671190005404,0.17240931397258333,0.3848225603348743,0.1130952761416405,37.60267821493634,25.749608593724716,2.924126238703045,2.924126238703045,True,72.56166339634844,7.314849715603398,0.08166493139587748,0.001930454624681573,0.00021555188260126952,-0.0035623902321430356,-1,,0
486,0.008290821438602618,0.1500900977480932,0.1445644427947818,0.43827058257671736,0.0442295944180199,0.2145544610237852,30.51486248327806,26.29196709378151,2.791000062409273,2.791000062409273,True,79.26468195759936,7.311386811825685,0.2657658539387047,0.0016499090950659932,0.0013670583564287411,-0.0023703296169195675,-1,,0
487,0.03856698011739809,0.22473879506848984,0.09812323954898432,0.23967822962985158,0.10395636681261634,0.29493638882265966,25.293972767990617,31.936921771752246,2.2464220441790363,2.2464220441790363,True,58.98363884040021,7.257773358303868,0.2169686588301919,0.000951998842632796,-4.868225137995775e-05,-0.002904627946503778,-1,,0
488,0.419095618410263,0.18987580098736803,0.3444089266706912,0.010541927653076391,0.0033330695632215377,0.03274465671537979,40.39556515792036,25.639269409554156,2.6879872115313237,2.6879872115313237,True,53.68085174147625,7.2562746050141005,0.04929117118722677,0.001492900271455335,8.535983055633132e-05,-0.005217586194875761,-1,,0
489,0.3084787555416223,0.07240174500131058,0.0027954970402761345,0.11097762470975689,0.09589548684726769,0.40945089085976644,34.79460547436377,26.77728230039651,2.2041992019814587,2.2041992019814587,True,53.71529834008049,7.3591524320761605,0.2188019204690259,0.0025806794858233974,0.001717043679311925,-0.0023852875526679737,-1,,0
490,0.10095063947260176,0.16047962099114685,0.03357138469194712,0.27036609404500844,0.002687714232636823,0.431944546566659,31.141482339248476,25.132497401850006,2.563104086666385,2.563104086666385,True,66.61627622886726,7.31711995411835,0.41711836372726036,0.0019817038051063267,0.002727603590963135,-0.002403168982970353,-1,,0
491,0.0679184951585426,0.22521908123297985,0.3591396316274692,0.2132243098068044,0.0019176809446767454,0.1325808012295273,28.93570623237261,25.486780829612396,3.0986068978113126,3.0986068978113126,True,70.60081817775838,7.180444146116994,0.09678525360511771,0.000734681254957253,-0.00037686558655120414,-0.004929353519697825,-1,,0
492,0.2115319369660832,0.11951409669886937,0.17252111415147206,0.11561963071616194,0.31750919192842386,0.06330402953898963,36.61218203220311,28.191337426485457,2.578621005188521,2.578621005188521,True,61.41760189804875,7.2939923500331725,0.06710593994049396,0.0015260496804364403,0.00013221187659539913,-0.003938217838998971,-1,,0
493,0.2192397710532943,0.19881150807604106,0.01535035354324028,0.28691139859900056,0.17834051081407343,0.10134645791435037,29.468825841570876,29.96904616653192,2.307037653761781,2.307037653761781,True,60.38823339035338,7.291465067341483,0.1346712583154304,0.0011925463991626036,0.00020277397594481555,-0.0028466460887851433,-1,,0
494,0.12091228830352435,0.3283701383591636,0.07730626254430235,0.4387653122494511,0.025072824671966386,0.009573173871591959,34.73094523177769,28.589806877923536,2.6808685773868253,2.6808685773868253,True,76.08531737256294,7.326904093021503,0.10079053819519061,0.0017200325629666367,0.00033466426623991085,-0.002710273138353814,-1,,0
495,0.06372668612044638,0.20347453222473513,0.05061447635172963,0.4447037280065914,0.009782637188517317,0.22769794010798,30.271526305620508,31.2387506336172,2.2529033767845887,2.2529033767845887,True,67.68862769099374,7.338550224360215,0.2846370965624294,0.0017752379724502777,0.002947268879692732,-0.001961887274525005,-1,,0
496,0.35045127899026574,0.006689702216580763,0.2574544619425344,0.23315966732097232,0.14916779488867227,0.0030770946409746174,35.837965115789224,25.295240752839184,2.685650295254821,2.685650295254821,True,64.19395511191651,7.3008619625492415,0.0823816203421451,0.0015886195428628169,6.284064717558684e-05,-0.0034596051455443935,-1,,0
497,0.012261722239113579,0.13044967622802603,0.12942042499996842,0.413156974892731,0.206666322999678,0.10804487864048308,33.3297797601824,26.541061881170354,2.8853920013818324,2.8853920013818324,True,82.08449902191943,7.326778617293092,0.15086109159212052,0.0017969982626620238,0.0007935093293662989,-0.0025303217032544966,-1,,0
498,0.47308776342528364,0.030911043257674926,0.10659952362743018,0.009271840975120812,0.19577962420147424,0.1843502045130161,35.139779713333766,25.846687276663317,2.332506255579829,2.332506255579829,True,48.97548629542767,7.303040357701883,0.09449181561691189,0.0017452591422721562,0.00019510422418448863,-0.0034942748167101287,-1,,0
499,0.5410704793447838,0.13384788103671985,0.14264561029759762,0.07937805546603259,0.039636212133736824,0.06342176172112927,26.47334189057838,25.804773737344327,2.387378218857535,2.387378218857535,True,46.19694256002918,7.197978816545794,0.10698938308329155,0.0006603656961510561,-0.00011287944046728685,-0.004205060661408941,-1,,0
500,0.10626991542965179,0.11263762627045391,0.07411911293751404,0.4228456194498693,0.060924965518671645,0.22320276039383927,31.098426960304536,30.717278000334314,2.2284474025105894,2.2284474025105894,True,66.35839663027983,7.348675701566505,0.27642069117401963,0.001919221646699143,0.0030339079301937148,-0.0019264728850537979,-1,,0
501,0.11016875527855297,0.04902168204178553,0.13111092693289392,0.21110801588459305,0.05398167374819283,0.4446089461139816,36.544478956425046,28.727123139251752,2.2301467561665165,2.2301467561665165,True,61.20191727342832,7.386992260798948,0.25743745104810595,0.0032880683378537796,0.0034600105405558222,-0.002041434749575034,-1,,0
502,0.04594190719313628,0.02656460267656801,0.29044378338179183,0.2763414288866394,0.2886166898093105,0.07209158805255396,29.72349480367031,25.88838635274558,3.0230507269764204,3.0230507269764204,True,75.7409130564291,7.237038855400091,0.10815751942892621,0.0009235027746664036,-0.0001493957013016504,-0.003900204211425764,-1,,0
503,0.23313423805921069,0.2825532120427044,0.022984324551468375,0.36269075529410066,0.05813425700797818,0.04050321304453761,26.75873894892813,26.716536504672707,2.6446474877793884,2.6446474877793884,True,66.40410772799018,7.2446711593979245,0.1496782208637006,0.0008428663047278474,-0.0004024427200396955,-0.003231109839347042,-1,,0
504,0.010452537020468954,0.09689556573524391,0.07748818249512236,0.5311195684828961,0.09813634462540946,0.18590780164085927,36.966833783238556,33.852908680690845,2.1304086515074867,2.1304086515074867,True,71.72889845874157,7.42985056823697,0.2447052011586169,0.003497357876056185,0.005545562492874149,-0.0012566142934862408,-1,,0
505,0.38281567288557977,0.43938175428959575,0.01947837095836891,0.03484664569459359,0.014585968955369465,0.1088915872164925,31.851344278534114,25.52529743950351,2.640156123084557,2.640156123084557,True,51.40349067943508,7.2040283944055625,0.07525029032617588,0.0008976535770054686,-2.1719234192982918e-05,-0.004906028300022929,-1,,0
506,0.24049586591370717,0.04463273497425237,0.1386135004923735,0.20283361907634706,0.07146703382122946,0.3019572457220905,27.62018452439576,30.394669732843205,2.0899697757611317,2.0899697757611317,True,53.02847974600653,7.292418110526467,0.22972959561051606,0.0012675300914942857,0.0006095595981828718,-0.002594661844876789,-1,,0
507,0.10444634592148212,0.13833820190926152,0.02844383258204616,0.5026743171380479,0.05644303726705379,0.16965426518210852,39.112914386218165,25.235785738844342,2.7427008142102602,2.7427008142102602,True,82.97541761794693,7.418060113010292,0.22718166751679694,0.0038691032546655326,0.003284208789129211,-0.0015993437385519275,-1,,0
508,0.1496962712357365,0.021897851761432063,0.08054278096607127,0.3350911152072977,0.12747740727362866,0.28529457355583393,33.506126625052374,34.807168862909556,1.874078464621006,1.874078464621006,True,56.85521783305701,7.388383902623239,0.2446808953153236,0.0025309539961306457,0.003985431958439585,-0.0016657201721118615,-1,,0
509,0.1469433381195297,0.12141951117784103,0.17022593884728324,0.2089580167806534,0.22396179092989388,0.12849140414479887,25.70524607599923,25.70065143877124,2.8187281429965854,2.8187281429965854,True,64.63990375536328,7.201949880788513,0.14032185692365545,0.0006849648442096444,-0.0005454184100887703,-0.0040481138837133255,-1,,0
510,0.20785411818694088,0.08753297694400186,0.10741035900799982,0.06613727953342664,0.14864892050507916,0.3824163458225515,27.60777438812757,29.316248255658678,2.170897858585835,2.170897858585835,True,50.43064332980486,7.272201320885205,0.20145684626995888,0.001195977334772947,0.00019197798110341435,-0.0030669143752202264,-1,,0
511,0.591214138488707,0.13649344602919009,0.03626757360224918,0.113981518592874,0.04947145285589438,0.07257187043108544,35.70397524635493,25.156360688288594,2.3489235957270633,2.3489235957270633,True,50.28987396118776,7.310188737572549,0.090200944087269,0.0017603837892341473,0.00014427614696689025,-0.0033196781577106986,-1,,0
512,0.3360213484202253,0.1838232638261329,0.18416070035150184,0.047535900070310465,0.1229928265269901,0.1254659608048393,33.884164930442054,28.37810916205754,2.3803960195447296,2.3803960195447296,True,51.71213898932573,7.260241310357276,0.07347309403211026,0.0012546703692960055,5.565971719097704e-05,-0.0041681487063489,-1,,0
513,0.1771749887845613,0.1577135251563874,0.3824957035687481,0.01818943203801875,0.1106740254990616,0.15375232495322272,35.303219240429584,28.532651357973588,2.6182012910152275,2.6182012910152275,True,56.96425947743387,7.231675500913364,0.06086723528951514,0.0011579681252189473,1.9359114097339553e-05,-0.005064387625123048,-1,,0
514,0.12524987769776125,0.1208475755847194,0.19705817932703643,0.5033057076332416,0.007533313486769037,0.04600534627047248,35.252271116337006,33.730320038407164,2.1810951927396176,2.1810951927396176,True,68.88973353732533,7.381031100578055,0.1304208679582525,0.0023009278227421404,0.0013105690029148408,-0.0017753356081629307,-1,,0
515,0.3694488363752633,0.07333949924105675,0.20370062344616552,0.24280438664767376,0.010201438053695775,0.10050521623614486,27.258035024653015,29.39323680579162,2.206046766049369,2.206046766049369,True,53.19250053625024,7.257480340507929,0.13552017783822248,0.0009314309617137051,-0.00018311494067783688,-0.003153385788429855,-1,,0
516,0.16233145406751825,0.08530246899895098,0.21177393444605064,0.4646797458910457,0.01665460555456343,0.05925779104187096,26.981416169458463,31.495412335380827,2.27890947935307,2.27890947935307,True,65.83002846385857,7.2893998107309335,0.18107779431083165,0.0010482858858549837,0.0002897665554535802,-0.0023908903506217457,-1,,0
517,0.07533552545209152,0.014411468482508974,0.27469564107069855,0.3566764061587049,0.18392087297440904,0.09496008586158704,39.308562629028806,32.611166897616826,2.3014231377711507,2.3014231377711507,True,69.24457748015938,7.399518427478169,0.09809591124644025,0.0029730942445627467,0.0009930610570609171,-0.002098036115260753,-1,,0
518,0.0028193698181248577,0.04409689143258317,0.027996348916448477,0.7552545250761102,0.08735229505605364,0.08248056970067963,38.32843927704261,26.18663514957371,2.772606570489379,2.772606570489379,True,96.42146561078259,7.44474345280965,0.45015797749555264,0.004250510499577102,0.01388105687423883,-0.0013531430935069017,-1,,0
519,0.11460160106017102,0.034768457215832244,0.008746401538655097,0.8063898148674484,0.024333096688737278,0.011160628629155935,33.14807285898938,34.78174488853796,2.0042687719133845,2.0042687719133845,True,74.11415094288095,7.42027667156423,0.42780692953548166,0.0027099160516926954,0.0127288024042574,-0.0011493445661500202,-1,,0
520,0.21662266181112128,0.3474198971157479,0.04363871054065014,0.17320825016898134,0.04110482317905166,0.17800565718444772,41.888037865848425,28.532486454695857,2.4422201402750927,2.4422201402750927,True,61.83962550514526,7.375453668633989,0.07936308456065912,0.0032426019534649844,0.0003756874929853236,-0.0029693752776751865,-1,,0
521,0.2529815990143816,0.023431139744518405,0.3502838293771935,0.14183638759805117,0.043094118425226535,0.1883729258406287,27.06022144213499,25.60485701668843,2.6558105421795584,2.6558105421795584,True,57.48965955804885,7.207089090158112,0.13104387000124246,0.0007976981179483064,-0.00047525259244993667,-0.004088490534600984,-1,,0
522,0.3037248639223606,0.0915352767987742,0.14827392498396189,0.23926804370115404,0.022540780207319932,0.19465711038642947,36.90558325452908,28.122510142612953,2.2883431112417156,2.2883431112417156,True,59.368881637121454,7.361765515698798,0.12539612450559603,0.0025599001508395114,0.0006596223387149813,-0.002483842397299019,-1,,0
523,0.16590328859535422,0.130503519324922,0.2700476245500931,0.1856219018655012,0.025577959927357015,0.22234570573677243,28.00429823532636,27.05661909458672,2.593220087215246,2.593220087215246,True,60.52660186231771,7.233125528495123,0.13895927037236802,0.0009621163854822022,-0.0004131100270631404,-0.0037175741343383356,-1,,0
524,0.2256187054886544,0.3286702378193403,0.3402580028884109,0.04334385492582048,0.023674546538200395,0.0384346523395736,30.9726743117753,25.97240657788224,2.9956267722436714,2.9956267722436714,True,58.019250730925805,7.119776570522523,0.06170321247294628,0.0004804504801076569,3.123066370610434e-05,-0.006839975002583286,-1,,0
525,0.07813842467332063,0.21141937370387454,0.07856889976691762,0.4550945386989917,0.06687184409920617,0.10990691905768933,34.89707711020686,30.9357049346744,2.381514352074487,2.381514352074487,True,72.37023896909257,7.370008856609733,0.15098616833105724,0.002295469016549183,0.0014466254393889228,-0.0019586312457034803,-1,,0
526,0.21098596410225806,0.2091195624537536,0.11928444823300245,0.13614132110355706,0.11969436398012719,0.2047743401273017,39.453587632805466,27.620384440531975,2.490211622941305,2.490211622941305,True,61.25307565515125,7.349613083228138,0.08778793258338605,0.0026633485361965263,0.00032968004826304395,-0.003126528480238423,-1,,0
527,0.04343732032516433,0.05166525600248288,0.31347062433762796,0.2774542981648317,0.3001806314941874,0.013791869675705932,28.87233069355699,25.504969419903503,3.1818136607565624,3.1818136607565624,True,77.6457878726256,7.20302648176786,0.09469434076938542,0.0006938825633199836,-0.00020978380419200686,-0.004498166322300843,-1,,0
528,0.0611583931426403,0.5020591522793827,0.29263347278956614,0.03141018712476086,0.008375638234253528,0.10436315642939642,25.187936347253544,25.284000104485713,3.3775900949659583,3.3775900949659583,True,61.2757456782478,7.009171142998279,0.08196599572742194,0.00022498476275614426,-1.231836620467434e-05,-0.008783516519937475,-1,,0
529,0.11744982459657423,0.12219398330373256,0.3778517648163573,0.18887272803925167,0.17704507035294723,0.01658662889113722,39.439686551124765,27.117084258122365,2.95274823183701,2.95274823183701,True,72.52496254871348,7.285867847117808,0.05496881312400832,0.0015634918405751405,7.282186976533922e-05,-0.004482709050702601,-1,,0
530,0.24533046499524233,0.16377292740688262,0.17872145531235484,0.20111481123241307,0.018630454774981747,0.19242988627812524,27.986573908994032,27.51228539091153,2.4536179764862744,2.4536179764862744,True,57.635522419162896,7.247001831999628,0.14312346503079648,0.0009974185188995114,-0.0003103694859973092,-0.003445239810501924,-1,,0
531,0.2838090281537516,0.3270617745386828,0.023198216386202827,0.07598351600063544,0.03532771914597753,0.25461974577474994,29.14903773892881,28.707439852551055,2.2869872887437652,2.2869872887437652,True,50.43298409798205,7.249315421801645,0.12018072914737893,0.0010809193520409652,-0.00010665353071623399,-0.0036720156929703936,-1,,0
532,0.13302783477335797,0.1152943174529527,0.1800148494747145,0.36642203061396866,0.18961171698121726,0.015629250703788893,25.36396417036218,30.37141556133137,2.477589280284839,2.477589280284839,True,66.08150163838398,7.239767845582888,0.1327410638780234,0.0007008037706877758,-0.00025444276998631696,-0.003240376557747225,-1,,0
533,0.2669589021359905,0.22108638121663945,0.1420016193869503,0.23001550707857968,0.027811192539619285,0.11212639764222088,38.09814962394432,25.817954358570557,2.6697210415903783,2.6697210415903783,True,65.631347808602,7.329238706913397,0.0883956965244167,0.00221506536948171,0.00016040841412435705,-0.003202656735759175,-1,,0
534,0.46704668691377416,0.13081177995064486,0.02573738665312207,0.24279977761267982,0.05348815523993005,0.08011621362984919,26.111662969903865,26.743910220710998,2.2983994060472246,2.2983994060472246,True,52.66180444172976,7.251119679258612,0.16436867224325977,0.0008616245334155584,-0.0003190515244909284,-0.0031062742076179047,-1,,0
535,0.2336211976523342,0.0073981716007989785,0.24793458394699397,0.06145903482353872,0.4033003778422292,0.04628663413410492,38.18425896481108,27.650685362603333,2.617512720520019,2.617512720520019,True,60.429036552607855,7.295640856182114,0.05954341706514479,0.0015834985052279758,0.00014067910760983868,-0.004204778067370885,-1,,0
536,0.2895644967096561,0.017412224801795658,0.09643274354543437,0.14278165455883293,0.3576932081250487,0.09611567225923225,41.991710949371836,27.75773625465104,2.4113405453301824,2.4113405453301824,True,60.81808484304098,7.391093402708076,0.07789709722413138,0.003204968130124793,0.0004543151676262855,-0.002816943856084804,-1,,0
537,0.08498827039815877,0.1226771832211536,0.46310430093795185,0.11065973666575667,0.04460590094743514,0.17396460782954404,27.47151985964389,29.013748630633795,2.6771999054671904,2.6771999054671904,True,59.69751164579249,7.170790096942563,0.08891739542468736,0.0006292449429057821,-0.00029718170676647893,-0.00511137476883159,-1,,0
538,0.13784466141109372,0.024248705825863578,0.29824064234166503,0.30946112005274634,0.07544549390097137,0.15475937646766003,41.69984228376253,29.13051796990079,2.4505903334095427,2.4505903334095427,True,69.48240540994335,7.407438360244822,0.1012860729144336,0.0037276542426270564,0.000859979975959506,-0.0022482097394849465,-1,,0
539,0.027088122561606726,0.03179240878312586,0.04669946321149388,0.5722624884919808,0.024128512908605425,0.2980290040431873,35.204847192795775,34.768213974430864,1.9289076840475559,1.9289076840475559,True,66.7837865847457,7.42330649817958,0.5420597101607849,0.0035145019157225626,0.017829739050049746,-0.001666551284457409,-1,,0
540,0.20491882621694152,0.27639289246175847,0.03975499042295386,0.3730250929491433,0.040242763738864075,0.06566543421033895,33.76832818477217,28.641070608766213,2.4790388238323704,2.4790388238323704,True,67.82866983071847,7.327508564163365,0.11794645498114312,0.0017386604356776922,0.0003781779417712688,-0.0026248781521401613,-1,,0
541,0.14187734757914333,0.29616303610395694,0.07110557656607601,0.034696713325793375,0.42393874791539826,0.032218578509632126,41.4590381733709,29.243442892157866,2.6830309111152726,2.6830309111152726,True,62.691514917129965,7.304961676415003,0.04645759954515008,0.0016848064610427416,0.00015359083064438024,-0.004721870806244829,-1,,0
542,0.2843290959242947,0.39880270688742014,0.06331456084349506,0.14107301359540514,0.015173917290563154,0.09730670545882195,39.205510977913235,29.235151794483787,2.409487379631052,2.409487379631052,True,57.551783782109005,7.320958489684743,0.06449665622860304,0.0020630538438322302,0.00014611801463411896,-0.0036938272356928886,-1,,0
543,0.03005239882490235,0.4547978130460326,0.07870413883138143,0.32806645548359986,0.09944787698095116,0.008931316833132637,26.601351198728047,28.124040058337474,2.9856049678976846,2.9856049678976846,True,74.32597993930472,7.183355363371447,0.09539832886337152,0.0005445874255386262,-0.00033568960084679334,-0.004612589640005582,-1,,0
544,0.05327841289822287,0.07129178277660694,0.08554152467938622,0.34952496354765905,0.3289749654776804,0.11138835062044457,28.273843025489857,27.419564716162203,2.70398374177741,2.70398374177741,True,73.26358759246291,7.280463005766152,0.17491741893821228,0.0011088339296359774,0.00029615406418743306,-0.002845223009177021,-1,,0
545,0.23142598680247345,0.20035296743254793,0.07235425245263437,0.4750157237451429,0.00813570610376995,0.012715363463431493,27.314660309943108,25.317235832112043,2.774712727232735,2.774712727232735,True,73.5441915550132,7.266906122521091,0.18961546821339978,0.0009862462162551191,-0.0003529338983206019,-0.002749291039583209,-1,,0
546,0.28341028450206873,0.048763106342601927,0.06362627484442593,0.14538900905903324,0.15959208344158735,0.29921924181028275,33.83136336723882,29.336551684963883,2.1182583459303546,2.1182583459303546,True,53.55133850508404,7.348258010622074,0.16505062034427787,0.002167376711571747,0.001084880617537585,-0.0024644102842847192,-1,,0
547,0.07718718381432833,0.3638543550388365,0.016351835798740343,0.39919292688642105,0.00243197644746227,0.14098172201421147,41.289601060813524,26.51279068734947,2.800843625284423,2.800843625284423,True,80.10324926703586,7.400024095274051,0.11544195079810382,0.0036867278466337183,0.0009521011476092084,-0.002196738073830471,-1,,0
548,0.23666772217993534,0.012820313369815895,0.23913306330729608,0.2824203126220549,0.15573090337788148,0.07322768514301624,25.35516230298607,27.050457295221932,2.5722912233984006,2.5722912233984006,True,62.16959964278009,7.226319758197904,0.15174082000605651,0.0007240145702468578,-0.0005038836561739726,-0.0034717159444271166,-1,,0
549,0.44306998633939765,0.1630233673643005,0.05611336236755031,0.05565358335724157,0.11434535502877322,0.16779434554273695,41.251148813424265,25.60489313635939,2.415628014827923,2.415628014827923,True,53.56137057487744,7.357740376196767,0.07872598136720355,0.0029203892008181284,0.0002438927079855609,-0.0032505422078685825,-1,,0
550,0.1671315889156823,0.10851438886625903,0.11393033236453647,0.5370910974094365,0.06994091875904301,0.003391673685042597,38.93900949964927,31.553598339416652,2.2798916805726397,2.2798916805726397,True,72.87757585739232,7.423131104321612,0.12704702377612512,0.0032508141817710434,0.0016221273280817511,-0.0015200853413260564,-1,,0
551,0.09480430333424467,0.04688415948477002,0.19889048601877074,0.6312077796840787,0.0182686446866833,0.009944626791452658,29.363944981321414,30.14382243963085,2.455970106765982,2.455970106765982,True,78.13685172219638,7.334469710935378,0.23567374467660115,0.0014718106492712857,0.002025104412451509,-0.0017896154249397414,-1,,0
552,0.25661458855782016,0.16395095383036173,0.012181434823092294,0.5076928716584858,0.012475522762164893,0.04708462836807508,31.46208135202533,28.259497929294323,2.379359928841281,2.379359928841281,True,69.45558239084619,7.3435916174830185,0.20249594260251416,0.001738352715947273,0.001239231592383179,-0.001971346788156282,-1,,0
553,0.3082905144790416,0.035611968360948806,0.37278276471001914,0.07659130453828777,0.20652853859705975,0.00019490931464303656,26.715448791581274,28.809998020057716,2.5074111540343043,2.5074111540343043,True,51.98104166730278,7.159420261764316,0.07644699754548893,0.00045993015632251976,-5.475313327170989e-05,-0.00524923336194201,-1,,0
554,0.1601552700685864,0.1313671343704425,0.21474197990877325,0.31757412511634,0.16586706655409192,0.01029442398176595,26.48116431445714,28.235305336376022,2.6660523722211265,2.6660523722211265,True,66.85749032903801,7.221581248789318,0.11412221085956877,0.0006815501134650743,-0.00030694022135686015,-0.003754855219058835,-1,,0
555,0.14470523785259531,0.2658120710128369,0.039481422916965374,0.27168962527616847,0.18944503822681366,0.08886660471462046,32.782398635063814,25.079995730572275,2.928380382419385,2.928380382419385,True,72.43850053989297,7.2764653809979825,0.10748670100258566,0.001341520600441795,-9.564520349694524e-06,-0.0034843200798815154,-1,,0
556,0.3078515003114263,0.1587995925692071,0.022255599631881787,0.12316218603498347,0.042878098887549176,0.3450530225649523,37.631668142129335,25.46547008985196,2.3992367349978725,2.3992367349978725,True,57.43581584254553,7.3630457926407695,0.15258501786075715,0.0029359380012945117,0.0008014318534605965,-0.0025857593588501657,-1,,0
557,0.2972900266447036,0.6159076356401011,0.0592883040641442,1.0239038883137224e-05,0.019900711682212864,0.007603082929955049,27.39717477133672,26.070740100350815,2.927843956947583,2.927843956947583,True,51.1004851039067,7.0666413228599705,0.06760694432384383,0.00028858982737350723,0.00015134517470193908,-0.007495016103376451,-1,,0
558,0.12368365497626864,0.07453317034468902,0.5582922731240797,0.24056870240427033,0.0028643576247494454,5.7841525942770866e-05,25.755644666722926,28.791018927197637,2.8292074626331187,2.8292074626331187,True,65.25777614967079,7.141133417297509,0.08399558532984605,0.00040430351434117307,-0.00029853005696801535,-0.005448020249131967,-1,,0
559,0.09808008932305262,0.0836183246618576,0.341444952175514,0.18896810699478972,0.00241194766791095,0.2854765791768751,30.84719253474234,26.757619961018293,2.655873650725199,2.655873650725199,True,64.39378623053359,7.264740638019445,0.14267030152112473,0.0013538240182029257,-0.00017821123478267277,-0.0034548809265416247,-1,,0
560,0.33059293915007226,0.007625737572156399,0.28376729542959833,0.23799848029457343,0.02442891761075605,0.11558662994284347,32.55006859406659,27.10999962151597,2.428861070570719,2.428861070570719,True,59.330272047233784,7.295471500330456,0.11472497594243229,0.0014746189478899135,5.8828128443733405e-05,-0.003109882007366255,-1,,0
561,0.527690272007618,0.11871925881529516,0.029808568169877613,0.16805431359045964,0.10173424982680157,0.053993337589948134,39.115850927510536,26.898665199930075,2.257399759750065,2.257399759750065,True,53.306031489794904,7.361080456794467,0.08435359016106683,0.002513064796938428,0.00030519688147113196,-0.002881073824967836,-1,,0
562,0.5247488752034344,0.062114033105759164,0.12670571445510695,0.21624531604772707,0.007456433565356912,0.06272962762261551,27.970111281107926,26.33040787565712,2.300755837046546,2.300755837046546,True,51.4113994163671,7.2574300202621504,0.1360064401178309,0.0009626236089316288,-0.0001729000399151658,-0.003224854871600755,-1,,0
563,0.04504559661389279,0.04640263935877542,0.33315263485910057,0.28634741883521847,0.0349275067784394,0.25412420355457344,32.41085364687281,28.77984505626749,2.529473130522642,2.529473130522642,True,68.4605823463719,7.310925925516467,0.15658152940899506,0.0017418183810691892,0.0005110561251956387,-0.002761575230230206,-1,,0
564,0.3504484027045302,0.09415316657427195,0.39041927554487893,0.08399429143118024,0.07663583793333531,0.004349025811803078,37.22113426166826,25.566057890832596,2.7842606404345855,2.7842606404345855,True,58.6868973862741,7.239209074692946,0.056021202934967984,0.0011736698944379443,4.498989256012883e-05,-0.005037286352360151,-1,,0
565,0.08449124231761168,0.3808171916660364,0.15486951731786536,0.032612233837017314,0.2635692839510648,0.08364053091040458,25.722920053223476,25.737653210896408,3.1649698532253616,3.1649698532253616,True,61.050194035122594,7.077828985196454,0.08282854252313003,0.00031598629358849784,-9.085828672006441e-05,-0.007105802343878846,-1,,0
566,0.08999379095486641,0.20763689887792453,0.05030326527468376,0.2651265006281962,0.04498919704183249,0.34195034722249673,33.404224533693885,29.098630409551454,2.3259820383521306,2.3259820383521306,True,63.5994465346476,7.346785036227091,0.22089463477730212,0.0022590047581885486,0.0018172738153722234,-0.0022880803278376117,-1,,0
567,0.027968395467800663,0.10305157709904579,0.05004155444329932,0.15796429733521222,0.10206172401497063,0.5589124516396714,37.98064213786281,30.753496883341032,2.0826112113179978,2.0826112113179978,True,58.66554036762757,7.412250141706356,0.3065395556623183,0.004077522323171981,0.006143629160940713,-0.001917115725602833,-1,,0
568,0.2359897517289172,0.13376355288211922,0.10136711240799844,0.23252348925970098,0.26770772903118956,0.028648364690074576,28.104659700630915,26.267215881027564,2.7115760252310768,2.7115760252310768,True,63.69124849423957,7.230110354173212,0.11011021961956849,0.0007907113013750925,-0.00019724111158031366,-0.0038438649645766536,-1,,0
569,0.21385571069363096,0.06005956818341786,0.0499604405213491,0.12770158437468002,0.5426724591470236,0.005750237079898328,32.32047263374949,25.65249620389593,2.8227886784880396,2.8227886784880396,True,64.68914242048066,7.2515796426494505,0.08029801148402316,0.0009864394588792289,5.2226008851211245e-05,-0.004161093320321363,-1,,0
570,0.1288118821485455,0.5128956312092245,0.04479957183948626,0.16437449338547136,0.030072269347585556,0.11904615206968669,35.98254312943515,29.111363366800624,2.6456401766864595,2.6456401766864595,True,63.79307595445386,7.271378355906108,0.06721468845158157,0.0014300596347983127,3.504151188254556e-05,-0.004227467423283522,-1,,0
571,0.053123961224369395,0.029751124359856173,0.473019636297917,0.023530886914238908,0.05365359944626831,0.3669207917573504,28.762172977139443,28.320462287047498,2.5603457269884586,2.5603457269884586,True,56.46410228547143,7.212766352615223,0.11825193425312809,0.0009844270413866853,-0.00036825358391328087,-0.0043823435728575265,-1,,0
572,0.1163520704289815,0.04167075464430859,0.39703486179624814,0.08401854012353613,0.22519941225017098,0.13572436075675462,28.732306262760073,27.12165024793248,2.807355544508968,2.807355544508968,True,61.17143549853264,7.180158775957969,0.08564828230196413,0.0006747897606413046,-0.00018472664662352368,-0.005116073143549563,-1,,0
573,0.2647183126764579,0.012240651074917027,0.030906170687604134,0.14174183251418207,0.25040018700380245,0.29999284604303633,28.257517604881794,27.964391102135842,2.2232015815270136,2.2232015815270136,True,53.68602170033968,7.293501378978035,0.2269649568785527,0.0013069053457236614,0.0005923702323565991,-0.0027467185552781633,-1,,0
574,0.03129933143932057,0.09239712604301763,0.29465857463404616,0.12891907554457144,0.008401103149953178,0.4443247891890911,41.598925106703085,31.32750505262544,2.2059963594735748,2.2059963594735748,True,60.25525471686655,7.4106086477223725,0.13533320341180183,0.004432558513567549,0.0015507545843203348,-0.002232329548504412,-1,,0
575,0.2738649517738445,0.14312670859269466,0.036777423638312476,0.5038175547475885,0.027868391699125344,0.014544969548434587,27.98585040436658,35.621929152365986,1.8967108263459636,1.8967108263459636,True,58.04170611641219,7.329027221991991,0.18059746742202054,0.0012611315662011894,0.0010933390807192623,-0.0018311258179923983,-1,,0
576,0.1598164070236428,0.22372297430510774,0.1548563182004246,0.248626130652943,0.02644333690262723,0.18653483291525472,29.947728272676642,30.773434062617916,2.2994767797063655,2.2994767797063655,True,59.45220729578309,7.282320771055722,0.1292157235851615,0.001248928290703158,9.084837284202092e-05,-0.0030512864925462927,-1,,0
577,0.3268854625331988,0.1315428195846921,0.03550982735732828,0.36949405414580616,0.11470495973239868,0.021862876646576032,33.75941776739505,28.15596455898735,2.359936911742209,2.359936911742209,True,63.92334238964292,7.3402970113767525,0.12419968998920698,0.0017930619731914249,0.00047339295127721834,-0.0024308948875485367,-1,,0
578,0.51362282108184,0.05630040268506903,0.1914107261981545,0.07256376204955023,0.1109175885823403,0.05518469940304579,34.864286276834726,25.593831655905465,2.437839390602518,2.437839390602518,True,50.86123819418178,7.275596442211653,0.07703545520893249,0.0013910804692706643,7.795529998735925e-05,-0.0038964409992172477,-1,,0
579,0.21158570182730102,0.0926667607078659,0.10468975301509555,0.24541318521857616,0.13131979314356396,0.21432480608759755,29.449936278206046,30.51196309042936,2.178408095523203,2.178408095523203,True,57.08022476065349,7.3042721748223,0.172910103514737,0.0013766095078051558,0.0005342950324488472,-0.0026147545555492827,-1,,0
580,0.11613100689342538,0.21051235257316447,0.05583783444116193,0.3222316982019509,0.14696561932087218,0.14832148856942506,37.725675047194905,30.677049365943837,2.3429807390336332,2.3429807390336332,True,67.18901299257791,7.381268034173648,0.11656043761460563,0.0027341666262697224,0.0010012304447946535,-0.0022282961348416438,-1,,0
581,0.43500121798858526,0.00773515938866496,0.31194350903475493,0.24212086928010232,0.0018608854553551198,0.0013383588525373933,26.62233857023739,30.682345277032724,2.13552350400019,2.13552350400019,True,50.60263014727382,7.236963584566618,0.1054077185333346,0.0007418100191132103,-0.00018540329617687667,-0.0034628966057198263,-1,,0
582,0.06655307240902791,0.10354712362832585,0.04521834775641887,0.5794878969569983,0.007099818807347124,0.19809374044188185,33.6032891937533,33.086819125239316,2.0853997268205746,2.0853997268205746,True,69.80945398740994,7.3999852354436735,0.3769437934291838,0.0027472484415502394,0.008775388042276351,-0.0014568360258618135,-1,,0
583,0.26586555376790316,0.12807646929448288,0.026258660295636352,0.48140958457549393,0.07431128508596234,0.024078446980521306,28.33965021105657,25.684815413746943,2.629005361420166,2.629005361420166,True,71.72926062142817,7.296349836088595,0.217833542606888,0.0011999387022012488,0.00020671987949926263,-0.002382578063191068,-1,,0
584,0.13764539672486198,0.214386477505303,0.18051985752606428,0.4138176583049547,0.006196712678054664,0.04743389726076129,38.34504872963967,33.75903765433721,2.2123931995789743,2.2123931995789743,True,66.86359013312922,7.387098812078118,0.0921921572466559,0.0026257328515417334,0.0007657507161659259,-0.0021328320356998553,-1,,0
585,0.113732997007053,0.2145554476488747,0.5938949790220903,0.01038540169473736,0.010909999676101519,0.05652117495114299,32.269854725187166,28.344628320533033,2.9900779426352178,2.9900779426352178,True,59.91560560192784,7.095949901588968,0.05228971551341586,0.0003911469236972782,6.774140327348561e-05,-0.008039435387282906,-1,,0
586,0.5275591414617178,0.06652440940533384,0.06393475824695594,0.3242007846888583,0.0004989111328701586,0.01728199506426397,39.27133970350948,28.480004985647412,2.1213764593395665,2.1213764593395665,True,56.26444605794779,7.396322421305987,0.10277781241359721,0.0029704598596676734,0.000616402126891594,-0.0021864875171240467,-1,,0
587,0.6074058149647631,0.11748477556091376,0.04427463168086038,0.10660093238526935,0.05325993696622868,0.07097390844196498,41.20232366527356,27.093321057277496,2.1650421659978143,2.1650421659978143,True,49.00105498759269,7.373776583383722,0.07552480423932809,0.0029276403690444114,0.00030359987502578056,-0.0029673684455799273,-1,,0
588,0.2364490417212638,0.042578414119308475,0.10792671381430136,0.27110449741571385,0.20081867975538426,0.14112265317402836,35.9286593609538,31.398432374448042,2.131590383480825,2.131590383480825,True,59.245620058352,7.371847580686498,0.12213924224152767,0.0023750563874761683,0.0009540722435065373,-0.002241434312627477,-1,,0
589,0.10195403623874359,0.11722621435753132,0.11937097306915286,0.4243658830240891,0.20295228342821828,0.03413060988226481,27.823872840078202,28.763771463711663,2.6002569678993352,2.6002569678993352,True,72.54182267356575,7.279014779579558,0.15522049108183372,0.0010106937159057939,0.00015970933168347895,-0.002755194795592508,-1,,0
590,0.5309061067763551,0.08975471813497411,0.08125682255575047,0.27957962320362906,0.008495819577068792,0.010006909752222747,30.997043262077312,25.83325181730744,2.363230037282371,2.363230037282371,True,55.631116069795546,7.2909897532057055,0.12300717717282322,0.0012673712624156955,-6.487523748678652e-06,-0.0029628037740633264,-1,,0
591,0.12624104210107198,0.10862486956589547,0.0301866939991529,0.3805756041850286,0.013025486219431576,0.3413463039294192,40.79280602618016,29.85074855491464,2.164392632537926,2.164392632537926,True,66.30134029386927,7.451665630672538,0.2545359601915818,0.005045449960414677,0.005259503716291085,-0.001424372712041318,-1,,0
592,0.039041130065783296,0.7137140524082062,0.013704012425517866,0.16409331002884575,0.00690874193532161,0.06253875313632533,27.935053995078157,25.372765646325682,3.3914744053135477,3.3914744053135477,True,70.70229785285368,7.094463439585926,0.07715684985108126,0.0003911324510393088,-0.00018683591288951856,-0.00695536035216607,-1,,0
593,0.20663610238754251,0.20279366299936627,0.07626702323135945,0.15813059864982454,0.1728718393899979,0.18330077334190917,33.437611038036536,31.332849510042884,2.199369966134059,2.199369966134059,True,55.740517731077425,7.314220162091707,0.10239471523835111,0.0016419717031102513,0.0003379713633599221,-0.003029388696116688,-1,,0
594,0.23568475509051837,0.22776263557200896,0.013803719222947207,0.10823276170023621,0.0327082288004816,0.38180789961380773,41.15499076944583,25.30448729154701,2.4876181095807617,2.4876181095807617,True,60.42779230883675,7.389642472934255,0.13490629395529175,0.003955419608149556,0.0008486058459130692,-0.0025366318192791217,-1,,0
595,0.07625754012785221,0.08789336530438999,0.054589375186110296,0.49707670551452093,0.06721106052902229,0.2169719533381043,36.987125288923835,35.06707309581323,1.959297530861415,1.959297530861415,True,65.33974367999954,7.434019009538177,0.25239364484136806,0.003597848671722428,0.005780757541998223,-0.0012374041140213472,-1,,0
596,0.09633670387918149,0.18430912269470304,0.055448573028508794,0.13770753963046356,0.043119155092487434,0.48307890567465567,36.60805437144193,30.31906875441057,2.130795108856109,2.130795108856109,True,56.933892128253305,7.381558572145794,0.2163501142793228,0.0032123526295463876,0.002656077543283832,-0.0021763809899402937,-1,,0
597,0.10108411985319062,0.030481085254373697,0.11516781287555787,0.3981160791763496,0.06355370859285382,0.29159719424767416,39.033708773987414,29.85297468091396,2.230427429327471,2.230427429327471,True,68.544045760138,7.431824642433127,0.24353206410938957,0.004173097240458605,0.004568686106447498,-0.0015150468167005673,-1,,0
598,0.5445667037347944,0.09960265033684396,0.1982139748675953,0.05358535641978304,0.0599847619935739,0.044046552647409254,27.79607032657352,25.00149892571598,2.489733624696201,2.489733624696201,True,46.7615120462231,7.19135907109549,0.0940736545877054,0.0006703046369265896,-2.7087705581430166e-05,-0.004503880322091362,-1,,0
599,0.30889886629752933,0.05788932682815855,0.1804053065971329,0.03962092274123421,0.020447609448716722,0.3927379680872283,26.782590077753667,28.222729906044265,2.158056570186717,2.158056570186717,True,46.989236419922285,7.255355805083605,0.20147675044921,0.0010828572106599,-0.00012301150548658224,-0.003232178902945688,-1,,0
600,0.276859794069889,0.1447855643955638,0.07031354368633744,0.25658565625781454,0.1566080713835042,0.09484737020689096,40.27059905964236,25.78187356031436,2.6176475425806354,2.6176475425806354,True,67.34742063371034,7.374795334071164,0.09458826193877302,0.0029436738182909016,0.0004269887437966399,-0.0026822442320926718,-1,,0
601,0.025883925733318054,0.01960616624469387,0.15832639537267015,0.624114624034671,0.013033387932920458,0.15903550068172645,38.75365895476173,35.105214685303395,2.037407686522031,2.037407686522031,True,72.38284597885153,7.459665560675592,0.2661054087464887,0.004320683967570231,0.007339533614050236,-0.0009693182918062549,-1,,0
602,0.4168726972368559,0.003668955661928765,0.16346187112260405,0.09657921911576442,0.24709909989595938,0.07231815696688754,40.82488424941914,27.92569757618052,2.2966819283397086,2.2966819283397086,True,54.24785101962698,7.363466920974512,0.070320463900857,0.0026480812929228063,0.0002884767762902281,-0.003173265800989448,-1,,0
603,0.02230643364326125,0.007548570454119818,0.09180311456407854,0.42218747934602907,0.09965336129115711,0.3565010407013541,30.58124345825631,31.461228361544684,2.1286643640447536,2.1286643640447536,True,65.61460468168136,7.352161861438973,0.5608156153334722,0.0021252756936061515,0.011300152241299983,-0.002059610729080868,-1,,0
604,0.3508019213678215,0.19030020323836133,0.12681175007209314,0.25181778444549113,0.014566903606835328,0.06570143726939742,39.350942450379364,25.165278338719812,2.6490528068860963,2.6490528068860963,True,64.96913334415291,7.34590007982003,0.08570640386279228,0.002458930875270639,0.00018072477319172768,-0.003039049153486278,-1,,0
605,0.31246062908114336,0.15975024889612363,0.005685217986835891,0.4429804062881408,0.05571026683319398,0.023413230914562353,31.31664632341153,25.059936860021114,2.647717392390661,2.647717392390661,True,70.82528763827126,7.316725749190926,0.17294434847379414,0.0015142062032832738,0.0003072298533894497,-0.0024153152067937704,-1,,0
606,0.14693646863346702,0.012208865738169037,0.027465447597433048,0.16572361520507137,0.3767490283621396,0.27091657446371986,29.152260573015653,30.94212019445603,2.145406047119418,2.145406047119418,True,55.99266259682402,7.311901837924136,0.19384450403187556,0.0014102219640605572,0.0010523615692479536,-0.0025781674098999553,-1,,0
607,0.051354644940543016,0.4237474671204883,0.009899907409980096,0.09146900693580487,0.10732441054803671,0.31620456304514705,34.74553402678106,30.002067749985322,2.4363807045097885,2.4363807045097885,True,59.74951994027682,7.30136376564936,0.10239884308058836,0.0018404900031064968,0.00024794869704601044,-0.003455422273995941,-1,,0
608,0.13869627215813218,0.10256030835617362,0.20615343797433067,0.5303814961224972,0.01836482489093247,0.0038436604979341076,38.073865501852595,27.986873866915566,2.6444831512041618,2.6444831512041618,True,80.60727513166418,7.39034236506915,0.12314412575880203,0.0027798415306505833,0.0010700237790452795,-0.001915030282330543,-1,,0
609,0.11216173961278031,0.26993919395959287,0.04197567573473567,0.5240628833533428,0.0001362241726857637,0.05172428316686255,39.547479166274975,29.815926502945985,2.474098452279583,2.474098452279583,True,77.39991199133438,7.417027014600024,0.13017513527603408,0.003421811954805049,0.0015601479891125176,-0.0016620534260048984,-1,,0
610,0.16628332360111864,0.09066984640235806,0.5575623686736666,0.03404572587206143,0.13884883894611297,0.01258989650468217,32.29597969729008,26.078015394056195,3.1176203494393957,3.1176203494393957,True,62.06549657411768,7.114741150169328,0.05640844705569342,0.0004413726356544784,6.169745972140424e-05,-0.00735123579604062,-1,,0
611,0.34725484875220547,0.22813139825860224,0.1575313434677833,0.12294796071665978,0.13023429450702734,0.013900154297722178,30.47341990815004,26.070408031330118,2.6787465475474534,2.6787465475474534,True,56.35749206650586,7.204744615726958,0.0774838111354689,0.0007568571509885741,-5.720384494148965e-05,-0.00471021071408854,-1,,0
612,0.18983036034215517,0.16297738506859266,0.15424408094982817,0.0612552858741268,0.28306154866365363,0.14863133910164356,28.11620371450456,26.728393907543847,2.6820217918267133,2.6820217918267133,True,57.01388416816774,7.196400405777523,0.09688461254208444,0.0007244726202567509,-0.00017806819225701142,-0.0046687680823265625,-1,,0
613,0.039608809857322735,0.08609835928229437,0.1190583805202751,0.6326663811648476,0.06497671931206235,0.057591349863197853,34.28768936041855,31.8484650447271,2.3355694965775333,2.3355694965775333,True,78.71135320193412,7.398161117953119,0.22985540448113279,0.0025365320687959028,0.004079649951577683,-0.0013522373582366854,-1,,0
614,0.22234159784412982,0.39640004046018146,0.24203296019913925,0.07798962604535138,0.05525288405632937,0.0059828913948687225,27.425544635763426,25.73690053783587,3.048538647805267,3.048538647805267,True,58.322122832081824,7.089481555868681,0.07268957785674908,0.00033466705285042984,3.63080009871949e-08,-0.006929444644973941,-1,,0
615,0.25709678108591,0.17994039835628864,0.029695278435329812,0.08645681376280298,0.04976104045897459,0.39704968790069395,25.299019871432723,27.369967936776575,2.259664635619696,2.259664635619696,True,50.05817667752277,7.2457786286372725,0.26223604231551356,0.0009805936476628817,-0.0004991892147147547,-0.0031505790292367148,-1,,0
616,0.33864857296871587,0.03802945926461839,0.05257384819404367,0.5065224630602564,0.054055073924657054,0.010170582587708558,30.091510061869826,31.581779386836384,2.048795934263743,2.048795934263743,True,61.29652513924659,7.347367974670696,0.1986840584543962,0.0015723190525740074,0.001418377307466013,-0.001797766903386942,-1,,0
617,0.037804855697561965,0.0951653864404261,0.24934672409208342,0.38237875612571554,0.18919094738412365,0.04611333026008926,27.70978021546344,27.42565898273015,2.875822311013088,2.875822311013088,True,76.78742468931112,7.244707268146193,0.13069473775035265,0.0008584783132330907,-0.0001830967271031399,-0.0034033114492659665,-1,,0
618,0.1931126695174396,0.2668575179899128,0.09767403675438034,0.18458749469241825,0.07841923625368347,0.17934904479216543,30.39640197019903,25.80833299903419,2.7174973508499467,2.7174973508499467,True,62.78403986805806,7.2479052385209375,0.11912644729413344,0.0011243794066224464,-0.00021735510803079936,-0.0037539156606436743,-1,,0
619,0.23691879677052116,0.19837402910152122,0.1628556440494816,0.11836209286444117,0.022142966529928487,0.2613464706841063,30.283650976653057,28.005985186554646,2.383932547437465,2.383932547437465,True,54.72966863043252,7.262987504977922,0.12660380370000815,0.0012418711364579939,-9.019777539797145e-05,-0.0035103572735126157,-1,,0
620,0.4567915474706394,0.051375161114144856,0.08986518699444387,0.06275197855508799,0.11847668124095038,0.22073944462473358,25.47355060112704,28.44784506139715,2.09778165375089,2.09778165375089,True,44.40332673125006,7.241060942676191,0.15829899051008237,0.000840297630973055,-0.0001396093328016186,-0.0033715924336717106,-1,,0
621,0.18115256770896646,0.5651025432135225,0.04819403459296171,0.12150972978862441,0.08080314944878664,0.0032379752471383516,30.599138460593142,28.345486452524078,2.818390344766789,2.818390344766789,True,60.46052001533808,7.158271169014611,0.06174446988700216,0.0005244066434493623,-2.4175117728495106e-05,-0.005968513293943589,-1,,0
622,0.012785460044829706,0.03536895489739054,0.032743471896020455,0.6523464306852332,0.25443277600554887,0.012322906470977137,35.58912606995639,33.332295191971,2.260185599293984,2.260185599293984,True,79.3969186274886,7.427307983836255,0.21860281707477947,0.0028960911761633664,0.004955011560004757,-0.0010877338287289852,-1,,0
623,0.07940194775130507,0.4656358240873715,0.21472533329789745,0.1191801309991729,0.06682859962077728,0.05422816424347582,39.87313093013709,25.394700995168122,3.30295016550488,3.30295016550488,True,73.8210845234371,7.223684699241417,0.04909970547148635,0.0012106528820719563,1.6110138469042666e-05,-0.005984258733428313,-1,,0
624,0.21766917495346616,0.049269115681731486,0.12724582600854487,0.3211767636879419,0.2572077015098845,0.027431418158431083,31.024783000227856,26.085634741945483,2.7068720097218897,2.7068720097218897,True,69.48168288783305,7.287006341295641,0.12215487154653254,0.0012259006597622661,7.463746470930509e-05,-0.0030667772189807187,-1,,0
625,0.36602930830274644,0.04635886316462565,0.03175449351954704,0.22114032949527226,0.15155776646180838,0.18315923905600018,29.51397191022412,26.41049572148359,2.333005977390041,2.333005977390041,True,56.337911043499226,7.297500018543498,0.18714418696628451,0.0013496948084047234,0.0002505839989791516,-0.0027386405305500055,-1,,0
626,0.12197001294064823,0.09593878882213719,0.08615345986854202,0.2813540880074127,0.4027141774957068,0.01186947286555294,27.10668542200982,28.550567682327003,2.6413694575671345,2.6413694575671345,True,67.40258120745098,7.241064369685184,0.11377644331699524,0.0007466548233414797,-9.468141545990129e-05,-0.003562498491150579,-1,,0
627,0.2021440891204795,0.41464521544714633,0.06177739166897748,0.19107627888801632,0.05968732367240984,0.07066970120297064,25.796777360526306,26.66610157240039,2.784428219800662,2.784428219800662,True,60.625053224586004,7.1679751765742825,0.10397421741529149,0.0005419084967401799,-0.0003768833894823709,-0.004780438896550913,-1,,0
628,0.18829246285430692,0.005210615521829229,0.092364991522652,0.12177493705137284,0.39784998990861775,0.19450700314122135,31.775472538588144,25.23433774002322,2.68739032475219,2.68739032475219,True,62.74577718857769,7.282139821849518,0.12867145647652226,0.001383240034348101,9.837966917671053e-05,-0.00340560319960518,-1,,0
629,0.42800682371065596,0.06526987138873906,0.3157428334794799,0.10241451130814583,0.03184393852808727,0.05672202158489192,25.55447022117644,28.320915441062134,2.3262798712187633,2.3262798712187633,True,47.70537979243466,7.183250999399889,0.09785661251170776,0.0005648500128088618,-0.00018415155233021137,-0.004425720093017023,-1,,0
630,0.22726919635493453,0.07849564340860758,0.15418141400413574,0.4753931242892339,0.05950386543153704,0.005156756511551218,36.03918824578261,35.5987524424002,1.9713024510351402,1.9713024510351402,True,62.04073587081622,7.394980079737771,0.11507109431132154,0.0024170457295941083,0.001193287626367826,-0.0016897259146274476,-1,,0
631,0.06263643584428967,0.04803686835440958,0.07883378301221843,0.35735802818194734,0.044976355897427565,0.40815852870970754,35.71790892763917,30.276515301951274,2.147816135617038,2.147816135617038,True,64.94956275605787,7.40122280378811,0.3956995047195624,0.0033868862275854726,0.008556285186434913,-0.001796782893356424,-1,,0
632,0.07542799921981008,0.19942225053072954,0.5482791014325455,0.10683676177732448,0.03794595795429142,0.03208792908529911,33.43229065801954,30.010003381991215,2.8622434924878335,2.8622434924878335,True,64.74817833787168,7.1616404961247175,0.05148517578303779,0.0005663200006638038,2.4841335190458497e-06,-0.006550405769157167,-1,,0
633,0.1670285461394847,0.20504826183129526,0.1607254689516804,0.09558520033783556,0.3260515041660876,0.04556101857361634,26.06978585052776,29.137300933296856,2.6140248923086116,2.6140248923086116,True,56.97808944731681,7.16497853312194,0.08389285869689339,0.0004697759783816541,-0.00013935654261535725,-0.005129463595893347,-1,,0
634,0.2775346133869695,0.2787260525072045,0.030657999981585055,0.2468141281449198,0.13142134031089342,0.03484586566842773,35.26149309439623,30.52397165687904,2.2977172018276493,2.2977172018276493,True,59.33338076836154,7.321241927461972,0.08100403226596221,0.0016545226937304245,0.0002269662165520744,-0.0030936024492189775,-1,,0
635,0.13346377283893368,0.13468226340760556,0.13692285269820006,0.45225377666031624,0.021436945235398273,0.1212403891595464,38.528188535399536,25.0824519552366,2.8275574631373104,2.8275574631373104,True,81.32496625688266,7.38671944852364,0.15428363742910214,0.003131471303138671,0.0012474667345409515,-0.0020276318303951925,-1,,0
636,0.07916656203345125,0.24457990918947706,0.057021768826237634,0.5897412393278643,0.018657689387308767,0.010832831235661063,35.20553256126688,30.234756100539485,2.506375562346575,2.506375562346575,True,80.05188654454639,7.381672187188674,0.15337479030076495,0.0023479785347215107,0.001687243046567848,-0.0016950303530210123,-1,,0
637,0.0332329979063159,0.09031534720442733,0.048785353821732436,0.37990663077422476,0.06775074535994043,0.380008924933359,32.41554856634032,32.46462530535753,2.0538015770104554,2.0538015770104554,True,63.04428154263724,7.373261271656675,0.43568255224801833,0.0025077271927695555,0.008993354098335118,-0.0018868627581474621,-1,,0
638,0.1408801865189371,0.08569523045445153,0.13265643479379627,0.4140552895758892,0.13037723048759692,0.09633562816932897,30.797661262317636,30.039120879051637,2.3687715016075632,2.3687715016075632,True,68.23348411762068,7.325421486412254,0.16735618765347796,0.001528798771289147,0.0008589643327213132,-0.0022857238250237077,-1,,0
639,0.42772184559219395,0.23286229739944767,0.0640457298573109,0.214369464569841,0.05250438166219517,0.008496280919011204,40.51278732756812,26.405887502677356,2.488045205002369,2.488045205002369,True,59.828042486980436,7.351744861135352,0.07059719730685836,0.0024584284681543438,0.0001770170734913339,-0.0031934298005833876,-1,,0
640,0.09960221082306414,0.031186996072744465,0.034134071149957215,0.8237700590827305,0.0010868710133134748,0.010219791858190063,41.046060071007645,29.402628920041604,2.3929762846157345,2.3929762846157345,True,87.79314595455585,7.490914154198886,0.33227106056631933,0.005434692225856154,0.01062829506292883,-0.0007916373122622863,-1,,0
641,0.3568018160655983,0.1331672897462286,0.05666978009595108,0.17728980154530705,0.10001308751929804,0.17605822502761712,39.67124028678054,25.361824707078288,2.4921530054101226,2.4921530054101226,True,60.50993591507097,7.3688565386446605,0.10488221449522728,0.0029631428592992327,0.00042201100357405373,-0.002734518475863576,-1,,0
642,0.028899969133044486,0.33723703968818886,0.08160419323294565,0.11693383599868225,0.024752924965777898,0.41057203698136074,28.275510526310782,28.47313068753394,2.482877370329074,2.482877370329074,True,59.024534849647225,7.251896719229951,0.18583456350126668,0.0011977600220329427,-0.0003000972348429026,-0.0034381653968139836,-1,,0
643,0.18539777881294414,0.09758671273387315,0.13125564500253212,0.48303340549710055,0.08181238320191175,0.0209140747516384,37.34251815320865,30.462485391784192,2.337804638172068,2.337804638172068,True,71.44502115216764,7.395436354168275,0.12512537575699612,0.0027048823853944005,0.0012149403734858597,-0.001824597980285054,-1,,0
644,0.4470129198741484,0.11586191070011852,0.19986025393272677,0.135339347121128,0.060914117101524834,0.04101145127035351,28.826890497500983,28.280505608127854,2.295406401899055,2.295406401899055,True,49.76327817778156,7.2304563017246695,0.09148940170902314,0.0008246627772350811,-7.667120912116378e-05,-0.003947841772228298,-1,,0
645,0.363605082827937,0.21019693360585137,0.15689378026292397,0.0391892946528675,0.07498152913033486,0.15513337952008552,25.064215623740058,27.981361122058384,2.3553812003608003,2.3553812003608003,True,46.75436245352502,7.178914991304315,0.10853936737396326,0.0005850579973979721,-0.00023791540681611077,-0.004505769389494619,-1,,0
646,0.014248417570835082,0.2861998178326489,0.34204037165737833,0.12060772336849528,0.20211660065029785,0.034787068920344555,39.28905117004432,25.480401200716123,3.432376640203326,3.432376640203326,True,78.46628057268185,7.211833572427995,0.04849051145054859,0.0010316350875003313,2.5369838834333517e-05,-0.006254912369176769,-1,,0
647,0.10767628794121237,0.25186577063555643,0.33216324845827977,0.1251480188676527,0.18231300713833296,0.0008336669589658604,26.44129734724419,26.302750599375344,3.1574319697162183,3.1574319697162183,True,65.14531836827062,7.092223192116467,0.07739745370135186,0.0003075916196423598,-0.00010644900343863276,-0.00682552694168212,-1,,0
648,0.0977368079521759,0.10144718528635813,0.14948709095758544,0.23286518774105044,0.0029847556216578133,0.4154789724411724,26.70243353362364,30.995850460781387,2.1172426940977562,2.1172426940977562,True,56.07362441223689,7.288411554513671,0.36349072096580665,0.001304201003870753,0.00168165994282343,-0.002455653907386435,-1,,0
649,0.35605842591884385,0.049433639004673624,0.2250469762423195,0.08624933190431132,0.12372991217347942,0.15948171475637246,41.38935966465114,28.847985222943496,2.2488471980708287,2.2488471980708287,True,53.872884160733534,7.369822633800334,0.07444330400146343,0.002994865693788956,0.00033548047610068555,-0.0030949947369315603,-1,,0
650,0.19332373636839895,0.09332483425575543,0.00953679222620892,0.2949401600532963,0.3977682490638142,0.01110622803252608,34.174964224412946,26.635407468661214,2.686854030912835,2.686854030912835,True,70.61752442418546,7.321373594635065,0.10275180739880939,0.0015941454450189576,0.0003284346218032084,-0.0029193815010020376,-1,,0
651,0.23078837159370327,0.11810308248688432,0.381717888137734,0.17315839347494227,0.08458966122578108,0.011642603080954963,40.71660787046223,29.359086240931884,2.5615219628697248,2.5615219628697248,True,63.21054893659382,7.318137385125115,0.05294085645095664,0.0019106975875266435,0.00012068922222804149,-0.004042146890255921,-1,,0
652,0.15706332706906465,0.35214093882654607,0.016621268828818658,0.04679144158401764,0.004601221424676283,0.4227818022668767,33.53137661112832,25.217173245231137,2.614112628705825,2.614112628705825,True,57.86653479190285,7.286768162574143,0.14770542816285737,0.0018466466780859175,2.8408454200396078e-05,-0.003448167718257999,-1,,0
653,0.2381639199854978,0.11204851260996412,0.15678117219056686,0.17794887816985613,0.1491649272139994,0.16589258983011554,36.82074370874443,27.989872296737214,2.428566309224201,2.428566309224201,True,60.79988580794775,7.336402283893933,0.09790183760758389,0.002175075039690603,0.00033732328681112617,-0.003005477959398691,-1,,0
654,0.04818192388398802,0.4391445498374837,0.03449585433676193,0.2794430996224572,0.020806702736772088,0.1779278695825371,28.227448829327187,29.99344209967057,2.5495435588422426,2.5495435588422426,True,65.65933620773563,7.247903005656984,0.1280801251380117,0.000978583904891161,-0.00020215222203201114,-0.003475233549541484,-1,,0
655,0.20791763009885927,0.043986609180409364,0.14988679823186735,0.22033993670981067,0.17706839831157778,0.2008006274674756,28.65779725995207,28.99078894286765,2.3137941309602907,2.3137941309602907,True,58.31553635450133,7.28298942289903,0.16450512084865224,0.0011963283440206548,0.00015827110286098002,-0.0029156348813951633,-1,,0
656,0.14729985205396873,0.5255056447244146,0.10248263915427194,0.008227146831107797,0.14295471321664865,0.07353000401958837,38.05507570624311,27.358479367467012,2.9331920773739073,2.9331920773739073,True,61.424670232032454,7.204335923554462,0.04768131804319828,0.0009762049054768322,6.870941763161059e-05,-0.006299477447713829,-1,,0
657,0.1972959442603592,0.05806395599054452,0.09035837825941072,0.495098565141094,0.059560213849711205,0.09962294249888036,35.6939975020432,35.500197453392005,1.9066755911299995,1.9066755911299995,True,61.786804667508214,7.4129948784289175,0.17603911917420426,0.0028279455637332715,0.002750055775920365,-0.0013610324774266669,-1,,0
658,0.3184549184335844,0.15257862340807601,0.12191549920519314,0.3021986201888744,0.028354533620379773,0.0764978051438923,40.13030293313488,26.483910137768394,2.519367925050862,2.519367925050862,True,66.02404558685807,7.377905694503811,0.09557798443422569,0.0029600108463078353,0.0004286301608814347,-0.0025622541352046456,-1,,0
659,0.37847543287065255,0.1517987084781885,0.03032560617662908,0.1979592558346848,0.011965589638565711,0.22947540700127933,31.26231371126661,30.037803221760623,2.0364627716674972,2.0364627716674972,True,50.80615333385543,7.321749145767588,0.16068354878308228,0.0016501644543580236,0.0006228937060529506,-0.002550050939504293,-1,,0
660,0.08880267451173453,0.21815739825786773,0.16784473904917924,0.16121192812072363,0.29647735123383595,0.0675059088266589,31.392700670932484,29.28676831927413,2.6818091648255904,2.6818091648255904,True,64.88256321575507,7.234495268579666,0.07494647828886354,0.0008859496076447901,-1.611506301821038e-05,-0.004403176602085142,-1,,0
661,0.00824700296963589,0.12138479916157843,0.050805092139608175,0.6707857494471514,0.05658006635039542,0.09219728993163064,41.27902454862059,32.32230159449197,2.2864559967686033,2.2864559967686033,True,81.36038846104273,7.481368193382711,0.22922293976647934,0.005170008363879797,0.006246995086922409,-0.0008495285056168917,-1,,0
662,0.06207810757333804,0.2898171118902585,0.29793893221894974,0.03976530069754465,0.2704510007484953,0.039949546871413624,33.447977865525196,27.95680445680379,3.0387886474873325,3.0387886474873325,True,65.2579494153286,7.15256363948143,0.053241521924529814,0.0005462587998220626,3.74422050286456e-05,-0.0068294702257253835,-1,,0
663,0.40906100183516203,0.20736835079059654,0.00048045721478692436,0.2676835484398272,0.007556921660159751,0.1078497200594675,31.18838477789205,26.156050510715943,2.4007159101244917,2.4007159101244917,True,57.8734811325448,7.297686863967635,0.1417831192792648,0.0014126125046263704,6.173941238063329e-05,-0.0028724132568096446,-1,,0
664,0.11909315050175792,0.047638745316281025,0.022525163368939755,0.5287040315941927,0.20750235759191873,0.0745365516269099,40.77197083824905,29.14564559283839,2.4098115240509816,2.4098115240509816,True,77.75002613691709,7.454885019450119,0.17409911506565076,0.004367765621804577,0.0031513029213906295,-0.0012714212778429951,-1,,0
665,0.08529174652921352,0.14586275304082458,0.08909203854496324,0.5357310569196403,0.10148595599797199,0.042536448967386405,26.294551339717053,32.9409131737149,2.2523736651438546,2.2523736651438546,True,69.306684642029,7.302498148612364,0.2168365896186044,0.0010565114876388301,0.0010890946462739617,-0.0020578915015059757,-1,,0
666,0.36086272319546114,0.04272114282147248,0.06366989901881069,0.1875971870131392,0.01069685785304138,0.33445219009807503,37.15865137637943,31.018315712711367,1.8996487346409014,1.8996487346409014,True,50.707914830903576,7.400082912178099,0.17910617910607834,0.0032463842224184415,0.002111837913789466,-0.0019515266384439532,-1,,0
667,0.17494966435498316,0.20689557314273518,0.1383131294920921,0.4724628721175376,0.006916089657176032,0.0004626712354759294,36.32602061164611,31.746287246994342,2.317892330615904,2.317892330615904,True,69.90401352398631,7.371277966691814,0.10456768873344538,0.002228827414118758,0.0007373017200855664,-0.0021120925117604715,-1,,0
668,0.34791850828843435,0.4144289628138037,0.009659579282149186,0.03054263135467292,0.19621445572373697,0.001235862537202842,34.518114768681926,26.270078325126583,2.7186269045411797,2.7186269045411797,True,54.51084387377082,7.208179139236684,0.05735327562140578,0.000855159222555413,8.217532924168011e-05,-0.005394059569675118,-1,,0
669,0.07962880887543679,0.1444528112258564,0.27678048224955143,0.1887826733869644,0.04038780501922219,0.26996741924296874,41.33111872023166,25.429547041377987,2.8413039253117938,2.8413039253117938,True,72.18633809838269,7.361735844140922,0.09926590798900352,0.0033551774603531584,0.0004001479004252234,-0.0029958966200950934,-1,,0
670,0.351672827146727,0.10142161612488555,0.25683747950245805,0.21370441184716038,0.0569749109606929,0.01938875441807596,30.515464504603326,28.28823500060697,2.4208369024037095,2.4208369024037095,True,56.660272923885394,7.2492059912255575,0.08821085076864914,0.0009599171489840855,-7.674801330262126e-05,-0.0037824311488086114,-1,,0
671,0.37077167326908456,0.07852272334274624,0.1535992951116286,0.3573114462665331,0.004076008611557,0.03571885339845053,41.53166618861396,29.711098887432364,2.1960392009581096,2.1960392009581096,True,61.63811636959467,7.416916309315997,0.09454427607657395,0.003581579270172765,0.0007194027059917369,-0.0020839847987964453,-1,,0
672,0.11215613867250865,0.3943464102662242,0.018896597048383743,0.44220607158462427,0.012230861570881366,0.0201639208573776,37.429575664900135,32.231377359325634,2.381703402192727,2.381703402192727,True,71.34346760899479,7.3713028548674355,0.09188132960270207,0.0023157949658029454,0.0006479174380322393,-0.0022809437004904817,-1,,0
673,0.06287199035988794,0.0747596611519689,0.5315908609786434,0.08380134834878875,0.2070815718195819,0.03989456734112912,25.317236584674813,29.935027407471146,2.821839033075836,2.821839033075836,True,60.35408365067468,7.096561814779602,0.07384392825987937,0.0002840863281897184,-0.0001273053927019708,-0.006723642408653955,-1,,0
674,0.20725379931283905,0.43293827543281027,0.012300781762746639,0.11670001001392806,0.09065167594623483,0.1401554575314413,25.620353650126265,29.781405842449097,2.4244525666312473,2.4244525666312473,True,53.186980462371956,7.186829727485727,0.10207139101294115,0.0005999561057365637,-0.0002993768372553062,-0.004473360211605818,-1,,0
675,0.15872656447315808,0.279667672358018,0.08705703762427364,0.3363130194602602,0.06491056929112532,0.07332513679316492,33.49859358007487,25.563730279298866,2.8721953738844466,2.8721953738844466,True,73.84394213308575,7.292710826673857,0.10991872495362767,0.0015007291900626216,4.762460395716578e-05,-0.0032004013217502955,-1,,0
676,0.152624921083862,0.2902850579034052,0.09389115152732155,0.40589619737473304,0.030597788908166702,0.026704883202511527,27.730549918402325,25.84401468034421,2.8919257214394514,2.8919257214394514,True,74.18711245755821,7.24149163799533,0.1388694973801733,0.0008714382169786208,-0.00038453858018101697,-0.003364322725082036,-1,,0
677,0.12128826438637261,0.44867733149662553,0.17551317257196422,0.11019627661383839,0.002688500949190097,0.14163645398200927,30.759540085354423,27.95389013269807,2.784004566304556,2.784004566304556,True,61.028609874373906,7.185578648119672,0.07413036420362998,0.0007713678225062276,-0.0001493353908125007,-0.005279536552145337,-1,,0
678,0.008986681908587903,0.35517662442054787,0.20059393223188685,0.3132376138454844,0.07438852807090046,0.04761661952259248,35.717070655910824,30.139692524329867,2.7833231147214157,2.7833231147214157,True,75.64803003646675,7.290751157453991,0.06948667582330223,0.0014230545609339453,0.00011950906670859839,-0.003722449147005335,-1,,0
679,0.04943204868344139,0.5713669250187376,0.2725085759126224,0.021150263058960936,0.05833754677493329,0.02720464055130438,30.359552589973887,27.726428465079668,3.2646318642251835,3.2646318642251835,True,63.501517897214946,7.034001473545617,0.05603100638214335,0.0002090011984252091,0.00010338009884154027,-0.009572029493529356,-1,,0
680,0.2438670162361413,0.17406075278026262,0.21406885802947354,0.11160236760433077,0.21126049390519136,0.045140511444600497,36.85572287921693,26.42373345307555,2.762630716075842,2.762630716075842,True,62.499501501509236,7.267001706580376,0.06265815877826557,0.001364348658298194,5.154809800573523e-05,-0.004457157126968656,-1,,0
681,0.08425642184895804,0.1951412158768708,0.37607063859740475,0.33420752740323545,0.004028440148988914,0.006295756124542087,29.628819780530407,31.712467869769807,2.569253162147797,2.569253162147797,True,68.24908057111939,7.234776358022383,0.07969520457768704,0.0007840863286171151,-0.00012103263891944704,-0.003964679962785703,-1,,0
682,0.03630053492977952,0.4416716912111332,0.10514104275051622,0.17587863110775664,0.23530633768925868,0.00570176231155561,30.505817058802958,27.962760383597008,3.06680102639933,3.06680102639933,True,70.9150305923145,7.166792821336408,0.06514835923129905,0.0005315371177395822,-7.315315090367004e-05,-0.00582020469264935,-1,,0
683,0.3183452061562503,0.09107113981848096,0.05865488027528093,0.1805397178205878,0.2524191780522703,0.09896987787712963,35.46757359870821,27.72901941880603,2.378534890451616,2.378534890451616,True,58.63046882196896,7.329788099567345,0.09802483365573018,0.001875299846524896,0.00031050999448151514,-0.0029930581360354826,-1,,0
684,0.14614210615669193,0.3841160850028808,0.10060429089405477,0.04146133251409341,0.08658507200079507,0.24109111343148407,34.37578532211815,27.60164709855172,2.6284905274012056,2.6284905274012056,True,58.092415061780684,7.252227608578616,0.07970799076047341,0.0013828829630128578,-2.150199658358344e-05,-0.0043991604910838915,-1,,0
685,0.5239397880076274,0.024539628558635895,0.3128114881547601,0.05296358868746525,0.014730186669986087,0.07101531992152538,34.875230465697115,25.855162628636663,2.4175445269493876,2.4175445269493876,True,49.23787145106684,7.2628574524966485,0.07291289274270611,0.0013323484062993378,6.26970769009692e-05,-0.004122091409655521,-1,,0
686,0.13750574675672644,0.0008418392975298024,0.02422492673968896,0.37843328214837707,0.13816245113643907,0.3208317539212386,35.48466811989881,31.634486429054324,2.017461498187112,2.017461498187112,True,62.06175425205263,7.411003152722924,0.3382474993165673,0.003253079843727054,0.0072570015267324605,-0.0016174878250836114,-1,,0
687,0.4667729113344483,0.1008980660861521,0.1707060231833539,0.1717665936646761,0.05783871010100146,0.03201769563036812,27.895002894122825,28.81384802033617,2.217786820501206,2.217786820501206,True,49.469871194012555,7.238809583843536,0.10185152980562007,0.0008201437909068378,-0.00010490054734778823,-0.00364387455212141,-1,,0
688,0.19598294849811468,0.20386262994688656,0.3939164523736516,0.13471877788134035,0.03606635263388761,0.03545283866611921,37.76700674747873,29.448650133704415,2.629979639166048,2.629979639166048,True,61.936518405846925,7.261143394072812,0.052490107174405325,0.001285507916607791,5.2123812400413864e-05,-0.004802989738767249,-1,,0
689,0.02600223583512765,0.20536680792612808,0.42030600968489545,0.04160612378269974,0.21836255485042294,0.0883562679207262,32.85133963123918,27.391710265166406,3.114638979344735,3.114638979344735,True,66.79538663389276,7.144721273966565,0.05704790304927743,0.0005785851620225699,-8.378804959971644e-06,-0.006856718954935779,-1,,0
690,0.13892894512000328,0.005217365756383776,0.14115521498298159,0.4087630769567461,0.11003169122801795,0.19590370595586712,27.13320684473412,35.241970731211524,1.9221215011772017,1.9221215011772017,True,58.03718613834327,7.323845047623135,0.2783798335083143,0.0013296428443288534,0.0025704743887579717,-0.001896387044262181,-1,,0
691,0.16252053838176972,0.2137442357500044,0.09874106102357899,0.32092783475823927,0.18225579821579604,0.02181053187061167,37.96209384304052,30.662513012112814,2.428239640257991,2.428239640257991,True,67.81797544508962,7.358500870952763,0.07989897785277514,0.0021808536608636103,0.00042762439106179816,-0.002720701517941396,-1,,0
692,0.33434927662194813,0.12757721373254738,0.3667856579258454,0.15479419192069485,0.0003700412867770662,0.016123618512187184,32.00323327535048,26.375408765917072,2.6907729818741397,2.6907729818741397,True,58.27682080110248,7.2129674310481695,0.07201605630073957,0.0008559824440247254,-6.824612107263451e-05,-0.00471894188063117,-1,,0
693,0.21026762535620552,0.07256382441136153,0.08490842272538346,0.13454675122729345,0.2531753821969186,0.24453799408283747,25.735144571705003,31.475871583454968,2.103037691232203,2.103037691232203,True,51.20042388018124,7.260344946948354,0.1706785846640361,0.0009208821861172191,3.092025373759141e-05,-0.0030587754123376945,-1,,0
694,0.1909173161221969,0.04266783250476306,0.1439506077053334,0.23488378485699066,0.23756021665725147,0.15002024215346438,39.288054827868535,28.321301014834457,2.4321072366788985,2.4321072366788985,True,65.3138626911397,7.381359837806963,0.10378399335995189,0.0029347930489447035,0.0007094104628601821,-0.0024990282673061828,-1,,0
695,0.04444552045936665,0.06596167633805776,0.11296483007672764,0.38048449740235113,0.0005463830658853223,0.3955970926576116,27.585296648660112,31.56112130496861,2.097970669366819,2.097970669366819,True,61.61380792367347,7.311245551371669,0.6161271352983225,0.0015710089142948204,0.008275891245310474,-0.0022063914812985048,-1,,0
696,0.1618570134182901,0.19206299126954865,0.17322673924313084,0.0840915932026819,0.013338265265143963,0.3754233976012045,39.48902550117939,26.090699631580254,2.5527942545337607,2.5527942545337607,True,61.035520377548536,7.35244689267681,0.11643059784046184,0.003119773973730363,0.0004569554727183289,-0.0029984495268084795,-1,,0
697,0.0412397058141875,0.030869483507771106,0.09520662424460585,0.5263904247052925,0.037933182465402476,0.26836057926274054,29.373403405417164,35.99548032103561,1.8928498711045227,1.8928498711045227,True,62.68191057993922,7.359631076650645,0.5186547723675092,0.0019315089741195317,0.011681915844773605,-0.0017634369153235938,-1,,0
698,0.3056718377061741,0.0769470264299221,0.10442227426462071,0.14780319773014192,0.17880690121556492,0.1863487626535762,28.228586920509183,27.62439082264702,2.3405629968961352,2.3405629968961352,True,54.063537287729545,7.261460239841267,0.14449754812681426,0.0010490506907691111,-8.824312243590538e-05,-0.003300062549895089,-1,,0
699,0.13364672036656036,0.2605300669927249,0.2999508483605087,0.18130619915273402,0.027190604749120214,0.09737556037835185,36.56499261673253,26.650272914624342,2.898845989934811,2.898845989934811,True,68.78892060165244,7.260926168270386,0.06710143167038173,0.0014183427606683594,-1.590558869488911e-05,-0.004446749668754936,-1,,0
700,0.22428769278866081,0.22935740883879127,0.008239914805276655,0.1436975246496996,0.13825210498133145,0.25616535393624035,36.60386326624113,26.04735549857791,2.53803178321672,2.53803178321672,True,61.339015301358515,7.335884463758223,0.12062205184449888,0.0023400244279173673,0.0003967568364127756,-0.0029605118614421267,-1,,0
701,0.40666946889338573,0.06846310447200209,0.06130356560825664,0.1547836832740793,0.04635472727353473,0.26242545047874166,34.19789055408812,30.537072808438438,1.9499640759930572,1.9499640759930572,True,48.97485805052372,7.355238002752333,0.14948402586595466,0.0022188215950796576,0.0010064621192797617,-0.0023763701079108075,-1,,0
702,0.12253937354855546,0.04877756603480497,0.03652970858395811,0.6496165430708147,0.028675750717815543,0.1138610580440512,33.69995702388066,26.864826763612793,2.537843736533328,2.537843736533328,True,81.91422540343343,7.387685222504074,0.43279821624342896,0.0026473806648326013,0.008488598472343697,-0.0015931113864598874,-1,,0
703,0.18412224377953115,0.008316924065928474,0.24825968547513488,0.32832227056592656,0.034011626454637255,0.19696724965884174,32.921867770111795,33.86070770998644,1.999805957815355,1.999805957815355,True,58.00723360146132,7.355076902204612,0.15816996624972593,0.002010678122713417,0.0013059970239645859,-0.002066095190419495,-1,,0
704,0.04189753022083158,0.020463537116859564,0.0635759633423034,0.7143512217909673,0.018195240548389557,0.1415165069806485,29.50781222392844,39.286632060049875,1.7763174373571449,1.7763174373571449,True,65.02610385353178,7.381378044795293,0.5668774982383696,0.0020255486150834484,0.016668179964414765,-0.0015419279715774424,-1,,0
705,0.3021860963821116,0.30698223129356766,0.13123863093005142,0.141088255171557,0.06522564323404763,0.05327914298866463,31.855481364072926,25.95608514749198,2.7267953322471623,2.7267953322471623,True,58.89633335734822,7.220361814403236,0.07788394961858908,0.0009181664093021549,-8.087490727042064e-05,-0.004563133301976943,-1,,0
706,0.3441614375472921,0.001226675011553749,0.08862005677760976,0.5261658287722912,0.003751938755032071,0.03607406313622116,26.132029641092085,31.83168531121962,2.002576975034621,2.002576975034621,True,59.36119799904776,7.313949714991416,0.2836310815878704,0.0011488128383609663,0.0014270020216693932,-0.0018479003643925465,-1,,0
707,0.08405440606909724,0.20097718824443855,0.011341191521153277,0.07243534833037141,0.03249451406729812,0.5986973517676414,34.28311447618926,27.086317684933785,2.306296165610162,2.306296165610162,True,57.03770352106092,7.347566401434435,0.31346684081003034,0.002708433768252796,0.0031328587743305572,-0.002488616031119141,-1,,0
708,0.30500539858878234,0.05942142424402161,0.2680390033071054,0.22990668322743116,0.039817728040034764,0.09780976259262476,37.320901924102614,31.564197204846987,2.140730805746949,2.140730805746949,True,56.37794512122048,7.35214423859233,0.08542901545080195,0.0022267918445611546,0.0003870477114078336,-0.0027657618842235523,-1,,0
709,0.10669236635268133,0.28141377777313153,0.2679183741309664,0.13969702971876244,0.18720372458742682,0.01707472743703147,34.32567558849504,27.24368412034119,3.0046339644851314,3.0046339644851314,True,68.54805078461975,7.202425513382163,0.05775187951889077,0.0007981509690071031,-5.070142080327072e-06,-0.005568564964622121,-1,,0
710,0.1496534433122367,0.12185461811658314,0.12013543705612022,0.2928029479929326,0.08834999925228927,0.22720355426983807,33.45645619748303,29.514079399427185,2.314409495149958,2.314409495149958,True,63.521024214565315,7.342948978188267,0.1660311929771444,0.0020461233241087892,0.001040098126193116,-0.002364299269550748,-1,,0
711,0.06642131096093605,0.0672222315976628,0.0628918115472913,0.3721643204371973,0.036961007547711804,0.3943393179092008,28.774472317538628,33.36319903565155,1.9537088869090844,1.9537088869090844,True,58.74630966505436,7.335486231563987,0.5597801594703806,0.001805557899647776,0.009816877615092813,-0.0020802092416305966,-1,,0
712,0.019542635734860075,0.24997928300503294,0.14449929874885725,0.4269976677976908,0.12046813828822375,0.038512976425335174,33.49278993886355,34.37191409939106,2.3355927961393896,2.3355927961393896,True,71.07850038295895,7.33718664398336,0.09824080659459788,0.00160687898541531,0.0006085813399991298,-0.0024158574167134988,-1,,0
713,0.29075041072731284,0.5545506287976039,0.036525836649260734,0.017628767250164858,0.018627471613912774,0.0819168849617448,27.563420991161912,25.590210016911772,2.8554331440134963,2.8554331440134963,True,51.95971957998529,7.113179579764258,0.07663473998763187,0.00044318036076049867,-7.678716840803739e-06,-0.006303920034937351,-1,,0
714,0.139433506896818,0.24147225944829953,0.2711828188774886,0.20097352453194253,0.1455772258707335,0.0013606643747178743,26.622115518879603,29.620323736626986,2.6901949439295954,2.6901949439295954,True,62.26253655326233,7.166194588386823,0.07997151950235028,0.00046510074796662904,-0.00019546793704941956,-0.005101791506501293,-1,,0
715,0.1676681065334194,0.24392215584929494,0.11378127961002991,0.449343536259373,0.0016115284979478146,0.02367339324993486,26.280950492932327,27.305639291891822,2.6919304747591934,2.6919304747591934,True,71.70953484808946,7.249089311825555,0.16412932425692778,0.0008393186272406491,-0.0004291273555678942,-0.0030141541529940955,-1,,0
716,0.36572990273829736,0.03931464458231322,0.0010553907377212786,0.12871959820861656,0.4089736257240266,0.05620683800902492,41.14795132154416,28.23996400513974,2.299453812410863,2.299453812410863,True,57.092258787007985,7.387486899027028,0.07604881822377893,0.002923306338740903,0.0004422552534738308,-0.002818928484873212,-1,,0
717,0.07613820411390797,0.4986237084864855,0.02670459142176751,0.07220095919177111,0.28214460375117556,0.044187933034892386,25.450243448233202,26.103667394673423,3.178377859312283,3.178377859312283,True,63.11043636375361,7.0810720127331335,0.08258055965114897,0.0002928616944932978,-0.00010405138562394849,-0.007008119568858007,-1,,0
718,0.11816512350267123,0.0348741680890428,0.08826445435146459,0.28132355116993557,0.3643434190991604,0.1130292837877255,40.73466758990135,29.960574888346617,2.3932953022078056,2.3932953022078056,True,68.67331850381935,7.412905888202235,0.10141657156491375,0.00341846243690933,0.001051919114254448,-0.0021514008439759923,-1,,0
719,0.06545455498172256,0.2264500236942794,0.23460692784801518,0.35750104368979907,0.06939517832838248,0.04659227145780141,40.433281384373885,29.926156650940843,2.649242530066493,2.649242530066493,True,75.76018856667908,7.3701813188079655,0.07467079319276583,0.0026412368734271313,0.0004355333722632043,-0.0027720837597107278,-1,,0
720,0.12731955430251804,0.07581398096179214,0.42322497231198697,0.26496561232824317,0.10597758363529293,0.002698296460167005,38.92306259796124,27.178016800863766,2.9164791564292796,2.9164791564292796,True,74.78357442721592,7.301695857408869,0.06090218782418765,0.0016961908730700082,8.702089246778558e-05,-0.00396279066900185,-1,,0
721,0.3278987643332555,0.03752129317433424,0.11328337872518979,0.489438865254199,0.023046389518496944,0.00881130899452477,30.216092007638,33.24918209665505,1.975872964206676,1.975872964206676,True,59.30404887842783,7.344701780400086,0.1704094328142563,0.0015331853691649567,0.0011076291880466082,-0.0018496278506186555,-1,,0
722,0.00994308279552253,0.11146527374182984,0.11125041693591332,0.618557665044578,0.02754198533607286,0.1212415761460835,40.44618684441633,34.059173727119315,2.1696215796202725,2.1696215796202725,True,76.21033050450679,7.468230938184668,0.20655986694549938,0.004684504293044144,0.005116623021533807,-0.0009410056120127558,-1,,0
723,0.09339417099286906,0.14091681316078628,0.3065966216108808,0.06337158101966307,0.30647097001499474,0.08924984320080621,39.04121194577752,26.62533472719046,2.975302703006848,2.975302703006848,True,68.11580153076106,7.263130540039326,0.05462335826712813,0.0014571872622741466,6.871311435520523e-05,-0.0050206835467092184,-1,,0
724,0.13570059250056335,0.4102154973399491,0.13596984214248548,0.2652963714631452,0.04578302936192946,0.007034667191927319,31.33423813821075,27.338089054629442,2.9080560469362915,2.9080560469362915,True,69.93307611152751,7.215736231223486,0.07512405619742137,0.0008077617123317998,-0.00012626665267078072,-0.004608227034563179,-1,,0
725,0.15771862134845416,0.25428358818499847,0.07455454509103478,0.4405511841057492,0.03795987987274973,0.03493218139701374,39.73159106895092,27.807464103397667,2.6375413355451913,2.6375413355451913,True,76.67795505204603,7.391116116891446,0.10359231689344074,0.0030045696875068374,0.0007590218869475713,-0.002187480232482254,-1,,0
726,0.46683763059350136,0.06835203799357213,0.13815770822790416,0.2756159647421349,0.02127350431191351,0.029763154130973975,39.58952973218922,27.999550411217477,2.2410471132396887,2.2410471132396887,True,57.63261281356636,7.379566946544404,0.0893561707671153,0.00277785769789693,0.0004074658951985651,-0.002532484867997509,-1,,0
727,0.4056372071133862,0.08920758885923245,0.02580053009402117,0.0035968207861876147,0.22150908536332412,0.2542487677838483,28.3778859256804,26.536695929437737,2.2821565095248797,2.2821565095248797,True,46.86887429439179,7.252637004504041,0.13843128067186006,0.0010479030401369623,1.1135521676215868e-07,-0.00358388600134695,-1,,0
728,0.07945791897953508,0.33300884649844825,0.12931378367765436,0.4137355781824334,0.024317973911818083,0.020165898750110624,38.528402747243376,35.114807634592495,2.252379609917978,2.252379609917978,True,68.64598933184052,7.37944578464294,0.0774272114941855,0.0023911913122182907,0.0006010680040537942,-0.002318370198757403,-1,,0
729,0.06759480757240717,0.13223218200841425,0.0954305816760522,0.5813426391202554,0.12153647737390477,0.0018633122489663384,35.94582613546476,34.25570348007111,2.2123261898151783,2.2123261898151783,True,74.05792526878913,7.406696966673887,0.14243509600769366,0.0025769734141430126,0.002085950029028525,-0.0014026437232346617,-1,,0
730,0.09582150724881806,0.09687213853544949,0.12049058155365759,0.09072969484634573,0.1718787224689815,0.42420735534674764,41.557761683937436,31.945767052313244,2.072619631428864,2.072619631428864,True,56.135167848855815,7.424115404925904,0.13733252960403067,0.004499931290934547,0.0018011595403974864,-0.0021031895983410535,-1,,0
731,0.1370415366550744,0.019241028954722933,0.38103956163519426,0.0038703038496461332,0.08437383113680401,0.37443373776855826,28.090674557194134,30.033009809287663,2.274614125469683,2.274614125469683,True,50.52983596881877,7.234958976444125,0.13031143477943555,0.0010267185241788369,-0.00020541093661317629,-0.003867156333652724,-1,,0
732,0.250967804696841,0.05278074634831836,0.35776158628541754,0.16620308377780288,0.03875444869227215,0.1335323301993481,32.63283255432853,29.864591207909456,2.3359613712195983,2.3359613712195983,True,56.51348681652803,7.2756476241505394,0.08837041783893748,0.0013007483662968505,3.0183113534948508e-05,-0.0035980401094088724,-1,,0
733,0.043696164193492926,0.3259046201138796,0.13783614678418182,0.42799836971437044,0.01875566887613303,0.04580903031794221,36.42222644845144,35.40962322142496,2.2513347104961294,2.2513347104961294,True,69.26262252492272,7.364479086753962,0.08803297889468031,0.0020957012607711,0.000668185887762149,-0.0022778484936822473,-1,,0
734,0.16802221928685376,0.29073862655437427,0.1307964515655226,0.16355888928313014,0.23110182647547778,0.015781986834641517,25.50021656563948,30.835425470935178,2.5026311971049977,2.5026311971049977,True,57.421233663982555,7.173641351138937,0.0843644918318388,0.0004586582945279775,-0.00018659726505074238,-0.00481126124089739,-1,,0
735,0.0901373274182439,0.09942100981724677,0.02011670666631126,0.4787992169421205,0.11348060543418895,0.19804513372188864,26.128596553888173,31.6684177436654,2.168606807823101,2.168606807823101,True,65.48833094095758,7.308712205961635,0.4323510310924901,0.0012542133962204233,0.004237179433423987,-0.0019975232971339812,-1,,0
736,0.5006308592847943,0.1619896871921292,0.058483446028169545,0.19810896678649179,0.011382610474458623,0.06940443023395651,31.918235287979893,25.574808482997057,2.404571386793849,2.404571386793849,True,53.951501832722386,7.283302423994162,0.11127673955679747,0.0013191065930228329,-4.06402158529149e-06,-0.003259949774981706,-1,,0
737,0.5001554071007103,0.14567399984760485,0.06958966527797998,0.25227418388791284,0.01281605525810307,0.019490688627688907,41.53496244195286,28.056708100276794,2.218533203993269,2.218533203993269,True,56.17415165893463,7.393190043256996,0.07999599273846501,0.0031617697753723657,0.00038003633317438396,-0.0025790520954117936,-1,,0
738,0.2706360262782463,0.46856026649414556,0.006676420793531558,0.13805650698738436,0.01590017575419112,0.10017060369250091,34.28293425853818,29.501258351118278,2.409000785557191,2.409000785557191,True,55.83881888696879,7.268458944201358,0.07195797679187943,0.0012996846119232648,3.492275992411649e-05,-0.004020113213344144,-1,,0
739,0.3559914510422848,0.14037788414728744,0.0025701921115251153,0.3627083663648944,0.06551064297576711,0.07284146335824115,39.42491126254001,31.87179913145892,2.0106179284429575,2.0106179284429575,True,58.26065218995477,7.418627089007101,0.11609811152768078,0.0033481434753205894,0.001185879545880838,-0.0018135603914158607,-1,,0
740,0.3367093410194313,0.06425133153092787,0.11491498191640886,0.10850617275729463,0.02867965890612793,0.3469385138698096,27.057366827887407,25.33606575160904,2.3794417069324783,2.3794417069324783,True,51.895215311489714,7.256789639047323,0.2374434950450665,0.0011110316622249432,-0.00037583698801190113,-0.0031293928069073443,-1,,0
741,0.49073319765652573,0.09990967237950993,0.0408616091222587,0.24247879816808507,0.02478739216187609,0.10122933051174443,25.17707611698019,26.40436399397498,2.280636915210948,2.280636915210948,True,51.65184433513736,7.246706583176496,0.18906657450321002,0.0008240565222925258,-0.00045715906919803397,-0.003044604185056774,-1,,0
742,0.47868498802769005,0.12467225991266248,0.05634321570594657,0.08051666086538949,0.12247334999825753,0.1373095254900539,35.03285509259901,26.951656008776162,2.2654758442555836,2.2654758442555836,True,49.984234489780135,7.310107967672634,0.09335463927243039,0.0017430235224577596,0.00019885988028111142,-0.0033127192054026935,-1,,0
743,0.36969634827516834,0.01973995983915266,0.23782348131470307,0.20562212803891344,0.1422431641777551,0.02487491835430748,38.110995433257955,26.764581721323665,2.4974835569656353,2.4974835569656353,True,60.749981076042445,7.331767040129056,0.07661974020765351,0.0020294593640790537,0.00017251255525574608,-0.003251062146222959,-1,,0
744,0.23138095779412304,0.21347916928322908,0.3581700744488823,0.19093214395394878,0.0031674126900310892,0.0028702418297857314,32.76623887427399,25.47515000080785,2.9892629314973687,2.9892629314973687,True,66.03644570295371,7.197857213971602,0.06792607965808822,0.0008025103495851911,-8.524756851711302e-05,-0.0051558434994974185,-1,,0
745,0.39122406779360447,0.29124160832357565,0.12427147567251214,0.05775154273573404,0.009521736065986795,0.12598956940858697,39.313589401419335,27.42648022512258,2.4081257198651596,2.4081257198651596,True,52.72757270774436,7.3098593835807195,0.06488092170423135,0.002055962345564215,0.00011937825578325164,-0.003917020641018813,-1,,0
746,0.0571423996566902,0.22879725523898545,0.12547452231898953,0.47813924508211714,0.027669545408392705,0.08277703229482508,38.42742748450736,29.008824529995515,2.6180016694767314,2.6180016694767314,True,79.64540678921934,7.391536062303666,0.12581948159626583,0.0029587051047272645,0.001239191163421363,-0.00196866614562008,-1,,0
747,0.5057126798256948,0.08252821258922224,0.09964199166164697,0.25760797356183757,0.027836930512682424,0.026672211848916088,25.664052848748977,27.611447033457075,2.2315678897494946,2.2315678897494946,True,51.270170815643425,7.244127938073445,0.1464688971967687,0.0007798743405941646,-0.0003089221697665904,-0.003172433136896699,-1,,0
748,0.48269741539853905,0.03437866514808167,0.2103494123071923,0.14518788735181137,0.005298540571090983,0.1220880792232846,31.84076246727571,27.893568422047238,2.197469016900732,2.197469016900732,True,49.74874016356164,7.287134186308974,0.10680794776100386,0.001356191988224208,8.273294923105539e-05,-0.0032475914377164882,-1,,0
749,0.2962801618101533,0.06250042034748747,0.24311060941806514,0.1512157537888032,0.22113646278759125,0.025756591847899597,37.630557181712916,30.332167729665805,2.31850295484862,2.31850295484862,True,57.220467791274714,7.320968904794896,0.06415902649441917,0.0017493283689327724,0.00019139155838025288,-0.0035315122573148865,-1,,0
750,0.6911539093380124,0.09293489475913368,0.05194772643146004,0.11209530277346164,0.0138836373944136,0.037984529303518776,36.26120238733633,25.00498916165976,2.2806694316108427,2.2806694316108427,True,47.909280378649086,7.316808471399279,0.08652006443087874,0.0018249008447017855,0.00017138978341814972,-0.003264931078279237,-1,,0
751,0.21386928913361047,0.013853589495209375,0.11614278086026372,0.1139351635495119,0.15282301559290923,0.38937616136849523,28.11574333947042,28.11508091012994,2.2214339124568814,2.2214339124568814,True,53.12617839896085,7.287541692873777,0.25527772922264275,0.0013439963182172957,0.0006039377386467237,-0.002797539560368263,-1,,0
752,0.2937855040167278,0.2333904625879339,0.03415360099854869,0.28480156020679365,0.10310653385979514,0.05076233833020105,41.457121270966994,26.615560234072962,2.5692660032604238,2.5692660032604238,True,67.13814948397331,7.384433331460195,0.083574381408902,0.003103523533940869,0.0003912551803719166,-0.0026725695440654434,-1,,0
753,0.3354148807061617,0.34010582194137134,0.07982835342142944,0.07239214518220823,0.0851946128282102,0.08706418592061911,27.460339073629342,27.91177448203767,2.4712461652311677,2.4712461652311677,True,50.46489972718627,7.183940101889877,0.08691923341774335,0.0006268771361800845,-0.00012129285456341305,-0.00476043239345749,-1,,0
754,0.021120325935536446,0.0006387268394210646,0.0107940752374999,0.15981528476306883,0.027181280393875903,0.780450306830598,34.95693736134638,32.989156780964066,1.7675053141407255,1.7675053141407255,True,51.14032284062554,7.385859072381443,0.9164375871784849,0.0036858759883377436,0.028872514452739334,-0.0028954681068546605,-1,,0
755,0.2226267914140151,0.14205310487262496,0.004247772009802401,0.5031270303620252,0.04608518963736224,0.08186011170416999,26.900224523346605,30.730007500144914,2.188384484183691,2.188384484183691,True,64.47793410714777,7.311488054805003,0.2774531061586536,0.001213280546945405,0.0014598216504528104,-0.001989367983555918,-1,,0
756,0.14136522125657958,0.042248513360309305,0.18817630165736463,0.26417812176934774,0.06694822402144666,0.29708361793495197,34.104993024373115,25.45276191573902,2.624280584024131,2.624280584024131,True,68.30065712758942,7.335046751540327,0.20022365191709934,0.002220265289626868,0.0009233147813044498,-0.0025160788107277026,-1,,0
757,0.04010528450131807,0.44875208016815865,0.09243674343838913,0.2419513066529576,0.16462485135942614,0.012129733879750509,40.918173279943794,27.463488661317893,3.0733799697779864,3.0733799697779864,True,78.81044809824175,7.307033926696451,0.053364798438051524,0.0018057863724318898,0.00011568037225076032,-0.004278853017832121,-1,,0
758,0.28271585735574056,0.3215350326772508,0.21382457215498737,0.03002747821052063,0.09466837794144449,0.057228681660056194,25.71368451845372,26.917121473868278,2.725286484021729,2.725286484021729,True,51.27180690081985,7.111614887424099,0.08088217454469344,0.0003785985234619281,-4.438619923256343e-05,-0.006111540476608298,-1,,0
759,0.180637187271502,0.17867474405709172,0.12710109459394459,0.20946647961653125,0.060888549242418766,0.24323194521851169,36.448352333860335,25.406589088042146,2.6770168089689923,2.6770168089689923,True,66.59580421012916,7.3320135733416,0.12715854023050266,0.0023227851561396177,0.0003500634258984465,-0.0029116635078559267,-1,,0
760,0.14383591484383568,0.02899251426292326,0.45113268017083824,0.02060030159768389,0.3354791816786987,0.019959407446020146,32.6975384337365,27.495837083303616,2.9145567066507208,2.9145567066507208,True,61.293845427839365,7.162081108288646,0.05602648891995231,0.0005651037034412901,5.290675114744811e-05,-0.006373134780121597,-1,,0
761,0.07019064314998859,0.1368607034334975,0.18162876777467363,0.028102081734046835,0.09300101513792644,0.4902167887698672,40.76451034917406,27.336368637790766,2.439638798164978,2.439638798164978,True,59.99349776924824,7.380587533856124,0.1357333645378433,0.003916858374871943,0.001006091157500733,-0.002711057199870358,-1,,0
762,0.03899848218612514,0.27306308880771774,0.36624745358798044,0.18185161877550962,0.10579264006798755,0.034046716574679524,25.966875762885174,31.193919335129067,2.739938550525998,2.739938550525998,True,63.83650254900335,7.136830427327189,0.07498497269926713,0.00037243786437901177,-0.00021447528410699303,-0.005785283740904584,-1,,0
763,0.051916682858712274,0.07640008974887301,0.1722365364576888,0.3259356871568664,0.14702404630239976,0.2264869574754596,30.3395893330048,29.55197507236981,2.4275992560005233,2.4275992560005233,True,67.6720078131086,7.313292137974068,0.1973460914398551,0.0015496865182984209,0.000974585039911639,-0.0024838087296970937,-1,,0
764,0.35051887095580275,0.04493918416546365,0.2594266838296243,0.11346295705843132,0.015058316075305606,0.21659398791537232,33.550245175189616,27.840072269092293,2.2883279316121174,2.2883279316121174,True,52.77991667135601,7.298543768629364,0.10868300570309415,0.001649614056208725,0.0001397168621548182,-0.003269488459734351,-1,,0
765,0.19465154294394924,0.21979396025812184,0.0890121776179159,0.2863978168531579,0.140992725717599,0.06915177660925624,30.97473549743261,32.088262704117945,2.2415711484705945,2.2415711484705945,True,59.96997748532999,7.296264737367314,0.10292265638036599,0.0012367471376516245,0.00019927487694507988,-0.002959420702303204,-1,,0
766,0.086963562419483,0.14013233007414982,0.45285593223364806,0.03467739342764923,0.2716748469485936,0.013695934896476364,35.19928128566149,27.565753567229663,3.0732590904810397,3.0732590904810397,True,65.94494646085283,7.159899964420829,0.049321520620394826,0.0005763662971171398,6.3948075499507e-05,-0.006971683042633131,-1,,0
767,0.6607238484390685,0.1396894430383788,0.017925578223028947,0.041839759482501376,0.13976267996877675,5.869084824547946e-05,39.36447570870294,25.190812586243144,2.344196132296227,2.344196132296227,True,47.69841639526618,7.321416345520059,0.06493223710986838,0.0020018004876403753,0.0001726886563753094,-0.0036910448298823543,-1,,0
768,0.2252737963593405,0.2219963382623359,0.010162406624801116,0.4730943090191184,0.064302940964278,0.005170208770126051,32.09480863989833,31.166099309109665,2.2570452547690945,2.2570452547690945,True,66.58545715585377,7.342425558887829,0.13836310488978149,0.001640100468441627,0.0007689323501992406,-0.0021166714266028486,-1,,0
769,0.3565566485663111,0.2580476287617504,0.15939305090206654,0.05840596212601217,0.15373007639579464,0.013866633248065079,38.45575310032699,27.725093699161487,2.536732266558691,2.536732266558691,True,55.052495519539484,7.274167486958726,0.053328203917070896,0.0014252236357478352,0.00010081215931866947,-0.00462715702392567,-1,,0
770,0.1613525891077993,0.000564643507891001,0.18118120083603922,0.1194974702770572,0.4999118022240266,0.03749229404718666,41.919268666737494,28.96445093357412,2.5663415784614614,2.5663415784614614,True,65.25058939291281,7.365015058104812,0.05909735192277569,0.0024963421411124237,0.00030519188849086287,-0.00342102700589032,-1,,0
771,0.3653461114213827,0.021015471885488544,0.023922470314043445,0.286062194326004,0.18313990616095605,0.12051384589212526,31.66773359173326,27.58583941781722,2.261418230211654,2.261418230211654,True,58.53464342467318,7.330732444519535,0.1680048557928527,0.0016637798207097927,0.0006698218319112923,-0.002416864339165923,-1,,0
772,0.00428378069445724,0.1855582909893625,0.10530819354876769,0.1994174427996403,0.1197217098509482,0.3857105821168241,38.13028513720322,29.610986391354242,2.3765264638874686,2.3765264638874686,True,65.71538309808678,7.384407013767018,0.16715223115167932,0.003343927129204759,0.0018245483049935268,-0.0022496884054822434,-1,,0
773,0.1766493934104068,0.2338468016346546,0.2589035534499918,0.28477074876860653,0.0397454328360321,0.006084069900308116,36.51201388390402,30.2920441575641,2.5318473308581737,2.5318473308581737,True,66.60374589325045,7.3045101445626655,0.06649616489083095,0.0015385980052420813,0.00011543543825741083,-0.0035645180666372075,-1,,0
774,0.3974586309436747,0.07628335457309045,0.08562806197234077,0.0709607340050352,0.34743141497138846,0.0222378035344704,27.976923391375188,25.484153451844307,2.5971879609609143,2.5971879609609143,True,52.68730772408565,7.20334832568207,0.09376586600728953,0.0006712970814971739,-4.6436411089228875e-05,-0.004440505548945233,-1,,0
775,0.13437156214666038,0.031102010870091814,0.1385936149859177,0.5797523264564344,0.09082696482803256,0.025353520712863106,30.453125738283173,37.22802178322174,1.9240299932637699,1.9240299932637699,True,64.32127802544728,7.3680815680645795,0.19399121459055346,0.0017024989147929996,0.0025034985846895215,-0.001423135877595472,-1,,0
776,0.19346406922661755,0.4060049978363032,0.23094682292071575,0.07650993083249326,0.007034146005182306,0.08604003317868793,30.378849426795536,25.71244345865028,2.9925940956681747,2.9925940956681747,True,59.94580719458174,7.142110239521961,0.06996883107722109,0.0005849640043619059,-7.854843364533242e-05,-0.00613745767722149,-1,,0
777,0.02991619093039156,0.06425023912044589,0.515946973520852,0.19421974428333366,0.15845826841406174,0.037208583730915415,37.85219525933371,27.342189270815663,3.097762708282971,3.097762708282971,True,76.59295999422135,7.252611207934785,0.055090219456467776,0.0012436038294690163,2.9302274876192214e-05,-0.00497158350027583,-1,,0
778,0.4148514453159047,0.09227401666633848,0.3210217757125581,0.12652470455198594,0.01360286371235627,0.031725194040856435,28.897890499462076,28.149664640506625,2.3831122901959634,2.3831122901959634,True,50.735229072077125,7.209031327977794,0.08270033889752376,0.0007344958045075923,-9.013997194531579e-05,-0.004375545274715425,-1,,0
779,0.13060303277081295,0.40891360179497427,0.04165459647406894,0.1261720788114711,0.2694541240628334,0.023202566085839225,29.39055277526968,29.52150494780641,2.691252127724021,2.691252127724021,True,61.00361673024782,7.185713188651714,0.06885780441885468,0.0005774028696912299,-5.2358497954217745e-05,-0.005210105435800013,-1,,0
780,0.48829017642415146,0.016813081850688565,0.14349596022479455,0.08541738389965882,0.18970420701538218,0.0762791905853243,31.015065730745654,27.83711367092774,2.2241408959331754,2.2241408959331754,True,48.251289717073234,7.268460837215373,0.09426043464878033,0.001121965032565034,8.031470118497505e-05,-0.0035835445647478415,-1,,0
781,0.3463109902548106,0.0663459522765133,0.034313776511275124,0.199172077122655,0.10912720688655808,0.24472999694818787,29.25781427742782,30.744789260582444,1.9881356242090902,1.9881356242090902,True,50.42152222087179,7.314974967989203,0.19487340122973956,0.0014506584040936642,0.000858502838794319,-0.0024538520191184905,-1,,0
782,0.3128245096190857,0.15364249456111764,0.010822319889568879,0.17434099151136323,0.1673189961677362,0.18105068825112822,31.147710560412857,26.62582875602036,2.4141139806884793,2.4141139806884793,True,57.08651688031518,7.292406440088128,0.13922712807837326,0.0014071327228455713,0.00013129634841907756,-0.003072894631717929,-1,,0
783,0.14004650326947157,0.044262828417552094,0.02202158168077604,0.7465033547581298,0.026932598007420233,0.02023313386665011,35.20264655516958,33.11354369937868,2.090253708886397,2.090253708886397,True,74.82476585222794,7.4327157831854995,0.326195881793832,0.0031225618688409057,0.008471527922021275,-0.0010335440189178655,-1,,0
784,0.18380432240615874,0.19528042802684736,0.12602325515920493,0.3482498563060266,0.001911643345822734,0.1447304947559397,36.6160804371582,26.517563700729845,2.6285612521440833,2.6285612521440833,True,71.13681395215396,7.352108164480607,0.12945710131712382,0.002417366905971666,0.0005842504270705959,-0.002496264297382665,-1,,0
785,0.194049743596082,0.004382034478062824,0.1784464792675661,0.33740396006743933,0.054919320069239885,0.23079846252160968,25.072670263557875,29.86817688157214,2.2028106091443607,2.2028106091443607,True,59.027725516797055,7.274835058609417,0.31040963702113167,0.0010192655062806037,0.0003062847917142018,-0.002442418990806546,-1,,0
786,0.20107065777300065,0.16234129127854852,0.030639095734198867,0.08479975782297483,0.19888932192167347,0.3222598754696038,28.13951332379261,25.48536183031115,2.558964418398573,2.558964418398573,True,56.53941449299333,7.250537661003531,0.18182251183361592,0.0011131422224339188,-0.00030225244895174186,-0.003479298295201906,-1,,0
787,0.04559961854127127,0.07545496982391048,0.10760605284276593,0.14655778705570166,0.252247223545173,0.37253434819117764,41.43370212917401,30.12387055656215,2.2771905457994728,2.2771905457994728,True,62.88783910770572,7.421714099510005,0.14115851595750004,0.0043812489236095195,0.0018182373383752249,-0.002101166159076272,-1,,0
788,0.09631743308805957,0.11730202527915763,0.1298292856645059,0.18246194607634103,0.10291979468184649,0.37116951521008934,41.58516686403232,29.21706072285111,2.298917065342524,2.298917065342524,True,63.041307066915856,7.419655497171554,0.14574777416995535,0.004468193543925505,0.0017149846476387513,-0.0020837029469557237,-1,,0
789,0.06778290892804127,0.19129007768496487,0.30745419182021233,0.041137969773715075,0.22185741213813695,0.17047743965492954,41.95061535763479,28.39193645900925,2.759023577055223,2.759023577055223,True,65.31451931260018,7.312643005330362,0.05471457646282625,0.0022479417975259587,0.00013437040675775804,-0.004455321403178719,-1,,0
790,0.4508026151825276,0.07479691937019038,0.09451998924065665,0.23979366089928575,0.11574993614037725,0.02433687916696223,25.586686290756855,26.028235493748046,2.432619732295384,2.432619732295384,True,54.495267643366454,7.229691838340664,0.14432257365514367,0.0007241081802923797,-0.0003759269250613503,-0.0034338597614221003,-1,,0
791,0.3581466126987466,0.20891520164628694,0.1419259688923844,0.11394682854835647,0.07473212923961563,0.10233325897460985,35.247153816301065,29.274402578692914,2.280916687499763,2.280916687499763,True,52.74853244615643,7.295056653224998,0.07583029160307056,0.00155549919256928,0.00012196824601179917,-0.003634246178713613,-1,,0
792,0.6684670349632722,0.01584202916777587,0.1123522153006531,0.1729332067774082,0.028898152793010393,0.0015073609978802772,39.83632268683975,26.66319471635184,2.169218721889733,2.169218721889733,True,50.032030359616826,7.367191514020288,0.0791107974804001,0.002599185438766002,0.00027898131270895924,-0.002853127559417996,-1,,0
793,0.14644780159739362,0.2613959340766011,0.1016007783125868,0.022731902545585433,0.22554375737294916,0.24227982609488372,39.622464989139566,26.130504297896866,2.731955108299677,2.731955108299677,True,61.788989980600725,7.3119800727266515,0.07432146127173696,0.0023022440553086033,0.0001409100612904197,-0.003962385644049101,-1,,0
794,0.026293533458358404,0.4389510371189711,0.0949236217261903,0.10587433702687198,0.01775897249942101,0.31619849817018714,41.264210316499316,25.102515195772476,2.990645223239166,2.990645223239166,True,71.15194201081233,7.326815762093749,0.08444958978843903,0.0029593769760671287,0.00014744138456102755,-0.003712568839426987,-1,,0
795,0.12538686887938158,0.022619661091250035,0.08861699885429108,0.4728467700014273,0.0700776767638141,0.220452024409836,29.141709506541673,31.63153209542532,2.1110293665984927,2.1110293665984927,True,64.69051171716987,7.342384162454053,0.39639418533721765,0.0017185472137662828,0.005459875078922367,-0.0018421127761872333,-1,,0
796,0.4624955427414836,0.03238922530911008,0.020039245311672612,0.25592555636391334,0.22435842418018914,0.004792006093631172,36.494074189728735,25.915154824699414,2.4083105346633125,2.4083105346633125,True,59.7451444971289,7.3502799504230465,0.10171637932160554,0.0020835348857904993,0.00033603814803497716,-0.002688706903932402,-1,,0
797,0.05032154544034172,0.16070558017142078,0.23970129386735692,0.15795300439243556,0.35749727427116684,0.033821301857278295,32.59527493467894,27.05642615935941,3.0258844402710885,3.0258844402710885,True,71.54913193933653,7.214645287976087,0.06777951371064106,0.0008147731024773922,-2.24527557293448e-05,-0.005015054522006436,-1,,0
798,0.15364483350645322,0.19574086218168177,0.10900311127850568,0.21313114304944908,0.13102516928361244,0.19745488070029774,39.76986966404628,29.209212602170194,2.4051584544483187,2.4051584544483187,True,64.12125352561917,7.377403563590729,0.09872707868481102,0.0030333473181420466,0.0006427361313838224,-0.002621925379552923,-1,,0
799,0.2980714923243965,0.03291577428185528,0.05921700131636912,0.40043035133907484,0.004587597319234864,0.2047777834190694,39.16706800595351,29.675251432797175,2.0914374710948174,2.0914374710948174,True,62.26259989342878,7.43278302691247,0.1976003987542286,0.00397952396860197,0.00293091502006863,-0.0015127087156441932,-1,,0
800,0.09885609127552768,0.04369734415894525,0.20385174858608146,0.06183103324442742,0.3433029769933453,0.248460805741673,32.92167464898087,27.651800761659416,2.5845638645602618,2.5845638645602618,True,60.71931587347317,7.277239686741255,0.10312583689382253,0.001437615738563939,0.00011266742412681414,-0.0037359278028870563,-1,,0
801,0.2869717749448706,0.16670810316393256,0.10663082171751231,0.05541545537061712,0.18892804718751996,0.19534579761554743,28.184007806160054,29.3654926963527,2.2645733759614535,2.2645733759614535,True,49.71865258243836,7.237174667400024,0.10859381789661421,0.0009072101295131244,-8.166767573793062e-05,-0.0038502507410260673,-1,,0
802,0.16521453268614827,0.011733868308783934,0.15409344100169656,0.022517219296379152,0.3542762153503784,0.29216472335661353,35.021280461800146,26.60126149102559,2.5316544015887192,2.5316544015887192,True,58.28047948667649,7.307606098174914,0.11038664017243316,0.001892823850486976,0.00027702777632368356,-0.0034336081520005986,-1,,0
803,0.410601039890768,0.09153419859653623,0.08837783588078656,0.2560273591608132,0.002093681934497923,0.15136588453659802,32.94102825197453,28.23015363413876,2.181228746806113,2.181228746806113,True,55.03227817373771,7.33126355154447,0.14401551895816672,0.00181281295595171,0.00048289801898385404,-0.0025353953284661204,-1,,0
804,0.1979483288716668,0.30318855201980205,0.1946174238128605,0.07086657030311909,0.21504185050767544,0.018337274484876084,27.727564921054785,26.274457506970855,2.950397047031166,2.950397047031166,True,58.95228892765167,7.12332646542303,0.07405976200784987,0.00040738547449126975,-3.993865001936881e-05,-0.006247944236440639,-1,,0
805,0.059360388969731566,0.045780905270815665,0.13143290435584193,0.4302343152098373,0.01272605796329662,0.3204654282304769,25.27163184284144,30.68568335045949,2.1927208459679073,2.1927208459679073,True,63.97562896712332,7.28422060832846,0.6427510128257515,0.0012062188451708881,0.005286393081256625,-0.0022068873603698436,-1,,0
806,0.303201040281961,0.14084235445369378,0.0378569041330706,0.4176209954071751,0.004305617165115927,0.0961730885589837,27.123498220668253,27.6999465266271,2.3498064544110155,2.3498064544110155,True,62.90083655224961,7.289729725634324,0.23529000115800222,0.0011311012507858262,0.00014318740079888277,-0.0024006990254361537,-1,,0
807,0.18224166583597334,0.060186750579941134,0.2160298193421342,0.2418729317762181,0.07428208749711272,0.22538674496862046,32.21234400890785,30.499968643638216,2.225304305856518,2.225304305856518,True,59.07169515150166,7.321838499795223,0.1460307449537606,0.0017208722371289675,0.0005928019726390577,-0.0026213431386529432,-1,,0
808,0.26021895972365916,0.012185155638605945,0.010791290009431723,0.5105086005345065,0.01372610183578194,0.19256989225801455,30.82020383236047,34.668087904243286,1.794946775914122,1.794946775914122,True,57.3943841635806,7.3793431159187515,0.3866750583853968,0.0021361380441335793,0.0073963515693327726,-0.001522645732991261,-1,,0
809,0.25157567682786425,0.14525084578712083,0.44559325010731426,0.06776643419953157,0.0411045617779801,0.04870923130018892,31.87459654239699,27.44192950528686,2.735539740572161,2.735539740572161,True,56.773532247098494,7.173343697847719,0.062172041313437884,0.0006742512392081031,-1.2383258085691173e-05,-0.005729828496009651,-1,,0
810,0.18564362018695285,0.3862618938391868,0.0022592330559463194,0.24287480334303618,0.07945549099076113,0.1035049585841167,26.525623082379322,27.78713640015906,2.6091329917440955,2.6091329917440955,True,61.63337689447052,7.216525561474446,0.12296313184801531,0.0007374181027485997,-0.00039566244210366273,-0.0038718228719808205,-1,,0
811,0.44310505783060394,0.01928348251689295,0.10361326674592647,0.003554589957085111,0.09441105553761708,0.33603254741187444,31.54095447401181,27.407697236756427,2.1125346900341837,2.1125346900341837,True,45.41124701689198,7.302107076153686,0.14947077421211175,0.0016096692602063107,0.00042105933344397284,-0.0030640479434840616,-1,,0
812,0.12954590398123852,0.29438736472858285,0.06416383340287019,0.11152955901099512,0.0014776482948405667,0.39889569058147256,26.716558571247475,25.573415469442885,2.6149936373791536,2.6149936373791536,True,57.83703046585152,7.229696657044208,0.2198567228885317,0.0010212601724893123,-0.0009229534855808152,-0.003564961525660913,-1,,0
813,0.03952508658103918,0.09369291492057337,0.16284080081020888,0.5623633301051111,0.12168592481861501,0.019891942764452296,41.27933710621552,36.94910053206286,2.081020541949282,2.081020541949282,True,71.95652561722248,7.463470389935434,0.11581591788718884,0.004114656452649658,0.0021642078641120883,-0.001115194386274757,-1,,0
814,0.1281697934316038,0.19542015249532985,0.22700684436101534,0.273535769537377,0.004752331657647704,0.17111510851702635,29.17127065808439,28.376017048278044,2.560954159060224,2.560954159060224,True,64.72353825910689,7.2580502309467905,0.13280783460519052,0.0010949431433893533,-0.0001921042883484218,-0.003360219110557699,-1,,0
815,0.17067705252361265,0.0013681327920286401,0.041601333936562956,0.6480323906552484,0.050445502828363194,0.08787558726418414,33.600195301784794,28.63186681643494,2.3339582758587034,2.3339582758587034,True,76.48978374813055,7.396271846319494,0.39044105913902694,0.002631830546244187,0.007850243230613644,-0.0014639257566287193,-1,,0
816,0.12638912600257296,0.18940904986884538,0.028123671701172335,0.14354344853813988,0.5040636424617734,0.008471061427496077,37.733594062909255,29.099689101110783,2.6502115377882456,2.6502115377882456,True,66.58175445050587,7.312189480683316,0.06055430582612055,0.0015568116522342004,0.00020859222117676601,-0.00383370184203721,-1,,0
817,0.029984067456438092,0.006949313479570862,0.09176124032714869,0.7181994647743659,0.04715078915319661,0.10595512480927978,28.788135117088018,37.08217276510203,1.9249076946770085,1.9249076946770085,True,69.24005304135987,7.369017370662189,0.5318959275023741,0.001816644726812255,0.013949489242728735,-0.0015373444972025209,-1,,0
818,0.4447154290163401,0.23531427343260744,0.15533797279498043,0.049026099158043054,0.013370994420717472,0.10223523117731159,37.54207998182312,26.97361445935345,2.399969883251016,2.399969883251016,True,50.84641356604734,7.28878189307685,0.06631408773401729,0.001703842373659071,9.629137373629028e-05,-0.004057392877327937,-1,,0
819,0.24905501780119307,0.21588397713784935,0.24336658984060325,0.07992195806758655,0.15943963721119345,0.052332819941574314,27.998714891451538,26.495335859253505,2.77777912558772,2.77777912558772,True,56.515896845690236,7.156010750656857,0.07962649488391722,0.0005327525954321113,-9.957000884250019e-05,-0.005466158154933796,-1,,0
820,0.22408588140068122,0.3202642007039712,0.16467882948761778,0.25945189263109153,0.000664868326607204,0.030854327450031045,31.163761780408315,26.929589483774528,2.7489042889523603,2.7489042889523603,True,65.29585058830057,7.234304644143665,0.08555321002055918,0.0009402143348863861,-0.0001497025982815577,-0.004124348883497508,-1,,0
821,0.18029820934238464,0.2302951623010183,0.031003423781748005,0.1911899620592306,0.09176891492887358,0.27544432758674475,40.01513279558782,27.78730750356592,2.4090118287953106,2.4090118287953106,True,62.94348047495147,7.387291958486931,0.12159339940029061,0.0034453466350050452,0.00088462571574212,-0.002451673659992158,-1,,0
822,0.28593144455956493,0.1765470247820877,0.0956454697797351,0.11796560109358546,0.07859134279360873,0.24531911699141823,26.46805849206232,29.44133185685648,2.201469080217405,2.201469080217405,True,50.165319509362185,7.244936126873511,0.1522163571435069,0.0009185906036896623,-0.0002244216264234091,-0.0033846858747171604,-1,,0
823,0.3443866469742369,0.012203634294281372,0.03437223552786574,0.43650320089940076,0.018593648384234305,0.15394063391998086,31.945467907502806,28.2338261432091,2.1709027064391786,2.1709027064391786,True,62.097590722626684,7.361307541786887,0.2792721090198079,0.0020638395527865887,0.0026702459606251254,-0.0018269131620609334,-1,,0
824,0.04453434574148785,0.24620687964591334,0.19594082137388455,0.22685594818727342,0.16620226704582028,0.12025973800562063,30.52855278179086,26.16541284254135,3.008302070711064,3.008302070711064,True,72.52146020478992,7.2246612044947085,0.09727143345159024,0.000943766880072422,-0.0001964866985940108,-0.004289752253515587,-1,,0
825,0.09178847296798841,0.1945174290317937,0.03680043544284377,0.4027582947216806,0.07754061823108242,0.19659474960461118,37.104895472922365,26.90944041737567,2.614379169772947,2.614379169772947,True,75.72667911398207,7.384236268650515,0.18281658483332444,0.0029857731658416977,0.0018571014217146446,-0.0019843324756837026,-1,,0
826,0.6451403363499859,0.09346525605678567,0.0580360401941438,0.04941164315697833,0.143606597973782,0.010340126268324173,39.37363272729884,26.12368290821602,2.2643176628428265,2.2643176628428265,True,47.384761777022575,7.330309337711225,0.06600709097468173,0.0020926423228053645,0.00019568734533927272,-0.0035511036072377843,-1,,0
827,0.26040053506144917,0.32386879630373666,0.20993967577608705,0.06791534011988257,0.016044148177319705,0.1218315045615248,40.93360127517472,25.56154346503033,2.8128624181834705,2.8128624181834705,True,61.25938826997561,7.288292340670587,0.05737498920846115,0.0019898855085830453,4.238028434214242e-05,-0.004581794668701979,-1,,0
828,0.21837615716714703,0.06146597084765218,0.009512241448460848,0.5263992245043889,0.11477059834995602,0.06947580768239504,27.25921682463314,34.63551784962786,1.9303950768647953,1.9303950768647953,True,60.529694438260506,7.336018991479144,0.27823098497942594,0.00133226808615213,0.0028272080982677697,-0.001667440085467513,-1,,0
829,0.32044067732598114,0.2798079871327476,0.2549557020047711,0.09925253204197369,0.03673431034234125,0.00880879115218511,28.67720073103514,25.713676712636193,2.8273199139537906,2.8273199139537906,True,55.821116994462024,7.1463661674812,0.07475932425075224,0.0005104959834072963,-4.9451164818816674e-05,-0.005680451437512505,-1,,0
830,0.054861725290931244,0.36177406964016146,0.2256507020022647,0.2298500767111781,0.013166781976866422,0.1146966443785981,36.89501421020239,25.632371586185258,3.129950909328731,3.129950909328731,True,76.37474255511695,7.264969197480539,0.07191615934178724,0.0015354417496038226,-2.8798286767774492e-05,-0.004333367071554235,-1,,0
831,0.240149780221031,0.6470814082863122,0.023493499126985035,0.03110307068954509,0.02527710824427975,0.03289513343184693,38.08567453879714,26.13492847510299,2.972596182700771,2.972596182700771,True,59.77768785821456,7.193850634140743,0.047755650853274025,0.0009226583202449626,7.434843208495363e-05,-0.006407112908081704,-1,,0
832,0.2332637815427728,0.22028269452917362,0.08109266941807479,0.24184831171947171,0.19532279623798454,0.028189746552522557,28.389498588597473,28.61860851872141,2.5146198987559543,2.5146198987559543,True,60.92366214575603,7.239003557707835,0.10074794283800308,0.0008151528664947,-0.00013385699075206076,-0.003737472792543651,-1,,0
833,0.35347988757745646,0.26210008662374074,0.037679108910893364,0.11314291214103271,0.06428954405495722,0.16930846069191943,27.46948793179941,28.79397632645415,2.251479876490691,2.251479876490691,True,49.55689865918207,7.236987477220893,0.11967933367267297,0.0008822639901516563,-0.0001674521322235545,-0.0036691254497885034,-1,,0
834,0.0698150623784271,0.010922464124896161,0.1297509855084836,0.7775985984939876,0.004477013845265105,0.007435875648940433,36.088722047139754,29.921116254930986,2.430450445204822,2.430450445204822,True,86.29870010265255,7.430683925865631,0.32337056925372704,0.003286349827326485,0.008219038124331175,-0.0010882597932504456,-1,,0
835,0.3742125684937555,0.05556075015436733,0.024550689261707326,0.446731836948551,0.051126197719443094,0.04781795742217582,30.191344082724463,29.808119585452673,2.1144936290031278,2.1144936290031278,True,60.120796625538276,7.3393117956139085,0.2021794832461356,0.0015697241490065625,0.0011400938353250448,-0.0019782458251357,-1,,0
836,0.2141310979101855,0.05948887263409361,0.3352199794081202,0.3525675754572423,0.014361268318944584,0.024231206271413706,31.607620549122778,26.228335707735837,2.7727986987690283,2.7727986987690283,True,70.83570524298206,7.270789779836077,0.10604636315031939,0.001183785722430646,-0.00010372978245485304,-0.003357640140858882,-1,,0
837,0.08596197440958644,0.040424854920103996,0.14822060027160414,0.40499836919398224,0.023689640878424855,0.29670456032629816,40.01793539294237,35.84272295700297,1.8773091287833208,1.8773091287833208,True,61.118238417663015,7.456472780005099,0.21192291106944236,0.0046626667981977486,0.004779704049925968,-0.001221087264411625,-1,,0
838,0.19814775940269805,0.10733946385507198,0.07039439309650242,0.5939494228148192,0.02546543701662301,0.004703523814285333,29.881372438821938,33.889632700993175,2.059923966246886,2.059923966246886,True,66.3181030361541,7.353933464459379,0.2087426678214813,0.0015874773578307027,0.002089178402366957,-0.001583703449743748,-1,,0
839,0.08657039147765958,0.32761635363211944,0.060717203139217885,0.2042839017319483,0.20732468224236317,0.11348746777669148,38.7832490998951,25.055419472890545,3.060549323014739,3.060549323014739,True,75.4117478780614,7.309454981129007,0.07629690718737056,0.0020379447214621863,0.0001261185991794861,-0.003740413244867439,-1,,0
840,0.12591391047444192,0.22740045681939652,0.14017559428716828,0.21330247431162308,0.024593781270858914,0.2686137828365113,27.225049437940143,28.398802604297796,2.4592309970587953,2.4592309970587953,True,60.125671678350955,7.249879298350572,0.1757467118979801,0.0010276653149205713,-0.0003677427704803392,-0.003283509537066183,-1,,0
841,0.0768555402409523,0.14805503102460593,0.12818544612372745,0.29283522856626065,0.04424724539592262,0.30982150864853103,40.25936014254262,28.24741828053601,2.44089664836831,2.44089664836831,True,69.4182261765624,7.410711841018797,0.16356830448464377,0.004037406357294337,0.0019246392690419776,-0.001975821594740287,-1,,0
842,0.23986324904219547,0.23478892845383803,0.023154273280168673,0.3187426819328227,0.14664398761357256,0.036806879677402725,40.61598922159209,33.181734559485804,2.1214557363322424,2.1214557363322424,True,61.01179313907874,7.407181733979978,0.0817355219428678,0.003085795995410551,0.0007004065997723147,-0.0022138867468949473,-1,,0
843,0.194497797043087,0.24612578201936217,0.4444883271893124,0.07677194206834384,0.008601929339666255,0.029514222340228546,40.55524819793965,27.428410003653358,2.8965547750391716,2.8965547750391716,True,63.798821321203114,7.239143874685001,0.04491586764248304,0.001250588301159881,5.783300831476336e-05,-0.005839683217103456,-1,,0
844,0.29298175763878814,0.16776551298258316,0.2887147569916869,0.06784173756800271,0.0023988238430502477,0.18029741097588886,41.488900261611974,27.6538143516595,2.4658216104996686,2.4658216104996686,True,56.61613791258829,7.3355721118559325,0.06597556989996832,0.002648533568543726,0.0001527259405327765,-0.0037219412408513917,-1,,0
845,0.373036287021343,0.02666665044375065,0.11353450023802014,0.11786313939649391,0.2521805282985379,0.1167188946018543,32.74283072995007,26.158026405276154,2.4499975045288984,2.4499975045288984,True,55.38083708356972,7.287523510230417,0.10356122724634706,0.001392354477483467,9.755784063347045e-05,-0.0034236441107606086,-1,,0
846,0.37124245646307275,0.040375210422536535,0.0009435507415570825,0.458150408612567,0.12504933687957065,0.00423903688069612,29.538846356150664,33.99483792863186,1.8758519296591327,1.8758519296591327,True,55.86256952520874,7.3468217454396445,0.17744735832501254,0.001473322796922714,0.0012888389234457398,-0.0018002856035459023,-1,,0
847,0.15818309100103825,0.03803854113004857,0.2546560529707474,0.22350378424252823,0.078844308948325,0.2467742217073125,31.218350301356978,32.47236598089665,2.1068401538240895,2.1068401538240895,True,56.51178743333746,7.3167775909829595,0.14677668640176064,0.001595371765156993,0.0006321850692312613,-0.0026039095901755423,-1,,0
848,0.04530210924547119,0.11009573745742063,0.36846199979173455,0.21755891181132142,0.046843804983301415,0.2117374367107508,40.77236414116036,30.024797249112197,2.527289788653684,2.527289788653684,True,68.57157634387032,7.367372439671037,0.08411403474271167,0.003036392642412298,0.0004817988768348038,-0.002916335992625037,-1,,0
849,0.06146711097439648,0.06397715767919418,0.0950211359753533,0.31554933201316226,0.06501266881109191,0.39897259454680184,30.492628770329638,26.542364351793246,2.4815583292597414,2.4815583292597414,True,67.81226477833508,7.321189725091983,0.4572898222433751,0.0019156394820758333,0.0042538124439587,-0.0023090470829084195,-1,,0
850,0.5357750703874536,0.06233941728847127,0.056971563829435586,0.05384959097820407,0.007588519416261045,0.28347583810017435,30.497025779303655,26.179685716754022,2.151632675037148,2.151632675037148,True,45.417447630934625,7.292648161734959,0.15992408552253937,0.0014479247928745609,0.00028255128383963856,-0.0030347597046289153,-1,,0
851,0.6185631910583085,0.08217323250170872,0.11259593951564391,0.1750817939622641,0.005209625018028893,0.0063762179440460705,37.09414080124672,25.80250934659851,2.305887019912593,2.305887019912593,True,51.682486479395955,7.327257664599274,0.08249439967127033,0.0019391110382149497,0.00015699545813221464,-0.0031640150481285537,-1,,0
852,0.03625389558943708,0.06691420951177675,0.004731378873255115,0.8781795299622265,0.0006539158575127001,0.013267070205792087,31.54466713224639,28.24097455622215,2.5616511275320892,2.5616511275320892,True,91.56535470669715,7.376218584297212,0.7915367346091634,0.0023191459050551097,0.023417392975104336,-0.0019703140920646098,-1,,0
853,0.29069663821417224,0.07439185178562535,0.16032179398964172,0.313305200753262,0.0048014018084374934,0.15648311344886107,30.07131147715995,27.73890488407289,2.348557003549532,2.348557003549532,True,60.629951070494705,7.301663154486547,0.17420604966825706,0.0014088595067439104,0.00023690110010069084,-0.0026319317240857385,-1,,0
854,0.09451480107625444,0.08630913715738578,0.41857009400088163,0.13949185462581537,0.020832242102854125,0.24028187103680865,30.703986936879826,29.136773302961824,2.5341358228656623,2.5341358228656623,True,60.50796470528319,7.24333755557302,0.10240736503595528,0.0011264384970313343,-0.00015868423133441213,-0.003974529663359847,-1,,0
855,0.31786652124674714,0.330284104742482,0.027369747721305057,0.03872946718777983,0.028151404573829943,0.25759875452785624,36.553866769707,28.345847021056578,2.286105077742265,2.286105077742265,True,51.242954852417675,7.312835709467393,0.08926267264207259,0.0020408078506578714,0.0002096632778478406,-0.0034735029118969567,-1,,0
856,0.3754143230095004,0.0631210880970995,0.06711425442069646,0.17574121356439903,0.26515754930325397,0.053451571605050596,39.913765288138144,26.949104939327007,2.415691320168374,2.415691320168374,True,59.48648758941362,7.367017710230749,0.08072360874218895,0.0026115597287654775,0.0003393065338717035,-0.0029132358048460055,-1,,0
857,0.14259690525503946,0.04473590378203034,0.12429766657345324,0.42503500757263674,0.24875077009912386,0.014583746717716266,34.524339280258246,26.65452397242016,2.7379080470194452,2.7379080470194452,True,77.7418363148455,7.344141449326866,0.1274820995619642,0.001890442887087257,0.0006708223712027546,-0.0024007070544594215,-1,,0
858,0.20101261510106147,0.019464523061634174,0.03560036968082909,0.25329905267203695,0.33113659285561087,0.1594868466288273,31.233041659936724,31.50292447425946,2.125389628995099,2.125389628995099,True,58.1709918460009,7.335164429982005,0.15570387491389515,0.001618444704035197,0.0010022220711442408,-0.0023586062961074203,-1,,0
859,0.38000435042563374,0.1942756000254988,0.12792620085103704,0.14715326772270768,0.10927419220381374,0.04136638877130894,31.626854475676513,27.27245859557653,2.4616302891868833,2.4616302891868833,True,54.7224071941346,7.249587427795526,0.08343432345336911,0.0010296336282433018,-2.4072286967072934e-05,-0.003968833083610637,-1,,0
860,0.01309311037195091,0.023925343937877278,0.1854414147502101,0.5491943339073271,0.11077872374730777,0.11756707328532692,39.443446640296386,37.44820839081753,1.984665736470657,1.984665736470657,True,69.34418079623046,7.457689004891617,0.1667503354165614,0.004052109705531135,0.003726038972756915,-0.0010077738850428693,-1,,0
861,0.17469012136484446,0.11099974288108998,0.19911034908622244,0.46202286847852714,0.012744647364961451,0.04043227082435466,32.8309430474189,27.47725653728828,2.621373226592155,2.621373226592155,True,74.40101258902244,7.326952961168817,0.14138854056850386,0.001684438354395176,0.00048712579947859995,-0.0024178543893532906,-1,,0
862,0.2253966454081308,0.034155412290556825,0.500663905992829,0.13279316937324664,0.09505477195077817,0.011936094984458632,28.451295554450542,25.62701229219171,2.9711985042455695,2.9711985042455695,True,61.67565643797291,7.142725234568931,0.07705008816177861,0.0004915520119347422,-0.00011653660729077421,-0.005763718500967692,-1,,0
863,0.21252918626342393,0.08719341624638538,0.21705055355049538,0.13886210438115043,0.0644965019972681,0.27986823756127666,31.522070857680426,26.73074233408139,2.484588140081766,2.484588140081766,True,58.36775691677669,7.282171904405167,0.14132743442782417,0.0014778575639439195,2.013971413800734e-05,-0.0032766885329917456,-1,,0
864,0.3069966156302681,0.05606037823166633,0.17031340199140566,0.44819262752255884,0.0032918700025412334,0.015145106621559918,30.915519268719805,33.828803742232445,1.9859763014439544,1.9859763014439544,True,58.58890510463175,7.338783793780816,0.13957719766841162,0.001520904101565603,0.000734439984631172,-0.0020437609139481814,-1,,0
865,0.12471636071067439,0.061290957126903085,0.15706325561725606,0.6326055154481443,0.006262019385948421,0.018061891711073964,36.39743832527639,34.38450778812991,2.101950014564311,2.101950014564311,True,71.91282174748217,7.422256769648085,0.17552253792385422,0.0029620176594866996,0.003012920461484755,-0.0011719637293154492,-1,,0
866,0.2807177879679058,0.3098589344607283,0.15346513231169356,0.17626554583855852,0.041682484351957545,0.038010115069156164,32.426846440023844,27.026536437894908,2.6646309367793175,2.6646309367793175,True,60.15221748599426,7.233662484445794,0.07507239804956538,0.0009793375820744395,-6.553827512947962e-05,-0.004388166598072816,-1,,0
867,0.002644173818273188,0.0329502086025493,0.5181382568112133,0.3326518643011884,0.04605855884279973,0.06755693762397597,35.0233234691451,34.0694287287949,2.4324558242347165,2.4324558242347165,True,70.33201366308613,7.312113631518802,0.0738243005758731,0.0015147830361338485,0.000246898140845786,-0.0031671408161891117,-1,,0
868,0.007198259941913528,0.08923925591218036,0.02201508109340865,0.1868014610664387,0.023672590349217672,0.6710733516368412,31.221747948020173,25.27854985765421,2.4351976833146045,2.4351976833146045,True,62.91870921472811,7.305506549279532,0.9170973065826628,0.002245584758783502,0.012177618425998224,-0.0027313702691755576,-1,,0
869,0.0663252977731818,0.2426143257081003,0.25104723339153373,0.18641367671321468,0.08905090717561305,0.16454855923835643,36.38934542339631,31.098097972058206,2.4801681501006185,2.4801681501006185,True,64.46410554941772,7.30830798195756,0.0765428502308717,0.0017817623810451844,0.00019822412601353814,-0.003524325449758275,-1,,0
870,0.4765427168678391,0.018400914940073634,0.21200406152708318,0.08720630065591374,0.09263985259492792,0.11320615341416246,40.87004852878212,26.68064781878428,2.3210281677836706,2.3210281677836706,True,52.73591357291787,7.356856897010168,0.07437093570125104,0.00273856311508519,0.00023963954090834577,-0.0032199086685533035,-1,,0
871,0.20237684401278955,0.31013230612256254,0.03076940815861788,0.07633356646839295,0.38006726721058115,0.0003206080270559826,30.02150338201408,28.98881354591125,2.626085721199664,2.626085721199664,True,57.50809294337105,7.19374806075885,0.06626371639077393,0.00060096939801445,1.7376200727843995e-05,-0.00515625993643178,-1,,0
872,0.034042386320521804,0.2544555270153309,0.1424483281709774,0.3370082914540399,0.10303161233394144,0.1290138547051885,41.34690537823356,33.25150345666398,2.3232560577544557,2.3232560577544557,True,69.51691461758676,7.410507818846984,0.08855879094113123,0.0034589574433124114,0.0009212650556417979,-0.0021752362593065286,-1,,0
873,0.5899577357481206,0.153178617712735,0.07613015490144459,0.12365548799657879,0.017605551143918652,0.03947245249720236,26.118807974327005,27.4393203028097,2.192122147522955,2.192122147522955,True,44.73147269450789,7.219640564997781,0.11276244778857529,0.0007037378665829557,-0.0001179392968090324,-0.0037540877963082864,-1,,0
874,0.07760474266527251,0.31231757794808956,0.02499253079874959,0.2292110711272557,0.04373728305172951,0.31213679440890296,36.817322666290806,26.80479918639439,2.612158981283616,2.612158981283616,True,68.4167245188455,7.3504058283799525,0.14966541755492344,0.0026763609113295015,0.0008294313739948485,-0.0026227300865944063,-1,,0
875,0.4146195912376923,0.06438012247514073,0.23009524548104002,0.19062505574784466,0.03203458703089385,0.06824539802738845,32.58208008684737,26.38431795954933,2.452092567956096,2.452092567956096,True,56.122987323544464,7.276708502901521,0.0968192501448411,0.0012980556359621798,-1.5651193114871546e-05,-0.0034902782910359053,-1,,0
876,0.3198374049614926,0.02416446159846539,0.052128372813788175,0.27050872703627543,0.26345675881951697,0.06990427477046156,37.45160478161581,27.895396448177713,2.3430590567583134,2.3430590567583134,True,62.29401388174348,7.373692169960519,0.10941136595697944,0.002492445736866095,0.0006571563934447889,-0.0024099601486360293,-1,,0
877,0.4654701101796824,0.09366017090400679,0.08950581699223227,0.31585216283898715,0.0068352141158052986,0.028676524969286157,33.74215567660339,30.30020427236182,2.059012854685761,2.059012854685761,True,54.164702082535946,7.341817470753323,0.11321823544962283,0.0017944942082991644,0.0004267212641617609,-0.002442099795084038,-1,,0
878,0.07548377577414742,0.4190318173597521,0.1277769779874812,0.09744485698954676,0.03739486946247838,0.24286770242659414,29.181974311670345,25.81804758239302,2.9283601290840284,2.9283601290840284,True,62.896820474731115,7.1858668012050355,0.10134964957110026,0.0008328939333727333,-0.00036774058508857023,-0.004936159620083144,-1,,0
879,0.18634955720556357,0.4045515215479093,0.008483297412187894,0.14406334485189495,0.22730604260752588,0.029246236374918383,36.16854121908055,25.07502623345078,3.0331135905165847,3.0331135905165847,True,68.19732252258692,7.246249929105733,0.0639468139664388,0.001190616880134584,1.204077422139481e-05,-0.004742955698008847,-1,,0
880,0.015269843083254827,0.1623330946150669,0.07230655237774555,0.4261780028461816,0.09168975888952353,0.2322227481882276,41.998916262242474,33.22845866959642,2.1685348748414817,2.1685348748414817,True,70.08021768232943,7.462744175475786,0.16794758918424404,0.005066214893599243,0.003382338242146259,-0.0012985955462695728,-1,,0
881,0.2397173709533116,0.3421432352143887,0.12005356428347955,0.012754960227750906,0.02350133476519493,0.26182953455587427,31.86546315377399,28.168688216728388,2.428615453606204,2.428615453606204,True,51.444993530597166,7.238700677932355,0.08932009219027649,0.001175577166005285,-6.208680680760124e-05,-0.004292480968749011,-1,,0
882,0.2631298099332345,0.3797601875630041,0.1475727179606466,0.19951327147346687,0.007223617404199551,0.0028003956654486005,40.72784975644656,26.105958073725375,2.8472855664614998,2.8472855664614998,True,67.08805519688404,7.302135019989712,0.05582657742019074,0.001868297256631489,5.5901356918575606e-05,-0.004235687335080631,-1,,0
883,0.29154053141478103,0.18664590496593353,0.06894192764078848,0.14737048602651076,0.02745198715788118,0.278049162794105,26.42102872350341,30.0420475349016,2.1143135890483693,2.1143135890483693,True,49.78750501521934,7.2609232657510825,0.18234636999262552,0.0010130320651987451,-0.00010556214495515475,-0.0030437009098790158,-1,,0
884,0.07155473736056911,0.2120841123486845,0.37086516496098415,0.010413035364907374,0.1926203980624487,0.14246255190240606,31.684322168292617,27.488263883099133,2.930188062490379,2.930188062490379,True,61.24389091093432,7.1568345965194435,0.06363360265547298,0.0006592648532388815,-4.338899731543093e-05,-0.006267658889303216,-1,,0
885,0.02076122887236412,0.4465944182094765,0.10137900391265063,0.11950153558892021,0.004616386919674487,0.3071474264969141,40.40259405207862,29.2797761724391,2.58347224414714,2.58347224414714,True,65.23318243268236,7.3430735487954255,0.08350829527329649,0.0028889530119949845,0.00032988048895117014,-0.0033768883185754934,-1,,0
886,0.11177919672391726,0.0015873910470773818,0.1649201740441334,0.03838462340885298,0.6307339080431413,0.052594706732877694,34.64686414651595,26.22758883655624,2.9196858348625727,2.9196858348625727,True,65.8772922794975,7.2454018072476005,0.0653959040474324,0.0010450330913417355,9.106829799070958e-05,-0.00477782030844977,-1,,0
887,0.3712409126269728,0.19300885908599297,0.026211156282895966,0.19063468398440866,0.21553260690504125,0.0033717811146882822,31.190564521911725,27.91569470521781,2.408286960172661,2.408286960172661,True,56.18223777830144,7.266184501740544,0.08860116567344858,0.001046225203966224,2.1271015772237886e-05,-0.0036122123150255283,-1,,0
888,0.32840047388277044,0.023781522442288365,0.046217878595906224,0.2982412302425094,0.016086681007440817,0.2872722138290848,30.310758384059053,29.305985000580964,2.0430256304756274,2.0430256304756274,True,54.972952305408704,7.339649582843866,0.3049233703888015,0.0018227244502343116,0.002611360609479614,-0.0020780076129988177,-1,,0
889,0.5980083540169947,0.0006382545866460782,0.26029309935562844,0.054913101037211295,0.01814704191758942,0.0680001490859301,27.867346329415643,25.17732938747527,2.3788581725605815,2.3788581725605815,True,45.04182586995917,7.208442861707454,0.10160427874014512,0.0007520244037396159,-3.392159942566136e-05,-0.004166765027061875,-1,,0
890,0.16751909547955332,0.10938776327846358,0.25986247743463037,0.13125543283645225,0.19515392862648914,0.1368213023444113,32.4404464181042,28.269158827966734,2.5758045923993595,2.5758045923993595,True,60.73388939790761,7.256803532402811,0.08527864273677598,0.0011691005393814316,-8.473640786065073e-06,-0.004011952316261016,-1,,0
891,0.15308288761834912,0.005514582584334828,0.1299703916645664,0.42798297991506135,0.08500950251462316,0.1984396557030651,25.735986301348873,32.56023062862695,2.0560094584239015,2.0560094584239015,True,60.442482339291075,7.3036498594159385,0.3541072728653241,0.0011726287248295518,0.002458968903252675,-0.002031611929788175,-1,,0
892,0.12810010310016548,0.027283678223782977,0.013066727901558306,0.4528693086185683,0.29470112108777574,0.08397906106814916,30.067289634309624,26.394011580550842,2.650371966986547,2.650371966986547,True,75.9306064728278,7.325851873948394,0.24107968009136718,0.0015290322224290663,0.0015544737268272536,-0.002178259268231901,-1,,0
893,0.4676841932376487,0.15967572815359238,0.052717514116618756,0.08296386365480782,0.21553651923239175,0.021422181604940603,39.75318417700998,26.267277070430566,2.447869108031928,2.447869108031928,True,54.076758920731706,7.3271766146465644,0.06405673295629896,0.0020700568548434025,0.0001603000810933887,-0.003681020744941585,-1,,0
894,0.16743843680368337,0.20219507213613266,0.060118934798738116,0.06335274932169675,0.0085957434158654,0.4982990635238836,27.068439929363834,29.392195436999685,2.1343065226433247,2.1343065226433247,True,49.70293783800263,7.2724677008508,0.28091433419502054,0.0012670388580156664,0.00043809697223427373,-0.0029121725264378184,-1,,0
895,0.026488609805917905,0.07196429844752884,0.5395107160217094,0.33955149167269844,0.01834916320254499,0.004135720849600435,35.679036351478395,28.646801314933857,2.9666762452389457,2.9666762452389457,True,79.81038189464302,7.270462637429373,0.06535287714198336,0.0012498956340182524,2.583430535774365e-05,-0.004083273138091131,-1,,0
896,0.18611802602606647,0.18573191237850853,0.16608631795208342,0.3380769308820221,0.06538216497847243,0.05860464778284707,36.229516260574286,26.02656199749571,2.7876116604181096,2.7876116604181096,True,73.3285050963692,7.324560119643048,0.09883207483080236,0.0019316848706967139,0.00021271062437105425,-0.0029765343304300673,-1,,0
897,0.02909930311109101,0.07109458722985006,0.041986657360695165,0.1696541326487354,0.6300600059701174,0.058105313679511106,25.60207592482245,31.606648178067708,2.476665417091074,2.476665417091074,True,62.664171004134914,7.226376053231591,0.10332880060775593,0.0006051764944751271,-2.2215024692506882e-05,-0.003854098810753036,-1,,0
898,0.4423428923446419,0.2569296166337926,0.04977865418253027,0.1763804386861169,0.035628055079229656,0.038940343073688634,38.8807631097804,26.449593565703427,2.4507947765061275,2.4507947765061275,True,56.98146514029577,7.331137621768714,0.07339468321323922,0.0021372854087920905,0.0001441617830929341,-0.003360820127011795,-1,,0
899,0.3450487799210186,0.041530417292106825,0.2572695932901906,0.2777698132746489,0.05814860809473758,0.02023278812729743,41.56566395153166,29.44119016763919,2.2974888426721396,2.2974888426721396,True,61.22242202939019,7.38930689846148,0.07437350748162024,0.003028525805169969,0.00038400531356034266,-0.002649914335005133,-1,,0
900,0.18131463698630954,0.03391918337001038,0.24937730704969213,0.29000299060183715,0.19354592132449217,0.051839960667658475,35.114502242151914,32.89294324547774,2.207034801447366,2.207034801447366,True,61.67497995250637,7.340915836398947,0.08780569162958331,0.0017875350486618417,0.00043594658306499715,-0.0026840245696596043,-1,,0
901,0.1449298664317931,0.1150827023023859,0.5015468079868005,0.016500115259100726,0.219920556011708,0.0020199520082118698,40.850251145627,28.47896716240222,2.9010444656849628,2.9010444656849628,True,63.710331613787226,7.227849348364348,0.04076158829195015,0.0009948439922068154,0.0001010048022578065,-0.006430292131158154,-1,,0
902,0.04315506037335906,0.2349784896435656,0.25525160572811273,0.12478420357539022,0.004596577558628822,0.33723406312094356,28.744511245800886,28.529388707863507,2.5566257777399435,2.5566257777399435,True,60.20129082790306,7.23566526136462,0.13851879409966564,0.0010829991555707493,-0.0003626872058011408,-0.0038338081339215025,-1,,0
903,0.23898695302495807,0.16726388756960991,0.22942740542548146,0.33413164675723606,0.01484251320810288,0.015347594014611653,25.153982722474566,28.17827572716973,2.5640582401034013,2.5640582401034013,True,62.89557337997602,7.21265134043885,0.1278056445326417,0.000634712923799352,-0.0005075847488438214,-0.0036731450780440942,-1,,0
904,0.34669469598464225,0.10199492700557874,0.27760481541991006,0.012800850744380093,0.10187663841701777,0.15902807242847122,34.30307045503728,25.080039965321905,2.6561293906374304,2.6561293906374304,True,53.67505306156937,7.24038536492462,0.07665193954976741,0.0012485758213685095,-5.268918155351023e-06,-0.004530423998899749,-1,,0
905,0.09120271332582387,0.07828540589298916,0.26353493413942136,0.03323630859231425,0.2331691954241932,0.30057144262525803,40.9268493198736,30.129150230870014,2.369218044394505,2.369218044394505,True,58.93258692368868,7.363555353007002,0.08182521126485852,0.003081562591052968,0.00046755755825933504,-0.0031916198471409795,-1,,0
906,0.07597125328199375,0.06404816864679547,0.19089852965257234,0.35997375095807915,0.15832496814367128,0.15078332931688793,36.13132901822199,29.11522046038231,2.5028904869804647,2.5028904869804647,True,72.29760395541926,7.366218008505683,0.1367832577700236,0.0024447701359522236,0.001105766008715417,-0.0022416259012864558,-1,,0
907,0.1997621682547367,0.213514546212533,0.09566291930929473,0.20413598268280622,0.12575887123300886,0.16116551230762063,26.876947150766785,25.933538404446182,2.6878092119415533,2.6878092119415533,True,61.64531432481518,7.223016690880959,0.14433471285945543,0.0008305948957973355,-0.0004766997090177694,-0.0037626710512947753,-1,,0
908,0.08254544686797508,0.16925306117522057,0.1443012948926164,0.44005121270473124,0.05611184425026333,0.10773714010919348,39.19452173927638,35.12071618990966,2.104648388628363,2.104648388628363,True,67.00028079301946,7.421390778395315,0.11814369811507432,0.003347944886206593,0.0016080735419333467,-0.0016194353886852134,-1,,0
909,0.33104088226668654,0.09253121805521218,0.20614100524701245,0.10726471789723004,0.03651982927729627,0.2265023472565624,38.75179497724517,27.880786496750574,2.2988446432349803,2.2988446432349803,True,54.853993705540184,7.350417783413817,0.09419047529952557,0.0026422485874622154,0.0003549143522916863,-0.0030113953157329633,-1,,0
910,0.22875957310594117,0.02488562260350929,0.023591255335877893,0.0903126746663228,0.01129192145608871,0.6211589528322601,39.22181714425715,28.494328681100768,1.9935866200969952,1.9935866200969952,True,52.32510983828932,7.424872743350659,0.32622416959666756,0.004630097383159455,0.0063758541274153745,-0.0019260980162424562,-1,,0
911,0.0596861623846358,0.5597757443451026,0.16682583964966952,0.11380063085311924,0.0014122485636488876,0.09849937420382396,32.47255504492757,29.638890806470577,2.8293568239656315,2.8293568239656315,True,63.75521538199031,7.176155857334009,0.0589263971925258,0.000697285512933992,-5.700290300086632e-05,-0.005936424568334368,-1,,0
912,0.20637627687716037,0.16344581505103653,0.3296670321500697,0.1610233688178987,0.000490694274112034,0.13899681282972254,34.666345746446915,29.195982370034162,2.473309322959892,2.473309322959892,True,59.55940847988956,7.277569532422781,0.07802938746014733,0.0014491083377804392,2.90349491359597e-05,-0.0038456523685318333,-1,,0
913,0.2418535362124016,0.007534059240829207,0.28240404787437035,0.1229132387134337,0.07075063741026041,0.2745444805487048,41.87887566419471,28.29558362872055,2.3161820622575022,2.3161820622575022,True,58.493209043159446,7.39245717869546,0.09855736548921633,0.0037537731225360743,0.0006273910146419651,-0.002649808687115761,-1,,0
914,0.04786293794929357,0.05494094959994057,0.5765404698738056,0.015418528430763384,0.001343526040308233,0.30389358810588873,38.64774971193092,28.507499246615787,2.6740982726900167,2.6740982726900167,True,61.6157169340825,7.277753454963213,0.06766945215498336,0.001972152293396219,3.630496917329175e-05,-0.0045225443958431056,-1,,0
915,0.037248750411967006,0.38478373198649174,0.24611612681907896,0.16060676609534405,0.07965353446258297,0.09159109022453514,26.250919928419425,26.140972740500917,3.189520261622227,3.189520261622227,True,68.30153341601182,7.113218666821636,0.08859122383181797,0.0004161917565937537,-0.0003132762943006393,-0.00621202038452696,-1,,0
916,0.11464805484501778,0.0004352413806337466,0.018161809405170096,0.4378100124703972,0.02780312453763292,0.4011417573611483,29.349548026472092,34.833116428908966,1.7855133971613741,1.7855133971613741,True,56.32748332799635,7.349484150089591,0.7894282708937302,0.0020408122428861464,0.019090010912691222,-0.002232079412268885,-1,,0
917,0.11363345877182775,0.021543194779137832,0.1388906878912995,0.4272075210131924,0.060687681082604875,0.2380374564619376,41.67185516314558,27.106822496545316,2.489301096107948,2.489301096107948,True,75.53470425354385,7.446912589062073,0.2025722056020525,0.004952015535863664,0.003323399038051866,-0.0014959875978752758,-1,,0
918,0.0269303453981616,0.1357849370848586,0.029676377551273152,0.36393662880471167,0.06925338290192536,0.37441832825906973,41.96908275978595,29.79876631738702,2.26210418941783,2.26210418941783,True,69.96205219352623,7.460467011666708,0.25108791301332734,0.005617229206506158,0.0055828687165311655,-0.0014180928808270453,-1,,0
919,0.21877163073935435,0.25293163180792383,0.27816350306130233,0.15828246663032425,0.025817142457430144,0.06603362530366509,39.83030298735565,29.92522575694012,2.488906580994659,2.488906580994659,True,61.035618962362946,7.314157726952172,0.057001981006778495,0.0019325489828008156,0.00012219387703929542,-0.003961395325457413,-1,,0
920,0.11971754831272445,0.39747069241453425,0.18645925664358992,0.26315192042897495,0.002478728166892428,0.030721854033283837,35.60614693104347,31.21978495426515,2.5579881987857798,2.5579881987857798,True,66.54416523289089,7.281243435575868,0.06305405291231005,0.0013107852146693932,6.283871669898816e-05,-0.003945420324049979,-1,,0
921,0.14092735451124241,0.09213832830554163,0.13544485977509976,0.5604157082703843,0.04591248091193522,0.025161268225796563,31.55018192190115,28.84262947461809,2.501476734810438,2.501476734810438,True,76.41695447927093,7.344765890632075,0.19401090593034342,0.001721385178038329,0.0014539711308668045,-0.0019175346681417596,-1,,0
922,0.13642712500580875,0.004108048852407089,0.11680643549968486,0.0370682091017536,0.22578829976580178,0.4798018817745439,37.72830485893096,25.662495504023845,2.4593196214935826,2.4593196214935826,True,59.41897157989791,7.367517355889265,0.18440455102880546,0.0032077735804082715,0.001392539029312958,-0.0025994269576668306,-1,,0
923,0.15467070865743757,0.2679273285078093,0.06093654772239575,0.16163280623030393,0.3148169473377987,0.040015661544254705,27.490779381348275,29.681734112401426,2.5569799730656255,2.5569799730656255,True,59.84605544293726,7.206056315971457,0.08658750708208626,0.0006255506008740337,-0.00012126326501268756,-0.0044211026590658935,-1,,0
924,0.5067779504604304,0.0011553454600023159,0.0616223608994145,0.08309101215846065,0.11032279921043342,0.2370305318112588,27.221332916233727,25.819299435224874,2.223038418534167,2.223038418534167,True,46.819063627054945,7.263148648544832,0.18475564401513886,0.0010496203901289257,-2.6568233247126614e-05,-0.003145658993893026,-1,,0
925,0.16645459207499871,0.08664397409399248,0.1740333163190076,0.3568475331131405,0.0208999010645116,0.19512068333434918,32.586955897964856,33.21879510449591,2.0543702165661175,2.0543702165661175,True,60.015054998391705,7.353565218234105,0.17164860174351698,0.0019857906537411965,0.0014488411155772853,-0.002032515927710951,-1,,0
926,0.2785803288728944,0.295422437681235,0.02472075319024131,0.2655002952527988,0.07268843240842582,0.0630877525944048,29.73652605171849,27.784095107579375,2.492355425919781,2.492355425919781,True,60.69584914251826,7.261683285741138,0.11158568142652776,0.0010399552625569113,-0.00010912444269306662,-0.0034028343616455863,-1,,0
927,0.17874642436810065,0.1619989361281898,0.12840729311618243,0.12176446227707927,0.22208851467142976,0.18699436943901812,26.29013262841102,31.072903870888215,2.2595136642933658,2.2595136642933658,True,53.244417241930535,7.231790817226443,0.12111344807320742,0.0007884056365011262,-0.00018259781758063343,-0.003689804782144126,-1,,0
928,0.2936839989425067,0.20150625673545602,0.007295640953154077,0.22918616108481982,0.09125420685118764,0.17707373543287552,33.180213637621485,29.691180288813754,2.1885087462171624,2.1885087462171624,True,56.32390098401878,7.330942483324649,0.1327277510624728,0.0018166887236623426,0.0005393694610321185,-0.002616169946591713,-1,,0
929,0.10559259768473478,0.4940968697110312,0.024178271489977084,0.2615250588285702,0.033684635964638526,0.0809225663210482,31.785374122574865,31.564272117453378,2.4708770779336513,2.4708770779336513,True,63.875263474448595,7.263847557967769,0.08128476105062649,0.0010893492420773413,4.093595062548728e-06,-0.003722165005556901,-1,,0
930,0.07373757002161753,0.11001265255903571,0.022323289161731364,0.2602683228458846,0.2955887205912186,0.23806944482051212,26.670885443083826,34.068078748843355,2.055123317419272,2.055123317419272,True,57.31766992412225,7.298679676210786,0.21190508036273045,0.00114169235728434,0.0011191887187708472,-0.002409832350760534,-1,,0
931,0.1069976385755821,0.06124923184258116,0.39142203304620465,0.1771859868060513,0.12742730930349458,0.13571780042608628,25.533469988319986,31.624188667273057,2.397655061173798,2.397655061173798,True,57.818729385902984,7.200709327041524,0.10482096179834967,0.0006216638307099191,-0.0003285139368990981,-0.004171995198033132,-1,,0
932,0.34298831777448474,0.056943044233329916,0.022984350461505224,0.3174545505977949,0.07974613889701265,0.17988359803587278,33.70885658753802,27.028959367766255,2.2851337333459334,2.2851337333459334,True,60.85516948491109,7.356697700873801,0.1952216586339986,0.0021846214720122677,0.0012496947506137588,-0.0021613606227409822,-1,,0
933,0.10940501758404299,0.15246080497349443,0.04864010362099675,0.08839507536266833,0.30996260455616376,0.2911363939026337,29.405531234110207,30.618906655141792,2.2610306113228864,2.2610306113228864,True,55.220576283486025,7.280202056511146,0.14049393110499195,0.0012440623297802831,0.0002641195919684763,-0.0032155927430755154,-1,,0
934,0.012779402229078954,0.17692459955214862,0.020086084458555444,0.3380440192959782,0.4204060462965136,0.031759848167725084,35.06651598501058,27.784245496557983,2.8557396341730885,2.8557396341730885,True,79.90312076581577,7.328598529546787,0.09683811094279507,0.0017014938550264922,0.0004947085869146934,-0.0028828854935035795,-1,,0
935,0.263148045601177,0.09722172450598478,0.25031826944983787,0.25748014942888636,0.10609834826014827,0.025733462753965663,25.13470226430857,30.90201362740342,2.3015881316909796,2.3015881316909796,True,56.1261011480233,7.217454696377709,0.1115618992837929,0.0006202953516148181,-0.00030939842429244044,-0.003687138711578109,-1,,0
936,0.04212985598754809,0.08577569126342544,0.1887933625072876,0.11607935566482264,0.5435344276818647,0.023687306895051503,30.881755973387296,25.087235673446546,3.2481323390189676,3.2481323390189676,True,72.92088344424829,7.18447965901151,0.0739147835417942,0.0006450373605979512,-4.38060460921364e-05,-0.005421965251585829,-1,,0
937,0.23553792839253063,0.10215317751930772,0.2191235219876914,0.0686214190741318,0.3135038031289411,0.0610601498973974,34.73083147950997,29.004878135691378,2.4995077303877586,2.4995077303877586,True,57.12147789535521,7.262558858398799,0.06414459298599937,0.0011753983613342592,8.892209470469867e-05,-0.004349919644759399,-1,,0
938,0.22219592064928514,0.03646000348597689,0.01951953602293334,0.5954356871987987,0.05886309219101138,0.06752576045199456,37.26952610996363,28.727499773016163,2.3021790886377156,2.3021790886377156,True,74.28514935975853,7.4284342743338465,0.24550608738126772,0.003440365343166864,0.004347975574846858,-0.001284468962577476,-1,,0
939,0.11235955175481083,0.14276963743106838,0.05861546029539782,0.4457100100217848,0.1753914271872126,0.06515391330972571,27.242681834144154,28.812980328475213,2.527444253788908,2.527444253788908,True,71.46990583736553,7.287166960469079,0.19694440244153064,0.001066329409460615,0.0003918531752518976,-0.0025036712272311144,-1,,0
940,0.01980245071079338,0.3761787247011307,0.1423466445259624,0.3852855705570766,0.03817030861139178,0.038216300893645215,25.762968354208535,27.468724421541694,2.99970016485323,2.99970016485323,True,76.86540663915957,7.197210183759563,0.12087756876594419,0.0006135350743760664,-0.0005164152219792678,-0.004082440094967787,-1,,0
941,0.025137298623695126,0.2419517468751284,0.15811039873228028,0.0815294668436413,0.43399574190819673,0.05927534701705806,29.90938757860818,26.000181630244423,3.1951869128890316,3.1951869128890316,True,69.36765421020525,7.153461707316112,0.07167967775169871,0.0005363133241748203,-6.76281575254808e-05,-0.006049231664240487,-1,,0
942,0.05818050633797577,0.24838595978992348,0.4350124269237959,0.09916902698202622,0.15889669591677505,0.00035538404950354263,36.4118281164705,28.86040531622575,3.0317726137618326,3.0317726137618326,True,69.09179113026889,7.182142538991799,0.04654645160188143,0.000650074511158147,4.641797423005493e-05,-0.006663700702071757,-1,,0
943,0.22004680173388294,0.18086110634844843,0.16333181852752654,0.23034196622244552,0.1137616379670358,0.09165666920066078,25.85503061713965,26.680116768564545,2.663541106243969,2.663541106243969,True,61.303196957960324,7.206312257929707,0.1289780709104756,0.0006804654264162645,-0.00047249402521381065,-0.003959343809389178,-1,,0
944,0.5681881289537102,0.07852656861997122,0.05893240525542754,0.22998926259626293,0.029143771637492034,0.03521986293713596,25.140809151296654,25.14528406315613,2.3678934165159493,2.3678934165159493,True,50.93289581642277,7.231974252160267,0.16368321123265753,0.0007364635004041374,-0.00042079157809567274,-0.003291175073244992,-1,,0
945,0.32662777952940614,0.28043067621971457,0.06501483754248681,0.02247229627778234,0.0989574518161993,0.20649695861441075,36.98585970173105,27.766859022733588,2.3694178881480714,2.3694178881480714,True,51.94417161406235,7.302006395615891,0.07785912182492687,0.0018945717050543535,0.00014919730418407404,-0.0037737223360029275,-1,,0
946,0.22679827234439015,0.16758084511965854,0.07369740354399971,0.31103407853856513,0.06655482428797932,0.15433457616540708,38.797892947092585,29.657639414581347,2.274489334555244,2.274489334555244,True,63.581799523200935,7.392626654951108,0.1199222566161273,0.0030860713614228544,0.000987460570489631,-0.002159402375638287,-1,,0
947,0.08882769459005073,0.02324361113287658,0.02370589676205788,0.6058077207463568,0.2433627543657436,0.015052322402914346,30.740734900153136,37.4280791268488,1.931490077297844,1.931490077297844,True,66.67740677202724,7.384871395133392,0.2233994269671296,0.0018406416386575017,0.003942982491100259,-0.0012428101835146416,-1,,0
948,0.13213759775317668,0.027677166783522104,0.36358504700174477,0.2815145637703371,0.016851909535637002,0.1782337151555822,27.05795356918236,30.71315482251198,2.3382761084750383,2.3382761084750383,True,60.818321008664064,7.255647908599315,0.14989168290073565,0.0009608454485412976,-0.0002121409087196885,-0.003136023150699458,-1,,0
949,0.02188849717056925,0.1272083181367499,0.17724365513399473,0.07812677402296007,0.10424705253525027,0.49128570300047564,36.28408067912116,31.459185831242053,2.155886953118967,2.155886953118967,True,56.723038931835866,7.364915424309055,0.1743143178492138,0.0029109556039622437,0.0017507028539137752,-0.0024502656881005315,-1,,0
950,0.1554638695549856,0.14974176793666155,0.28083201987558426,0.02011706314439122,0.1177391505399641,0.27610612894841324,26.749160165511313,25.36223910160497,2.785579333913322,2.785579333913322,True,55.72458880385609,7.170402879738763,0.11831106999449292,0.0007004337476661855,-0.0004501307626212697,-0.004916796894508934,-1,,0
951,0.162550620272962,0.10141117624079925,0.18960044013490746,0.3867136918452735,0.1259403647730117,0.03378370673304602,36.30404548407655,29.453634217255328,2.48468624479326,2.48468624479326,True,70.91779538751736,7.355467934514295,0.1019331396678164,0.002118043989426271,0.000559531159294531,-0.0024599243685404105,-1,,0
952,0.08411127705987195,0.0586983190816095,0.04328849037250592,0.43480976746348693,0.12804998532771228,0.25104216069481344,25.83007880900159,28.963114828189823,2.3341452713063675,2.3341452713063675,True,67.1988014586844,7.290877070978149,0.5271635516797121,0.001213566741143515,0.0038046011172094257,-0.002205449160895911,-1,,0
953,0.3210521358572942,0.24501160249095305,0.016884013901616958,0.287618366323907,0.07341935860901418,0.056014522817214696,28.908378637512925,29.02354565531683,2.316100305480218,2.316100305480218,True,57.89271548234576,7.273426283013073,0.1237647240760349,0.0010481856182819626,-4.429920955633306e-05,-0.0030736157774801116,-1,,0
954,0.047062271651451056,0.22414990764859205,0.0058482486267260455,0.21573070552812007,0.308474704644597,0.19873416190051385,26.805557912691434,33.47452456359987,2.2006367763054904,2.2006367763054904,True,58.63878478495606,7.2713770285951735,0.14611550287060815,0.0009649904600693165,0.0002493159921306558,-0.002970673275648182,-1,,0
955,0.3265228570840033,0.215140601382857,0.28802410701324965,0.02876409903889315,0.003961459169791118,0.13758687631120575,30.316506921530824,25.809554530144755,2.6703515932399857,2.6703515932399857,True,52.14632152348575,7.182627419328485,0.07921953032100168,0.0007730797084413853,-8.276987476017915e-05,-0.0051379167853393345,-1,,0
956,0.09966574123877736,0.16841096842075232,0.10874174044493674,0.3164109009487017,0.027712493665423266,0.2790581552814085,40.65300722574817,29.997338810383383,2.2941169884092223,2.2941169884092223,True,66.9530398223044,7.422519595212282,0.15413042307368688,0.004184574428597295,0.0020017794904531364,-0.0018312765557866022,-1,,0
957,0.2798075669642885,0.07160768680840271,0.5230699382822588,0.10562036026588702,0.009218610173091512,0.010675837506071522,30.73409000069684,27.384084930559528,2.7300807004774357,2.7300807004774357,True,57.102974267463146,7.165735469904506,0.06467370446521953,0.0005954387236771152,-3.218362933642106e-05,-0.0056661487980169435,-1,,0
958,0.07164315713517555,0.35247013039385383,0.23654307117274112,0.04683043644327227,0.25275047090731706,0.039762733947640246,25.044006090815845,29.259880107839706,2.8853064514268527,2.8853064514268527,True,58.74327651447488,7.078803362420814,0.07398330560959325,0.000250394607998801,-6.721193707832884e-05,-0.007161044538852278,-1,,0
959,0.1542412186052556,0.06917890335015393,0.451418787393543,0.06975684235674412,0.026637178600618816,0.22876706969368452,29.51515178555784,29.14516867530115,2.4888159836560355,2.4888159836560355,True,55.32881101491428,7.2121055072550515,0.091947757441689,0.0008981595755911587,-0.00020116853701573567,-0.004496358153869066,-1,,0
960,0.416260978440041,0.19577626952383492,0.13085520101467904,0.04905381799199483,0.04129746365497545,0.16675626937447463,38.548573518689864,27.92837320012453,2.2752127339143415,2.2752127339143415,True,50.535514631793795,7.325008111517777,0.07498790941340162,0.0022049102239978732,0.00019682342750999919,-0.0035193013434686978,-1,,0
961,0.05490046691675772,0.5119412928630269,0.17800507507726956,0.1909323241760862,0.05940351329337513,0.004817327673484379,39.43868923158138,26.864327078070367,3.225437626655099,3.225437626655099,True,76.7974609420465,7.23747619141212,0.04816491547575782,0.0011450581705449805,2.6509980006423946e-05,-0.005640163200967477,-1,,0
962,0.23871410461712017,0.19546977269023205,0.008879120060966137,0.127214882183718,0.3257950040748025,0.10392711637316118,30.876779507714897,29.142329073666527,2.386171936175704,2.386171936175704,True,56.38658154031329,7.267759915318226,0.09423372776497095,0.001093238031089419,7.309678327150387e-05,-0.0036367646392639792,-1,,0
963,0.42932300970722836,0.04016207116669074,0.1147295183195556,0.06219613195995515,0.08191880043440397,0.2716704684121662,28.943037232898124,26.16518476584808,2.271996230307002,2.271996230307002,True,48.297849962699,7.2675909199497895,0.15874713581655728,0.0011928461884382776,-1.3828118955973083e-06,-0.0032828267184346525,-1,,0
964,0.4765741114021245,0.18637807635894188,0.08165308716260736,0.15504377910261707,0.0036850355937579314,0.09666591037995133,31.78977871314848,27.632116443413516,2.251559207691497,2.251559207691497,True,50.559190173596434,7.279995934525267,0.10129839761454101,0.0012855235101684678,4.1997974898794164e-05,-0.003368951256795866,-1,,0
965,0.4381479812342903,0.314730980035369,0.15288709543474657,0.01742517245826285,0.07179887092935651,0.005009899907974867,25.02171867366654,25.116268641102938,2.723908440704707,2.723908440704707,True,47.12285190736913,7.104831345006236,0.08607482180011089,0.0003505276429867796,8.669809167073436e-05,-0.005962873294059598,-1,,0
966,0.3041761458178906,0.10549817141795483,0.07689021562249372,0.44238225493884936,0.010279229742402685,0.06077398246040865,31.353952126179973,34.5354726380576,1.904902997694611,1.904902997694611,True,57.01578002663816,7.354526977052385,0.16070419684533316,0.0017266557109495081,0.0012397229021087108,-0.001841713466226909,-1,,0
967,0.09256376100433567,0.30101749622772306,0.016263992603818986,0.045774637982664984,0.4123690229309996,0.13201108925045774,38.19496431851004,25.792606648339017,2.966267394420093,2.966267394420093,True,67.25393824036227,7.2768709051546825,0.0640067069078583,0.0016143617211938047,9.342727143557811e-05,-0.004561708153681018,-1,,0
968,0.07056387281481619,0.24919309126940167,0.07251695508966094,0.3268634892225284,0.02297203003741908,0.2578905615661738,26.451336428087977,27.611133599691662,2.5670723508184223,2.5670723508184223,True,67.0165211573438,7.261272732982653,0.2586636620583389,0.0010702824107283878,-0.00030973104634675965,-0.002836667963499375,-1,,0
969,0.14573286359307136,0.3889535752596122,0.29034972444359664,0.06665900587892816,0.045309835635848394,0.06299499518894312,36.48652591351766,28.724519163871047,2.8071483159794077,2.8071483159794077,True,61.639089770210155,7.205656577845419,0.050022641207610144,0.0009153162330950603,3.6995740423253594e-05,-0.005940911151318268,-1,,0
970,0.2904724339963928,0.10631130149019782,0.06673809123164932,0.4342920856841066,0.0009804986579022333,0.10120558893975123,38.97729996146983,26.778885337748235,2.4345712738649983,2.4345712738649983,True,70.00673286312141,7.407439927032308,0.1527782683228218,0.00338267729270882,0.0013973462074308776,-0.0018205723734563417,-1,,0
971,0.05531028288480696,0.06199768354393589,0.6800485083317929,0.014457513524187468,0.13048285002285495,0.05770316169242196,41.220082287530424,26.014549840441543,3.3390754672349807,3.3390754672349807,True,71.29053134469883,7.183899033555344,0.04195794691259005,0.0009178298238464829,6.260066001239461e-05,-0.007529520922896356,-1,,0
972,0.3307278115232687,0.02544607834368426,0.0018568763089764633,0.5994767281179446,0.03491611643978587,0.007576389266340016,28.210521892100584,25.376304070972825,2.516999030334592,2.516999030334592,True,73.1528550019873,7.321727650945975,0.37167393292796447,0.0013909729685455683,0.001991892428776752,-0.0018561665103835085,-1,,0
973,0.24162039801386395,0.25758898155718246,0.1142398647909162,0.2899065790898556,0.05253711532879159,0.04410706121939002,30.868858973760613,27.972246422351645,2.5546618181181477,2.5546618181181477,True,63.727076771377945,7.266382716813877,0.10099327964934429,0.001099854615544872,-7.173917924898557e-05,-0.0034486424960212415,-1,,0
974,0.21590262628372592,0.06790563958069075,0.49697839262524857,0.020953378180047576,0.060058383251670504,0.13820158007861658,33.424814549834245,25.39216095802188,2.904997119044806,2.904997119044806,True,58.55644256236258,7.1840709087541965,0.06631408962642106,0.0008838964209143004,-4.511460765088142e-05,-0.005659313203252033,-1,,0
975,0.3412037473021775,0.0029097146923594587,0.1093633591063955,0.5108715560121456,0.005537036447944855,0.030114586438977065,29.203161316043065,26.62389823044562,2.413689351218836,2.413689351218836,True,67.97879592346823,7.321077731097834,0.24657594755439843,0.0014201232942270237,0.0008453860980803926,-0.002055948406018524,-1,,0
976,0.18162044994319787,0.11136742053840341,0.10127344744618165,0.09297228763232963,0.008196118937056431,0.504570275502831,32.50114633614523,25.151188649660533,2.4482501038810423,2.4482501038810423,True,57.39830689576633,7.316431057859533,0.27054582316184655,0.002094299077926853,0.0010854567276250464,-0.0027278302782265517,-1,,0
977,0.0747507704196123,0.014969977963831715,0.22714200341058227,0.41149931037855464,0.16504794970330763,0.10658998812411151,30.589552458532214,35.25474324239259,2.0904255981567386,2.0904255981567386,True,63.973804260687224,7.338027845994891,0.151096482432606,0.0015272078608736914,0.0011888637501243002,-0.00204742807728051,-1,,0
978,0.5196264223692376,0.21196087555643384,0.025755604252597646,0.13585360333718738,0.04931422658396397,0.05748926790057947,29.616675840458917,25.331237014444806,2.4378257222828235,2.4378257222828235,True,50.660057270043616,7.242050983177924,0.10513519392908921,0.0009541320939795541,-8.157935199618579e-05,-0.0037617243688040708,-1,,0
979,0.06143573123287482,0.06425370208553145,0.14207595137755816,0.4595482030873168,0.008504833037424539,0.2641815791792942,26.196961721344433,27.59412978580313,2.4927933933390274,2.4927933933390274,True,71.13144681516262,7.2826971189210665,0.5365499042772641,0.0012366086943850956,0.0026086812238940607,-0.0022523763761328136,-1,,0
980,0.048857666554074086,0.3054345341850049,0.22872955629208938,0.09369478563629448,0.2844806309931841,0.03880282633935328,25.741061693644657,26.942643851452445,3.131082582767492,3.131082582767492,True,64.96528514952622,7.091560162133146,0.07999040261805698,0.00030353308777316426,-0.00013449045007325194,-0.006845058358427325,-1,,0
981,0.12543285174191232,0.04949806272696398,0.41306187778629444,0.20032603443635855,0.09846387876264093,0.1132172945458298,33.66563996605933,27.08005664676176,2.7938992360177513,2.7938992360177513,True,67.84363371120868,7.257802051562617,0.08252084821840446,0.0012547194815623248,-4.789236742880965e-05,-0.0040663148452549204,-1,,0
982,0.2682898731983689,0.03884863438105499,0.09493804701118441,0.2310663606888691,0.012665146082153265,0.3541919386383694,40.214268898611095,27.27827806020788,2.2348969462525674,2.2348969462525674,True,60.29498311588153,7.419619562776686,0.18874330002182374,0.004248338364005906,0.0022286528312652105,-0.0018986279548765782,-1,,0
983,0.4316303586037739,0.11124662668959678,0.03319253396977691,0.3394029857854993,0.0727127483933232,0.011814746558029936,27.132994109323846,28.165284043036188,2.2495346088350754,2.2495346088350754,True,56.42184404240363,7.275434433281897,0.1563564673480545,0.0009646146296871664,-0.00010873429448891778,-0.0027667530626462656,-1,,0
984,0.319536415490879,0.11846764746177825,0.02171295463308698,0.4208668272912946,0.09594966297851021,0.02346649214445083,40.29015278920459,30.434902277533602,2.1699969112874906,2.1699969112874906,True,64.24463088883445,7.426202796671043,0.11340332724960549,0.0035210675613129697,0.0011671522012506148,-0.001752972042449739,-1,,0
985,0.24012039784003097,0.0024620660791390687,0.28503861323751195,0.4160544704166363,0.009301061285932185,0.04702339114074965,38.086361637769386,34.848011566728985,1.9929165601241976,1.9929165601241976,True,60.890459322678126,7.402309009499976,0.10438344591900749,0.002820715271605429,0.0010230040539112425,-0.0018398379910900243,-1,,0
986,0.11355451940332956,0.18345235908183605,0.15774906641630065,0.22277371338152868,0.028965874676390304,0.2935044670406147,25.964529808118908,26.65783719293502,2.5974383747190153,2.5974383747190153,True,62.25882786000453,7.235878491073455,0.22051076948766282,0.0009443218988169229,-0.0008450272868640873,-0.003311745962365969,-1,,0
987,0.1487121417177216,0.3483660453635195,0.16621578996959246,0.09323808500312104,0.14804969982275856,0.09541823812328674,33.31435895670393,28.854957366565344,2.670197037532448,2.670197037532448,True,60.33303485889959,7.222467529033979,0.06440823358409811,0.0009455780564528868,-1.0675725591333091e-05,-0.004952738167700432,-1,,0
988,0.07967030116454053,0.11322570883827604,0.0013787158560779292,0.5401594812391326,0.0017418817246189846,0.26382391117735393,38.02579336955778,32.52696130884534,2.0525452522737218,2.0525452522737218,True,68.83655835095813,7.445505189105728,0.3578156819894304,0.004252912090675433,0.009900964314151293,-0.0013002508235169612,-1,,0
989,0.12173129661305164,0.1000349293913362,0.16241144769680113,0.4700265745307306,0.05389023792439986,0.09190551384368065,31.58654868991419,26.67795126075137,2.6988326004537617,2.6988326004537617,True,77.04455040609595,7.3231911657084225,0.18791939275856073,0.0016510906302048532,0.0008109333858422629,-0.0023127173972457694,-1,,0
990,0.053351788006354296,0.30978333925404733,0.09048230367484168,0.3587451126839845,0.10466859110953251,0.08296886527123967,40.3685328788813,25.67617080645619,3.032223963983181,3.032223963983181,True,83.33496778995034,7.36270358192763,0.08989913501066672,0.002809111531886291,0.00044750647191234196,-0.0027982107233212993,-1,,0
991,0.18918157458485946,0.03569138279937093,0.16325086364949098,0.4648469000247681,0.13411168742700572,0.012917591514504773,39.025709909469015,29.749716669848354,2.391163489598969,2.391163489598969,True,72.64320179301436,7.408833637465046,0.11573707782432567,0.0030653120916946273,0.0011680225477519951,-0.0018261994426921997,-1,,0
992,0.28264514180452055,0.10334242957682192,0.08001697965233555,0.2927812935899246,0.1660990918983571,0.07511506347804026,25.25586718419825,32.55460565282496,2.0656227150113433,2.0656227150113433,True,53.92549743553602,7.264474249382478,0.15241863765650127,0.0008233692362078463,-4.4736048664268775e-05,-0.002801178979012453,-1,,0
993,0.2191656983549937,0.028446818778642115,0.29125319237890623,0.26003099494663034,0.14450450851127924,0.056598787029548264,27.883175876294345,26.62374628982471,2.688250886718136,2.688250886718136,True,64.33597818573604,7.229410099883644,0.11655600086208562,0.0008132601468755578,-0.00028892602281289177,-0.0037684016757836077,-1,,0
994,0.3947209229195314,0.045991853763786665,0.214382200358027,0.08720830425224335,0.18454812789718814,0.07314859080922351,32.703038951932946,27.87810726528281,2.3553269054404518,2.3553269054404518,True,51.91362706278595,7.26470441043096,0.08046370689434283,0.0011743137305812584,5.7470473805569334e-05,-0.0038880103127319292,-1,,0
995,0.1284601845672608,0.5158341394217615,0.06601285203429222,0.010031552195083443,0.13447320944554805,0.14518806233605389,35.856419090089766,27.030651510240716,2.8830292416472556,2.8830292416472556,True,60.53683290201569,7.2077739139149415,0.057310149642874134,0.0010471745437501897,1.389295115632937e-05,-0.0057243201106781305,-1,,0
996,0.3468590390605432,0.0932517508914259,0.10087175689262774,0.12666819441980087,0.2963036583838425,0.03604560035175975,33.960995952259296,28.15019963914294,2.394747876417188,2.394747876417188,True,55.650696113310914,7.287476890252582,0.07807362599645455,0.001321279274685677,0.00012269291264778155,-0.00365290263833927,-1,,0
997,0.19585205120208385,0.151334791456655,0.19354359478953756,0.27689580165444716,0.15558601504740457,0.02678774584987187,25.592948161470744,29.50372899512684,2.494870352213072,2.494870352213072,True,61.352754015622956,7.2155928355455305,0.11349466334871394,0.0006326073720316169,-0.00032479579053209466,-0.0037909333399118064,-1,,0
998,0.5073578660272516,0.11768909824718564,0.04047839561620388,0.18994417738211247,0.04829948890533526,0.096230973821911,28.58597633375052,29.201175492655985,2.0653731695071462,2.0653731695071462,True,48.01488451048004,7.279393871661319,0.131150974440219,0.0010923146382624555,6.695373405263479e-05,-0.0029856230717855365,-1,,0
999,0.666493524879325,0.10633403365421429,0.09446159911199688,0.08362660134191423,0.045398675013940216,0.0036855659986092834,27.255169379194957,26.606410684691575,2.212177048265837,2.212177048265837,True,42.96299915252347,7.218305572402128,0.09884820108027072,0.0007185576904596208,1.3729727799455212e-05,-0.003933511763442886,-1,,0
1000,0.2580232999245881,0.1408950895902161,0.22049646223571961,0.2223805640652873,0.014130754090408258,0.14407383009378055,27.512766929943517,28.020190441263992,2.4398057956326658,2.4398057956326658,True,57.710336958314585,7.239151737516038,0.1317031773408541,0.0009008104038866255,-0.00032612486847275103,-0.003530883669636326,-1,,0
1001,0.10057255215559713,0.13355676307435663,0.2524791860248489,0.4161795291633977,0.008966320165325605,0.08824564941647398,26.823430071351925,27.28673382327063,2.739635183584744,2.739635183584744,True,73.09571092795382,7.250031617699648,0.16979424696710932,0.0009124314004421011,-0.000398746868139836,-0.003076972845818788,-1,,0
1002,0.42422779076137435,0.13713158151191143,0.001305940678433511,0.10591764927323671,0.06345541516005261,0.2679616226149913,27.80829539643111,26.79733971199608,2.2140878727779474,2.2140878727779474,True,48.57794104197092,7.269940366898765,0.18493613017886787,0.0011386449496450224,4.3056005117362215e-07,-0.0030782607598817354,-1,,0
1003,0.5729703922726317,0.13436950919413906,0.003502336622404599,0.19473851324601804,0.005983820787850041,0.08843542787695657,28.43032664068761,27.716123283508857,2.112546933145465,2.112546933145465,True,47.684385800076484,7.276895286370306,0.13976072619287067,0.0010841691769048532,2.2694592727268698e-05,-0.0029861340675725262,-1,,0
1004,0.07632238762890893,0.3535087073767367,0.10258547367473668,0.26426288493932654,0.01901492861803205,0.1843056177622591,34.247483260924334,31.247343427455398,2.3978185819948226,2.3978185819948226,True,64.69322855888787,7.316255121623276,0.10364876376317254,0.001766497155474827,0.00033694644348912294,-0.002975131171357116,-1,,0
1005,0.5164148069546436,0.06431024978306427,0.08767639300480955,0.21335635901725294,0.11262581863141494,0.00561637260881465,36.06281508799279,28.845637721403563,2.143520048456279,2.143520048456279,True,52.4014227715242,7.340133890675317,0.08678306558865208,0.0019059634097705472,0.0002826227981140384,-0.002857956891049011,-1,,0
1006,0.32893034086905726,0.026348936926100235,0.03669308735367249,0.41745540196831254,0.0022922117796652514,0.1882800211031922,35.943228102969016,35.08677438958805,1.7447862257079942,1.7447862257079942,True,54.16341950204754,7.420372734285498,0.21252289913174569,0.003136360125607436,0.0036217270675555527,-0.0013767972462800171,-1,,0
1007,0.19293952353320984,0.07441136427400889,0.3358061340793936,0.23612103505029478,0.1423028127793561,0.018419130283736856,33.70986815259957,27.409886189089,2.7369398310629425,2.7369398310629425,True,67.14777497173169,7.262195542454747,0.07533502133962183,0.001154863486158512,-8.202493167940003e-06,-0.003996945388745205,-1,,0
1008,0.14292418685868274,0.2542370657718897,0.050709371638639464,0.019295095097495846,0.08131243831359354,0.4515218423196987,38.17944696503375,29.892401537567828,2.1838483312902883,2.1838483312902883,True,53.37044964246051,7.364607903588377,0.13086286792435153,0.003090448108549854,0.0009564030526621291,-0.0027365610758900536,-1,,0
1009,0.18165900850238215,0.10971440722790372,0.18400570391041982,0.1842640491236035,0.10927776412226492,0.23107906711342582,32.97056641937841,31.337891427150897,2.181451861575864,2.181451861575864,True,56.62373297465672,7.320145936662522,0.12272451409626005,0.0017372568526078877,0.0004770950695910748,-0.0028061087614462835,-1,,0
1010,0.22576179702809746,0.01877118388833508,0.4521771631309577,0.05256668734810783,0.1339015177273376,0.11682165087716442,25.476137029093078,27.161600709523228,2.6788251908729928,2.6788251908729928,True,53.743525656642326,7.139948079979143,0.09301654649843044,0.0004695535826588401,-0.000223622561077447,-0.0054381471347040135,-1,,0
1011,0.3378368439865795,0.012267718985300413,0.016464807245493363,0.43464385259349697,0.0015477388152880165,0.19723903837384174,30.196663145805044,31.06366196799773,1.9450094470957422,1.9450094470957422,True,57.09165873312141,7.356799726928728,0.34570370659149324,0.0018861957793991065,0.004275136233913412,-0.0017539273843426315,-1,,0
1012,0.19075018376470954,0.24438331039594496,0.011667020079416692,0.5403835134694314,0.00011707439814554833,0.0126988978923518,32.00754544453789,28.32678424197647,2.5106027750549273,2.5106027750549273,True,74.51457890871377,7.340978607147983,0.17202378154663459,0.001713306644331174,0.000974880409960045,-0.00204216892055713,-1,,0
1013,0.11878503989521402,0.01105327243278846,0.07116955521673107,0.33312625320819617,0.4454813580449292,0.02038452120214108,25.690763194735815,32.77552224705185,2.2479308668261853,2.2479308668261853,True,62.659458991301044,7.273211844021641,0.13934764818315792,0.0007997833276571527,0.0002379015749145297,-0.002758691820209981,-1,,0
1014,0.034019328064125345,0.13261139903517702,0.15746989811271275,0.30376435547966035,0.0416311699146491,0.3305038493936754,39.12440829822922,28.051593061120027,2.4941944540011725,2.4941944540011725,True,71.3786362497302,7.40017775122253,0.1834744207568118,0.003748610427839877,0.002210900570495828,-0.001999130891350801,-1,,0
1015,0.26080193127368306,0.028433854163475797,0.05186420612249476,0.44750928116562466,0.07128885266542452,0.1401018746092971,34.52874568072724,31.048116970229827,2.071302626907696,2.071302626907696,True,62.789242333060805,7.3929684055865685,0.21740750654353594,0.002590887975246759,0.0028507575012435954,-0.0016146260458711616,-1,,0
1016,0.11241725310628024,0.0013333073806717933,0.13718197597498366,0.3270755918760528,0.3874189253893274,0.03457294627268416,40.5011633897076,32.73824029876074,2.2641012181376126,2.2641012181376126,True,67.8018796536027,7.416798862387615,0.08672297066306611,0.0031227977733996075,0.0009543988280910746,-0.00205722988830643,-1,,0
1017,0.12762242103074237,0.030274794705106262,0.31065583790817036,0.41312056738963654,0.07001342050318403,0.0483129584631605,36.3012401955005,33.07782523925614,2.2493113244821297,2.2493113244821297,True,67.79110093745784,7.369739030043526,0.10187040318688276,0.002229375735959598,0.0007723156064865598,-0.0021794032184058367,-1,,0
1018,0.3680782304955837,0.07229053149979735,0.22761342320295525,0.1374551025191669,0.06071533929654735,0.13384737298594956,29.612988044474136,26.929919484290036,2.412997017562436,2.412997017562436,True,53.359212912899025,7.2470138312918095,0.11009669629313087,0.0010206843113189574,-0.00013061402984939046,-0.0037075701603331403,-1,,0
1019,0.22131998035137335,0.349414299157956,0.20947493087899588,0.0037196425402235595,0.0020282828043879458,0.21404286426706326,37.238342533860724,27.87348731577066,2.563393338628361,2.563393338628361,True,54.87306326738599,7.260443118513158,0.06408227760686179,0.0015829774726947505,3.4129689738370813e-05,-0.004669774652188937,-1,,0
1020,0.11049477366389754,0.36800160290801043,0.2651357051381472,0.18906505660626713,0.04421085196219522,0.023092009721482495,29.69792419019032,29.581354955551696,2.772523073016134,2.772523073016134,True,64.32916983759246,7.174375218262432,0.0673197326566943,0.0005670032351998278,-0.00011563533592891381,-0.005425424095942619,-1,,0
1021,0.42082815646191896,0.11414584903710194,0.021087682802209035,0.05435020619541709,0.12653442778097515,0.26305367772237775,41.956499500219536,27.753625155168407,2.1546458378769744,2.1546458378769744,True,50.91766699693222,7.400342234543274,0.09849087191450216,0.0038118357727790213,0.0006509463159467002,-0.0026181267155217696,-1,,0
1022,0.07056595483135017,0.11724480589827989,0.11460725631739035,0.2100402374787613,0.13409406452785322,0.353447680946365,37.142486275349114,30.475226346890274,2.2378496438543563,2.2378496438543563,True,62.20232516626992,7.384215183466342,0.17120833233468113,0.003095972716938644,0.0019087065765035864,-0.002156104942418956,-1,,0
1023,0.4244929362854235,0.10067218301796625,0.052551357218236595,0.27667134492027234,0.1380103935843727,0.007601784973728492,29.403116300458002,29.768887322511873,2.155533726561118,2.155533726561118,True,53.96463100019387,7.289146102085279,0.1171080222175712,0.0011038420368472066,9.590103983761555e-05,-0.00288728238351503,-1,,0
1024,0.0418150930150093,0.046233168050771586,0.39194197542619164,0.05223145616509143,0.21108603535759105,0.25669227198534506,34.06120600077223,25.006426397757693,3.0235823514077214,3.0235823514077214,True,67.0824844683553,7.233988630258068,0.08686283482969583,0.001314330761873404,-0.0001182825039407841,-0.004670797702183438,-1,,0
1025,0.05954523463467686,0.022932729521904543,0.3896624426454564,0.14983298635846518,0.24530174527822324,0.13272486156127386,36.469690006691735,29.260892174984576,2.6605512187391764,2.6605512187391764,True,67.1517152404406,7.293594920941456,0.07116024780036925,0.0016087299119762694,0.0001418083817438972,-0.003889393344419956,-1,,0
1026,0.05442459316072726,0.3434124588992321,0.04249111544337602,0.049159075649053106,0.006378214851945339,0.5041345419956663,40.93132144461783,29.28608486346547,2.3010024322573597,2.3010024322573597,True,58.18030677302909,7.389798678497681,0.13713325467617166,0.00410284409502683,0.0012274689185879464,-0.0025589280914681592,-1,,0
1027,0.44639534834787686,0.07367556249399834,0.03654027472035996,0.14940446282572628,0.23038578920261563,0.06359856240942298,38.19248765139888,25.51071789756002,2.45702165765292,2.45702165765292,True,57.22392882951691,7.343876512033609,0.0869285506735979,0.002239017652312491,0.0002474255491129639,-0.0030764625997076874,-1,,0
1028,0.3242582979938211,0.2733090254594996,0.05883996866309512,0.05149297219573541,0.23819106359601036,0.05390867209183844,41.583653421982376,27.307785628559348,2.5504310711966642,2.5504310711966642,True,57.16064151730881,7.324404423650788,0.054849967343267685,0.0021602611591382084,0.00014586181711880717,-0.004107481200762191,-1,,0
1029,0.09383834994926986,0.019280578197931903,0.06978841707976154,0.16620036503390145,0.0006312901658647785,0.6502609995732705,27.166265835645873,25.38227328890336,2.3454366977167265,2.3454366977167265,True,57.352217573398356,7.255833461163984,1.0445553450256155,0.0014729398263072986,0.007566742469448589,-0.0027265155370176848,-1,,0
1030,0.019592452719675125,0.606894509155577,0.011509313157227755,0.0064901550380866676,0.3515412500000183,0.003972319929415314,26.642926056774513,28.867047516601964,3.1245851503763915,3.1245851503763915,True,61.662633203766745,7.04001174615982,0.06493012064052153,0.00016031617453058505,6.23932331902482e-05,-0.008754902583858346,-1,,0
1031,0.206348805811103,0.15903406130804829,0.3687180022730576,0.06769776495942707,0.05463357159986957,0.14356779404849432,40.53225798062906,28.433405887705675,2.5757637178167623,2.5757637178167623,True,59.585103056947084,7.304853443005622,0.05769506177445938,0.0020699649063525977,9.972573167711367e-05,-0.004277220004324831,-1,,0
1032,0.031087112569838603,0.129635222716372,0.5167377801386281,0.06868893205999917,0.04454401005638666,0.20930694245877546,34.07017454056515,27.99014779176814,2.8614793640335363,2.8614793640335363,True,64.77402709212997,7.211010444472795,0.06769749220033458,0.0010776020366653992,-9.08006893569601e-05,-0.005287584259187074,-1,,0
1033,0.1357487150115401,0.3101377406231699,0.3383567565240728,0.05176909291280463,0.0001581394168996029,0.16382955551151288,30.996227214982333,29.372478170905552,2.6265640201964158,2.6265640201964158,True,56.58031465482177,7.18222673962023,0.06824918251869803,0.0007598899027842609,-9.692411586879639e-05,-0.0054585900887424744,-1,,0
1034,0.07584815592222177,0.042313518082136126,0.020170084048118535,0.19792612904861717,0.3728877059838338,0.29085440691507264,39.84055423590709,33.981600304811366,2.0091338496044484,2.0091338496044484,True,58.97664619683856,7.432518699033267,0.14327828484862354,0.003923681250544349,0.0023135916145135163,-0.0017677502645642607,-1,,0
1035,0.2858839040762785,0.045575657215860266,0.034958613657954905,0.4469814690347179,0.016377111786176343,0.17022324422901206,41.16227800631748,31.54784645986949,1.991759003233102,1.991759003233102,True,62.189797799010364,7.462134172212752,0.1824424163838165,0.004796249757650479,0.003229307005577487,-0.0012605561456729912,-1,,0
1036,0.30286845506139703,0.1196245298107819,0.15507627819631403,0.11698376121178179,0.00554575773264473,0.2999012179870805,30.191258247150344,25.747186002380733,2.4459991297640222,2.4459991297640222,True,54.59143025986866,7.271458548895246,0.16104944525387357,0.0013474106147772676,-0.00011522311210108264,-0.00328057298309809,-1,,0
1037,0.0688760196526214,0.5553228934174789,0.06105238539216263,0.2390295025058739,0.0019375395707148639,0.07378165946114826,41.03649027041264,32.076899881007876,2.5410219842346695,2.5410219842346695,True,67.94657956525722,7.339718639155117,0.05596626841739071,0.00222469886674552,0.0002068800501557424,-0.0036334682317203373,-1,,0
1038,0.11781571431888656,0.49299286116383095,0.11087679752917731,0.22837970987538475,0.03405612276593478,0.015878794346785557,32.313162860507255,29.58320506738514,2.745180833697577,2.745180833697577,True,66.55182973728486,7.2190656132529085,0.06473720803431231,0.0008125627672974573,-5.938999101156745e-05,-0.004800222033578553,-1,,0
1039,0.03840037862836804,0.009062348187520197,0.4997801269286393,0.24479629453441482,0.0145486972107784,0.19341215451027927,38.46973202731765,25.408441445806556,3.023568227891385,3.023568227891385,True,77.48969049456755,7.314796592435414,0.09051533806534412,0.0022875047265948217,0.00014152465795743612,-0.0034591101021245432,-1,,0
1040,0.053560834201955516,0.7047490185360439,0.08162593763579179,0.01911899837041139,0.1343326610232698,0.0066125502325274825,27.231890061064558,27.036833800347438,3.347297364998093,3.347297364998093,True,62.29593800029236,6.996970299223253,0.06579279141738724,0.00013789154435803495,0.0001355945769368561,-0.00996238892952164,-1,,0
1041,0.1616244150828923,0.21608716537303485,0.29744638517619215,0.1933115454264477,0.009911732946225315,0.12161875599520766,37.20210392844289,25.68927035627898,2.901873970732551,2.901873970732551,True,69.11299714998704,7.281218658703916,0.07475948837393012,0.0016961909019852079,-3.8153714475987864e-06,-0.004040932356037291,-1,,0
1042,0.16479558546625125,0.366818029509782,0.007297671343830528,0.3445368338888044,0.04151547543181639,0.07503640435951567,32.67073688389542,26.131395374046253,2.8003255746651354,2.8003255746651354,True,72.24500630883779,7.28945950356836,0.11442094354234097,0.001420461897753139,3.201714119836543e-05,-0.0031601778230723474,-1,,0
1043,0.013798449989064742,0.32602873344597744,0.2678612736808935,0.15423138984326293,0.18043165541150244,0.05764849762929876,28.09930460635218,27.59635385344762,3.1018565066219788,3.1018565066219788,True,69.41046326453102,7.134334457907197,0.07451482943327706,0.0004474834822360289,-0.00017212541114293797,-0.00616148263236897,-1,,0
1044,0.13175959772842308,0.06247516991413633,0.4444498524551651,0.1868545094063639,0.11947936484924128,0.054981505646670474,41.273703365607496,30.0735863827788,2.5949523084956554,2.5949523084956554,True,66.91438576410458,7.333958020071838,0.05527466931468997,0.0021759285018821896,0.00017169062891091565,-0.0038081339099943308,-1,,0
1045,0.15807874177028636,0.30427691238821986,0.3016493220378779,0.15495844005168016,0.027134987228447042,0.053901596523488644,36.65310839031402,26.285472649319978,2.986480886972298,2.986480886972298,True,68.00218742285918,7.233078415619319,0.05875321310647652,0.0011606547722054965,-1.7847632691719105e-05,-0.005108836353943003,-1,,0
1046,0.23811252188054174,0.004382856924988815,0.15398957176593675,0.25827853305356296,0.18711784657616573,0.15811866979880404,25.668822055106858,29.444730329031167,2.2608366412918963,2.2608366412918963,True,57.12479766008466,7.262069688589045,0.189391655869886,0.0009099509178777916,-0.00013482648273488099,-0.002893544558143528,-1,,0
1047,0.14714285603094548,0.27658905614478235,0.016145621398314144,0.054577460975074966,0.377899272072279,0.12764573337860388,40.45857600407936,26.326345851982275,2.8085933387936923,2.8085933387936923,True,65.0304586045968,7.316531287265609,0.06297674912039959,0.0021365055969751173,0.00015997905168936615,-0.004084127256471686,-1,,0
1048,0.129343817916594,0.06660279954767835,0.12651622888803316,0.29230296980558973,0.06584063747165392,0.31939354637045086,40.58338119556144,29.068310507755204,2.2742966622088647,2.2742966622088647,True,65.60801368361959,7.427781714456541,0.1800115062207154,0.004385548144680148,0.002543407771953076,-0.0017693906900314363,-1,,0
1049,0.023878954580633303,0.030584884246536534,0.017137538427466577,0.4798848470064752,0.1127476468833516,0.3357661288555367,27.14388714939234,28.43533854545029,2.3423127536465382,2.3423127536465382,True,70.11564894949602,7.293663814878611,0.9619924809929049,0.0014945720048054076,0.01340549507170294,-0.0024151604578507417,-1,,0
1050,0.3745964762897327,0.057771513459433405,0.025661405387357478,0.41551918164264806,0.10354230105900013,0.022909122161828267,40.27756429562846,30.307795501830874,2.1064682848924083,2.1064682848924083,True,62.06335915697698,7.431276098982334,0.11919443548915,0.0036171952668661135,0.0012684150755223605,-0.0016860492680210728,-1,,0
1051,0.10578355961965083,0.14469489215841622,0.2510842527058043,0.4487242242175512,0.0020635150379194177,0.047649556260658,37.83624975414989,27.933017134680053,2.709667787582843,2.709667787582843,True,78.92934621933124,7.365283862181549,0.10635630089353848,0.002489174147874405,0.0006382066144848528,-0.0023674808217746903,-1,,0
1052,0.07109242675238808,0.08408112664002006,0.14332842749693642,0.2544206012665046,0.023120970120192534,0.42395644772395835,30.871263752513826,29.106238150705565,2.2651188060218,2.2651188060218,True,61.620931667740024,7.3284033075781645,0.34138938599676877,0.0019580563549611244,0.0031215443605309783,-0.002299683836844727,-1,,0
1053,0.11136664172443535,0.06722108079142419,0.1673372765303802,0.46519714864185446,0.07763470750975938,0.11124314480214637,33.293696007150054,34.24279303078517,2.089992411359068,2.089992411359068,True,65.65609854358021,7.373139387019652,0.16769808829388394,0.002118515219177929,0.001908965758350483,-0.0017252383964109271,-1,,0
1054,0.13813962731102222,0.5088028625394602,0.006682261019214575,0.17968675545155705,0.005837038709538498,0.16085145496920755,36.53510890276782,30.61940318796214,2.4358729945606603,2.4358729945606603,True,61.232932287014265,7.306698441837365,0.0760876096465839,0.0018040568409134438,0.0001573873760442725,-0.0035620622866649175,-1,,0
1055,0.2934166717551262,0.2541824480254492,0.13347483249703102,0.03934410180034456,0.026990497981315722,0.25259144794073335,26.11846218926897,25.476505352260638,2.5877496180239468,2.5877496180239468,True,50.902475439982034,7.1859509011731095,0.1300909391376628,0.000717351450578538,-0.0004360413425591542,-0.004437495303679717,-1,,0
1056,0.21722467553715483,0.24018121268798426,0.1690183702561726,0.21284370133008065,0.06117985518658,0.09955218500202759,37.95201163598845,28.298033405467237,2.535583808789413,2.535583808789413,True,63.77196579689432,7.325126549425141,0.07706862512233201,0.0020476108067405507,0.00018115625226712486,-0.0033535987066305143,-1,,0
1057,0.07513176694958666,0.3010793723705542,0.07217613755809738,0.3642626933314016,0.17062224600653564,0.016727783783824623,32.11954486646866,31.715002833249706,2.4862643879046376,2.4862643879046376,True,70.00400991711813,7.299498994038003,0.09101768321170958,0.0012432078925806301,0.0002307779230845953,-0.003016414478632964,-1,,0
1058,0.08320786018484705,0.1851272830140754,0.272807139307307,0.3853968215119578,0.0015554435718894545,0.07190545240992322,26.156320902417125,34.75601456914075,2.2210500791656123,2.2210500791656123,True,62.739494944309754,7.256602807977452,0.12445674132845216,0.0008088938332478873,-0.00010500631935998388,-0.0029660612574869847,-1,,0
1059,0.09304791643943733,0.16655358728530487,0.06849935584212424,0.040910814337233335,0.20852831040933023,0.42246001568656993,38.70865318971161,28.529101403050657,2.3450267350140006,2.3450267350140006,True,58.301282622789664,7.369727350834563,0.13316964893166852,0.0032059981231727305,0.0010021158611449414,-0.0027175141698169516,-1,,0
1060,0.17354041116653351,0.2348182518841877,0.15985730278349397,0.0689424876779979,0.12034892498033557,0.24249262150745127,29.304392659561294,26.491811124262192,2.651798038741358,2.651798038741358,True,57.16028884020517,7.217938209247771,0.10958115812870445,0.0009501899830313096,-0.0002548302701134069,-0.004312487908084756,-1,,0
1061,0.09122872472837779,0.4780568915657682,0.03464607769126654,0.07776126719196175,0.27910194435387153,0.039205094468754205,36.75286075067019,26.198524668345748,3.1353461590535505,3.1353461590535505,True,68.9797295095381,7.210184396969413,0.053100836654870975,0.0009332258709364433,3.937535090367341e-05,-0.005864333218969199,-1,,0
1062,0.0734813756137893,0.4909241222980947,0.10461551361856763,0.298235836708734,0.010914570725523,0.021828581035291506,32.589699191998854,30.09944690092443,2.7358817809741964,2.7358817809741964,True,70.59398618682634,7.245520374254156,0.07043903123802521,0.0009657441274935806,-4.429611021281605e-05,-0.0042108390374407095,-1,,0
1063,0.48665861577626,0.09127598558793787,0.22116942894119693,0.08562429137336942,0.07128224358500047,0.04398943473623538,29.116600275668475,25.136698462092284,2.5419697246190025,2.5419697246190025,True,50.211536718712075,7.2062669266412644,0.09089377784229287,0.0007657310052718494,-6.317762621775472e-05,-0.004400474098338801,-1,,0
1064,0.06556582626505547,0.03793933754339854,0.03728545575689423,0.17213593654118298,0.10079918638110909,0.5862742575123596,35.90232627729461,27.82095971947899,2.213283106095726,2.213283106095726,True,60.34233926817767,7.386492436349556,0.4563473145784225,0.0034789981879083435,0.008919399810928775,-0.002174833403709511,-1,,0
1065,0.15733402134496355,0.1695366891541372,0.1655085823763014,0.21713210839820196,0.14741350948513357,0.1430750892412624,25.802608496918296,26.367112832793254,2.7296614458009247,2.7296614458009247,True,63.178392987296334,7.207312444722137,0.14154725643613048,0.0007154153151649741,-0.0005595887183749346,-0.003941672381033483,-1,,0
1066,0.10640423554119038,0.0259875394562837,0.08421887963929038,0.114480462776284,0.4133191486849468,0.2555897339020048,39.971562675693214,31.24329313563341,2.2159571641484543,2.2159571641484543,True,59.713970036322884,7.399678232094114,0.1057501140719759,0.003331274218778864,0.0010691425793167698,-0.002408211957129493,-1,,0
1067,0.34010218557224864,0.1345758025380254,0.23939118252765523,0.18733428906197291,0.09249061423966513,0.006105926060432647,25.991117480654395,27.628122740760098,2.520756775149031,2.520756775149031,True,55.11610074634111,7.188407956042535,0.09868118852617978,0.0005634374030475498,-0.0002470099388882505,-0.004374824611582041,-1,,0
1068,0.1643681855751971,0.5307849912988855,0.07082715648942879,0.21299932938141358,0.014332271232128598,0.006688066022946323,34.59391518931606,27.394558430955396,2.8998133336754672,2.8998133336754672,True,67.86266787962921,7.226749047894547,0.0612788005348138,0.000960471296412859,-3.300658230090921e-05,-0.0049317586415541835,-1,,0
1069,0.18511943435090616,0.1092927705986576,0.28485211715625103,0.07665125879365065,0.25498399685794876,0.08910042224258573,34.23529121110644,28.81848077857131,2.580295881258763,2.580295881258763,True,59.07164530536056,7.249085014545916,0.06557776146592996,0.001114675478786434,4.546774318805384e-05,-0.004534558064460247,-1,,0
1070,0.08166361715204092,0.11416888332620963,0.013914992535519824,0.5040592517943235,0.02893272341532634,0.25726053177657976,41.6371550596161,27.084882750277046,2.483083219598372,2.483083219598372,True,78.67158503277494,7.460859991168256,0.28077037733577753,0.005436795359322524,0.006216517384115566,-0.0013049896597414335,-1,,0
1071,0.4070608203244295,0.26688162013403466,0.10634934084233552,0.12779511338820798,0.076688536254442,0.015224569056550391,35.47855033372115,27.50613995923994,2.454854148197667,2.454854148197667,True,54.50261411149319,7.27290732338938,0.06645430576233918,0.0013195217556790277,6.233703714116771e-05,-0.004079964585100185,-1,,0
1072,0.1874100824994576,0.043243070724051424,0.054725714039331866,0.08794094949300514,0.4378820266089274,0.18879815663522653,31.629040165667544,26.353316102493082,2.5911231670979817,2.5911231670979817,True,60.037767120264384,7.278314769577644,0.11613266618118204,0.0013106346942476004,0.00011975462835678542,-0.003532975404007117,-1,,0
1073,0.11245181968355959,0.04828811205228377,0.3008340849399775,0.32995398514807933,0.0006117983553469702,0.2078601998207527,28.575204794219886,31.975692266576104,2.2167640742670076,2.2167640742670076,True,61.51389532181911,7.294817904522907,0.1782375266677249,0.0012724893110633163,0.0004360021406445898,-0.0025634619704953975,-1,,0
1074,0.055398749266311866,0.0668651722041493,0.11147184153277395,0.03530860716392976,0.21356968892039419,0.5173859409124411,32.55113269750623,29.135897608724623,2.238925707721127,2.238925707721127,True,55.31954905659062,7.328402641689223,0.22907144750860356,0.002123039146477483,0.0016832523686224827,-0.002703112018291904,-1,,0
1075,0.2511212550252365,0.0031677776396224627,0.1319726761865079,0.24191544646324428,0.07067385748458446,0.3011489872008044,35.87956382435054,29.83375527203688,2.0975953023255505,2.0975953023255505,True,57.33668224464408,7.382702680181414,0.19005917396897995,0.0028346693044941406,0.0019782026510472544,-0.002035229321088923,-1,,0
1076,0.0322909981635033,0.1596471551051574,0.20301334758481734,0.49523183896276646,0.03441724919979965,0.07539941098395592,41.37671930047631,26.10613091702949,2.9567965712395865,2.9567965712395865,True,89.16002602633522,7.410518167510142,0.12031711323794969,0.003759814593821255,0.0012319270100923873,-0.0019467938019809246,-1,,0
1077,0.024836617213749534,0.019297425502888724,0.5596955214611867,0.2993418134487335,0.01900616663664467,0.07782245573679691,41.8861788229025,25.446226418496874,3.2241526182428917,3.2241526182428917,True,85.11691154028803,7.330684217069845,0.06580508301221136,0.0025115412073236365,0.00014810787019856723,-0.0036731751214113704,-1,,0
1078,0.06562778226602799,0.3874359463844506,0.05782549915473019,0.024945814161971315,0.43183886404309885,0.032326093989721014,26.38283928279095,26.231222583248794,3.1794993378431458,3.1794993378431458,True,62.692297222928936,7.082871851792621,0.07592891360915749,0.00028499686880323924,-1.4945291462407262e-05,-0.0072436311965811675,-1,,0
1079,0.25874287406741514,0.479918714061545,0.006701185825378346,0.1589373424551329,0.05855932765549879,0.03714055593502999,39.513294349934185,26.19159803969159,2.802988703023623,2.802988703023623,True,64.46953915572148,7.291922369847198,0.05890410305764043,0.0017454790733722023,5.69613081302166e-05,-0.004287231762699452,-1,,0
1080,0.036181017954271186,0.03080435008206112,0.16367173855925138,0.4914171701465823,0.09097819112641074,0.1869475321314233,41.822506664766365,28.576814691618978,2.5048057763613842,2.5048057763613842,True,79.95465778025151,7.455332781841886,0.19240481247931884,0.00499393453820248,0.0036408698720520674,-0.001345479145892944,-1,,0
1081,0.22001723399762504,0.08307182496454082,0.05363115559874073,0.30733102145491215,0.13992604644739995,0.19602271753678127,38.596624548933846,28.43533038441137,2.3104003604559535,2.3104003604559535,True,64.8082356334161,7.401909287913248,0.1496397059638162,0.003310495756628881,0.0014992846085662352,-0.001989784286510049,-1,,0
1082,0.13850770008521304,0.13047828184438892,0.08884870963842172,0.421234787845834,0.10670995104132987,0.11422056954481241,25.285865716486267,25.513688952165626,2.770736502616101,2.770736502616101,True,72.75598136926031,7.2512900062282375,0.26265761048932046,0.0008928644219014728,-0.0006928724354024953,-0.002791654746276069,-1,,0
1083,0.18713817320914677,0.06892664765190504,0.17057835977191377,0.07457655238345581,0.3526657178408533,0.14611454914272545,31.027483175453355,29.21075950542404,2.42869301802443,2.42869301802443,True,56.309482739160934,7.256094359944537,0.08944896213400239,0.001064249736784175,4.676057245564185e-05,-0.003928217734211116,-1,,0
1084,0.27375598291731923,0.04231812279172274,0.090280210342335,0.1267997146725033,0.3090734054615074,0.1577725638146122,35.94756982005248,27.491712943195353,2.4061211292692026,2.4061211292692026,True,58.43271721346006,7.33179644902103,0.10038427219971406,0.0020039338693411783,0.00035590116920312167,-0.003058599635165558,-1,,0
1085,0.005231685133571709,0.4263309196363398,0.26953408538286,0.035431811202700704,0.016954137401315305,0.24651736124321244,33.151259259821494,26.876876424074716,3.0188732679088006,3.0188732679088006,True,64.6354285085603,7.178899894069364,0.06939794248565347,0.0009400967850051777,-0.00014491799099996533,-0.005876637846676557,-1,,0
1086,0.32023446658939336,0.09814949026334062,0.3042745451407866,0.18206734417706813,0.06952746081250065,0.025746693016910537,25.50051336948145,29.119300060366633,2.407554340677103,2.407554340677103,True,53.591704683822776,7.189053879731749,0.09834029372332115,0.0005532952458491268,-0.0002665200501560465,-0.004316901695084547,-1,,0
1087,0.05859402372625088,0.08014646019244817,0.22208846436036533,0.5191741538630819,0.06319630604553272,0.056800591812321014,41.71972862157712,37.26703196773143,2.031312185557251,2.031312185557251,True,68.8543084975544,7.460905032166177,0.11183538069007982,0.0042465506225366975,0.0019539208877789624,-0.0012252167632302818,-1,,0
1088,0.40236428841129135,0.1688300784197841,0.25700167609030505,0.144210103701381,2.168394907920584e-05,0.027572169428159446,31.258046544233903,26.769877375251387,2.526716044634862,2.526716044634862,True,54.2275078144154,7.225104817397338,0.07837018344944349,0.0008980194053851125,-6.388539789518948e-05,-0.004353089726529279,-1,,0
1089,0.2780366092388467,0.3423777482264982,0.0006148479594461227,0.20272907280729702,0.04753946339433503,0.12870225837357713,29.770662061172466,29.659857787034635,2.298339750845092,2.298339750845092,True,55.37130457317623,7.266073012710306,0.11023539954564365,0.0010959397393380053,-3.926099173342506e-05,-0.003380389972476631,-1,,0
1090,0.10647644953717489,0.3230071765189419,0.07589157215350138,0.19177037481335885,0.06612116936370524,0.2367332576133178,26.882438599017483,29.365414813188913,2.4540026336615126,2.4540026336615126,True,59.365284662978844,7.23571438212422,0.1448930095788533,0.0009041863132732456,-0.0003589615329399146,-0.0035772040648968106,-1,,0
1091,0.2494194352400815,0.0952950612249757,0.02074275345542464,0.21759243074959486,0.1651337135817696,0.2518166057481537,30.5447063374953,26.56581862102446,2.4033599187592127,2.4033599187592127,True,59.75564188000523,7.307910555457249,0.20305939127382405,0.0015597552009956345,0.0005411233867067962,-0.002673237766678165,-1,,0
1092,0.07595429465606321,0.04448921878327805,0.3438005876155342,0.028972643574060375,0.22402498416928765,0.2827582712017765,27.258245011808597,26.062912214385968,2.8014517429693466,2.8014517429693466,True,59.03431182340694,7.1831600925893335,0.11770818004840206,0.0007539729625676873,-0.0004281703103436852,-0.004798326870806342,-1,,0
1093,0.41105871023908686,0.1573901172889661,0.1470063131899176,0.07082493164971693,0.20198858705334008,0.01173134057897264,26.891504292599937,25.927678139812137,2.593973827415022,2.593973827415022,True,50.812914884755166,7.172130165004571,0.08876623744875924,0.0005414639779843802,-5.577865638488863e-05,-0.0048778617163977855,-1,,0
1094,0.19627299618750932,0.24716242047910572,0.0299486199052356,0.4292275027255966,0.0797955346930284,0.01759292600952431,27.195773799771906,33.02484547214054,2.1773792332436184,2.1773792332436184,True,62.099885283229,7.288250024586696,0.14310705505884724,0.0009825593144736273,0.00020445667564087256,-0.0025055615485225684,-1,,0
1095,0.13633642241500937,0.008604032697752282,0.06463712298015933,0.6165890835956812,0.13842096046445998,0.03541237784693771,41.130467175271406,33.42940369193161,2.0943081130524557,2.0943081130524557,True,72.70087287835477,7.479432781398625,0.17843172882747024,0.004758757434888819,0.004024775981180973,-0.0008918974510174198,-1,,0
1096,0.14311054843229357,0.14400946012893556,0.28710054735057566,0.12936479285487482,0.014741952801736355,0.28167269843158416,32.54678370190709,28.854774270204196,2.427838891609539,2.427838891609539,True,58.46128811889354,7.280789856978827,0.11390932340735879,0.0015160861018027624,4.6475446286027615e-05,-0.003469901156582363,-1,,0
1097,0.6222003689167399,0.004267878432014922,0.08766415998871563,0.1407875420714497,0.11832063791184892,0.026759412679231074,30.642805821971002,27.55015845734077,2.1222471541754233,2.1222471541754233,True,46.51877595117414,7.283227091449316,0.10445609355525977,0.001167619747711147,0.00012072549244359879,-0.0032125815713808068,-1,,0
1098,0.2032882211605987,0.27206801002577996,0.07673516264574295,0.25427948637880426,0.020234844531418165,0.173394275257656,35.642823700522044,31.934571632865293,2.1676391097187295,2.1676391097187295,True,58.630960897031805,7.348365436414244,0.10779785554743776,0.0021623361255347115,0.0005767693510747784,-0.002578735589030861,-1,,0
1099,0.1829557897426111,0.07894240904190244,0.0003733577183010954,0.5187560581117996,0.13477792541572325,0.0841944599696626,33.60466481561956,25.70534489786279,2.638693276396068,2.638693276396068,True,78.10935044853962,7.367609308406404,0.2495980566261023,0.0022560830499955948,0.0024950985417994723,-0.0018227210857924244,-1,,0
1100,0.19849838157424202,0.34688256275654294,0.09395729834999418,0.09600133747584552,0.15130424461015796,0.11335617523321737,39.58486239488904,25.623001285557034,2.867766244122929,2.867766244122929,True,64.81568096597015,7.290659993314574,0.06258288104080986,0.0018725619005991628,6.137253282877606e-05,-0.004347420408782045,-1,,0
1101,0.40810901525131793,0.12116660616678473,0.01635867269906455,0.3264813569619632,0.0677046992567135,0.06017964966415618,40.11634883184673,28.14714172957537,2.237343251656851,2.237343251656851,True,60.75232360682496,7.40612527874809,0.10829025976452752,0.0032989630381379284,0.0007754023767079598,-0.0021162934925156055,-1,,0
1102,0.12917714230533328,0.25385418144986344,0.12832666826402214,0.3217527607994761,0.007641334138627638,0.15924791304267732,37.03308475347901,26.415742042375868,2.733429789272159,2.733429789272159,True,73.03133952788717,7.342374908475558,0.11636595178434582,0.002370585591165646,0.00043457849759921435,-0.0027346378394936966,-1,,0
1103,0.14772545093029796,0.5400204035010112,0.18318597803745837,0.09749096626630187,0.017508008053234013,0.014069193211696458,41.33953206677148,28.577974724957723,2.8968095588517424,2.8968095588517424,True,65.59012052072153,7.247722856139586,0.042210803524824585,0.0012413313546112436,7.079318326304208e-05,-0.005906211805213266,-1,,0
1104,0.1022511040141693,0.04040445439585342,0.007653760784190692,0.6843956138220025,0.009771143596593842,0.1555239233871902,25.738708319529714,35.98960890128914,1.8663131558562307,1.8663131558562307,True,64.05836817658572,7.32432695691519,0.8238735951811101,0.0013798040646061324,0.01728219999352691,-0.0019535107091936056,-1,,0
1105,0.305158941285336,0.13504994812237178,0.038279488162710866,0.47368461568707804,0.0026791701192197086,0.04514783662328366,25.545120964654608,34.22858195601402,1.9243109926142667,1.9243109926142667,True,56.33089667471446,7.301566712141834,0.21790693827985405,0.001019594618014873,0.0007021079012479882,-0.002014733226284469,-1,,0
1106,0.42798287316665706,0.004851716996912366,0.15190845566029282,0.2097672056339089,0.13404718956855127,0.07144255897367767,32.35383142051071,29.70816964482517,2.1198290284779375,2.1198290284779375,True,52.388388203738764,7.313540932541787,0.10790952375142122,0.0014840111577466924,0.0002625701730866753,-0.002858549604627428,-1,,0
1107,0.5463261275278761,0.07628643142124981,0.08655629457963103,0.24239669565757133,0.030608628779293066,0.01782582203437874,35.80355956478594,26.8888601609701,2.2541260840199246,2.2541260840199246,True,54.309287283180616,7.3371246982383065,0.09760628512797198,0.001935741181564706,0.00024028920040876164,-0.00280774504303413,-1,,0
1108,0.05252782144992626,0.19300962151380854,0.5447017582435532,0.06669282016977765,0.0012515952218437414,0.1418163834010908,37.43072830247974,28.854847629887736,2.872112675759307,2.872112675759307,True,65.39409902123671,7.218319020102742,0.0518229657849066,0.0011403367795903576,2.820656853333301e-06,-0.005791935195246549,-1,,0
1109,0.1698287591553033,0.1346579606905296,0.20955889560075466,0.004568681562259447,0.016511702907497913,0.4648740000836551,40.688537382742595,28.24169735498565,2.282140232549648,2.282140232549648,True,54.56059385037272,7.376409877185951,0.11959183981071145,0.003726595904884551,0.0007840251785719154,-0.00280227867495302,-1,,0
1110,0.0968870951763836,0.011965337204052129,0.07193219846313353,0.5352963062568056,0.2453817590448691,0.03853730385475603,31.3976776009371,26.638392590325413,2.7112982305057773,2.7112982305057773,True,81.64786124442135,7.344491183811493,0.23023293067551556,0.001740356028618385,0.0020513994960693893,-0.0019567925207344054,-1,,0
1111,0.15385316275600705,0.026989046399021735,0.2829320435186284,0.3185417740360195,0.07570376420599409,0.1419802090843292,33.81141187023223,28.586473160187747,2.4820890366829995,2.4820890366829995,True,67.43644513720777,7.326441052650991,0.1275636793240114,0.001829010829696116,0.0004560644413008443,-0.0026700921214070283,-1,,0
1112,0.365611426679255,0.0015947045725096512,0.2792771858046432,0.1742171085233063,0.12800921484817288,0.05129035957211289,33.39413433978987,29.452721959542504,2.2650596715295204,2.2650596715295204,True,54.43954612172331,7.291721440808828,0.08338339738306548,0.0013568226617126046,0.00010736153374770477,-0.0034153022360615295,-1,,0
1113,0.16150899858657794,0.012721015042856554,0.01263381112412586,0.435540404028187,0.07571533878773916,0.3018804324305135,37.10561323301617,32.001382466035395,1.9736488442350073,1.9736488442350073,True,62.714607381421224,7.433251728563367,0.3446583637742389,0.0038594330661303315,0.00839306480446975,-0.001444565356667873,-1,,0
1114,0.4039214991623045,0.10661646898123077,0.09723162740740815,0.18212643986269833,0.041979602906639484,0.16812436167971878,29.980008868411122,26.07355806025788,2.3795950317778076,2.3795950317778076,True,54.337911069089564,7.277485720993243,0.14460499407755234,0.001251179646842625,-5.028812947725423e-05,-0.0031392895288399544,-1,,0
1115,0.27790100448473515,0.013440527281139515,0.1074142212761701,0.06769865985447812,0.19252817474155334,0.34101741236192384,40.737053455443245,27.921803779408194,2.2169610222966902,2.2169610222966902,True,54.88156538901949,7.399942847967318,0.12368904806313476,0.003796640818914561,0.0010183739082375001,-0.0024469470175344102,-1,,0
1116,0.3167455494043606,0.30880781677851776,0.03825051822243249,0.2692650000929567,0.02087491495561519,0.04605620054611735,34.63913194740759,25.767321985069056,2.660987014619855,2.660987014619855,True,64.44694062625703,7.296001116384698,0.09324278900009854,0.0015509943464529384,2.5604389486949797e-05,-0.0033452406221875577,-1,,0
1117,0.3112499628725201,0.021408630396117328,0.00040431508244427616,0.19896496312903636,0.3913218075993708,0.0766503209205111,26.18315948471177,31.466200278203377,2.0826252663704357,2.0826252663704357,True,52.04953027597579,7.271552783675771,0.13988002975280975,0.0008693760475372652,0.00013616760827880867,-0.002930143529483468,-1,,0
1118,0.18829230978002517,0.22733943948228133,0.07490510034983061,0.09584536821879745,0.41103524837123956,0.002582533797825878,33.16304449724598,27.92862779278002,2.7212758552598446,2.7212758552598446,True,61.68393515541295,7.2312352051193605,0.06323814563533821,0.0008608796280810863,5.3384581952658605e-05,-0.004800569977091865,-1,,0
1119,0.33915785781329955,0.028026040713482792,0.01305996697361886,0.22281113602393074,0.17511028760756292,0.2218347108681052,29.861483173812765,31.44340061565475,1.9477326633490086,1.9477326633490086,True,51.10246687408424,7.330260769984793,0.19709365432317452,0.0015679068694958382,0.00122812444665312,-0.002278661842693931,-1,,0
1120,0.07581770857966197,0.1438794457860739,0.0824292233456288,0.3920424814385454,0.11597944553241947,0.18985169531767046,41.38740253536959,34.157092229033466,2.083655792392621,2.083655792392621,True,65.90201060904529,7.451106910394406,0.13888315650349792,0.004468305774368621,0.002365830901423586,-0.0014455764255417278,-1,,0
1121,0.24590960415910162,0.12254576540534554,0.10232119185604648,0.22858614186456003,0.20594527218122569,0.09469202453372075,39.981178164810636,29.40162341537139,2.342677876806685,2.342677876806685,True,62.249902835681574,7.380455627222948,0.08553992895969487,0.0028382052467409934,0.0005180241636175332,-0.0026424336185946373,-1,,0
1122,0.09493521739589095,0.05500553353066291,0.11552313527291017,0.0339270678889409,0.19977211446139864,0.5008369314501964,30.7813523970347,27.13604021604289,2.3703101459710303,2.3703101459710303,True,55.72771010955877,7.300250953784231,0.2424686789145249,0.0017371165482337025,0.0008834612689342327,-0.0029462383563477455,-1,,0
1123,0.07566781837321758,0.096780515921966,0.10461972368414937,0.18419941872247653,0.41539532526020234,0.12333719803798836,38.79126320097327,27.36156798279092,2.7344935668966035,2.7344935668966035,True,71.21044996824726,7.347945488817178,0.08407072415543641,0.0023460522205399265,0.0004156782956077432,-0.003124628692202136,-1,,0
1124,0.15176184848782254,0.23157170610149583,0.13511703792622132,0.17755012557495634,0.23469099754154188,0.0693082843679621,31.820782277864144,29.028892564567816,2.593151190785715,2.593151190785715,True,62.81532160289161,7.2514116838065075,0.07973662159421398,0.0010165212455710633,-1.764605821370694e-06,-0.004054129968162513,-1,,0
1125,0.03151915573169727,0.04441226017121862,0.015095334791881309,0.7666922377588927,1.2349811167671512e-05,0.1422686617351425,40.56251778640952,29.8588801144601,2.327965707089679,2.327965707089679,True,84.88452420317499,7.482089467533099,0.4834919228207069,0.005609955501607379,0.01819129346471674,-0.0012252795580847428,-1,,0
1126,0.3373968483246415,0.0809522689656749,0.1162325628655169,0.4555310390623681,0.00893287511036187,0.0009544056714367269,32.44457995768495,32.02637548946868,2.068141218596959,2.068141218596959,True,60.48137814812981,7.351411846061438,0.13763524103084515,0.0017428420617604315,0.0007897715028932958,-0.0020165860622177213,-1,,0
1127,0.0357305194971966,0.0460464853031106,0.24432705963527207,0.22667230296809343,0.17423344390860765,0.2729901886877195,32.711794426267105,31.040210863565502,2.3263922408565,2.3263922408565,True,63.582953174097966,7.325742687459919,0.14887208247297307,0.001828652548690018,0.0008341030184845705,-0.0026378093491629087,-1,,0
1128,0.015121923204830943,0.18518640144320395,0.024504595405656523,0.595533099099191,0.1161723054702288,0.06348167537688877,28.289237249620825,28.753563752208855,2.6326056831567035,2.6326056831567035,True,81.86512915808781,7.319027292283863,0.290393961296574,0.0013638544531639674,0.0025906216530562558,-0.001969700542945827,-1,,0
1129,0.0831864797993728,0.18539075945484162,0.2982916358471139,0.026562882609581052,0.03661109514407092,0.3699571471450196,32.34826976421141,26.371994315284034,2.6965586631552445,2.6965586631552445,True,59.09162168910226,7.243639865416208,0.11083765756963894,0.0013821944115819538,-0.00019410025510962006,-0.00419920506190032,-1,,0
1130,0.23297577317870236,0.037288690344540625,0.011833529908761678,0.3362216324417866,0.36374099681930194,0.01793937730690686,41.81638576552688,27.210329808481273,2.535798133567045,2.535798133567045,True,71.52991438295831,7.421585670397717,0.0974106828913312,0.003591231038549087,0.0008656986235462027,-0.0021082930219497847,-1,,0
1131,0.17742547582381885,0.06106737360595327,0.16927441291070425,0.3355496630731239,0.1874718679260655,0.06921120666033426,39.98990410147448,28.867093682187857,2.4706073001085613,2.4706073001085613,True,69.97557334268403,7.393713908389065,0.09721742959528286,0.0030355466689457127,0.0007407598306155275,-0.0023025286614374112,-1,,0
1132,0.0664773375191527,0.27085988507125264,0.07854097115518194,0.039693456433710604,0.09414561385956521,0.4502827359611368,32.73367587713309,29.726262536082775,2.292107217549764,2.292107217549764,True,55.09983576338802,7.304770341075455,0.1536696128381685,0.001865142971869709,0.0005155646696230144,-0.003119544963555649,-1,,0
1133,0.2339580852343668,0.05910695332815923,0.11188057752581912,0.32937823084998386,0.013209046716606394,0.2524671063450647,28.280594069437313,32.57177379480825,1.9638425246076125,1.9638425246076125,True,55.01373165481942,7.321318459058352,0.2670266243102795,0.0014621582749751367,0.0018536673559639723,-0.00209879327235967,-1,,0
1134,0.4946985510810142,0.10768364735569849,0.06169109803092518,0.08540050980977294,0.031226291975494997,0.21929990174709413,36.25403857157818,27.69082963948336,2.1225077223742725,2.1225077223742725,True,48.38533074432064,7.342616282613522,0.11003923035075937,0.0022671452163517914,0.0004382225121494379,-0.002866593320001553,-1,,0
1135,0.2554827521601094,0.055004257019884,0.12629083004854477,0.341929048816139,0.12179846689380194,0.09949464506152071,39.471433742729694,27.28962627602276,2.459546165226157,2.459546165226157,True,68.24214219533893,7.39543284406396,0.1178978197219683,0.0031619286122336137,0.0008719700242777057,-0.0021693429997938357,-1,,0
1136,0.0038551556607386434,0.42571368166120205,0.018007506723105676,0.3262455957108881,0.22177986665837315,0.004398193585692256,30.546498579413385,28.788367938487507,2.930023480070722,2.930023480070722,True,77.02007171866178,7.238939550759982,0.0824837939666418,0.0008370302072449848,-4.447479629695034e-05,-0.004058795142904817,-1,,0
1137,0.08987690480448374,0.16398964479751313,0.4875270243145913,0.13844900010937844,0.06121587908367532,0.05894154689035831,32.23409033965934,27.271042660122472,3.017928294317079,3.017928294317079,True,67.516677441994,7.170267469676389,0.06283256890287005,0.0006706801731322401,-7.79515705039358e-05,-0.005915636810850334,-1,,0
1138,0.17883100051537107,0.03826481211601835,0.45555563037636515,0.1484867158246762,0.0320217847927638,0.1468400563748054,29.287278909594924,30.92611722626161,2.364256900351188,2.364256900351188,True,56.13503761178812,7.22865225251346,0.0891816552651254,0.0008795327052895638,-0.00014530642733754848,-0.0041007426111003996,-1,,0
1139,0.057912688950535314,0.35504049137086113,0.07706358656004779,0.3809345750330943,0.12831450761638916,0.0007341504690723285,34.654449199140984,28.21596582953237,2.8659855971476045,2.8659855971476045,True,78.7857251287681,7.300232097454397,0.08312473104320524,0.0014345815540322154,0.00016656644547617902,-0.003289552508573058,-1,,0
1140,0.24954071541344486,0.1965668767739206,0.28431095221863856,0.16365554781043912,0.04690662597247617,0.05901928181108083,36.782377755273515,28.16526257579887,2.5858636646347164,2.5858636646347164,True,61.254991913076815,7.281397208786598,0.06477447731651013,0.0014930065693685081,5.019993396558621e-05,-0.004103053580514136,-1,,0
1141,0.02276436544379844,0.3147226590159721,0.0020671260669608404,0.3801006682619951,0.04219175406542853,0.23815342714584495,41.466649820361155,31.31577663925545,2.327604929109382,2.327604929109382,True,71.2979473810589,7.436608919396364,0.14641557791906312,0.004472500370806139,0.00223666492024061,-0.001657646067144278,-1,,0
1142,0.4516423013081847,0.05113533213399817,0.18337274949370538,0.2631429572511717,0.028995559008201187,0.021711100804738884,28.99342976188504,29.14330088139354,2.1853699816052514,2.1853699816052514,True,52.95246858251584,7.273227872899822,0.11518956561627332,0.0010297501351983988,-4.1170798508993594e-05,-0.0030870116447425937,-1,,0
1143,0.18401762804892915,0.22288220929772307,0.048982306727347276,0.4928436800517301,0.010260887143218213,0.04101328873105232,34.41125276709141,25.907989114577738,2.7433377943432227,2.7433377943432227,True,78.34135671402544,7.347441656153965,0.1548463333574846,0.0020432428820268294,0.0007701905179941247,-0.0022104180496295305,-1,,0
1144,0.25947878597176544,0.19391944600316743,0.1559449602295367,0.17878966707950542,0.18706464724176636,0.024802493474258717,31.861646735191798,29.13454596480687,2.472770330840302,2.472770330840302,True,58.736583206558784,7.253661427318825,0.07662394057967777,0.0009972441644710884,4.96438625438151e-06,-0.003988046671050624,-1,,0
1145,0.15957852929674532,0.3140060644803041,0.017019051604274166,0.43194255968085454,0.006675603569390743,0.07077819136843129,26.81586083819553,25.926312119656227,2.788033537777137,2.788033537777137,True,72.98252294769817,7.254232076246276,0.18814759903156747,0.0009367153871804994,-0.0004682823749131333,-0.0029578597186588848,-1,,0
1146,0.28632468076396694,0.008102016398936185,0.26886677965598543,0.17488530000591004,0.2115160715863701,0.0503051515888314,34.39686936931596,29.097941900780157,2.388481518755835,2.388481518755835,True,58.403934059180024,7.295848988595301,0.0789448996348937,0.0014237180696695664,0.00012818548498519375,-0.0035021801428562946,-1,,0
1147,0.24048616847727203,0.02528200257920063,0.055854663729731996,0.443224067131471,0.16136876896639854,0.07378432911592595,30.04189841886261,29.425579262432326,2.266131132784273,2.266131132784273,True,65.52037684637124,7.335149685546822,0.21156137987082113,0.0015449787236969535,0.001359180994998472,-0.002037624945974865,-1,,0
1148,0.28127631551935833,0.1929712800528449,0.00606003499573236,0.08426159811185854,0.14958673066192604,0.2858440406582797,38.155612724948014,27.779381282986172,2.29084917099364,2.29084917099364,True,55.11465782274719,7.359942675932327,0.112821400341203,0.0027668458740584493,0.0005930327680331834,-0.0028092173732319247,-1,,0
1149,0.09070091348501715,0.375047034244396,0.22645469846509655,0.17667514526381786,0.11043726770721438,0.020684940834458057,29.544580412338824,29.345279327838043,2.8239319453097687,2.8239319453097687,True,65.20078165579227,7.169370277665123,0.06719206028501729,0.0005375377753733814,-0.00010478979505344536,-0.005554355294423092,-1,,0
1150,0.08128007217958541,0.381575254599331,0.21268538422382338,0.08143434391363433,0.006947364250245031,0.2360775808333808,30.436570780988205,30.35065859600425,2.5117395638741002,2.5117395638741002,True,57.34260937966161,7.215698694376764,0.08388975212621834,0.0009420020161785392,-0.00015597481854929198,-0.004607028032756502,-1,,0
1151,0.2200426799053097,0.08171430183288196,0.05397989590161881,0.3895902264443698,0.04545377792359105,0.20921911799222875,37.86839329343127,33.834510649748744,1.9144648406882945,1.9144648406882945,True,59.03265463838962,7.426830703540505,0.18353942642898494,0.003550402847133438,0.002991086915588187,-0.0014651056262191473,-1,,0
1152,0.2237322171587738,0.3605567710835851,0.1081717807310419,0.22989567284596352,0.00023065614996671237,0.07741290203066897,31.18443333810756,26.721257372292374,2.720266282284085,2.720266282284085,True,63.65483331205145,7.2383364176539144,0.09123943606279944,0.0010099915156084856,-0.0001608165220833179,-0.004049579086879998,-1,,0
1153,0.18172439660008485,0.08958047323368251,0.028531023692730688,0.5855991204135746,0.04782585748814329,0.06673912857178396,41.41280625917305,33.80848821742139,2.0166982146597365,2.0166982146597365,True,68.61320798674446,7.477360730986898,0.17281950764012735,0.004868040995866393,0.003634858708698839,-0.0009566861993283173,-1,,0
1154,0.2901303029118253,0.2163606908572301,0.0987347879552253,0.21873949098391213,0.05004576952355562,0.12598895776825164,32.8346069289253,27.544792211185392,2.446461898389094,2.446461898389094,True,59.454356029467085,7.293117891536147,0.10760339555936545,0.0014706842887014851,7.113045204364609e-05,-0.0032291833115424555,-1,,0
1155,0.14127839729926395,0.16066555889658501,0.010668870200741339,0.18991396882902442,0.36209359668621005,0.13537960808817517,26.913508848018754,31.441098049100134,2.2725705464012917,2.2725705464012917,True,57.46527318276377,7.259212695556022,0.128238226800164,0.0008787297872769847,4.634553161757204e-05,-0.0032526419204035287,-1,,0
1156,0.25771070136074165,0.14171374144409654,0.16166050736541815,0.051645949014926675,0.3581402866924295,0.029128814122387565,28.159935849834255,26.526504117232292,2.7365192604863573,2.7365192604863573,True,55.9451383911627,7.170452442833239,0.0790954822893852,0.000546696740192852,-3.6791049241077274e-05,-0.005258360019698115,-1,,0
1157,0.4987469955975122,0.0019302439907627267,0.001566785046685144,0.16248688430681746,0.33055337302511945,0.004715718033102875,35.893832241886564,26.318702771591255,2.339692286006952,2.339692286006952,True,54.87142209718753,7.334032691352032,0.09053292617766144,0.0018262810048813713,0.0002699530803832335,-0.0030064868265844967,-1,,0
1158,0.11244760865974655,0.0718956056478328,0.12505495133727848,0.23012618389055306,0.3400989752756441,0.12037667518894495,37.7923122195075,29.981388196886833,2.431853281688335,2.431853281688335,True,66.44674092693478,7.363456597184983,0.0933988813455935,0.0023868685393255823,0.0006197024733959944,-0.0026792792520244197,-1,,0
1159,0.007519738689131997,0.1487504829323481,0.013693143511897923,0.6898157984666206,0.10632517430739384,0.03389566209260763,28.44908129476703,25.78116960621264,2.9318646137449833,2.9318646137449833,True,92.40509254597464,7.320269079430259,0.42681971168027744,0.0014533311666968455,0.005022287654721955,-0.0019163846443080847,-1,,0
1160,0.11234571002325071,0.424011954990204,0.08745965984108632,0.035397366689451905,0.02059348990523432,0.3201918185507728,27.05772179886137,27.483832654140357,2.612731260242226,2.612731260242226,True,54.65417738902494,7.187430976495064,0.11891410207004907,0.0007847542406889603,-0.00046687250110715063,-0.004646593833602235,-1,,0
1161,0.032081832120104375,0.013931046981949823,0.28846549886233386,0.5998180811830586,0.03285391082497168,0.032849630027581844,27.42722016094008,32.778796984137855,2.3452304650507125,2.3452304650507125,True,75.07552934349293,7.3142281971347245,0.21837155719238593,0.001191367363764108,0.0015216418253586844,-0.001919323409388,-1,,0
1162,0.029554322442224265,0.2612127582363649,0.2123807702250191,0.14084576637972016,0.2549262212738683,0.1010801614428032,29.95556000853128,30.955886814448633,2.6321888231345834,2.6321888231345834,True,63.65741713294534,7.211704381473991,0.07365704336907658,0.0007383421765982419,-6.712861675929834e-05,-0.004730124128560634,-1,,0
1163,0.08024029275908631,0.00416933456800781,0.16755292097013075,0.42564414693677965,0.13662194488815446,0.18577135987784096,40.89758794944223,31.17001859052221,2.2535934505218673,2.2535934505218673,True,71.04486327849735,7.447098822820926,0.16499470519394507,0.004437890295141786,0.002853526186897832,-0.0014349209367090724,-1,,0
1164,0.22101956481110926,0.2118833741914651,0.03388274139945749,0.4674946908646777,0.024084054706440247,0.04163557402685022,26.9126444115708,33.182665711321505,2.098040905857879,2.098040905857879,True,61.262840208251326,7.300775516299591,0.18059912350522508,0.0010749466271605863,0.0005069086313648212,-0.0022005949147330074,-1,,0
1165,0.49247051566040867,0.3369897523710172,0.06457141013594093,0.06584200804552358,0.01630564930949757,0.023820664477612153,32.980394720755925,26.479396278523193,2.461050464691787,2.461050464691787,True,49.24349504938742,7.228931862084689,0.06855346391631728,0.000977668362620191,4.7184791532297484e-05,-0.004561001355349361,-1,,0
1166,0.580882069662777,0.053457195231732715,0.1530064882711714,0.14080162887884107,0.010833967961516942,0.06101864999396081,28.018451322495007,27.24289081879604,2.189358868688567,2.189358868688567,True,46.42567964264095,7.246480604257179,0.11443771299419023,0.0008980720197934642,-7.048224934659298e-05,-0.0034924432025749824,-1,,0
1167,0.39035601477341886,0.22330813488921564,0.18457255611075338,0.1629363751794827,0.007937699112754765,0.030889219934374684,34.79953864051626,28.225276317343543,2.3984514463743767,2.3984514463743767,True,54.95224822382907,7.276367365785017,0.07111904398637799,0.0013341129233725123,4.2779371830209416e-05,-0.003877156512845055,-1,,0
1168,0.015287904321356717,0.19035846355342695,0.22132986978988242,0.266596599206087,0.22979802376912903,0.076629139360118,38.05911830532427,32.37831530535216,2.4996714184964013,2.4996714184964013,True,70.35001692964777,7.343608036372703,0.07028380020674903,0.0020104909603463885,0.000380658719228741,-0.0030827066203684287,-1,,0
1169,0.07291927297214644,0.3108814894371638,0.012599688306503076,0.18170699999846535,0.3715110798765764,0.050381469409144994,28.159408505903528,26.442696000618593,2.988637336607882,2.988637336607882,True,69.0288241134239,7.192628011069747,0.09167865355790353,0.0006364142494272043,-0.00017674308760729933,-0.00475455080639142,-1,,0
1170,0.14927861898669756,0.11632303350386185,0.07242825575253144,0.13382347173883843,0.5038137428093286,0.024332877208742096,30.632819571783397,29.536732183539115,2.549166081541243,2.549166081541243,True,61.36966949607919,7.246824096638494,0.0773706538826471,0.0008502962288944757,6.092113872264833e-05,-0.004107934649295175,-1,,0
1171,0.07745729880312072,0.057180545045430714,0.28450782612599773,0.3531988394001301,0.08150949742070328,0.14614599320461746,29.620941951429238,25.20212571067354,2.9326159093096242,2.9326159093096242,True,76.05315291936363,7.26629418451339,0.16373553580282513,0.001198750014369063,-0.00018191772670102534,-0.003137505571674055,-1,,0
1172,0.3989941103270031,0.014738843446098175,0.18807912386387746,0.18457214197954494,0.18736848774672085,0.026247292636755282,31.19562226278121,29.781956296217057,2.200144606252292,2.200144606252292,True,52.74023337600675,7.281853474487566,0.09154405852226513,0.0011431264592428514,8.963953386688791e-05,-0.0033227633090087976,-1,,0
1173,0.4058938626022934,0.0509479577146782,0.17012298789490682,0.2920713998124168,0.020129157461752416,0.06083463451395233,38.9394678730107,25.231226415572557,2.531319933156283,2.531319933156283,True,64.00541729421732,7.364855355038323,0.10119474065546044,0.0026574731257129934,0.00032950036013648415,-0.0026222017582806668,-1,,0
1174,0.03015086475048673,0.17515960941680597,0.047519095156671846,0.42640299692968403,0.30061060568102443,0.020156828065326864,34.6556827823378,25.651958636025725,3.0538873018136217,3.0538873018136217,True,86.42227604150162,7.329765397909993,0.11857696609863076,0.0017829866509017002,0.0005780286377145256,-0.0026536472227888736,-1,,0
1175,0.617268083980337,0.0604862768222039,0.12398557234535668,0.07519486623914141,0.003015014438701089,0.12005018617425993,38.19057407281552,25.609704195878365,2.2541698277254425,2.2541698277254425,True,48.181040876328936,7.335849898445267,0.08579227758679212,0.0022779249306141185,0.0002271154954199635,-0.003198806087405395,-1,,0
1176,0.393331252039677,0.01031090970615881,0.1643637367759183,0.12623635172079514,0.0012931501696254735,0.30446459958782535,29.4914008140487,27.318685060526104,2.1772236866731913,2.1772236866731913,True,49.93455024956346,7.291618786816452,0.19016314644341928,0.0014029435586527333,0.00026369981323063404,-0.0028645923215835107,-1,,0
1177,0.08098985516968725,0.011701749415917412,0.0372011228875938,0.6636424594436484,0.07610104247920088,0.13036377060395227,33.87094629889524,31.830889315118462,2.1598704700443467,2.1598704700443467,True,74.5568536063067,7.410027187399559,0.44570476709524415,0.002872051569894243,0.012062954731101598,-0.0014405601802206852,-1,,0
1178,0.24700875038404657,0.08955815158192461,0.22717825608112185,0.018796190563037114,0.08122325768622243,0.3362353937036473,31.666089403890403,25.590646478536055,2.5329885165853288,2.5329885165853288,True,53.793149998109335,7.259832684420224,0.12598867385419016,0.0013902841667317687,-9.630588188339535e-05,-0.0037746402919662863,-1,,0
1179,0.20770666111653313,0.025996443586662542,0.10086534313480586,0.627693217927928,0.035186726452560844,0.0025516077815096105,37.7451817858926,36.62537538231548,1.8769035948865622,1.8769035948865622,True,65.24349339086652,7.446981079594898,0.16893474139596829,0.003439380729433103,0.0032428767641375375,-0.0009736141064310998,-1,,0
1180,0.33242763683871707,0.26400418542591664,0.15376337787254693,0.08076444091072915,0.14819334421729807,0.02084701473479207,29.601247388136457,26.92355722877762,2.6319953152776026,2.6319953152776026,True,53.87528897865045,7.183734600843433,0.0735542990920769,0.0006389273584701068,-2.8705097196629282e-05,-0.0050938307963232215,-1,,0
1181,0.48734163765011523,0.09581295372587177,0.014220760012436747,0.2534450244572404,0.08927840369836536,0.05990122045597071,37.18115376519777,28.61935456843451,2.1286768837301695,2.1286768837301695,True,54.42679590777163,7.370714515408741,0.10561315011178421,0.0024376699058267933,0.0005450424307982938,-0.0024269483896704152,-1,,0
1182,0.0861621739180543,0.3185168216700367,0.09245957750434665,0.35910175765870733,0.018089209158994427,0.12567046008986069,39.626223137565475,25.45215435849788,2.948704401688915,2.948704401688915,True,80.34904990994043,7.361527685285143,0.10381327196664336,0.002857674938992263,0.0004886366262980649,-0.0026773454115214747,-1,,0
1183,0.1380120254859568,0.10332901392047517,0.011182577206557227,0.22171986667323568,0.2940988730414584,0.23165764367231684,27.550887337939013,32.07430395273262,2.120213570531742,2.120213570531742,True,56.452343396906976,7.296687978798565,0.19232430507092593,0.0011887366688808775,0.0007504296106522708,-0.002585213380979174,-1,,0
1184,0.37898823051303215,0.19476081945406562,0.04890403610347407,0.04294394500903371,0.03362864733298973,0.3007743215874046,25.750344867068733,26.269097242934468,2.3224780363535427,2.3224780363535427,True,47.1102054633359,7.224501031977234,0.17241890131612547,0.0008560980366244997,-0.0004087053657436759,-0.003655365674553721,-1,,0
1185,0.04232318091721608,0.12728391728021674,0.3150432219518454,0.27385751244952233,0.030685292904757917,0.21080687449644145,39.57040545109803,26.09277366675009,2.8791211905391765,2.8791211905391765,True,76.74796747687074,7.352127490804517,0.10333048855175835,0.0028710839039495293,0.00044443574627039777,-0.002895808496964903,-1,,0
1186,0.06263264206825098,0.03293694237205363,0.056893886856515224,0.4919888503566851,0.04381692367724476,0.3117307546692503,41.84082694948292,30.88907567852229,2.1430003828310356,2.1430003828310356,True,70.9541587162965,7.4790093171696554,0.31714087824560766,0.005943885892348913,0.008987986917986917,-0.0011798744073300061,-1,,0
1187,0.0168050808094241,0.29357965354950877,0.044305287979960604,0.5548785803171786,0.002280367371872048,0.08815102997205568,40.155827935527014,36.81332640658937,2.0825320389608537,2.0825320389608537,True,71.23466596285292,7.449674624883809,0.13453146189984558,0.003950775290865291,0.0025103239278042914,-0.0011722004805901948,-1,,0
1188,0.16239595143476404,0.3314453903661945,0.024401599424503675,0.3319534246631718,0.11978093570175515,0.03002269840961063,30.306016453610724,30.313327635454385,2.461768504089967,2.461768504089967,True,65.4404624124808,7.277185029426311,0.10157596508960585,0.0010754412306428532,4.7218151602878784e-05,-0.003196210605182446,-1,,0
1189,0.22767163363906587,0.05010862940323352,0.18181429465187204,0.22551023325107541,0.22841999281015424,0.08647521624459882,33.39922304770711,29.15836205989491,2.3948277113853185,2.3948277113853185,True,61.30593644991695,7.30827671650598,0.09847333053937349,0.0015110515289835215,0.0002300370510539094,-0.00309241408587784,-1,,0
1190,0.20970879204418222,0.12142887216314648,0.004535325825576906,0.5152688877650601,0.1477772043335517,0.0012809178684827015,38.02343751158071,34.3758843748576,2.0259117218471236,2.0259117218471236,True,65.64803739991045,7.428586643893302,0.13090392708375095,0.0031150092225378785,0.0018753696127375094,-0.001379611310117891,-1,,0
1191,0.11838716827837903,0.08675453470920527,0.19410014253190555,0.19702875436589973,0.281856730931811,0.12187266918279935,37.221368748811855,32.11804412524271,2.297397271181792,2.297397271181792,True,62.14109847847927,7.348940333280949,0.08161283945333805,0.002111809805998617,0.00046200442112515007,-0.0029024025791822942,-1,,0
1192,0.3276645485887368,0.07868778199698742,0.1168519893350619,0.2648973933472946,0.08002947795145426,0.13186880878046517,34.20014303709747,26.91137666299645,2.4003793385408074,2.4003793385408074,True,60.940872882097736,7.331379905503649,0.13022258073837767,0.0019069519293204858,0.0003831638310798842,-0.002672961950264605,-1,,0
1193,0.018890267160603987,0.0023650356620390097,0.03191605353786839,0.6296622092356249,0.28536515153120756,0.0318012828726562,36.40579319467225,34.46069037902908,2.1550503891534674,2.1550503891534674,True,76.21278719785768,7.439882092726719,0.21687911034217136,0.0031821203275164828,0.005245765294354854,-0.0010129319511362205,-1,,0
1194,0.20263537831112255,0.357622277302541,0.19317404087804343,0.23339304982978848,0.0011816254338338056,0.011993628244670585,40.91468929562876,25.629509328795336,2.9873284650770984,2.9873284650770984,True,72.22068802492575,7.304567588905979,0.05754989353277614,0.0019446078698736728,5.04976397498384e-05,-0.0041672815594076765,-1,,0
1195,0.40346208291754876,0.2572964835031555,0.14276222516953818,0.022824861770128876,0.1190800293108717,0.054574317328757005,34.686203087091585,25.489568061825313,2.652753769353727,2.652753769353727,True,52.57208449873815,7.226208874110034,0.06394564031687017,0.001054052597768805,5.591511939368376e-05,-0.004919508598513722,-1,,0
1196,0.23224688852803493,0.028903709816950476,0.4168780408395385,0.1075474393214211,0.1749192429105842,0.03950467858347062,25.82556989633249,26.325017453618457,2.818754146930745,2.818754146930745,True,57.773686549348376,7.138548915959877,0.08993138167144889,0.00043701845012718575,-0.00018918180381656324,-0.005489224679435333,-1,,0
1197,0.15947052058652608,0.530154424463205,0.14443992217122983,0.07718410320621613,0.01645005332617808,0.07230097624664486,29.255987122736904,25.330169296821882,3.1402542000198332,3.1402542000198332,True,61.45976605953879,7.109249409644479,0.07097077186897695,0.00045655622772030263,-6.400209075402731e-05,-0.006762420514290336,-1,,0
1198,0.5879280817679446,0.11152437049043812,0.05061695518406535,0.06895618531557922,0.14659004707533757,0.034384360166635174,30.98840329102117,26.370343414569774,2.2814282684351763,2.2814282684351763,True,46.36374917516789,7.254675961246095,0.088977024762865,0.0010322452739446,7.6579758844084e-05,-0.003802577888311333,-1,,0
1199,0.024279140034730556,0.3319544455576265,0.23556713226974993,0.17186712129022144,0.07483912213066761,0.161493038717004,38.7532337149998,31.411140785559276,2.5566657101799914,2.5566657101799914,True,66.61672006093272,7.316587914483563,0.06502847714754836,0.0020007328558088507,0.0001973477308363994,-0.0037502408743211534,-1,,0
