idx,cow_frac,rice_frac,wheat_frac,food_frac,press_frac,poultry_frac,temperature_C,HRT_days,OLR,OLR_used,converged,q_ch4_avg,pH_final,VFA_final,S_nh3_final,vfa_slope_last5d,ph_slope_last5d,first_instability_day,sim_error,stability_label
0,0.009985723353977087,0.002441531731202833,0.002160347142375914,0.8753559457670262,0.04607367774727543,0.06398277425814265,34.15544999908491,13.549247263795273,9.549457786561636,9.549457786561636,True,151.384456464309,7.289555437263342,1.4187786877892938,0.0023849500508998137,0.00963017073178804,-0.0018053175035274561,-1,,0
1,0.33422584532495025,0.04351361560868699,0.00034937544682827216,0.5286785464711968,0.05636728743074559,0.036865329717592106,39.789061602917414,15.49993344626789,7.4695647753494345,7.4695647753494345,True,103.62922541826109,7.37748079461566,0.21150685446307455,0.003314800534067796,0.0004758707997041815,-0.0018042673547827427,-1,,0
2,0.01916213899077745,0.08271882793733598,0.00043341392896360423,0.41585505434528997,0.4188099558939382,0.06302060890369468,33.605111894531944,13.521133902146644,10.191947903339722,10.191947903339722,True,125.0726485048293,7.234658072153847,0.19973094742905187,0.0014106191774398576,-0.0006141424976904389,-0.002946304161643132,-1,,0
3,0.08615398189633981,0.004610159369552747,0.010243405616374735,0.7527939134264913,0.0520200450563959,0.09417849463484561,36.76212981891928,16.693910513901102,7.467005644297542,7.467005644297542,True,122.18977860247709,7.372466890284783,0.7207680320270913,0.0033043912040268473,0.010513640520354781,-0.0017560516341907529,-1,,0
4,0.05549074671107749,2.016824042318118e-05,0.07045111852502445,0.6649879597095983,0.02539405264853782,0.18365595416533873,32.54878566489294,17.316022159388872,7.178260555730378,7.178260555730378,True,111.3457296128531,7.305022274726726,0.9203386309851185,0.0021675211535848267,0.006287571222261429,-0.002010323069142642,-1,,0
5,0.055631665713441004,0.018044844255506755,0.191835320765076,0.5760804812364227,0.0030903702485629856,0.15531731778099042,33.78485343937202,16.226054475203675,7.977529619081049,7.977529619081049,True,114.78042733633342,7.304954217371574,0.40333475436550703,0.002117250151207417,0.00037551787087795175,-0.0021089192482376035,-1,,0
6,0.041333144555456815,0.011180680333653466,0.018062362234058233,0.9078167814135927,0.004860255042017093,0.016746776421221632,36.29690335128992,12.791333703156944,10.13939490726947,10.13939490726947,True,160.97763120651044,7.3278631326444055,1.1293013376753493,0.002917449267044693,0.010060494749734857,-0.001636060858305392,-1,,0
7,0.4234015653048413,0.0010180683816617424,0.004228663739768479,0.45342094630328084,0.06067898667391363,0.05725176959653402,36.68764273754488,13.886930667704664,7.95628472871349,7.95628472871349,True,98.54719211965211,7.32649449435143,0.24284444062623714,0.002328915734523008,-0.00042110018922160116,-0.0020197645901478584,-1,,0
8,0.012621087605548737,0.0021315005703263948,0.03432673390273941,0.852334150207477,0.05922748268285902,0.039359045031049505,31.829657409351295,13.579860324295474,9.682153168174674,9.682153168174674,True,148.8764380556408,7.2594318378341125,1.3247085914238859,0.0018171742133632671,0.003855814512681563,-0.001714069243220676,-1,,0
9,0.0001210569156006086,0.06181984699723465,0.14635573732682536,0.6839735272646283,0.024738909857376486,0.08299092163833455,41.13411615554827,15.2654326316473,8.904420723710418,8.904420723710418,True,138.70388366994254,7.394382671937706,0.29413596346649257,0.004250834437285741,0.0027384524632773134,-0.0015365106783510867,-1,,0
10,0.2573632969872607,0.14529769588575836,0.00499238568348982,0.3060119038622717,0.16418245405097945,0.12215226353024003,31.43942853425893,15.611686135570897,7.745327637485998,7.745327637485998,True,88.46098663166664,7.2326703856761085,0.2037434454855131,0.0012269560310836098,-0.0009273504792639891,-0.003198188746683093,-1,,0
11,0.023194999289951525,0.03151308781504878,0.0879876710692007,0.5829450378406071,0.1918640006055129,0.08249520337967906,38.392652546637024,13.959518658890897,9.610094947053623,9.610094947053623,True,136.30788949083666,7.3392836127441,0.2681973388303445,0.0029288936846441666,0.0007624528840597907,-0.0018990998707313048,-1,,0
12,0.04444222321969575,0.0006881967844893976,0.03248265651054937,0.6855773790439256,0.010759222332681687,0.22605032210865822,30.352809835339,14.434553540742236,8.454755141982968,8.454755141982968,True,121.94704199509806,7.22034477929412,1.5319851095376973,0.0015893517661842915,-0.003379315683073073,-0.0016083924566314789,-1,,1
13,3.062777276425222e-06,0.08652378774987853,0.01145927983997436,0.23237288043818555,0.541247753691363,0.12839323550332193,33.388121949009935,14.34166931769341,9.678421104462664,9.678421104462664,True,108.52925529512086,7.1908240091761115,0.1468606213677099,0.0011571227426059646,-0.0005230848531217095,-0.003989869727516842,-1,,0
14,0.0013986900244919312,0.04255316426617425,0.14672543415013942,0.7355986853147441,0.01869907191235963,0.05502495433209082,34.56356109997278,13.220587171814245,10.30542201398026,10.30542201398026,True,149.8559412040218,7.3001457162215555,0.5248953453728324,0.0021995851746077592,0.0009631732768311704,-0.0017464106445980625,-1,,0
15,0.03950457564158017,0.009430125048058506,2.945484915126052e-06,0.8024372600186248,0.008455261311915227,0.14016983249490628,41.25014859491196,17.552516082642413,7.097868523529474,7.097868523529474,True,124.45497824546369,7.434388054768166,0.7776036529503849,0.005471687944802506,0.019699900204752697,-0.0017616843821181686,-1,,0
16,0.21198969711175383,0.018452678352161814,0.03143414242636928,0.7140005377199793,0.008965246326634759,0.015157698063101114,32.06958795529262,11.974979397818256,10.15896412961279,10.15896412961279,True,135.40257036875855,7.265067978830963,0.706858357910788,0.0016319676139345124,-0.002742880063190211,-0.0014935663235092764,-1,,0
17,0.004012246638955575,0.0006784974652877893,0.003772805620863664,0.9157735382495653,0.05678926477882614,0.018973647246501666,41.81376471228178,14.447897948917994,9.112820072103753,9.112820072103753,True,157.65688749612562,7.429841388232343,0.7783588237716573,0.005416467258761698,0.017462610557057088,-0.001573340788150533,-1,,0
18,0.030263580144635663,0.045110838705691325,0.10590179502636857,0.7084126490745627,0.03654196262184739,0.07376917442689435,38.25452589203572,14.70566993562926,9.02302968499856,9.02302968499856,True,138.43382886276393,7.364573539532363,0.4048679770630342,0.0033285668993477536,0.00313627861754013,-0.0016104126432385454,-1,,0
19,0.01113587202350089,0.013478504653071342,0.005317840635659646,0.7330633154455886,0.014849594632502067,0.2221548726096774,31.466800037377514,14.422221661452676,8.560484310018593,8.560484310018593,True,128.00414581512211,7.231681180486923,1.6787902210061125,0.0018149339646653983,0.0009316253667820049,-0.0017007912377275036,-1,,1
20,0.48698946794125786,0.07258596141538676,0.07090783105704816,0.2729855578087785,0.010229339282259801,0.08630184249526884,30.517950801728205,10.008236974352844,10.98423201529514,10.98423201529514,True,92.85956000881527,7.165332491288577,0.31519569003942977,0.0008920316662523756,-0.0010012973764941453,-0.0024000832951982243,-1,,0
21,0.03250063101340072,3.87397898810761e-05,0.018595216179695825,0.7634471716027469,0.11388638849862166,0.07153185291565388,30.236736023139255,14.026878783841203,9.222181325157576,9.222181325157576,True,136.2474041455543,7.24204269780972,1.1874618860413177,0.0015223516127742562,-0.0008183831761318975,-0.0017130402195659846,-1,,0
22,7.435509900358205e-05,0.009497239662082893,3.7455479299687606e-06,0.6954464732482053,0.04512541480981795,0.24985277163296032,31.07054275146687,10.280921043326039,11.980747537399674,11.980747537399674,True,152.7401707182992,7.152480568552137,1.7343609730706717,0.001406430904264156,-0.010130890519492829,-0.0008909097747892051,-1,,1
23,0.11369266673155688,0.17544035435358843,0.026766907480384787,0.40604291202885007,0.13898403384921748,0.13907312555640225,31.16001150287281,14.19327909596521,9.080859397762135,9.080859397762135,True,107.90479658346365,7.221095465620365,0.2663714117955702,0.0012464714374618966,-0.0015605357340635988,-0.002935316143239547,-1,,0
24,0.08954325904658478,0.017562463302769785,0.2687310402270558,0.30077735288658886,0.041655210816621345,0.2817306737203793,37.59005031233615,11.723995509059307,10.736338093404056,10.736338093404056,True,116.45348249256888,7.243584118926481,0.2036058922724666,0.0021242739567023596,-0.0009444045387426885,-0.002664523270178141,-1,,0
25,0.22682101948674244,0.0028296096244534706,7.53884956925515e-09,0.6041185274961224,0.01333271730147365,0.15289811855235846,40.98098356373815,11.455337305431724,10.059694650649682,10.059694650649682,True,134.75482049097064,7.372518094800795,0.4013033921256101,0.003992006004432248,0.0006186683335927768,-0.0013054420669443064,-1,,0
26,0.0028628231024891244,0.008707348433783355,0.11177536276450822,0.7226523893633853,0.018846759997187115,0.135155316338647,35.1975256366637,15.119399956850689,8.625888003871673,8.625888003871673,True,133.37045018796263,7.326227062580896,0.7470651319551389,0.0026734431921126797,0.005739338231797805,-0.0018301544634187587,-1,,0
27,0.01674475932792293,4.009020591498614e-05,0.01735946087274839,0.6428690326747376,0.047858619674528285,0.27512803724414786,37.48922459215774,11.640014892586539,10.458481576172533,10.458481576172533,True,145.348446207762,7.307907559272432,0.947827062592947,0.003135221896809779,0.0014317075853335223,-0.0014553560547231326,-1,,0
28,0.016143173785921536,0.026696783096236777,0.0002494583039093307,0.5990700126862682,0.13967159925289202,0.2181689728747721,32.36212187282531,12.05225121524909,10.402846569716974,10.402846569716974,True,136.8331581106154,7.237044810715477,0.9348483750619196,0.001756750148278915,-0.00448335052110389,-0.0015996809736615238,-1,,0
29,0.07536539273206938,0.06458596732269364,2.8843559643652104e-07,0.5785822751489663,0.06801707010497085,0.21344900625570337,36.79839148042722,16.708880145005157,7.345227004587091,7.345227004587091,True,111.07613220991547,7.358348503195958,0.5304385775754322,0.003175563671566896,0.004550676654191686,-0.0018313219451879374,-1,,0
30,7.457093178591294e-05,0.003908794087301588,0.012284505279045862,0.9329711235257372,0.003419259578666394,0.04734174659746294,32.07931917372562,13.903026568159177,9.373046843921026,9.373046843921026,True,150.9636382709693,7.247171585188114,1.853081170575595,0.0019190923146797335,0.008713697868251095,-0.001810646128516794,-1,,1
31,0.0181170697242323,0.2035880925849389,0.015465506106854406,0.7242676178551273,0.011388104256128597,0.027173609472718466,32.647665504826996,16.238829952073797,8.472676130669274,8.472676130669274,True,129.37313585329161,7.305070209775675,0.4458597808320926,0.0018981388587789283,0.0016635272816178243,-0.00196149084206203,-1,,0
32,0.005808089423710264,0.19708627424594533,0.03232251048623951,0.6807199041687471,0.06257994698544837,0.02148327468990931,34.744168270820616,11.235602704902801,12.451506561430906,12.451506561430906,True,162.8380852732639,7.263660445187932,0.354409851331475,0.0018381927189691834,-0.0008001812829109235,-0.0018340484476766109,-1,,0
33,0.328680179066797,0.033988667712109906,0.011544463792663169,0.46890284388091236,0.007328867759590435,0.14955497778792728,38.071006707193845,14.317535852936784,7.82755836401441,7.82755836401441,True,101.90857992755784,7.348423466974541,0.2860591650926754,0.002940165582753702,-2.423977537511021e-05,-0.0018707088030144592,-1,,0
34,0.21916234709411667,0.003711034001213848,0.010675521731310854,0.47455457499509146,0.006607261628476405,0.2852892605497907,37.96977413447902,11.744576713433638,9.520397742445272,9.520397742445272,True,118.55608135446684,7.32332052043894,0.5033230019848162,0.003033600494351951,-0.001003852575615315,-0.001560349623913964,-1,,0
35,0.23250363569619725,0.011974252727510022,0.02897653244275691,0.6524966527653563,0.03601371690375303,0.03803520946442638,33.17829722437909,12.573078537635151,9.544009074067837,9.544009074067837,True,126.84419885445057,7.286336548970028,0.5384568100345319,0.001829938075979638,-0.0015469573914125517,-0.0016502743933394925,-1,,0
36,0.18719745767089632,0.003465900750332652,0.033015751351478856,0.40050748956303045,0.15859757866604546,0.2172158219982161,40.126553843304364,12.321583547138381,9.549660203869266,9.549660203869266,True,117.2345287745006,7.336358304057042,0.25396892482989436,0.003274680228740062,-0.00028111560322493476,-0.0019018153457394371,-1,,0
37,0.06000935325498191,3.5353303939374955e-05,0.001668195612651159,0.863229956447918,0.07219978756217726,0.0028573538183322214,38.26657474489327,15.028707033527143,8.605331117933817,8.605331117933817,True,143.91504848729804,7.388471318677126,0.7358888722976378,0.003734211344275607,0.012280542620339873,-0.0016154656746845413,-1,,0
38,0.01847935825975789,0.005560538802015966,0.01717754014743098,0.666174105571761,0.2790372588140289,0.013571198405005414,38.05198196417197,13.541175207854103,9.9922239115318,9.9922239115318,True,147.14219657051768,7.350641696351937,0.3219475454300427,0.0029439198928121633,0.001672512339317958,-0.0016710492672295696,-1,,0
39,0.0032502997537236598,0.001875807550412777,0.06684498677840198,0.6598120773711793,0.14345397638019974,0.12476285216608259,39.06246135714862,13.8517178692423,9.45816763450904,9.45816763450904,True,141.65165232418062,7.3656356968573045,0.4388158399981064,0.003605457415328874,0.003252466865501719,-0.0016052413384022746,-1,,0
40,0.12388928251394714,0.007988398887588267,0.00017114597005290274,0.6482042811535906,0.002389992352667778,0.2173568991221533,33.111130329658685,13.992256938051561,8.417940517043842,8.417940517043842,True,119.72340542324571,7.276481179152699,1.109628026330401,0.0021187768084478223,0.00016303621884006784,-0.0016532506801067975,-1,,0
41,0.11541726357370023,0.018023606885297076,0.029782757705244217,0.5136662368860053,0.2513702592212134,0.07173987572853961,38.23714216476374,10.953491819163794,11.677452510693968,11.677452510693968,True,143.1909644963534,7.2978541178832455,0.2507134717531042,0.0024259130853734588,-0.00043103137148593946,-0.0018316521385462916,-1,,0
42,0.0016882541435436194,0.1376935747389357,0.0008274708974393231,0.7019637274978858,0.09973062625262882,0.058096346469566795,38.7627725950923,14.075986558083255,9.64261030033026,9.64261030033026,True,145.866710507024,7.3630786712844944,0.36419365329419606,0.003361364752791628,0.0025816695661822816,-0.0016065628545664234,-1,,0
43,0.02694464337840747,0.21115659894104472,0.008240258640717247,0.6185680040166524,0.08105383714785015,0.05403665787532795,40.84902156045222,14.192509380015718,9.659191479256828,9.659191479256828,True,139.82648496550172,7.3646691533386,0.21541984745043843,0.003577785748613762,0.0008875037596194107,-0.00179596739264861,-1,,0
44,0.009801195637415296,0.005827576622923562,0.01428424532179262,0.4678590260784725,0.2594320345275089,0.24279592181188706,40.58144311239961,11.426244154025696,11.053668160708062,11.053668160708062,True,141.73678239323274,7.3349577675191115,0.3210179658491889,0.0035815626606757055,6.1834367412466e-05,-0.0016954819076897697,-1,,0
45,6.882642895358947e-05,0.039920482241928006,0.014024571535507976,0.6537038440227898,0.0015352132047237025,0.2907470625660967,31.608480220609163,13.946290537501039,8.782567002467363,8.782567002467363,True,125.13430666826999,7.225129613602579,1.526910227420722,0.0018058875609412812,-0.0028333725421067755,-0.0016236893697910758,-1,,1
46,0.048973271017196736,0.19255625785957897,0.002220101067867764,0.7477756881000301,0.0017296861542103943,0.0067449958011158015,30.043422567889596,13.96560842104081,9.704045384811355,9.704045384811355,True,138.126934746226,7.250727222750789,0.6318063406590894,0.0013761471740579023,-0.0018364984552607998,-0.0018968156734579815,-1,,0
47,0.003079795851972291,0.02973892941443315,0.046465010835425674,0.8725379401596121,0.04557723516573204,0.0026010885728247144,31.265347215977183,16.661601636965177,8.08676508485983,8.08676508485983,True,134.20100552625888,7.293350065544274,1.1235249790073711,0.0018675878507947033,0.011202750371520886,-0.002058001886125705,-1,,0
48,0.14834395924769264,0.15725050888831396,0.00027321906876362565,0.2823848622743844,0.3816990120845524,0.030048438436293016,39.13923541435992,13.620082146852448,9.807964036714578,9.807964036714578,True,110.82339169346464,7.252435409034722,0.10661774559205914,0.001805407010538721,-0.0001999268921363062,-0.0034033533774869376,-1,,0
49,0.005886265126079184,0.006172383990095943,0.019825797002466946,0.3553367697057187,0.3033844062386134,0.30939437793702573,31.541213546030825,16.496916438913644,7.569982433480967,7.569982433480967,True,99.51081626076227,7.267577208972866,0.47049144620147115,0.001716319107939543,-0.0013017910117585035,-0.0025394402860590484,-1,,0
50,0.001770975621292339,0.01298110423522688,0.006894479688906444,0.4238112735124436,0.3783531395218745,0.17618902742025633,41.967211558657056,14.110500430952406,9.290767945557356,9.290767945557356,True,126.80175716367786,7.366812944569522,0.2052304356061658,0.003958852233305415,0.0006966520252087518,-0.0020089084971534645,-1,,0
51,0.12718622246574426,0.28702873587449307,0.003564371691456196,0.4077013095836597,0.0627901003669089,0.11172926001773797,34.03319168490327,13.285089828778538,9.867045299733022,9.867045299733022,True,114.28522210819645,7.22857369234135,0.19747540528609345,0.0014640888845403885,-0.0008989934026640597,-0.00295311928755129,-1,,0
52,0.30699295920180203,0.0017673102105405685,0.00658628074718453,0.607591523674852,0.074885255824709,0.002176670340911678,39.492676614349335,11.599670010882035,10.114944352714131,10.114944352714131,True,131.65987057509943,7.3522705572011935,0.2757593400379484,0.003033933528814873,-4.361284228411938e-05,-0.0014810493682742875,-1,,0
53,0.0031266847976436705,0.011950074762569174,0.0054443327857796615,0.8981976133668071,0.0008153605463328465,0.08046593374086752,32.051386873592755,11.657003337605559,11.054510995815379,11.054510995815379,True,163.9371123391899,7.21049219666527,1.8762018101921731,0.001732956320042639,-0.000473763821388071,-0.0013101164049814137,-1,,1
54,0.02264406368887727,6.68343817314856e-05,1.1992063500360677e-05,0.7967412457954355,0.07296926188493512,0.10756660218552028,40.23163900554685,15.881877550031401,8.015151728581548,8.015151728581548,True,135.3696325305836,7.411282445829409,0.7467262385090301,0.004720806718405284,0.015110042227691868,-0.0016976976120094162,-1,,0
55,0.08440024878198261,0.00047584010890820916,0.022831804756726803,0.7087364062290029,0.01460317313110199,0.16895252699227759,41.39958382354616,17.407718846377918,6.9987731503755075,6.9987731503755075,True,117.18566067201053,7.433138984009548,0.5649369172521932,0.005311524382467271,0.011143182289569507,-0.001504922934176942,-1,,0
56,0.027741895404245962,0.06062038915648981,0.0006402971288588427,0.5365459460828701,0.2704640281640661,0.10398744406346924,36.67148599216539,12.02848879756986,10.99727158405572,10.99727158405572,True,142.57609602482412,7.2937126850807354,0.3028694414189004,0.0023009816175161807,-0.0003522444753974363,-0.0019666625602997967,-1,,0
57,0.03127038742048086,0.05420605767270756,0.012616690052273881,0.8229540727791353,0.0694078187903042,0.009544973285098074,37.67335034224709,16.83259147749054,7.89456697255819,7.89456697255819,True,134.05111827998823,7.391587460741807,0.572574939525639,0.003537155158251268,0.010206596393572822,-0.0015958777590157618,-1,,0
58,0.0787107282593402,0.04673502334848412,0.004225949034525396,0.8119295828897767,0.03871441796967871,0.019684298498194835,40.034936465936624,10.21766702769833,12.606196726748358,12.606196726748358,True,179.25623452743133,7.357455141539748,0.5461693210976891,0.0036253955827487755,0.0019839315778858394,-0.0011001053847763704,-1,,0
59,4.3052714828793164e-05,0.0001633823302843773,0.048849953759850635,0.770570201216007,0.0027834846087993444,0.17758992537022977,41.83988453046809,13.57422296973455,9.310492966030727,9.310492966030727,True,148.77297066765786,7.4051524715523245,0.7489505537212012,0.005275999305033318,0.01105500807487533,-0.0015230509148226692,-1,,0
60,5.69984594839053e-05,0.11533274512970815,0.2554234456347103,0.6181684513395802,0.006828645139405386,0.004189714297112089,32.80671810597592,12.253342077966597,11.883652185061544,11.883652185061544,True,150.11604043298925,7.2175295706654214,0.2451703480235021,0.0013088973339257539,-0.0010187707002241445,-0.0025535085086989765,-1,,0
61,3.034698402568689e-05,0.00422789558214414,0.0011364845528302424,0.7476494852943366,0.12678868463509022,0.1201671029515731,41.25189568896908,12.425084479546937,10.383238106772751,10.383238106772751,True,158.86358767171424,7.390738255444971,0.5919344158843727,0.0046187701909685495,0.006076053931976453,-0.0013705102314625595,-1,,0
62,0.11290723825228631,0.02099071807532242,0.024471208491748983,0.7382764904073995,0.07643846944682442,0.026915875326418367,34.87717806657848,11.047412883133884,11.501563802325995,11.501563802325995,True,156.12808741645964,7.290513408113795,0.6345627616541454,0.0021357310836977676,-0.0006379740061005415,-0.0013963415256101621,-1,,0
63,0.03434338217479612,0.009043000046183044,1.4878971415470542e-05,0.771777424290427,0.0558776282408485,0.12894368627632996,35.59894276346289,15.165035906043592,8.303806948996256,8.303806948996256,True,132.44225113509455,7.33261906803442,1.0453594724673947,0.0028989787312634387,0.01120049701649065,-0.001903766267370561,-1,,0
64,0.006816535138621871,0.16238577161391302,0.00028663560658758705,0.45161582712689086,0.002806541107355497,0.3760886894066312,35.63473191364713,12.584476525083701,9.735248653399697,9.735248653399697,True,122.89914394039182,7.276923620808751,0.5989575231707103,0.00248521159890759,-0.0024361378190640667,-0.0018850827617628825,-1,,0
65,0.29566692556886004,0.013138659595045234,0.040101397746410763,0.39947811169778236,0.02005409300210923,0.23156081238979237,37.15298594532488,13.086006465864028,8.509911237917672,8.509911237917672,True,102.98920940907011,7.318009404881287,0.3236698894274802,0.0026256150435085973,-0.000819433456876455,-0.0019661844257430816,-1,,0
66,0.01953709848472165,0.0032021707701589924,0.0006491245389527084,0.759853247730633,0.08752664624607044,0.12923171222946314,34.284232561292015,12.608667413722262,10.07122883649405,10.07122883649405,True,148.0908110500498,7.281635649296209,1.1400510298543045,0.0023008352942098698,0.002708604270154905,-0.0015975221186107459,-1,,0
67,0.0056580557416818405,0.0017028566036627279,0.0011705259563803523,0.6849807965040736,0.0673376855546073,0.2391500796395944,35.44288017409295,13.636040342190594,9.04784932548034,9.04784932548034,True,134.4084773561629,7.299189273510734,1.1709169134345865,0.0027353865989085797,0.005276705737203569,-0.001765005728277482,-1,,0
68,0.013347722093435932,0.02308692960354011,0.007398886339072416,0.6353968763692178,0.008739762616273345,0.31202982297846027,41.592880235530174,11.52853717027143,10.453693242163498,10.453693242163498,True,148.51515902163786,7.368204757688611,0.7361171216374928,0.004786781762512404,0.003991593070832242,-0.001355919899116372,-1,,0
69,0.16272085541381337,0.07195118620033106,0.002181326567725257,0.46901089189539985,0.008634062105869138,0.2855016778168613,40.185520312139914,16.21067248073726,7.1430537483198,7.1430537483198,True,102.18271511705123,7.388080129785954,0.3645363576635596,0.004188190901454079,0.002341378286119918,-0.0017379043268254844,-1,,0
70,0.397472335279291,0.0076271856981281255,0.07406761783772446,0.2507497936813121,0.13819242116225272,0.13189064634129172,39.64012709361642,17.454281964841552,6.4244816306685175,6.4244816306685175,True,78.29759826353052,7.342740674943788,0.13329721983694215,0.002788516443388618,-1.0136006201243884e-05,-0.0026854721985532072,-1,,0
71,0.00412274202376955,0.16908565096926942,0.026172365553858743,0.7363820959962435,0.0015446195472001484,0.06269252590965853,32.48565637980539,17.860282074576684,7.604575184410102,7.604575184410102,True,121.67410173700758,7.318214969257339,0.5682162712169746,0.0020458262964330306,0.00463107087982569,-0.0019460097168711226,-1,,0
72,0.0016341437607565608,0.01025353510628209,7.237541422612531e-05,0.8497230974713744,0.1361593558168565,0.00215749243050432,34.2575967888244,17.99738305614863,7.444468919887782,7.444468919887782,True,129.16874092033575,7.354416925348899,0.8576121380694774,0.002639580997133689,0.01645509669651494,-0.002033271960233446,-1,,0
73,0.008051063926160878,0.06903867883472087,0.005066010479974991,0.7245884069964893,0.1905208080491546,0.0027350317134994194,33.47787212003169,12.182874802369744,11.232550862046473,11.232550862046473,True,157.22257825382098,7.279302652807545,0.5170881511055225,0.0018412559222492563,-2.613140197334142e-05,-0.0017319683411694323,-1,,0
74,0.0007421975207921793,1.6846461398303518e-06,4.657143748157802e-06,0.440352537041355,0.0008756691668013173,0.5580232544811634,35.7319867023906,14.71459237474878,7.639321351236805,7.639321351236805,True,105.36796987101536,7.281928822744698,1.3825817764112152,0.002957804388915342,0.0036804846568626523,-0.0019310220678728806,-1,,0
75,0.06971563937835831,0.009998898002736248,0.0038012765909404807,0.8170449526784181,0.07750608048914741,0.021933152860399513,30.962142492151294,11.802488634349377,10.891645900273886,10.891645900273886,True,153.81130392637257,7.22836127431812,1.2457414928323178,0.0015047183552853128,-0.0032554952490753664,-0.0013564799856133937,-1,,0
76,0.00027223941416821385,0.0030384640470514346,0.01328868023402409,0.941909741376144,0.0008494021173923516,0.04064147281122,37.922902108499684,15.232605195059602,8.569180484744955,8.569180484744955,True,149.0271427139278,7.3686364234927675,1.2654124876518191,0.0038009599328415293,0.02440650540779472,-0.0021456170003716127,-1,,0
77,0.015415699664777112,0.0029351732296418144,0.004256319525070556,0.5805941692271112,0.3238423771002112,0.0729562612531882,36.87553500807441,14.44225329730224,9.222070882495364,9.222070882495364,True,133.05895921942218,7.335856264979845,0.3177569292606744,0.0026539036260751505,0.001259279018785829,-0.001910211028826146,-1,,0
78,0.20576503865664858,0.003696787970315791,0.1423622707968632,0.5716891785039308,0.0421451459760223,0.034341578096219454,38.826260796357964,17.230224557654527,7.2311907020208785,7.2311907020208785,True,106.99583504282444,7.372382563507421,0.20896399686977934,0.0031154718816554664,0.0008774822351060696,-0.00187372703194433,-1,,0
79,0.2532629945635948,0.05378106983277169,0.0445189943768159,0.2974599359206451,0.08923681033722823,0.2617401949689443,32.98517787495164,14.266308290199438,8.004488555026875,8.004488555026875,True,91.12470456861008,7.259334387819924,0.3095470845093845,0.0016763052057743603,-0.001630358487520336,-0.0026107538733726315,-1,,0
80,0.08476116739422626,0.313858398597822,2.7024914308925693e-07,0.4948987983568047,0.04002630361804327,0.06645506178396046,35.4261013811179,17.175937817089896,7.912320633336288,7.912320633336288,True,108.80838528488138,7.295397455662462,0.1741880476942539,0.00194145980027948,-0.00011087436217781314,-0.002697217444626151,-1,,0
81,0.05611609479326034,0.01728553479456467,1.8405243860188731e-06,0.5986422906149352,0.0681364337359123,0.25981780553694145,34.739085402356245,16.597298684000943,7.269386042125879,7.269386042125879,True,110.24016644744404,7.3247590827860956,0.8942551094685671,0.0027083831003424275,0.0071764318903151,-0.0019939240423084317,-1,,0
82,0.0034072368064560913,0.1297256535735163,0.11108282926652745,0.5033014145231948,0.0912392662649294,0.161243599565376,40.886489853394906,15.384814693070037,8.759823650413102,8.759823650413102,True,124.39823351195182,7.3593054972861145,0.20522357313878223,0.003664363764327008,0.0007314229125230383,-0.002064161375534057,-1,,0
83,1.644548400703333e-05,0.08146987936332553,0.03350805530516771,0.8421135980476496,0.0016900382509729057,0.04120198354887732,40.74502524801339,16.29090806838297,8.22596090739793,8.22596090739793,True,141.58480976107984,7.423585595140935,0.5501201822796118,0.0048156880338260785,0.011423428156522497,-0.0014466165753134637,-1,,0
84,0.038989745591830875,0.0050694100741857755,0.01434681404234557,0.48172951410856835,0.18285545507767825,0.27700906110539125,39.18630040740082,11.271128375999865,10.86767299801897,10.86767299801897,True,138.2311707944724,7.32203112626678,0.4260472322603898,0.0032810106836186504,-0.0003523462519510776,-0.0016222198224452155,-1,,0
85,2.8834114529464067e-06,0.00011592675889741777,0.010423119441548324,0.8942999751855086,0.09496908651656387,0.00018900868602884826,31.256316072668834,11.831573479071004,11.2817613686699,11.2817613686699,True,167.0309671732744,7.224823582927738,1.5006668987428535,0.0015791134168031548,-0.00011663563427148226,-0.0014343584646985211,-1,,1
86,0.004872369205307507,5.17535551685214e-05,0.011767898178047909,0.7861175798133155,0.0032481141172219005,0.1939422851309385,35.42402690531162,13.229813557503526,9.402699543968252,9.402699543968252,True,144.00361031126,7.289674373501577,1.4593886810155177,0.0027253639621089435,0.0074857491483664666,-0.001725902424727591,-1,,0
87,0.009222091858286211,0.028419832035382734,0.05736962157304854,0.7657103237114722,0.04821664134115184,0.09106148948065859,31.71633091570516,14.526691084958605,9.026719064990793,9.026719064990793,True,136.57764459825893,7.269761333089082,1.0430420081752638,0.0018264600112479672,0.002454552567912517,-0.001822543545445984,-1,,0
88,0.0001872958439135897,0.08980232739982935,0.0005534460864216183,0.8703053986608069,0.024753668790957195,0.014397863218071277,36.74296534600954,10.929108478838813,12.319267980843865,12.319267980843865,True,181.55075581607656,7.3139626778198545,0.8501856939030399,0.0027582271782622806,0.0035924690140929478,-0.001339975365497788,-1,,0
89,0.0030805602645118473,0.0032114842223084027,0.012385117222351458,0.9326200047439628,0.025985575324791954,0.02271725822207357,32.304250965597866,16.471553742283675,7.980872573786321,7.980872573786321,True,136.6934771951285,7.289960364886569,1.6063043950479245,0.002131724705061059,0.018734993994421457,-0.002241386847159506,-1,,1
90,0.09950217150205844,0.0723053371241605,0.037937714747921326,0.4892985238796447,0.12402129719358872,0.17693495555262637,32.53045754822382,15.317354300587779,8.159883361221814,8.159883361221814,True,109.03611519414444,7.279636487490962,0.40635917912538405,0.0017841733911289326,-0.0010515452494595664,-0.002271224967200604,-1,,0
91,0.039826427048735964,0.11060880650613653,0.05498984261707663,0.28861405500593235,0.5007283457784305,0.005232523043687914,39.49513305329818,11.677926970044897,12.318485905080747,12.318485905080747,True,132.49029908820845,7.202178362464935,0.1027595639108635,0.0015005541352133003,-0.000185171382784311,-0.0035621009183176146,-1,,0
92,0.0004694442954306337,0.0053556143419108615,0.010773738739040207,0.5670617972649882,0.010688233803572467,0.4056511715550576,30.76450529816833,16.942728096120568,6.9434714121958345,6.9434714121958345,True,102.3143801420159,7.228916314583367,1.7478935793494432,0.0018199240599455159,0.0028287134713233034,-0.002019736729854991,-1,,1
93,0.0006081142379968877,0.05685891793364209,0.18930419509670895,0.5444433508916483,0.080786845844463,0.12799857599554068,40.08013009666808,11.264989094659786,12.098529656573884,12.098529656573884,True,153.95681432142146,7.30558003643339,0.22641004201332282,0.002942411365634699,-0.00022259682152997584,-0.0018954631663963932,-1,,0
94,0.02503404661800401,0.003945262588447015,0.007501182530985977,0.9122178338841115,0.03303115265778665,0.018270521720664727,41.695643336054836,16.54674203137561,7.879206215429243,7.879206215429243,True,141.69357657164758,7.445177223130706,0.7319899497115573,0.0055748842846852645,0.019793334831884484,-0.0016032961232691292,-1,,0
95,0.04863196099997852,0.0728621493293693,0.040593436967351695,0.4093707992783701,0.057852347437329095,0.37068930598760114,38.78844996129287,12.446040204165636,9.635740469217955,9.635740469217955,True,121.30652381739675,7.319553524033642,0.4193569763712606,0.0032912885597250717,-0.0006141236823896544,-0.0018526555285096314,-1,,0
96,0.009536842849235044,0.014956151779755334,8.016595600592587e-11,0.43375062348520826,0.002520779221705416,0.5392356025839299,34.017835408361236,12.578068847438566,8.98403469087036,8.98403469087036,True,113.74554607541374,7.2293143495544365,1.388580339670457,0.0022519936427040934,-0.005618210054073109,-0.0015086881140597191,-1,,0
97,0.001136717402481143,0.009698248984008218,0.006683478318602558,0.8425842631861087,0.05498010926281072,0.08491718284598854,32.731726658234436,14.51154825084103,8.93013303627152,8.93013303627152,True,141.70254764264521,7.2751131780246405,1.4426519068888557,0.002096912950645838,0.00864807540677665,-0.0018994335473747862,-1,,0
98,0.03195418657425418,0.14607851621341408,0.0035104626498824423,0.36035225450670816,0.31396507998316164,0.14413950007257956,39.63311759685949,13.823141002960496,9.712660458307203,9.712660458307203,True,121.0880874533782,7.299957966621392,0.15450186039818542,0.0026062788753986664,-0.00015226827172804547,-0.0026857565397930506,-1,,0
99,0.01529675645640214,0.0342469783783425,0.029957421069155193,0.8794225531312484,0.027526750965789486,0.013549539999062174,34.00995365948098,16.081690586056617,8.261313599903884,8.261313599903884,True,138.42370113012342,7.328826351277617,1.0346125408323341,0.002489475413649948,0.014057118295929066,-0.001991522512897144,-1,,0
100,0.04228501571489154,0.1462718338779252,0.12576029402989675,0.2039501921268343,0.01205201060576627,0.46968065364468603,35.85425173396716,12.315966221315769,9.813875231850359,9.813875231850359,True,103.47976213136045,7.2341465899918385,0.29092939157630016,0.0020925292668677545,-0.0020057283228701083,-0.0027507738879802993,-1,,0
101,6.308808010911492e-08,0.0031066179475593824,0.04066180048053814,0.8966522521412901,0.016921207116167177,0.04265805922636507,41.0111375744882,17.39335795025623,7.568646481275043,7.568646481275043,True,137.13262076172097,7.437719403775592,0.7605371101757161,0.005303617562167242,0.02143373781806873,-0.0017320687591279166,-1,,0
102,3.603864150559812e-08,0.040490590696595365,0.04344673491548321,0.8385936564037266,0.009455092700423575,0.0680138892451296,36.06011515732208,13.349426550033801,9.881520092769534,9.881520092769534,True,154.69313153150978,7.325775365912546,0.9628197515965996,0.0028578595907606027,0.008147215908794945,-0.0016958316635270264,-1,,0
103,0.054476479526401306,0.09447446787874439,0.16992174406245095,0.2953106063631456,0.19786608618682267,0.187950615982435,32.39245757503433,15.130008477265541,8.803646730679823,8.803646730679823,True,101.83429212351565,7.208144566923784,0.18455278354797577,0.0012640321528911897,-0.0009542090279624795,-0.003605667534201505,-1,,0
104,0.01582778638299426,0.003067763153120922,0.0002333412592581502,0.8637464426612318,0.006577865698733013,0.11054680084466195,36.65278687970875,10.268805505349722,12.335395127175438,12.335395127175438,True,178.48548842243414,7.281324784782469,1.377027035316982,0.0027504122371008115,0.0026930516002123726,-0.0012039342748520188,-1,,0
105,0.0007614100446216145,0.11935241986629971,0.04353734472036016,0.7510662793368329,0.008091173470442204,0.07719137256144343,41.47542872064609,10.721095122488165,12.526773104012495,12.526773104012495,True,177.5975881212102,7.3646787446630535,0.40246840406248713,0.004084863543718721,0.001591488925101075,-0.0012213471745946417,-1,,0
106,0.002096289958642985,9.628971358778035e-06,0.1351320486438483,0.7057661965442209,0.13675215792321826,0.02024367795871073,33.50750653478564,14.170126351420134,9.717478301783446,9.717478301783446,True,142.57335242946886,7.297302685766813,0.4410723976617919,0.0019454191207235183,0.0009229871697213214,-0.0019092031787121566,-1,,0
107,0.0025805025085040532,0.027106897422882303,0.02784608780415001,0.5545033527324083,0.04115604251406006,0.3468071170179954,30.813041551029574,17.487698223100885,6.9184693519214235,6.9184693519214235,True,102.18091142679441,7.254378106697011,1.3208371725530712,0.0018395785566616106,0.0029526592660300494,-0.0021092702037332905,-1,,0
108,0.20446471665972185,0.05692884612149963,0.01943125870846876,0.7030817227402266,0.0032739838985432965,0.012819471871539981,38.728609338958165,15.260733770732134,8.049186823781783,8.049186823781783,True,122.70335364528202,7.3843642376249425,0.33905620229401107,0.0034161619338965066,0.0022426274334024976,-0.0014855489127726755,-1,,0
109,2.378200605019716e-07,0.13856491731293127,0.007380983663327921,0.5363799413822303,0.07311952235405804,0.2445543974673921,38.17480915974477,17.46018735876981,7.338276931810385,7.338276931810385,True,111.61904951904445,7.369756258739432,0.40548173764991197,0.0035582639773741194,0.0038439199012280417,-0.0018778423794168773,-1,,0
110,0.030433134299585718,0.09464544217262122,0.10352263490771905,0.7064865675039451,0.04718420031766847,0.017728020798460434,40.796440811962995,10.623247571824567,12.892365151704794,12.892365151704794,True,174.78901191169828,7.340979958039309,0.2764669871050974,0.0033534555121498195,0.00039022278090899775,-0.001392273087775641,-1,,0
111,0.0681108722447704,0.0010476871908418968,0.07326275492523864,0.6844420097695144,0.1655581908683706,0.007578485001264017,32.268030615837546,11.04171654696142,12.008453780497957,12.008453780497957,True,155.11525580998043,7.24409254139325,0.5352937324999267,0.0014996395076775184,-0.0020882606735322094,-0.001679076394586298,-1,,0
112,0.00029999768571545044,2.124729733905912e-06,0.04393197453157773,0.7004260716386477,0.16242714187434737,0.09291268953997786,33.48887060946999,15.54051015144654,8.48835949858831,8.48835949858831,True,130.4910591431467,7.312549557990148,0.6948005926128191,0.0022137263478103847,0.00463257352909207,-0.0019187823325871195,-1,,0
113,0.00987961775604216,7.915089026750762e-06,0.03202727463246746,0.7783168421779818,0.06342626659430252,0.11634208375017918,34.32057591910243,14.680405964501318,8.755146560244299,8.755146560244299,True,137.2726111957227,7.307733183603226,1.0929687504877235,0.002483499873649197,0.008456013055072601,-0.0018823411748024412,-1,,0
114,1.3671968514508641e-06,0.05159139007901822,0.0006101417655469592,0.6426752766064323,0.20766747760598184,0.0974543467461693,37.327729023884544,13.832870865098714,9.601058540571396,9.601058540571396,True,140.85105972025096,7.341840515758868,0.4167286350942508,0.0029375371952099242,0.0021610306916677547,-0.0017354070560489747,-1,,0
115,0.024556619222315345,0.06064084079438369,0.016231577548051473,0.5740543470566385,0.058742483963197846,0.2657741314154132,35.20205103180941,16.496854839715347,7.494909459080593,7.494909459080593,True,112.27760765127688,7.328796899778357,0.7279271899893885,0.0027771608033022527,0.005245078743720376,-0.0019815047344800937,-1,,0
116,0.2110078289256632,0.0065396498661252035,0.013977807130002986,0.5268697174185246,0.0007158931529109029,0.24088910350677314,40.90426920699305,15.985378012285832,7.103188265780969,7.103188265780969,True,104.3426663059314,7.405456593899608,0.3882924102896228,0.004560536281720464,0.0031395258730961785,-0.001562871628341798,-1,,0
117,0.13747147814890773,0.08247280820674158,0.01134673434089582,0.5415473097207546,0.22056107947682563,0.0066005901058748175,36.159966049937466,11.090418159378913,11.751578757849705,11.751578757849705,True,142.38361218563497,7.270521500942565,0.24305079103576657,0.0018641206860750246,-0.0006072318238245309,-0.001996352237620791,-1,,0
118,0.004316287494938614,0.05138425653012119,0.37492840702996083,0.5085266728133818,0.04243285483196512,0.018411521299632236,31.466259688659616,14.924680767546063,9.887295114557658,9.887295114557658,True,124.99270051234373,7.19534784108154,0.17268435450156394,0.001040482174786749,-0.000806531303512737,-0.0035100477373827344,-1,,0
119,0.01493352606702204,6.664035164818809e-05,0.003603774885290382,0.5011787669895751,0.3933202436345315,0.08689704807193284,37.52551551512452,10.898679774530567,12.262395052518736,12.262395052518736,True,151.58972065184918,7.281937581257112,0.26090802038444877,0.0022543464742276445,-0.0004268511454680397,-0.0019368288366121314,-1,,0
120,0.05143538739496537,0.0005352467676430227,1.1726477277088142e-07,0.719024174749828,0.0019704609058324414,0.22703461291695834,40.922284537905256,15.104651997819133,7.984873815868355,7.984873815868355,True,128.78969240618235,7.40369427932254,0.830544597364539,0.005047104937880869,0.0135805927092187,-0.0017078956791105996,-1,,0
121,0.02318582189966534,0.025616924902976144,0.02306861945709927,0.7343525722062565,0.03837886301218077,0.15539719852182202,31.447214910981845,17.100630586260557,7.399219639059782,7.399219639059782,True,117.35062659743407,7.281657701420946,1.232984807398483,0.001944973232204226,0.008117016449429481,-0.0020665963558818058,-1,,0
122,7.591274571159913e-05,0.015316123635426107,0.3462271046370792,0.4854539622357817,0.09171681250023961,0.06121008424576173,40.68718535404369,15.157807099749302,9.497233847133003,9.497233847133003,True,129.4324457671375,7.315360667114253,0.1284505432753556,0.002777334629819873,6.388740469034988e-05,-0.002671142218164955,-1,,0
123,0.010557127027647053,0.0002176335610713007,9.352410257850928e-06,0.9527218975534641,0.035002434648263574,0.0014915547992962034,39.64002631348243,14.459844426038348,9.094445521688474,9.094445521688474,True,157.6867244145828,7.397470431493781,1.0210723380001807,0.004415181090122794,0.021334726378647903,-0.0018659115343563559,-1,,0
124,0.0007001553335178413,0.004414017786319991,0.0023690186447532873,0.8464237961494281,0.11201078122640253,0.03408223085957842,35.70164705352041,16.673749592762015,7.92872187856184,7.92872187856184,True,135.2700239935687,7.359026435243524,0.9260910191602,0.00301991072761096,0.016822864489936144,-0.0020138971814134786,-1,,0
125,0.07639730222532042,0.10478558998793276,0.015628116537986955,0.37945425971633434,0.0080408264836934,0.4156939050487322,33.739336407899636,12.333085078458563,9.468239572853768,9.468239572853768,True,111.52297707718711,7.245868978485437,0.6674504991116623,0.002008533755911003,-0.004915406553014249,-0.0018998492644747742,-1,,0
126,0.008197276527979929,4.754172833780376e-05,0.0005867072463817911,0.4657365248764047,0.4552048110179099,0.07022713860298607,40.877274724952855,15.936651891704908,8.512632429121862,8.512632429121862,True,122.82043892946294,7.371522576785716,0.1752465794787989,0.0034751590219744286,0.0009369961874116598,-0.002085894335232766,-1,,0
127,0.1677472935053391,0.004312098825602123,0.004937496268909504,0.4095570077238487,0.29295281372124776,0.1204932899550529,31.072912836363596,10.908713233900393,11.260341012579165,11.260341012579165,True,121.40533159375313,7.198103371139448,0.38730672390561255,0.0011565903619932762,-0.002434632320501217,-0.002265833965223164,-1,,0
128,0.02422164575929255,0.07876496208083851,0.15299433658638456,0.6409623713146118,0.026359960415668505,0.0766967238432042,33.026022092385226,16.965629369565626,7.995346193280948,7.995346193280948,True,119.75495911530479,7.305123000245277,0.36681795217105645,0.0019351356261014412,0.0009058177968630706,-0.002113944671737464,-1,,0
129,0.0037694118725889584,0.21482685356804404,5.0687906998061974e-05,0.6120108456869404,0.0785573512431664,0.09078484972226213,38.43435471272784,15.860723172634483,8.61908066808082,8.61908066808082,True,128.84374297810254,7.355124000527808,0.2649466387230327,0.0031202402350788824,0.0014602575205778115,-0.0018948294285368596,-1,,0
130,0.0588442337547132,0.1300456928468508,0.003061706585660568,0.23677763456612116,0.037404238060571984,0.5338664941860823,35.79862525229663,13.139114394816989,8.720750716450214,8.720750716450214,True,99.57903100871854,7.272514328460033,0.48939912419630355,0.0025018876236392366,-0.0028530565678371355,-0.00224091000359179,-1,,0
131,0.08779313878252591,0.002476103697102356,0.005454104362553729,0.7131947949150519,0.06374189124588772,0.12733996699687836,35.338745547552804,14.118397356961168,8.736194084804584,8.736194084804584,True,131.17466597514067,7.324426917883428,0.8322057675411224,0.0026671228288980995,0.004664121607956075,-0.0016939614041262172,-1,,0
132,0.11673476358569386,0.00021711662584160619,0.23410881050286084,0.5559380213064269,0.08166293141309187,0.011338356566084808,32.04709107295973,10.446747639733852,12.810674247643572,12.810674247643572,True,144.60193873029945,7.195673698928182,0.3089898824328439,0.0011490851788913674,-0.0015501124589498258,-0.0021988210528107593,-1,,0
133,0.016702429583841116,1.9187688597563397e-05,0.02306882266886892,0.95420635271182,0.002328339426975457,0.0036748679198970306,41.88753736273532,11.33689330233821,11.584181572527664,11.584181572527664,True,186.6501085973413,7.401565618804688,0.8518648377563617,0.005006237154542698,0.011331625118461006,-0.0012923471268978788,-1,,0
134,0.061024693457987424,0.020438071779173866,0.05824341403504256,0.44918471100042356,0.25727970846864867,0.15382940125872394,34.173702637730216,16.08899134814217,8.004842018145917,8.004842018145917,True,108.96172199965022,7.2985286881157405,0.2864699141946803,0.002000948820995347,-5.427904939600963e-05,-0.0024153100206718023,-1,,0
135,0.052208791201696365,0.1295569964229273,0.010204845116501438,0.5847839682281788,0.03552417375444086,0.18772122527625532,33.659548645782394,14.82048329035321,8.551226449105389,8.551226449105389,True,120.23295568639854,7.295054715937825,0.5620874385444498,0.0021355021347667686,1.5075468590858597e-05,-0.0019657497208705765,-1,,0
136,0.0004234974537248753,0.15630469133291713,0.01212243211889242,0.6179165950883673,0.016313057698366704,0.19691972630773147,39.21127949208384,10.498920243268945,12.366307270047708,12.366307270047708,True,160.93755807749974,7.314657359484482,0.44133187429567744,0.0031927811451046926,-0.0002483020506218432,-0.0014403534077089572,-1,,0
137,0.015273806527115248,0.0805353856152059,0.00023155914603051355,0.823033374307046,0.06348969046196995,0.01743618394263234,32.26973504648608,15.450759632341493,8.666928520133856,8.666928520133856,True,137.81887602380885,7.299787297570472,0.9088152935710581,0.001983040676269205,0.006819070479385141,-0.0018926503877439015,-1,,0
138,0.0008188900032111373,0.011302733354656792,0.15058420757076477,0.7272688514898344,0.10915862773248089,0.0008666898490521573,38.62926730773959,15.252826346791913,9.124623028199895,9.124623028199895,True,143.21365387837346,7.371260221714806,0.30274022749407886,0.00326383000819188,0.002606979622013938,-0.001610581900432836,-1,,0
139,1.760435000606687e-06,0.01768654127623789,0.04712649339644621,0.5816597796366593,0.3151843785482246,0.03834104670743143,39.593549516483826,12.962369511826754,10.609703893917672,10.609703893917672,True,148.05809465952925,7.340797025745803,0.22871860535452257,0.0030352777126445725,0.0006162599457542312,-0.0018563057691701717,-1,,0
140,0.04870256859457319,0.00043527462146954524,0.0017686002140819411,0.47787496516366723,0.4582919346655913,0.012926656740616656,36.46739698742191,12.437001846485483,10.917611939682098,10.917611939682098,True,137.89585486786683,7.277320159959213,0.19868869625762667,0.0019015039530930003,-0.00024408946664548198,-0.0023607418106921197,-1,,0
141,2.161581257164062e-05,0.010157102600975507,0.047301101129646264,0.5393123503657856,0.4005328437322973,0.002674986358723583,35.71096077314634,14.955698895127643,9.38387950734376,9.38387950734376,True,131.63522458489754,7.303182401353754,0.2066144605500284,0.0020043424229910225,0.0003048890965739367,-0.0023629501088637344,-1,,0
142,0.09673977756716183,0.15812581326677871,0.003145330650414769,0.45527758488737824,0.08559947648827333,0.2011120171399932,39.884634191343075,13.670100847295963,9.169761123638079,9.169761123638079,True,120.20358674861825,7.339593439587721,0.2414853115076687,0.0033026725893266955,7.907293291104878e-05,-0.002029734853595336,-1,,0
143,0.010761659253608643,4.2377482165920605e-06,0.0022003875351808413,0.873561666781173,0.09256579413849754,0.020906254543323597,41.09377784312533,17.182175296001567,7.66436588670755,7.66436588670755,True,137.39849556738295,7.441383583648641,0.655107560075469,0.005227843062364346,0.017500086917661466,-0.001562682999701547,-1,,0
144,0.014327200824729712,0.15516527129188754,1.5417821625486443e-08,0.5968976621993024,0.006493324541352627,0.22711652572490598,31.551667980387776,13.928632665534252,9.142444397250312,9.142444397250312,True,124.619465689181,7.247194393581634,0.8318382903749711,0.0017122828003923209,-0.0036274994198302888,-0.001865902134283923,-1,,0
145,0.0981296069166196,0.08043446770162675,0.20299217116132517,0.4935998362753285,0.11490484671582554,0.00993907122927449,36.65676290409403,16.184087525249854,8.491757914106033,8.491757914106033,True,115.03790887592793,7.293389341857277,0.14613825759264126,0.0019529894666979138,-0.00010264312906921227,-0.0027651843847026703,-1,,0
146,0.272536663776323,0.012199461563114296,0.025309224662054965,0.5567912748640238,0.09395228736141181,0.03921108777307218,32.38503281841163,17.0828250066744,6.95151702698328,6.95151702698328,True,97.93008210197503,7.311629993373578,0.341283371155179,0.0017827092159132104,3.2854612457568514e-05,-0.0020680463537748545,-1,,0
147,0.08584528280337553,0.006615049712904291,0.00582397548377166,0.6462292376308699,0.04798525867362297,0.20750119569545566,37.43099904356137,13.194408269430463,9.139378398301229,9.139378398301229,True,131.99026532043624,7.33803887808968,0.7416757673000554,0.003220380137129303,0.0033122477399632746,-0.0015907645647197796,-1,,0
148,0.0856146228697908,0.015240275213672314,2.1317489970298186e-06,0.8124618947103471,0.0007553688684762117,0.08592570658871654,31.52601526420825,17.1242168064769,7.257179769838177,7.257179769838177,True,118.29201212746452,7.289772557425679,1.3265928859345915,0.0019733373266290406,0.01075189520378583,-0.002012502857443952,-1,,0
149,0.04546741530884551,0.003895825438129557,0.05108039606506698,0.8158351160604312,0.02437444922650328,0.05934679790102344,36.239823834969606,16.72487819548681,7.710185636102116,7.710185636102116,True,129.31912164359136,7.366057747678964,0.8024917996436409,0.003161334906335149,0.013009351196794547,-0.001837093716210404,-1,,0
150,0.030884665422163688,0.0009138430210284895,0.00571373932100439,0.4994149340681834,0.29183049798436556,0.17124232018325447,32.46035036035958,15.016170579357635,8.518677419654358,8.518677419654358,True,116.33322267745078,7.2802660472717715,0.4661673690931351,0.001805275045278511,-0.0005360108516871533,-0.002219023095113051,-1,,0
151,0.025552826866666312,0.02401298621826106,0.09937533792321387,0.6825078961300554,0.1412648762797782,0.027286076582025105,39.463583930614845,12.749074978022225,10.638667273973184,10.638667273973184,True,153.79812193104067,7.35402300262118,0.2977297385912467,0.0032661001771771263,0.0011960215854938075,-0.0015845871333399005,-1,,0
152,0.04599234455723458,0.04300110146474974,0.10176398960320758,0.7106116114456521,0.09045832091614266,0.008172632013013147,30.15570163256529,10.947150741268722,12.346621991352725,12.346621991352725,True,156.88022834377693,7.206498432162154,0.6596748144129404,0.001190622815489647,-0.004117905305916847,-0.0016757597600272265,-1,,0
153,0.0021711329423349294,0.1327662857970291,0.01139571977161292,0.709379694552047,0.05186778634430545,0.09241938059267085,32.61330777492046,13.880730891470291,9.628921154751511,9.628921154751511,True,139.51188868041598,7.278486290640176,0.6889030539270387,0.001886492440673486,0.0003540136436406354,-0.0018427507953270323,-1,,0
154,4.5244645918353163e-07,0.009352186253036533,0.08061245408424039,0.725920889648256,0.04730183167008942,0.13681218589791844,33.96515808839421,15.602217313166044,8.328166070775213,8.328166070775213,True,129.71925774135204,7.312353940051327,0.8752909894767994,0.0024058678580746607,0.006619412260373976,-0.0019246500253188184,-1,,0
155,0.004339389267614173,0.010884774256509694,0.11296669670734524,0.48897205665053334,0.03624116651592998,0.3465959166020675,36.24924350446322,16.413587225619032,7.483970279804339,7.483970279804339,True,108.45935194769284,7.332805473127456,0.6141047451912777,0.0030389381316085515,0.003510242759616487,-0.002021933224643563,-1,,0
156,0.016595884023356787,1.6727676195048956e-06,3.7374549134891386e-05,0.5084716882246909,0.2829779590383036,0.1919154213968944,41.539742592327904,17.285570479630188,7.379174663605999,7.379174663605999,True,113.72010379708635,7.413133129270079,0.2958042124797108,0.00467989061222808,0.0034569526197947087,-0.0016654227528964454,-1,,0
157,0.04325096950443166,0.03292965565540989,0.006728964667150809,0.7885653163588607,0.07184657349735445,0.05667852031679247,31.540013430323295,10.804230031330157,11.979424067312491,11.979424067312491,True,161.9302279269166,7.216646235336872,1.1991433218146743,0.0015204817801474605,-0.004664075557335582,-0.0012344313489404339,-1,,0
158,5.0674378182285516e-08,0.17010719289253098,0.043096851297493126,0.6923285828063881,1.2984490931670828e-08,0.09446730934471871,39.929442702418434,11.326364248628794,11.948624975744254,11.948624975744254,True,165.4224726597187,7.339640387930088,0.35350003091702853,0.003408968739189728,0.0007292806130883856,-0.0014653482963764152,-1,,0
159,0.18436238324970952,0.06630798058131392,3.624594212821635e-06,0.6084637135507479,0.024629030571761294,0.1162332674522547,41.63825556125212,17.122525075252838,7.02385402987072,7.02385402987072,True,109.20823349742534,7.4228719702534764,0.29362075064087917,0.004706200288038975,0.0029725391968266914,-0.00145437163650351,-1,,0
160,0.048455403765137746,0.000917962036345639,0.04027885401878523,0.7766664945269696,0.01497912038011139,0.11870216527265055,36.72620756788596,13.336108760487013,9.445968484604101,9.445968484604101,True,144.5590361237968,7.333878338844235,0.915640381995519,0.003063662655168307,0.006704316317205756,-0.0016299023905763117,-1,,0
161,0.31164780546254295,0.0040706360189669884,0.014137499030466159,0.5831596147221252,0.0068167117088785215,0.08016773305702,41.664698782015776,11.707673873752013,9.74821390566072,9.74821390566072,True,127.99656038148335,7.3792084406602,0.28064575804501324,0.003925775463220429,0.0002177776397936665,-0.0013825861065190131,-1,,0
162,0.00229370303356999,0.018077083198989503,0.055101896643863446,0.605191998963353,0.07930256451299106,0.24003275364723303,37.76214319321555,10.934913870999154,11.50850437575783,11.50850437575783,True,152.35276154487087,7.304378690502691,0.6309072653629612,0.0029695390767225842,-0.00040141186238793966,-0.0014546966012907378,-1,,0
163,0.014701292101766836,0.16021536880894333,1.1416894298486966e-06,0.4900287377346017,0.17613741122555976,0.1589160484396986,30.334022566386913,13.36694636721362,9.934552209069576,9.934552209069576,True,123.27949788419463,7.215774302139705,0.41548838275241046,0.0012602993752720123,-0.002919479643730738,-0.0025257918782857066,-1,,0
164,0.0019161411608456854,0.1647877218193402,0.06761794084071764,0.37287814119590285,0.10018296685525152,0.292617088127942,31.699377996017823,13.423495937232957,9.6416912922751,9.6416912922751,True,113.37514979977745,7.21450992267457,0.3691057936201347,0.001447045250771703,-0.0029261148495693585,-0.0027559972120825265,-1,,0
165,0.010091668368934504,0.020933024076443506,0.14410090371441647,0.5895620921024387,0.21077377038198045,0.024538541355786227,37.44575461741234,14.96992534306191,9.315707522701086,9.315707522701086,True,134.19007980036233,7.327260427151347,0.2157046611687871,0.002505927096530284,0.0005704103738460654,-0.0021176313448155923,-1,,0
166,0.08859560306614651,0.008081733479520938,0.12497323379892326,0.737033320235295,0.04006449670207715,0.0012516127180371352,38.981320912257786,13.108021442632507,10.047166972913013,10.047166972913013,True,148.8557242330655,7.363041729139528,0.3414464553769818,0.003271385773047234,0.0016589812054375649,-0.0014746345511323312,-1,,0
167,0.0037870054342215545,1.4053789697603415e-05,0.005754789961359689,0.5991844455315842,0.09105313026480978,0.30020657501832704,38.57305421466627,14.407028632630562,8.450657488620184,8.450657488620184,True,126.32489215451052,7.355107712356732,0.8152949654060478,0.0038394566286831856,0.007359069113260878,-0.0017935530518130899,-1,,0
168,1.9578692541806908e-06,0.0046017760533275595,0.1552184169134681,0.7983613251691432,0.014813780324712979,0.027002743670094052,35.746259121285895,11.118621939550994,12.263537790532851,12.263537790532851,True,173.63449439466316,7.2970641838492005,0.6198005068501931,0.002366180525242563,0.0007414341390199028,-0.0014310144123254522,-1,,0
169,0.04435613192284336,0.0014632176572239354,0.02113492724437494,0.6676768433224821,0.18307140214206954,0.08229747771100607,33.92563186917017,13.942614986369453,9.28674984116301,9.28674984116301,True,134.70910850204737,7.304245246183714,0.5907674155347333,0.002150195475832438,0.0014301852239001756,-0.00180805650517298,-1,,0
170,0.08884331135210534,0.007101683456111268,0.0008158207980011882,0.6810330839364892,0.000411800841323084,0.2217942996159699,36.67880181776131,11.612618987218378,10.266254692156085,10.266254692156085,True,142.64362257888507,7.303118795046332,0.9905531567331587,0.002868783641305716,0.0008130986869493559,-0.0013804249247295233,-1,,0
171,0.0003958185763517733,0.010288268937853652,0.06453764217517935,0.4387996926781662,0.3309280912410667,0.15505048639138239,30.561108292869974,16.091374042007562,8.27500717221218,8.27500717221218,True,109.91645415934809,7.24951303483486,0.3347576129412509,0.001373103450016462,-0.001150113673481512,-0.0027380704875758304,-1,,0
172,0.02121191714695749,2.2104926566294906e-06,0.39377586637787787,0.33422966263404935,0.0037029918810170285,0.2470773514674416,40.32327271277529,12.052585977687617,11.114034179183658,11.114034179183658,True,126.30350350350203,7.258571964514084,0.15329463224469148,0.002562046514024575,-0.000536203648184984,-0.0027955726909694055,-1,,0
173,2.2771940003223933e-05,0.028940443314415823,0.01322215499614723,0.9477875755066377,0.004004030708646195,0.006023023534149691,32.136676080947915,15.236831335296932,8.722084968173784,8.722084968173784,True,145.7525756087378,7.276428522068844,1.6103676337990107,0.0020156907553852996,0.014208577533814534,-0.002059253853952718,-1,,1
174,9.941644963047291e-05,0.09252260015463327,0.009229938970831235,0.7770153037580414,0.04340496169389991,0.07772777897296378,36.93043883074576,12.600749313104636,10.533000959742985,10.533000959742985,True,157.60996333577387,7.3313628079317406,0.6876571074028635,0.0029464281495481135,0.0040213124579131666,-0.0015514672890470868,-1,,0
175,0.0012088617309186222,0.06912067902957286,0.003149449241965598,0.43195542706930795,0.303451127535848,0.19111445539238703,38.060354681891,10.49576526321938,12.498714402514048,12.498714402514048,True,146.45107798355934,7.268943148285234,0.26687968286530106,0.0023661801972597717,-0.0007701082508633101,-0.0019857841800962066,-1,,0
176,0.00021337993605068272,3.2638433612521313e-06,0.36064325801297464,0.31290840791264585,0.09086608759624897,0.2353656026987186,39.114383152991266,13.331068118783989,10.1991598908529,10.1991598908529,True,119.40591524175923,7.255428125419315,0.14783163917743464,0.0023204285802193307,-0.0005005431793686729,-0.0031136165007650705,-1,,0
177,0.10407064352328435,0.0031176461670484406,0.011685107987005823,0.8300955187172367,0.041593578623282605,0.00943750498214183,36.71689883611094,16.780379834288127,7.549388624180966,7.549388624180966,True,127.2494577503742,7.3816033586668235,0.6890491593556165,0.0032748260633722256,0.01133068120081197,-0.0016607550623951922,-1,,0
178,0.3016515013674078,0.0033611724980505612,1.3827155052089932e-06,0.41347430262688134,0.061161847387399396,0.22034979340475566,41.86119558266738,12.25294922658999,9.033671417096256,9.033671417096256,True,111.37458952340546,7.368859785737384,0.2570878523400616,0.003986502983883155,-7.945275598869799e-05,-0.0016673088838898911,-1,,0
179,0.06844436327279467,0.0006621545152049391,0.051962760527845854,0.689596620913418,0.049175317530775475,0.14015878323996103,32.93687759543109,11.752964488329106,10.635941751559965,10.635941751559965,True,143.72384875318522,7.252473736386022,0.9476209191883659,0.0018575684836552218,-0.003082965595184866,-0.0014585132845344035,-1,,0
180,0.3531699986441184,3.8701340132443064e-07,0.06646993955995838,0.4257900453464484,0.10845596032216485,0.046113669113908545,35.30618701612446,17.54258656455184,6.604330484456971,6.604330484456971,True,87.57408098663116,7.324375221682283,0.19384253418248132,0.00206674599632739,-5.1218864798840466e-05,-0.002377395054078991,-1,,0
181,0.052741053121423936,0.007421593207243259,0.03414071676547448,0.33080976795579514,0.22187602556014718,0.353010843389916,35.28995901153051,13.562157274394798,8.877256825236412,8.877256825236412,True,108.58841241924519,7.282343185790835,0.40622512381158643,0.0022983267165771174,-0.0015008636766981262,-0.002279589167990034,-1,,0
182,0.04133805297601085,0.05459885857345005,0.0036819480015399843,0.6179979642900996,0.17390180179770176,0.10848137436119781,32.30995465205347,12.76177797703209,10.164479552615118,10.164479552615118,True,136.40979984891126,7.259977449544229,0.5911643517831935,0.001692005127383526,-0.0018903010579892003,-0.0018733916735465823,-1,,0
183,3.9534293373196495e-05,0.0013089967557625803,0.08502172380196522,0.7735618759536389,0.10973974759332639,0.030328121601933652,38.10020734695318,10.798442346488537,12.515306327306908,12.515306327306908,True,177.55582869498912,7.328201455793292,0.5171940575651138,0.0029593158766714114,0.0015060640903151352,-0.001331548529267628,-1,,0
184,0.0034159291049358125,0.016099263315340357,0.0004282980765483995,0.8403937240332182,0.09183223324957485,0.04783055222038241,35.58323410009416,14.911700205616608,8.819678222646177,8.819678222646177,True,144.13718840709265,7.338564169186779,0.9895095500114302,0.002858194745473004,0.0127299372134308,-0.001901591768855041,-1,,0
185,0.00012974969379907008,5.915662103788776e-07,0.034373336114617375,0.5246022220925505,0.435062031006121,0.005832069526701765,30.392569383089057,15.1479331520259,9.236199089038507,9.236199089038507,True,124.4723706408946,7.242369319585061,0.2714714236175771,0.0011895974135793625,-0.0006322708226649143,-0.002731693688430887,-1,,0
186,0.0003092611535589338,0.02228093569130767,0.002214668240863581,0.8119113910797479,0.004668185036510805,0.15861555879801126,39.94006649509608,13.28328800286784,9.512160306023766,9.512160306023766,True,151.99536062260702,7.373890266222286,1.0056447120123295,0.0043979034736421965,0.013194628761774492,-0.0016931840863746083,-1,,0
187,0.11446230178883275,0.14619304644472703,1.3135783029413137e-06,0.671991642816824,0.037974765988017176,0.029376929383296106,40.399985141250724,17.7529144651002,7.305310331783162,7.305310331783162,True,117.09037292518443,7.4090095055716745,0.254504925674432,0.0040046630327351465,0.0026321940208636125,-0.0015056712915184661,-1,,0
188,0.002381160239550985,0.1310464167409457,0.0023093792395383465,0.5990265708490868,0.05434393930428151,0.2108925336265966,37.634571152481,12.461418141524199,10.319003018433802,10.319003018433802,True,141.87338959380443,7.320491615609013,0.5011044252662462,0.0030045057960018887,0.0006018186439418268,-0.001684031928601811,-1,,0
189,0.0785478154475829,0.001954727482664022,0.32035845851263905,0.4300143954232428,0.1010701741827983,0.06805442895107279,35.78013794804173,13.864712368671334,9.895999843679952,9.895999843679952,True,120.71788088387,7.242000936006215,0.15568771092950012,0.0016255506121936668,-0.0005103642082740893,-0.003070585239119926,-1,,0
190,0.0004013332838183523,0.02965720085058375,0.19805144365641394,0.5641108385613867,0.030639181494171594,0.17714000215362577,41.47992896519458,10.003009637442036,13.268326411638368,13.268326411638368,True,165.2385512204871,7.317406572449438,0.2714319401867183,0.0034747024021517282,-0.00025752471489140814,-0.0015145028429638947,-1,,0
191,0.09339737817983086,0.00442349227376615,0.06768676181715277,0.47068981811320026,0.354330492870284,0.009472056745765942,38.09325343136139,12.424467974845657,10.788409325560295,10.788409325560295,True,134.82271498726146,7.28890439833173,0.17122804386313273,0.0021347465631870156,-0.00020261176652124196,-0.002350431899722512,-1,,0
192,0.16003912115415272,0.02725995511280049,3.1682537766676274e-06,0.6322310151716837,0.08200986239508097,0.09845687791250533,33.248432015591334,12.65022715454732,9.616011525645169,9.616011525645169,True,128.84122631696206,7.281245559849,0.6259689469156753,0.0019037436312988741,-0.0016317638640542251,-0.0016691936847887134,-1,,0
193,0.002391829584719191,0.0001604650206046287,0.002891003192134177,0.8537734366138223,0.03597066529445235,0.10481260029426727,41.3522190352669,10.34997479471387,12.369431635538305,12.369431635538305,True,185.36913529660106,7.369757406419167,0.8791706078645677,0.004542404294549735,0.006521319243694798,-0.0011873648015095727,-1,,0
194,0.19296217322545392,0.04946884765095185,0.0036683156473534587,0.5067618216886617,0.09011274454197823,0.1570260972456008,34.47850283338955,16.95416216965993,7.01775436827884,7.01775436827884,True,99.25229216112491,7.329502004445253,0.3794616638058971,0.00231603820929665,0.0008342671625496357,-0.0020228155097935098,-1,,0
195,0.007227705976049061,8.58214767115126e-05,0.06965018170049632,0.3770866834601174,0.24391470445578534,0.30203490293084034,36.20917858413588,14.510942679309265,8.653377163247292,8.653377163247292,True,112.65181233897279,7.303380468856428,0.34947550235197133,0.0025412452601661023,-0.0003177449815107624,-0.0022975131273317755,-1,,0
196,0.18827881362698864,0.0008598071595560906,0.036895901523772506,0.7308716333076176,0.012439021482616512,0.03065482289944863,39.33216701707033,12.961343414341352,9.408584009447907,9.408584009447907,True,138.6935432709325,7.377283396598966,0.4265329090030011,0.003581822365658718,0.0022069290105322724,-0.001348194625685993,-1,,0
197,0.015571209401287768,0.17796592629828198,0.09883749639986592,0.5587822614328829,0.1382307182532161,0.01061238821446521,36.763491890523454,11.223148070007358,12.740449979695008,12.740449979695008,True,155.85449649022817,7.247158663478054,0.1930840250281874,0.0017863257057360391,-0.00047079016540479984,-0.0023186340979482463,-1,,0
198,0.3855862423269834,9.080970989503104e-05,0.03301162609855238,0.4053544255347378,0.020679411197002392,0.1552774851328291,34.09618766604974,15.281098324256568,7.162454458701785,7.162454458701785,True,88.95001877584903,7.306588739173898,0.3125641590071746,0.0020004994271076598,-0.0007829580826253086,-0.002194608480015228,-1,,0
199,0.008761406423287123,0.20940391150189194,0.015378400000888297,0.6164664410329999,0.006232545191725556,0.1437572958492073,35.585142131964496,13.533540372761976,9.850276765494542,9.850276765494542,True,136.61549080792517,7.301251553445058,0.4078060203205568,0.002370012125635459,-7.373264646859067e-06,-0.001932061286544181,-1,,0
200,0.03173417325556136,0.11088196697998062,0.07426652110660696,0.7412865194747881,0.0006571157927855751,0.0411737033902773,31.92925402871935,13.048626215999322,10.318253408062581,10.318253408062581,True,145.7178051601492,7.263258352497072,0.6438264011071041,0.0016624394480015765,-0.0012017105495249107,-0.0017731204076299352,-1,,0
201,0.029266370437493427,0.0006156249468055678,0.20889272571555864,0.6159807221517125,0.0038487799241705267,0.1413957768242593,36.579788863547236,15.620505626749466,8.41472432929243,8.41472432929243,True,124.62579224193266,7.337173924668455,0.37312554467230463,0.002789460936763452,0.001590555888582223,-0.0018940068125610796,-1,,0
202,0.18912445514258366,0.052121794396424455,0.04787758369616605,0.6483223865607389,0.002801044929753611,0.059752735274333287,33.07849018569399,13.563976425321343,9.041521558180305,9.041521558180305,True,123.54048822602724,7.290457635340609,0.5074011146309038,0.0018673320225612532,-0.0010561084488277524,-0.0017804925449862565,-1,,0
203,0.0022206349205798775,0.05745518709214114,8.619884000058647e-05,0.7748133737777798,0.012091739704806136,0.15333286566469226,35.60789289473124,12.923316110011527,9.876750152243437,9.876750152243437,True,148.64189501898906,7.301758965706432,1.125480270197434,0.0027081599931947356,0.005410691015254271,-0.0016585517879598483,-1,,0
204,0.008261106695550295,0.019040003620344047,0.0003448954511331163,0.6096441734626032,0.1858630642430821,0.17684675652728715,32.88549459824908,14.868844812332307,8.592374535595207,8.592374535595207,True,124.38906738980388,7.288367782429912,0.7510495565535737,0.002044546090734005,0.0014618734606449899,-0.0019565078832467406,-1,,0
205,2.0077560876390604e-05,0.07698064987694003,0.08123829242924277,0.6629091691171187,0.1666388052951122,0.012213005720709968,40.08661855278358,14.766977419220538,9.458589746768006,9.458589746768006,True,143.14635614250923,7.371882178572017,0.23488650263729563,0.003466861034935579,0.0015326499609137857,-0.0017042790794588338,-1,,0
206,9.06413015387611e-08,0.055345468227772254,0.014327745981728226,0.72254604169834,0.08251095812489533,0.1252696953259626,35.654676257912975,10.59703194172969,12.296825546144946,12.296825546144946,True,166.66435377828367,7.278820204777635,0.7906590820660268,0.002362150559940691,-0.0006963038212942215,-0.001359844686941081,-1,,0
207,0.0014146021648330023,0.018908169267003592,0.03163322312445999,0.7713845165980189,0.016005250404940226,0.16065423844074414,40.30964769285857,17.447782244037178,7.290541227903346,7.290541227903346,True,125.64631571764474,7.416955904757786,0.7658667466933097,0.004939267657289766,0.017833281078588094,-0.001819738374536404,-1,,0
208,0.1138787038825874,0.10942856895374083,0.0019941034992987197,0.39223089645677195,0.2245391656421948,0.15792856156540622,41.41783817351485,14.367439736505233,8.80235828440594,8.80235828440594,True,114.45544044376486,7.350009191342434,0.17207877505298316,0.0034755147853083074,0.00014644464946854326,-0.002234780646796289,-1,,0
209,0.008260726741488702,0.01724537888379309,0.0859818924081191,0.5988305255159183,0.00802977982829421,0.2816516966223865,34.10914301772242,10.93010522277243,11.338954688023309,11.338954688023309,True,144.60205077394198,7.238370356912355,0.957849207464304,0.002045462619803374,-0.004845787220534509,-0.0013824982153185234,-1,,0
210,1.2640027628309682e-05,0.07622576169968417,1.2834324332586168e-06,0.8890207116951777,0.033752981306037336,0.000986621839039277,39.1052896294275,14.361127496436072,9.38958134588257,9.38958134588257,True,156.91935789327266,7.3911598796019575,0.7031701025204317,0.003989919909416251,0.012012070642796779,-0.0015686607153229419,-1,,0
211,0.01781355209142273,0.229650149061396,0.019399536540494658,0.5207692507881215,0.05337255233600261,0.1589949591825624,31.75362047127364,11.387319546170456,11.749091755600986,11.749091755600986,True,137.97721414193038,7.202539666551762,0.40901352919227196,0.0013325955416427734,-0.00291805231493043,-0.002264647056319281,-1,,0
212,0.006483490846939983,0.10475256075035913,0.6829658924735287,0.17222849778542437,0.009543437431793521,0.02402612071195425,41.861523032293306,16.408615054978835,9.967824649640338,9.967824649640338,True,106.51776720013792,7.096055527851071,0.054625065140469505,0.000869127788878289,-3.0730302675859594e-05,-0.007984732244948554,-1,,0
213,0.04637430618328216,0.04709733905035072,0.07559243381163934,0.639486838009438,0.13030158745164033,0.06114749549364951,41.5664103573024,12.282370290537372,10.813089225235471,10.813089225235471,True,152.3500688381436,7.368964364640791,0.26063581844460715,0.0038758311226433613,0.0009009961235581809,-0.0015262747201463258,-1,,0
214,0.004775814751532708,0.00010435382197772348,0.005246271943789148,0.9234906130074717,0.002289350909099242,0.06409359556612938,38.83654043184415,16.860624912709426,7.652267267021901,7.652267267021901,True,137.38391029051382,7.394805298670248,1.1851101118797105,0.00434313673930763,0.029297354430481547,-0.002264731726802834,-1,,0
215,0.05155157995717907,0.012258879878660745,0.10554241903897167,0.295836337000028,0.41535847160540823,0.11945231251975234,38.174937561546,10.402836673096086,12.93263763567661,12.93263763567661,True,134.32661503111038,7.210267501260265,0.15361409610237609,0.001693422793107478,-0.00044193252264251203,-0.002756214540578222,-1,,0
216,0.00032665954204034786,0.11268482775473221,0.005231439627315039,0.7032760647622478,0.1536997650243461,0.024781243289318678,33.058936255255325,16.59000534104881,8.281610709149843,8.281610709149843,True,128.47826082588364,7.317170610767135,0.4453953261152217,0.0020109745964202843,0.0027650583632603735,-0.0019508171737447212,-1,,0
217,0.0010834015202047128,0.027675088089987632,0.08310641787863335,0.7802581654109364,0.06221238018247594,0.04566454691776198,32.593526181606435,17.18857471732629,7.8277799764870375,7.8277799764870375,True,127.42194259885476,7.318508536817789,0.7482266094644663,0.002116988837260486,0.007782480929978278,-0.0019580793402669667,-1,,0
218,5.886615256674152e-05,0.0012866238613836304,9.935547303159156e-05,0.8040651131012809,0.18049080986474486,0.013999231546992164,36.73738190373309,16.470701999366398,8.134597579985298,8.134597579985298,True,136.78090154676914,7.376927005221953,0.6387862820535097,0.003220195681241713,0.01114845685168623,-0.0017379635935479535,-1,,0
219,0.05219218924630468,0.23839073220119134,0.034570201284595495,0.6608619001656063,0.0011719313365742923,0.0128130457657279,32.00036884499496,10.281412076876087,13.419942145120153,13.419942145120153,True,160.45662890834768,7.207231520712499,0.41127258318270266,0.0012690124694257434,-0.002181011418955726,-0.001871995157522124,-1,,0
220,0.01900416307941232,0.00026708992431890324,0.004099408041029946,0.8528928199833165,0.04069870130359023,0.08303781766833229,33.98285598519304,12.930676725982345,9.904716591540577,9.904716591540577,True,152.54436860137176,7.277550141498973,1.4212656863775672,0.0022836265394965984,0.006207052056474015,-0.0016625534072487185,-1,,0
221,0.021432548701770505,0.04123719698643024,1.2677913642381268e-05,0.6587371651298898,0.19705905953876365,0.08152135172950334,37.1987612618524,10.119036258361863,13.01256093632949,13.01256093632949,True,169.04412025491052,7.295324930037638,0.458469245494576,0.0024919469573321646,-0.0004302649737004383,-0.0014115198620200228,-1,,0
222,5.626346832203889e-05,0.1103476324961205,0.00763755704584028,0.6463726687763266,0.038128995694952456,0.19745688251843826,41.356190055752236,16.341119671257974,7.861516469674624,7.861516469674624,True,125.41735885134433,7.412636029891154,0.445191442613521,0.004950942437941893,0.006477525029315447,-0.001542631843897485,-1,,0
223,0.0001657189964302834,0.27064356220809666,0.03962252026228165,0.29004912115765574,0.2181198584805328,0.1813992188950028,37.22077551839676,15.118022307803493,9.192937074903783,9.192937074903783,True,109.86069945663353,7.245603419492113,0.133140655477041,0.0018708398658431585,-0.0003934200374149523,-0.003559427699503372,-1,,0
224,0.4127454380204823,0.022076032517062465,0.0010108695360525662,0.541428765653914,0.018312637249953186,0.004426257022535341,31.509800224152237,16.470663377011455,6.82514442479261,6.82514442479261,True,91.24309773383843,7.299927995001199,0.33380822403718124,0.0015735036830689284,-0.0007499161674498596,-0.0020900680895131574,-1,,0
225,0.0008038464362501543,0.03355972380456141,0.01034910519186669,0.40842228512920575,0.26069640655157444,0.28616863288654154,39.03226417930665,13.4793396874514,9.34442741465865,9.34442741465865,True,122.89978802843159,7.3320378086192735,0.3220254724572846,0.003282173476598906,0.000285524829210763,-0.002027530494335954,-1,,0
226,2.4206115669338008e-05,7.679598602043784e-09,4.264262900252751e-05,0.607984645730783,0.26282423444910824,0.12912426339583832,30.182546472695577,13.589544386110159,9.608671963681715,9.608671963681715,True,131.20529861740548,7.236273434882962,0.7732303777616066,0.0014210201473588756,-0.003256733675996703,-0.0019510408435088752,-1,,0
227,0.0008465612269436771,0.01343171170000517,0.018791719162428694,0.4867544668900244,0.39047774225416687,0.08969779876643114,41.12312676999801,14.408778904847807,9.392988215976372,9.392988215976372,True,131.94587536717228,7.3623321987323465,0.1920933248089422,0.0035405079736081824,0.000755977043346969,-0.0020101986003863443,-1,,0
228,8.98520876715519e-05,0.0020223734626346086,0.0032082083132457815,0.6889848119477787,0.10930315716785961,0.19639159702080985,30.063054674528654,17.273376855830673,7.286902912142012,7.286902912142012,True,113.40666845166045,7.254068042765064,1.400504480747648,0.0016806956060461413,0.005512690593060017,-0.002090326983272366,-1,,0
229,0.04195009912757677,0.6462509388160524,0.014971650121011487,0.24286632779008888,0.019478478745925655,0.03448250539934484,30.28729141385927,14.94830916237892,10.354927066521162,10.354927066521162,True,100.60004942715669,7.024926395590901,0.11025420870734727,0.0004229110517730713,-0.00018554950670316236,-0.006956091201534364,-1,,0
230,0.005618698839447739,2.593603463935085e-05,0.1510112154505459,0.6764553011464491,0.01684189067238005,0.1500469578565377,33.630774000241075,17.51412922613728,7.460115002851674,7.460115002851674,True,117.54663590279047,7.323840923907961,0.6609773793198194,0.0023616192765227423,0.0056521663134384585,-0.0019764141171028154,-1,,0
231,0.0010693347099183829,0.001985631000420853,0.08779776782784766,0.7401340473980379,0.16343296614031774,0.005580252923457497,37.98878259219038,16.714519397699487,8.207552518867061,8.207552518867061,True,134.5454313687531,7.384692850695328,0.36445759551816986,0.0033328285879719918,0.00475171185542536,-0.0015682694309652615,-1,,0
232,0.005135025889571448,0.003404192256512304,0.0024563794034506703,0.5850978727618789,0.2878471278806157,0.1160594018079709,30.84717663675861,12.97092624687972,10.130600172399191,10.130600172399191,True,134.54196347078042,7.23889986465962,0.621708726190207,0.00144537386309687,-0.0027927152026175368,-0.002010668699326331,-1,,0
233,0.05919163474606815,0.0008727154399287575,0.0780399765836041,0.5353506944938616,0.0890955188233068,0.23744945991323055,33.496279566220565,10.182764829524906,12.11323652013621,12.11323652013621,True,142.70415594437821,7.224399186357699,0.6999715440989146,0.0017399671226267465,-0.004661429852915696,-0.0014889259869268758,-1,,0
234,0.10763313225539908,0.0013346509642017295,0.010055682631106462,0.6956378737726703,0.1696533512026892,0.01568530917393338,39.19968435472991,12.235245832696902,10.465344800740729,10.465344800740729,True,149.99522972732765,7.36105338615001,0.3626977209376562,0.0032932402490166626,0.0013902032361404605,-0.0014283322531274043,-1,,0
235,0.04937670123045875,0.021543165947204228,0.033980979591003345,0.43992263002290355,0.10613721283162157,0.34903931037680863,30.42664949768485,10.543294621170975,11.340824631222146,11.340824631222146,True,125.53339386506862,7.16141613325085,0.989546579609937,0.0012710949463233857,-0.010520702056987937,-0.0014206632138685513,-1,,0
236,0.0916238071126005,0.17783687285694422,0.022379718866650238,0.6311363938035012,0.029774953132173623,0.047248254228130226,37.334071575238234,10.144419102031648,13.010035180938191,13.010035180938191,True,160.57538380418663,7.282580521359295,0.3116383426364817,0.002251154042312988,-0.0007087033382545769,-0.0015924391426480778,-1,,0
237,0.48037281547242505,0.02074633017431447,0.2035930376605456,0.2373957430768567,5.200666674308735e-07,0.057891553549190795,32.44328560939549,16.53257303058297,6.824889871474774,6.824889871474774,True,72.41101598024913,7.232575457064366,0.14260363077196078,0.001176914574799663,-0.00042936097893073226,-0.0034984322032222967,-1,,0
238,0.013148154934922277,0.002248758854121789,4.993808234698885e-06,0.8731757521688328,0.0020454198120963066,0.10937692042179206,39.593377143272036,15.514802966747373,8.169858817673102,8.169858817673102,True,140.69242858929402,7.392617463577726,1.1131797564763302,0.004544329758327539,0.02302506163268544,-0.002037194754560384,-1,,0
239,0.0009154657802372809,0.40480955793918455,0.02672855720678244,0.4685465889020838,0.03364020370733922,0.0653596264643728,36.08033184673775,12.896160797974188,11.318908158277132,11.318908158277132,True,135.5227020877238,7.218105137314654,0.15098589458683137,0.0015458884172339924,-0.0005319110906062743,-0.0031744726720300386,-1,,0
240,0.19416483233370613,0.056859503059318174,0.06581724619775478,0.6064179752657032,0.07195797206256957,0.004782471080948218,39.39579305993047,10.218599244213515,12.333075877438215,12.333075877438215,True,151.87645191377578,7.315233862415464,0.24937884647337066,0.002657127840834768,-0.0003446350785717727,-0.001513794679531083,-1,,0
241,0.23104020354922494,0.05194258237484496,0.16845780128343496,0.48924002970269487,0.03141816323423872,0.02790121985556152,41.03763676464794,17.684492664778166,7.108673592721383,7.108673592721383,True,101.07396767388079,7.372986700281665,0.13933210787928205,0.003326328121219873,0.00036125062257058837,-0.002185165966905859,-1,,0
242,0.00380177075207903,0.08665381131415302,0.10858964723211437,0.40317911083567937,0.058414559755964685,0.3393611001100096,32.641173855459776,15.795236096660988,7.956435891920134,7.956435891920134,True,104.34558137032658,7.267957382240838,0.4800646938398279,0.0019092880807827792,-0.0018734876377206051,-0.0024229784176124838,-1,,0
243,0.005874747229028474,2.891923613310993e-07,0.06521218893755668,0.886814028635969,0.01382302045242558,0.02827572555265887,40.79445294306847,17.89031468426107,7.4103606352805675,7.4103606352805675,True,134.4761445664668,7.439575652681022,0.6603008668525192,0.005142514303384384,0.01823146689381293,-0.0015858228094093871,-1,,0
244,0.3251141187125106,0.24513540331167538,0.008012792308262037,0.36068896492028935,0.01607272289282999,0.044975997854432626,30.040595972098266,14.326536972297408,8.471094971888373,8.471094971888373,True,91.49110088676859,7.1985418556034695,0.20712456438699872,0.0009511261522356116,-0.0010587694819882041,-0.0032647730767872613,-1,,0
245,0.11967091583452831,0.09237362898023309,0.044140728375444485,0.1217484849514769,0.018959610179621576,0.6031066316786957,41.27608531953124,12.657669422935165,8.682177994827718,8.682177994827718,True,94.07017811652354,7.325009265715728,0.28854700707251096,0.003955108350394136,-0.0008907574170635982,-0.0022328936103481792,-1,,0
246,0.07846754709612887,0.007355298969062728,0.005669228937042625,0.7968709222067314,0.002250791584651683,0.10938621120638273,35.78461902554914,15.660828341038188,7.901368486381578,7.901368486381578,True,128.14768233275473,7.343232680931875,1.0396485300976457,0.0030008077339133492,0.012577564971484606,-0.0018847124570759508,-1,,0
247,0.0032452909929490408,0.031800936415372565,0.00491204719722525,0.7502737366435848,0.010345661943942722,0.1994223268069257,33.51083215532209,17.649407850792528,7.092196651058925,7.092196651058925,True,116.66024223861722,7.307111212671588,1.3696685373231967,0.002500491097474811,0.016062106100309552,-0.0022564668066716483,-1,,0
248,0.09347321745042439,0.0025058351245671297,0.006051745918031084,0.779174091920255,0.030461610394116767,0.0883334991926055,32.313331262385546,14.694605875744251,8.43816772915277,8.43816772915277,True,129.09905056156146,7.282254491113303,1.1796903175178177,0.0019897033217738946,0.00429719998619355,-0.0017497695007423683,-1,,0
249,0.00512622112441858,0.13700249700911482,2.3878929777621405e-05,0.8239037910025172,0.002053512014173269,0.031890099919998596,37.38773600925977,15.993484366267474,8.4376552977376,8.4376552977376,True,140.07398039409404,7.376075496728933,0.5989089473661555,0.003381381150586629,0.009171664614474936,-0.0016426248724673595,-1,,0
250,0.052373737013729466,0.05046762631319425,3.160337031439814e-05,0.8462223442425547,0.011243656331374622,0.039661032728832424,38.844542947232696,14.27699106315657,9.038181448900165,9.038181448900165,True,147.457753836047,7.384573397841718,0.7268296733167353,0.00388608888459978,0.010429245504003641,-0.0015566987225760988,-1,,0
251,0.011049602727618731,0.008196366610823208,2.5471956784102207e-05,0.8865145438708062,0.02834616210887355,0.06586785272509411,34.03116543829461,16.21997595547492,7.959973309243106,7.959973309243106,True,134.85859963609838,7.3141753486065175,1.436819870985319,0.0025590672193295297,0.018967937645874042,-0.002200702697806933,-1,,0
252,0.001801821339328856,0.5113636851070508,0.009893053778016195,0.32931071621083025,0.04143751036617992,0.10619321319859401,40.09751466008314,15.91696069197148,9.295720533994023,9.295720533994023,True,113.30593677324018,7.246577143947669,0.0909295175003736,0.001997001004513721,-0.00020268268997946075,-0.004015723101943517,-1,,0
253,0.2960088875778229,0.2812321331742521,0.05352210511570961,0.24186129233653098,0.12720485139306123,0.0001707304026231096,38.169322301081806,15.55875704547769,8.264881000670785,8.264881000670785,True,89.63920572950617,7.232626106239132,0.08839772674812751,0.0014634016141685054,-0.00016995135446306266,-0.004055021329694084,-1,,0
254,0.0030964661356195065,0.00801643873437259,0.006016623624048848,0.8896553879296693,0.014314852515471613,0.07890023106081832,38.9802962048739,11.401298085419224,11.31590656896059,11.31590656896059,True,175.43774927434148,7.344380029340002,1.1227238168871914,0.0037341658516631617,0.009481113563079735,-0.0014619242789281302,-1,,0
255,6.576255671049152e-08,0.03921000128704111,0.0038455881836302035,0.9040792706460746,0.002398007568430065,0.05046706655226724,32.90624774526946,15.148221146426987,8.6555402380285,8.6555402380285,True,142.72574136972676,7.284721662905489,1.529901250450715,0.0021901403689889086,0.013438713272863551,-0.002033482534582068,-1,,1
256,0.03179644401397506,0.031849074425428885,0.15393523128055314,0.4191401682242663,0.22035844202857485,0.14292064002720167,31.71148039422483,17.91198111234961,7.47727233263422,7.47727233263422,True,101.31984521430249,7.265575262126971,0.23701600115244473,0.0014839650336411386,-0.0004909024399824682,-0.0028956746715608824,-1,,0
257,0.14716284586575928,5.916482069131674e-10,0.04453931001370605,0.4861502349311109,0.15668189491386667,0.1654657136839089,38.49352245242216,17.297773251223077,7.021334481619513,7.021334481619513,True,102.5312964209486,7.37410402898443,0.28245272690706924,0.003348486012148457,0.001655914896759194,-0.0018864987595520611,-1,,0
258,3.0347162373482587e-06,0.39591587111505977,0.009465435727247838,0.4018637487485108,0.006182178341055193,0.18656973135188906,35.92173610143168,11.848954811706639,11.711604809092462,11.711604809092462,True,131.50196484769762,7.209554028209205,0.19051069294837653,0.001659451837041018,-0.0009133426651294727,-0.0029524500530308862,-1,,0
259,0.0718032727065906,0.023795559754237784,4.367190373675398e-05,0.6534298460230055,0.20895330149055316,0.04197434812187628,35.918303360037676,16.50600897868595,7.8764523821456605,7.8764523821456605,True,121.72496978313723,7.355127350806013,0.3808569161395207,0.0026737023013683986,0.003003990975946757,-0.0017726065003358504,-1,,0
260,0.08071412261256974,0.005310508489238001,0.38958270563836916,0.49941230126027836,0.005160465263115757,0.019819896736429,32.253604255628204,16.253589327921468,8.630918593618363,8.630918593618363,True,112.5927716952199,7.2311736621738385,0.16738304995874312,0.001227357838958442,-0.0006508495470673981,-0.0032493505833569754,-1,,0
261,0.00024493509433056126,0.014527403639053183,0.14270556051623423,0.42104286324275786,0.10320461944230006,0.31827461806532414,33.272597415114994,17.030241338583416,7.400371003999527,7.400371003999527,True,102.14867476520541,7.2928200459765815,0.46906317147663407,0.002121082115892935,-1.6068286974760757e-05,-0.0023529030341037076,-1,,0
262,0.005155485798497411,0.08260337801766658,0.001586997798301629,0.5662748116018888,0.047624255222947554,0.29675507156069814,32.492006271353475,12.53025117106441,9.863943077511633,9.863943077511633,True,129.47518793253167,7.23409990157045,1.0200340304376998,0.0018401900729493,-0.0053127088094966045,-0.001615110979252206,-1,,0
263,0.0038485759376393897,0.13661745981694146,0.023611261474780577,0.4989129402052741,0.030870622494093978,0.3061391400712704,31.147081980791906,10.25939665100651,12.228285763944267,12.228285763944267,True,137.91211069181213,7.16936119183954,0.8552746209614153,0.0013403124791131788,-0.008591555664581417,-0.0015012999789847372,-1,,0
264,0.0011976448320448515,0.05361103806230903,5.141296265877108e-05,0.6729130799023976,0.04897537545751191,0.22325144878307804,34.32350110089033,13.571431784482481,9.247936979143912,9.247936979143912,True,134.42650362358253,7.284045018187704,1.0648737097974585,0.0023857808294139686,0.002218937554848236,-0.0017398831968701979,-1,,0
265,8.962510158784996e-05,2.5185645097328997e-06,0.004204969530542362,0.7571498705270135,0.03491690824409726,0.20363610803224935,30.726870821731634,10.674199915889286,11.664253233053385,11.664253233053385,True,155.0946182839748,7.153483485769275,1.8876419181282282,0.0013862041293314976,-0.009316578956138487,-0.0009261168707759154,-1,,1
266,0.017386032151481236,0.003287116098201413,0.07347017998131082,0.5792186163942432,0.09673032813870786,0.22990772723605551,40.49553373023939,14.79126125937632,8.503962757702261,8.503962757702261,True,126.9727381787504,7.38498444926663,0.435411577256909,0.004327831574243042,0.00379644997557421,-0.0016353569012706646,-1,,0
267,0.009113875045116319,0.004653083412189692,0.0019449696468161637,0.9380290015430212,0.02279947723171792,0.023459593121138936,34.76874559396582,10.597440593133847,12.336602635668475,12.336602635668475,True,183.4462265002576,7.259434515256953,1.5482888550375504,0.0022583845764501316,0.003330352196139248,-0.0012824379172595235,-1,,1
268,0.0011119246146069647,0.0035704739626235705,0.16585150868028756,0.7518093158877978,0.07573205683086764,0.0019247200238165603,36.47686380495364,14.669634923624816,9.46148906096534,9.46148906096534,True,146.18109308638063,7.343564961980991,0.38228782398488736,0.002688572314998285,0.0026109871674479925,-0.0016879624765171405,-1,,0
269,0.200101895666519,0.0016432696016492813,3.5828884725237856e-07,0.4701141021615614,0.014150334876545524,0.31399003940487746,33.447066732500936,16.644496539122947,6.700826222221426,6.700826222221426,True,93.02689914426124,7.309882424977338,0.7512295673700126,0.0023163541349712595,0.0017834935823148204,-0.00196426958983078,-1,,0
270,0.03476215351016259,0.01976984499188781,0.2405398717521687,0.41087630700465366,0.22616096680380515,0.06789085593732212,35.72715724388303,11.87099109154437,11.779964389375905,11.779964389375905,True,134.42909656545413,7.210066079565973,0.16478117443446105,0.0014589703660696503,-0.0005771291413442519,-0.0029995691306791213,-1,,0
271,0.05210170605260884,0.004640728776720673,0.009789184154529996,0.7531846687206577,0.1755768506340339,0.0047068616614489205,40.12026443608211,16.01911828286795,8.22362784757986,8.22362784757986,True,135.2752863929778,7.413327956645943,0.3822937502106797,0.004170255639438511,0.005582088576192515,-0.0013840375121741777,-1,,0
272,0.0003963717316167366,0.46416708805090584,0.01771946121171068,0.43190281624417953,0.02825580083065067,0.05755846193093666,36.815390220579786,16.598537244343188,8.947479428443408,8.947479428443408,True,116.1332445948099,7.249352640097183,0.11390024205318086,0.001677257049244418,-0.00024610705359847664,-0.003603071440513372,-1,,0
273,0.13509829003272097,1.8051567733214855e-06,0.004044665725079632,0.3533331046452789,0.43764913617959744,0.06987299826054959,32.798926686599444,13.72239416333851,9.348985447409556,9.348985447409556,True,109.73036349435935,7.235190313260094,0.20770569746618697,0.0013208508143482357,-0.0007432365663777885,-0.0029567655051556297,-1,,0
274,0.0238445015627836,0.00796048174587826,0.010258201362020299,0.5698766985818832,0.11062706000708544,0.2774330567403494,34.314841376459704,12.680111006817175,9.636877112338828,9.636877112338828,True,130.17009794644952,7.272395240517124,0.9058357821619624,0.002267388035708395,-0.0016398607317301048,-0.0016682310397978669,-1,,0
275,0.00014181721070253647,0.006602165750342292,0.03527188088884599,0.8739729775160446,0.034850462858555704,0.04916069577550887,36.80838926642743,10.23663228173858,12.855579896365203,12.855579896365203,True,186.31460819875852,7.297467822240106,1.0758620824678895,0.0027478422392200356,0.0029840542976919764,-0.001232980726974258,-1,,0
276,0.04413957724452889,0.004401752678858336,0.0005470549406368826,0.5871208129379484,0.20108728127748784,0.16270352092053966,32.1075915220695,15.294945104704505,8.24780343178182,8.24780343178182,True,118.18224921967168,7.285032664549044,0.6898646400553957,0.0018768427585141587,0.0006274248528204113,-0.001999589480482942,-1,,0
277,0.06364906617588668,0.045409125184409045,0.01879074047810926,0.3365271352015819,0.3690468476708627,0.1665770852891503,31.958673957292888,16.76200191740557,7.720330714377074,7.720330714377074,True,98.36719040832615,7.2582226253901005,0.23432967609604435,0.0014643810496610867,-0.000666464537737883,-0.00301001977831569,-1,,0
278,0.000155228315699617,0.08732698950046013,0.005654000677032305,0.49369985933316374,0.29211292420148754,0.12105099797215652,32.74307603735954,14.22323116325843,9.46855310469399,9.46855310469399,True,124.67597234641728,7.260485155380551,0.31852007267678983,0.0016243340590225638,-0.0008617424452186654,-0.002481044166105739,-1,,0
279,0.0129486293828955,0.07144786926313079,0.002833030959544329,0.7430841564912145,0.11662015738066411,0.053066156522550756,33.494260809910486,13.721576141387956,9.70734422303244,9.70734422303244,True,144.0786580675615,7.296986745965693,0.6986124991941995,0.0020817697950799774,0.0022586281024553046,-0.0017649796330826823,-1,,0
280,0.005656370496541323,0.0654851377979479,0.050839307728334365,0.7598646126213922,0.09231220257083764,0.025842368784946508,31.454274273147433,11.107440821332663,12.231495861110607,12.231495861110607,True,164.16753478848156,7.2289300767019,0.8004306262950036,0.0014659706925010958,-0.0031735992278649036,-0.0015244415120541782,-1,,0
281,0.00821974921800606,0.009548873567340946,5.356308986225347e-05,0.4615250412241498,0.20207842523999525,0.31857434766064574,35.577543049713064,14.989484444528301,8.174509764206933,8.174509764206933,True,113.4515699358129,7.315175383755429,0.6048524056040794,0.002702251895155446,0.0015112556836321008,-0.002020005294831438,-1,,0
282,0.0416560264756437,0.1901850216318157,2.1232906287647484e-07,0.5735991153728345,0.1499866290075184,0.044572995183124964,37.27446972945645,15.926059619251323,8.582190291845505,8.582190291845505,True,124.19371163742805,7.333204699727738,0.21570725867571108,0.002543207190202184,0.0006135045493992028,-0.002142057829756355,-1,,0
283,0.07708269368402494,0.43043347037977436,0.08442429441647538,0.22193442934975055,0.05670556621589074,0.12941954595408406,39.155450665276625,14.633594222691256,9.676131010903095,9.676131010903095,True,103.76785738501825,7.193756545068274,0.08817366791532247,0.0015463372249214203,-0.00026123116871275477,-0.004623647559406132,-1,,0
284,0.091333546616268,0.00019847919440535864,0.12613245240777365,0.7139078661694662,0.012898818471103406,0.055528837140983375,34.55250686547957,17.864667834136995,7.207322320406497,7.207322320406497,True,115.51886636658766,7.349504613699301,0.48367657893489185,0.002508298671613088,0.004540152170669461,-0.001762051743973459,-1,,0
285,0.00046339266877239025,0.003638842012661064,0.010342336408418881,0.5423824394747131,0.10819124736759324,0.3349817420678412,36.79341605364469,12.379732569581156,9.789411665169203,9.789411665169203,True,132.68581752155546,7.3015806356279525,0.8336509967555985,0.002946530070701499,0.0002983696569406067,-0.0016385553363537555,-1,,0
286,9.969684339750585e-08,7.225458267088847e-06,0.30211919254724406,0.5413171727463151,0.039084028847106704,0.11747228070422355,37.01081471023318,15.60086467787609,8.850264366627126,8.850264366627126,True,124.97183730465044,7.312597711134499,0.2211256416155517,0.0024652273193329233,0.00019558562289640423,-0.002330603576987073,-1,,0
287,0.11714096462007413,0.2587598832092749,0.12456806781967857,0.4161176755610699,0.006138060817171243,0.07727534797273129,32.666590415182405,17.44181897409688,7.761125212021261,7.761125212021261,True,98.99187332384486,7.240443591754627,0.15703260092532356,0.001319430454092113,-0.0005886694055878348,-0.0033801727324641252,-1,,0
288,0.022352392190662596,0.0006264724948521385,0.0001442560633017091,0.5215431706600193,0.1952083100678793,0.26012539852328503,40.634262611234995,14.61925132473109,8.44915151084737,8.44915151084737,True,123.32714429254112,7.384535223773069,0.4289529768388318,0.004359143534229736,0.003427314403242448,-0.0016753377218920232,-1,,0
289,0.01852295533875176,9.636837470695547e-06,0.12962710597113053,0.7834417815801581,1.5756239120338255e-05,0.06838276403336863,38.07920709345812,12.269125688075235,10.776005735629058,10.776005735629058,True,160.69177566117497,7.344724870448164,0.5965344043302435,0.0032382223188355264,0.0034361044120934416,-0.0014453148256717097,-1,,0
290,0.028742916921809945,0.29961865487622197,4.777067450519656e-05,0.5378846127274953,0.0044794418004590105,0.12922660299950856,36.82998704224431,12.605773071563465,10.74619599860812,10.74619599860812,True,137.35567327973297,7.280646986056799,0.24925064220729012,0.002239069247311894,-0.0005946679824364269,-0.002225759918492839,-1,,0
291,9.290204208894603e-05,0.15275673847209,0.09357555856558283,0.4952083231974454,0.02641648193158389,0.23194999579120884,34.326945174131005,12.878093468768224,10.189804160915262,10.189804160915262,True,128.8999439688627,7.258357145687091,0.38346053412418246,0.0019564710226650127,-0.0017691489076260235,-0.0022400128994964586,-1,,0
292,0.00032340901341296776,0.16257259930851542,0.017018805752868873,0.4475011318422078,0.11172576996442757,0.2608582841185673,32.85507898311081,11.61812568815849,11.119317624739706,11.119317624739706,True,130.3875687568317,7.219128468684204,0.44982022771458846,0.0015990343163205408,-0.0032695030923004715,-0.0022086325081850707,-1,,0
293,0.37991974232028386,0.06940624170368574,0.10883120187501634,0.3076254871517981,0.045284017802711886,0.08893330914650402,36.13040919957538,11.012852257473853,10.494661329441849,10.494661329441849,True,103.26701350719394,7.2346471080239425,0.18484157307750324,0.0015742346545882832,-0.0006266594340110705,-0.0024991153461318438,-1,,0
294,0.01198469468353275,0.008121658510531784,0.011209854732528977,0.399736650213428,0.14613599347111728,0.42281114838886114,31.789969342368085,16.445175084869945,7.198249939588595,7.198249939588595,True,97.60264098899259,7.26344343655242,0.9511746596664343,0.001953632752077479,-0.000790292307242814,-0.0021658221765937283,-1,,0
295,0.008548031788675406,0.3407344588649172,0.00021658458808772484,0.5726657516650985,0.03353870500608213,0.044296468087138954,37.003764888952794,16.167933292130726,8.824944697229894,8.824944697229894,True,125.88876660570796,7.3114057016900835,0.1809587872300108,0.0022909638977917607,0.00021328549075588592,-0.0024311501794462152,-1,,0
296,0.47017116915927604,0.01594755643734666,0.0036600353594591684,0.34866023069522817,0.0070653173787582095,0.1544956909699318,33.131835710056365,16.615223977909146,6.369273343933165,6.369273343933165,True,77.42161370279048,7.3037573451860895,0.2810654009904615,0.0018235596743430783,-0.0006371118649726765,-0.0023657948766404803,-1,,0
297,0.0026043573113786324,0.005977177430874362,1.2548297006332928e-07,0.9365690748739376,0.03804308445745788,0.016806180443381533,38.37129888074608,16.777107044779996,7.843345802040866,7.843345802040866,True,140.92946002465814,7.395592393009128,1.0644476269227696,0.0040922143799963,0.026614088871505244,-0.002145261064056412,-1,,0
298,0.20992930459284934,0.013782194143494212,0.004306501223137894,0.5223960262243746,0.018003910274577515,0.2315820635415664,41.001872381010536,16.015400151106512,7.1194750235857445,7.1194750235857445,True,104.41585369695362,7.406134295461144,0.36830491986281483,0.004554845936239284,0.0029032102524287834,-0.0015690830156383936,-1,,0
299,0.014069391246017774,0.0009546285138029084,0.2764023869636674,0.6269368689068756,0.008295528824061567,0.07334119554557479,32.488941329571375,10.208843106264103,13.486966686217302,13.486966686217302,True,160.6341634349929,7.204423153907239,0.4231221523898119,0.0013583230952864123,-0.0024119621706216437,-0.0018875855134469007,-1,,0
300,0.13455075019385368,0.0002368778065290682,0.03963766253272361,0.3948675047176715,0.02823906169095761,0.4024681430582644,30.168953417356356,11.191419502096647,10.074638485385357,10.074638485385357,True,110.3426246257085,7.168117608905554,1.0890542361736575,0.001299311484007823,-0.011396175364159296,-0.0014036685952483698,-1,,0
301,0.02433546521217982,0.0004751888372797023,0.0014749327450793933,0.7999027974821183,0.12988792932562349,0.04392368639771915,32.8047226353101,16.293846838140656,8.014476018822457,8.014476018822457,True,130.16522512667188,7.313421336639951,0.982628266143065,0.0021787665177829723,0.010339640042098681,-0.0019950150802017113,-1,,0
302,0.10270654578812906,0.21430966387835032,0.12454337198356968,0.46523420572455754,0.08719931070583453,0.006006901919558888,30.931981385872305,14.931802443066532,9.313828914868893,9.313828914868893,True,113.16266292996507,7.199349763880752,0.17779959966096967,0.000992629557767712,-0.0008375313608406274,-0.0034374546180705543,-1,,0
303,0.006400293196117007,0.291098434920167,2.9764994301118067e-06,0.45182089513155027,0.045942470168999876,0.2047349300837357,40.59222559897455,11.226059127884982,11.93489298811754,11.93489298811754,True,143.1984696839692,7.292480853175973,0.20380627526418152,0.002967102725352111,-0.00044360928932672103,-0.00210915732431236,-1,,0
304,0.012929373950698524,0.012037096512950011,0.009231313086534071,0.629605709492407,0.09630968479322113,0.23988682216418927,37.940068236541,11.822709466734496,10.484405168322844,10.484405168322844,True,145.9542719939728,7.322486575708788,0.7440391258496359,0.003233843497829244,0.001657072774404116,-0.0015053741141508171,-1,,0
305,0.04810249301462622,0.01948231212218527,0.0005848715403279585,0.5261046730435739,0.22960649561841426,0.17611915466087244,36.5222447103041,10.151495314953142,12.44644921350215,12.44644921350215,True,150.43473423594176,7.272540637710082,0.4325977811745964,0.0022656074640225324,-0.0014159120275745803,-0.0015982176416087627,-1,,0
306,0.27051009660488534,0.006103310288302996,0.004325884435460414,0.5342162030589199,0.10164991604950965,0.08319458956292172,31.355027003777234,15.454331582788917,7.556607016838931,7.556607016838931,True,100.99213637652754,7.285752474373883,0.44429242683004955,0.0016020181464142889,-0.0012331208240909698,-0.0020650591364724,-1,,0
307,0.2989703515488131,0.0034358328164387987,0.016370898203696672,0.51479489408373,0.07779120605742987,0.08863681728989148,33.384985400998346,14.648631391867397,7.87176626031663,7.87176626031663,True,102.9642825679119,7.301217420814726,0.3727329950985153,0.0018847488408689768,-0.0008440721860346962,-0.002018030232540593,-1,,0
308,0.06060978345247115,0.1850157699128311,0.009041949696444338,0.5210411901925898,0.19428405457044629,0.0300072521752173,41.94314310045574,12.956279456377565,10.577717602793284,10.577717602793284,True,140.10021958309014,7.339418803098037,0.15196557440875536,0.0032478503701340424,0.0001357890937786373,-0.0021023096566397865,-1,,0
309,0.001078311736189398,0.3273756771238028,0.024789319445847332,0.5969839572095549,0.04825203381968599,0.0015207006649195051,36.6985469519816,11.669966364429623,12.509069516415813,12.509069516415813,True,157.22683598024673,7.251669057722105,0.19040481001348566,0.001814134523284657,-0.0004294921713831368,-0.0023556742885895744,-1,,0
310,0.04177484803983116,0.15900830382773246,9.916419123714679e-05,0.7060638977081792,0.01990333165872015,0.07315045457429996,35.65618947783007,14.643990743990212,9.026829509446081,9.026829509446081,True,135.18094652388226,7.331119754868742,0.47622095695365513,0.002577108642774002,0.002306210972628245,-0.0017487239580667036,-1,,0
311,0.0035880728876613926,3.977766409672857e-05,0.40716241186403923,0.14898454370042966,0.3745424726418359,0.06568272124193716,40.31761702801475,15.693403431125457,9.623959769602955,9.623959769602955,True,105.57528248760408,7.1740277242065185,0.06851928172159417,0.0012989286023902184,-0.0001009042284960507,-0.005666296687622966,-1,,0
312,0.019616505165713137,0.01196404332811288,0.0008748720449702231,0.660202410894926,0.2912188787846915,0.01612328978158595,33.18480812638097,10.06451253233348,13.412064722537156,13.412064722537156,True,168.03014914438032,7.238107040159798,0.50629104205322,0.001551827225204945,-0.0017584004030802283,-0.0015912092115551878,-1,,0
313,0.012371044738889055,0.008300909555562862,0.0003326094856272906,0.42897404612413564,0.3923002704127742,0.15772111968301097,40.972548602764775,14.99476422816778,8.741274981764228,8.741274981764228,True,121.64168718919586,7.3658051310642225,0.20774120250831246,0.0036751144685255766,0.000843092174796017,-0.002059751587612226,-1,,0
314,4.476834515048253e-05,0.19543752962271266,0.01220743706300457,0.6780317218300715,0.0991430095218811,0.015135533617179583,31.680496490873903,12.918002928239078,10.866630659977275,10.866630659977275,True,147.24950186796482,7.247871180000447,0.40954224437081554,0.0014475313622586044,-0.0012543498636221637,-0.0021073475495602535,-1,,0
315,4.041307470385588e-05,0.09872388853473775,0.01091217808356289,0.6442942271353113,0.11660519184916134,0.12942410132252294,33.08437412466404,12.673666104574396,10.421150443399076,10.421150443399076,True,142.36492590267758,7.265855721094531,0.6275192089897688,0.0018667484946385156,-0.001395852347837926,-0.0018209167636555113,-1,,0
316,0.015487021135740945,0.3016184181885221,0.04430200161781284,0.3078639513799209,0.11994051748267148,0.21078809019533176,31.78039685730986,12.2604208267053,11.124979666921952,11.124979666921952,True,115.73860571139197,7.150024311542038,0.21443594876394562,0.0010480045651228415,-0.0013492975121726846,-0.0036001317138207316,-1,,0
317,0.1059560607722674,0.0003932466237713574,0.00013441574705006274,0.7732201804158314,0.000462468681624083,0.1198336277594557,31.24759897526981,10.071100660037267,12.076484073077241,12.076484073077241,True,155.9607730017552,7.179132730094683,1.59523483716776,0.0014186540502730222,-0.008123658875902768,-0.0008674172657464319,-1,,1
318,0.15265040813086075,0.029388396380419953,0.008289406394563827,0.47632353009721573,0.009047145005816857,0.3243011139911229,40.59330990492114,10.339685712636825,11.031679036261876,11.031679036261876,True,134.1046682736418,7.334820445197825,0.45565847451235497,0.003734490298825479,-0.0007587836051209658,-0.0013533646341477425,-1,,0
319,0.02142684569591229,9.354686884112942e-06,2.232611364213364e-05,0.4601705512726331,0.13851016421902804,0.37986075801190017,32.10754759593147,16.813497836030336,7.060185084648551,7.060185084648551,True,99.73530577480524,7.274863171073458,1.0253918972678753,0.002059021956718104,0.0019553741761043873,-0.0021399564571637436,-1,,0
320,0.02677892934522595,0.0019868162873375905,0.017322029062500535,0.5447454251913434,0.18964126787552021,0.2195255322380725,32.86156558148533,16.44590441423215,7.615281116638272,7.615281116638272,True,110.94896337487079,7.3010287902368844,0.6689412994674812,0.002112671562370705,0.0022779368955936925,-0.0020804050665184015,-1,,0
321,0.1889745069024214,0.006174829216018978,0.0011094616403848913,0.40398964923429304,0.2766371011589882,0.12311445184789355,41.2140366755836,13.536097711016797,8.970906920130185,8.970906920130185,True,114.72326793933537,7.354275144684606,0.18536148463260516,0.0034117558762708417,9.453530397666804e-05,-0.0020526617073215936,-1,,0
322,0.018513677822051326,0.10606982333706605,0.29191012660542126,0.47253128644347386,0.10953080010733136,0.001444285684656051,39.03185946207601,14.886249914774766,9.915787037802788,9.915787037802788,True,129.49268708130566,7.271256528208365,0.11111122246607437,0.001998153559644314,-0.00013034025556915094,-0.0031666491234238706,-1,,0
323,0.04650486795998614,0.021079108803083686,0.012490409892934914,0.4028838428309228,0.00920367941786259,0.5078380910952097,40.672092762037664,14.908439426524701,7.575454682437294,7.575454682437294,True,105.69865043186964,7.374779034990114,0.6661119167203968,0.004765620362068347,0.005061179905077919,-0.0018009372106149659,-1,,0
324,0.12368541768698522,0.0017717975851456818,0.012712515615471764,0.5953970538201561,0.2597397476729367,0.006693467619304541,31.330944794447614,13.29193532184481,9.703993353966856,9.703993353966856,True,128.0343266410047,7.258733340135615,0.4021874664613703,0.0014093886502681908,-0.0013301419037762413,-0.0021038637051544865,-1,,0
325,0.0018362997448778812,0.030273641117259387,0.0012227271902077851,0.36330130234013486,0.4392707030001516,0.16409532660736859,34.19461074819965,13.766180524265685,9.65919699534904,9.65919699534904,True,118.89691883336704,7.253066466548964,0.23792149130188395,0.0016913725518726932,-0.0007412341858457564,-0.002794975673995302,-1,,0
326,1.0017485237899758e-05,4.0753526210512515e-05,0.0066713898363329515,0.9589958825528794,0.017558476941722224,0.01672347965761691,35.39153152560311,13.269251508579977,9.905116043187176,9.905116043187176,True,162.68072201072482,7.306448410983713,1.528852472663664,0.0027288225609338945,0.014955470633932402,-0.0018859763715794436,-1,,1
327,0.020347561163088154,0.03276958810454259,0.0026290206102620524,0.8526840311223085,0.004782895862425715,0.08678690313737314,41.120169231351746,16.857179147547956,7.614196083900967,7.614196083900967,True,134.17479581714198,7.431776406704445,0.7647816372252081,0.005311300223711007,0.019218785661619425,-0.0017118303842701354,-1,,0
328,0.002559035275632251,0.014885771671097012,0.1897893518629637,0.6376991091882439,0.11352488816363335,0.041541843838429925,35.75481892023187,17.430885843989536,7.971249631348798,7.971249631348798,True,123.19176750949863,7.3387918294386925,0.2695481964217633,0.0024348561184419906,0.0015682962646671034,-0.002001798132907474,-1,,0
329,0.09311072942407546,0.015125718496285691,0.06327770413261041,0.7884337146142286,0.02925143889133625,0.010800694441463483,37.13944421193462,16.116990309563022,8.009285445925256,8.009285445925256,True,130.48091118615253,7.377966525763767,0.5103870957262318,0.0032172325285796718,0.0063094884936034015,-0.0015456393302270453,-1,,0
330,0.14846119459693644,0.0034730922546155397,0.4210970776833985,0.13433984639288266,0.18936394642299137,0.10326484264917554,30.23521721344549,16.198233281341462,8.437001046519065,8.437001046519065,True,82.57854493023417,7.099515485682106,0.11424589159082592,0.0006070809940276233,-0.00028958777272563115,-0.005756091569965588,-1,,0
331,0.00026975901590739335,0.02351399780418555,0.2092123752375266,0.36826201605737746,0.016768937888132194,0.3819729139968708,36.07620465541936,15.831491554082799,7.882998136874086,7.882998136874086,True,104.27569870868527,7.30528298448032,0.3721458926805001,0.002660708959586656,-0.0003222890507839871,-0.0023636554864991622,-1,,0
332,4.643241207783372e-06,0.22655407463157254,0.00676846169401386,0.5255414761192111,0.23360091077253292,0.007530433541461756,34.298814813246615,12.193848055026397,11.832613544887002,11.832613544887002,True,145.25816466680666,7.224511576066704,0.19803108844929135,0.0014044143098694852,-0.0006138233298280709,-0.0027097332347447915,-1,,0
333,0.05595528132983332,1.1112096433961212e-05,4.816436721175396e-05,0.8645796457285946,0.009839424881970758,0.06956637159595558,35.19294334506954,12.384598124067807,10.176872265121602,10.176872265121602,True,155.74813343175464,7.295976868246992,1.3172032088176193,0.0025579314058890817,0.006329627254441386,-0.0015499834190123916,-1,,0
334,0.01532941378117333,0.04467476427827557,0.125498289381415,0.7701989482005538,0.037850647076675965,0.00644793728190636,31.158928457532742,15.795281758396634,8.68160604920929,8.68160604920929,True,133.6647669658973,7.287839590707214,0.6102023679647253,0.0016734710408113295,0.0020623433956680776,-0.0019287610576650298,-1,,0
335,0.034908717393331415,0.13753459933869167,0.0001338267211401592,0.7403295059099518,0.0015636801912502444,0.08552967044563474,33.442717223206664,15.467842141689577,8.471613552626437,8.471613552626437,True,130.12192962183735,7.3106122544277214,0.714934753283176,0.0022058094277549586,0.003982804729470705,-0.0018415967176913688,-1,,0
336,0.07136330784478714,0.012024925146754668,0.17271042790670393,0.3594644997548115,0.32141814892083725,0.06301869042610547,30.08953493640274,11.61154097984052,11.763259916247058,11.763259916247058,True,122.19656532996682,7.136163963448036,0.2279062296997799,0.0007936303089162603,-0.0011158028658915114,-0.003405901127010945,-1,,0
337,0.1242435841309602,4.014644786731884e-06,0.05683898156025607,0.6839553473888526,0.03852054810964712,0.09643752416549732,38.35742904202223,11.482685861089255,10.775176873890304,10.775176873890304,True,148.6622503322067,7.339009020527937,0.49143714276724143,0.0031158395808605003,0.0007341498197923334,-0.0013830970114723528,-1,,0
338,0.0428323582850038,0.0005866722495946013,0.15413178596411609,0.6489152468066818,0.056875908057585044,0.09665802863701871,34.39903237517885,14.003269402156038,9.387045130443365,9.387045130443365,True,133.66960097897757,7.301522255219535,0.45790720053723283,0.002164301657074524,0.0003224056197236632,-0.0018866129080640148,-1,,0
339,0.05646222683188154,0.03987447133292189,0.00021722216464024392,0.7491990609022223,0.052857016588431865,0.10139000217990221,40.881164830443886,10.306590437849284,12.298204504451565,12.298204504451565,True,172.67210959808446,7.361750210690142,0.5471856983563758,0.004006670441931297,0.0019266087715117523,-0.0011357841293373843,-1,,0
340,0.010721269873831,0.23119190479844268,4.352414709924757e-09,0.6336468204812904,0.016363902636337566,0.10807609785768363,37.712506290285305,13.43090889298055,10.059132654822076,10.059132654822076,True,141.8345762420564,7.326809268651796,0.32564497968719974,0.002830096689394297,0.000618314453051524,-0.00183393323161816,-1,,0
341,0.011500709901834315,0.00015047329802449983,0.00375641579912119,0.3708626963299744,0.1716071129071202,0.4421225917639255,37.22322821574822,10.29536479871511,11.42938664686149,11.42938664686149,True,131.47945619371995,7.266929673111383,0.6083903705869496,0.002676911274766397,-0.0031289388662002304,-0.0015659573728032696,-1,,0
342,0.06682970235570261,0.01435586099087106,0.04111542125587071,0.8407316540890151,0.032575122435779626,0.004392238872760819,36.2894228967293,12.451897099823864,10.446035340507063,10.446035340507063,True,158.592872754389,7.332143047565613,0.758619482986871,0.002761902969644872,0.004601607883759451,-0.0014676645817478706,-1,,0
343,5.713167367961545e-05,3.534644494341847e-05,0.4383402294164363,0.2608765296684081,0.2786967899088598,0.021993972887672672,34.30927054632382,12.249244826164327,12.493292357183826,12.493292357183826,True,123.87614137518459,7.069359733592841,0.11053473796417705,0.0006712207651840642,-0.0002130946762260428,-0.005373940939537409,-1,,0
344,4.1831908439771744e-06,0.015704840475996972,0.0017453024609802514,0.8968369960872077,0.014375642419848646,0.07133303536512242,30.421420546010193,14.788487918734301,8.76356648958997,8.76356648958997,True,140.40738682341504,7.226446750304609,1.9183617965186843,0.0016330149775323063,0.005818276825476234,-0.001807541464048099,-1,,1
345,0.0014054400411145865,0.006486573805390737,8.20135826919123e-09,0.8396233757694771,4.437700086742196e-05,0.15244022518179193,36.441752173995404,13.762099473568183,9.146771330052943,9.146771330052943,True,146.413339375945,7.315751888883906,1.451147878852295,0.0031131764745693244,0.013445272575587591,-0.0018913662619003595,-1,,0
346,0.11370574018208811,0.018325876469793122,0.01792960686325102,0.3526685519034426,0.0010437218138776986,0.49632650276754753,37.87147373197012,13.542940512986217,8.159185169111273,8.159185169111273,True,103.41388215370144,7.323723432903611,0.6534257523241785,0.003369748799018957,-0.00014602584510093182,-0.0018138511723667606,-1,,0
347,0.02935435702645221,0.00023147622245785386,0.05327874221970099,0.6290822910189149,0.1411106172152444,0.1469425162972298,35.3181115025735,16.988265581126655,7.5448665745532075,7.5448665745532075,True,117.10255240252206,7.345632308351033,0.5453514785659161,0.0027288872002551035,0.005077075993979922,-0.0018894496010377461,-1,,0
348,5.199145470313227e-05,0.036522759689962526,0.01573014548407596,0.8056461874892685,0.02177873077708544,0.12027018510490434,35.83430254595042,11.527983396817003,11.18796328701264,11.18796328701264,True,163.67189971324655,7.290968099137858,1.1235973651553892,0.00262316350906286,0.0030611421585812998,-0.0014454607146859168,-1,,0
349,0.030204790093155815,0.25187966986772004,0.039086336169434265,0.6557247151746399,0.005361586569366575,0.017742902125683552,38.13736130285703,17.220692588631206,8.124857439787402,8.124857439787402,True,125.29194714475727,7.357704415813352,0.21360315225084686,0.002899175579004627,0.0012334271747905814,-0.0019208781025035282,-1,,0
350,0.050856268601889396,0.1483301140660712,0.0037844852395745015,0.5053588110491303,0.01983619463673106,0.27183412640660354,31.490198388872475,15.368838996147005,8.062392046463245,8.062392046463245,True,108.71942999133908,7.261378495575274,0.6698585153941892,0.0017464401192128455,-0.0026391429532871915,-0.002110786778854011,-1,,0
351,0.31811891316113866,1.354363990212533e-07,0.24313756863855923,0.4110152383300932,0.0001730521055005977,0.0275550923283094,30.2397680336568,15.55374637177869,7.816110599860033,7.816110599860033,True,91.58003362417229,7.223857378044793,0.20784290616674267,0.001055308806281568,-0.0010644051892741441,-0.0030843592544931215,-1,,0
352,0.0001331334411754655,2.34377002778308e-06,0.10531364699515762,0.39451246838060405,0.23197386104599865,0.2680645463670364,32.174113057818964,11.712410573471882,10.942225166953143,10.942225166953143,True,125.64284021941295,7.208371771268342,0.4327695387303464,0.0014618324514969376,-0.003307124127651241,-0.00236605969102793,-1,,0
353,0.007392333036287269,5.3613852727622214e-05,0.001298777966491357,0.7418887950580733,0.024716886931962733,0.22464959315445784,31.326092843109702,14.103391374186902,8.73287790617613,8.73287790617613,True,130.09529424409303,7.221238897744107,1.789084199194355,0.0017667731779688464,6.948899641676484e-05,-0.0016353598466538398,-1,,1
354,0.001941512867683596,0.11465651199396985,0.0012112407491097223,0.7366531839068498,0.07810721462276525,0.06743033585962165,36.99564053104681,15.376308753091312,8.722792636430274,8.722792636430274,True,137.61693640840753,7.359397107627558,0.5052047022129829,0.0030950640416579247,0.005249036821155243,-0.001682976357682634,-1,,0
355,0.0007572959891471544,5.296704013282904e-09,0.054848620611179115,0.8799008506172982,0.06193007079726192,0.0025631566884097294,36.2893171706209,10.789671972031904,12.452298696119646,12.452298696119646,True,183.58461620861883,7.306029098832808,0.9213839799187115,0.0026228264150421426,0.0036015737154269155,-0.0013335288340600563,-1,,0
356,0.049545885101556365,0.28568262459284555,2.8568332185525403e-05,0.582512938410098,0.0734210791867675,0.00880890437654719,38.59401919809272,15.213208785379095,9.211759927065064,9.211759927065064,True,130.16101445390086,7.3270044553412665,0.1699553331674179,0.00257744884955507,0.00026224378526375826,-0.0022571236721433572,-1,,0
357,0.07268592922013246,0.004427681623230768,0.0015584954599093751,0.8208991068293364,0.0110958510055351,0.08933293586185595,38.333670778713355,17.53984150039716,7.107289395589525,7.107289395589525,True,123.02229676858143,7.39944323632671,0.8450327490719993,0.004061094919145315,0.018148462201249032,-0.0018602371963722295,-1,,0
358,0.037217270728204896,0.0011033449920265666,0.14229576239753572,0.7153234252327856,0.08734205449893281,0.016718142150514505,37.71316928276113,12.900256447655458,10.478416582065217,10.478416582065217,True,152.4562776446466,7.338853793436228,0.35216090958386137,0.002835574178645854,0.0012450998092223317,-0.0016102132192396196,-1,,0
359,9.730516354019661e-05,0.050050580917697284,0.05175158346297145,0.37362063458547207,0.48455287959527654,0.039927016275042436,38.41221057418859,15.47515697578741,9.171325911659899,9.171325911659899,True,120.06994803231692,7.291670619492368,0.12522729801245544,0.002105707972485605,2.614882504045115e-05,-0.0030341494588772442,-1,,0
360,0.00021678520775187597,0.16193568422742108,0.09659308284974692,0.6575379088856985,0.00015087985346657603,0.08356565897591514,38.413875489878315,11.36519204465754,12.093119285371195,12.093119285371195,True,161.75800537045157,7.308827323510479,0.3094196116005362,0.002750559004206094,-4.818169275447282e-05,-0.001684039961884914,-1,,0
361,0.012206557779813075,0.08907530377238147,0.00021834466353511553,0.6738981931540469,0.004043623205111716,0.22055797742511193,41.06312716013278,17.402879639257417,7.213068342990325,7.213068342990325,True,119.18959714885708,7.42023390729631,0.5789365928908948,0.005145212614300737,0.011110516332186899,-0.0016292506914878907,-1,,0
362,0.02577431535229607,0.08705230883176351,0.001555744767374185,0.7596743108472257,0.11669232444955244,0.009250995751788,34.568905703350524,14.291588541161625,9.431902315504002,9.431902315504002,True,143.64540121461408,7.3227757598359515,0.5414487624563259,0.0023069463065362446,0.0031149603398027913,-0.0017272329576878498,-1,,0
363,0.0857466648489057,0.008442394612056888,0.0004818565715113354,0.5704855842084308,0.21616976397935064,0.11867373577974467,36.489714167756276,11.743501034595194,10.725829994356525,10.725829994356525,True,140.35483412075257,7.304412330246631,0.40854010786620415,0.002434166588209063,-0.000425020308751125,-0.0017078842005973575,-1,,0
364,0.015172026698820581,0.028050608737111522,0.2756475745327137,0.5093804010265842,0.08365980236339225,0.08808958664137778,37.30361694729387,13.209210669675837,10.546110068655949,10.546110068655949,True,135.9457534113772,7.276103551375815,0.188683594523004,0.0021385866488575203,-0.00036724275606832025,-0.0025094525047959053,-1,,0
365,0.00868737574756383,0.01597788793400747,0.01742997611276446,0.7164911231518073,0.23389937420821794,0.007514262845639057,37.9980172879415,15.137458929089947,8.970572518997747,8.970572518997747,True,141.07815288799324,7.372710844945807,0.3706445228513717,0.0032088243716444135,0.003722966456682574,-0.0015979465843485008,-1,,0
366,0.21587535274230418,0.016571376040992784,0.01717524890704416,0.6709970349385767,0.015018652888569566,0.06436233448251254,35.8167596476767,11.72278878268058,10.187611663373529,10.187611663373529,True,136.434505103958,7.312711722293805,0.5366781924887466,0.0023948024730203465,-0.0005733914449876112,-0.0014509262853266466,-1,,0
367,9.658731909776987e-05,1.7982935325465868e-07,0.0017415412676892266,0.9029336166063233,0.06003595080943458,0.035192124168101656,31.81054869207807,15.015864548978662,8.736795597405715,8.736795597405715,True,142.92552869417906,7.2664076996456695,1.6206439881621753,0.0019279366330329944,0.011356353278776838,-0.0019975937975131803,-1,,1
368,0.12912562929144186,2.7730486322603154e-05,0.023265789772100497,0.4856808462716264,0.11644616964697263,0.24545383453153605,35.540809089639396,14.915433242973126,7.9447791807195065,7.9447791807195065,True,108.77469905391172,7.3225341562975235,0.49638936174450954,0.002596871690172877,0.0006066666287206871,-0.0019324847044611692,-1,,0
369,0.03539441773675271,0.008947821485726292,0.006198419135029897,0.6194439537587559,0.17550586394229925,0.15450952394143594,36.7088616293558,12.708629197337658,9.982390732852975,9.982390732852975,True,139.99939440197775,7.322264934046572,0.5479062176966935,0.002780660224029931,0.0012072251131907395,-0.001665836461796968,-1,,0
370,0.036615334055516306,0.010084104666512817,0.16167153487628705,0.7349996265315037,0.05475113601220693,0.0018782638579731177,40.74759908162923,13.610504749789056,10.016714806710471,10.016714806710471,True,152.2133730921005,7.3827246649941385,0.28468044622345334,0.00383528110337591,0.001947427951682347,-0.001453936797098612,-1,,0
371,0.1566496582773668,0.3818540711452185,0.000510567288440893,0.26060833212123036,0.005911702686679614,0.1944656684810638,34.84326937289468,12.35836273066991,10.396424907474527,10.396424907474527,True,104.12359825078522,7.184898839348957,0.16279717378421127,0.0013360220985013781,-0.0007540714443157752,-0.0034820930082990085,-1,,0
372,0.000490906644847972,0.1493658254020973,0.12929337690193826,0.3729719694288182,0.05892683405654663,0.28895108756575166,39.036169351753514,16.79357913814866,7.772538807092007,7.772538807092007,True,105.74293217183458,7.334552813556747,0.21585446751897863,0.0031893270265032285,0.00033714681870202114,-0.0024528967912191145,-1,,0
373,0.0016169080802297437,0.08276080822311085,0.0001008490385048301,0.38245220789148887,0.1336326160227905,0.3994366107438752,41.62734450410368,14.302703393518623,8.483442470807104,8.483442470807104,True,114.91337768813517,7.373136424925073,0.35986045415719736,0.004614111943979117,0.0015150443195016921,-0.001853788766187163,-1,,0
374,0.024754386332178052,0.00023855978745670396,0.007020923271071407,0.7999606590441734,0.07282497846282845,0.09520049310229209,31.505763537889063,10.093540941698322,12.669311062165155,12.669311062165155,True,168.19517483921757,7.18601961966525,1.521921219222845,0.0014657142709801438,-0.006421550244552955,-0.0009990210602168336,-1,,1
375,0.03135616318175153,0.00317398743227883,0.09235344530936934,0.7110634197969298,0.0671599660851847,0.09489301819448591,41.37882648786048,13.25256245384568,9.834729542918643,9.834729542918643,True,149.21241975441677,7.3938033916940915,0.398070790973839,0.004452128462326952,0.003384785213090603,-0.0013796541008876868,-1,,0
376,0.0007588564008888282,0.004337039299433047,0.07197309602799822,0.6674095884425937,0.13702113172386982,0.11850028810521639,30.123631382113892,12.465288701584008,10.554188559097701,10.554188559097701,True,141.77162179467757,7.216424380665092,0.9042963835550222,0.0013628597206084634,-0.0053797173252317695,-0.0016981508215146378,-1,,0
377,0.018846328867125114,0.47437560203585094,0.1093681629286361,0.14732107289615182,0.24519137423283077,0.004897459039405295,37.44553890823365,10.700191997179079,14.899496781657799,14.899496781657799,True,122.17868163041712,6.945960507083354,0.09457248782042732,0.00042842783535995514,0.0001654030181234892,-0.007180125011250663,-1,,0
378,0.0013982975605553553,1.3861759956773706e-06,0.047146082142926996,0.8978765685787251,0.005918256696806818,0.047659408844989995,38.41705687964022,13.105764227190324,10.0186379835089,10.0186379835089,True,162.8198283564611,7.360303340754669,1.016948145648867,0.003705885942284863,0.01325710389944503,-0.001688879146439489,-1,,0
379,0.04479269953593181,0.038837706704752284,0.024372959380645487,0.8399367376992275,0.01570805334050715,0.03635184333893577,39.6300100428863,14.597289488522117,8.90977172654055,8.90977172654055,True,146.74626769697534,7.39828428642948,0.6376110027162297,0.004194139499896497,0.009936459446471157,-0.0014893341737318546,-1,,0
380,0.02086324848528202,0.01061975819434171,0.16380183889505903,0.5407773518357224,0.0604673027885931,0.20347049980100174,32.70589205029203,10.232557095103708,12.624538491981653,12.624538491981653,True,146.87461889120314,7.20653550182262,0.5713769393795913,0.0015190642392427457,-0.004119112138511976,-0.0017276127697639595,-1,,0
381,6.172243276030929e-06,0.006428644124787047,0.007286432644023561,0.5143411116354615,0.44572502496569005,0.026212614386761982,38.83049765403491,12.04814653681809,11.488217408123058,11.488217408123058,True,149.8576009265013,7.306230214241523,0.19819786721477123,0.0024835191006698223,5.331331005607662e-05,-0.0020845905745317233,-1,,0
382,0.13111957743230274,0.0009196126024806413,0.002382625698580638,0.5952194863865722,0.2308079248114413,0.03955077306862256,39.196561145836995,16.52628227881364,7.657598658438164,7.657598658438164,True,116.50749807645686,7.387522764123265,0.26211025561285756,0.003450602914461598,0.0019637888030890342,-0.0016801153568987732,-1,,0
383,0.008820316734869993,0.0054820783872863155,0.08252094370756362,0.7460492939977996,0.0020071911852605306,0.15512017598722003,31.705893437442256,15.334387322588512,8.346884938105923,8.346884938105923,True,127.94138874395288,7.265888214490856,1.2429728721723339,0.0018996713395517469,0.003725496306739724,-0.0018823385797017,-1,,0
384,0.0042055225485610175,0.02411391767444677,0.0006042057671347933,0.5549387624081498,0.0028469766603364606,0.4132906149413713,33.753976070246,14.774733323880007,7.944468654841159,7.944468654841159,True,113.22813445306747,7.261460321324679,1.4412533385811295,0.0023765742614375077,0.002042057310209336,-0.0018550284446625742,-1,,0
385,0.0011142053783908463,0.0012253593207703897,0.0006346662485726043,0.6317464691808232,0.3248438756592372,0.04043542421220565,35.5306627398169,12.420007066338432,10.886935902815601,10.886935902815601,True,150.66545358044078,7.302063144874094,0.3830747512671927,0.0022073331835197364,0.00038826601558210403,-0.0018182059136439695,-1,,0
386,0.0022770755467882396,0.0007116379043308356,3.1109464665025854e-07,0.9024557771202927,0.07095758584827001,0.023597612485671524,37.740554643139305,16.529242789751905,7.965923772900611,7.965923772900611,True,140.2415803276517,7.38594963815056,0.997563033488329,0.003781864061971599,0.022566805043944302,-0.0020564983623874516,-1,,0
387,0.00917818552805625,0.00919718237175834,1.6925860953716168e-05,0.7503214776283214,0.20293928118321805,0.028346947427692233,40.111010345042644,10.776605589706516,12.388301467627025,12.388301467627025,True,177.2254282203277,7.35794650734493,0.4428877876338871,0.0035960136938798146,0.001966068337064766,-0.0012510412484140207,-1,,0
388,2.3033068619720814e-08,0.00388571465157442,0.11469046512896953,0.7345590901243524,0.04355819244197777,0.10330651462005733,37.61064341571977,15.174882316568157,8.710065585772222,8.710065585772222,True,137.7046418541849,7.3636627773460654,0.5655268894073329,0.003358561894104016,0.006247931659801139,-0.0016752622362269398,-1,,0
389,0.039166353897394306,0.02889400157169167,0.11432387068402239,0.6705625206573561,0.009611088641444788,0.1374421645480908,36.738716242887655,17.56026098899089,7.343933775755736,7.343933775755736,True,117.31872216843722,7.36705017506715,0.4914804447899341,0.0031721708740266802,0.005659430896163851,-0.0017569040502514938,-1,,0
390,0.04407645668361679,0.007641199300144568,0.023042691703140637,0.591287492494803,0.1326435217960852,0.20130863802220986,35.77817156206256,12.918423438806386,9.64191108563643,9.64191108563643,True,133.19587289407022,7.307387719631053,0.626617127662162,0.0025811823679812627,0.0004562566352553003,-0.0017184368242556692,-1,,0
391,0.2013320081872022,0.0011563379678774066,0.09229299813157942,0.470732218691705,0.010315422839424219,0.22417101418221178,32.086053242407054,16.710583096262326,6.970722142547679,6.970722142547679,True,94.37238019138799,7.293059021776947,0.4960521793953922,0.0018646188113727066,-0.0008022972080357172,-0.002139802810826953,-1,,0
392,0.038907168023593806,0.14578268090317947,0.004531089939064772,0.6084234288681658,0.006306589055337842,0.19604904321065847,31.57951546990234,14.330150111720418,8.865359698057967,8.865359698057967,True,122.47801309671239,7.25784882686937,0.7646566751800212,0.0017276865424329874,-0.0025714644583120514,-0.0019045746090775445,-1,,0
393,0.009218707110222484,0.0008889452781427121,0.0034465530517449176,0.3784582859405419,0.39579209113339525,0.21219541748595266,31.080550387296945,13.68171116501707,9.429559560945815,9.429559560945815,True,114.77435242925583,7.227171852513538,0.3806881396140795,0.0013717133998360827,-0.0022814377667761936,-0.0026688431676851923,-1,,0
394,0.008822214526915366,0.30313686956235325,3.3275072170398166e-05,0.6254171425447081,0.025724016051495126,0.036866482242357494,31.254716959799442,12.105009592829605,11.674886828042222,11.674886828042222,True,146.56551557483024,7.212859342500002,0.3477504704298455,0.0012378875096607945,-0.0019013059336991248,-0.0023492897820320377,-1,,0
395,0.02336202328526243,0.0017829177079074024,2.1628413439914117e-05,0.35537659434246055,0.07720207879621141,0.5422547574547183,34.35068039319438,10.514791615629154,10.734107336827986,10.734107336827986,True,120.61610097552804,7.21171535248073,1.0557873660635864,0.002073064026508757,-0.00798913424010156,-0.0013284145768203083,-1,,0
396,0.00027795343691088236,0.010363784270303654,0.011839966325230163,0.525924663601218,0.23769747363485585,0.2138961587314814,32.93803706625865,14.801128010123215,8.623403817033012,8.623403817033012,True,119.86140052016098,7.283216879307291,0.5984349279795369,0.001985536389058045,-0.00013366309640352293,-0.0020878716736645437,-1,,0
397,0.02020802474464589,0.009309764094647963,0.028655896463485275,0.7337026851331624,0.18618332110020575,0.02194030846385278,38.50528966902254,15.377029899800663,8.705200297681737,8.705200297681737,True,139.0906620984935,7.383774584063523,0.40930505788386345,0.003497949535204921,0.004829832952988563,-0.0015411330683120922,-1,,0
398,0.02453784303147726,0.013014694150394468,0.005075517693135112,0.7066505289314903,0.10418849511958198,0.14653292107392082,33.16289114923966,17.941345061880963,7.066345419687424,7.066345419687424,True,114.44555766503234,7.322518909614956,0.9513565966897607,0.002363528034758901,0.011247138566547132,-0.002104147564133912,-1,,0
399,0.0008689421425878445,0.0011772747339715412,0.08488790387797103,0.5952592200890584,0.2807319252133638,0.03707473394304722,34.905457809449956,16.20213225739551,8.499090613150674,8.499090613150674,True,126.10819867038062,7.321153157479264,0.28139171560905984,0.002163332799899158,0.001104951427206372,-0.002117565001522161,-1,,0
400,0.004580936153908411,0.00043425899051860965,0.02204213803420393,0.8977819009348644,0.04553255499729966,0.029628210889204854,32.62837200217979,17.801675890282176,7.394519506916042,7.394519506916042,True,128.5698624788362,7.313999691769995,1.3507614578033738,0.0022717304106114463,0.020774126072726194,-0.0023116879463588804,-1,,0
401,0.004510906717667148,0.08878774046529443,0.13588913319513887,0.32641250108067427,0.21461417868867666,0.22978553985254857,34.380714542859295,10.000219386201557,13.32543965042617,13.32543965042617,True,134.4548706775027,7.168230622657744,0.24882075537933956,0.0013522711835953678,-0.0012886385265260204,-0.002635709246294315,-1,,0
402,1.0796767054082753e-05,9.068626568771284e-05,6.681169592890281e-05,0.8939066435584188,0.0007046572547965386,0.10522040445811413,37.43407816976658,16.62126206757551,7.67184716397866,7.67184716397866,True,134.6266589327311,7.363755632041957,1.3784859498735145,0.0037491400042829874,0.027792010493171055,-0.002357478650663552,-1,,0
403,0.35536123119482693,0.04312139261863383,0.0014677503208704197,0.5031200572790795,0.006595026753424807,0.09033454183316467,41.19150749241956,10.899006347408653,10.338639048299042,10.338639048299042,True,124.02749805774621,7.350901599026081,0.24068996458733055,0.003374923611570669,-0.0003353079844235778,-0.001516218236192789,-1,,0
404,0.07440699470323067,0.00038426766199183075,0.0066238382726294225,0.7111200874179416,0.05484233353447085,0.1526224784097355,39.87575675457689,13.404977255243942,9.1728605534797,9.1728605534797,True,139.61643014026845,7.3810941412600695,0.6411783073715659,0.004160691205454262,0.006035487644165264,-0.0014779712734626237,-1,,0
405,0.05837134440714547,0.005045674995075895,0.00019342059635313216,0.5852546197885858,0.22065365204552237,0.13048128816731736,30.789185177391058,14.239036415670721,8.912002168792945,8.912002168792945,True,122.14475862771094,7.256749829603203,0.6716352416670599,0.0015405863268038243,-0.0021058223422610626,-0.001994250495738906,-1,,0
406,0.01080182334233591,0.15193334706247782,0.0005337814585633814,0.5527048995292726,0.020446579556112936,0.26357956905123736,38.26925851111642,12.296709118731703,10.269617994283855,10.269617994283855,True,137.5986433559282,7.321301117318553,0.4779998299726689,0.003175195932213442,0.0001347314617279928,-0.0016956958890130974,-1,,0
407,0.00018614143370837826,0.000735830079468943,0.022247136934370262,0.5599907410659232,0.06147640273700378,0.3553637477495255,37.06208703773036,12.37735115711546,9.707027528061985,9.707027528061985,True,132.98678655062164,7.302242866098857,0.9403923845324984,0.0030758652671956438,0.0008840313918843859,-0.001601798931488031,-1,,0
408,0.05731501631474558,0.04278563470946833,0.02476790454212469,0.677900535487221,0.038355918097131236,0.15887499084930917,33.57414901234492,17.0628187549896,7.339807342424808,7.339807342424808,True,114.6140724363294,7.321640908584796,0.812391675500058,0.0023830995876979602,0.006788978108504102,-0.001956331423692136,-1,,0
409,0.0008488540213748177,0.009782787962483951,5.444163478067454e-05,0.834273173135875,0.09825162307334948,0.0567891201721361,35.44534698378672,11.993855778046395,10.936464923110474,10.936464923110474,True,164.54677614296742,7.3010044922668165,1.0633527953391804,0.002550213037076947,0.005080920995380097,-0.001547472899384107,-1,,0
410,0.01680686611874573,0.00789532139990612,0.0013585854185442104,0.6412462753916996,0.1161080059297488,0.2165849457413555,40.521455644742055,12.730031420197669,9.780393356601085,9.780393356601085,True,143.33997130187612,7.373876855329976,0.5866374481442652,0.0043036538653883506,0.004287131051135292,-0.0014870956012685618,-1,,0
411,0.0033590569595799485,0.03798072872233922,0.02283060062137264,0.5640986218881374,0.13750566803416983,0.23422532377440108,39.33375487901607,14.974763511951352,8.446450150321237,8.446450150321237,True,125.30527020807581,7.371138318789522,0.46127711967195756,0.0038845623121867554,0.003758772786161713,-0.0017338539475327598,-1,,0
412,0.00013144582472308475,0.00393255904016162,0.12823660361530048,0.6220330891257466,0.18824386593480047,0.05742243645926777,38.04712828638705,13.294117203734285,10.303306439290377,10.303306439290377,True,146.11078301934793,7.330719472207475,0.2815021077006084,0.002789650502142976,0.0007176701184444095,-0.0018467841411567917,-1,,0
413,0.13676657146638474,0.0889036480272799,0.004222874442970968,0.670091081601478,0.0002178383871657751,0.09979798607472071,40.18962226465467,10.425048913231187,11.85792099277279,11.85792099277279,True,156.86854399328152,7.346136018536421,0.40189368022288763,0.00347717543613553,0.0002040609404819067,-0.0012541253423651465,-1,,0
414,0.31289532495548034,0.01483585561074141,0.14205214174454575,0.35875208106088174,0.05690080791351876,0.1145637887148321,40.887287567990256,11.415009853011043,10.2734355315012,10.2734355315012,True,113.18698160549278,7.305643952852984,0.16105588635608864,0.002731944433191655,-0.00040154297469451185,-0.0021650064584108047,-1,,0
415,0.010673550335854338,0.1095845736677052,0.004898011930264888,0.7227954916252399,0.04729628174847457,0.1047520906924612,39.06595148619968,13.091551508183542,10.04778868571713,10.04778868571713,True,150.52389291906306,7.36215032543004,0.501148834398989,0.0036119340768452283,0.00356190866764371,-0.0015073363312996413,-1,,0
416,0.024688170370896483,0.006721646914813097,0.09222433602475139,0.6257777699256674,0.1531203835428911,0.09746769322098049,31.971736223872735,10.478186061786264,12.605248887291534,12.605248887291534,True,154.95967249831838,7.2160585836559346,0.6114579274713526,0.0014307219423426469,-0.0036353885250965403,-0.0016587875724368153,-1,,0
417,0.28534194933191886,0.16208470720624643,0.06672703943226496,0.3984190645823099,0.05448189481650445,0.03294534463075532,37.00105934244843,17.866077628759193,6.910480208252754,6.910480208252754,True,90.160546520421,7.312414612607622,0.1348911727431689,0.002083096901512603,-0.00010830547810333863,-0.002783598066223484,-1,,0
418,0.0007060472317179072,7.274773032796172e-06,0.002050002465860834,0.5627695924839102,0.006902488919298812,0.4275645941261796,40.37382679539134,13.672026464783938,8.521253837809603,8.521253837809603,True,124.9707321020352,7.361084769883739,0.9899313429189295,0.00465506079067035,0.008592914096953133,-0.0017455750305397039,-1,,0
419,0.2940981590982559,0.08520403202109177,0.001954551926783473,0.575424264293985,0.021637993408676857,0.021680999251207214,33.616213741684845,10.60444915722736,11.206283337485186,11.206283337485186,True,130.31491752300175,7.257008306324361,0.3987547395581291,0.0015933722634129967,-0.0018529872824722268,-0.0016775804772652069,-1,,0
420,0.09021341440723714,7.43738079835929e-06,0.00021430501338881125,0.8429797226175944,0.02540336108924441,0.041181759491737135,31.632794635049482,16.043289936634476,7.824862346378933,7.824862346378933,True,126.38084664903477,7.287328314281831,1.3014020278019391,0.0019340714333011542,0.009177001450337952,-0.0019120089467922928,-1,,0
421,6.819814534054822e-05,0.0016416816852760081,0.0360813435755938,0.4930940194225125,0.0009895495814555362,0.46812520758982157,31.62045815563636,16.854053049036004,6.890479346656614,6.890479346656614,True,98.59421069067457,7.242263359883887,1.5544684982124939,0.001996287654378046,0.00242518814477122,-0.0020701378063235436,-1,,1
422,0.1863013968226269,0.009347750198273788,0.001817912355928159,0.6878072784962606,0.031508153979320774,0.08321750814758988,33.91639396089334,15.11732555066651,7.922019431987967,7.922019431987967,True,117.47516757067756,7.322615879690476,0.6778565358619357,0.002290650878373974,0.002533710683141096,-0.0017007707121112373,-1,,0
423,0.06549331600163863,0.11540436555311981,0.003368961623812884,0.5463673387296477,0.016547297890540522,0.25281872020124047,32.85778485623235,15.690231438416113,7.825289527895566,7.825289527895566,True,110.09967441381363,7.288826831017602,0.6959999164008586,0.002076217575019484,1.8511306277806932e-05,-0.001999830894144805,-1,,0
424,0.025716550065026832,0.23811506223577364,0.00019617459591394048,0.5829886256577722,0.13710356312645686,0.01588002431905651,31.017384322136042,10.809155954242234,13.008303550513077,13.008303550513077,True,151.6793384577722,7.1843196666597375,0.33299994504789876,0.0010648838006870756,-0.0018219802158381765,-0.002339053545427528,-1,,0
425,0.025821127016976503,0.01795384825927446,9.19950681323666e-06,0.6033434859946654,0.3303528394421601,0.022519499780110214,31.747866090509536,13.191751091792465,10.247901529426874,10.247901529426874,True,137.89296280518198,7.257625481079717,0.40036883328110195,0.0014720751454469127,-0.0009179241490819467,-0.002148547991562788,-1,,0
426,0.005038501766826035,6.26004377723314e-05,0.0005531430769337707,0.4871378626457206,0.017201210894415946,0.4900066811783311,35.60936656803136,12.361504237770687,9.260058530305137,9.260058530305137,True,121.52813006107259,7.259314938177077,1.3014267376728077,0.0026717290016658626,-0.00245367168366776,-0.0015218833006493521,-1,,0
427,0.00013719924641959056,0.05592769457022807,0.022524452200637195,0.7370710607602327,0.11813822901286704,0.06620136420961557,40.776749007472056,14.071559121179309,9.491232207024229,9.491232207024229,True,149.02046512479993,7.397409917098009,0.41678123320014604,0.004325488928709709,0.004738805924672573,-0.0014196694687657835,-1,,0
428,0.053164938151318036,0.009859574271596987,0.0057206039343299375,0.6979062431740486,0.1635092518628,0.0698393886059064,40.97989698268091,17.928894751844272,7.193043795458136,7.193043795458136,True,120.73649919589957,7.431874756514702,0.3716926427720008,0.0047382862747504815,0.0065134979815724275,-0.0013810098935548155,-1,,0
429,2.9886692474289373e-07,0.1796942131922315,0.26132537491009666,0.3290758306655153,0.22982284413153434,8.143823369731699e-05,36.39080790293649,13.338585304682342,11.51275825578211,11.51275825578211,True,126.76046844594558,7.143193680292903,0.09780164008449815,0.0009870382496598496,-0.0002429758205745894,-0.0047433986020669755,-1,,0
430,0.006847086907590177,0.0012993537948006995,0.003950347347169552,0.5885145008308883,0.3015302366457608,0.09785847447379047,33.397680510394515,10.762407606984793,12.286709409521723,12.286709409521723,True,154.06220552934215,7.24332287896836,0.5051854067050494,0.0016717740226911248,-0.0020136741003573834,-0.0017577910944566067,-1,,0
431,0.19673270573722643,2.9178902270657643e-09,0.05763580286922018,0.3253843500853996,0.19117662293417137,0.2290705154560921,35.12923373489503,12.93539730588277,9.1097946988231,9.1097946988231,True,104.4146056632792,7.2697582720021545,0.2770338671179278,0.0019467223803662215,-0.0011806413263562257,-0.0024348232237653687,-1,,0
432,0.003983003341043927,0.1222330231184516,0.03120325760505522,0.21772064324305085,0.5975518781215209,0.027308194570877478,35.203625870801005,13.777425345683463,10.642381645808365,10.642381645808365,True,114.69489006041216,7.155581908265668,0.10501798833046616,0.0009643565587051334,-0.00022051242810274563,-0.004702999937645879,-1,,0
433,0.014179514960240181,0.05507757850334773,0.32491611121653285,0.60181786546833,1.6104714507114756e-05,0.003992825137042024,40.18723397639745,17.694010397322756,8.184875886811962,8.184875886811962,True,124.56757577185553,7.356283561447065,0.14264214232606334,0.0030473536614207364,0.0006236142365213481,-0.002207784779744078,-1,,0
434,4.8312538926527836e-05,0.19370237205686813,0.3353317485984721,0.2468028766445855,0.04349345235370451,0.18062123780744324,34.29370718491937,17.851594686623237,8.085671089043432,8.085671089043432,True,95.45124735325386,7.190939707495813,0.10861591755995374,0.0012279926545736553,-0.0004598516772998418,-0.0047079361260421925,-1,,0
435,0.006479371669433482,0.04667753075854314,0.002604148684102825,0.8339082134506952,0.021876082600898576,0.08845465283632666,34.66765519758917,14.985926049342556,8.659689300071959,8.659689300071959,True,140.003883738152,7.316198651061534,1.1753934653673281,0.002620956612953561,0.012051055190548398,-0.0019507502011641175,-1,,0
436,6.961358018988599e-07,0.0006674033521123177,0.11826112855469541,0.1885034044002919,0.21974231751220305,0.4728250500448954,39.952104478047225,15.46292043482649,7.827349842494482,7.827349842494482,True,96.91668653228966,7.33345539546382,0.2540049049629479,0.003609249148904487,2.8011576000679692e-05,-0.002516693758460603,-1,,0
437,0.00030275693721400475,2.0586619343682123e-05,0.005624674986421347,0.7406861157566778,0.0033579740539049436,0.2500078916464382,41.05082330242713,10.829501633208144,11.30776637472657,11.30776637472657,True,164.47891593083628,7.355006057217721,0.9691943764232294,0.004526779986834344,0.005519152960394525,-0.001292283613878194,-1,,0
438,0.023598904553731773,0.04023534083935026,0.09453660004361797,0.8170316721777295,0.008904087972977663,0.015693394412592796,41.626464194724676,12.397071570437872,10.846056183514927,10.846056183514927,True,167.59849458519037,7.397732320151134,0.41868583184914177,0.004494010038523156,0.003883927034372424,-0.0012243880563557398,-1,,0
439,0.09692163524464456,0.02764308967017302,0.16184240190213023,0.6874412829693476,0.003906726825016387,0.022244863388688158,33.5310679356766,10.21237780499198,12.90099373200911,12.90099373200911,True,160.06023997239666,7.243732719383438,0.47854702472885624,0.001615150089716795,-0.002042556196764371,-0.0015615358987343098,-1,,0
440,0.0259148897468768,0.015304803122773105,0.0004660328146171992,0.9334136550982762,0.024450082397279575,0.000450536820177072,37.726693321993864,10.630092952274998,12.32875677569026,12.32875677569026,True,187.00544384937416,7.325069211037913,1.1016698556840598,0.003126695789312263,0.006563284530659666,-0.0013026954534001707,-1,,0
441,0.02669999318543743,0.02616815215985136,0.00020687268375834758,0.6531966889022277,0.023488893025189105,0.27023940004353614,34.97683814461719,10.843085417190789,11.19407198628266,11.19407198628266,True,148.1706362293085,7.2509292935513106,1.1802183829939392,0.002300234254612318,-0.0032424612747586168,-0.0012585578648617926,-1,,0
442,0.07774223699875112,0.0016293064910993579,0.059520977641116066,0.36114310934537114,0.016978685923881368,0.4829856835997809,31.40421538204969,12.026616294336879,9.407264825488655,9.407264825488655,True,107.2162318313882,7.193947563416475,1.0608395894817422,0.0015832387918409052,-0.010107401731158568,-0.00156992914567179,-1,,0
443,0.028050981707879733,0.004258065547555797,0.147695021598353,0.6282710812400107,0.16224981200690886,0.0294750378992917,41.629203701946174,13.655657580979586,10.014976738837888,10.014976738837888,True,145.66663712941744,7.374424890163671,0.21295668129189,0.003808696355205249,0.0009911158980403822,-0.0016822956817966331,-1,,0
444,3.888196645107086e-05,0.26140769698650196,0.05029698485905058,0.4901260850622205,0.013494204550285632,0.1846361465754904,35.662507350717,15.788319819529663,8.573945277355852,8.573945277355852,True,117.03438832920308,7.295676271024853,0.2521941602480671,0.0022415805727552885,-0.00019493366349750737,-0.0024807635304922794,-1,,0
445,0.03898313826967256,8.515049041299901e-05,3.6292193285727695e-07,0.6236193717538817,0.0068580159372959235,0.33045396062680393,36.50488674961318,13.544411448826178,8.699213372202667,8.699213372202667,True,126.13031715186625,7.306866527600542,1.1921052911513472,0.0030763592975310405,0.004784860262030917,-0.0017143029325342766,-1,,0
446,0.0007770607873707081,0.0002698888480572777,7.032509134793405e-05,0.4262255247218893,0.5274591257198108,0.04519807483152389,33.32626287153857,13.098563990200862,10.56911676062571,10.56911676062571,True,130.40493807055927,7.234165534623917,0.2139269996224772,0.001378418573373191,-0.0005964831154788201,-0.0028337818587064988,-1,,0
447,0.007527124680674082,0.0703818369003897,0.0003132879709664733,0.7600385452385993,0.13148782991083074,0.03025137529853974,31.068342175251523,15.739616298456939,8.550644732079377,8.550644732079377,True,132.2842740233653,7.285699515902615,0.7817976956410921,0.0017139754622659514,0.0036560017428991605,-0.001949953018427624,-1,,0
448,0.011940730402262163,0.11735855715268095,0.0017984185384584063,0.12990643962788453,0.22198315301773805,0.5170127012609759,32.328724715047144,13.176541356642385,9.041092778947105,9.041092778947105,True,93.74456934965541,7.206094036797578,0.392671451353026,0.0015807560001797304,-0.0036374486669293964,-0.00298225318712175,-1,,0
449,0.32104863832061253,0.06750176196821393,0.08034908090612247,0.3342926268795491,0.13966187084202517,0.05714602108347678,36.46565677267926,15.531412433829637,7.702154928792127,7.702154928792127,True,91.69217252222425,7.287249484798916,0.1460125672793163,0.0018734890044799974,-0.0003247260785446352,-0.0028906720975514894,-1,,0
450,0.02805623665183742,0.24219541135489664,0.013291230086516899,0.48538133584770915,0.17247370331463374,0.058602082744406196,41.896457163234366,15.164697577111442,9.219563351088167,9.219563351088167,True,127.08225112576973,7.347271805372034,0.13625169358260728,0.003318406181009374,0.000280081572383101,-0.0023643752887616944,-1,,0
451,0.45069625549987863,0.031825276792662276,0.12829239773140325,0.2832889221061874,0.009874857844041338,0.09602229002582714,32.98226738979008,14.62766659823076,7.620926875244006,7.620926875244006,True,81.28435426260816,7.2457834873329,0.18725601171072773,0.0013619429348197853,-0.0007179540795691632,-0.0029916813945989594,-1,,0
452,0.006277737996244037,0.08720752732617194,0.046782808156660444,0.627954114721571,0.03934461350128814,0.19243319829806443,32.307901252295125,11.448733530210546,11.253409278046634,11.253409278046634,True,144.91615516793902,7.227264147204768,0.831851272592399,0.0016672766300171045,-0.004985542148922817,-0.0015749493573728884,-1,,0
453,0.013710551170119798,2.916193191462954e-05,7.838740005783367e-08,0.7313317197714034,0.04831738873774042,0.2066111000014217,39.90811217540519,13.829982575536954,8.94982776529945,8.94982776529945,True,140.49783663071156,7.377333265423708,0.8891400089007706,0.00440387773002495,0.011211861336624827,-0.0016911065792323586,-1,,0
454,0.0050663464792984605,0.011452549756814848,0.16497563891801084,0.5656628416630779,0.0003244500233318832,0.25251817315946623,41.09032272936305,14.493879717942626,8.784349536279928,8.784349536279928,True,128.6482496103493,7.380292378366203,0.3791050212463723,0.004432979346734738,0.002562758554237559,-0.0016561956079583736,-1,,0
455,0.11543076723861166,0.021723222371917476,0.016534926968792902,0.600287497453315,0.08541617959922775,0.16060740636813528,31.66390370845962,11.12746060784054,10.966574768924845,10.966574768924845,True,135.8367540294162,7.223123225301524,0.8409166841643341,0.001516277875093184,-0.005762636182907417,-0.0014740318212929475,-1,,0
456,0.005062039834591706,7.275296984368972e-09,0.0016226566156858516,0.4819632240316135,0.4748197381048947,0.036532334137917205,41.31981624389303,12.14064353483253,11.340990708604918,11.340990708604918,True,148.19850735290225,7.331403366850716,0.1686610883121391,0.0030785845634842433,0.00018764536188804463,-0.00203903877329616,-1,,0
457,1.0245413083710629e-05,0.11490802942269744,0.0002054129643598448,0.8164013167032569,0.00735278233530735,0.06112221316129459,33.241281794251144,11.267978430314113,11.831427206835885,11.831427206835885,True,167.06548561902304,7.252573572071707,1.0501812045502164,0.0018986083293182408,-0.0009926211342905738,-0.0013988923747042215,-1,,0
458,0.0018990134041239838,0.027627897337717304,0.00019601861751874903,0.9005499228538761,0.0176637488231215,0.05206339896364243,36.57709465982528,15.712151969639358,8.315904539839128,8.315904539839128,True,142.4657226716789,7.354209203016761,1.1948215532256814,0.0033103909590302617,0.02085894095161518,-0.002114922192420249,-1,,0
459,0.03791506674994325,0.14703395261785998,0.01999331608433078,0.6422818302620575,0.14766421268489133,0.005111621600917238,38.513075333774225,15.665166844448605,8.789543167800934,8.789543167800934,True,132.22048326791713,7.35807977955747,0.227583386162027,0.0029611330973442116,0.0012151182597621363,-0.0018543577822490497,-1,,0
460,0.0022810337730828838,0.039910938611968254,0.20409516339091113,0.7518290792078169,0.0012517802013554248,0.000632004814865302,31.50410822330531,15.617360990882702,8.986795459580108,8.986795459580108,True,136.02402507119598,7.2847316722647895,0.4655222684234212,0.0016423886288773298,0.0008254589355358333,-0.0020045665118021585,-1,,0
461,0.002016064715732273,0.05130962725778398,0.00010613847585874358,0.4924578788470083,0.2514175117123076,0.20269277899130902,35.42596647292425,14.218407248511431,9.084346291582122,9.084346291582122,True,123.7103294445412,7.30429306222419,0.3964559637020877,0.0023746235870294443,0.00014035028641454605,-0.0021078880194911115,-1,,0
462,0.0005439948864625029,0.02363449375842506,0.023135962660044446,0.724812008299755,0.0317894017674712,0.19608413862784183,38.485411668862234,13.39448141819191,9.410425414970508,9.410425414970508,True,143.7973360959499,7.351395556607311,0.871262930556546,0.003711439172265552,0.007879558469396019,-0.0016660191380742846,-1,,0
463,0.17774830282385462,0.006676754424814683,0.00014809133802766225,0.4315952654523501,0.21639317792350257,0.16743840803745036,34.82451160312996,15.309499332984608,7.81581911114493,7.81581911114493,True,103.04654959261016,7.310969812144711,0.31979723398388915,0.0021809691287442987,-0.0002105903578633341,-0.0022085624444073935,-1,,0
464,5.644175246472634e-07,0.3882102563279336,0.004244157324802565,0.32487139725526526,0.0676237821019368,0.21504984257253715,35.81598278385511,17.62136408639065,7.836190323734959,7.836190323734959,True,100.15482571727186,7.26543267486351,0.15048931251778333,0.0019061803834778284,-0.0003706753517766278,-0.0033988439963731723,-1,,0
465,0.0005067731674620224,0.1008271117902416,0.08517803315611226,0.5495026919671568,0.23408143075810048,0.029903959160926828,35.14716615077226,16.743483016119765,8.430364251555751,8.430364251555751,True,121.87397764399444,7.306103187023064,0.20244713940322207,0.0019870920420343146,0.00037190236996796167,-0.0024443689234911483,-1,,0
466,0.31851518515415983,0.07776241694965291,0.0025675752898571603,0.45518078042208676,0.04097603657881945,0.1049980056054239,34.84951860882414,10.044035796219175,11.464388693060327,11.464388693060327,True,122.36419151726189,7.250877293468691,0.34483227764376967,0.0016994187950829897,-0.001573712270271753,-0.0017492315576470622,-1,,0
467,0.0019885144521550836,0.312812405157987,0.004175528793434452,0.4507213500370082,0.10267724701235105,0.12762495454706416,39.37941888347502,10.920554743177718,12.77809559265745,12.77809559265745,True,148.01727725989466,7.253650537758776,0.17100395863619242,0.0022660399856355156,-0.00046748073127160733,-0.002396384034406395,-1,,0
468,0.003957429743493005,1.0172139960462577e-06,8.792496042446128e-05,0.8987352005875291,0.00848360204386984,0.08873482545068763,30.76550117468734,11.673773241520365,10.968503886587882,10.968503886587882,True,161.08236249092428,7.1783125039015365,2.102488884151151,0.001483699433121357,-0.0035005846384091243,-0.0011861966139158702,-1,,1
469,0.0008545358656053663,0.039639418844239396,0.0025446827578914674,0.8408610669894265,0.03597691669786963,0.08012337884496767,36.06858316093397,12.799081165454465,10.187226331549878,10.187226331549878,True,157.78584302060295,7.316407661464972,1.09515153209031,0.002835440977373347,0.007972890386670373,-0.0016644894474230436,-1,,0
470,0.035273850512891634,0.23585297112766812,0.0768256420006871,0.39655940116658245,0.17901421417218003,0.07647392101999069,33.30224107521463,12.271787828812002,11.477646825698061,11.477646825698061,True,127.3256473393453,7.1764885224741395,0.1762376265464744,0.0011260734974272858,-0.0007811299011810606,-0.00337448572775707,-1,,0
471,0.004041345381939828,0.10676984751199842,0.08006719840617542,0.718632155992056,0.07297610423838057,0.0175133484694499,37.89018366354182,13.854502127273559,10.007349287563976,10.007349287563976,True,149.67454923877943,7.3465325485402495,0.32495453756409676,0.0029314274868699622,0.0016821240524616764,-0.0016735051812887527,-1,,0
472,0.06396709172762867,0.02156691372973178,0.15081853067468384,0.6946528726955625,0.05816068487234873,0.01083390630004447,30.122462461380152,14.14046055764529,9.504988895986877,9.504988895986877,True,132.92546232355232,7.251372171324003,0.5126939473241983,0.0013439856584192863,-0.0017629534374735548,-0.0020397935565596207,-1,,0
473,0.007319648190862008,0.005472298062571065,0.07702117955317851,0.46978529799202773,0.12465599083473637,0.31574558536662417,35.976084506336704,13.135505745003192,9.422480092668076,9.422480092668076,True,123.82679958109718,7.295992118368863,0.5434201537838608,0.0025983717514763,-0.0008495276860351643,-0.0019246118667463204,-1,,0
474,0.12381049902378354,0.02525615822489013,0.1564826089169128,0.5493191992404246,0.13981248724650008,0.005319047347488874,38.18076190646736,11.733550234695475,11.318319103271058,11.318319103271058,True,141.91513904900276,7.292298517373287,0.19552018560238338,0.002236290978443826,-0.00030956951652285714,-0.0020690298056790105,-1,,0
475,0.15238330587431054,0.0038347462386146575,0.018986805179878143,0.5199174462637894,0.10768705028502128,0.19719064615838597,41.74696054705171,15.007322553096833,7.921748862549607,7.921748862549607,True,114.30673659290109,7.401760506016827,0.3084564699771093,0.004578857658743556,0.0019556193458072813,-0.0015933201752413228,-1,,0
476,0.26441128568366623,0.0001405800769907354,0.0025675615614833064,0.528795431867268,0.12786238986605283,0.07622275094453887,30.876317428810207,13.523667195802455,8.68059162666105,8.68059162666105,True,109.09013902704824,7.25817180206709,0.4793910170794467,0.0014178661018023101,-0.0025653062650824133,-0.0020280003844476346,-1,,0
477,0.07938734879954583,0.04106559597718307,0.08292026971991245,0.705954134601849,0.06795691143461502,0.022715739466894886,33.532477524648165,15.410986557340781,8.534510286597033,8.534510286597033,True,128.07503420659944,7.315152557443398,0.4569225517310643,0.00205925335209173,0.0015633280891643073,-0.0018461548029375028,-1,,0
478,0.00391598204685614,0.001046530619812022,0.06270048982018883,0.4905162372087381,0.01864815369964466,0.42317260660476036,32.42702023242226,15.80324850037552,7.48688652690438,7.48688652690438,True,104.75164769112455,7.257128195086531,1.2324532256984775,0.0020963985079341715,6.152853983293498e-05,-0.0019822493531056096,-1,,0
479,0.0020340354629875793,9.879423976237929e-06,0.20569427460823622,0.5252037644345952,0.006935563528680886,0.2601224825415239,37.91084222951341,13.776541005135478,9.307021578372012,9.307021578372012,True,127.96180434351388,7.325426498870157,0.3949878836762349,0.0030906590918836204,0.00043892381150313577,-0.0019142622403272719,-1,,0
480,0.0013785114529075752,0.05577983257066352,0.1269694988962716,0.7240256145653532,0.08557702671257582,0.006269515802228322,33.6175113423851,14.489053211790072,9.615988693017291,9.615988693017291,True,142.67755210940388,7.300947320296275,0.41097351217266787,0.001960295375453808,0.001038164972101934,-0.0019136036086013647,-1,,0
481,0.0030120865064312847,1.631297218817633e-07,0.005713766440581457,0.5868365654309453,0.3821562625629987,0.022281155929321315,33.07851060397468,10.931592351449353,12.531662241465046,12.531662241465046,True,156.64744188518566,7.237551525184502,0.3701942451594351,0.001482136163486752,-0.0012158266339674859,-0.0019792218962925165,-1,,0
482,0.004058995798098968,0.019523037044338075,0.02718490864623798,0.6779999311103919,0.16155185820323506,0.10968126919769812,31.902425696240186,15.442951982823772,8.491145017352741,8.491145017352741,True,127.24297880516083,7.28628959562014,0.7662701245170653,0.0018653989021952884,0.0024804941101789157,-0.0019720325932247244,-1,,0
483,0.030105322851005537,0.022925392868159446,0.00013874944464396322,0.7340155041293658,0.0038312187136098725,0.20898381199321547,30.65871857708101,17.366935154273456,7.080500361278828,7.080500361278828,True,112.332162016422,7.254915581358278,1.6262086679487011,0.0018148827440801815,0.008136407054221716,-0.0020646649813991906,-1,,1
484,0.002951433289911502,0.007097549982501548,0.08140492137070666,0.46160172139568983,0.2238299547221162,0.2231144192390744,32.125018984112614,13.706039096954374,9.417142790051328,9.417142790051328,True,120.54360871384623,7.248010890154522,0.45999463742735974,0.0016397076442685242,-0.0023320378668224666,-0.002328836088799429,-1,,0
485,0.009972782281808252,0.11549220351896065,0.001869380557403501,0.6510012631035338,0.13264978079135914,0.0890145897469346,41.679400213291025,12.867971695881394,10.390321330146474,10.390321330146474,True,151.09762800137523,7.380409280627126,0.29575375099747325,0.004187363816802199,0.0016547265651077397,-0.0014965238468317443,-1,,0
486,0.026723572747390192,0.0719659271627625,0.18567870767252348,0.342257507966996,0.23122675743678053,0.14214752701354727,37.08606031694829,16.56491844501108,8.275828954553603,8.275828954553603,True,106.69578750097608,7.280335655909076,0.14089120271564878,0.0020442583053621914,-0.0001871894386107079,-0.003183755924510017,-1,,0
487,0.005006871413560513,0.01575497224147664,0.019050780484039735,0.7034360731209308,0.24596338148345537,0.010787921256537056,41.310114081495726,15.321819267609868,8.884589009255311,8.884589009255311,True,141.96024059903945,7.411368494707011,0.2945075290833512,0.004340338682415144,0.0035443018818090075,-0.001418483487758118,-1,,0
488,0.0006205741828963514,0.06037472953670805,0.0001865020550451865,0.6601407390345959,0.1995821628565436,0.07909529233421093,33.708002730001645,15.065108116212294,8.87487156329504,8.87487156329504,True,132.00070662354406,7.30931356783633,0.5161855924512455,0.0021285651001886727,0.0021370151510539995,-0.0019353098147897444,-1,,0
489,0.007141756485921838,0.0008336461111354934,0.2721056007314987,0.4831956156168727,0.18748604522044637,0.0492373358341249,30.309209454384632,12.43162149123983,11.443843242980053,11.443843242980053,True,133.4036033022957,7.168734614873011,0.24644124499360498,0.0009403394516302779,-0.001422877508898183,-0.0031350645650270515,-1,,0
490,0.02820636561472727,0.03186576931054355,0.002356168129731679,0.8931678720909216,0.0006149650894148042,0.04378885976466107,33.161779384327495,11.942682862949226,10.842056752142446,10.842056752142446,True,162.765676733204,7.252894463091601,1.498822534361847,0.001993798913066755,0.002538253827091748,-0.0014459770298782069,-1,,0
491,0.004608137775308972,1.852564764806658e-07,0.030455879842316767,0.8090214914269199,0.000286504839358456,0.1556278008596196,31.504286421812107,13.874352716975222,9.106019460570062,9.106019460570062,True,138.54302169404073,7.229411770307639,1.7443930318103607,0.0017878270098376022,0.0017446974441438568,-0.001645581795620607,-1,,1
492,0.005842989934729208,0.015893806655076902,0.01486181394010595,0.8795751473311129,0.0182692966213075,0.06555694551766768,31.975317980555634,13.854851784467039,9.383313444888971,9.383313444888971,True,147.35288237768472,7.251665392303952,1.6168275945463584,0.0018850734874657684,0.005893660907830726,-0.0017551695573937783,-1,,1
493,0.023024748683900195,0.00015219374263412407,0.06660086206348925,0.8555344120039399,0.007134952861956514,0.04755283064408011,31.140687836830633,10.731327687797505,12.185985490011214,12.185985490011214,True,168.70231000051453,7.197303314836332,1.5064563369340194,0.0014610639412738565,-0.005159269224123135,-0.0011217414108800276,-1,,1
494,0.13674721989194025,0.02351898151284247,0.16317700104387925,0.6273912287811633,0.00623680174812538,0.04292876702204952,41.73909884847389,13.564332651735905,9.485652599433132,9.485652599433132,True,135.08092876097783,7.37855019094481,0.21993413071866302,0.003895035005936189,0.000709211391626123,-0.0016223901958457277,-1,,0
495,6.147540895243953e-05,0.025577688675574833,0.038405082774871084,0.8737438625535279,0.00025429042503629696,0.06195760016203744,32.33970243152169,16.44838882416983,7.983307107707852,7.983307107707852,True,133.1813545919396,7.291919061215121,1.3957512548852937,0.002125605875150949,0.014313491583534588,-0.0021307346746850227,-1,,0
496,0.01841294683702903,0.011729421301068157,0.3159519092381257,0.44054101151006797,0.11658959804838875,0.09677511306532033,41.89701562016061,10.586332735689904,13.242830407115695,13.242830407115695,True,152.6324189907473,7.267605882499732,0.13833926373086158,0.002618389880161189,-0.000281372497729871,-0.0023345537476518008,-1,,0
497,0.014282815638811812,0.05801505849573117,0.02258299598789444,0.7624456840661656,0.1267561937959232,0.015917252015473875,30.533879089445207,12.591510245548054,10.72533425230451,10.72533425230451,True,151.0982641746189,7.239771987323833,0.8379235456023839,0.001429726005025227,-0.0022054105491593925,-0.0016950512229999925,-1,,0
498,0.00014920861779930226,0.16753988927525545,0.06406942414103092,0.6036033705858691,0.013984823904974304,0.15065328347507106,36.44670158366997,15.109161120906965,8.858593530367589,8.858593530367589,True,128.43302537095218,7.32608764879096,0.36154445520741096,0.002681932611915921,0.0010836831946534197,-0.0019681461885885073,-1,,0
499,0.012837760772552559,3.738457753784587e-05,0.1298112658754434,0.3846777792794442,0.04875667882372249,0.42387913067129956,37.956923997034835,16.277539273654707,7.379116862047551,7.379116862047551,True,102.48442617309217,7.345623354485174,0.48086694982417594,0.0035034847256689822,0.0022181418474120037,-0.0020611938901186743,-1,,0
