idx,cow_frac,rice_frac,wheat_frac,food_frac,press_frac,poultry_frac,temperature_C,HRT_days,OLR,OLR_used,converged,q_ch4_avg,pH_final,VFA_final,S_nh3_final,vfa_slope_last5d,ph_slope_last5d,first_instability_day,sim_error,stability_label
0,0.3746456144138647,0.10831318390286421,0.013120456788846956,0.23421898896123808,0.2174114328029445,0.05229032313024165,39.895243118156344,39.187743310855254,7.845657291842974,7.845657291842974,True,115.05092689819334,7.312768229480568,5.629170205808349,0.006052793805839234,0.1530763932680122,-0.0034924731128968232,20,,2
1,0.5424724345919466,0.048863461219278155,0.1288984714862395,0.21470867511298317,0.007553568339611553,0.05750338924994107,36.30472212962378,34.12497143540064,7.652664022257563,7.652664022257563,True,101.86742681464573,7.27597988423617,4.929695093300175,0.004109226589336643,0.09023511800369116,-0.00157852717316878,21,,2
2,0.16586844230875133,0.11875463739318626,0.01028691263123144,0.5529546067793102,0.0022001753011264536,0.14993522558639436,27.360118042410306,39.04744161373786,7.665817474815253,7.665817474815253,True,128.01831975020107,6.86981308803089,10.760421731139079,0.0011961064206645593,0.13600440657566726,-0.0025045847442844668,4,,2
3,0.29259932299868807,0.1603434420875102,0.022746666353652276,0.5226405249673127,0.0014844674869981278,0.00018557610583862054,26.927819243069987,37.565059913596045,7.212810074590078,7.212810074590078,True,115.14365810158824,7.07535271548249,7.111682253108016,0.0014168439673849698,0.08197214081204182,-0.0010366095698731723,6,,2
4,0.6396636675359597,0.004480161981229161,0.18126006613684148,0.005678468040028913,0.11411070760546421,0.05480692870047653,43.660464432004225,35.10902289032427,7.849027780520228,7.849027780520228,True,95.66655766328121,7.44889762524904,2.4245155582569398,0.008846332254839695,0.08324705848703952,-0.0012733731333148734,-1,,1
5,0.38321809637701587,0.0011012096640102165,0.021643349108636384,0.4652433624484233,0.061396365365905134,0.06739761703600926,32.52718946961652,39.66578862310805,6.365760157424375,6.365760157424375,True,102.28919727699532,7.147752614427358,7.349005233824732,0.0027064301293250183,0.12422230572139985,-0.0026064475619138414,9,,2
6,0.6429161772941545,0.021828570952572228,0.19738513143596823,0.0054348648066395115,0.0013647101479648221,0.13107054536270069,39.35520472007287,38.77986650009603,7.071282910182598,7.071282910182598,True,85.83068186627591,7.330616104758426,4.080667677659256,0.005858989470305644,0.09364754279484627,-0.0015549697769752372,30,,2
7,0.1708030874840595,0.034472733167037715,0.04572888477599034,0.5153353565265905,0.06862854700888389,0.1650313910374382,27.128390637427657,39.977618261855966,7.627136144312711,7.627136144312711,True,126.44416023833479,6.832838725316448,11.19680029488065,0.0011090707085828222,0.13933662258796176,-0.0024703888606745846,4,,2
8,0.4797356669872265,0.009231503161025407,0.06860355348840974,0.30660707350421823,0.11187161918908729,0.023950583670032735,36.56034431615085,32.49439861472665,7.95688638349107,7.95688638349107,True,111.89741194882124,7.264385455722444,5.593007159881727,0.00412805636553151,0.10822490000558273,-0.002255524220849114,17,,2
9,0.5134634473905696,0.1027334928647169,0.009267153276804087,0.33725227733075874,0.024934188376166216,0.012349440760984366,26.441182941458873,36.04983027598658,6.824040492966762,6.824040492966762,True,94.3296491143482,7.104073153351627,6.079213562258085,0.001381440908081334,0.054222339289740726,-1.9053005640557762e-05,8,,2
10,0.600993061647282,0.1500633909807908,0.013014639595696821,0.11557473620230567,0.11488321901831354,0.005470952555611064,31.769129665946522,36.11197183217966,7.337168514962311,7.337168514962311,True,91.11647929033968,7.265383235050168,3.8148868192219423,0.002629294868203588,0.046702564433906635,-0.00014052579377347874,-1,,2
11,0.41650077181126105,0.20359584600722752,0.023590863158855096,0.17309706028367516,0.12088887613237054,0.062326582606610656,33.40763543010554,38.9802318211144,7.994403123023952,7.994403123023952,True,108.9485098417533,7.219850036218279,5.528951431016716,0.0030696422507071786,0.08871264767198069,-0.001245395186897317,14,,2
12,0.5706717357559555,0.12965528235980733,0.009334432138302744,0.04494867556538834,0.1668247156714417,0.07856515850910432,30.690817502236506,37.424919969324876,7.655988848000928,7.655988848000928,True,91.63321097132449,7.184273030770167,5.294256447142028,0.0022914110719807843,0.05884726910631441,-0.0001007267376890686,13,,2
13,0.43399177392017474,0.16688437297001343,0.1073973607709087,0.22742149972874096,0.06255012612530303,0.0017548664848589161,34.45567945517996,38.751527365610926,7.601673274344697,7.601673274344697,True,107.1719095371509,7.300177994585414,3.9505799199072094,0.0035227054261095713,0.07691740821576706,-0.0012282041486646252,-1,,2
14,0.3061944129418823,0.04814882018676154,0.043974771556638995,0.5291312435345207,0.00015835400136170075,0.07239239777883487,38.561881217596564,36.15018903269772,7.254026130847912,7.254026130847912,True,120.46465692154938,7.226673473967401,7.486242775420296,0.005022992239327104,0.16708182863732837,-0.004131000774141105,12,,2
15,0.6132491862342476,0.09296079624510628,0.01609484439774068,0.048544097207360255,0.057006120898603956,0.17214495501694121,28.95619694518394,34.453785563600306,7.847842876389343,7.847842876389343,True,88.46778137384987,7.061492339664045,7.1420405594911855,0.0017433012132350297,0.0682654745958973,-2.9885935517537805e-05,7,,2
16,0.3914119765508627,0.0403934625937911,0.10218109238743249,0.2650010845911579,0.07193967947414386,0.12907270440261207,31.409823233560324,39.403209767292694,7.433927467160518,7.433927467160518,True,106.50895894618411,7.09703911532305,7.71582029012119,0.0023356409575258953,0.10843867169048924,-0.0015876615487887416,7,,2
17,0.4167509960608604,0.09068010209068283,0.021443073994609627,0.4234510962406251,1.820634710112564e-05,0.04765652526612084,29.377132175892644,35.40140041882078,7.175724720549487,7.175724720549487,True,106.48709696542373,7.101616602064927,7.083297230217875,0.001853131564526692,0.08707392619547927,-0.0012272844430368847,7,,2
18,0.5992172750310086,0.01282546603428958,0.07924923656190914,0.2375152147642534,0.025482950613045167,0.04570985699549394,39.976415593341095,35.034735846068074,6.8950802858107,6.8950802858107,True,94.77840337513123,7.35094301221044,4.301041241624037,0.006108761874353453,0.11197518490152998,-0.0024159648662812807,28,,2
19,0.40978194209591157,0.03661832437241496,0.014822830058165497,0.39977072294654786,0.13513150644291902,0.0038746740840410556,34.82514892782732,37.32577548840757,6.945945853329686,6.945945853329686,True,107.21417567466769,7.243175203812455,5.870516000012405,0.0035415205095277766,0.11870264513232386,-0.0026340638282796687,16,,2
20,0.23003683866568428,0.05151465563340226,0.09362675284703685,0.5373365083502728,0.0010930355413084729,0.0863922089622952,35.69201502578551,39.83857491967119,7.118869672866514,7.118869672866514,True,121.8027033158899,7.164079954509688,8.096815496657264,0.003719756901743372,0.16302873549381963,-0.0038859305938884173,9,,2
21,0.4213585620534418,0.047146915456490524,0.0261946491168649,0.2625954359085621,0.19842127886706434,0.04428315859757628,42.2827365838545,38.7210776751446,7.3216362871816525,7.3216362871816525,True,108.68168642640667,7.3631608905696035,5.0945320907171725,0.007754384083959121,0.16373378146598583,-0.0039007572451185894,24,,2
22,0.7831795942803185,0.006508474355783075,0.06817374941109405,0.07944370633119839,0.031143562702303368,0.03155091291930268,27.214485172011088,38.901166488065726,5.81643733870936,5.81643733870936,True,67.90040436233423,7.191623045339536,4.162719574822794,0.0016630691178647734,0.039817402199511666,0.00011811834957487076,26,,2
23,0.663213478048308,0.14131630625022001,0.037296286191489676,0.08470785233337447,0.010096881497878112,0.06336919567872976,29.493789490917475,36.16677626270609,7.0207101202811115,7.0207101202811115,True,82.41442308441431,7.191888882560493,4.647140596841045,0.0020341367313758013,0.04314194186191723,0.00021225584538829502,18,,2
24,0.258113782869137,0.018152385335583745,0.026924527812058577,0.5419822652234288,0.08745772992526174,0.0673693088345302,43.34791178532284,36.27492800130411,7.492559057564912,7.492559057564912,True,127.64101540306267,7.2973968885789455,7.5430929634558685,0.008213508130667669,0.2169216964807944,-0.005646058945338301,15,,2
25,0.3709742911223083,0.016366915828197957,0.020355869986382117,0.2418920053843543,0.08470302951865222,0.26570788816010515,40.61676709038096,38.46278647402664,7.777048707238686,7.777048707238686,True,113.5349632410242,7.142859983748811,9.749991331255867,0.0059102313626435005,0.1978496509666279,-0.004361045251711066,8,,2
26,0.4125044943503233,0.008846968019318141,0.06854855967039823,0.27102537906211377,0.06430797794578574,0.17476662095206086,40.737827629000556,37.82884375868019,7.452857203059532,7.452857203059532,True,109.30173800507772,7.2305404037630385,7.7298681611229645,0.006296120392011868,0.17305055236130248,-0.003891458469675554,12,,2
27,0.5608853042636738,0.08345032406551604,0.017627762274191796,0.18192672858379538,0.019309640980020616,0.13680023983280248,44.21252571257665,33.045908305840335,7.8468244754381855,7.8468244754381855,True,103.91146130825594,7.352083486565097,5.504584348058147,0.009055932597585007,0.15109103342539829,-0.00334554260409111,21,,2
28,0.43210183868523544,0.018028389065471082,0.004211631797691198,0.14317208616481278,0.15977791173754666,0.24270814254924278,43.35719993251468,39.604631623699994,7.632698410568902,7.632698410568902,True,106.23223169480524,7.231681159551822,8.471420832599215,0.008137944115529245,0.20166870156032343,-0.004476408131914682,11,,2
29,0.4984912678576922,0.11185412255579405,0.06315976105829925,0.28704411582729955,0.034810817373066474,0.004639915327848366,34.47865475276156,39.66571867158075,6.557151695202046,6.557151695202046,True,95.24402058557838,7.290101615042894,4.315348972458065,0.003558699750744559,0.08715168413466852,-0.001621387425217947,27,,2
30,0.28889569715634456,0.042441845257477365,0.12043621392789919,0.41776950987941663,0.10139236284380587,0.029064370935056275,44.59957079780317,37.08824591059269,7.9174373449181585,7.9174373449181585,True,127.74416171692779,7.380531448522279,5.608525564989901,0.009607083403475814,0.20487805793214997,-0.005239109161026344,23,,2
31,0.6813415421917701,0.04020840056090513,0.0185906102825774,0.18722514765553433,0.0027940130868562385,0.06984028622235675,31.737130876665375,30.159071005388377,7.646865017330363,7.646865017330363,True,91.1711298116982,7.179454684492712,5.6320357392899965,0.0024151089696294687,0.06320042962014209,-0.0005993432969137316,12,,2
32,0.6775354962108968,0.04160541434204168,0.05067771846329928,0.025525447876459433,0.18463299851790618,0.020022924589396637,27.82054599900029,39.308656198339946,6.600869079766242,6.600869079766242,True,77.13296428406296,7.205261514722089,4.070544290470305,0.0017607645606358272,0.03364562593532325,0.0005180772394395104,28,,2
33,0.6710508992151166,0.01916139897730292,0.04223427152267277,0.20866435978634668,0.040045606462744986,0.01884346403581612,37.206707775803594,30.588659241068648,7.52859165442803,7.52859165442803,True,95.52425716813356,7.3165892841534985,4.203570647511343,0.004462900022185972,0.07986026865591606,-0.0014377265221837952,28,,2
34,0.8511080014299395,0.05295431925014847,0.008753329498504062,0.023423794961615074,0.04715565568334911,0.01660489917644389,27.701595844350482,32.33851173966799,6.82862923353909,6.82862923353909,True,70.52558044671373,7.203692924600127,3.807073536518633,0.0016685091302040718,0.025593615873320236,0.0005417957912205082,-1,,2
35,0.478127277476151,0.15843838647525404,0.01959324156695465,0.09621894105099474,0.18762484892192863,0.059997304508716924,34.36641069388662,39.05499971336755,7.868216163211404,7.868216163211404,True,102.54771820046632,7.253471109436213,4.967400900136174,0.0034448733417129234,0.08449940352909907,-0.0011417331330557574,19,,2
36,0.4197589619834337,0.16094845959753576,0.02741823030102657,0.19929941662557196,0.1387217539323285,0.05385317756010362,41.48831085366986,38.14216671841811,7.929831696803352,7.929831696803352,True,112.550609166655,7.359480319355531,4.6966434061673805,0.007154060628799122,0.14263342969496726,-0.003184258409305816,26,,2
37,0.5630129123560661,0.006697969849812808,0.18901430527908217,0.1442293559863934,0.04357095690171638,0.05347449962692932,37.02745525622696,34.09610168220895,7.907998243299165,7.907998243299165,True,101.3608684141233,7.305767766400618,4.318695105182609,0.004465043767726959,0.08265025963924251,-0.0013225817770384349,27,,2
38,0.4756524685381643,0.006634459542853084,0.16790893561831693,0.2110327007343246,0.04558432312129496,0.0931871124450461,33.4731024110121,38.2526379812531,7.319084684071089,7.319084684071089,True,100.56732413295863,7.194925379143781,6.072532816863056,0.0030534528973001278,0.09467409049580446,-0.0014383821780917607,12,,2
39,0.34128959355652494,0.0450736887136934,0.002448141298248338,0.3159782897648924,0.007581990526383774,0.2876282961402572,39.27173219814835,39.82019893176113,7.31647825045523,7.31647825045523,True,111.69114733834856,7.102507894257036,10.223633097500853,0.005083413043513642,0.19820469483411474,-0.0044166597397557045,7,,2
40,0.40500379875241876,0.1333983212451719,0.013732271119536217,0.39370608103573446,0.05241090455127851,0.0017486232958603652,38.94547323659858,38.92428961576948,6.787350392605208,6.787350392605208,True,106.5274209872749,7.337034433292713,4.747640469254501,0.005579947837520447,0.13600776464923628,-0.003264422684519038,25,,2
41,0.7103876033471703,0.10669432243327993,0.04702075839807619,0.12512409049073098,0.009881030765474346,0.0008921945652682125,38.14667923536747,33.00540072506659,7.169610081612737,7.169610081612737,True,88.49471936519089,7.38180196684552,2.6553273394060977,0.00506819367097404,0.059539383730460284,-0.0008271353778486822,-1,,1
42,0.5726646385535018,0.026557800378764488,0.11072032155637615,0.11603948756805572,0.07647217203307245,0.09754557991022945,43.268673196261275,37.562249185572966,7.1953231338347585,7.1953231338347585,True,95.39124206168201,7.388044388441135,4.190772608831826,0.008582869956057136,0.1322591164877441,-0.0028227527906223605,29,,2
43,0.03277066548660964,0.10183605656683882,0.04571433217914187,0.7950206440621256,0.007538586813582227,0.017119714891701835,37.87480930848546,38.750044264355196,7.4752233988299315,7.4752233988299315,True,146.0761500004331,7.190905094393955,8.765664499229548,0.0046106949705066675,0.21680159606383764,-0.006053592878332644,10,,2
44,0.6823662729779877,0.0008589994209332499,0.17406543079610423,0.14126591241015304,0.0008881872418116618,0.0005551971530102093,27.445790744056374,38.15455490687158,6.305778920110379,6.305778920110379,True,77.76598800569967,7.207185443951383,3.892611113817109,0.0016808239703317892,0.028913041623111164,0.0005332464734789748,-1,,2
45,0.7285835688562967,0.05195242824040957,0.002175260091229338,0.042557246235878816,0.05202423576238342,0.12270726081380201,34.85675600137564,34.32237717737144,7.044317036100198,7.044317036100198,True,80.96918304696034,7.239555871894196,5.123534518160092,0.0035565417447583447,0.08084779925737837,-0.0011766359210552701,18,,2
46,0.8230930573334542,0.0003825617472230193,0.08485915631514618,0.05996760552294686,0.002805174756793364,0.02889244432443642,38.775044255198395,28.318510683446952,7.81947355284974,7.81947355284974,True,86.46400552805035,7.3735682982462505,2.88166158605029,0.005212055210203695,0.05461426782283405,-0.0006402438237481637,-1,,1
47,0.40605485474870323,0.015439080342350243,0.19468256207083648,0.3252132646749596,0.024802810455870083,0.033807427707280534,42.641554188762086,34.93793010132948,7.975414996738981,7.975414996738981,True,118.83069800135608,7.375512713775719,4.7011951585128315,0.00790035930384499,0.15052372685340124,-0.0035821187532068064,26,,2
48,0.7146730890485645,0.058640790026551474,0.07930024147480955,0.07556445519154951,0.06966893719801646,0.0021524870605084895,33.90530931998776,31.88361176690471,7.624636855229263,7.624636855229263,True,87.90157029726664,7.3098920904593445,3.159925008495356,0.003227919721219737,0.04018164960578553,-8.244688502260327e-05,-1,,2
49,0.6201574812797982,0.04115669614969175,0.1282475877877481,0.07461066339245792,0.0013802974025949744,0.1344472739877091,44.615149358167045,33.476865725410306,7.930188394546883,7.930188394546883,True,98.32597295731911,7.391392455781357,4.310969962060788,0.009563514426025292,0.12768375024228798,-0.002582574861968417,28,,2
50,0.5038857474941859,0.2096398303910999,0.13661380301410456,0.09550145980568582,0.006520828489811321,0.04783833080511247,40.16072422515672,38.488621019488576,7.903843388002225,7.903843388002225,True,103.98848548906844,7.393504071402286,2.8544685945382895,0.006350503699706237,0.08214885985289375,-0.0013197775563940151,-1,,1
51,0.4273021295290218,0.09979851497916999,0.10701414397750819,0.31428776808701203,0.0034454090007526913,0.048152034426535394,25.484587081751698,38.53417253175617,7.121892977547015,7.121892977547015,True,99.93092934839828,7.059981059006291,6.638099652043203,0.0012242697444592803,0.05365455858305836,0.00043026310835654293,7,,2
52,0.6025211450970085,0.015256282267140339,0.052992227993043095,0.1321966887432547,0.08555382180494707,0.11147983409460628,25.689419856655256,32.72155196102031,7.860357033034229,7.860357033034229,True,90.45363232040681,7.014528118222727,7.159617016147358,0.0011655876315950513,0.0497842623413027,0.0007773796326141321,6,,2
53,0.7268031898350834,0.027647615441532415,0.04246600517464224,0.07651966530140696,0.10462712209280604,0.021936402154529123,39.32261881985676,36.87749742653682,6.467518788443754,6.467518788443754,True,81.02981886658061,7.394559529057575,2.767978814363315,0.005873722281851981,0.0765650865598351,-0.0013292955173310104,-1,,1
54,0.6813516922553798,0.10507313669383199,0.003926564586729588,0.1719535511356512,0.02136234723121422,0.016332708097193074,30.57212105266902,32.72361297554045,7.170073426103251,7.170073426103251,True,86.72316997174569,7.218699950873103,4.483432915792667,0.0022354160846850273,0.04684378635413775,-0.00015181509376447445,21,,2
55,0.3963213375079752,0.08348518204905764,0.03859304791132069,0.30944324044642363,0.11985664885122077,0.05230054323400207,30.33867297875457,36.49200753104968,7.735045394914141,7.735045394914141,True,110.49418652921752,7.1270148497323955,6.859689468435959,0.002093498956569148,0.09045388086866112,-0.001246523201935665,8,,2
56,0.5192246008582023,0.002668441930986953,0.3501926911184906,0.03491378454179381,0.036657230405141815,0.05634325114538473,39.99029955076541,39.38510809565554,7.973904021328045,7.973904021328045,True,102.53693233513759,7.394929990338229,2.641859513257354,0.006265828856142438,0.07300529717110396,-0.000961817943361626,-1,,1
57,0.5397674700251787,0.07373754248128943,0.03570855305394966,0.2368591398216912,0.10539774198356448,0.00852955263432653,37.96896341175293,34.57095387639461,7.432458710085013,7.432458710085013,True,102.14815336126313,7.333507383188934,4.225141432728505,0.00495634552315875,0.09949009476090281,-0.0020336698129720505,28,,2
58,0.21225728689583614,0.19110605769527939,0.027736552042310157,0.5283255293182898,0.012475229291921018,0.028099344756363588,29.88951684971679,37.0702333036145,7.959102926048423,7.959102926048423,True,129.98915054163237,7.0916283848508535,7.734582197608827,0.001937187636078651,0.11427848162249792,-0.0022740325275691403,6,,2
59,0.47056591929173286,0.1604465154884011,0.03445694742638658,0.2107543424829793,0.030127144826736948,0.09364913048376322,30.734878019584357,36.656894335399315,7.703957809271883,7.703957809271883,True,102.2974666401386,7.137538342474425,6.437229478433569,0.0022141774682917694,0.07763085061136138,-0.0006932488645983061,8,,2
60,0.07458964733225609,0.06582640553753472,0.07498509769042856,0.7744948730224899,0.004889193377193396,0.005214783040097421,35.979561330589206,38.61324164631564,7.2792748871789925,7.2792748871789925,True,139.81165889305356,7.177518447298628,8.353752807817791,0.0038019584904859065,0.19133573387954506,-0.005251971110179441,10,,2
61,0.41875472898116706,0.00534820569472189,0.08918249899983571,0.4055362728974133,0.01863595972499143,0.06254233370187069,26.376548306324914,35.86056880377891,7.137787433084182,7.137787433084182,True,103.84128081384178,7.022672967978732,7.680642304539579,0.0012759827524166398,0.07437490151606214,-0.0003761013428054057,6,,2
62,0.6124578497204956,0.11918726626210527,0.07956986923598416,0.08089276331593567,0.06539178944685455,0.04250046201862464,25.887945938211804,39.94188618424556,6.730152533736944,6.730152533736944,True,80.95755774081589,7.147833378148799,4.704433502733546,0.001395003065484335,0.027758535133099466,0.001007003983775585,14,,2
63,0.6454986696012969,0.002063628719416722,0.07436402995054248,0.049190425630739575,0.00935003573837257,0.21953321035963191,37.300487638067466,37.25644834115728,6.972293570781359,6.972293570781359,True,84.63385602914671,7.207005410709262,6.622733847617873,0.004522501172933816,0.11947184467338419,-0.0021854506781218076,13,,2
64,0.5340285127842935,0.09148293941276492,0.19681105929420656,0.13481502793592293,0.04116873951936067,0.0016937210534514024,29.25349413520061,37.70864188853991,7.526261480905589,7.526261480905589,True,95.50924633002306,7.235906847757033,3.7020711440325047,0.002015657687017195,0.027172550174695803,0.0006420616018950135,-1,,2
65,0.08806457206194514,0.1076469830319958,0.034689958586241416,0.6614886609862529,0.03630653593877254,0.07180328939479239,43.79744178455181,39.031512918709495,7.729598167418548,7.729598167418548,True,143.25382886425035,7.272021536160864,8.650577402934747,0.008524499082265422,0.25955022699938524,-0.006987847167489688,14,,2
66,0.5941460187700754,0.11639720117810894,0.17962725398594748,0.026254626385099428,0.07697133389408428,0.0066035657866843865,35.49622375218408,38.19645563657471,7.5755049166012745,7.5755049166012745,True,93.03477044735918,7.365023085014568,2.133078890033144,0.003960818233230564,0.034688194299925125,0.00011817291401836815,-1,,1
67,0.5283066462103607,0.0005546623503446202,0.11209247576522456,0.18133678202995443,0.010920860695243562,0.1667885729488721,29.356745837671987,36.671051560346896,7.303487306508068,7.303487306508068,True,93.76996373485225,7.052162347023727,7.679258802876257,0.0018196776680780864,0.08507645073278544,-0.0006483196608103637,7,,2
68,0.7957393034737434,0.10308131193512932,0.08535403895150316,0.008245051826361424,0.00021451798784692072,0.007365775825415685,43.88738438315548,32.872922231622944,7.201471048639194,7.201471048639194,True,84.18425983889612,7.490826353433663,1.1327944119161186,0.008688070241934073,0.03407112123189388,0.0002421026432599037,-1,,0
69,0.3740853564049817,0.20197771735710163,0.07289224849102342,0.31155056780049994,0.016307168439062568,0.023186941507330684,34.60061998852434,37.62965808417439,7.820068376967292,7.820068376967292,True,114.81522714319452,7.257593879055139,5.122762056321103,0.0034871913820525915,0.09795029439077842,-0.001859039276130429,19,,2
70,0.3616755623278947,0.20352786006620002,0.04279355340150748,0.3363293144521381,0.009511571897841478,0.04616213785441828,38.73507917082915,37.62981890533656,7.738539666900372,7.738539666900372,True,116.88028466834564,7.300926206014548,5.406976018576184,0.005345762564345336,0.13552398926992934,-0.0030816284214395576,20,,2
71,0.7061445587904223,0.05208088505905518,0.048370998276236074,0.07794934387355662,0.073096755717109,0.04235745828362092,36.79012660806936,36.62958636969689,6.641740444210199,6.641740444210199,True,81.83635996559602,7.337298567936348,3.436894312150035,0.00451753179805944,0.07263116592001398,-0.0011366037361569554,-1,,2
72,0.4277230664242968,0.015550073576227978,0.14261144454887986,0.28750508606585273,0.0021789672688298195,0.12443136211591303,35.060916096553555,36.39927000435312,7.611151418066023,7.611151418066023,True,108.74006306488536,7.1726103421375935,7.13311668780387,0.0034837104270743213,0.11921384204835161,-0.0022254275985882093,9,,2
73,0.6619694185910908,0.04903293873239594,0.04645688760290193,0.14656593295653925,0.02507013806073379,0.07090468405633851,39.185480222844966,34.89271555312512,6.928077228020936,6.928077228020936,True,88.85230096569,7.338587413579894,4.18841778504443,0.0056469292778852705,0.09869994116715132,-0.0019334280767330085,29,,2
74,0.4895219260188173,0.14810850134525574,0.017139273725541936,0.046371697451933445,0.08905572879924932,0.20980287265920225,37.235207088969986,39.6463300110582,7.87629172058669,7.87629172058669,True,99.98201057411691,7.180090116854248,7.312858111058012,0.004437095415478965,0.12954021301901245,-0.002181465580621228,10,,2
75,0.4781447630942595,0.09647123729307315,0.16248767155956223,0.23550775018922446,0.00098175424918922,0.026406823614691287,27.349593718210887,37.11525006625701,7.483713384473743,7.483713384473743,True,99.48942368082346,7.1439261064900155,5.315636990560353,0.0015683642210708002,0.04187395878486666,0.00046485477650051114,10,,2
76,0.605643956848552,0.06054980541439815,0.08461056540775926,0.04653376165016985,0.09987601784089213,0.10278589283822874,41.13845955639832,36.56195917458696,7.525363329612585,7.525363329612585,True,93.77280777983091,7.356859415778202,4.206267301963701,0.006908784562732383,0.11036404911261283,-0.0020976565738063946,29,,2
77,0.44778367733909136,0.07190252692574291,0.006635384993376246,0.23844751113148935,0.07937133667240918,0.15585956293789088,27.035369183596117,38.49300620057,7.241221771035109,7.241221771035109,True,97.97152500666667,6.980332254498214,8.503568409278307,0.0013468697657216032,0.0874788992921513,-0.00038657316518374356,5,,2
78,0.6562185495609776,0.14728548623697596,0.038312168638919016,0.1321233025567286,0.02592482468087923,0.00013566832551951128,35.39172115143341,35.80798260543833,6.940992538023639,6.940992538023639,True,87.69821400504519,7.3402462285669445,2.959039004560431,0.0038867692174802035,0.05447696800240068,-0.0006162710674070972,-1,,1
79,0.5502177576251638,0.06962309883770305,0.007244091360023611,0.27236745844234483,0.007436350684623283,0.09311124305014155,34.1839219138413,30.89798162973134,7.968207648147407,7.968207648147407,True,104.64746299546877,7.17828076892366,6.578796966225115,0.003092116455856379,0.09336370386289952,-0.0015543990741433414,10,,2
80,0.537039035104449,0.0654746114951439,0.10166095090487322,0.14405680066919116,0.0054409404313920575,0.14632766139495065,40.46758576276968,36.26404858966853,7.576884969435777,7.576884969435777,True,99.90319405741045,7.29142452994053,5.746758324596715,0.006304660152833965,0.13045689415711462,-0.0026447057288461633,18,,2
81,0.5529020433344958,0.02600695799630949,0.08432135759547098,0.20135788160166923,0.00013308034596307863,0.13527867912609137,40.39500334701299,33.10268097043845,7.793129264647589,7.793129264647589,True,103.33363665230472,7.2817799950976525,6.053329840826821,0.006116358496822219,0.13007009876431905,-0.0027124852761155377,16,,2
82,0.17416058077325955,0.00285471482052902,0.08176896836066132,0.5160916268209115,0.2235206026244951,0.001603506600143559,41.99717096493606,39.531556268599715,7.772997608781362,7.772997608781362,True,135.39311699756274,7.320226290749903,6.824737207234637,0.007381405200052444,0.2258605931384844,-0.006024579352391092,18,,2
83,0.35963991337154766,0.024507814095886312,0.007352341447813942,0.4095999490334104,0.009541791955359936,0.18935819009598168,29.226795865239566,39.451068510140935,6.7732801712883175,6.7732801712883175,True,103.97865939821519,6.969340463579731,9.605603646150263,0.0016709306014000493,0.12521408061788095,-0.0020516018977025786,5,,2
84,0.347081853349841,0.03886157165935807,0.0004974249798621659,0.38931307301661605,0.13873016436497487,0.08551591262934777,41.88827093318487,35.06614853482728,7.899049209068254,7.899049209068254,True,122.65169822611897,7.279979925862532,7.244006806472857,0.007067528128258563,0.18559451292905652,-0.004558711300335935,14,,2
85,0.35994048043344046,0.2287436757321752,0.022186138666117367,0.2358293333321004,0.04736797990593458,0.10593239193023185,33.30241221224152,39.73599766749362,7.9538064922446825,7.9538064922446825,True,113.21584789353788,7.163466206592895,6.803444143440836,0.0029529118345198104,0.10781271877961797,-0.0017039045157995366,9,,2
86,0.5392446821671286,0.0743777867001779,0.059425033893273776,0.1291730557087392,0.19477845646474487,0.0030009850659355897,26.304313397990725,38.3028362092793,7.283560727319427,7.283560727319427,True,91.44512076038347,7.156171513843119,4.878770619941715,0.0014310931904322616,0.033314237410157904,0.0007806027768908563,12,,2
87,0.12104707915165135,0.11692550884484973,0.03297075244350586,0.570152215506541,0.07042452695985033,0.08847991709360185,31.17230685218838,39.94121485303776,7.842098809967032,7.842098809967032,True,136.36448336432778,7.031187902051236,9.592518366363194,0.0021271733193721624,0.15941170637208288,-0.0037058622322462143,5,,2
88,0.73099067209819,0.005707519066064753,0.05010889612673984,0.045120059028209314,0.0003860257186822648,0.16768682796211384,27.757991648239305,31.397886549347014,7.649646438065283,7.649646438065283,True,80.1194180779078,7.052050224063257,6.846524378621071,0.0015021251344536127,0.058044202019231744,5.952162342518637e-05,8,,2
89,0.519778486668294,0.06201404953933617,0.10590284170880138,0.26265162350850263,0.011446338584616599,0.03820665999044935,29.03376026560907,33.28428267833279,7.759922492517476,7.759922492517476,True,101.34267802768807,7.13987660072901,5.864031278840491,0.0018155096951214989,0.05654078720143775,-0.00015624772500002628,9,,2
90,0.6827225968126224,0.03454483833652636,0.05633830477221092,0.19870036224232993,0.001909370655501354,0.025784527180809112,27.99468416533541,29.920933363761158,7.681568484273887,7.681568484273887,True,89.51866967068642,7.140968345133638,5.3348941181439935,0.001595382519731437,0.03840764045844109,0.00034580624291711653,11,,2
91,0.5683387250918038,0.0218803468920269,0.11908220677765168,0.19056370332186265,0.003601175421509389,0.0965338424951457,38.11188270710574,32.27830036343822,7.972110784055835,7.972110784055835,True,103.13442850649311,7.274118135905424,5.463664240129315,0.004853474769506664,0.10350286992639074,-0.0019358341520845633,17,,2
92,0.731656643380177,0.12357013904103348,0.0158438276034175,0.08185992103529884,0.018468785857187527,0.028600683082885856,29.758197733286615,39.5160068785647,6.0240199025875745,6.0240199025875745,True,72.53090443009845,7.242394250326405,3.6917941488348847,0.0022059263019771867,0.0419352293650214,-2.44870433928891e-05,-1,,2
93,0.12649734572025398,0.08221028279818934,0.018791237133793097,0.6623853361129652,0.07814414192356857,0.03197165631122976,41.237630014158555,37.85011763627419,7.61110514857328,7.61110514857328,True,139.6251999064935,7.2590999854698115,8.098686818770457,0.006616782195286709,0.22674823286779108,-0.006146666640633916,14,,2
94,0.7121893242467258,0.0019887036128679566,0.2216685224357578,0.04365097790687748,0.012440694187730065,0.008061777610040857,31.99998465415945,32.93276796766011,7.6137912781949,7.6137912781949,True,85.6730340936215,7.291842582026097,2.888378909629786,0.0026619130015209072,0.02238445301995499,0.0005726429307586308,-1,,1
95,0.6639024806950514,0.11241724067624397,0.03257313958693794,0.1692270933837085,0.0006711310285276391,0.021208914629530392,35.199778590237294,35.91703047444166,6.668352717425259,6.668352717425259,True,85.82228765338934,7.312533197616338,3.6556381152521045,0.003799634738005211,0.06745605396452792,-0.0010087692699985707,-1,,2
96,0.6175379943378343,0.0021258965558487294,0.15529034208645318,0.19317653661159737,0.0231576989352511,0.008711531473015252,44.253877043449954,37.774645987445105,6.525836628577672,6.525836628577672,True,91.25210025123587,7.472414613186797,2.2972901693953207,0.009526459604846807,0.09571681866859474,-0.0018780576281657243,-1,,1
97,0.3124340220665392,0.14176184277020842,0.02101100852719791,0.37219078159235935,0.12778772877018557,0.02481461627350955,41.00496887217735,37.885958763180376,7.836007598581791,7.836007598581791,True,123.08369755470433,7.33275295897306,5.626648139640397,0.0067338671273054086,0.17076875689378032,-0.00422395614950869,21,,2
98,0.708737897916899,0.023047193454108387,0.022946056768160514,0.17642659842959413,0.03081731624587564,0.038024937185362304,36.08039004141421,30.3339809102092,7.476077587945278,7.476077587945278,True,91.39203313171244,7.289510990926955,4.4506868198312555,0.003951245644427399,0.07422505830423178,-0.001205227319443773,25,,2
99,0.658570856898144,0.08921005382581323,0.07803043500123755,0.1623015817259588,0.00010626608808266211,0.011780806460763824,37.04549710695586,38.03076256795922,6.3731077519240715,6.3731077519240715,True,84.26823408259474,7.359970575792425,3.012740612415387,0.004681497720271617,0.07106402846510644,-0.0011874162235819634,-1,,2
100,0.5527669490348112,0.15331859897505742,0.005449925378914053,0.18326401627474845,0.032372696319476875,0.07282781401699202,43.08715400183282,38.2076783274281,6.903523881579495,6.903523881579495,True,95.32887207853118,7.399436720265872,3.9174350457468687,0.00848423766318749,0.1309791479468891,-0.00288963968188161,-1,,2
101,0.6549928894050662,0.003594048768702766,0.12069488862591456,0.011737556238490775,0.03181757514111975,0.177163041820706,29.759729752652056,34.477593468359174,7.721743122005879,7.721743122005879,True,84.79836384633971,7.0922327522064625,6.679693412298535,0.0019471202478541548,0.06607427300557002,-8.939112217662004e-05,8,,2
102,0.21851796257303485,0.015967887972694238,0.05710174792695785,0.6418619422565385,0.0005118244887183979,0.06603863478205627,41.792231790784285,33.80412667161101,7.805563423013763,7.805563423013763,True,136.8549750879359,7.248562008024402,8.239384467675718,0.006820880902013042,0.20680837229849025,-0.005465898417279396,12,,2
103,0.6133413212178946,0.07620261578356552,0.02572180057411654,0.16422176405388053,0.016194853907366576,0.10431764446317619,42.945673350662034,37.76030849579064,6.6165814022168,6.6165814022168,True,89.21478117785023,7.380252414125879,4.321020873297859,0.008338255351473828,0.13388148165020106,-0.0029677845344099753,28,,2
104,0.4289130098603759,0.0013296681726690988,0.043500846500449365,0.49946107774157483,0.009301549778256497,0.017493847946674378,25.942498331911448,32.772192068237246,7.246772005589163,7.246772005589163,True,107.27557786858173,7.019587074717877,7.61174380974202,0.0011815619573507397,0.06858601408579404,-0.00037188760378210005,6,,2
105,0.7083966696678935,0.04530937905804046,0.05644710678099026,0.0195019533999974,0.0793158257216279,0.09102906537145049,43.237431653340394,34.98664456067382,7.199142773176336,7.199142773176336,True,86.5649937732868,7.415659970296595,3.224842809844441,0.008520297390722928,0.10075569263095346,-0.0018821506567101443,-1,,2
106,0.2710938401195453,0.07099911433623617,5.707666180760711e-05,0.46654448819048355,0.017197935954198277,0.1741075447377292,34.29999651007026,36.6514678795959,7.712071063790097,7.712071063790097,True,123.52878661921542,7.052791277515384,9.806449578143246,0.0029424299135346454,0.162008673976277,-0.0035859195243056956,5,,2
107,0.47309763115782727,0.10434423578211763,0.004620870353426301,0.10832338688085488,0.2194495555927915,0.09016432023298239,40.70412271886382,38.99534582342193,7.768135989291802,7.768135989291802,True,104.71286567394377,7.325111073505984,5.259427801614654,0.006598213281129878,0.13953834003988946,-0.0029361182410634745,22,,2
108,0.2564218731700646,0.0439421091672561,0.22595695849597996,0.407423861215745,0.045256399879999895,0.020998798070954488,34.1989747387305,39.744230834561115,7.835251403924609,7.835251403924609,True,125.29186035981577,7.223500259149677,6.112603571972982,0.003315395277824111,0.12486106946241375,-0.002730678237401678,14,,2
109,0.5217198852668271,0.17690565015761867,0.07547432984952994,0.1820097003451863,9.933213225310775e-05,0.043791102248584866,30.57721916476404,39.12870679070788,7.046731441613112,7.046731441613112,True,93.29872017327317,7.211903971769122,4.714370883382855,0.002315261108435777,0.055407556063862266,-0.00023484683234966785,18,,2
110,0.6815966084306151,0.03836707204485859,0.1562225409238356,0.06361818011805061,0.05686434529632856,0.00333125318631172,38.86195557693422,36.21538740726592,7.020120603586178,7.020120603586178,True,87.25110940558386,7.408579396445756,2.097976694166943,0.0055447481961785625,0.053755045184874034,-0.0005750647200765627,-1,,1
111,0.5250233251435492,0.08215877598588775,0.08208845891919499,0.14654827619242627,0.024424129090773173,0.13975703466816838,27.181799273549736,37.91649900489335,7.328109999447515,7.328109999447515,True,91.77285774138906,7.041973822528825,7.184294811462302,0.0014535036453428695,0.0646936506999408,0.00024250660542310203,7,,2
112,0.6437007811182834,0.06152680447761559,0.10763109292748255,0.1339533636911015,0.007494072844130127,0.045693884941386695,41.75959396468136,35.32004728564623,7.080372954817335,7.080372954817335,True,91.9536295258756,7.409576167881494,3.0626411918980625,0.0073731120878511355,0.09389491789497058,-0.001801580154854035,-1,,2
113,0.3287369102808082,0.023075716002171082,0.051407527241869304,0.41151648952889897,0.13125379413958507,0.05400956280666731,36.585197743328486,36.93656314358307,7.561598211652947,7.561598211652947,True,118.9804091026905,7.215399096206998,7.1099188947554826,0.00413160989961211,0.14807778140254912,-0.003439236530352758,12,,2
114,0.28140656047237333,0.11753384630924225,0.009263662753487808,0.36722651591485844,0.05827291156683648,0.16629650298320164,31.848701793236753,39.98723510736465,7.618638491191668,7.618638491191668,True,117.59345004856358,7.0322397291341385,9.34461050340857,0.0023094402069787742,0.14135273928533287,-0.0026311678103480346,5,,2
115,0.5882359534662533,0.13733045619636589,0.15759212976386905,0.01534793754491859,0.09780136403388233,0.003692158994710771,27.36252453229047,38.6077434879785,7.612541115451702,7.612541115451702,True,88.45510195542845,7.231831252488066,3.092167102504247,0.0016641847150639909,0.0012353913305536133,0.0016403116976532882,-1,,2
116,0.1635372907784453,0.1096783911235324,0.078168317309324,0.5349501500184812,0.10102371788759354,0.01264213288262354,25.06989962218694,39.1684393668019,7.908138411815013,7.908138411815013,True,130.52947382753035,6.987514111338171,8.39952639518431,0.001076675884761155,0.0924307498189155,-0.000977958930351649,5,,2
117,0.5586990540716451,0.23568826184306524,0.03173399199870179,0.11930991979705176,0.04705577548001982,0.007512996809516396,27.715716512531877,36.23963142410754,7.702896247875876,7.702896247875876,True,93.42196023591383,7.1997950509172695,4.035764396976285,0.0016755275369114665,0.020315172881553115,0.0010256756376684762,29,,2
118,0.3446500084681979,0.035881388952101995,0.038300734691719455,0.3937755540640827,0.09188899504676452,0.09550331877713333,42.84754207913134,35.453737710383386,7.828359795960133,7.828359795960133,True,122.15818073905497,7.295310993645494,7.1227001558506835,0.007818009107013128,0.19160066810943752,-0.0047185700760378115,15,,2
119,0.5312738608850153,0.05477487834588924,0.002061338442025778,0.1666606979412659,0.06582874217001917,0.17940048221578475,42.08167530950535,34.901677490042914,7.687652723264027,7.687652723264027,True,102.43195426683441,7.276043478841326,6.807782349330658,0.007242887210689668,0.1571824555807898,-0.0034092106838494755,15,,2
120,0.3720962077966314,0.035025567074439067,0.005665177259349303,0.4438775674450168,0.01254351798020817,0.13079196244435534,35.5258157000075,38.7513288918872,6.673394334039381,6.673394334039381,True,106.34969486976094,7.153824980879791,8.048820316490664,0.0036436093311036106,0.14844674136172425,-0.003302646993364968,9,,2
121,0.5537345125792188,0.007305913964792988,0.13652125151962308,0.16106785258758247,0.13552385860148747,0.005846610747295017,29.036369871260906,38.83752537070427,6.9098796682443755,6.9098796682443755,True,90.20662688074962,7.20741010400791,4.534434165757297,0.001967976014036022,0.0476663462927418,8.436642636261663e-06,20,,2
122,0.4073339373095988,0.00025131001064528113,0.03697576400309913,0.40699047786870074,0.0025703877623680154,0.14587812304558806,37.03715478472643,38.68684489350342,6.615219847607284,6.615219847607284,True,103.47959332408622,7.181750797301116,7.825317826797999,0.004307018442875016,0.15354928562203965,-0.003462726213327318,10,,2
123,0.7314173987820715,0.08618462498886088,0.0708429580644395,0.019006737944108565,0.04802460420377055,0.044523676016749135,39.994626338926295,37.14362873237049,6.687370351559899,6.687370351559899,True,80.72927295336267,7.407213681612811,2.3988838913502875,0.006276470159715528,0.06645309735989564,-0.0009401209906688986,-1,,1
124,0.31358427151301865,0.19910440631409848,0.04623213000171949,0.3729879963774437,8.47543219401619e-05,0.06800644147177948,32.29495360581406,37.72810177669541,7.901281064122538,7.901281064122538,True,119.43121980567753,7.1492903285193705,6.97618232866609,0.0026055830872660194,0.10877277733291421,-0.0019456006466859884,8,,2
125,0.5493741103759626,0.21560557853321888,0.1323342702256698,0.08295552731689912,0.001256911718922311,0.018473601829327287,26.472237876327604,39.41357533632659,7.417219261507809,7.417219261507809,True,89.96498443624557,7.194802335454615,3.6972599320258683,0.0014994828925982279,0.00637887421036185,0.0016138126777750937,-1,,2
126,0.4025474146558676,0.000897256977393377,0.08913317858146878,0.44385261244465046,0.0038712410269859717,0.05969829631363375,29.867693915724413,39.1888001318014,6.459669450390363,6.459669450390363,True,100.6593134844295,7.113360773841989,7.132331100950741,0.002017120801202367,0.09928864881225774,-0.001657322416686265,8,,2
127,0.38559563468423347,0.06636136548659699,0.10995040934991149,0.20539027243840619,0.04177567029237521,0.1909266477484766,27.31157612707337,38.8972226872832,7.958852512023432,7.958852512023432,True,106.97861099148955,6.940465221288547,9.128557098574559,0.0013277205775969708,0.09258223991345739,-0.00011293376188615163,5,,2
128,0.762316919497116,0.012273171167030188,0.10636490324435321,0.012215052183847533,0.09652113319125227,0.010308820716400803,42.039912188389565,33.099307528249156,7.308833515710336,7.308833515710336,True,85.99695617509171,7.454447697967069,1.7735481619105962,0.00743913897350798,0.053367453249315716,-0.0004856287499240942,-1,,1
129,0.5151537991012819,0.13620790884090095,0.08410769650653004,0.16479657127806605,0.011866097479061845,0.08786792679415929,25.11278969645034,39.55512186593269,7.067394722586053,7.067394722586053,True,89.8224533921785,7.057808112829518,6.334386614690825,0.0011958601782702956,0.04247363319163191,0.0010165208384314162,7,,2
130,0.5023347250139526,0.24700122175236525,0.016142588047883117,0.10425350746274224,0.11920587929846121,0.011062078424595617,33.96605739517115,37.70103905113769,7.9759888725454084,7.9759888725454084,True,102.45848299545798,7.30656755733836,3.43275379974996,0.003344242783689852,0.05469281522438237,-0.0004178464267684251,-1,,2
131,0.33879231388193215,0.10243124716206332,0.05652966568538942,0.4155504608871767,0.08374511139647658,0.0029512009869619776,43.64960139685638,37.83856620882473,7.369804313823245,7.369804313823245,True,118.40844869463788,7.400201648830018,4.704595497552987,0.008880636700865583,0.17999276187379135,-0.004569472690485927,27,,2
132,0.588557674843562,0.010307130966210392,0.10997814355311902,0.21649922620693726,0.07177324488424355,0.0028845795459277322,29.321810766743866,33.45797342380999,7.434059063542967,7.434059063542967,True,94.44232981893028,7.188808728516385,4.9228106793811826,0.001932586261425616,0.047471102237048285,-4.560232527460961e-05,14,,2
133,0.5305244719497858,0.003974146478348582,0.07944199055465023,0.31889153644507473,0.006529621666399336,0.06063823290574127,25.768338715380892,37.65539341368463,6.47030962165325,6.47030962165325,True,89.22992218346556,7.0569851938703705,6.786590934534629,0.0012626539334744025,0.06128364908143096,-3.193082601980839e-05,7,,2
134,0.3243617096356164,0.03362538493777869,0.17634333769702426,0.3514925104039103,0.0024215972234513166,0.11175546010221891,35.057882729584904,37.90966026055939,7.841776794944468,7.841776794944468,True,119.09811618090124,7.162890201260067,7.515988139450998,0.0034735480722157762,0.1333768749800463,-0.002692276874910255,8,,2
135,0.31354383244029554,0.06783582859442197,0.07847093814404701,0.4209818307662058,0.10404552793390937,0.015122042121120217,31.6727007425267,39.03833106352843,7.2947044391909,7.2947044391909,True,114.98497100345055,7.172918401914301,6.549635166726345,0.0024961672206809606,0.10966514745783176,-0.0021664473953123668,10,,2
136,0.5945705771543758,0.09216061490819699,0.059757785680127726,0.03924257546638298,0.11299208530799404,0.10127636148292236,37.323969459247856,37.19891456739504,7.5336908990928535,7.5336908990928535,True,92.48660965236932,7.292091274043813,4.671661753660833,0.004680991663575253,0.09157012100191578,-0.0014402273966736471,23,,2
137,0.29062215624375903,0.11247301408465915,0.047191918624353325,0.37563044362855486,0.10829721822958568,0.06578524918908782,42.94643538274602,39.640892812846374,7.632370070788223,7.632370070788223,True,121.97381506977449,7.332683907632644,6.26216043198677,0.008167430320674138,0.19812031632675126,-0.004936873284566562,19,,2
138,0.3829499327144068,0.011141721371186067,0.00608435123516083,0.46570480298939065,0.043536684441367456,0.0905825072484882,31.342620276743997,32.50640997180815,7.75292806095952,7.75292806095952,True,116.80050047819229,7.065048044560738,8.454407256247103,0.0021508453813694566,0.11409887760719048,-0.0021654609350058337,6,,2
139,0.47105795439428977,0.09164004071309102,0.04098375523814199,0.20538357815038366,0.1513370615812535,0.0395976099228401,30.307330988671595,39.091436065269825,7.228312210251273,7.228312210251273,True,98.62676254029391,7.17864413908696,5.65070157451613,0.0022019189550168327,0.07349169958211227,-0.00073059349760933,12,,2
140,0.5126222321218539,0.05591459763542047,0.08669572677246082,0.15904318816983368,0.07292406442210156,0.11280019087832961,35.7983762120182,35.77202209750804,7.792963572416739,7.792963572416739,True,102.12315543093486,7.220660691695322,6.100182976290949,0.0038493073297475072,0.10390415840626807,-0.0017495095310362913,13,,2
141,0.5284998913118192,0.14257401219683477,0.1182648630738928,0.035649325009928984,0.032449180675772175,0.1425627277317521,32.028852290657326,38.55169334178399,7.925095652603631,7.925095652603631,True,95.6897802596097,7.163906236329419,5.9024410859156085,0.0026145228726643637,0.06947535585157238,-0.0002462702475708718,10,,2
142,0.3064652964406436,0.02968020951002573,0.0847351798868564,0.43265117862674396,0.12704266090169658,0.019425474634033896,26.76336213848317,38.815556497298594,7.299275664330063,7.299275664330063,True,113.22546187700789,7.059159326905882,7.429182693548766,0.0013859781318650434,0.08562326664773778,-0.0009480866987444869,6,,2
143,0.6657672251946309,0.09706920392649727,0.16930589608788776,0.03208594404719581,0.02370713165893253,0.01206459908485566,29.864415917807037,36.89993348373328,7.205895145466051,7.205895145466051,True,83.21400038861421,7.265381426079237,2.9557472714460458,0.0021792714866240956,0.015578151993408994,0.0009234369771425119,-1,,1
144,0.8024971800912999,0.04742306149060105,0.0061181168382320825,0.016290744606821318,0.056187360326723626,0.07148353664632212,35.709881880686865,37.76936599203994,6.1042217300014645,6.1042217300014645,True,71.14730680357611,7.31763438309724,3.5071895294829027,0.004106727054306634,0.07047343821051022,-0.0010959179723284,-1,,2
145,0.4589279740295851,0.18444267267046902,0.06872445435735146,0.2466195013001168,0.03608986007704405,0.00519553756543356,33.21859055057313,36.834343814016506,7.643820521492219,7.643820521492219,True,105.9007543562333,7.267082660484881,4.351829469995136,0.0030408835768458947,0.07046926711817128,-0.0009815238235468965,26,,2
146,0.48620735321535075,0.023560621312544144,0.14062100324956597,0.2519687704645389,0.013924349478815361,0.0837179022791849,43.00961493011842,39.509552538994356,6.79315154938683,6.79315154938683,True,99.26032555011474,7.3759210176906524,4.649041292229889,0.008406193587664696,0.15118365739022835,-0.003501923108051404,26,,2
147,0.4707985987267142,0.03803711105617162,0.15998742546554306,0.31976315478488665,0.007555632580665401,0.0038580773860189786,40.598585210964,37.48825425446254,6.981974696942263,6.981974696942263,True,104.40562368244011,7.384204612034021,3.7909992020089356,0.006605173329512014,0.12127386018694393,-0.002780843128890669,-1,,2
148,0.5356876987830275,0.0037708764746660272,0.07102671528244216,0.11611852058237854,0.09160684743301593,0.18178934144447,26.878727931841823,36.59909241211926,7.588454769294023,7.588454769294023,True,92.10127975074712,6.977252269155095,8.263127327337823,0.0013146087343220187,0.07602418945315591,0.00013621502386838326,6,,2
149,0.5596731735455966,0.11097076317467283,0.04936154224000868,0.13053935164275768,0.010928836873398927,0.13852633252356528,35.90983291348387,35.383568243230314,7.660202910728003,7.660202910728003,True,96.99836862521406,7.217704432394544,6.051514415350805,0.003891593759302149,0.09958698390216085,-0.0015923841913895382,13,,2
150,0.47278695067658205,0.05352289127850145,0.08495408091780583,0.29604756569983093,0.026023405930063716,0.0666651054972159,26.670018308518564,35.9277628351348,7.325724797505749,7.325724797505749,True,99.46596284655823,7.057616154985271,6.957153541122424,0.0013630978093046569,0.06226399481485748,4.351403319121083e-05,7,,2
151,0.628755470849258,0.00101274609742498,0.0786117341704305,0.20650726125440935,0.021339715475218148,0.0637730721532593,43.17748113047458,32.576389176263234,7.347772728365743,7.347772728365743,True,97.85237456077338,7.393831538032464,4.104971240241893,0.008298014108051753,0.12252167166618544,-0.0026837348806092983,30,,2
152,0.18667373062458464,0.05604966842534401,0.04341518914129302,0.6453031185455271,0.031177703839077392,0.03738058942417383,39.19254982327572,37.048813043903884,7.376406647619344,7.376406647619344,True,132.18500615896164,7.232808922337146,7.869686412719085,0.005354677355781036,0.1946269316527883,-0.005150720018164173,12,,2
153,0.6612112108360443,0.09126507144040018,0.048131766348942256,0.06215346897231883,0.055141747524318524,0.0820967348779759,32.98188999544327,38.215090955570815,6.7297473227620666,6.7297473227620666,True,81.54408815167662,7.244253217496604,4.523958610539555,0.003018935438656426,0.06606844461593933,-0.0006731938502558713,23,,2
154,0.5164313239850804,0.08627967938907537,0.000384018062643215,0.00949983785532768,0.15620081896419694,0.23120432174367644,25.43953357882039,39.52257670317631,7.809532881508659,7.809532881508659,True,90.2153873808078,6.888456662667418,9.152520298641514,0.001041757249205478,0.07581687509180755,0.0011496621533515707,5,,2
155,0.18028817361376723,0.04670261300317704,0.20511881973555113,0.5579458518740563,0.002538529120848679,0.0074060126525994745,26.182806440116522,38.949311033545726,7.702779110902912,7.702779110902912,True,128.31567526708045,7.036604149024846,7.751104973339468,0.0012711558938169863,0.09184114246391842,-0.0012561954559737352,5,,2
156,0.4897565225037887,0.20312269336582592,0.07734826420939868,0.21073355176544156,0.006391597253928274,0.01264737090161679,36.07313484596113,39.534933320802786,7.097217672626153,7.097217672626153,True,99.24082814139898,7.332691542764632,3.5107488281149632,0.004217973835225092,0.07821090722681555,-0.0013206523478680504,-1,,2
157,0.1941291538915198,0.002946807730464663,0.08808188042547041,0.5957797335681235,0.09953116444025048,0.019531259944170987,39.46321188109701,35.91011332343503,7.839952305163425,7.839952305163425,True,136.95975630866988,7.247508160388683,7.618983535736964,0.005502425267349546,0.19385867126490458,-0.005139129652857135,13,,2
158,0.4654328445061616,0.041732681351944044,0.04272024324426273,0.3138011629759265,0.06683078314326911,0.06948228477843593,28.19047867791959,37.85819060718282,6.87861051360935,6.87861051360935,True,97.3014360457036,7.086849742779474,6.990508127818851,0.0016569325334077649,0.07909232273257787,-0.0007335542514899782,7,,2
159,0.6671916592088328,0.04319286522985456,0.018096834535138624,0.06187228292537992,0.19413205750273327,0.015514300598060792,28.937802877800692,38.30698618882717,6.653064437968116,6.653064437968116,True,79.68728464310747,7.215202847618061,4.234761753902564,0.0019693928503034075,0.04309961520327211,0.00012723803661923,25,,2
160,0.8226818054480904,0.043296041842794,0.05550791787499288,0.011964795690655759,0.002845421367720577,0.06370401777574622,38.5534746542108,33.42554780813833,6.821994464499478,6.821994464499478,True,77.02302098298367,7.368188198650413,2.930501414499176,0.005327826977566884,0.06458543928521211,-0.0009185506317870519,-1,,1
161,0.5241533521933525,0.055958717951571695,0.013629558481569892,0.18255174203445185,0.20891313036740583,0.014793498971648483,31.046773907049968,37.639627548753296,7.182669206678727,7.182669206678727,True,95.61890747750667,7.212915323500066,5.123303666294204,0.0024016788244698682,0.07068796318164794,-0.0007943111502704966,16,,2
162,0.477909057832865,0.02403322424471805,0.025162468445512332,0.17747444412181174,0.20491841901050714,0.0905023863445859,28.572572378924846,38.75849617950216,7.303683253870124,7.303683253870124,True,96.93566953356924,7.086775579424025,7.068935821357367,0.0017346040731274985,0.08039000361032217,-0.0005717497550039838,7,,2
163,0.5732144864835358,0.10582477285968098,0.08523952043363743,0.17698675634687916,0.039743644048005566,0.018990819828261132,42.642099253353464,38.91870921135471,6.70991526567475,6.70991526567475,True,93.34566929425137,7.440613695170503,2.6553501070749967,0.008191220215681975,0.10038594151200064,-0.0020272039929355207,-1,,1
164,0.7226100328660453,0.06029597321409281,0.0657626403251771,0.03353192270794215,0.10959687292593488,0.00820255796080776,33.205579768283684,33.6806961758212,7.3589581416037255,7.3589581416037255,True,83.81636038379442,7.304121777811282,3.1018025721427573,0.003048701095265329,0.03791963149306569,3.924965263896913e-05,-1,,2
165,0.6186673447491714,0.1294196034604014,0.07606659210617205,0.03976961506171142,0.00013305499623216826,0.13594378962631154,25.63300361429748,37.97155613307797,7.213014237550153,7.213014237550153,True,81.49290335973198,7.054999606017904,6.264017193565824,0.0012640025148865908,0.041149262643205904,0.001048030191981635,8,,2
166,0.6020700814366028,0.03852239069758366,0.06690212815103085,0.07027628226065588,0.12690111394909542,0.09532800350503123,30.619561036594696,39.4190434454118,6.858687631304129,6.858687631304129,True,84.4993562481488,7.175505166112528,5.516756175434188,0.002304834399908455,0.06814015899640319,-0.00047288295846574356,13,,2
167,0.684021662103036,0.03622173086828881,0.14112764456269636,0.04797817918569965,0.03389880986121616,0.05675197341906302,25.177603865328976,32.63633052348661,7.818642030295755,7.818642030295755,True,82.85506377360727,7.105246464900763,5.08907066881816,0.0011935994285957195,0.017564601449371213,0.0015142711748508536,10,,2
168,0.37070803931354007,0.02087540939726774,0.1402274187968259,0.44207333627331935,0.01939982752210901,0.0067159686969379545,44.48433059368661,36.11353749149244,7.318292833445919,7.318292833445919,True,117.46203725863445,7.410891319213638,4.604055616172549,0.009572782466634176,0.1769956475166666,-0.004493659216921229,27,,2
169,0.47508270155182303,0.007170577853052376,0.025808930172259003,0.2742446713344598,0.21524822628899837,0.0024448927994074367,37.18400319852217,39.00050869469452,6.797686500105352,6.797686500105352,True,99.98508512997546,7.313981622968843,4.784803783225235,0.004668936061056025,0.11955763300111788,-0.0026488172505024212,24,,2
170,0.3898955232294924,0.007431636972631338,0.0006939488602076148,0.23143458458552696,0.33432922747822885,0.0362150788739127,35.44211278059503,39.308788323499684,7.610457197433678,7.610457197433678,True,110.66458806830993,7.2358491115861385,6.277014387295073,0.003783852746716197,0.13000098023831083,-0.002722277340093381,14,,2
171,0.3218600652953892,0.003830961595279372,0.0024297009538492994,0.3623757293895411,0.1289324901256118,0.18057105264032924,33.10481353633261,36.65479020975272,7.8519750843459075,7.8519750843459075,True,118.64936482037822,7.028873781843763,9.839586331108599,0.0025620591308766582,0.15169922869638802,-0.0030884781042828254,5,,2
172,0.3873378399359463,0.06841599950390917,0.02939352609614038,0.41320409109928163,0.058559047954551954,0.04308949541017065,38.13361311506153,35.70689398191379,7.371184969588889,7.371184969588889,True,114.22724651571264,7.265423172741599,6.272762838422472,0.004913004811400436,0.14262695063681524,-0.0033652425433951918,16,,2
173,0.3679652116997246,0.013041947778787371,0.02927514997442005,0.5796839261963947,0.0019422938065423853,0.0080914705441309,40.300999511659064,34.27116461470084,6.957876506398569,6.957876506398569,True,116.62335720453616,7.302784141019453,6.226866160934578,0.006111232943156389,0.1640714747736018,-0.004249709470991424,18,,2
174,0.4008099211066914,0.007026252938414138,0.10798889496411297,0.379496696660466,0.0888223951005205,0.01585583922979503,34.82481793021145,38.19958500138574,6.9856123827274885,6.9856123827274885,True,107.3930480955619,7.245653428286724,5.725415978049766,0.003564175819184479,0.11536219212408137,-0.0024794950053437653,16,,2
175,0.6557439163425571,0.023422667337425332,0.06392769563348136,0.16452904610508923,0.010995152003808304,0.0813815225776388,37.08608327100385,34.535575713679435,6.947361764965333,6.947361764965333,True,88.88374265364403,7.2890258149633285,4.793472371880043,0.004507048559299593,0.09355767374618991,-0.0017250216670844038,22,,2
176,0.46736979197467216,0.027499822436908652,0.03115330129129405,0.3837232558945631,0.059955799971902805,0.030298028430659204,31.429915044631187,32.98347663708323,7.505608844778467,7.505608844778467,True,107.61091481566382,7.152418141732069,6.5980206242113795,0.002327422103294766,0.08926694917059486,-0.001486651740365971,9,,2
177,0.6283085638123395,0.11120234139291982,0.12295730971893891,0.011275700982237177,0.008799276744600243,0.1174568073489644,32.933451978501544,38.671743788455835,7.1913240790121495,7.1913240790121495,True,84.61172076169484,7.226761190605403,4.7037352268497035,0.002984244729086524,0.06091076562662249,-0.00031496594267584624,20,,2
178,0.07398342940561053,0.02632039015986589,0.027974550917457288,0.7721790554494714,0.0006685910241727482,0.09887398304342204,30.005731862661474,35.18472472565347,7.887122530322144,7.887122530322144,True,145.1187705552442,6.924715560193681,11.066170778754149,0.0016352458490296487,0.16806383366529165,-0.0046635194490597985,4,,2
179,0.20646677016281031,0.11159202698335421,0.0009943029130446673,0.6238914863348617,0.05160595819465813,0.0054494554112711835,41.19376615616453,36.3531439445194,7.508944142573666,7.508944142573666,True,132.75947646692134,7.2976348531470325,6.934461890340702,0.006684546399968062,0.20225299829032703,-0.005435521800225829,17,,2
180,0.698600318262345,0.15235453529033777,0.01062659830265437,0.06728456138615789,0.04402166406982263,0.027112322688682355,43.99451653189504,33.579402018154916,7.400899683315885,7.400899683315885,True,91.35912279642193,7.469716245532378,2.0142374403481047,0.009052045468537084,0.07149091298729963,-0.001014909217086434,-1,,1
181,0.6118802984252232,0.09071743644715925,0.24347575258388118,0.011878278385574861,0.006295163662708716,0.03575307049545283,44.31578980883063,39.89421992185434,7.205461113085359,7.205461113085359,True,92.17148526425399,7.488702288320034,1.2790583212200946,0.009403079364786134,0.048252028306628926,-5.9526062586162184e-05,-1,,0
182,0.6216868744752083,0.021867317581238846,0.016705364844028656,0.11167198060706836,0.017682505979581507,0.21038595651287426,42.13783082771427,36.58018439499173,6.938288077755263,6.938288077755263,True,89.16508400373525,7.28721688587659,6.365561400496884,0.007427605612894355,0.15211905727752267,-0.0032986131685842192,17,,2
183,0.4553268584417738,0.08935541935309795,0.04518656920629672,0.30587900822248787,0.005110814579792209,0.09914133019655162,29.32677620271416,37.57357261071497,7.06426142614034,7.06426142614034,True,99.4684783690783,7.089115920680427,7.18056443007865,0.0018641984854307304,0.08538985441018986,-0.0009184888624178063,7,,2
184,0.4563515981475971,0.008381506135921674,0.022480520486188434,0.3048485678765193,0.1961579899667644,0.011779817387008973,25.011421128063446,34.653760969581114,7.620921060782694,7.620921060782694,True,103.16670985862744,7.040544609169814,6.981806970082751,0.0011082591380377964,0.05412873718962707,0.00040360204588984913,6,,2
185,0.5590848656363278,0.1712498752206683,0.1325403370154863,0.051608248167491017,0.07230451221428381,0.013212161745742688,37.151788999270906,38.9740542412909,7.573784158140764,7.573784158140764,True,96.20604124354952,7.381746849348879,2.252199619206846,0.004709677390715889,0.04984803928533009,-0.00036072263341545096,-1,,1
186,0.6756708225432558,0.03845245339635987,0.07603483920216621,0.15312705858500203,0.028121725311480134,0.028593100961735885,39.36174498875217,32.84390283641068,7.265247590527995,7.265247590527995,True,92.10827729815593,7.369422444191972,3.4369036325985287,0.005704895904751157,0.08310903580558751,-0.0015212456947944462,-1,,2
187,0.09952781768395963,0.008575407205344525,0.09606869806509179,0.7016235785810828,0.010763948895211413,0.0834405495693098,34.522009175341005,37.43871096163512,7.659446237639324,7.659446237639324,True,140.97526448743673,7.0805185183164285,9.788349778397968,0.003059005935014306,0.18530994906337464,-0.004826656326512852,6,,2
188,0.31806815423423174,0.1441632857862498,0.01760385275527972,0.4722163730407693,0.03503975864133805,0.012908575542131328,40.804188740621925,39.554039980950336,6.904072882499623,6.904072882499623,True,114.44244619104244,7.341155248358005,5.389328304363156,0.006690808461468413,0.1701340828665073,-0.004322783368076564,22,,2
189,0.7503596619308386,0.0011597973845295835,0.009010771791065285,0.10034039818212616,0.0488461623293676,0.09028320838207277,38.4260636597798,36.10456378567443,6.312655575458171,6.312655575458171,True,78.26213410484418,7.325981559705706,4.2536568129544685,0.0052986009132570235,0.09860658367661528,-0.0019698433548034754,28,,2
190,0.5138835175795513,0.06885897310043117,0.06729178649341508,0.24767756025329965,0.05981834156402597,0.04246982100927678,40.50200373794707,33.9012158633899,7.7214132379900375,7.7214132379900375,True,107.1503694903333,7.346876473209266,4.626837881009175,0.006349898081657874,0.12116737235905312,-0.0026519453441297826,25,,2
191,0.6386018289862754,0.016478935468017594,0.14312533266147312,0.13304206730242277,0.00013794907448274306,0.06861388650732819,43.98180982462759,34.19677163809489,7.335560818319695,7.335560818319695,True,95.05888939998543,7.427324487601036,3.2694654640423595,0.009105386526685962,0.10939224537851218,-0.0022079753382703484,-1,,2
192,0.44091642207064147,0.009034904997057286,0.07553775847819563,0.19550472122645754,0.21436637988119636,0.06463981334645168,44.732587865743035,39.9630690299828,7.315598484874541,7.315598484874541,True,105.98366709840293,7.404063575368944,4.672732167311018,0.009963348553867348,0.1740898371574144,-0.004097840266487551,27,,2
193,0.4398894295519497,0.12209267999630402,0.009533775406460485,0.38768355650771874,0.03156702315734771,0.009233535380219218,27.439697305066353,33.11578410529137,7.721225378295765,7.721225378295765,True,108.45268202396312,7.093241629433784,6.567546500670251,0.0014768848706951756,0.062428254628216745,-0.0003318410006283574,7,,2
194,0.1389374619321233,0.009666278199117478,0.05756651840628572,0.7914620846676572,0.001593539210438662,0.000774117584377712,43.63410272133001,39.10764677984918,6.591531481683724,6.591531481683724,True,128.10083863819509,7.330616539304089,7.146370484144923,0.008654692082017091,0.24370648868026892,-0.006747486522076809,18,,2
195,0.5461274595194968,0.12256076506882814,0.0007370366568999802,0.1985855511443366,0.04374492124813442,0.08824426636230409,38.19345412823724,38.230971671093656,6.8389532490175124,6.8389532490175124,True,93.82599387007356,7.295273653623869,5.131709931842465,0.005125014953108969,0.1158878432159787,-0.002374235754267123,21,,2
196,0.3812615261822209,0.22730769206876275,0.04085477777705549,0.2996720271468546,0.05024174027481946,0.0006622365502866888,43.74478580628159,38.99478570608834,7.564943530833551,7.564943530833551,True,114.96579320763009,7.441838095515637,3.2958556705344657,0.009083921300768951,0.14285781542615775,-0.0033556055546421115,-1,,2
197,0.45602213626462357,0.04140836114717942,0.15251068408736207,0.2635292269907866,0.0386726941783508,0.0478568973316974,41.94103142905205,35.6993191621696,7.735248450447625,7.735248450447625,True,111.21514358466429,7.36844348909376,4.5502327685102415,0.007411864861050093,0.13739245266592331,-0.0031242683914379323,26,,2
198,0.4953974559004966,0.1452361358966196,0.009441448356834145,0.18611856956082726,0.011733616182657336,0.15207277410256523,26.693401435310985,34.75116975354628,7.997305525991552,7.997305525991552,True,99.24834550270113,6.986201756371605,7.999936542848413,0.001276371206428159,0.06682489378365238,0.000436495151107488,5,,2
199,0.35711217820295627,0.21542475518111348,0.0864849395930026,0.32919060468489764,0.006278817332492763,0.005508705005537121,28.63592553212545,39.372132007472004,7.543749960538249,7.543749960538249,True,110.46939709042405,7.1705200580050645,5.372481481191754,0.0018333125015154632,0.06188102077544856,-0.00042671053258051383,10,,2
200,0.502186577730638,0.02773983125160616,0.018471528812795554,0.3378117716944273,0.00764671702617671,0.10614357348435617,41.09178947248287,38.91588390392637,6.312555189142348,6.312555189142348,True,95.22221437712797,7.31111734840506,5.88015748555861,0.00683560045738549,0.1574755065792453,-0.003751771924314529,19,,2
201,0.2146181198852314,0.10508678617160368,0.009300306099737969,0.6465935095121377,0.0023251072437441285,0.02207617108754516,35.466972102715715,34.217203795107864,7.7714691528104956,7.7714691528104956,True,134.51367864220916,7.170441891484597,7.940715924116693,0.003527843734576731,0.15622573098831924,-0.0039979593786003765,9,,2
202,0.649286243436569,0.18589704096895115,0.04008292133412532,0.04982665990738909,0.010505842337989105,0.0644012920149764,26.235100944746705,39.847855304326174,6.654514631138642,6.654514631138642,True,77.40745231006167,7.15025700230329,4.617402037823457,0.0014568398384681707,0.02758516698164495,0.0009807237576662231,15,,2
203,0.5257242043241745,0.04123018093708624,0.22047182723740127,0.1382127583261957,0.06629569187508418,0.008065337300058224,34.78804885402532,36.25044697034891,7.8527127136928,7.8527127136928,True,102.17600377780516,7.31688702512396,3.3936752446663303,0.0036173003562731208,0.057855057827942626,-0.0005914262947224248,-1,,2
204,0.3405883304529504,0.1480271211097031,0.05266275010885867,0.30061036726966617,0.15783117879886535,0.00028025225995637103,37.152744051639814,38.91270927576804,7.880064156093847,7.880064156093847,True,118.8691811031878,7.310351116039732,4.872361183117175,0.004612383449174044,0.12617230403839494,-0.002836866398208823,24,,2
205,0.3646314586006455,0.011279570174523327,0.08344980790023798,0.37388533836646354,0.022942879914272248,0.14381094504385764,33.50724160470283,39.17396447453551,7.031559928488431,7.031559928488431,True,107.88130863129243,7.110174304408726,8.240299045277489,0.0029029529247644,0.13405453516855875,-0.0026310500282540053,7,,2
206,0.42692624723266426,0.0615497993164939,0.11656766536589408,0.25168442483946535,0.13767460833428424,0.005597254911198077,27.972635996741992,39.448182546602254,7.302029087037114,7.302029087037114,True,102.22257540803753,7.160070513524491,5.449394782593156,0.0017078233211618849,0.058028083530350084,-0.00017928404154608364,10,,2
207,0.5781529593295633,0.023429751094666322,0.17850792322010575,0.2107707700143307,0.003020002573341232,0.006118593767992743,44.09445207601715,36.76538485796068,6.910979347490718,6.910979347490718,True,97.13289798156163,7.467507912442385,2.3790847677556397,0.009323000440811071,0.0976318300496275,-0.0019339375235805638,-1,,1
208,0.39783682048875524,0.15044035670011377,0.08709137138818628,0.22193421905455601,0.033872047436987844,0.10882518493140074,30.42593796656738,39.938429230275865,7.635182692212776,7.635182692212776,True,106.06616655933666,7.11598291458559,6.881322760629883,0.0021504857692749894,0.08686925366875356,-0.0008341195434078802,7,,2
209,0.6752568656450312,0.06324164067741544,0.02578292125162184,0.09587315464574178,0.002964106214142098,0.1368813115660476,43.02082296144023,31.768072544186005,7.740049465242774,7.740049465242774,True,94.23471110146964,7.357228402205088,4.762661570344846,0.008066025964445354,0.12139072516795028,-0.0024703089918861384,24,,2
210,0.6442977273205155,0.035642131896876726,0.01674900365759895,0.27447299258387237,0.014125154091732093,0.014712990449404132,36.257457220689574,29.074919496290406,7.778959704831855,7.778959704831855,True,100.60708333645809,7.282853457155305,4.775869848831166,0.003952189337593826,0.08026358896232999,-0.0014673706009993074,21,,2
211,0.5788102101217847,0.02029107972396336,0.08130445953293797,0.1437022147089431,0.039328537963220625,0.1365634979491503,30.928752503264892,38.6348626562779,6.772383055930183,6.772383055930183,True,86.73282615197,7.133935972709879,6.522020807353181,0.002307014962601364,0.08384694783929138,-0.0009279749628540133,10,,2
212,0.2651941040692984,0.009666190889448822,0.11186807051782642,0.42402975626042666,0.03826933988855005,0.15097253837444952,42.35660780227942,39.058396642003444,7.583749955947169,7.583749955947169,True,123.91018424364539,7.240212981338604,8.370656080036186,0.007375078236872885,0.2115831522790634,-0.00517738182526522,12,,2
213,0.6461360665055564,0.05767626423100802,0.06142642462430529,0.23022698413894135,0.003147118341908748,0.0013871421582802264,31.19225739415852,32.972302131036415,7.086871795120632,7.086871795120632,True,90.20484949157138,7.230990518767838,4.46829878602965,0.0023940902446851244,0.052269505671952314,-0.00040430949689950857,22,,2
214,0.4121973838321471,0.18678860202399547,0.03308876360978136,0.23641677632204142,0.03987531000538596,0.09163316420664881,41.729093972709634,37.7084538311362,7.855208379986102,7.855208379986102,True,112.76756664026321,7.3308382325339885,5.433864134520299,0.007239352824040157,0.15121013265503436,-0.003400728438419328,21,,2
215,0.7665232224966501,0.002033479192940888,0.0015737663220800548,0.15837317052881938,0.06333923017742181,0.008157131282087778,41.45351052287462,35.2210285299921,6.183355819848707,6.183355819848707,True,80.60791472245857,7.424921311377372,2.7375145815901054,0.007207536863377397,0.08854010456747416,-0.0017938986720197256,-1,,1
216,0.5198559801997391,0.09702879254200869,0.08965349214686803,0.06823406333500762,0.2041411464342289,0.021086525342147628,43.66477511769311,39.94986344308208,7.522827612762889,7.522827612762889,True,101.0185272748007,7.460633220442051,2.428819211434164,0.009049212359558441,0.10131405430484682,-0.0018631800531690177,-1,,1
217,0.6037403504353812,0.1281983107745911,0.04188500726712505,0.12257477078482613,0.07130531640098269,0.03229624433709397,32.8450799165181,33.69999534949905,7.791752799558538,7.791752799558538,True,95.02298880514547,7.253961860331679,4.299313866685981,0.002872373298898341,0.05447957077132967,-0.0003507316624849724,25,,2
218,0.7177926328216436,0.08429643420400763,0.05141168395434142,0.013975660067323021,0.04825220655052644,0.08427138240215772,41.89967182120425,31.501087135149994,7.9826489835345305,7.9826489835345305,True,91.48925144189522,7.394894487974382,3.269536910456031,0.007290504484404495,0.08394933582171828,-0.0013612806472358685,-1,,2
219,0.48505377409188705,0.11766628187669859,0.13133775029654202,0.15254726841378244,0.014508482622579302,0.09888644269851059,31.367664352706583,36.695024484159966,7.968218827092585,7.968218827092585,True,102.3742025762969,7.162035160629462,5.947802939150068,0.002401195176498857,0.0701097313174455,-0.0004303645560639501,10,,2
220,0.4185446326322478,0.05218871663432986,0.13029089991618734,0.236594941405412,0.00912401035995022,0.15325679905187273,32.16440138035698,37.71765423802589,7.725166733209445,7.725166733209445,True,106.92362002887924,7.099314690879002,7.721312126574047,0.002506725388676682,0.10641398161743662,-0.0014860446386127846,7,,2
221,0.5233053277313822,0.017170714742208475,0.022447233605502003,0.28477399304198536,0.08705518396309217,0.06524754691583008,39.006059142874314,34.85609982148323,7.173121316219587,7.173121316219587,True,101.85916653533843,7.293173777897146,5.638325320414292,0.005419375480395165,0.12886602553312165,-0.0028656515105492343,19,,2
222,0.4508013152054947,0.12060580244872916,0.045914451433337056,0.3326090408387252,0.006175115246016394,0.04389427482769735,42.72320343115581,34.17193665383069,7.7053281368585465,7.7053281368585465,True,113.39848172404582,7.370066971111558,4.843990359281321,0.007927923758420658,0.14805177983097606,-0.0035174727399003166,25,,2
223,0.4659377525202874,0.05876879314054119,0.06562795942426619,0.24260470817122382,0.09348197077359258,0.0735788159700888,31.548331191234052,35.018568612199374,7.860062176065408,7.860062176065408,True,106.08856131439764,7.149295630032485,6.554103829241495,0.0023908558183011667,0.08605678729533495,-0.0011055052096641846,9,,2
224,0.6127527089793938,0.05362300563016523,0.20545683886962415,0.06048923991221995,0.024256708180630717,0.04342149842796613,27.39934793450161,39.517232127969436,6.942382712994151,6.942382712994151,True,83.01609199934715,7.186878710482598,4.157488464662287,0.0016625433304732953,0.02356808730197045,0.001015745335069696,24,,2
225,0.537890357683093,0.040501521780845276,0.04204112206737351,0.17690951383921502,0.0978312407800995,0.10482624384937374,35.37198148748471,36.05299024126094,7.389129657981682,7.389129657981682,True,97.72508134172696,7.217642007910273,6.123400849125345,0.003695622827915705,0.10471764148714498,-0.0018373388319325252,13,,2
226,0.6153041263957778,0.009186978544316356,0.09320929119301927,0.19478096129734995,0.0810699170528099,0.006448725516726707,38.4937048752904,36.611504820925894,6.708543436346511,6.708543436346511,True,91.03471593832111,7.366604047603463,3.446486581064098,0.005354369938208595,0.09040349651536853,-0.0017866208200037687,-1,,2
227,0.6770105933352819,0.10350491569525926,0.1100976666100704,0.09489149131268024,0.0017989195705704632,0.012696413476137763,31.3932663062223,35.85587962072606,6.980242789496532,6.980242789496532,True,83.67345708175766,7.272871536236056,3.3326762449504663,0.002546202909237159,0.03400573181936763,0.00021688612661709193,-1,,2
228,0.764199336830729,0.05603292859952859,0.053942533500259106,0.06720212175367149,0.033271628283168354,0.02535145103264351,37.979499734724314,29.793013127148903,7.810283532268843,7.810283532268843,True,88.74144353662142,7.361134212063709,3.0156271205427347,0.004856146518549056,0.05609794498409154,-0.0006538347847948003,-1,,2
229,0.839151349137465,0.026457394319707745,0.03472261409687846,0.027028149598236476,0.015421152261694457,0.05721934058601799,37.60371004251192,39.148900893833584,5.673025561371955,5.673025561371955,True,67.82313081887264,7.367435135098995,2.790889335399801,0.005060510170611921,0.07037406603031508,-0.0012106622223866912,-1,,1
230,0.3617170597902305,0.0011555968621369823,0.02356162049102943,0.38166810621175645,0.0169462011189715,0.2149514155258753,30.202822205883056,36.32758991826731,7.474215394615839,7.474215394615839,True,110.86190257946767,6.948349846536238,10.165944777807436,0.001767341177884723,0.13276096572618662,-0.0023296413665465326,5,,2
231,0.32513780691310457,0.0441704252775641,0.06757016244588404,0.5383342519585687,0.024475058228567843,0.00031229517631088633,41.860574375074684,34.46538864064089,7.463674513405389,7.463674513405389,True,123.93347378288749,7.338599130571835,5.827662946443393,0.007203687202380615,0.17619629223857686,-0.00459348036301114,20,,2
232,0.5875249277222199,0.03485073035763476,0.08133509720633768,0.24610227487714667,1.424107560393675e-05,0.050172728761056926,26.68323881375672,35.25221152440223,6.901982741772548,6.901982741772548,True,88.67874113167552,7.099190697797908,6.041821656914118,0.0014142565621133164,0.0502959462430094,0.00019768438676278909,9,,2
233,0.16230144494953652,0.01829095906832186,0.016419322117698545,0.6030944934080738,0.18315982458836386,0.016733955868005336,39.75656357739574,37.79982928276393,7.627446655224378,7.627446655224378,True,136.25625020411445,7.247186579285734,7.927119516174197,0.005703647531054285,0.21103233722665746,-0.005660844821192641,13,,2
234,0.47751229317685795,0.03232152506953003,0.05210260723232149,0.30943602224951067,0.0627456246258636,0.06588192764591634,30.510580718428393,39.596139873121494,6.518960307889457,6.518960307889457,True,94.32829670736093,7.148619445901199,6.4434949936603125,0.0022218979414759515,0.09036173050008829,-0.0013391009658295118,10,,2
235,0.6160699390926667,0.09045564616743247,0.004489181504953336,0.22166403916747926,0.00034799464725842873,0.0669731994202097,36.15694334103803,32.5397487771394,7.380733271742489,7.380733271742489,True,95.79298428283076,7.263412194796954,5.181343220014541,0.00399787200906415,0.0902509603891544,-0.0016207404255110514,18,,2
236,0.5694719197570083,0.003183851041416903,0.14219345039887843,0.23788534606274345,0.01037958547430616,0.03688584726564695,33.546034756627805,34.924651932886626,7.149905525586544,7.149905525586544,True,95.68730983627584,7.243827930519024,4.924468862240477,0.003096312625546201,0.07574121497062497,-0.0011181011701505105,19,,2
237,0.6286478584218728,0.15024765952349986,0.1287751261247167,0.0066472130912760986,0.004529791783418341,0.08115235105521648,39.154794471160315,35.679105035265856,7.875644367979159,7.875644367979159,True,93.31228706840746,7.364061579665219,3.1079811461067473,0.0056680386549776696,0.06812609846746304,-0.0008152399021151196,-1,,2
238,0.7242720782631187,0.06370698197191628,0.03943966419572634,0.1336383272340566,0.028555784450841573,0.010387163884340552,44.35508956584293,36.13049186153385,6.400582601922318,6.400582601922318,True,84.27297578359992,7.481418120774252,1.9702307493162412,0.00953220435896708,0.07820515106064997,-0.001317244326814428,-1,,1
239,0.5151764057544639,0.1856866906855482,0.014877835202571448,0.2588850435648549,0.005270467755581503,0.02010355703697999,27.157384368125918,33.01848274118011,7.917880984268538,7.917880984268538,True,101.23200205895978,7.121426829006515,5.663435955132235,0.001469186988760195,0.04098318253627374,0.00047951639694248526,8,,2
240,0.41841199220419273,0.16951946639950075,0.00473757876880886,0.1753696749530403,0.10246621758246119,0.1294950700919961,36.82694384483055,39.03017616330667,7.862876799378077,7.862876799378077,True,108.61821663303651,7.213930735255027,6.714421734536373,0.004304827573748543,0.1282490289412184,-0.0024199445399101056,12,,2
241,0.4428033481044421,0.06960559071805213,0.08268042709855979,0.35214391254444455,0.02876117358621626,0.024005547948285234,27.32655892698556,38.267217787175696,6.837435157690765,6.837435157690765,True,98.89393179810546,7.112567916642647,6.250763316468245,0.0015426063275286832,0.0653477602923127,-0.00038464089086176565,8,,2
242,0.5028910067028821,0.14282852250153472,0.009542681314871319,0.14229674765203384,0.04647876340633707,0.15596227842234095,35.59590509910909,39.42244309242825,7.229298518207798,7.229298518207798,True,96.15243135824231,7.195159496064221,6.60378136789651,0.0038095421627619926,0.11412379986785672,-0.001955548230724407,11,,2
243,0.5322894226441067,0.10935486773647377,0.018629139031395604,0.1498110039062968,0.18612652530815985,0.0037890413735671537,41.56466592396352,34.57866188195963,7.9981568987763705,7.9981568987763705,True,106.70182229720545,7.411166849686173,3.263127971133982,0.007173370518941796,0.10613760794156062,-0.0021730574622449675,-1,,2
244,0.12560507342182192,0.15894233685785075,0.006430706357836069,0.6289520302291196,0.017985625392191642,0.06208422774118012,35.452657640459385,39.7985954165035,7.481104225830026,7.481104225830026,True,134.79361647685406,7.14733587241109,8.640968336122421,0.003571613621848634,0.18078294482936505,-0.004608771302633773,8,,2
245,0.5782189152782696,0.08180764858256291,0.11704323340108828,0.10780621218053081,0.06495506513927059,0.050168925418277874,29.05822687022343,37.73905942557846,7.2315730990156295,7.2315730990156295,True,89.18231893282652,7.184078717787061,4.81536913862068,0.001942279660411928,0.043755711071475765,0.00030640956240119566,15,,2
246,0.4405104125933059,0.0145999637863753,0.12617847805437987,0.3161580552015828,0.0186944418172194,0.08385864854713679,27.173892520815073,39.44207619324695,6.789877746607072,6.789877746607072,True,97.09053186862208,7.061332541291658,7.15676363356569,0.001476584468382621,0.07493730024436668,-0.00040534668289655273,7,,2
247,0.6225561579056674,0.07011508020621468,0.08401583203554629,0.07272927703244511,0.03089853949925997,0.11968511332086655,35.59047702420965,39.821283966108425,6.657073231500414,6.657073231500414,True,83.77422954100878,7.259471368093994,4.934003064999362,0.003972413643831115,0.09001751798698115,-0.0014224240891656872,21,,2
248,0.7072310934510494,0.06044297990599914,0.15084594000185103,0.06946086495666265,0.01176626871129937,0.00025285297313848757,38.36863754918095,33.479540676078955,7.391196785780724,7.391196785780724,True,88.93208395943955,7.400588610180106,2.0788501352803435,0.0051809483736800855,0.04543927991960129,-0.0003354184642701996,-1,,1
249,0.5183312632758821,0.09776816958645405,0.10306448611325586,0.09747016620944465,0.17109643060474478,0.012269484210218545,41.962850611187946,39.80988422297705,7.400174634014815,7.400174634014815,True,100.33370923688675,7.437863024067461,2.536809319454338,0.007665359469439001,0.09562524495541881,-0.0017691476424213637,-1,,1
250,0.45227075855052606,0.03599328889186009,0.03686078977076381,0.23485858916081567,0.23884214945775487,0.0011744241682794978,44.93091467877866,37.752149694344,7.4392204188715985,7.4392204188715985,True,109.02258781556455,7.450317844271984,3.5967380775947624,0.01015496334647341,0.1550506477692333,-0.0036599701642142323,-1,,2
251,0.714428955644818,0.05639878534161585,0.06064845680136262,0.011406175080224089,0.04006314051418369,0.11705448661779577,35.16125219542916,36.54701529771624,6.888946017720255,6.888946017720255,True,79.59894400274985,7.263876402716109,4.5672394185962695,0.003761253250404498,0.07585400374130255,-0.0010138081363521107,23,,2
252,0.391724290025052,0.03214957539595016,0.06943823706377474,0.3867978345063603,0.061761285281595774,0.05812877772726705,28.414134221221136,33.86008037422304,7.882087343520097,7.882087343520097,True,113.2945640207944,7.056174827087008,7.643247139175302,0.0015961056025640037,0.08443263836609279,-0.0009255593024941069,6,,2
253,0.6284150513432317,0.06314822654720954,0.027244037380754104,0.0943046349535517,0.12296279942380352,0.06392525035144932,29.534352068187033,35.01964291696346,7.390687281223425,7.390687281223425,True,87.61462057205195,7.1661369224256095,5.364206896916115,0.0019880476363092594,0.05362774530805351,-3.0264268859111613e-05,12,,2
254,0.48351906204197803,0.13411192647682202,0.16245790289322598,0.16330099642335,0.04655066875309057,0.010059443411533534,44.436179221537785,37.720898101761534,7.786251413625269,7.786251413625269,True,108.69126593870496,7.476174166058455,2.18713225483677,0.00962457483741202,0.09654174663745219,-0.0017655825190731563,-1,,1
255,0.5166464399357765,0.1141347849196007,0.16995477799659672,0.15737796459485207,0.033118583654046074,0.008767448899127814,44.01740838997667,35.79179885649707,7.9349605417278415,7.9349605417278415,True,108.17135214282041,7.4694537272820805,2.1914530177173965,0.009158901142267127,0.08991885301979034,-0.0015883201592741245,-1,,1
256,0.5626182600230161,0.08412639229485909,0.01251522346789584,0.17752956539356043,0.15816927520245716,0.005041283618211354,42.30099962250962,38.938877409746226,6.72112564356274,6.72112564356274,True,94.07385187453077,7.432263296477082,2.974757901853858,0.0079315065559239,0.11170232007328704,-0.002395332273062006,-1,,1
257,0.6866134588569983,0.026544831919493986,0.07742351608086417,0.07606611597214695,0.045411770774368455,0.08794030639612825,37.87070761408888,34.81067266337692,7.1105073293778,7.1105073293778,True,86.3773845950054,7.314786738831733,4.261537315517292,0.004931285975368781,0.08733574590089932,-0.0014907541556092388,27,,2
258,0.5924987060774067,0.07412811301886243,0.135660806456956,0.017006539717174626,0.007036664768800132,0.17366916996080012,39.87629380356004,36.29057076923416,7.8813140835883155,7.8813140835883155,True,94.88399614020182,7.285839537361116,5.394174974306302,0.005962662654767291,0.11180408096605533,-0.0019275001282534703,19,,2
259,0.83381284977578,0.04539026779226039,0.022313897080763773,0.02574842827362823,0.05800857718030138,0.014725979897266133,33.07011575533025,32.923366557268764,6.80175297001164,6.80175297001164,True,74.62802010772677,7.302034411182273,3.0747328063216965,0.0030156098197779645,0.039797903067554735,-0.00012337473701491683,-1,,2
260,0.4893269913336179,0.16953604976978043,0.009504810946550101,0.25909403025230054,0.023586014717066284,0.04895210298068476,33.583937242683746,35.73151608661228,7.48143986848128,7.48143986848128,True,102.77574346838085,7.224667472008544,5.451196684395584,0.0030844570856595403,0.08572875345953143,-0.001357554692853103,15,,2
261,0.3407820877568789,0.0030004647440758135,0.05722319113110407,0.4653327752761619,0.10167018941956096,0.0319912916722185,25.114845481084835,33.77213866736555,7.844408966383545,7.844408966383545,True,116.57111101084556,6.968573198466245,8.335998247289854,0.0010298990053298315,0.07211872423497903,-3.1373863061606095e-05,5,,2
262,0.5380376577350321,0.18342011677418749,0.03929627755777631,0.10680587174110462,0.10990072144179967,0.022539354750099664,33.905360790392336,37.336121285297295,7.676632872105588,7.676632872105588,True,97.88663976541663,7.292395625695502,3.763321394969687,0.0033126388937143106,0.05900678878315896,-0.0005310828891290343,-1,,2
263,0.5281240986644007,0.029041825926426682,0.1972970434794391,0.15043146474605615,0.08547138771656457,0.009634179467112855,41.10380938504785,36.93944786633341,7.5850749189292,7.5850749189292,True,103.05908801042486,7.417641410878886,2.782556942059599,0.006944321720002708,0.09247493672927062,-0.001746416111327079,-1,,1
264,0.3832691797993331,0.0023804047396405953,0.019145027143463684,0.3383254045589054,0.252690052163718,0.004189931594939053,28.369799123175753,35.39516786692593,7.852753531267816,7.852753531267816,True,113.03726663635487,7.103275140812658,6.959095439347651,0.001659830741205032,0.0837841958490805,-0.0010558663115785365,7,,2
265,0.5443902858541443,0.02209684073031404,0.017257027708478763,0.12375861000541988,0.19740948759808016,0.095087748103563,28.868812786299397,35.02674923585222,7.8289052629928575,7.8289052629928575,True,95.96403571591917,7.093167247804033,6.828925702967541,0.0017581426757479512,0.07011845811152538,-0.00025516563525999295,7,,2
266,0.6154968526628214,0.034642635459073444,0.01901818138192388,0.22677341742265786,0.08972706524265421,0.014341847830869186,42.76162599011722,36.096434979576074,6.629420892473229,6.629420892473229,True,92.56812064294186,7.424169626196223,3.326618224962502,0.008187104631996253,0.1171525686599112,-0.0026169822806707287,-1,,2
267,0.42302202813486084,0.03659046895314812,0.07357881120062612,0.33726111787081064,0.005678358423173353,0.12386921541738087,40.17214758105338,38.56404251251592,6.92494839977594,6.92494839977594,True,105.06541165504697,7.267476361991509,6.684176511707864,0.00610523247308758,0.15998603624731272,-0.003701632145302015,15,,2
268,0.6274843086887708,0.02372691308773289,0.0030013919061296903,0.1682750841057342,0.0869785751719196,0.09053372703971264,28.430155332415964,36.149411077997286,6.7585673386307406,6.7585673386307406,True,84.21797363857256,7.110557706731336,6.339102729704056,0.0017312078095547139,0.06737500833863867,-0.0004317671679421094,9,,2
269,0.6500256010225175,0.039601628239282906,0.019266930743997313,0.08741351016113647,0.003578594278018301,0.20011373555504738,36.31845152473071,37.91115256477361,6.639456212542185,6.639456212542185,True,82.49784108886602,7.20353259914376,6.481406083973717,0.0041200321889283045,0.11539566804456482,-0.0021408138531727313,13,,2
270,0.3410214115895161,0.05484176746100608,0.08205854553354142,0.2813614371234288,0.048983237618693,0.19173360067381467,26.10355689135448,39.41730885499079,7.732275128806589,7.732275128806589,True,109.31734792961376,6.870764972170537,9.929559733602543,0.0010677266924730509,0.09566128239248808,0.00027551875553050506,4,,2
271,0.5125686043813378,0.036745349512905104,0.16756619589598024,0.18265092717064968,0.03621068831445335,0.06425823472467389,31.041369322261566,35.16765880749521,7.858917527834859,7.858917527834859,True,101.24626442907599,7.177689638268336,5.578850100262783,0.002318826166862905,0.06407293089396478,-0.00039363375188031794,11,,2
272,0.23016410117149722,0.06899454034414096,0.06563981724464105,0.5158568386856276,0.0004052782542134404,0.1189394242998796,36.64948035998019,37.271714930931026,7.712249555766139,7.712249555766139,True,128.754402538977,7.141823024346137,8.826171560737448,0.0039731403719292895,0.1725706878948797,-0.0041185086152397046,7,,2
273,0.20152836347028666,0.008946604230306727,0.11092802031522363,0.6767986218822434,0.0007586050325919637,0.0010397850693475844,41.045491309442234,35.46428187961439,7.444400144678119,7.444400144678119,True,134.10378692048602,7.291501954934224,7.023020506499703,0.006542027271117039,0.19969616609911328,-0.0054136551431302965,16,,2
274,0.2978053083303813,0.03382677926972406,0.007966308550120227,0.5262256311536518,0.015409184023069839,0.11876678867305292,31.357954301099838,35.71710435757599,7.362843656372877,7.362843656372877,True,118.78789512208657,7.036058917566539,9.19733455799425,0.002145462740234247,0.1339943608118555,-0.0027724825726697542,5,,2
275,0.2608812520837235,0.03646568154719264,0.03293741732842722,0.44277378775136406,0.0424827373009417,0.18445912398835093,26.308260536957672,38.09762309144277,7.6369801838201825,7.6369801838201825,True,9.226181494917617,4.767313595759679,28.94491848060216,9.410989253913357e-06,1.14416079647,-0.026915022508738815,4,,2
276,0.4439925829038057,0.011256882248064426,0.2567540966274314,0.19012913449709273,0.01729952406173725,0.08056777966186844,31.229763083788136,38.667915267226974,7.707285993465616,7.707285993465616,True,104.22475377678118,7.172829376778495,5.786596561302195,0.0024050625122147666,0.072578080324473,-0.0005699453677940796,10,,2
277,0.583643998228195,0.026072775990493565,0.022146217533600677,0.18207366281731702,0.11442858313643482,0.07163476229395874,41.85706164423556,32.069169590670384,7.895844254771552,7.895844254771552,True,103.57028196458712,7.351216239711714,4.881595490343566,0.007181662968757973,0.1261077505256582,-0.0027235331231952598,24,,2
278,0.647988588471622,0.011812148121876384,0.12921752390468874,0.10753533868142594,0.0019338725657147267,0.10151252825467219,40.82454908751321,31.58523870832787,7.980104469359906,7.980104469359906,True,97.55541500969301,7.341447098346841,4.462963454958796,0.006475432192074289,0.10133588335721351,-0.0018935135188463909,26,,2
279,0.5356098835303622,0.06714295464532084,0.023076098726282895,0.26716218474550346,0.05486977752412752,0.05213910082840302,36.29907861125278,35.52521813732018,7.078979681952988,7.078979681952988,True,98.59313906260336,7.267453097100674,5.343085846792233,0.004130495218827809,0.10474909023688839,-0.0020909073593021045,18,,2
280,0.5890281422958649,0.07164551579575593,0.15242113560823406,0.13800531829953394,0.006778676151499135,0.042121211849112085,29.51537020287813,34.52237684861478,7.667398775263232,7.667398775263232,True,93.13736926513107,7.190103564457538,4.719620241360363,0.0019941998613329424,0.039581385373664506,0.00036596087278544925,15,,2
281,0.2816023072358172,0.1958105433989835,0.06756459069829057,0.34294401749724945,0.011334598883108081,0.10074394228655117,43.51585977322466,39.81673403623476,7.972642758642998,7.972642758642998,True,124.92626031746741,7.326358435157851,6.390080031958227,0.008607851619683908,0.19757484612870824,-0.004806610262552478,19,,2
282,0.5408954493826641,0.04094299653311099,0.18626596675571974,0.06462162205300342,0.07504622982593676,0.09222773544956493,39.255566871868346,37.213976017552525,7.897874862630811,7.897874862630811,True,100.37478582510222,7.329527593075207,4.305736691794049,0.005709310301457218,0.0990265624499835,-0.0017010165385157674,27,,2
283,0.6532869477898593,0.13055024003688223,0.08383228493063472,0.024978408843287586,0.01920461728406195,0.08814750111527433,32.46585065967533,37.03922507623285,7.239122235727802,7.239122235727802,True,84.18034071387508,7.238980275231125,4.318647251912097,0.0028333200665692504,0.052130467267271864,-0.00012761294868525187,24,,2
284,0.6908285345605316,0.09591471288166951,0.04064582215389317,0.05552413355977137,0.06534662822466329,0.05174016861947093,28.62030888789599,33.4895081266435,7.505984555783616,7.505984555783616,True,83.29477634388022,7.177288563102535,4.673582061652232,0.0018055934820596599,0.034592612377829984,0.000550073443501683,16,,2
285,0.4824085976371869,0.14321230707934915,0.10118939597161512,0.10950082793794803,0.01790333501808758,0.14578553635581332,33.47249449973318,39.01380109328642,7.757317991481735,7.757317991481735,True,100.05735066460848,7.169954537965244,6.368767581326498,0.003031404692134992,0.09075718208591568,-0.0010370122482191704,10,,2
286,0.6723058951797698,0.06540762002202118,0.19486911547895724,0.060239035591630165,0.0011520493460522147,0.0060262843815694755,28.295668663679947,35.749339602338665,7.238012768173901,7.238012768173901,True,83.03628288470013,7.234269509003954,3.257083091603331,0.0018161426801717743,0.011498386903119566,0.0011384213263104217,-1,,2
287,0.6073987716793232,0.10887436682311691,0.17759358044364304,0.022333392621524017,0.013136618495821104,0.07066326993657167,29.0825095914039,39.919219635613075,7.126043049569542,7.126043049569542,True,84.06328861370172,7.203056715703453,4.159344986516027,0.0020020152381517472,0.0299898165752325,0.000795365932453154,25,,2
288,0.6751423962898303,0.04774393658574477,0.02185274104219045,0.02246280664342462,0.22021640857173602,0.012581710867073855,37.122992693324974,35.11695355024966,7.410672240909034,7.410672240909034,True,88.46014890310515,7.359177465408852,3.0381976635352723,0.004623177136800465,0.06450820435211557,-0.0008320490391061332,-1,,2
289,0.40787177883047165,0.05725875560716636,0.12025724959450625,0.3857709215066489,0.012139072287758887,0.01670222217344806,44.780943337617586,34.52287698027683,7.686162641681836,7.686162641681836,True,118.104282034392,7.4170595790976295,4.390103965063696,0.009786516099837996,0.16553122046364868,-0.004094178783710234,28,,2
290,0.5260732890885408,0.1798715119652648,0.08066204005532703,0.1440215143395433,0.027253892623553013,0.042117751927771035,27.219827315502208,38.81228447762507,7.28648873562794,7.28648873562794,True,92.13060911786344,7.155203005190375,4.939371776275367,0.001583671458166236,0.03442222133307892,0.0007742494909494116,12,,2
291,0.4976598093168579,0.03495791736920109,0.08156496791496565,0.34204613153104857,0.03460167855635574,0.00916949531157104,35.98462736278452,37.01602554810839,6.726853073199379,6.726853073199379,True,99.40650263281735,7.289861965012968,4.84155048825707,0.004070485539960183,0.10395558882686869,-0.0022023296961190503,23,,2
292,0.3347432198307601,0.02377009005514331,0.08542285098121451,0.33972833457048507,0.024987443326774033,0.19134806123562287,44.56682810392991,39.81333655427082,7.3286000300814065,7.3286000300814065,True,114.38426928253348,7.2750246666555025,8.026179028379527,0.009295082663512463,0.21800729299583174,-0.005227628117167892,14,,2
293,0.23171809819230485,0.04618180524232058,0.07294201645004934,0.5399179078674912,0.029328859203472283,0.07991131304436189,44.198027955941114,38.91155411728092,7.244334878098342,7.244334878098342,True,125.24716415927479,7.3165663036714195,7.289845717228009,0.009084733492584946,0.2279417528383944,-0.005924063717425269,17,,2
294,0.5862591349864335,0.04487517006284596,0.0213732949435955,0.3213246359342308,0.0249433144567029,0.0012244496161914226,28.371321193037854,32.72160105839853,7.078648068127605,7.078648068127605,True,94.0978519114506,7.145656858181635,5.67181909288236,0.0016974982049646605,0.05532025675863442,-0.00031369549415505375,10,,2
295,0.4501626093711523,0.004246786105623597,0.06637626249348103,0.4399703872433219,0.037647018074080364,0.001596936712340774,30.8913023806032,37.59053600570394,6.462492788576328,6.462492788576328,True,99.42885809262702,7.180798999370784,6.016136399110098,0.002316091263629942,0.09127297815910315,-0.001663094772322516,12,,2
296,0.5125938580031304,0.22066376343262153,0.04389115487678542,0.1846572494841427,0.002528624842802946,0.03566534936051713,37.39641089158674,39.59702501952553,7.031632498569723,7.031632498569723,True,96.88107941699005,7.34044909562028,3.651602328027342,0.0048313191801154405,0.08734543065596802,-0.001572516201243771,-1,,2
297,0.46831400891385405,0.007274844874782155,0.06546228170345636,0.3799823179320823,0.046963448970710114,0.03200309760511505,35.98243696382724,31.655811014079937,7.8414837150743315,7.8414837150743315,True,113.37306928039584,7.234054436183806,6.143111026002231,0.003817887195069525,0.11049818353567238,-0.0023535869209707675,13,,2
298,0.46262318988172063,0.013976436465549623,0.11874401195598397,0.2970381268758796,0.02092412543053799,0.08669410939032828,25.267463500426096,35.25033758318109,7.5236239774374845,7.5236239774374845,True,100.78241829858898,6.995689742554862,7.621646259598279,0.0011053970081951452,0.05851824406106217,0.0005932845893726719,6,,2
299,0.49603337273441556,0.036869156742905244,0.21811314110586663,0.15611393847082058,0.00688174236862567,0.08598864857736623,39.49934489239233,39.977351969940926,7.211616970422387,7.211616970422387,True,99.28571792069677,7.333621711035099,4.409026760535902,0.0059344607062500904,0.11263216090570505,-0.002221554640428197,27,,2
300,0.08196463971263322,0.07360883235016964,0.0013617625763828552,0.7087818002266465,0.005891821421482256,0.12839114371268562,25.516097211636634,36.383243096079624,7.945466398858464,7.945466398858464,True,1.1000455378512535,4.6006541392852,39.631340487400244,6.442379073965952e-06,1.078703508377241,-0.011866782875458254,4,,2
301,0.1813542696710793,0.15200329144190358,0.05158485780110626,0.5892379665426565,0.009240023502389186,0.01657959104086538,31.06547846277446,39.94533817952251,7.276352501489852,7.276352501489852,True,126.17655061717461,7.127604874178302,7.551914577098438,0.002277703872604502,0.13031296771891746,-0.002947521984695678,7,,2
302,0.6749387413148074,0.07861189864667772,0.04568912518009774,0.08340271660863163,0.03984036521665352,0.07751715303313199,26.50468681726075,34.212162006570324,7.2996545521316945,7.2996545521316945,True,81.86419858662282,7.106730628760062,5.580893549653939,0.0013965226492882574,0.037822492450581016,0.0007032109680569538,10,,2
303,0.4665186368827618,0.08216844712923722,0.03182688511365685,0.3501637888550724,0.030653619132274774,0.038668622886997135,33.81824108992285,34.210013316834484,7.447243202565971,7.447243202565971,True,107.03141000813126,7.208366950957557,6.045999537418934,0.003093518330166973,0.09815467925156023,-0.001845397384127143,12,,2
304,0.22249312838819843,0.20223123564525816,0.061648389098311815,0.481327547369465,0.007369631372661064,0.024930068126105542,28.833141746791163,38.9176629115947,7.827296574069294,7.827296574069294,True,125.90325874223298,7.097108336259228,7.262330095474592,0.0017657649205012867,0.10061948274130678,-0.0016971106261607393,6,,2
305,0.35240428303033006,0.0003466460882013246,0.023026750404476624,0.4126338150285335,0.04202636837836043,0.169562137070098,36.647643265928764,35.972924263462616,7.469776827596118,7.469776827596118,True,115.92733569544957,7.124483067698207,9.012250869994704,0.003918444753438283,0.16214273449643554,-0.003624137594415684,7,,2
306,0.4787995220881532,0.0759494469319671,0.00943953619154515,0.1653224719744522,0.22964323243890272,0.04084579037497957,42.204938479855215,39.70417122107362,7.244351249085591,7.244351249085591,True,102.1315628769456,7.389054578882454,4.213993685324189,0.007805429387564751,0.14278629348861696,-0.003218662273547583,29,,2
307,0.4717606685543226,0.18915907252834116,0.032182869526229424,0.0909750570083442,0.16405145534766313,0.051870877035099405,36.77927456900108,39.68236507059778,7.882178639684733,7.882178639684733,True,104.0582195085651,7.311152959442452,4.24299905249259,0.004490552175173061,0.09136072774155424,-0.0014817586629629381,28,,2
308,0.3248467773009481,0.015196760032517,0.08718844829943245,0.4029876206729799,0.0711588659168654,0.09862152777725706,28.90455585315549,37.71628907709858,7.4837737107628595,7.4837737107628595,True,113.80676287207002,7.029768381741568,8.46170583719872,0.0016842864223181708,0.10713337345967139,-0.0015575918107751101,5,,2
309,0.4505102017073351,0.010097191560172948,0.01631030329659993,0.39337071753482095,0.049563604919550024,0.08014798098152116,25.391655228870086,32.86459657731859,7.560279133258063,7.560279133258063,True,104.9983828571051,6.956643195010658,8.396512063773342,0.0010491813955555687,0.06921636619771018,0.00015616372252600597,5,,2
310,0.4096151455607402,0.015922078103438746,0.01138465392466478,0.40086492018507525,0.04036374732639458,0.12184945489968642,28.871322973153386,39.48944625215249,6.4982516350437685,6.4982516350437685,True,98.67928897464724,7.037628884538266,8.293890799417444,0.0017231274167461065,0.10652668569434079,-0.001604188738148612,6,,2
311,0.5196495750258938,0.0169502121451343,0.03131625291013515,0.33472777116444896,0.0013755558480062888,0.09598063290638147,28.380168794812935,39.9441487811371,6.0665825489888165,6.0665825489888165,True,87.37009883256077,7.088075475443578,7.031178644764479,0.0017274003271932452,0.08613986884931873,-0.0010783707915469605,8,,2
312,0.4239973397732158,0.09632618821651229,0.028702041699400667,0.32311652919572914,0.0628284018139115,0.06502949930123061,36.132791716702016,35.64414453263907,7.605398177722022,7.605398177722022,True,110.88343903025888,7.229708485998416,6.315240301841458,0.003971731174046541,0.12084866786529348,-0.0025190916014049933,13,,2
313,0.7905573493543915,0.06876143352483662,0.021072450176489663,0.0951948684186911,0.015010594365046979,0.009403304160544166,35.06807505736782,37.193660075059114,6.002461422387419,6.002461422387419,True,73.46343319928044,7.340980125113957,2.8354756023428034,0.0038415995666826078,0.05551408441678437,-0.0007326834264142581,-1,,1
314,0.35424523523304097,0.0011942908486241711,0.11187799295114641,0.3065848104382811,0.2232663598715954,0.0028313106573118418,33.53936906837625,37.32536239429575,7.960778856423302,7.960778856423302,True,117.95813278364128,7.225542981030099,5.87015997640285,0.0030716492196405033,0.10939742689856215,-0.002186594091204588,14,,2
315,0.6076711266041038,0.024489751349183318,0.021279531066088517,0.24012568128532272,0.029282667699714788,0.07715124199558696,28.591493593095638,33.088022486122846,7.189947878462631,7.189947878462631,True,90.94056605352999,7.10112210753941,6.532528099247191,0.001699653865090576,0.06500280879800126,-0.0003886675839502467,8,,2
316,0.6468156841739826,0.08241970264073228,0.034382106300233875,0.13697471864221622,0.03885676150931421,0.06055102673352073,43.43582214096658,33.44848762006342,7.398271804577911,7.398271804577911,True,95.13177406610755,7.417337527316455,3.4374223526159984,0.008592899213902525,0.10968986524341376,-0.0022453705548466014,-1,,2
317,0.5769228763004443,0.03276404345613506,0.11854600402158137,0.20211302109666326,0.0017700079833228312,0.06788404714185325,33.11503853444577,36.21830147495394,7.00753281094815,7.00753281094815,True,92.29482547765892,7.222348322157475,5.237950114908995,0.002967180116065436,0.07733404217994407,-0.0010566749990585627,16,,2
318,0.19902479696328984,0.06435887062826848,0.03197503026068555,0.5967432329223835,0.08170238435394177,0.02619568487143083,28.495107259481266,38.60843190397689,7.251189133807819,7.251189133807819,True,124.07010991731768,7.044629914253309,8.450589145976943,0.0016281353179258354,0.12083191472037977,-0.0024562385548263298,6,,2
319,0.5975008255358542,0.08322360557637633,0.03794650289730866,0.13700104172975697,0.04807928230100682,0.09624874195969729,44.304142918183636,33.8235005931735,7.663982006639437,7.663982006639437,True,99.49024512675781,7.399174965359579,4.223197868541069,0.009315093185182047,0.13201023185470973,-0.0028268148590883083,29,,2
320,0.5639392424108011,0.07839648221098043,0.0008389412970432903,0.0841994411598295,0.05387395420238871,0.21875193871895687,38.71640645747191,36.5778726717895,7.535580985505533,7.535580985505533,True,94.92658253897741,7.205668051832966,7.2295856816357285,0.005129069275295784,0.13617879013406295,-0.0026027775360391607,11,,2
321,0.4696591280432721,0.0666271164599882,0.1308389143680185,0.11698504927977894,0.04534017606996168,0.17054961577898053,39.84121355697948,38.074883817369916,7.959017091562519,7.959017091562519,True,105.77267217103235,7.251645850946187,6.538681798802041,0.005869839163740364,0.13916752807840427,-0.0027192114718710214,14,,2
322,0.031656569323150655,0.08122103076410593,0.0035587580020787915,0.6774258636509919,0.04208013920748092,0.16405763905219178,26.9365329268821,39.84089768721515,7.883378544929003,7.883378544929003,True,1.1296850979494373,4.588064786633464,42.02057444434348,7.377025780037719e-06,1.163384556812633,-0.011352434480205115,4,,2
323,0.4244906631455464,0.05912877448088346,0.028428562148871496,0.3056584572807101,0.1326049850479999,0.04968855789598864,37.552855533073576,34.526267197892565,7.927759052691126,7.927759052691126,True,114.64205431716128,7.258939253447335,6.127029130725853,0.0045970947815930675,0.1288491555788721,-0.0028228219572562427,15,,2
324,0.6246356230774183,0.07440974146945994,0.056566090204022965,0.20388124328072318,0.038356107118690905,0.0021511948496847465,38.677100383756766,32.717937039355206,7.418786153384497,7.418786153384497,True,97.33128959748998,7.365018160119886,3.4455907308332563,0.0053081941598578635,0.08230927165543582,-0.0015444410259263385,-1,,2
325,0.4827907047164048,0.2594265571183941,0.016326372433117322,0.1969133208678426,0.029016879001305576,0.015526165862935603,39.21605841836418,39.035579755980734,7.3184727631386295,7.3184727631386295,True,102.45065987432348,7.3818549694638635,3.1928744571552787,0.005803839016416963,0.09419091939818909,-0.0018361515200597189,-1,,2
326,0.27260717133646933,0.14048680379710254,0.03505483261590349,0.4057237683385013,0.0033558680742253218,0.1427715558377981,25.922849413583105,39.83383583048944,7.537957388927705,7.537957388927705,True,115.03701351070745,6.906409252343588,9.548963415991276,0.0010953040470835075,0.09785963737356007,-0.00034757782896520167,4,,2
327,0.4425362602496552,0.07239624124856661,0.014682900482745079,0.1648798260226882,0.0015255795234635082,0.3039791924728814,43.21314759188653,37.51024178100812,7.845150845028561,7.845150845028561,True,107.73820570616033,7.191843870512884,9.193584895712211,0.007790306936011552,0.19944693179502582,-0.004314610779509694,9,,2
328,0.5753522216392645,0.028058159979023854,0.053265613112274277,0.2851614085962306,0.0530786321757858,0.005083964497420929,37.76608376795831,38.134408234487566,6.285628620908718,6.285628620908718,True,90.71421279597952,7.3421992057974785,4.013852378182745,0.0049968715223243495,0.10339746500165617,-0.0022406482629362106,30,,2
329,0.8343942410569876,0.0848260211375403,0.05359224810338246,0.0022619748486180707,0.015276213468340318,0.009649301385131454,43.09782067265852,31.749801437279057,7.197604481594369,7.197604481594369,True,82.0726269780837,7.476739836323352,1.3349487404164095,0.008087526488335188,0.03861906236976546,1.3202119736589713e-05,-1,,0
330,0.3882253255757859,0.026099739118944632,0.09673473623549478,0.4501349592536689,0.03232336455349631,0.006481875262609619,39.81405740513273,36.8147805705331,6.988013581698769,6.988013581698769,True,111.85167710178817,7.329168544552956,5.270785582904657,0.005982716483938191,0.14884048953205545,-0.0036871110978218273,22,,2
331,0.5424057538910043,0.012428009500329682,0.24353740301993998,0.04449445733720801,0.00499651568545036,0.15213786056606754,44.35558274223642,38.75450019917099,7.6849223059486915,7.6849223059486915,True,98.68907243406214,7.3797323388470915,4.44698349515881,0.00953381407238865,0.13732979513150637,-0.00276954232039535,27,,2
332,0.6462461591647205,0.12436517451667452,0.04177383126789387,0.04580685444234542,0.09344980052341294,0.04835818008495293,41.314755935035635,33.59674580561229,7.900728869983713,7.900728869983713,True,95.65305562135443,7.405029471537801,2.948519653094909,0.006969202604088317,0.0819184002536554,-0.0013330543110856236,-1,,1
333,0.31440598012772586,0.059295860178959124,0.004001665390304097,0.5302769920904202,0.09070086203945193,0.0013186401731389902,31.463584439994182,34.753417910855674,7.490765157784114,7.490765157784114,True,120.3888918950372,7.138551169115538,7.261320931189884,0.002324861498837023,0.11382919075498109,-0.002446900485136609,8,,2
334,0.35171371154649733,0.11806319598945177,0.03052131111044488,0.30431072420198335,0.044163465307557916,0.1512275918440648,29.541994394305767,39.77300482013566,7.460775270609617,7.460775270609617,True,108.74125251409296,7.024640426073535,8.591162447828456,0.001822217599256018,0.1095228464556881,-0.0013948949719135382,5,,2
335,0.6524859371012597,0.04162511713902364,0.10803084045501612,0.05060408234152542,0.13848198997189873,0.008772032991276256,32.53977198822005,38.75058602548065,6.786299855382529,6.786299855382529,True,83.09777095376587,7.298149862633314,3.196165980319898,0.0029383910648166185,0.0442183454430337,-0.00011789386422172767,-1,,2
336,0.44893651119607586,0.006695396920557353,0.10842575358252547,0.25652034215388064,0.05272239115934741,0.12669960498761307,38.23506610245626,38.6895471946499,7.134560671762402,7.134560671762402,True,103.1831578675825,7.2400762691786,6.631991389974298,0.005005974219829938,0.14058356467695635,-0.002994893666532187,14,,2
337,0.6666595350128262,0.21519843509788583,0.02636296123831781,0.060205304108485104,0.016309190696393604,0.015264573846091676,41.22354048852516,38.47643904650526,6.75288447882352,6.75288447882352,True,85.84075136029227,7.4462153242548625,1.7269274936166172,0.00705855392027476,0.05606334621861874,-0.0005872162498406219,-1,,1
338,0.7187555719062501,0.03914949193971147,0.09784515799238111,0.025450265224571066,0.0018810402641851244,0.11691847267290136,39.9183152911759,39.92116317914958,6.230843235409051,6.230843235409051,True,76.5461269879479,7.358113510344794,3.6428071695844437,0.006311178418439856,0.09721912113902756,-0.0018489952034961776,-1,,2
339,0.514696171520785,0.004049410664122302,0.010885044954962323,0.3788836522956945,0.035766871021244734,0.05571884954319129,26.537943652255546,34.991026166460436,6.754281461926383,6.754281461926383,True,94.8740055022565,7.044177257811139,7.297423404230245,0.0013223636077137845,0.07075948590660937,-0.0004477101643141125,7,,2
340,0.385685121269485,0.04792966287161672,0.02451536073659118,0.20636528076143965,0.1589081404513016,0.1765964339095658,34.29833681230981,38.889451413418385,7.869520443950047,7.869520443950047,True,110.61617658830846,7.099093556814972,8.611039642554736,0.003111589594911849,0.13895904451293484,-0.002506520162818815,7,,2
341,0.5779438610246431,0.027068697284838416,0.02357075958890398,0.1288091721321402,0.19009059018331456,0.052516919786159806,41.488435012134595,36.39108774936646,7.277919799147875,7.277919799147875,True,96.49736397431481,7.376327486868598,4.147126188584319,0.007167421078737766,0.12238453574301386,-0.002606254230744977,29,,2
342,0.42774285024331343,0.254726954836625,0.0013116082634537336,0.21091072184037415,0.09582727330318587,0.009480591513047882,37.587182092168746,37.76575339689545,7.946980116523098,7.946980116523098,True,111.4936523785151,7.3419410201206325,3.8628113468817338,0.00485042161698328,0.09795733974447819,-0.0019206375824737522,-1,,2
343,0.4901355592232793,0.16976732227383284,0.18968303126766117,0.12148795325388423,0.02517714592008734,0.003748988061255094,38.868655474099825,38.35568111604536,7.9225569770354705,7.9225569770354705,True,106.18975990618857,7.406389334128,2.1886461641357124,0.0055650631360911395,0.06273019829517232,-0.0008011816498841338,-1,,1
344,0.6998616603476432,0.06328413629915781,0.01570669733912577,0.08755338585056134,0.00533308872631049,0.12826103143720124,38.146092003467146,38.66267351472958,6.246537046938868,6.246537046938868,True,78.38706609294196,7.302399373254883,4.676368325686366,0.005186678826175076,0.10521509276089672,-0.0020786243293026115,24,,2
345,0.35798056582310755,3.7034801979642003e-06,0.006298103585523272,0.4478086667870884,0.06330998795288117,0.12459897237120181,33.46681623278687,37.35948781210642,6.980022908504423,6.980022908504423,True,110.12467308566362,7.101922138650202,8.546215624232008,0.002837684742643406,0.13967792803146614,-0.0029591669698269315,7,,2
346,0.6089110259767554,0.02041377049349332,0.13341289181271823,0.15405579914297965,0.05883034248663639,0.02437617008741719,34.38949569947353,32.25469069338117,7.90751692756003,7.90751692756003,True,98.08713452112063,7.277275911841452,4.225773271516889,0.0033514677383353884,0.061927048664630675,-0.0006951653786304315,27,,2
347,0.5035837244062202,0.09228307803247422,0.04796339100894934,0.20732100123988406,0.04394525792738528,0.1049035473850869,33.704913036932865,35.50894796386009,7.64673268357415,7.64673268357415,True,101.67993112121655,7.181575574259078,6.390562214559324,0.0030529179239022373,0.0952290562853798,-0.0014492799274696071,10,,2
348,0.35493072788186314,0.09101889029742341,0.10289307295589471,0.31914944953263574,0.06471069347787368,0.06729716585430934,38.68011940998741,38.85247832367769,7.598873090394003,7.598873090394003,True,115.402188851,7.278194423440364,6.022987560213693,0.005297586385629359,0.14590541967894766,-0.0033087977438782954,17,,2
349,0.46189191187798456,0.06836382093400817,0.1238793750435171,0.32290481680469746,0.0060954384375988355,0.01686463690219398,40.49731036725399,38.10440454497823,6.90736895657559,6.90736895657559,True,103.75473545478124,7.371854483506203,4.0969276762809335,0.00654234427235593,0.1270515798935038,-0.002935684222400833,30,,2
350,0.6979069115459122,0.0459678819850876,0.018383069893558295,0.21393581685657376,0.0011712967874237127,0.0226350229314443,33.07478851346629,38.076818621845106,5.888729979467056,5.888729979467056,True,78.0940719868845,7.271814608941888,4.167143316087853,0.003086216368269433,0.07184033448605347,-0.001165832723796413,28,,2
351,0.6035582175942787,0.1239705737930259,0.08468582046207873,0.05949304061053674,0.04898391505019302,0.0793084324898867,44.83251634557511,39.95827564102267,6.8900904566596175,6.8900904566596175,True,89.97953843325892,7.453224535069597,2.7198052312086847,0.010167250020705195,0.10726645250692643,-0.002041479392454086,-1,,1
352,0.4518603608017032,0.0010371409802983787,0.047038174008169197,0.24845589065671897,0.0027283584838963394,0.2488800750692139,30.79871124501947,34.283489789106596,7.957443256940035,7.957443256940035,True,106.11363741792363,6.960148010062259,9.872014806839534,0.001888939857686787,0.12165269027870092,-0.001785661317294836,5,,2
353,0.4548019421220584,0.1023571562367015,0.01896508865375828,0.34927856883377495,0.013188738122414308,0.06140850603129263,44.16948796629441,33.2224577619873,7.758040791704961,7.758040791704961,True,114.61376819181773,7.373477367399138,5.267433022633172,0.00906362587366783,0.16373266769844425,-0.003960761193592763,23,,2
354,0.5594231127379518,0.011078065450927417,0.00032462714420315036,0.31327646794431396,0.03945192678992378,0.07644579993267987,36.104175228607886,36.15254753751071,6.538907774016474,6.538907774016474,True,93.49564210378227,7.241057508192101,5.9896063094654,0.004027919577084252,0.1157107461813759,-0.002447875840055676,15,,2
355,0.3478411582621045,0.10417627738789864,0.08950743898101096,0.2807750701151198,0.0492472208488759,0.12845283440499022,29.979990608605387,38.9106017652808,7.8615415220101745,7.8615415220101745,True,112.7601015860331,7.057186286545471,8.051333086132717,0.001947177699332695,0.10274263471735767,-0.0012338165174349968,6,,2
356,0.6539484492075279,0.09867153464211102,0.07816304566878009,0.10005117615846826,0.05182421959769664,0.01734157472541604,39.93832239446013,34.69798511143942,7.324004773630265,7.324004773630265,True,92.1980401613721,7.403555900961858,2.633553498310838,0.006126794857243957,0.07170774535057287,-0.0011297138323296215,-1,,1
357,0.34370262661758266,0.04826493043918819,0.08075909260419918,0.42666913918226546,0.030766717784258827,0.0698374933725056,43.25129029963264,37.48362485949648,7.282405877715412,7.282405877715412,True,116.818410741702,7.336378717607073,6.183491001628991,0.008356752760427522,0.18968150200812034,-0.0047505933081352595,19,,2
358,0.7480855708781806,0.011561405985028137,0.02337692123519492,0.09926327552827614,0.019512870739307023,0.09819995563401311,39.45864452661794,34.29866575050788,6.673858834136767,6.673858834136767,True,81.61987844878162,7.335748929944034,4.25898863905762,0.0058026104899935645,0.09955383399248562,-0.001970333387700173,28,,2
359,0.36282074071352005,0.010486687890495134,0.10607235522709853,0.2718727303906713,0.1424134739568066,0.10633401182140849,37.13261331968449,39.05843623575724,7.69582113759051,7.69582113759051,True,114.07870252198771,7.211242168975295,7.158198104612932,0.004411548082295609,0.14644076796046104,-0.003116991001834188,11,,2
360,0.6501521171994356,0.07545760622124628,0.07760782941950788,0.043203031951716625,0.13800624506526926,0.015573170142824435,31.719647166062806,37.08933834289691,7.145840181394496,7.145840181394496,True,85.11457866865601,7.274808633283099,3.477560310864449,0.0026522685857462056,0.04006316496966767,9.98854417082577e-05,-1,,2
361,0.2657201168849725,0.10436532798573855,0.21447595243636752,0.41080539376982245,0.00189142367423401,0.0027417852488650194,30.657744165050527,38.79112643036946,7.973255717139549,7.973255717139549,True,124.44401298228941,7.182573504596353,5.863697913215219,0.0022539942975566547,0.09115202103092858,-0.0015774991890426786,10,,2
362,0.422085523020613,0.029559787537263894,0.07244516357667821,0.3439214822852438,0.1031999748944655,0.028788068685735704,43.41804562504528,36.07071813108236,7.4138161763361445,7.4138161763361445,True,112.67246008759635,7.384967727061898,4.875518075669623,0.008590566113536934,0.1656964959612277,-0.004060283858197206,25,,2
363,0.5375982556195725,0.10167111322651311,0.17921185239568715,0.06511573855441105,0.06677207998788273,0.04963096021593337,38.84610902117092,39.64397829305531,7.506796363596994,7.506796363596994,True,97.4573002079078,7.372140485110293,3.065061950132134,0.005607415250945867,0.07895785900574746,-0.001202241720055494,-1,,2
364,0.49105698497915556,0.03003359283063981,0.15617078229712453,0.1664691234642409,0.14135446238051755,0.014915054048321755,41.58768090615804,38.17021074237642,7.51627999940778,7.51627999940778,True,104.78311455054138,7.411591959635236,3.248716700646305,0.0073254929867458286,0.11296607322650601,-0.0023628970341342667,-1,,2
365,0.35364937496081295,0.05832812731517063,0.07443318285582268,0.34396712740441676,0.011751373678266333,0.15787081378551052,37.52721504074655,38.08165170881793,7.514093616253907,7.514093616253907,True,114.23794791482138,7.172699604849127,8.100375720437713,0.004466106848132645,0.15735126058687698,-0.0034210411181135494,9,,2
366,0.33980517148078526,0.012026927586376662,0.06343899073876247,0.5623634237348831,0.01755435813606395,0.004811128323128337,27.398116044589266,34.750559836246325,7.14989376490601,7.14989376490601,True,113.76601044460463,7.055253620333411,7.598143556061542,0.0014380050259603454,0.08722039808276455,-0.0012797927289566098,6,,2
367,0.5199403919776125,0.12296035905086083,0.009031702631276093,0.2846233594822017,0.00622413697659795,0.057220049881451136,31.060564848727832,34.51837188927429,7.336322453782201,7.336322453782201,True,99.27926118686882,7.162479063967415,6.072547756097892,0.002293516663125013,0.07616833091018205,-0.0009284156829471474,10,,2
368,0.6618129655890207,0.09602466050818508,0.0845489518079277,0.14103831793135524,0.0150408051972617,0.0015342989662497373,27.770882014881725,34.99474253059516,7.016454724281515,7.016454724281515,True,83.96355236435868,7.198931838379432,4.09612386198523,0.0016841640161530287,0.026519487137353217,0.0006690215930791056,27,,2
369,0.26756101634866164,0.1389844614199136,0.03150147474309178,0.5331793712678164,0.0004184759863356923,0.028355200234180727,36.70141808101645,34.60581011055967,7.9503296952659275,7.9503296952659275,True,130.4225625050176,7.2184411993807185,7.068068129011384,0.0041206348152087995,0.1490967051508381,-0.0036734064238210873,12,,2
370,0.535721224265909,0.06571211329120698,0.26932397174820083,0.11972597176506108,1.803227245107131e-05,0.009498686657171006,25.7184258151641,36.612702519393345,7.861448967892569,7.861448967892569,True,95.0640964380364,7.168599829005033,4.06621514079287,0.0013360142051602097,0.004650416080062668,0.001785066413530614,16,,2
371,0.5365686375648692,0.06709906667735867,0.17173754321395193,0.10727043253574932,0.02365536282573878,0.09366895718233233,41.25366565233235,39.02899370308805,7.324232139110368,7.324232139110368,True,97.30638741699885,7.365419708751675,4.036531776144289,0.007074313909604995,0.11450371766865575,-0.002262839994948006,30,,2
372,0.36700191731268694,0.06823035114295393,0.00649320299348476,0.3995440406409748,0.08993336542971564,0.068797122480184,39.35247584862596,34.55131586485953,7.826772283143165,7.826772283143165,True,120.26926082761209,7.254709884916412,6.942058768741444,0.005460103587136834,0.15793390365494347,-0.003768551237638305,14,,2
373,0.5048191597000998,0.007895928264739517,0.3715695473213846,0.11142918729077454,0.0021212891909917707,0.0021648882320097597,37.326831696767044,38.44987351350085,7.84403836478122,7.84403836478122,True,104.19223939857315,7.388520119534633,2.119006039338366,0.0047607706498631296,0.04953378574184353,-0.00039469020393627033,-1,,1
374,0.6127358850496939,0.0351722235399624,0.06856163413929585,0.2585685058428811,0.02455049533464138,0.0004112560935254833,25.26248520202054,36.84163868847192,6.410748965554388,6.410748965554388,True,83.52306559954643,7.121226955256781,5.311827461462703,0.0012526861232807697,0.03860602097154181,0.00046873357621624197,11,,2
375,0.5481368708172155,0.09062384645680059,0.06440808998354043,0.2176731006933566,0.04530074437439525,0.03385734767469171,35.435394224187746,38.12520867344836,6.793566654878042,6.793566654878042,True,93.50125294530046,7.2911369884700585,4.428001982940362,0.003893004841016408,0.0877751611730765,-0.0015681272320777501,26,,2
376,0.409547280553962,0.11290156816500259,0.11446779200760789,0.32371684852766536,0.03750693376970071,0.001859576976061305,37.41934962168798,35.35422428562895,7.8957469964525755,7.8957469964525755,True,115.86440560924042,7.315880215000595,4.585651152520068,0.0046657141028364196,0.10934720613826285,-0.0023739630499304797,25,,2
377,0.3327977441725848,0.11625257007118371,0.11112277382603275,0.292350418763067,0.005552657029356531,0.1419238361377753,32.24434717202735,39.063880539466055,7.916613402023313,7.916613402023313,True,115.64526275608675,7.092491860857117,8.022700884707886,0.002520551839106374,0.11755154972899075,-0.0018593614435547115,6,,2
378,0.37197150904997855,0.04702859603927322,0.11570436224511452,0.41131428720528096,0.005932429671251858,0.04804881578910099,36.95545708273838,33.92751490355495,7.937994344248179,7.937994344248179,True,120.68610918559348,7.237304208923906,6.45036844103554,0.004267309474517875,0.12988443524053922,-0.0029326124496143087,13,,2
379,0.6204622256567077,0.012988921880786803,0.02960486593210692,0.22962611562037652,0.05863679854357749,0.04868107236644443,25.86812199802304,33.11603433491829,7.158100828812696,7.158100828812696,True,88.2748710006143,7.068927255246491,6.375259331173414,0.0012470877487795236,0.047814017359880584,0.00036748244225940935,8,,2
380,0.6763250870633898,0.01235082618940079,0.0842624400425446,0.17365684349936084,0.005624697872293845,0.04778010533301014,34.55524442348269,35.933085408194955,6.530957341324402,6.530957341324402,True,83.91548634419067,7.277003780055718,4.355552283081793,0.003527013480350572,0.07535957615207713,-0.0011949145662938595,26,,2
381,0.5594147123334298,0.018152727928313867,0.0051122520717586,0.36956269741587755,0.019856270680676965,0.027901339569943128,26.890927160168225,29.400514395827244,7.786231687250101,7.786231687250101,True,101.7318209160028,7.052712600596363,6.976798322264211,0.0013117572547978074,0.0556149651030377,-3.6241890118504316e-05,6,,2
382,0.5075895976763884,0.11831742624247019,0.003232661577613239,0.252782016951319,0.07573697781832579,0.042341319733883186,38.80724448305093,36.59234152498475,7.164960174899244,7.164960174899244,True,101.28093971094798,7.322973329573364,4.772829769876152,0.005429406936785258,0.11780414122727659,-0.0025434196434854024,24,,2
383,0.6727798292158452,0.0006320627823816009,0.02613574864086423,0.19469462390794665,0.004798104616565581,0.10095963083639678,26.518778964973194,38.344467013359896,6.004476618780648,6.004476618780648,True,75.72543435860214,7.082386946976757,6.36705105945539,0.0014254155488343208,0.0647100718725873,-0.0003745997289779148,9,,2
384,0.4422674281852664,0.0001830567341814822,0.046047952338274245,0.3908691506640739,0.09479180269865424,0.02584060937954991,32.50386453481934,38.72887128734493,6.510443147917998,6.510443147917998,True,99.53276955909443,7.196150428444268,6.1810361524612505,0.0027706107391140887,0.10538839754859776,-0.00208190330714303,12,,2
385,0.32269428785278326,0.0014247333509839913,0.13356583810069958,0.5109224551872282,0.022176796332490065,0.009215889175814965,33.465451200489355,38.573498599817555,6.826759051910593,6.826759051910593,True,112.577726488332,7.203764305662899,6.430960285921617,0.0030413618247846544,0.12206648222518698,-0.0027453339453779864,12,,2
386,0.1967305374075888,0.040638972746755944,0.10839010160759455,0.4767413194291505,0.11800978254053363,0.05948928626837653,43.97664948755308,39.36820190859221,7.87970720236305,7.87970720236305,True,133.84100600689132,7.32238047349395,7.15842404204525,0.00891911393638046,0.23356303634398246,-0.006064937904356503,18,,2
387,0.5327424902118656,0.082654008870756,0.05798292492968356,0.2630453145637774,0.006125613705343024,0.05744964771857453,40.661176083142145,33.34113858808597,7.618454757777978,7.618454757777978,True,105.50274648978062,7.339694172976033,4.806597971918695,0.006418195219144262,0.12169516743862649,-0.002667532401534917,24,,2
388,0.1470550590450007,0.03661605910807251,0.006762870714856935,0.7428337437885669,0.007307460467484947,0.05942480687601804,39.60730271417329,34.84826622625032,7.552616645617289,7.552616645617289,True,139.9683714440556,7.19260861928293,9.034455524018428,0.0053731422271786015,0.20831535246036106,-0.005632995993802681,10,,2
389,0.39835905454787085,0.030889970831854387,0.10665331888390621,0.3953558796876245,0.046136440843953574,0.022605335204790286,36.24561650027728,33.96605927810651,7.799987714705022,7.799987714705022,True,117.26648378460257,7.248957281282204,5.972015154868779,0.004002820830399034,0.11930795136975769,-0.0026452232320949153,15,,2
390,0.40497844502769353,0.014852733995915779,0.18070343662885588,0.27857190513809105,0.11849346373208369,0.002400015477359764,43.32741928216319,36.892212353088865,7.846656419933582,7.846656419933582,True,116.78418323158618,7.422205025241545,3.7447873944173935,0.00861814962613886,0.1463740489778693,-0.00345055606324066,-1,,2
391,0.594268725409347,0.04314100526744692,0.11270025746322876,0.1632300017293266,0.015957600003081013,0.0707024101275697,44.83042539207112,35.55785545682322,7.212356643672766,7.212356643672766,True,96.91074058433988,7.433594686678475,3.4682005999354133,0.009954110790161536,0.12535152238673627,-0.0026840786283392256,-1,,2
392,0.32336012939658365,0.14744502643871718,0.06273248090360586,0.39107957427194945,0.026427864245627694,0.04895492474351625,39.837849048576324,36.3877456900028,7.963338799964109,7.963338799964109,True,123.83331082386636,7.294453686808608,6.058993866866253,0.005885106820944078,0.15669151310728008,-0.0037666473948043304,18,,2
393,0.6051204793493128,0.24796257752090242,0.002810407295105612,0.06739651724293834,0.06612608544713423,0.010583933144606664,33.23730699582535,34.653089725642,7.959134307636728,7.959134307636728,True,94.69357302247279,7.3040272333989975,3.0781527880225426,0.0030551104994319786,0.03534429728811001,0.0001775813738388156,-1,,2
394,0.5674463629677462,0.12156783515820446,0.043452053250803806,0.15418579095024737,0.0011008837649579364,0.11224707390804024,44.533397000696844,34.981545085715666,7.5704847040310685,7.5704847040310685,True,100.22863969868203,7.3928093931459955,4.436218873309154,0.009561093497105672,0.13974774111263633,-0.0030367092638844827,27,,2
395,0.6062898143266197,0.006399663367887455,0.0629169929355381,0.18274627953150774,0.004417939989538701,0.13722930984890847,29.982809664208013,39.08841066303122,6.321301302236699,6.321301302236699,True,82.26329131001846,7.118302500231627,6.620619585435631,0.00208702176831158,0.08383215114365913,-0.000997834589225501,10,,2
396,0.6397999814413642,0.0044461105463626145,0.1724825394611612,0.16202436787754293,0.01940075691103818,0.0018462437625306315,36.98878124789566,38.20517828095032,6.465317384188655,6.465317384188655,True,86.25092483923517,7.365246890452711,2.8782517063969735,0.004654916209875825,0.06858534356674674,-0.0011058200809673732,-1,,1
397,0.4728829628602694,0.019764253138928184,0.0862941098579915,0.3903688583911092,2.1720671338840913e-08,0.03068979403103045,39.37831409286276,31.442888502016732,7.829358553842246,7.829358553842246,True,114.89484456699175,7.300999810499596,5.571599879943941,0.005497750347883806,0.12658601478378234,-0.002938916671643349,19,,2
398,0.5460698218433646,0.11561588672398612,0.107313519409697,0.04870993731696082,0.08103384032279233,0.10125699438319916,39.75987666068648,39.47733938064733,7.4922726876248635,7.4922726876248635,True,95.83911782434367,7.338755883282432,4.215236168005627,0.006091656106280166,0.10463440099648713,-0.001874965110386717,28,,2
399,0.6428639451372803,0.02809897555615005,0.08025420029640103,0.08385911910303132,0.09861897208337983,0.06630478782375764,29.911769946577934,38.306679290172596,6.718303300526163,6.718303300526163,True,81.76439337486883,7.190654375095153,4.959521132956961,0.0021518138494117716,0.05621602539085021,-0.0002063412923071806,16,,2
400,0.7316478089725855,0.01875408582201888,0.06407154974393561,0.04836811112630885,0.04510158784387046,0.09205685649128041,42.890284599521365,30.56162353240189,7.890678365876963,7.890678365876963,True,91.96566368110813,7.396856770099101,3.6195559009923652,0.007986311941600356,0.096798649322369,-0.0017780543965469386,-1,,2
401,0.34565808537865894,0.2308212780364696,0.0077633657200036395,0.39192956243330934,0.0003155269621481839,0.023512181469410254,42.19614160925602,37.696121909452586,7.5332481798919195,7.5332481798919195,True,118.2684094419936,7.371912629584594,4.801259244949798,0.007662112906656591,0.16202062242817022,-0.003999966564051984,26,,2
402,0.6197634051820219,0.16487945562722775,0.10296815106272508,0.07377887315174891,0.0029288818741912566,0.035681233102085125,29.024959028527206,33.93183302841939,7.96227296033863,7.96227296033863,True,90.97747062909444,7.2067278898196205,4.047364419768675,0.001903869775598139,0.021961712770742468,0.00095201389022336,28,,2
403,0.2088621202793014,0.04477352011803988,0.11560151117349804,0.5604136805603633,0.0030941690364066662,0.06725499883239044,41.29662755463639,36.75585853369749,7.778675226626007,7.778675226626007,True,133.995868773029,7.261806087087742,7.687034414293731,0.006655017882711471,0.20326645292000642,-0.005266731774487926,14,,2
404,0.5490537062690732,0.013692538060041828,0.21361003969184333,0.17703183785629956,0.025214683932145272,0.021397194190596734,32.54492809235663,36.588498410814104,7.336059785322858,7.336059785322858,True,96.15388156740505,7.259809272637477,4.162089978243979,0.0028424858435633,0.056989141995301196,-0.0004688402607437648,28,,2
405,0.6930255976725835,0.08996756608153357,0.0193555390157198,0.07039757903272079,0.006983342234680831,0.12027037596276147,38.65708905796433,31.874087939954936,7.739186586297802,7.739186586297802,True,90.58983439397808,7.298665896905414,4.805923251022188,0.005189660612207525,0.09171150191111581,-0.0015582806432968403,22,,2
406,0.312724492453192,0.240415636355472,0.02073662243039745,0.33578782062688084,0.08250057143476554,0.00783485669929217,29.67732655551282,38.77226343464635,7.9893250011426336,7.9893250011426336,True,118.50014980774321,7.167990746538572,5.86130414697147,0.0020242332878033886,0.08007950781872761,-0.0010592783511590446,9,,2
407,0.45411329135896605,0.013004494379287704,0.05675693097684273,0.3074358323498861,0.08035534325306506,0.08833410768195228,32.94237193101705,35.468542658646314,7.440400872728971,7.440400872728971,True,105.67460563318285,7.151135152900707,7.065342263151995,0.0027643219161802945,0.10631097599755208,-0.0018638119323349197,9,,2
408,0.3362012627478463,0.2317866263069261,0.03103449063054798,0.38459049718691357,0.0039506193597616335,0.012436503768004292,26.777528217170467,39.5992048062796,7.312509593599463,7.312509593599463,True,109.61311730257398,7.109284184419999,6.220279739700117,0.0014540065087867112,0.0638205211926987,-0.0002824331660649104,7,,2
409,0.6620045911921894,0.07441400810224072,0.048151822184589174,0.051016978498140186,0.15088527365817633,0.013527326364664295,30.279320482506606,39.9258414695088,6.504232912743571,6.504232912743571,True,79.11723619018197,7.255755571167423,3.6163202642721637,0.0023234197643414974,0.0412070024271821,8.065322600559556e-05,-1,,2
410,0.4013112156717724,0.07116344834436328,0.0025379251493443293,0.4874528557834691,0.007794962984991172,0.02973959206605981,26.421040554856756,34.63068426184327,7.108318493100856,7.108318493100856,True,106.94736664704166,7.031558504426738,7.604822361126432,0.001276196183589663,0.07543035047139947,-0.0006236491921770746,6,,2
411,0.5194834076908829,0.041678188057647766,0.04310494107657745,0.2377696640460018,0.027850302300302294,0.1301134968285877,41.66622303157931,35.596187470400864,7.287786299569461,7.287786299569461,True,101.74066976998158,7.304384861011082,6.0466662028815685,0.007073854110373101,0.14997430947860563,-0.0033641165867173985,18,,2
412,0.2756528368634213,0.030417130202421597,0.039599705788983953,0.3641105680192095,0.015632237430975342,0.2745875216949883,42.096071809309535,38.0391450761482,7.966389655207004,7.966389655207004,True,125.32598819449836,7.135440622697742,10.61560078819802,0.006720889051468792,0.2271553492479848,-0.0053176228402250295,7,,2
413,0.5325708783036391,0.002369058184844695,0.01437365082231594,0.10728501474265005,0.22126064438251059,0.12214075356403956,32.28825222215274,37.72629302885798,7.422919211785246,7.422919211785246,True,94.7304878871456,7.1446803420014176,6.869838521349987,0.0026312961056676044,0.09725611156639398,-0.0013088824536822662,9,,2
414,0.41496453751911966,0.11735291211543417,0.24009501151919194,0.2028725892856175,0.021106918229837835,0.0036080313307987532,33.0243500562614,39.70225620980825,7.8090075462740005,7.8090075462740005,True,109.06877017454538,7.290744498797596,3.6278730894054183,0.0030476550381812726,0.05875024048819656,-0.0005895689266707115,-1,,2
415,0.7640292096929594,0.07278639011550318,0.04480296232046612,0.04549667125549754,0.06558669938887848,0.0072980672266953475,40.43442778369823,30.161080594275482,7.838246633448912,7.838246633448912,True,89.95291567695367,7.420534381393073,2.2072425393047324,0.0062420586631586755,0.05345261161060353,-0.0005681973459392258,-1,,1
416,0.47280774768421047,0.013866999134641893,0.20319022416697935,0.22896127698003443,0.05336830041148957,0.02780545162264439,26.6315560214506,35.40196752297508,7.892974599220015,7.892974599220015,True,102.86240032176967,7.112261929426171,5.766938858400177,0.0014047576573725576,0.041292040322291806,0.0006465382910155044,8,,2
417,0.75000232104974,0.03764362270014359,0.0753126733345525,0.08461267101284188,0.051012889594086196,0.001415822308635822,27.311548186288032,29.309470503248065,7.964238179445655,7.964238179445655,True,83.84127295690098,7.1773861288191,4.221014029878683,0.0015109231244715769,0.0170371748926331,0.001014424830611806,20,,2
418,0.5042792696707383,0.03724930929237412,0.04944556739808225,0.3723917073518919,0.004718391189817756,0.03191575509709575,38.15108535418585,31.99662748921442,7.547348850863452,7.547348850863452,True,109.24319068386315,7.285902960246873,5.5331048909508995,0.0048684704103890055,0.11685935483851458,-0.0026165882609982313,18,,2
419,0.5366885835405169,0.02383416937127341,0.09570453778222676,0.3157329001387567,0.0274888955003034,0.0005509136669227368,37.002507884690395,34.65132279996466,7.053093465957144,7.053093465957144,True,100.78702837862147,7.315300916908244,4.424612921374113,0.004481949576853061,0.09806546794865786,-0.0020553710070007974,26,,2
420,0.4394133083475573,0.08103647342882873,0.19787150859674174,0.18444879539542697,0.0012327720780865295,0.09599714215335861,42.253550055320126,38.95316119576577,7.731196507154858,7.731196507154858,True,108.83033611409363,7.358251948724353,4.694108856363303,0.007738346181348648,0.14003744141366234,-0.0030276470867478082,26,,2
421,0.2406356095988691,0.014677610778071983,0.0028744918105816954,0.4907576690586443,0.24516044609139429,0.005894172662438424,25.619242831731526,38.430461464598366,7.506353045006764,7.506353045006764,True,120.71745678013541,7.000898787888423,8.402299011040089,0.0011543403959865955,0.0966947135505822,-0.0012384973217643863,5,,2
422,0.2293986930520533,0.06454092169889693,0.13878884348287357,0.46946785642768235,0.03728311573639299,0.06052056960210081,33.52315453647736,39.16000064351347,7.714760188351496,7.714760188351496,True,126.54531599015615,7.1501083983802936,7.64221401851396,0.002958736894034611,0.13964157980336658,-0.0030844337800836415,8,,2
423,0.44606547773664423,0.3455740947628609,0.005453947825153944,0.1697013781360967,0.0030882430503735444,0.03011685848887048,25.923375798622143,38.385321484681924,7.994546533100958,7.994546533100958,True,102.16277045992074,7.13700821148052,4.927181468203965,0.0013519080014177728,0.021870606250568102,0.001373737738109503,9,,2
424,0.20565857538812754,0.08579286847356996,0.12666609547720117,0.5569936500379135,0.016358119137115778,0.008530691486071907,25.142344006226587,38.93357125836933,7.46186834282712,7.46186834282712,True,123.17709178686081,7.010692156855297,7.905841298015725,0.0011132816509485464,0.08324507744683886,-0.0007465973803413361,5,,2
425,0.5710754263728546,0.030954470647610283,0.06683773325988136,0.16418751428999642,0.09038797009383534,0.07655688533582199,42.107077848496345,33.311855535110595,7.827902157350832,7.827902157350832,True,102.89674336374149,7.36144716561198,4.631534205517934,0.007438198459666897,0.12550700901383038,-0.002675111828835879,25,,2
426,0.40970828318350144,0.04656971889294658,0.10258994639836273,0.3418884161533011,0.020611475293539197,0.07863216007834897,32.481329210120165,39.62378512595927,6.856632605791175,6.856632605791175,True,102.6696688248076,7.166207995647735,6.660319638240974,0.0027304030155785104,0.10606489672122343,-0.0018780948374535274,10,,2
427,0.6189824309446287,0.017992764191395436,0.16612661914355792,0.07766238382474001,0.05097648542436128,0.06825931647131687,34.06209516116065,37.93236704659733,7.030297385768921,7.030297385768921,True,87.33466419267971,7.269641298022833,4.238893692097825,0.003377631085328581,0.06609615990657865,-0.0006976792587681655,27,,2
428,0.6694393187079539,0.013157815938087855,0.06556924435201923,0.13033901059843161,0.09690030969146958,0.02459430071203782,34.94821941270505,32.33320760983034,7.512886381909084,7.512886381909084,True,91.56672438121892,7.289766551045904,4.126674736147567,0.0035771262900139746,0.06573629421964775,-0.0008655696808602404,29,,2
429,0.5866331130294138,0.02021746663302044,0.05983886496896635,0.11069454115915264,0.2070069130760064,0.015609101133440275,35.49358170848085,33.63918643019237,7.947902084992449,7.947902084992449,True,99.20100075819173,7.299876540532344,4.174576977440183,0.0038095882834914153,0.07393414287507029,-0.0010669296941548635,28,,2
430,0.4150820297236712,0.030638086308264045,0.01905357475360506,0.3170891893605742,0.035406977013064216,0.18273014284082126,43.37645699889275,35.21471041173106,7.686063736673009,7.686063736673009,True,113.77541969193018,7.2614857443228935,7.891950375295656,0.008103392352350752,0.19135690460272478,-0.004486195575618227,13,,2
431,0.5138170396122896,0.12947909861176424,0.12631789816245728,0.21409933148382812,0.004234978053948568,0.012051654075711906,28.387774591721715,34.409882732261835,7.905072804551341,7.905072804551341,True,101.02126192904709,7.176093543100853,4.82449618703209,0.001746859311098998,0.03663652868476879,0.00046780310816699357,12,,2
432,0.28698602938332085,0.10431003513057872,0.08634465227576435,0.4120070032359432,0.10004233173984467,0.010309948234548342,39.565911331827465,37.1670615703397,7.9920033808521165,7.9920033808521165,True,127.44888908296073,7.312168656850612,5.718244500168807,0.005785585096852532,0.16186123307397862,-0.004023539356052138,20,,2
433,0.32101986906958485,0.06570545210564706,0.03147726514191604,0.30760166249477033,0.07650088615611067,0.197694865031971,32.85982478058336,39.64320540947371,7.66434456532193,7.66434456532193,True,114.43811591476795,7.0349213824231205,9.526783712701866,0.0025646619433050627,0.1465521683264685,-0.0027243958394140605,5,,2
434,0.5169022295799426,0.022084001103268205,0.2530857681985042,0.15252161834988165,0.033237197889421824,0.022169184878981778,30.033391438679338,36.46835480968909,7.796694736592677,7.796694736592677,True,99.56600516117092,7.218571190218627,4.317509031551362,0.00215054675776138,0.039580240687849655,0.0003019018443330971,22,,2
435,0.6556511100463386,0.1347610990473434,0.004568585281827772,0.015508019801722481,0.10077911296206069,0.08873207286070682,32.11777248793482,37.73769228655462,7.085704601382293,7.085704601382293,True,82.54331519758902,7.225165675584989,4.661411672653061,0.0027329230392442155,0.059554292553980065,-0.00033669321935813343,20,,2
436,0.512168182091875,0.013577589352368172,0.011564756265647689,0.29482350920643846,0.053439218565897666,0.11442674451777307,32.26811498889724,34.512171389148705,7.241597793336959,7.241597793336959,True,99.81439571079565,7.123564476294203,7.360343968397205,0.0025296794885770702,0.1022632662446303,-0.0016875922783859652,8,,2
437,0.424950619267198,0.08008116475600631,0.0330148882469975,0.21806367892078576,0.19084234574831055,0.05304730306070193,27.222730031385296,38.74967672392988,7.576315196307271,7.576315196307271,True,102.9375645953182,7.086313668907297,6.733161045038909,0.001498414908588454,0.0678824153232621,-0.00012125380612472917,7,,2
438,0.6424053390091169,0.11940853284798526,0.052153211692423984,0.04105094594713635,0.01903367285212808,0.12594829765120943,40.23130942721019,38.79905140685048,6.861511042013437,6.861511042013437,True,85.25562834209587,7.341699833500127,4.196252988113713,0.006402232835293132,0.10583799528935567,-0.001993833425574101,29,,2
439,0.38108039418572826,0.03731191521866698,0.020463995327383275,0.3440751740451001,0.18367061432065096,0.0333979069024703,30.29497258844659,36.596648509632715,7.593699947849027,7.593699947849027,True,111.451273991597,7.126853545485286,7.010721579256009,0.0020806754736927596,0.09734887053871213,-0.001560051916764643,8,,2
440,0.5113098716625809,0.0771746159393866,0.08369061626128071,0.10489369219954202,0.023324426884346435,0.1996067770528634,44.517019183350115,36.37407560673344,7.974419094849087,7.974419094849087,True,104.2919801703285,7.317470155727815,6.353922666166557,0.009353562673285402,0.16791641868111912,-0.003597608742348863,18,,2
441,0.4341964102551879,0.030298612968273485,0.23907678780066235,0.19178929970092373,0.0793782109228077,0.025260678352144957,32.845124392540825,37.87063093008823,7.982439714281388,7.982439714281388,True,109.03041802736388,7.25006296574308,4.59906381393343,0.0029211216077256125,0.0698486044673129,-0.0007983182167532584,22,,2
442,0.3155464459824811,0.06247608242827507,0.10402355189019956,0.32917046726075827,0.11231017013576523,0.07647328230252083,32.31453789813453,38.78678599005269,7.871938313949123,7.871938313949123,True,118.33015110176991,7.136634052572933,7.364762304394917,0.0026027786085550766,0.11718161221202886,-0.002116701665189685,7,,2
443,0.6942937200000078,0.12003819671922895,0.010932493229324854,0.11991881162778806,0.015307824658201392,0.03950895376544895,40.53620909977436,31.627292712274727,7.588338041230965,7.588338041230965,True,93.01837511517802,7.387417950958682,3.2288712327975073,0.006372331266199751,0.08122107302996888,-0.0014307871430995912,-1,,2
444,0.730493602625943,0.0790328580855549,0.06659823851072624,0.04855678061658391,0.05386649757188825,0.021452022589303642,29.393395930343694,33.762554076437844,7.220489962912875,7.220489962912875,True,80.18506250925653,7.227232452829718,3.7793290958375887,0.002011941087565662,0.027810162557625827,0.0005578994298671007,-1,,2
445,0.3320283289224993,0.06818724308286003,0.0010296054775244608,0.4494081814528638,0.06238872400908905,0.08695791705516331,26.33522347221611,37.507762347271466,7.194246146397716,7.194246146397716,True,110.08868784845298,6.972271378397139,8.72394125254685,0.0012168426095610428,0.09328621893376257,-0.0008592744594308054,5,,2
446,0.19338140474184143,0.05682326183278993,0.08658096079352313,0.6028369275749315,0.058743905448699785,0.0016335396082141304,26.59335113193185,38.78151957480837,7.275408186755243,7.275408186755243,True,123.95737030106979,7.032278605311606,8.084416862107162,0.0013209439489217476,0.10242840392988647,-0.001740855769045512,6,,2
447,0.4763387359020266,0.06377021514259819,0.09329095066190707,0.23763958881010827,0.04200688125000567,0.08695362823335429,34.679896369148224,39.2858045979425,6.971928026142603,6.971928026142603,True,98.39271590263617,7.222533126440008,5.881081235528878,0.003516816787529219,0.10460828754305952,-0.0018760030299835493,14,,2
448,0.18882338609235882,0.05715041057494106,0.024209557966369404,0.6383238441371277,0.09094885512993203,0.0005439460992708136,39.31918259177621,36.7579549761474,7.461698401853963,7.461698401853963,True,133.35945547473307,7.260423554892419,7.326892220825471,0.005486657136404774,0.19425413485106754,-0.005223409842477737,14,,2
449,0.5786599779202382,0.1268659404446379,0.12541897627246942,0.15710453828193136,0.004430009624408112,0.007520557456315032,27.91648915754362,34.061628991302385,7.786080054035438,7.786080054035438,True,94.36643197182552,7.189130936175766,4.296997881879649,0.0016759604039594687,0.023778647601307504,0.0008783356019965266,19,,2
450,0.442216389531495,0.19650967061810182,0.01689629422790718,0.12652002458166817,0.015978881698941665,0.20187873934188608,28.098064126682704,39.87761059353177,7.789577002582977,7.789577002582977,True,99.51409208509484,6.988566948589301,8.397842796502756,0.0015364318740652039,0.08533298139019405,-2.6391288675935558e-05,5,,2
451,0.4003627348105229,0.16377108446816765,0.08008341820640336,0.3283802148671589,0.004158128286851861,0.023244419360895486,27.974335936852476,36.08816886153916,7.7884168637425795,7.7884168637425795,True,109.64397597571,7.124094569969168,6.060717929716477,0.0016320216374988048,0.0601816998506302,-0.00020524676915600456,8,,2
452,0.6223530477763132,0.0022524183327486355,0.257995428716735,0.07438125205175343,0.014970898192222713,0.02804695493022714,37.70376446497669,36.892019613705756,7.292205187407113,7.292205187407113,True,91.69801400660678,7.372774141456046,2.6368669864878425,0.004944499623303773,0.05820342616100794,-0.0006521950974779531,-1,,1
453,0.46435108898359856,0.1481534327067774,0.08085119434036453,0.22966162707800292,0.030136492118201876,0.04684616477305473,31.135006260842907,35.35610050543904,7.977127278728394,7.977127278728394,True,106.42524064662241,7.1841661922120785,5.551482840930087,0.0023445779159324514,0.06745622435510798,-0.0005777341571771581,11,,2
454,0.3920257889522566,0.05949485232972532,0.22317506713767962,0.21266787368741544,0.09042229147744188,0.022214126415481292,36.703103256792346,39.5809687610241,7.9044166519101084,7.9044166519101084,True,113.36700943487087,7.317425348222125,4.227320017072465,0.004446922142044621,0.10021054351423377,-0.0019150149680289112,28,,2
455,0.537396646672771,0.03417981379192874,0.06115168509357909,0.20311909853252125,0.05585260907860439,0.10830014683059541,37.46475203461111,36.88087457072018,7.097868621182126,7.097868621182126,True,96.70522277932635,7.256470903102942,5.865442145107499,0.004654377389507786,0.11806226028305494,-0.002355433675403986,16,,2
456,0.2907907223860253,0.10586776421640008,0.14493408632201968,0.3612777497828892,0.09329058552389267,0.0038390917687729656,36.67441916823304,39.17436254424774,7.930246929028411,7.930246929028411,True,124.0304062053059,7.290636824511082,5.250243342089396,0.0043648963940709894,0.1319039612844114,-0.003043791757237725,21,,2
457,0.48328003101351735,0.0324490163202505,0.005281977069378647,0.11359356015856525,0.053145261171861406,0.3122501542664267,34.908221540158515,37.97287960346073,7.665505077365692,7.665505077365692,True,99.23718509584864,7.030788383175057,9.863889032229181,0.003143097569941804,0.1503284900891234,-0.0026631290612815963,6,,2
458,0.6508113152163926,0.08897915712467593,0.12178230054020928,0.09315649628766264,0.010327657650906872,0.034943073180152724,35.72531545190309,33.34078405910397,7.6980407057714695,7.6980407057714695,True,92.6367455466975,7.3193437018660825,3.4212692900090107,0.003928735926376422,0.05516585227529823,-0.0005145128873348737,-1,,2
459,0.5823769438550527,0.1575551116667835,0.06352581425028092,0.16857023163415047,0.027961200560390434,1.0698033342087908e-05,29.528174778608903,37.94049039114119,6.890305621956288,6.890305621956288,True,88.60386081362851,7.23431215526296,3.912582077243548,0.002087934615434106,0.03777352137105551,0.00020420376948103723,-1,,2
460,0.42997565166964163,0.021104297820165787,0.04699731021581811,0.363911258777938,0.0919176514845534,0.04609383003188311,32.122998750020734,34.98966129036006,7.44030821173724,7.44030821173724,True,108.62866135211266,7.15716062939491,6.784419135056702,0.002538985351714891,0.1006438716803404,-0.0017999380853289514,9,,2
461,0.47411075654925294,0.14575003277948206,0.14062487001827992,0.16112044366511388,0.07148988593739737,0.006904011050473931,44.00948615713803,38.81135295838517,7.656612105128107,7.656612105128107,True,107.6903372284984,7.471685646809128,2.2221766713999545,0.009284816959388112,0.09819988048986535,-0.0018294501535119567,-1,,1
462,0.1916251833842313,0.050805529081497484,0.0646196685570349,0.5903085062273502,0.06040529797665862,0.0422358147732276,44.488933386623344,38.821374537429875,7.311621120981013,7.311621120981013,True,129.9491929868284,7.336711243675036,7.039586105669007,0.009398918768635387,0.23870234907169582,-0.0063537500782215595,18,,2
463,0.6263523315184761,0.08446856812865569,0.004215023969138389,0.13931648858008056,0.045134595765689824,0.10051299203795941,37.8026188683415,38.98171148071606,6.43234438018088,6.43234438018088,True,84.62154441275062,7.298859885508486,4.8144558069257615,0.004989015382248401,0.10764935445722847,-0.0021371178483592856,23,,2
464,0.4303413399804867,0.052135966408498394,0.007141775759745385,0.4812025770258996,6.958415955936975e-05,0.029108756665810566,40.469569743468,38.2832215674761,6.275063654243621,6.275063654243621,True,102.21816471073434,7.329630592948671,5.474564862293727,0.006443422206767522,0.15745322272083329,-0.0039541768607588654,21,,2
465,0.5744083594859224,0.10081695246208211,0.10300593211596885,0.1717249216503983,0.025422118358032337,0.024621715927595943,29.231187645823326,38.83872784778045,6.746553049903505,6.746553049903505,True,87.5481578354002,7.206080832865735,4.486880976219719,0.0020137226229143637,0.04578699979932922,5.612086206786222e-05,20,,2
466,0.3579401685075478,0.04486174378120336,0.16014335011979264,0.424869423637059,0.0008800524870618871,0.011305261467335527,31.530884213936957,35.55470554508438,7.659328261908513,7.659328261908513,True,116.40077617736402,7.1764911781697,6.1825835030782015,0.002418600386027733,0.09249347438236996,-0.001649918003904709,10,,2
467,0.6016940790379592,0.10742404193525412,0.02697467106334597,0.17671551592529472,0.05578840222249261,0.031403289815653254,34.869718251421865,36.71189362550848,6.8752358844939305,6.8752358844939305,True,90.35471402775558,7.289307700417781,4.219900115942462,0.003654436185035656,0.07649480415795602,-0.0012055410206837957,28,,2
468,0.625564373340461,0.014467527948667801,0.10739764051677296,0.11487083614504921,0.06358787763967806,0.07411174440937102,30.93303242719056,39.7451339254598,6.449400827346944,6.449400827346944,True,81.69277207616895,7.203759529077122,4.999585409845625,0.002425667791831922,0.06576387303673244,-0.0005831363909650475,17,,2
469,0.40504996170476226,0.0983644041782938,0.060096778261184106,0.2863429456921006,0.00927095990450642,0.14087495025915278,43.57829071195626,35.76548967428607,7.940845346203329,7.940845346203329,True,116.00138817679031,7.3068049038257525,6.714930581861101,0.008462409642492471,0.17948671307276096,-0.004180372995012988,16,,2
470,0.33293846259562654,0.015660915396668182,0.03253252388270315,0.5064617040554418,0.0355089520619652,0.07689744200759503,39.67222634521006,37.251382680711494,6.9329367232319905,6.9329367232319905,True,114.91366614422726,7.251366288438865,7.276673125690179,0.005705249761439786,0.1748750621097668,-0.004355738454405008,13,,2
471,0.40211024228924086,0.023149329872082007,0.011343774802162577,0.38604629897223525,0.1057729133186397,0.07157744074563951,44.38358657763605,34.10370666697975,7.6911134396868714,7.6911134396868714,True,117.99803945513487,7.34699304669879,6.274102935726052,0.009188073441435051,0.18918960718130864,-0.004704297398982976,19,,2
472,0.7654878469199122,0.0017399791627288946,0.030189541416946766,0.05498316369389031,0.04131033676058551,0.10628913204593612,38.991029636695295,30.677036632374044,7.54985896394906,7.54985896394906,True,86.04204920555331,7.316798795866166,4.482998526237341,0.00536341939909896,0.08854829640639059,-0.001549341884809264,25,,2
473,0.43809409027418605,0.056072000811067384,0.25357924920905217,0.19939227560020603,0.031128424430892736,0.021733959674595703,35.96513255629611,39.988027314329955,7.514253875638839,7.514253875638839,True,106.09428529494423,7.32095182063221,3.779825352295936,0.0041552883858703,0.08272057542151241,-0.0013842441912968254,-1,,2
474,0.5400116078378959,0.03714431211608042,0.1247166630945291,0.04226043183084965,0.028741162377530383,0.22712582274311444,34.695978812196664,37.82741625642164,7.789663610291218,7.789663610291218,True,95.11543053118973,7.129600021129555,7.517901024447669,0.0033331376431225764,0.11044976828475421,-0.0015041972444940384,8,,2
475,0.4387680580946643,0.07638412545539587,0.03888623539734469,0.3397095660307783,0.056928349033051696,0.04932366598876509,28.183183672058636,36.712951586339315,7.184044125803237,7.184044125803237,True,102.37445479781525,7.094353220233455,6.839999756003861,0.0016466092923852634,0.07574187488758101,-0.0006730619454752431,7,,2
476,0.06471336699757442,0.055977911555044876,0.022804232493385947,0.7210620988135128,0.06867312292184449,0.06676926721863745,44.60683220039786,36.83641818221224,7.959976669216528,7.959976669216528,True,150.27908105173177,7.264370796114329,9.265385847343234,0.009059343601487791,0.2733106732609125,-0.007459315114520354,13,,2
477,0.5406423892429022,0.0980511005152272,0.22136532801090428,0.09390417753031913,0.03457650182010063,0.011460502880546631,32.17214993480023,38.491701617080494,7.57880226316829,7.57880226316829,True,96.04591337673136,7.293156721749613,3.078979580730818,0.0027921963763088767,0.033582620320529694,0.00028170173634886354,-1,,2
478,0.5916982591063555,0.00017963700503832313,0.07782666995232657,0.2525141518860067,0.003090223201639905,0.07469105884863284,42.007166394743564,34.179162604509656,7.026299094064725,7.026299094064725,True,97.24817517400011,7.359598393689253,4.7120652591996555,0.007414583312509166,0.13068249957015957,-0.0029478322758359037,25,,2
479,0.6279815452415173,0.09093972291117502,0.02488069567633019,0.20823930805926233,0.044180786679272936,0.0037779414324421398,28.069544464312894,31.248626857849782,7.710755990897207,7.710755990897207,True,93.06807787943599,7.160542562198647,5.050813345669119,0.001640640360479358,0.0371853075259784,0.0003697127423072041,12,,2
480,0.35668651585446015,0.10645875047153182,0.02612444913881512,0.38857852339240617,0.04776434578729575,0.07438741535549087,39.92150607091731,36.351922898198254,7.624967626755709,7.624967626755709,True,118.06502548921034,7.273865885593412,6.6097561938253655,0.005884867736896257,0.16111189272152648,-0.0038439787993496638,15,,2
481,0.5511382071341477,0.07226941389024469,0.11750011863689391,0.10418857526156493,0.04613639506948446,0.10876729000766457,30.378734500037275,35.95027579046079,7.797674948445015,7.797674948445015,True,95.06588654127792,7.143114073464586,6.005647886895065,0.0021452862535002596,0.06312008598301921,-0.00013139789122149225,9,,2
482,0.2902241283738389,0.08247402991299112,0.014485017688856178,0.5559163957594886,0.01158631209953815,0.04531411616528693,43.03741785542023,34.82235929337078,7.525058687411679,7.525058687411679,True,126.71303959499012,7.31670870819409,6.8170354705932565,0.007998341234765796,0.19886454882564203,-0.005184890939150228,17,,2
483,0.5392883379315193,0.04270897719260282,0.251253056473562,0.12961350565574578,0.011966277498756544,0.025169845247813516,39.27603798866753,39.145539312791435,7.228172478850939,7.228172478850939,True,97.45596640639147,7.3931063883759665,2.7110738551838134,0.005852319521016584,0.07729172835020669,-0.0012621927881474985,-1,,1
484,0.5264995837895381,0.028454561309119917,0.11783451493199956,0.30019757598504515,0.014997733771003545,0.012016030213293883,38.19848117317453,32.381763703771824,7.715052967667844,7.715052967667844,True,107.65741723436517,7.322561335285354,4.52158229886889,0.004975317218138655,0.10095495026463538,-0.00212190739261939,25,,2
485,0.323478145745093,0.24125621204539646,0.007960667852141298,0.3190724621095234,0.049190614117226784,0.05904189813061888,42.04349284129141,39.902304672533916,7.733620449712309,7.733620449712309,True,119.08064384780559,7.347686370990403,5.345578743251687,0.007559424008552048,0.1702332841703518,-0.004089249603278573,23,,2
486,0.7676585970002732,0.10361039577275877,0.02555575626128853,0.005240230508323416,0.07460308066108451,0.023331939796271548,36.64786826197204,31.310549257531118,7.7282409819839515,7.7282409819839515,True,84.98365441271355,7.355466934015741,2.6942763907089073,0.004294554841573084,0.04386925484023369,-0.00022079189972923246,-1,,1
487,0.2633871603157052,0.10602528498957593,0.019218768678461992,0.4627962889542113,0.08276812572336656,0.06580437133867907,39.35679142738581,38.648730577292696,7.496384683563754,7.496384683563754,True,123.76926287973716,7.250374598367258,7.2648198132313375,0.005552545138962024,0.18033135631586075,-0.004476469515654119,14,,2
488,0.5142394329673476,0.09341075009629142,0.05230660111825354,0.2616599383571965,0.00583355428573253,0.07254972317517841,38.08163886126476,39.337418789167586,6.580275447437981,6.580275447437981,True,94.66071985385824,7.3007247428304245,5.046347331310776,0.00510412810309137,0.11909298854901058,-0.002544261520119001,22,,2
489,0.610849215279153,0.018173362936668748,0.0709279656444772,0.053190222517222566,0.1697678782844496,0.07709135533802894,43.74090308814916,38.33459433573593,7.073844566563021,7.073844566563021,True,91.1824780219458,7.419788954342134,3.489396292621618,0.009080071324689042,0.12204768869914015,-0.002509230837939986,-1,,2
490,0.38675130165660876,0.1809674786035448,0.06121504948401225,0.22549990540623802,0.12412837095631601,0.021437893893280074,29.06688339773637,38.91593075971235,7.972768274412751,7.972768274412751,True,110.24051852201782,7.169344895211961,5.478919404315589,0.0019117499358651646,0.062136045041347364,-0.0002877924305350132,10,,2
491,0.5485858004742775,0.2135963104588652,0.1494150459129913,0.03907343040023067,0.043866063287337366,0.005463349466297905,40.01673460901596,39.60392213725977,7.677549267952891,7.677549267952891,True,98.77774887954298,7.4399882443699115,1.4142364023532594,0.00619934434288731,0.04163250780780118,-2.9339181672645994e-05,-1,,0
492,0.3140411728850227,0.021982826428489408,0.08040353977347442,0.5755990262659509,0.0017446705320931352,0.00622876411496921,32.64653547921319,39.84557153400341,6.350422996073917,6.350422996073917,True,108.52853847031898,7.186615994639702,6.6640709202713815,0.0027952039674279663,0.12389517286668777,-0.002830861958428094,11,,2
493,0.6242772600261819,0.003111140147652501,0.11943278166584675,0.15450419857824607,0.031402758184541024,0.06727186139753173,37.588527427673796,34.6587540544228,7.207381576125274,7.207381576125274,True,92.69823207227566,7.307680082278748,4.483725568529564,0.004760922876028689,0.09170374597212641,-0.0016595814804372569,25,,2
494,0.40917596267531264,0.02390190570986152,0.01728053922414005,0.4493558905336632,0.000820071405442954,0.09946563045157958,39.546095091915475,33.094267194047454,7.521001842385711,7.521001842385711,True,116.25373527460222,7.2354232614215475,7.381671170398161,0.0054720385533283,0.1568282885105153,-0.0037411194946075877,12,,2
495,0.38584702328405407,0.028618217390361758,0.04819114100821318,0.4539109340073018,0.07963750701089851,0.003795177299170494,30.92068080568282,36.89807805077956,6.9418157772210245,6.9418157772210245,True,108.03959963568288,7.162166336158829,6.499834713533098,0.0022763330978556643,0.0988366628394879,-0.001870317029980858,10,,2
496,0.8838457155797366,0.025901899989411586,0.011664019020034557,0.06135672644284118,0.0011158156573014327,0.016115823310674425,35.90988059192938,28.06264909916318,7.473768465556866,7.473768465556866,True,79.89847735250886,7.332289972559996,3.0852183841965375,0.003879061181608445,0.04532434283078603,-0.0003943489431613239,-1,,2
497,0.563012277857096,0.004308174606308197,0.06798327361968894,0.2395736458695392,0.06447029208335192,0.06065233596401566,44.37148379260316,36.756133118220795,6.773881768083561,6.773881768083561,True,96.28061443423474,7.4144196241698985,4.093460659728919,0.009557357665289028,0.14567708508529834,-0.003384933990782584,30,,2
498,0.7580570932864336,0.0810421140459301,0.13445572964383312,0.016494514411857033,0.006961485431222342,0.002989063180723675,29.81372123098795,34.36683104228973,7.112774327345222,7.112774327345222,True,77.66726705322661,7.2705068683822605,2.767750211942758,0.0021440345114092526,0.012843323081220997,0.0009121250222521608,-1,,1
499,0.3863205416954634,0.07709819257333006,0.06468658172470979,0.18924396838541113,0.11931916019123741,0.16333155542984823,27.908361314627356,39.52950069243447,7.919566299413519,7.919566299413519,True,106.87460110518904,6.984311004131412,8.681999226271193,0.0014835620160122479,0.0941558487662125,-0.0004268036162796218,5,,2
500,0.5404553929422287,0.08568931222633831,0.13387872204612464,0.15155267454269888,0.011341210175307155,0.07708268806730256,44.75103532553243,35.11486725874602,7.829559727385596,7.829559727385596,True,104.63087506561722,7.424416909484624,3.6477330509451797,0.009821215176056945,0.1280078803448497,-0.0027035897565015773,-1,,2
501,0.452519026273037,0.05840664364836816,0.0022085566383438907,0.29615910613280516,0.03716608029390237,0.1535405870135435,40.55173961942354,39.455931055171014,6.722205562801091,6.722205562801091,True,100.05271026356922,7.259816236052381,6.961583466001248,0.006345649268356791,0.16603962821055618,-0.0038243464882352675,14,,2
502,0.6196191926877712,0.016684720741241926,0.01038771333792953,0.02634654169047087,0.014589760222007569,0.3123720713205789,38.35938744647942,39.68713917847184,6.760867236232965,6.760867236232965,True,82.96957040025794,7.158080794842685,8.080896967534892,0.004933701710032219,0.15055384180028472,-0.0030045575069041586,10,,2
503,0.7381715582530547,0.008929911868982227,0.038789239450074925,0.11203163917939853,0.011232173630306692,0.09084547761818287,41.432089564938124,35.335572303574025,6.4922689637503685,6.4922689637503685,True,81.69158532240428,7.377063173122164,3.821771728962399,0.0071474945232755955,0.1072361641153471,-0.0022316747140656277,-1,,2
504,0.42450894236872705,0.07054509813687765,0.05016956801627703,0.3703788958633358,0.008595698727919165,0.07580179688686334,31.289937549226323,39.86139784418148,6.5585683271696125,6.5585683271696125,True,98.99207835301272,7.145376532992701,6.787930966747986,0.002396509890190825,0.10150385145799809,-0.0017257413955409657,9,,2
505,0.22068878429410804,0.048520428450943745,0.09804955216629022,0.576902328329663,0.002744316273974928,0.053094590485020084,32.830230541000496,35.89996032138689,7.759227605992059,7.759227605992059,True,130.48482581344385,7.1114952001163445,8.282575164521225,0.002634891459409018,0.14014442731467303,-0.003240104468161346,6,,2
506,0.3988912146935445,0.0992975555714316,0.022269025729072012,0.46352784151944054,0.015504936552252036,0.0005094259342593902,37.23389719801264,36.519967567104565,6.9102931875142835,6.9102931875142835,True,109.83318111398114,7.288050676390094,5.473098604108401,0.00456836776131297,0.1299000724617917,-0.003108689894106291,20,,2
507,0.8115828809314586,0.11032204075111494,0.015360363100084281,0.044766625305626494,0.016932236541375066,0.001035853370340759,31.5023112614848,39.79704302947341,5.7025158313149795,5.7025158313149795,True,67.36463062656875,7.306441378019304,2.6113676569109057,0.002709738519600406,0.035539155263893084,-4.288101093011444e-05,-1,,1
508,0.6257767304590824,0.0421415049879321,0.03669640554602937,0.2548332079217797,2.4233601322837606e-05,0.04052791748385351,40.47604203753172,39.49767796210715,5.8980465380117835,5.8980465380117835,True,84.34390273422905,7.379297746987059,3.758785789812651,0.006647017991272287,0.11589979959584129,-0.0026239135556935496,-1,,2
509,0.41530575927023594,0.04820443329776013,0.08444246510153763,0.3920653868900825,0.029503501042468194,0.03047845439791569,41.34906875617351,34.486553291246985,7.562602865642719,7.562602865642719,True,115.53787468191285,7.339985916266371,5.340728200126365,0.006880924344382059,0.15119058850851105,-0.0036769153357417285,22,,2
510,0.6159369474790303,0.009572822121179651,0.18973854270128115,0.035135402839324065,0.003569011953901541,0.14604727290528355,26.630571384212285,35.11335823109445,7.834871304664866,7.834871304664866,True,86.53477123174312,7.052787043432628,6.506371532947263,0.001367645536204757,0.0436800285113567,0.000995331532549447,7,,2
511,0.5977060572994086,0.03466714765347697,0.024461606526523304,0.26011829902654504,0.05388382299858837,0.029163066495457753,25.920807114272385,35.719256027871324,6.660655714511462,6.660655714511462,True,86.48353682984437,7.095157361733377,6.016548869966962,0.0013061775562285742,0.049784084087411314,0.00018130996474461327,9,,2
512,0.508225278227517,0.0940070022523638,0.03623171410100453,0.23444385658667127,0.07677504552246436,0.05031710330997902,34.91806620183979,33.57021034478058,7.910659134968034,7.910659134968034,True,105.96812014622995,7.238422907996064,5.525802295794396,0.0034975312026455947,0.09154396715892318,-0.001567761919334623,15,,2
513,0.41949360483836473,0.03972579813407608,0.03774552749482282,0.21887880166555182,0.03942521309400185,0.2447310547731827,36.729713477371014,38.555748588612964,7.524059766431432,7.524059766431432,True,106.03278830347585,7.106983311373611,9.086730206040219,0.003983575943384234,0.15737096055326805,-0.0031102632374476135,7,,2
514,0.03440860767139323,0.043925973069452943,0.02855011758828294,0.8250274917608543,0.06410857986537569,0.003979230044640725,25.298260014263406,36.855845089251986,7.608987596302838,7.608987596302838,True,1.9329308225932817,4.624849125380231,35.973893085121404,5.837409012791466e-06,1.177426592652516,-0.01667396641720165,4,,2
515,0.5200127297644818,0.05243754236692403,0.14095389764887645,0.2179558011440503,0.009266108732492619,0.05937392034317502,29.65975507954539,33.85974283199063,7.883632058629803,7.883632058629803,True,101.15722313441356,7.145608293236439,5.856521729825357,0.001955205228668997,0.05825999125683725,-0.00014951002789020577,9,,2
516,0.37666414664489506,0.06497339328304416,0.055296706239253236,0.2954696482923825,0.19219954397811884,0.015396561562306234,43.615979011641315,37.00926863819396,7.899113513980748,7.899113513980748,True,119.01633995496945,7.398134138001349,4.6706766178173424,0.008810745534939265,0.17197437504517413,-0.004200921077955742,27,,2
517,0.5137302063787995,0.12414201898275058,0.06439046340924624,0.27280938625075307,0.004532579496913811,0.020395345481536868,41.23309259657903,32.59838927553783,7.9405479652592525,7.9405479652592525,True,110.48983649375816,7.377271264896141,4.013421076948232,0.006818955839832245,0.11415099758593407,-0.0025105597885343397,30,,2
518,0.5376299458851752,0.07395026831719842,0.2676016752529112,0.04521887606782865,0.03613350012568942,0.03946573435119729,30.92629655156768,39.5252361645895,7.7086304222181585,7.7086304222181585,True,94.84848235332252,7.258092236158463,3.447767392402606,0.002446491372831002,0.027476819949296755,0.0006961275058788019,-1,,2
519,0.6607599801733854,0.09316999494568466,0.03089730532878016,0.16862655434583018,0.026209339442014108,0.02033682576430528,43.84256095976285,33.55797381523499,7.147521331940272,7.147521331940272,True,94.11603885233083,7.452470740195866,2.660613102567988,0.008966792650101595,0.09570316254084252,-0.0018824228263260138,-1,,1
520,0.44158599929790504,0.197386279376634,0.06334474204123731,0.2132811844750587,0.003952221159442254,0.08044957364972254,44.119291787548946,38.442773083834666,7.631819136610227,7.631819136610227,True,108.84284026325926,7.3990619020917885,4.285090956611463,0.009330328945073282,0.150290310961915,-0.0033957108526726683,29,,2
521,0.22243433177105654,0.054794829209099595,0.0824958974578457,0.48611858999764707,0.06830821386413896,0.08584813770021223,39.16551668692687,38.64808868551883,7.703341548912027,7.703341548912027,True,129.35102940031763,7.219006117863657,7.996026224098563,0.005352163599844393,0.18946967716130853,-0.004713057318626098,11,,2
522,0.38925599168258784,0.09456537689718826,0.032513623597413305,0.25165281121810035,0.22866311244224324,0.003349084162467064,35.223657983077075,38.17977439822894,7.834346426931154,7.834346426931154,True,113.45883224314169,7.2746582235314925,5.13894009426878,0.003746093901195824,0.1097092341702682,-0.0022266989188670537,20,,2
523,0.623259590750133,0.12592944096349082,0.09173258794536486,0.03663661607527612,0.04602626898873252,0.07641549527700266,37.684218580652306,34.61606438993355,7.932821230117579,7.932821230117579,True,94.43773549858726,7.326958420672146,3.75774871906066,0.004828639484623081,0.07188700817947709,-0.0009190409042192104,-1,,2
524,0.6322002460859931,0.00399693057144063,0.04716558621422974,0.12386558050201363,0.1030387593232694,0.08973289730305338,44.834711345151845,33.3509777853872,7.532027889114029,7.532027889114029,True,96.88976493748234,7.411665392861491,4.118946578265996,0.009808666724213145,0.133564928075128,-0.0028845592424389874,30,,2
525,0.5461810021807596,0.0010048612010849077,0.08138784161439813,0.3373357144358284,0.019724216819667406,0.014366363748261455,31.874073950946013,36.57439169926687,6.502605129915712,6.502605129915712,True,93.05752334176246,7.21440039257752,5.339685671641014,0.0026051133791224223,0.08095156921359631,-0.001337217735128777,16,,2
526,0.5004464228743951,0.25945152920469333,0.008978578423569455,0.07473870467523565,0.0029884416587649073,0.1533963231633415,31.61654230243502,39.94427890808268,7.6573007524300785,7.6573007524300785,True,95.61723034554241,7.141896306432862,6.325626596618319,0.0024931483696585825,0.07652159058633352,-0.00042802595759345,9,,2
527,0.5791659248211389,0.14653897064371987,0.0018280806813511829,0.003826164880815809,0.21631774250773717,0.05232311646523713,32.20069891476625,39.6517854915227,7.417244687603922,7.417244687603922,True,89.3725857302798,7.250775268265856,4.23413907449018,0.0027954984246851885,0.05565695668887998,-0.0001872933185327775,26,,2
528,0.16815927997176883,0.05897492459873701,0.04417250900408868,0.6557223827398138,0.03263969430949158,0.040331209376100116,27.178496900957086,35.45151032922976,7.8017161903207395,7.8017161903207395,True,133.2625599788162,6.962301347119509,9.388882274835348,0.001279839010970178,0.11808579973501071,-0.002322836099398161,5,,2
529,0.5120352062119106,0.052749963193842675,0.11453606437982086,0.26710050258098905,0.05019472904769821,0.0033835345857384444,41.29651023505754,37.51942543962519,6.929931461649233,6.929931461649233,True,100.7080084804943,7.404665241999764,3.4196760943844278,0.007106992505904136,0.1160270299497237,-0.0025906246974847953,-1,,2
530,0.4877903699167219,0.31409462789998904,0.011055922200446607,0.06288456098017943,0.0006207781707860925,0.12355374083187708,26.877117914512965,39.7809223511243,7.956600797136275,7.956600797136275,True,95.71518131914483,7.08067134267505,6.124938836196691,0.0014660543572590813,0.0399339197627633,0.0012353511874106176,7,,2
531,0.6418812428032344,0.10648212004155341,0.045737963000072705,0.11557741640202696,0.05190152948413752,0.03841972826897491,27.463814030426764,36.23958803499377,6.99512601510684,6.99512601510684,True,83.40674437837849,7.162216817179032,4.8291552673386935,0.0016173785254094586,0.036388108458449094,0.0005359271853862994,14,,2
532,0.5761487883955684,0.0398890931402638,0.09999488133561867,0.23263870112461554,0.005128087762353164,0.04620044824158041,42.164737511678375,37.52904291630873,6.6291025154547905,6.6291025154547905,True,93.53367223303283,7.398890495999586,3.7052018025353033,0.007746515045982445,0.12136677262188515,-0.0027000092481233653,-1,,2
533,0.4363809076819314,0.0038940603129126172,0.18648604280736764,0.2871529952083612,0.003430274327627622,0.08265571966179955,28.51043894759661,38.582064122240624,7.158619171420257,7.158619171420257,True,100.7685550464612,7.095184034698744,6.791888880705804,0.0017298876795768035,0.07470587519559481,-0.0004914615930049514,7,,2
534,0.29561523661854755,0.034629391718180184,0.0022673581778002703,0.6221873796657672,0.027060199650705268,0.018240434168999595,31.428099477488722,35.442102326768264,6.992937079671044,6.992937079671044,True,118.13065213099891,7.113924920306981,7.829745814745882,0.0022890336628612023,0.12332862289944602,-0.0027792189758555916,7,,2
535,0.5738486003002466,0.11033914968142432,0.07588495993427609,0.07820536445808908,0.050331887985230875,0.11139003764073298,35.92317095129403,37.9732148383507,7.34603952174775,7.34603952174775,True,92.28264522498573,7.25855211009241,5.05882896565226,0.004039927703731712,0.08910796041111395,-0.0013219187881021543,19,,2
536,0.46979064612911453,0.02175221014734065,0.23314935339805754,0.24686318282211467,0.0214463852606145,0.006998222242758133,33.49279078232622,35.97568224871237,7.726837422411969,7.726837422411969,True,106.71656420669169,7.268969660074756,4.344041616551298,0.0031126254365783147,0.06974241011711849,-0.0009617054361987011,26,,2
537,0.6038937769193181,0.08413859960190415,0.13506439089471983,0.100484486344217,0.0424338825159561,0.03398486372388481,25.094745050935266,38.715844056384384,6.921054859587115,6.921054859587115,True,83.01294917222424,7.134149756720663,4.744130729841768,0.001258944004275913,0.021047646644118546,0.0013141667181557834,12,,2
538,0.3893563077169758,0.0008827494793594041,0.03047742506237797,0.3117934484618403,0.21007168636297385,0.057418382916472784,37.732081577513014,37.361526014846966,7.522981585336818,7.522981585336818,True,112.78569702560415,7.250197203146672,6.5832996643856365,0.004729496922176156,0.14663958659445397,-0.003334136005927527,14,,2
539,0.6093639452504895,0.025058283807394836,0.22304549203196905,0.024928705573209118,0.040870543243623506,0.07673303009331406,32.6167545413642,36.48150026145465,7.727945651926783,7.727945651926783,True,90.7386842497791,7.245623550508641,4.1945310635320014,0.0028593835912800415,0.04738713781850783,7.360131631331937e-05,26,,2
540,0.7439113564698457,0.01987083026401332,0.0369596284185503,0.15252567228560002,0.025460796159398936,0.021271716402591553,25.89944898596694,31.70146399430116,7.053733872287854,7.053733872287854,True,79.4538647728921,7.123097562306527,5.142923081176182,0.001296331699139042,0.03178931953799334,0.0006165106489705325,12,,2
541,0.34801987614364027,0.04603647425972952,0.03915891746069349,0.4758083263514548,0.075796742038678,0.015179663745803856,31.878938884496772,35.18694560696097,7.444641960678075,7.444641960678075,True,116.50948461880712,7.153102752585783,6.9805738781360835,0.0024615067904292477,0.10961318985482695,-0.0022410465958653068,8,,2
542,0.3361261338457655,0.15306983814121936,0.15789506324987918,0.3049684661954269,0.01665269924879867,0.03128779931891051,27.992920570365897,39.66891519997151,7.820027298452175,7.820027298452175,True,113.40314342101597,7.1321964870704955,5.961495979607245,0.0016770243248143625,0.06351204170868277,-0.00023643461243010836,8,,2
543,0.7226362422224939,0.015999200445526624,0.1479827885346155,0.08871194679473232,0.0014318608594560856,0.023237961143175466,26.236268206323498,37.89327558864608,6.318099564656863,6.318099564656863,True,73.66535235711873,7.176844277418466,4.12826669427502,0.0014652601712027004,0.025612639786962668,0.00076675290047783,25,,2
544,0.6930328639518099,0.19722959766324952,0.018643107624498403,0.02369776539718974,0.03592519053816334,0.03147147482508909,40.29090295983224,35.27636946361946,7.336400604223465,7.336400604223465,True,87.75448578976412,7.418920975074124,2.1188884261082612,0.006357179267233696,0.05689478586095558,-0.0006052812560435894,-1,,1
545,0.2995462971797992,0.007837015981943075,0.04179365421203538,0.4302518182518949,0.11593734462342777,0.10463386975089972,43.79410568442445,39.86992530153502,7.084253821255845,7.084253821255845,True,116.54940240770468,7.307244317026606,7.285878484897029,0.008761896589970777,0.21751099865553894,-0.005483536334596836,16,,2
546,0.6111068893350448,0.04924701452663833,0.03557372114771028,0.2647596777384988,0.030568528846447236,0.008744168405660585,42.41396132840413,32.35781226945821,7.266117535894673,7.266117535894673,True,100.1077870416092,7.409873258715014,3.5567706818596627,0.007715431535955898,0.11184267100966057,-0.0024828122902889587,-1,,2
547,0.7167817823875189,0.04783213159859901,0.03853622384822091,0.014985479102703954,0.0872807084615786,0.09458367460137854,28.62988076744285,39.04739768940546,6.4079561755436405,6.4079561755436405,True,73.05793448748766,7.166030398899907,5.0185391432783675,0.0018913277822932759,0.05271726621712479,-5.5400728518488264e-05,16,,2
548,0.5091027044730342,0.02583482739690146,0.046133079131080335,0.1344040345044574,0.0822473764446576,0.202277978049869,27.227760492358357,37.769305240724584,7.450634629316128,7.450634629316128,True,93.0912245725685,6.960764278536274,8.700142783986712,0.0013498563544368008,0.08630900705023938,-0.00017257773114659432,5,,2
549,0.2932278536255249,0.04794402695058715,0.13523043753283273,0.40894156119873,0.034630162428563545,0.0800259582637617,44.541558934254596,38.28135261451445,7.6766078362057,7.6766078362057,True,123.65493292307144,7.3475754649506415,6.332265359503939,0.009497571360354807,0.2080923624181859,-0.00522590468849606,20,,2
550,0.5755061299907175,0.006451868720796097,0.01571278043381972,0.11521307412168129,0.18515833397406853,0.1019578127589169,33.7544407842047,33.44561264308068,7.969811824916654,7.969811824916654,True,98.09449691687476,7.184308831781248,6.332395104438665,0.0030360161033165397,0.09060059081819871,-0.0012766636834733846,11,,2
551,0.5998591549427583,0.07180089375818788,0.015598849545443058,0.20233160475583287,0.11035313925748753,5.635774029033868e-05,41.69303940948484,31.32776158573815,7.910613139493081,7.910613139493081,True,104.42697480001537,7.405443644367738,3.4176700959537607,0.007125251314700986,0.10133123237988845,-0.002115622461569097,-1,,2
552,0.6869059441421502,0.05607145763998124,0.10628793630564383,0.005782417240833292,0.09126239832361897,0.05368984634777237,39.28402838567183,33.25591846580135,7.874503306263704,7.874503306263704,True,91.19637195624826,7.375748859819844,2.9936652066408063,0.005676134005969123,0.0668598013958655,-0.0008500454381445449,-1,,1
553,0.5904246851306981,0.09325780985051789,0.035741826913251014,0.14137349778386457,0.09613544481432432,0.04306673550734412,37.52133741437289,32.82554297116984,7.9612649172798395,7.9612649172798395,True,100.4529609066122,7.314812393900588,4.313411760932972,0.004666477134706377,0.08555714204235088,-0.0014611969241782423,27,,2
554,0.08521357219487403,0.15472115391979563,0.06201083186944579,0.6638198023226298,0.02971490145945157,0.004519738233803184,44.2474650361867,39.170656732112505,7.816572667497702,7.816572667497702,True,144.83418545684336,7.343848222824534,6.987963904918619,0.009201610041471011,0.2581425117366866,-0.007088465414977749,19,,2
555,0.16171636940341919,0.04437396793934504,0.0433102044067526,0.5310940716328448,0.2045703603264736,0.014935026291164822,26.383875924748267,39.674197207340086,7.758521091487265,7.758521091487265,True,129.93482204628984,7.000945104896558,8.729795513806456,0.0012562156374251589,0.11386847331623871,-0.0019824212007567505,5,,2
556,0.8838221526736071,0.0773874743303626,0.021767622520397604,0.0026012467450955735,0.012153927150590002,0.002267576579947239,30.15255324527766,28.67578927192767,7.613723792376859,7.613723792376859,True,74.56865840448549,7.258278860571016,3.0689414348157618,0.0021156781354805926,0.01678311313887556,0.0006840664157690377,-1,,2
557,0.19451555591912387,0.014614026613259322,0.03964115436328734,0.6275397720645528,0.01726912702792824,0.10642036401184826,26.889730596820588,38.814512826897015,7.011549803276531,7.011549803276531,True,120.82872303946786,6.913295798720959,10.094593907733321,0.001205390010755436,0.12624413101144355,-0.0022995694362528485,5,,2
558,0.4681357255046219,0.023960972129069343,0.04768908679215383,0.08727534643822317,0.31067314687443676,0.062265722261494925,37.68987055712668,39.08057488660527,7.915519472357937,7.915519472357937,True,105.38061484065237,7.291313934061267,5.268398642962956,0.004856941443604791,0.11908339991422742,-0.0022813309628657735,20,,2
559,0.4317480259375354,0.0012912565244820242,0.01201866750362517,0.19442372694767762,0.3108863547355179,0.04963196835116185,40.890139532676486,37.512426399949184,7.830549675768351,7.830549675768351,True,111.30627126844252,7.32794687545327,5.596507458973364,0.00665567624658017,0.15631853210896607,-0.0035837276896266224,21,,2
560,0.5372520596388682,0.08844355733498542,0.09698115815905275,0.0453769104089649,0.22963655165345925,0.002309762804669621,32.74409985536532,37.832237781813234,7.942447739471897,7.942447739471897,True,98.46521223095517,7.295363542646231,3.3984904653891506,0.00294851046305306,0.04602388412204895,-6.298729620546507e-05,-1,,2
561,0.5662533469951047,0.14350520831011085,0.007120624266947706,0.24818099919626527,0.02514214995550233,0.009797671276069422,41.33138627011514,37.60476906046976,6.632762325529006,6.632762325529006,True,94.42132062836879,7.409209848960201,3.234478244860743,0.007155497004832911,0.10878757893344772,-0.0023787636076856244,-1,,2
562,0.42724690094182605,0.22109361093280477,0.10309433444998055,0.23581595771070832,0.001934020622961563,0.010815175341718854,28.66548763895104,38.8942071934736,7.618450433436269,7.618450433436269,True,104.38396906921855,7.193916684488071,4.652869174484721,0.0018642396772990846,0.04348604701796731,0.00021024206152927288,15,,2
563,0.5163399022137592,0.03101098047501824,0.04038007277332615,0.20091768958221481,0.08530412441318407,0.1260472305424975,27.605921239706745,33.842690162511545,7.888704128832873,7.888704128832873,True,99.07234255598244,7.02114318852773,7.76661347914693,0.0014393894699456103,0.0722198454597178,-9.387928595027766e-05,6,,2
564,0.7017711073959126,0.03947916467726639,0.02093876795227223,0.08972396980374985,0.03786511613440746,0.11022187403639137,25.649977566992643,37.79204329358936,6.365615422026991,6.365615422026991,True,73.6574212233737,7.074266203960965,6.117380461487865,0.001294158362725674,0.052691221208414914,0.00017809833594617795,10,,2
565,0.3412102365254834,0.013477268980957646,0.06031997891415771,0.4987946207229384,0.06906685181117017,0.017131043045292838,40.19719795406517,34.93244309465888,7.417360285887977,7.417360285887977,True,120.89836368486782,7.299423101248388,6.272453955163125,0.006056718943021563,0.16594235043836064,-0.004217378631704853,18,,2
566,0.3824876169004127,0.012139832796533528,0.12753368193972436,0.3432975703114155,0.020171631418965594,0.11436966663294833,33.016220338510614,39.54060388867253,7.040418772298908,7.040418772298908,True,106.12089464954155,7.137688251469759,7.444618443528957,0.0028250411615368017,0.11933933356234228,-0.0021917338439981205,8,,2
567,0.6251513981397427,0.09207559258319449,0.11060942239959785,0.06588948644208882,0.05971967125755425,0.046554429177821696,31.195190102400012,33.992518202840124,7.891119563794165,7.891119563794165,True,91.61301086649993,7.229028206955298,4.252447234177672,0.0024106515269473688,0.03997444337126613,0.0002706869063006225,24,,2
568,0.609419155874481,0.13934031848915726,0.0319252839094902,0.10210995506226896,0.09558826684465666,0.021617019819946025,29.384272764930813,36.252206705371876,7.315040327586263,7.315040327586263,True,88.44254341790244,7.21276215881403,4.286648397997005,0.002017486002405725,0.03788234840312466,0.00034525467958495957,23,,2
569,0.6276049565986994,0.001228883063506769,0.08498813929132172,0.0056068176707999426,0.0012324910719636217,0.2793387123037086,38.209790924665185,36.41270083253622,7.479109163018304,7.479109163018304,True,88.04613549728586,7.174356613199272,7.558999076609103,0.004820386164418222,0.13240175657486603,-0.0023854569848868632,10,,2
570,0.368755079088651,0.03572519459200927,0.061431722353508016,0.47753132481863897,0.055278664920754624,0.0012780142264382833,31.234225874727823,37.00247778289959,6.938774172523164,6.938774172523164,True,109.6499217420057,7.168087303551223,6.479073926556786,0.0023586263884800215,0.10178614755260366,-0.00200623004558036,10,,2
571,0.5263279265676246,0.21172523817633213,0.018248366961066763,0.1344283591084461,0.00015694589719048743,0.10911316328933988,27.16970564550286,35.979317713402324,7.857655072133659,7.857655072133659,True,95.22332566998637,7.073868713600057,6.450694221523071,0.0014662484642927946,0.048785953058784144,0.0006947564234430636,7,,2
572,0.5549222047851893,0.07301169277233745,0.03116958942418143,0.05004460070170044,0.0009779046419347431,0.28987400767465676,44.150232493681045,39.383473347837096,7.238632314232673,7.238632314232673,True,92.46374864422715,7.264188718077771,7.4323342938285375,0.008975602879408177,0.18153292919109368,-0.0038846197361652253,14,,2
573,0.23419530326239915,0.05217104763382468,0.07603901444998591,0.5433775609350617,0.019954294423095695,0.07426277929563277,38.840495126723845,39.3148056017062,7.1412399209743365,7.1412399209743365,True,123.10209912627822,7.228287300681288,7.682127078508313,0.005236228917732507,0.18420369105174006,-0.004636914300806285,12,,2
574,0.7305191895986832,0.0032762155715339025,0.03812737127814737,0.04734779858195043,0.15474250331628742,0.025986921653397714,39.39580053150188,37.274559926157536,6.4818530637216085,6.4818530637216085,True,80.22313720939704,7.394119594512439,2.8150834262345357,0.005932695631608652,0.07860328503571543,-0.0013672395803667034,-1,,1
575,0.5146730973185605,0.21612452112569516,0.047008216267744936,0.165886858168991,0.018201817994043197,0.03810548912496514,25.526708814309607,36.053722555485976,7.814608335551448,7.814608335551448,True,96.25557308564308,7.108410364914104,5.378651257936696,0.0012584709249291429,0.02551655729990526,0.0013260911608920954,8,,2
576,0.44589942990620085,0.041506872149972986,0.08405158784764402,0.148818535907088,0.16408276207268851,0.11564081211640558,34.54989630398762,39.21088102785701,7.708091450953239,7.708091450953239,True,104.37739772085503,7.186751057432641,6.659375998528509,0.0033942134605468434,0.11169258630151065,-0.0018351197044926854,10,,2
577,0.31560947587357896,0.03399464728976263,0.05556506129273244,0.41888873740895366,0.10226751147669058,0.07367456665828154,29.2879018258894,37.683780073429084,7.477221643332885,7.477221643332885,True,115.15432108046828,7.055864170372038,8.164848938981713,0.0017882749003712097,0.10846869562967777,-0.001745854771909968,6,,2
578,0.5334762382930579,0.11971369937246704,0.0202269195061257,0.13754892756037576,0.03327792303764904,0.15575629223032464,35.8129502323015,36.330781440819386,7.606100989365377,7.606100989365377,True,97.95275896757039,7.195570026046198,6.596830708199013,0.0038276187883144906,0.10909964366244691,-0.0018182670958552015,11,,2
579,0.1052057200009019,0.02239720107081937,0.0026734087074314797,0.6823005984690275,0.037692545219906136,0.14973052653191363,28.00313830076556,36.98024462013564,7.725053589296676,7.725053589296676,True,136.7897460901168,6.803702521357631,11.912840368970471,0.0011275858142385294,0.16368867019825217,-0.004984491850395834,4,,2
580,0.7021761311799811,0.005046885931352307,0.011994492809117213,0.08445178260806681,0.12602258937317998,0.07030811809830262,37.42277911364586,39.25779100205607,6.137083628192791,6.137083628192791,True,77.94566439419368,7.324558762346891,4.074286387136245,0.0048805702110442115,0.0957080910573514,-0.0018532730432549887,30,,2
581,0.43268578700655025,0.03978662663319663,0.13709800277827636,0.18854770805074497,0.05091158635761267,0.15097028917361888,32.32695836842569,38.68945406425638,7.700336793193706,7.700336793193706,True,104.63552191749547,7.113519603492657,7.45742955565116,0.0025911087242710476,0.10399586890739303,-0.0013793852221100338,7,,2
582,0.43747236376126486,0.05989109216036672,0.04330869150996636,0.3331214544940207,0.12610038119863343,0.00010601687574812878,40.05559134002567,39.96977227306566,6.6517079790128575,6.6517079790128575,True,102.4178307720547,7.366421674073782,4.3315970786095725,0.0063135195277091395,0.13831513875293558,-0.0033018926433845217,28,,2
583,0.6343432545506134,0.0914233786091515,0.035563474567586816,0.08980707269953603,0.14070374125029508,0.008159078322817278,29.861448287584004,34.58639407997147,7.515545698324965,7.515545698324965,True,88.94972557021246,7.226329520035111,4.127008833292717,0.002106727927629949,0.03712807777422238,0.0003006725915616157,27,,2
584,0.5285424247045492,0.20513037529613476,0.024171541627034932,0.19416235857081285,0.0220068810011212,0.025986418800347032,33.838933013625926,38.637752843117426,7.014200460302469,7.014200460302469,True,94.82909780076118,7.280846410885347,4.114999712443924,0.0033091848301743756,0.0699792502443417,-0.0009510142461432032,29,,2
585,0.34915485189645445,0.0419979850686593,0.09555996803969774,0.47533938777477547,0.008102456503704766,0.029845350716708206,26.716360509403057,38.72075635064004,6.786792167405788,6.786792167405788,True,106.1805731573043,7.060318430197549,7.285151857780843,0.0013870384053651977,0.08077755989061218,-0.0008248761061596236,6,,2
586,0.15247268984896398,0.13475461622901846,0.016465097600358213,0.563260043621551,0.05293098635279247,0.0801165663473158,35.430824628891656,38.01905266252059,7.989327227877107,7.989327227877107,True,138.01187340831774,7.128502207450701,8.939616468911883,0.003488824394684211,0.17725942487907903,-0.00440157790308628,7,,2
587,0.5176697567439872,0.001947612534613892,0.10137039246199564,0.24864109148047248,0.050511542462652055,0.07985960431627871,26.788056382238477,36.872972348393276,7.026603612483062,7.026603612483062,True,93.26748944767273,7.063928442820681,6.8574886728587465,0.0014032815782677576,0.06323160756428774,-5.717577707737416e-06,7,,2
588,0.6035634274096375,0.040239176244097355,0.0185001318429054,0.16780058587127922,0.016005221684968735,0.1538914569471117,28.003714237240036,32.68627753289735,7.643230186531332,7.643230186531332,True,91.11826638903048,7.02826617188913,7.600705934284631,0.0015080289288035278,0.0703016679515174,-0.00017890388858970987,6,,2
589,0.6596076288883822,0.0838656916494146,0.11747904564559594,0.1241925177122936,0.0036511351185260776,0.011203980985787652,42.33408419503359,33.9130970774672,7.347782385368497,7.347782385368497,True,94.1667593834477,7.446778183967819,2.180645890655274,0.00771776182421967,0.07192007245652181,-0.001123344464404932,-1,,1
590,0.4489893361561605,0.013673417201701123,0.19311799320965803,0.31293148179127983,0.014790066126769898,0.01649770551443094,29.23539987408685,37.11522940809597,7.246695910365344,7.246695910365344,True,102.71403147543039,7.166297859834635,5.564303467920359,0.0019300206084919976,0.0637551378933163,-0.0005004808157033078,11,,2
591,0.5409738125530557,0.012128588001893028,0.0015932919735237158,0.08842493676707112,0.3307640927154967,0.026115277988959882,32.52399587087594,37.8254958527839,7.490444893355321,7.490444893355321,True,95.58788503203813,7.235762636237485,5.034743381855331,0.002825782262797865,0.07763818550283981,-0.0009683368337110609,18,,2
592,0.45437240749710284,0.030315977678713392,0.009279460949893053,0.30067324053357936,0.048299748618327164,0.15705916472238415,38.185033585628155,33.19484534589641,7.930156319921686,7.930156319921686,True,112.2640330746219,7.185306651728417,7.908798494266946,0.004676254102093041,0.14544306702081528,-0.0031113344043495143,9,,2
593,0.3664605301957351,0.007401225705261556,0.14892867614657954,0.34150845933965873,0.005353121331330618,0.13034798728143424,36.85693580857276,38.01161023647729,7.4667219007150525,7.4667219007150525,True,113.03385915711193,7.188422195645535,7.500519918859302,0.004223373414616599,0.14445366335210202,-0.0030769396601293087,10,,2
594,0.6485867229731392,0.0283229404191061,0.12385007490198366,0.12546545418584798,0.033696864305296934,0.040077943214626134,31.764301388072028,32.715524697237534,7.642090817024852,7.642090817024852,True,91.0817341873662,7.228599769129088,4.510257408879231,0.0025328196987940642,0.0493377427431829,-0.00014971014758606417,21,,2
595,0.6435570738811766,0.14257944265845582,0.025006757148987056,0.0506130106190114,0.08226635005673019,0.055977365635638945,36.740319042036376,35.84641047035075,7.397550078710646,7.397550078710646,True,89.43880020368763,7.325594184319745,3.6274701011465913,0.004437221547539405,0.0697287915070636,-0.0009193614438274315,-1,,2
596,0.26483922448021996,0.028118497272507148,0.058583163511785,0.48038602527463264,0.031296372655730986,0.13677671680512418,28.95582557210806,38.45129466942624,7.350976659137076,7.350976659137076,True,117.71072602472714,6.972588769849505,9.59638716869643,0.00160574564288243,0.1270283076042804,-0.0022198569483511325,5,,2
597,0.49438165727540717,0.00976605089058321,0.2273405268286447,0.141859204050378,0.022702436699972788,0.10395012425501417,30.42575809470871,36.905607730508095,7.889559837577927,7.889559837577927,True,100.57111798599469,7.141127601140148,6.106746273626405,0.0021582418304524785,0.06609712147986335,-0.0001967838811805103,9,,2
598,0.7296096761706432,0.09694449469936203,0.02740791817855747,0.045395161071376214,0.04163552603663287,0.05900722384342819,31.110946065932204,31.50092215984804,7.730881943557659,7.730881943557659,True,84.03141828470278,7.217643202651322,4.41428494008672,0.0023476111556997715,0.04120502654678502,0.0001550318330844414,21,,2
599,0.3152081619100832,0.13872140058122134,0.11486802483757434,0.3865086810445447,0.042573006176713286,0.002120725449863172,31.56179976742534,37.2154457445621,7.949133486546516,7.949133486546516,True,120.7673600435581,7.195728431466378,5.814654844154,0.00247222013017761,0.09262277931352973,-0.0016568798172897916,11,,2
600,0.526212322987997,0.1255805534049162,0.07516706341203837,0.06241879292589936,0.04769209749988938,0.16292916976925959,27.1913234360743,38.9089570496034,7.638941153395104,7.638941153395104,True,91.33473599356748,7.035013817481696,7.1871672074381285,0.0014590077293742463,0.060974766475997436,0.000600156445686489,6,,2
601,0.614411264910282,0.08797968551195018,0.0030896890931808793,0.27149589556605574,0.0018211340138608607,0.021202330904670236,40.83578593129303,33.59780011665285,6.946993474833181,6.946993474833181,True,96.13009797985663,7.378145139620905,3.8846131957054566,0.006631583505611907,0.10934214582603924,-0.00241235238846399,-1,,2
602,0.6146985795715116,0.03101608477462796,0.03247155823667538,0.16769213281615994,0.08120782933906796,0.07291381526195703,26.988904501460503,38.522238784093794,6.450347736087631,6.450347736087631,True,81.60712488814484,7.10817307052886,6.013032746822757,0.0015138433057511023,0.058372129563091533,-7.439841058183288e-05,10,,2
603,0.6896817444667652,0.02679847945543022,0.055412659410811096,0.10514052177225926,0.024602223383516152,0.09836437151121806,32.46778187867415,38.61286244934024,6.252639223806488,6.252639223806488,True,77.45571651202602,7.218989512987011,5.03824119784407,0.0028529166075885893,0.07589904655932912,-0.001031205778296736,18,,2
604,0.6262864114445352,0.11111180858839771,0.0689942715101968,0.19158797350315512,0.00033010434747580666,0.0016894306062392541,26.373339144462285,36.6225444445749,6.702424070465187,6.702424070465187,True,83.79043381416523,7.165146687922051,4.550317626970955,0.0014451212760449843,0.029353732189668854,0.0006875079387242389,16,,2
605,0.12653447661670178,0.03147731938154287,0.06828013477396315,0.6091809670355767,0.053058267548234374,0.11146883464398118,31.500341936297016,38.63450496249036,7.735437701780987,7.735437701780987,True,136.00712809487104,7.00417514413915,10.182852866475224,0.0021304045534463155,0.16656369583234942,-0.00400433096986066,5,,2
606,0.6896421222614555,0.03432881772604116,0.10268413009280854,0.06374517315319447,0.0054227837783197555,0.10417697298818056,40.182279637324164,39.613306991406205,6.29554940995707,6.29554940995707,True,79.58643078550914,7.3624933840384985,3.696448230483852,0.006456588935242245,0.10102716990204026,-0.001976192281960015,-1,,2
607,0.31131835807225033,0.019718369408581904,0.1321699452409242,0.3951565541175479,0.1385847065281111,0.003052066632584603,35.5614180798172,39.67682638405556,7.351801817082734,7.351801817082734,True,117.05934244079278,7.259931094182712,5.780671033562235,0.0038719229137872293,0.13235382454737113,-0.003048473873764131,17,,2
608,0.4578233123724683,0.14857957649530512,0.01361036050091464,0.3518514887497217,0.0024773823658283374,0.025657879515762073,36.47247205200997,34.16074760288482,7.555696222335955,7.555696222335955,True,109.8074193806752,7.272062067287867,5.345670929134542,0.00415523147211552,0.107566842956392,-0.002274463962628105,18,,2
609,0.6298161750887084,0.24735445678848725,0.038703799154977105,0.06200733777277552,0.0038354977867392412,0.0182827334083123,43.83685651909693,38.36172203717861,7.053978641613997,7.053978641613997,True,91.08028549976834,7.484687332149794,1.4161852171043567,0.008989898635030294,0.05385984842232582,-0.000359649481278501,-1,,0
610,0.679182260964703,0.0802802805317865,0.11018866847215977,0.004977762653944489,0.09440928381115704,0.0309617435662491,27.24967282423069,36.249430784825236,7.3163805468360605,7.3163805468360605,True,80.60788797149722,7.193404101776748,3.9142486160997465,0.001610626648919251,0.016888628632903257,0.0011903863965872425,-1,,2
611,0.0646475059462071,0.12087088597344764,0.059310990919833856,0.6534437105109527,0.07966072168375013,0.022066184965808536,33.49054712739786,39.783404291845514,7.913787120442845,7.913787120442845,True,144.88950320341408,7.125665564439423,8.668566683121963,0.002881178422897877,0.17781960626897642,-0.004673418926944497,7,,2
612,0.3176084936914313,0.07463951786202018,0.09065956601547302,0.3058019555504081,0.19475653164847664,0.016533935232190627,26.821972003294327,39.04928145700981,7.9906366910213675,7.9906366910213675,True,116.23544528734836,7.088768847883664,6.766386516435279,0.0014280065856247949,0.07295559086757106,-0.00041613249684015863,6,,2
613,0.5322894655850257,0.17080223957564694,0.03748246710709182,0.18117451218449865,0.019764248019344934,0.05848706752839184,42.504176268434904,36.09281679077566,7.519103735994399,7.519103735994399,True,102.25598454272816,7.3963083120434,3.7751166928113653,0.007916284889382763,0.1198162274478202,-0.002544703562809174,-1,,2
614,0.4807650840125622,0.04559681038954768,0.058198821062045165,0.2563611405310039,0.02009867488512393,0.13897946911971717,28.42417269961715,33.965750178103804,7.847971350701565,7.847971350701565,True,102.83567588240943,7.019680998215237,8.058258373970727,0.0015644923501609473,0.08181284293932517,-0.000488673623267161,6,,2
615,0.5634991012395256,0.13942286964547557,0.048655023542005384,0.02768382653443178,0.07973264348988704,0.14100653554867457,40.97025688205352,37.23829292462486,7.869958890469591,7.869958890469591,True,97.38155039765887,7.322351137476151,4.962661989065063,0.006737791574240899,0.1191581928601575,-0.002218915905029014,23,,2
616,0.1779157436696029,0.09702638317933453,0.07229872988937562,0.5918792533165989,0.0090999448679894,0.051779945077098516,41.93286300822909,39.44911171531429,7.334051045607919,7.334051045607919,True,130.55790614417015,7.28937789209416,7.333832813251054,0.00725088468818096,0.21692744541381087,-0.0057220436454295115,16,,2
617,0.7071214202519336,0.003864717146984429,0.12658949018063514,0.09986126291148655,0.0523214202133635,0.010241689295596663,35.678631514441285,32.724157743829124,7.351585765191853,7.351585765191853,True,88.13692429838582,7.3315889906945735,3.196372502210647,0.003914142395540188,0.05381591378600714,-0.0005630374695406863,-1,,2
618,0.45146341280976127,0.0568605614883898,0.07388898168862403,0.2721194231161998,0.07109946060978517,0.07456816028723989,43.4791494695568,36.96719026117806,7.398857572265507,7.398857572265507,True,108.17842956047255,7.369254079709438,5.112984451281923,0.008647282415448187,0.16244707197198946,-0.0038300172171519538,24,,2
619,0.49270787453763465,0.013219558511702176,0.033864351788289254,0.11938494419415652,0.30896792580930804,0.03185534515890941,27.01439665085976,38.9745978565994,7.508148186201606,7.508148186201606,True,96.0834317675003,7.1204880397275785,5.97989690747263,0.0015093472712508387,0.05604742595155705,0.00021126027121929014,8,,2
620,0.7763858483877433,0.05658863024876332,0.007972732277096365,0.06896915051750732,0.007153939055927574,0.08292969951296209,26.56297342560042,30.833391714515514,7.405304229189087,7.405304229189087,True,77.05421841434692,7.102162253159675,5.562427898159203,0.0013689258929809635,0.03758466842535023,0.000506396877475491,10,,2
621,0.2573585293267089,0.2442333734922849,0.00261571765610563,0.47154399889465315,0.0013962966633507157,0.02285208396689674,42.78651865768803,38.90331121221263,7.570540121978627,7.570540121978627,True,125.72581908206918,7.362217836861248,5.467410775851546,0.00810667916029627,0.19177928122945256,-0.004937486182785497,23,,2
622,0.42695640358231746,0.17113361183272316,0.0979232190923341,0.2450176294284762,0.011102814730910206,0.047866321333238794,41.256118613814174,36.57397013015361,7.974477271428614,7.974477271428614,True,113.93886963165554,7.3654072981416645,4.332504247775894,0.006956690218455438,0.12920318986450008,-0.002852744616676967,28,,2
623,0.49649021666546306,0.004425717551042874,0.0693512342156133,0.1390652715408814,0.06823576470506597,0.2224317953219334,43.38162568215943,38.98075488333667,7.283219744205894,7.283219744205894,True,99.3037847465653,7.274205437047986,7.241242293141423,0.008346410902142685,0.18077724018754218,-0.003995644077457993,15,,2
624,0.5321896495477966,0.010637994103301403,0.12461136638789981,0.17352110997238504,0.0804729288009873,0.07856695118762996,33.43210106106567,34.306593989904435,7.882846892428478,7.882846892428478,True,101.5213864236205,7.202056854889386,5.801031794477722,0.0029800594180025798,0.08245749159561269,-0.0010874784787194218,12,,2
625,0.6236097970160227,0.010631947952421046,0.10587243723368034,0.20900187897595315,0.004698166486036664,0.04618577233588618,27.96764476665841,35.70533212777066,6.753540961980517,6.753540961980517,True,85.5834372251845,7.143027862458819,5.4832043069076,0.0016764238052384922,0.051160125211995124,-8.750056088165712e-06,11,,2
626,0.5469956749197511,0.14695869489217295,0.09149547757972533,0.025733201623396252,0.06904416808526675,0.11977278289968753,38.73890432478809,37.90675152111792,7.946509907040971,7.946509907040971,True,98.22267405371839,7.305384433274689,4.655766438297552,0.00541044581506358,0.09809347591612386,-0.0015654718863532598,24,,2
627,0.6469605083126705,0.009069298101044659,0.12793405081448997,0.1622021128833203,0.05267373737641164,0.0011602925120628837,37.675804255902776,32.632925539746644,7.491133823090251,7.491133823090251,True,95.30335443070642,7.357199568910508,3.2686904643693957,0.004794196750494982,0.07026057456716316,-0.0011363395913216335,-1,,2
628,0.32660510467469295,0.0833911847425176,0.13936225480303416,0.40512908587598095,0.0332291478781149,0.012283222025659336,28.344910875621007,36.6991995064738,7.807537628914593,7.807537628914593,True,117.21249292406485,7.11557362300778,6.551477792210845,0.0016850866069205955,0.07735591420265214,-0.0008789471250694478,7,,2
629,0.5231965399264528,0.00029245546039043043,0.010670192364145568,0.052936314617262635,0.29493509734276413,0.11796940028898456,27.594446008935638,37.656456977499225,7.840906466709392,7.840906466709392,True,94.35965011269744,7.0494553917415965,7.361558855101084,0.0015165431063096277,0.07201714707646943,5.418386443540713e-05,6,,2
630,0.3007923464692588,0.016734034066387436,0.02949772373373518,0.40528880436517767,0.242326108775374,0.005360982590066642,37.879031256589734,36.52522910227167,7.926565137350115,7.926565137350115,True,125.66470810272337,7.265946268929274,6.509111984001549,0.004788021751778784,0.15978116245880267,-0.003941264045759539,15,,2
631,0.1629802000615075,0.11816069047857712,0.008088692870152488,0.6633771003698552,0.0036450180016347937,0.04374829821827296,43.37213578335647,36.99752732577636,7.491650834708472,7.491650834708472,True,135.9467079796908,7.299089354608411,7.663292746970647,0.008248707212831878,0.23239869669856836,-0.006259870467178757,16,,2
632,0.3462309404343552,0.06861960869333567,0.06208993023858748,0.3955204200379393,0.031754319135674045,0.0957847814601082,29.453967947608234,35.613778624464246,7.814969810596437,7.814969810596437,True,115.80354894503543,7.044939107719009,8.219661476943077,0.0017830938494921428,0.10200833500438052,-0.001456370304269138,5,,2
633,0.5787450786095398,0.028627522814611426,0.0018249361299592659,0.15738163349576054,0.21352221178250153,0.019898617167627305,31.409065941320904,33.593619429639794,7.7187586858850725,7.7187586858850725,True,96.74041653389816,7.206731276014614,5.236371568999966,0.0024195654628593063,0.06575760886457976,-0.0006401576092970317,14,,2
634,0.3883646056983826,0.12115932556581066,0.007939092213651907,0.2737501523734865,0.17946499065184107,0.029321833496827304,34.65461027475989,37.07816673384747,7.919926449393549,7.919926449393549,True,114.29644009132979,7.234314461160701,5.864434573083276,0.003455000788423928,0.11088996341679364,-0.002182229852359629,14,,2
635,0.48716198879856637,0.16480226725539593,0.0019456277409815698,0.209838390682547,0.13580600380555458,0.00044572171695459964,30.613694048615812,37.920975128538444,7.345102489261069,7.345102489261069,True,99.33123630517343,7.22422528169472,4.687690771660098,0.0023076285395369264,0.060811618659637016,-0.0005162452839450473,19,,2
636,0.43117777162574145,0.059949227332239535,0.20179488089070255,0.24597511931314775,0.01915509498737749,0.0419479058507912,26.711995971646644,37.79968045443428,7.665869014501111,7.665869014501111,True,103.6985325105795,7.1071857054048175,5.93714823698957,0.0014348458050698085,0.04705803353406137,0.0005128229019718152,7,,2
637,0.6084922577412227,0.11722433691426094,0.08840210623195241,0.14822189442851955,0.03410089693733164,0.0035585077467127843,37.48483404957301,33.22806299745338,7.761418507502941,7.761418507502941,True,98.49943459421702,7.3601674556223955,3.066008872039184,0.004715015383513259,0.06479082188078364,-0.0009354134569458652,-1,,2
638,0.3949507693481978,0.07479710401088903,0.1233615435001392,0.3374593626097689,0.0023156840699897073,0.06711553646101526,37.519329373007096,35.88247785670851,7.761538827188399,7.761538827188399,True,115.08808580522621,7.256135043354533,6.071949012403155,0.004615603754401261,0.12802027788327067,-0.0027770890028691337,15,,2
639,0.6191456084584503,0.08723259148373774,0.09728931939208434,0.11861674506691341,0.06477774869093174,0.012937986907882325,35.83272484656626,37.75638001745155,6.883055988572877,6.883055988572877,True,88.73448429435197,7.339778949614984,3.144105719357034,0.0041085929915849135,0.06346838022934101,-0.0008485048454397196,-1,,2
640,0.6022330009343806,0.11235465604429504,0.16774630188861173,0.02817873017082915,0.016932749739821368,0.07255456122206211,27.9360895958319,37.423811542830755,7.603897360060464,7.603897360060464,True,87.13187983595483,7.169065304011413,4.55047706803665,0.001716148259116722,0.024939270555645716,0.0011301926829531453,15,,2
641,0.10107228850722495,0.004276007103253106,0.08820295950180354,0.643890878766902,0.1230713244363228,0.039486541684493726,28.125049471723614,38.33282759135296,7.836838846024685,7.836838846024685,True,138.69191279399354,6.980670027415297,9.653274844029047,0.0014619390117490358,0.1417857283326759,-0.003277527012260519,5,,2
642,0.5389479803532926,0.07378037428573239,0.08853360712545687,0.15738492590605646,0.09369567222266194,0.047657440106799745,36.7835163697505,37.21142436369904,7.340126295170544,7.340126295170544,True,97.78864139316288,7.305623411813883,4.405440432783396,0.004443045675622071,0.09203970265625849,-0.0016301891496450541,26,,2
643,0.529196205892979,0.04900134545274057,0.011481626053934001,0.3668042397393879,0.009458877149756071,0.0340577057112024,34.59296851955649,30.590798831893924,7.725163623583756,7.725163623583756,True,107.70100301035936,7.214180621394392,6.053124735481508,0.0032692895494861674,0.09439242440702383,-0.0018205836700109549,12,,2
644,0.5719131045017287,0.09622546351560339,0.07071276998970566,0.21606694679253421,0.041261485606340506,0.0038202295940875796,32.74433723515383,35.647476539504055,7.1258949540158945,7.1258949540158945,True,94.42239556865601,7.264876985177926,4.205165518257581,0.0028919524052944024,0.06188898716596667,-0.0007279790063515107,27,,2
645,0.3057574855146268,0.05736965835179839,0.06447718475920074,0.42825137114370787,0.12195449005155093,0.02218981017911537,38.74063835890229,38.7286486446322,7.351823283076057,7.351823283076057,True,119.07921519386325,7.287804131747933,6.128871348085203,0.005333257758519485,0.16164855762682634,-0.003986156444394601,18,,2
646,0.30824904751739823,0.003273219450365201,0.11834144508990425,0.5110826747451659,0.027847945494801934,0.031205667702364385,31.65368183600179,38.86322055553538,6.85762273905829,6.85762273905829,True,112.70692557877602,7.147113013333529,7.131167166088406,0.0024522735176502413,0.11756526752504173,-0.0024469671982619407,9,,2
647,0.2979872072069174,0.020658387089317196,0.21956786328532515,0.3572229789382364,0.09226872070907458,0.012294842771129234,27.431360324351566,39.77737699196409,7.751680812034988,7.751680812034988,True,116.96764462176495,7.1130308684716015,6.4220576660689055,0.0015561591949051626,0.07382760063954455,-0.0006138610094326154,7,,2
648,0.4299181357072625,0.01436822329216144,0.17306195428002383,0.2523045459895216,0.055326595767753665,0.07502054496327702,42.191116406648355,39.30422111453527,7.271065912637107,7.271065912637107,True,107.01883921337028,7.356871283513984,4.967339597568488,0.007700499913475198,0.1531769094836006,-0.0035281106201804774,24,,2
649,0.45685741419072273,0.011735964821084877,0.04519597377958779,0.4660459532735443,0.013909485952895262,0.0062552079821650486,43.597616682161416,37.79332738683489,6.270549271726122,6.270549271726122,True,101.71636257221397,7.404849966427888,4.48706139348352,0.008888467302810878,0.16597379113229932,-0.004227623763724264,28,,2
650,0.4318189115448907,0.1126860805122572,0.11352721269731504,0.17564328285644443,0.12155083493342382,0.044773677455668674,28.051393597141686,39.43526427108142,7.747425311483767,7.747425311483767,True,103.2881854027489,7.1407245207525065,5.687921616732181,0.0017042231363223644,0.054231155143083784,0.00019597709653432625,9,,2
651,0.3754073170539926,0.06875024488483242,0.08653929248514561,0.3474694384888646,0.02518954274487664,0.0966441643422881,39.776039249121496,39.7415019892247,7.057731859510175,7.057731859510175,True,109.14611528857297,7.277062888947599,6.394485967993314,0.005923666690692319,0.15923045384518453,-0.0037090202151548973,16,,2
652,0.6972327752948282,0.046594107759845495,0.06569457771134829,0.1675980911155993,0.012189648601672787,0.01069079951670593,29.25480568774473,38.37121359687853,6.046632185516976,6.046632185516976,True,76.53635531029181,7.223744840460824,4.115326489506632,0.0020527178689147777,0.046653765617014384,-0.00017724494013277636,28,,2
653,0.6121783524794168,0.05893195317348371,0.1518750939509191,0.06334725409730961,0.05947328530277126,0.05419406099609959,42.344261620099736,34.79048158611977,7.830869883005127,7.830869883005127,True,97.92201228385602,7.41930290338149,2.870644087606775,0.007765359637298103,0.08886443289225439,-0.001524583542679857,-1,,1
654,0.5023431874854486,0.09731694891023818,0.03968147747384118,0.30207525968551224,0.0011385726339789614,0.057444553810980965,33.3382359364404,37.56337328519841,6.778234303042658,6.778234303042658,True,96.66093860654199,7.214008815999399,5.713747824156408,0.0030348452476067845,0.09347572556756086,-0.0016327665134621458,14,,2
655,0.7704902895299094,0.07983969911201944,0.056980172632525,0.012371492440936726,0.07822216853950559,0.002096177745103972,33.32396542558021,39.134678140596236,6.148773517104904,6.148773517104904,True,72.39295273891481,7.334868178647584,2.3866986476738723,0.0032441194166637514,0.03624649531190419,-3.488072570767158e-05,-1,,1
656,0.6292842932868015,0.0456630494244816,0.04789997258295237,0.2185868658547631,0.034012623703762304,0.02455319514723906,26.285295366282394,31.47139737782368,7.569863818815588,7.569863818815588,True,90.88254383941418,7.101392695698914,5.753557427549622,0.001313216423989019,0.0371002625580472,0.0006169167309256129,9,,2
657,0.5273558571884611,0.03730428447957799,0.15604044292969174,0.026549220197762558,0.022741437464210302,0.23000875774029622,35.63737887249884,38.91673096110759,7.807633734801998,7.807633734801998,True,95.91936364554343,7.148602028385275,7.3553638826760475,0.0037238642193889956,0.11442889476766598,-0.0016245581748593712,9,,2
658,0.1397007687005484,0.03003319717623792,0.01846114298663709,0.6544630655870315,0.13254466262267,0.02479716292687511,29.04305412615041,36.62729213519408,7.7590685443711145,7.7590685443711145,True,136.09749677795767,7.014033574678561,9.304546105046528,0.001646701812104859,0.13946008849212668,-0.0032930956735436425,5,,2
659,0.6524602653940667,0.1434036041645701,0.1025300164668547,0.027442361525776022,0.005165903105282207,0.06899784934345045,29.190725656410407,37.310389588387096,7.210980866380067,7.210980866380067,True,82.3596889977696,7.200381290429619,4.236520432095588,0.001994581475572378,0.031430120153153086,0.000682668058112331,23,,2
660,0.5662737549374629,0.1696622018094087,0.005984762383809218,0.018808907018878596,0.23864208138704304,0.0006282924633976385,39.461828208692616,39.75409659392817,7.467162417519144,7.467162417519144,True,95.30752475880145,7.418850982803948,2.192497151736514,0.005977125546361157,0.0677271719240109,-0.0008887143709451035,-1,,1
661,0.4101782690281203,0.10160915830482718,0.012115381527497976,0.39095749404887614,0.010279717597227548,0.074859979493451,31.952004990681473,35.76989812002793,7.303515785318974,7.303515785318974,True,108.35872068808622,7.1340541850266534,7.180927195756096,0.0024735213188661434,0.1044843605214111,-0.0018493816201066687,8,,2
662,0.18464611267419898,0.06474684248343839,0.020029061436971696,0.5231063908102827,0.06585900216263817,0.14161259043247001,42.545048835677136,38.03308343397069,7.8568922843951166,7.8568922843951166,True,135.07002089460204,7.215260277823385,9.31943770074115,0.007339668586460988,0.2336923938320744,-0.005944902848524336,10,,2
663,0.7777119035373131,0.06763044963836883,0.0061431932172717535,0.09819419802736389,0.005376607911070537,0.044943647668611884,27.22900974046969,39.858301681710486,5.635180627798816,5.635180627798816,True,66.93479977713523,7.182574359819074,4.3906426596345405,0.001671811279901268,0.04582623090632041,-8.623423528775602e-05,23,,2
664,0.7275035726722814,0.09983447748960969,0.02105496616948707,0.12336045750539218,0.015403375282295202,0.012843150880934491,39.72253328311893,31.2881457971399,7.42935823215597,7.42935823215597,True,90.4541866614802,7.393923403723708,2.8131424498422475,0.0058710930140080135,0.06821522659912206,-0.0010860526463505288,-1,,1
665,0.6231396192796345,0.12369069911532071,0.09072030564421245,0.12240131095520831,0.015544039616562158,0.024504025389061893,29.34362025422574,35.95582314035212,7.195778264528632,7.195778264528632,True,87.29245825051878,7.214432941767212,4.160816606766478,0.0020092164998072363,0.034491866861297585,0.00041930545462984584,26,,2
666,0.7185089649944566,0.003981313834656923,0.07798413679581402,0.11048496343268042,0.008710986546782774,0.08032963439560922,33.36179361339572,39.22117465467057,5.979288237726691,5.979288237726691,True,74.8469338212764,7.255307427206413,4.462043868370947,0.003191697424591753,0.07531534026676714,-0.0011437598265223296,24,,2
667,0.541702049266,0.09626885798434229,0.10255277286717211,0.022675625058025176,0.1674135248856109,0.06938716993884954,39.974733351129025,38.54975088288201,7.874835239470335,7.874835239470335,True,99.36911346743224,7.364847671108459,3.6737491589426403,0.006223323885148412,0.09718014938258315,-0.00166511485909712,-1,,2
668,0.5526004038687529,0.08886994579514235,0.008181723658337013,0.18745291155371102,0.0016384883377006502,0.16125652678635594,36.10168212724716,34.21707368216653,7.597192465983747,7.597192465983747,True,98.71256061280921,7.186874507300857,6.91984123951274,0.0038675553610908356,0.11318859569082614,-0.0020245117911440146,10,,2
669,0.389102991911808,0.040879666262567754,0.28710862851555846,0.25751078487838064,0.0008018024368529053,0.02459612599483222,31.888193219284545,38.979590694275025,7.791608178726726,7.791608178726726,True,111.2278472704078,7.230161405417921,4.815144011651266,0.00264021598920755,0.07003544675842403,-0.0008032436006618702,19,,2
670,0.6771805644586564,0.05581257799853542,0.012926117652313102,0.02211815258253451,0.039690476947805295,0.19227211036015535,39.14018193490337,33.599437666849944,7.645300578587952,7.645300578587952,True,88.5588515482343,7.2559283456708386,5.9879940415014135,0.005412972741718361,0.11407939218362749,-0.002072332763689845,16,,2
671,0.515221994361754,0.26549709466631755,0.033473874768031424,0.14776790345880272,0.0034977327673434665,0.03454139997775089,30.103261042240778,39.0681700058914,7.340505824488191,7.340505824488191,True,94.82835078428475,7.221929481943558,4.266410209948187,0.002211084349560893,0.04244166820183403,0.0002066956073251724,24,,2
672,0.3439183136711426,0.01613104969337819,0.13993321927609018,0.3240288277341595,0.0011393112372406224,0.1748492783879888,44.95996055469504,36.793030918029615,7.9962202625715815,7.9962202625715815,True,121.4343288587989,7.290240476445913,7.703594950052532,0.00959013110783807,0.20949289201389726,-0.004979022898186953,14,,2
673,0.7259401507598074,0.15327854559393517,0.019846619182968914,0.08535574470632903,0.006373746538631159,0.00920519321832821,36.20563403673941,31.294011578010366,7.661235642919453,7.661235642919453,True,88.88603333254191,7.347681499513922,2.823418574404017,0.004092999870655796,0.04541918711505891,-0.00032225174737192055,-1,,1
674,0.6172300282230536,0.08556045303398754,0.06276528671426455,0.19760441007124305,0.00017122512341350343,0.03666859683403776,41.02086534123098,34.438060562315385,7.1242663883845605,7.1242663883845605,True,95.22672652486553,7.387796087462618,3.536356290950408,0.006799389079956807,0.1011459885152566,-0.0020785641740784897,-1,,2
675,0.6923967730621786,0.03371524842408942,0.04480075680010695,0.15446708670978038,0.03596217454456526,0.0386579604592794,32.73725635257867,31.73031747314151,7.372930587320517,7.372930587320517,True,88.52554233153926,7.237468088857947,4.6585397592724345,0.0027931082203248078,0.05917484459219895,-0.000586949679161215,20,,2
676,0.7078754860849572,0.1735382863880708,0.02001470197618462,0.027477306089634633,0.06609460864251863,0.004999610818634039,40.518559376965705,39.497761851737096,6.436018126141329,6.436018126141329,True,80.53367075613008,7.445048922983108,1.5592390978344652,0.006613099605314168,0.04870270169435058,-0.00037141267323745396,-1,,1
677,0.36534472596897477,0.07710223960176421,0.0024148872597472893,0.2298520826533765,0.14989579419716495,0.1753902703189724,26.106290822353014,39.573699964766234,7.7752623201312625,7.7752623201312625,True,106.9486063572247,6.895530742755091,9.647322166932975,0.0011063836548961393,0.09509262654734327,7.740940319894753e-05,5,,2
678,0.38674061441937063,0.04582343253532195,0.07553082439771176,0.24818715775795577,0.24370798235865923,9.98853098060046e-06,36.76956103283062,37.63395760179973,7.98853388716962,7.98853388716962,True,116.0125707032159,7.301573938458824,4.969467339059031,0.004400620162765972,0.1195259657673322,-0.002574867223121144,22,,2
679,0.5247465397475987,0.04264094769940097,0.021423335630603224,0.31064912461332794,0.09278384589827149,0.007756206410797766,39.602917996420814,32.26875309922417,7.646243671889121,7.646243671889121,True,108.1994974565819,7.3376345853398774,4.72393425251001,0.005736218386249786,0.11759518728674931,-0.002661511755570453,24,,2
680,0.46006177567201556,0.02069405777089068,0.025503122426018387,0.4072354768188638,0.08566113008990373,0.0008444372223077775,36.92659553928475,35.96907171704564,6.825530249396228,6.825530249396228,True,104.66347270875322,7.286592720592376,5.389681097389681,0.004424037678691731,0.12272302991003835,-0.002849454281669018,20,,2
681,0.5156717132585498,0.04094678019569516,0.25099296024179557,0.09260938098066027,0.015325935490290247,0.08445322983300903,36.150689170340634,39.300460299086566,7.580679537726258,7.580679537726258,True,98.52681949317953,7.289520479484819,4.331759289633043,0.004195283888408594,0.07989679085538752,-0.001073926108140957,26,,2
682,0.3684792139961602,0.12427981514680367,0.011901160325447937,0.3358385662445939,0.049573858054907834,0.1099273862320865,25.445459846624598,38.50611363849106,7.38711775010406,7.38711775010406,True,105.83380813080979,6.960731855252697,8.465634176382748,0.0011067833854507506,0.07745434167804989,0.00014839101697147923,5,,2
683,0.5206014675115883,0.019027078648024127,0.07689971237228706,0.05858582932749188,0.016479188432198533,0.30840672370841005,28.657054078550573,38.157080796519764,7.691866510207856,7.691866510207856,True,91.89521944870445,6.9009880692642485,9.901463103019355,0.0014735212265738781,0.10839029951181199,-0.0007548247637186692,5,,2
684,0.4455712989722645,0.058148529057684833,0.24694565804709978,0.1398533270062066,0.05334933028372746,0.05613185663301663,37.3088913776943,39.04547981162483,7.994718373012074,7.994718373012074,True,108.67629113677387,7.316735172459213,4.175126842165688,0.0047200229413624116,0.09221617366707167,-0.001551147818363463,29,,2
685,0.5462888975165427,0.02555744094292839,0.0013222784069229078,0.07396228110094732,0.11149026118791532,0.24137884084474334,40.85593809968713,37.78284188011139,7.440612493092353,7.440612493092353,True,95.49901163840936,7.220786672710171,7.648466448615644,0.006379344325438456,0.16115245004879614,-0.0033299428482954085,12,,2
686,0.4062363581782798,0.09228278071005012,0.09900337866563841,0.36173635729028114,0.014366535356091588,0.026374589799658767,39.15720758465398,36.78154936342866,7.361747659846308,7.361747659846308,True,111.9280567963764,7.321771490771201,5.05215426562722,0.005598815056084167,0.1329531785694522,-0.003092522117027519,23,,2
687,0.13499195616015303,0.09638618680956171,0.019486318688954368,0.6434183215761513,0.09802846389381556,0.007688752871364114,43.421474378075814,39.804161281086365,7.302004077146214,7.302004077146214,True,134.29598853464367,7.331667311109624,7.029735989992128,0.008501049119678554,0.24439685796088434,-0.006653027112105753,19,,2
688,0.38934701658879833,0.009374057584669814,0.12149002684770858,0.35621186385595865,0.032393581901720286,0.09118345322114428,29.617260438009577,35.801977089831695,7.64883007148479,7.64883007148479,True,110.75166586877832,7.069737077884287,7.727835843598235,0.0018582424863082246,0.09448322145398197,-0.0012224896562784385,6,,2
689,0.3885146118059972,0.12935168990693188,0.0029325738585391573,0.22114603363278487,0.032813956351823347,0.22524113444392352,25.56492987458605,39.52405989688489,7.649572239549464,7.649572239549464,True,103.05602709740438,6.821817246202506,10.219681548519638,0.000938852737954365,0.08448767195288741,0.001839043677148096,4,,2
690,0.6266222986371699,0.16294576146342696,0.026190242352291216,0.1430228253351041,0.0008158687074003831,0.040403003504607266,26.59416451568015,33.349056623664325,7.596841068401641,7.596841068401641,True,88.40693006820307,7.129708100738989,5.151060648905047,0.0014101624569743318,0.028920918254438738,0.0009281098391585204,10,,2
691,0.5844602828909369,0.01873607715015176,0.12588010288990412,0.1424486610901655,5.903239944136793e-05,0.12841584357940036,36.785287458356486,39.23615726099426,6.666904177121981,6.666904177121981,True,88.12568353778184,7.258281166780487,5.426046943351804,0.004438066324623524,0.1066866939948158,-0.0019700750133704596,18,,2
692,0.49841837026967645,0.030576543529887264,0.13667955099636614,0.12267604877646843,0.014213122593229753,0.1974363638343721,27.272062425028892,39.54535004674489,7.341114525064982,7.341114525064982,True,92.39581237533355,6.988096032549348,8.157433931299867,0.0014134524346619574,0.0782992213047205,0.00012145872703584911,6,,2
693,0.6019889437154166,0.24601318852464601,0.013105006170760101,0.09809332240635849,0.013924750380710997,0.026874788802107846,39.361189819852726,37.578957438184375,7.194534875926101,7.194534875926101,True,92.53356359103411,7.397701644943431,2.5503766415745077,0.0058686307584508764,0.06961525363834187,-0.0010363739313337323,-1,,1
694,0.470187699844864,0.05297372469885065,0.2550913533754203,0.1695323025824416,0.03435974592493919,0.017855173573484213,27.671500202741747,37.609816911356724,7.890404261417003,7.890404261417003,True,102.10803388783457,7.1774143954115,4.600556407579956,0.0016552876889866582,0.029899360898322087,0.0008322298380331454,13,,2
695,0.5668234917846802,0.04302684622834753,0.04630642835861785,0.26894712768828716,0.012017343399274847,0.0628787625407925,44.020296180747636,34.30114485977382,7.101555044957846,7.101555044957846,True,100.18632898146711,7.3996556239025875,4.349901300377439,0.009089972962048899,0.14194198871204136,-0.0032924071508008976,28,,2
696,0.43188101907508364,0.036275408365318014,0.1324508750420255,0.32211206088446315,0.05094184091192924,0.026338795721180558,26.49436268263706,38.55814018184226,7.023268147906797,7.023268147906797,True,100.06235115061199,7.09729341257814,6.294490258835169,0.001399749555089518,0.05905754460091644,-2.007318580962177e-05,8,,2
697,0.13561198490840762,0.0039271176711422875,0.019375008089451865,0.5835329831774542,0.06008713179237925,0.19746577436116486,44.370821477222094,39.77764421676055,7.482972032639107,7.482972032639107,True,134.629963630466,7.195547529782784,10.56480738666791,0.008651383787551932,0.2702756384829511,-0.0069219842389949245,9,,2
698,0.6623900648921631,0.034799812998845235,0.045026396770456535,0.18274753365726246,0.06387267955912275,0.011163512122149851,38.95480779964288,38.15487231229045,6.197346467132084,6.197346467132084,True,84.00752952344386,7.380943888706475,3.1886852409679705,0.005688996731500232,0.09033154921636809,-0.001821023978505684,-1,,2
699,0.5210950744448817,0.02361531034525924,0.0635446282161411,0.07366437373501267,0.30175286124671313,0.016327752011992398,44.94199226208136,38.11642736919197,7.754586272524785,7.754586272524785,True,103.96301812418963,7.468780729555004,2.8072871184868946,0.010182477846468481,0.12217877736175949,-0.002489318957994769,-1,,1
700,0.630062460486039,0.05961781600645223,0.003575591828020737,0.12594556126912373,0.11902302901266583,0.0617755413976984,34.143073919279985,38.27254698886266,6.587836944165158,6.587836944165158,True,84.58487623298046,7.258806463048783,4.755744538335484,0.003403131107094649,0.08270902550530912,-0.001301006532208619,22,,2
701,0.47917043888992983,0.038675494068393025,0.3310245179241332,0.10580238316545407,0.0015810486840806862,0.04374611726800919,25.293473033999494,39.23599836175517,7.929798511415705,7.929798511415705,True,98.21644345487289,7.131952327112654,4.7157110677658185,0.0012713850964077165,0.010177472672206256,0.0019445304684845613,9,,2
702,0.5254481401256325,0.16592958977774436,0.11844677978827697,0.17265469390541843,0.015892375110415382,0.0016284212925122496,39.47919236147474,37.28518593796031,7.462409509810693,7.462409509810693,True,101.68807270405007,7.402982654225541,2.607751013777142,0.0059134062049142995,0.07775421858805942,-0.0013415792148999204,-1,,1
703,0.5337156357687255,0.054619781496025546,0.1799711637770804,0.13792683860582397,0.04296990951769397,0.050796670834650684,37.40946929275948,35.25061772390926,7.962472760874818,7.962472760874818,True,103.30761534319633,7.319206757332657,4.093013509541389,0.004686529656438372,0.08372230017047308,-0.0013537092725436986,29,,2
704,0.27067027710856967,0.05184285536051542,0.00788828584972818,0.3777012152147976,0.0025022133008753516,0.2893951531655137,32.43023563370784,37.98710789001305,7.917668256347342,7.917668256347342,True,121.39696679363904,6.901873469502894,11.724726356100676,0.002110205059101557,0.17599724242114045,-0.00398745916996026,4,,2
705,0.40080735178483456,0.1126570860176851,0.05926565291979467,0.3123389314487422,0.10263277748600406,0.012298200342939623,40.80146233398683,36.797128981179725,7.677161682161648,7.677161682161648,True,114.88491402066565,7.362327099745571,4.578274996923181,0.0066528988438619065,0.1415658001968257,-0.003343672187914621,26,,2
706,0.5288826841106641,0.08360921746221217,0.03447727748764388,0.22338381407806238,0.03984513867848963,0.08980186818292797,32.45661088202102,35.22200554426045,7.414594111041977,7.414594111041977,True,98.2696023070649,7.171181472967818,6.258688553292809,0.002674269305446324,0.08623847208003499,-0.0011896611536778088,10,,2
707,0.43309885743792836,0.057279355806389286,0.046074790739163714,0.4226554277333922,0.0047051797425388,0.0361863885405878,34.65235138482427,36.060602690456406,6.935294929465142,6.935294929465142,True,106.06363991946549,7.2198417782489654,6.180924036034286,0.003422434462911494,0.1134627420354574,-0.002417911943923481,13,,2
708,0.674592257274089,0.03430660258486367,0.057594670724700044,0.17232219127320206,0.0007633177267219001,0.060420960416423405,44.43677767569271,34.03021808568115,6.905964119470533,6.905964119470533,True,91.12286374021416,7.43572088533046,3.291679543424881,0.009533169980365297,0.11475018735765435,-0.002440664674729771,-1,,2
709,0.8159977253976249,0.04075123408716014,0.030583609008513802,0.06152936638202707,0.0016244724612227265,0.049513592663451206,37.66320844191958,34.79181697921169,6.384337131495864,6.384337131495864,True,75.3058819813892,7.356723733505867,3.090122787371022,0.004920447235130855,0.06862095384478799,-0.0011061027219297043,-1,,2
710,0.622245645893633,0.10132479193795478,0.02593236517374656,0.1548648124566493,0.07540332161009324,0.020229062927923275,36.74533743321594,34.99952262351834,7.176373851915499,7.176373851915499,True,92.49823891027847,7.330075728231459,3.732804597528256,0.004414742553222349,0.07725939343949272,-0.001291705868234473,-1,,2
711,0.5347386146785106,0.0007857561954950551,0.0074984422937840935,0.20561189625705759,0.059704956887534466,0.19166033368761834,44.09486318899841,36.79829633877842,7.024388957755743,7.024388957755743,True,97.56094837629998,7.30698972744872,6.768494082507935,0.008972400310782969,0.17995080424915527,-0.004148676347361396,17,,2
712,0.7481862749165167,0.06717923039108771,0.06775780504045194,0.017180330226147504,0.01267174128095932,0.08702461814483704,38.8787721508721,36.90020642040983,6.603059874522205,6.603059874522205,True,78.19199028927031,7.359063921461462,3.290865389095288,0.0056069377046077135,0.07866562702898419,-0.0012919251725114847,-1,,2
713,0.6098449994180168,0.028527069831077397,0.040453773702546436,0.07150379793031393,0.22543944146480166,0.024230917653243835,37.359527209880824,37.53628078722413,7.145523682660637,7.145523682660637,True,90.87232061044855,7.344364057411294,3.632100908190993,0.004782390684989306,0.08422109664382066,-0.0014271010491884314,-1,,2
714,0.6062902118908788,0.0875221915563448,0.13951512780065622,0.09713938504809974,0.010326169850216674,0.059206913853803646,36.39690744814763,34.312555783590525,7.802405255457682,7.802405255457682,True,95.91612309268316,7.308873192473653,3.89789470895679,0.004213172857274846,0.06805452796867567,-0.0008454857724087654,-1,,2
715,0.5479668574176952,0.05269746946425114,0.21096325575147987,0.07661156641262575,0.06878145978840691,0.042979391165541184,25.81707547080623,38.217962684714976,7.612142718455436,7.612142718455436,True,91.0382030906026,7.138260833327226,4.791575549985373,0.0013481832815565725,0.018796875917501194,0.0015166718494005697,11,,2
716,0.551708302644292,0.19725710965232987,0.08343539388223833,0.10028661370668367,0.02674388249974587,0.04056869761471005,36.81084902156216,36.86254200718464,7.735109252911382,7.735109252911382,True,98.56495939585531,7.337160928634582,3.3552839687390867,0.004483356109800215,0.06712631940647255,-0.0008564481017275174,-1,,2
717,0.4797557455796118,0.25914558325738507,0.04948432770253987,0.1022286361872012,0.10936370399090173,2.2003282360439723e-05,26.914756726243894,39.09523167194898,7.959643845895414,7.959643845895414,True,99.50666459928615,7.201290627675884,3.864646584280177,0.0015600381256670284,0.014025559944947082,0.0013362809307938337,-1,,2
718,0.5136218904543973,0.24690589086787754,0.008240444175386729,0.17467109702415687,0.01478062471044428,0.041780052767737226,31.721783328310273,38.484773231560254,7.273498805894154,7.273498805894154,True,95.94498442841788,7.232299136780504,4.574504214011331,0.002613736816828369,0.05960644033053034,-0.0004307135404346615,21,,2
719,0.7404059272935783,0.032910950955392246,0.0010038791845928489,0.13353719659060612,0.023703844376330892,0.06843820159949951,44.633757317943115,35.82012179788853,6.307946270730928,6.307946270730928,True,81.96939301671804,7.446248501825791,3.037437993220509,0.009850357610457565,0.11167597358168979,-0.002368472320062164,-1,,2
720,0.4300008305366999,0.015191025211655025,0.03768202449020524,0.28570140366030333,0.04248465873312547,0.18894005736801095,42.57786761969924,38.45587803324334,7.091602183337832,7.091602183337832,True,105.20558620361477,7.260176803261945,7.608586338019386,0.0076424813152389404,0.1872926781309108,-0.0043552405615531345,13,,2
721,0.44612545434741735,0.01577743589693759,0.14364091970728848,0.14460122671048475,0.19418006569544244,0.05567489764242936,37.85735125075322,38.58830047906457,7.920506293120126,7.920506293120126,True,108.53493649190445,7.302139483783414,4.977080653802667,0.004943121136732165,0.11504764101038037,-0.0022395431843288873,22,,2
722,0.16995311779800046,0.0073657227029401955,0.005644832689208491,0.6451901993447818,0.07449440704781816,0.09735172041725071,33.388738188993734,36.50882999672129,7.523245397695161,7.523245397695161,True,132.9081097258736,7.052603592817193,9.888623676693978,0.00266218559191145,0.17088984169020852,-0.0042631497011853545,5,,2
723,0.7354300125416199,0.08952402785783478,0.009171926966133928,0.006003493960892705,0.14521147364681003,0.014659065026708353,29.23280180936231,37.619649245882584,6.6132937023745,6.6132937023745,True,74.72163668897875,7.2429155651626616,3.503688243780537,0.002056882567996852,0.031088942329025926,0.00042204573931946395,-1,,2
724,0.6545843647959005,0.03774877295640966,0.19239042461530653,0.09303229579040682,0.017509398163852396,0.004734743678124046,41.58290778453993,37.7938932733546,6.789231503864787,6.789231503864787,True,88.50174818459229,7.451679543559054,1.7651782836586383,0.007287430555636005,0.05986114506381717,-0.0007190522782633823,-1,,1
725,0.4457450274905108,0.05759734513850137,0.020776389512318055,0.10399204696799882,0.09019261783780395,0.28169657305286694,31.716172854998486,39.22005002057975,7.865319415180469,7.865319415180469,True,101.39107265243044,6.974634753926138,9.88458774770917,0.0021812134535433726,0.13219787647954784,-0.0018225301663701665,5,,2
726,0.7263424350089336,0.05565750723510282,0.10166778310858103,0.03587597898478831,0.07830041786509298,0.0021558777975011303,38.26888716097065,34.4565516379825,7.178620417751408,7.178620417751408,True,85.35550856545399,7.399722634593146,2.123262614717364,0.005174870888842541,0.04801640894751478,-0.0003995585383115687,-1,,1
727,0.38678651269560915,0.039383367605820646,0.16008378322308459,0.3448208613429373,0.03303128380288163,0.035894191329666564,26.962956542428717,39.57302588239695,7.074370242500118,7.074370242500118,True,103.77952902283744,7.0948563865707035,6.518776059488591,0.001473512831901478,0.06692060227569024,-0.00027411799326099845,7,,2
728,0.5055612372393904,0.14139715591478114,0.06831924924839351,0.2282409085472853,0.008233792839254149,0.04824765621089562,40.40068390343208,35.81550558667381,7.529404487177905,7.529404487177905,True,104.62295921445208,7.357346085865717,4.220508141382769,0.006380470592407165,0.11509130114697533,-0.0024453149970805567,29,,2
729,0.5741895623546609,0.006705377905880321,0.23050502033475384,0.1511867829112254,0.019976776248074177,0.01743648024540532,41.52723360484979,34.397904518585776,7.757809875532428,7.757809875532428,True,102.44934327254586,7.420179679437007,2.721944337524146,0.007143112283559079,0.08553222760029373,-0.0015406246049991454,-1,,1
730,0.4270014095949624,0.08864730896021958,0.027487539413698574,0.19413628965849453,0.012175745815414465,0.2505517065572105,36.14490705891193,37.6814763665408,7.8173411703917255,7.8173411703917255,True,107.1619025152879,7.093448364470399,9.07783841431038,0.003711441519871847,0.14923762896895174,-0.0027821864439747887,7,,2
731,0.615168399561848,0.21931622652666977,0.00047460098291891964,0.0594430085605008,0.037884310934648155,0.06771345343341452,25.134614680521953,39.10788945402055,6.970865866256811,6.970865866256811,True,80.85416605822674,7.112950634675654,5.1073378159712375,0.0012561058278802053,0.02561623643275332,0.0012924007371978331,11,,2
732,0.7129944474751332,0.14387633774331868,0.03670054857275672,0.006787389769185563,0.04774340062028401,0.0518978758193218,39.90916103885898,37.91379826534081,6.739873409901349,6.739873409901349,True,81.21629941713982,7.403926573931058,2.4234557647626627,0.0062441858826893975,0.06661650902914446,-0.0009181641830292745,-1,,1
733,0.7661112032388009,0.13280918284318538,0.04002726522305355,0.027151333768826447,0.019191870907913286,0.014709144018220474,37.909061686996154,34.8404756996499,6.8857211599245405,6.8857211599245405,True,80.44353838006431,7.3930974721528715,2.105253822181768,0.005015787867274362,0.04529204151350807,-0.00033513267091908995,-1,,1
734,0.6923369934228991,0.03438755881652851,0.019398343709471615,0.02993097991961457,0.13226010412459835,0.09168602000688776,36.634018070347345,32.23043931046167,7.845962211484046,7.845962211484046,True,89.65544643432072,7.280409963598459,4.718947909043595,0.0042284190153344765,0.07990246212383788,-0.0011489095099399833,22,,2
735,0.2886036643164045,0.007134997733149039,0.03812333073549627,0.6029114310583724,0.03659834008750637,0.026628236069071515,29.530972245228607,36.60738498032649,6.90792578585374,6.90792578585374,True,115.93124765855275,7.074288268071894,8.048977383332844,0.0018437549369028083,0.11456317667950083,-0.002334034885953194,6,,2
736,0.3533929288171491,0.03731467312510865,0.08988894367129835,0.46056831982248986,0.02597316538344983,0.0328619691805043,36.76546478469362,36.44664551246309,7.247564580286423,7.247564580286423,True,115.59513668499666,7.2448794229563545,6.384143778757272,0.004266881028962516,0.1379178920430295,-0.0032471767478391284,14,,2
737,0.6406475011250632,0.14983937828309668,0.014419010950159567,0.025224781623161698,0.1564207710985665,0.013448556919952332,37.01602928907905,38.002733913554984,7.148451494342425,7.148451494342425,True,87.69948227234009,7.371754647181872,2.5950871886259064,0.004653078995430513,0.05747545337260345,-0.0006168429908723005,-1,,1
738,0.5724602616176726,0.128668735540619,0.0023156771965081972,0.2293950661865562,0.0074696284767934535,0.05969063098185057,33.47680133761813,37.44939077468617,6.673881056758163,6.673881056758163,True,90.2918524941869,7.234225001264916,5.163645401416418,0.0031205118632955877,0.08362382049636716,-0.0013340133257423452,18,,2
739,0.5103698277431982,0.003242301344983636,0.05394109274665185,0.3315136117888023,0.00044403697531120607,0.10048912940105291,35.215604341852604,32.85317862570646,7.460031387058706,7.460031387058706,True,104.78775463205989,7.185684504505233,6.8934739448958835,0.003490567538688746,0.1118076291285911,-0.0021898054004656302,10,,2
740,0.5372868414904676,0.03659232069357016,0.1805991009250906,0.18402400765667337,7.137508477575957e-05,0.06142635414942263,29.191197778035658,37.32321599414384,7.217722528003589,7.217722528003589,True,93.41711016960296,7.160572647845026,5.411924154186505,0.0019334076951597811,0.0537323803467066,6.971206158215578e-06,11,,2
741,0.5568491401957859,0.26742335944649104,0.02924994380117136,0.1297148176142941,0.003912154830963655,0.012850584111293868,33.05198804445648,34.98715955591082,7.953107784350582,7.953107784350582,True,99.01757449175864,7.290538154730071,3.3929335239938556,0.0029881187835261525,0.04115813582119352,-1.1973145947982529e-05,-1,,2
742,0.3628904032029426,0.005946623327747654,0.1343921822349156,0.47208868663524417,0.00985125042585335,0.01483085417329652,41.047051652147275,32.85160540570162,7.915591913702229,7.915591913702229,True,125.05965834955241,7.322722414700812,5.786445096702176,0.006562818045639997,0.15730335621203473,-0.003956099872047901,20,,2
743,0.7565490926613685,0.0851588197979695,0.02053941451884757,0.1147658089800787,0.008895647180807856,0.014091216860928004,28.97828969356959,38.880744823401116,5.849847123138768,5.849847123138768,True,70.98097109177034,7.232531378930943,3.7639293918429715,0.0020234454827844656,0.04152635813165628,-5.231637072831323e-05,-1,,2
744,0.3590481896651465,0.0037004946275793395,0.02572125795519334,0.41769140297110546,0.17298115486140464,0.020857499919570473,43.038524865576406,36.06547308646485,7.447597086641798,7.447597086641798,True,118.57040764136299,7.35506007910272,5.814225589269653,0.008184092187210923,0.18716122735414253,-0.004763496557053815,21,,2
745,0.4103960621623802,0.009753783778963807,0.054414589497587464,0.34363183146985693,0.1707786355055342,0.011025097585677322,41.31428409849485,35.80779420000241,7.541237151551516,7.541237151551516,True,114.46740032403898,7.352632428806137,5.150060785874467,0.006933087636117575,0.15597173421616245,-0.0038050676244850566,23,,2
746,0.5173739014326834,0.008754919108845325,0.10018249777387586,0.008976182292350537,0.16442486515644952,0.20028763423579532,35.63560581726988,38.90195616102517,7.9628453003845765,7.9628453003845765,True,97.868236422886,7.157365299749936,7.345367076599658,0.0037316041640734327,0.1180985242869718,-0.0017541554888167164,9,,2
747,0.7285869203162657,0.17014455829325642,0.014614091353409254,0.01124778100050662,0.03972510193810853,0.0356815470984537,44.734754638154904,34.67286878229562,7.246710837320244,7.246710837320244,True,87.15514867878406,7.488132653187035,1.5795143298646694,0.009699244927386072,0.057116266319890266,-0.0004570615653930413,-1,,1
748,0.5019055540588376,0.07816022560257506,0.011954941682588219,0.24674214780279355,0.06585714731948109,0.09537998353372454,32.909217149190376,34.43259597780681,7.641677552704147,7.641677552704147,True,102.7514485108341,7.159378147156505,6.719170796481273,0.0027580172031696857,0.09544700387968168,-0.0014772172901580025,9,,2
749,0.4259194100641096,0.010903738436713654,0.04850521557346627,0.245422564118367,0.009485192129261874,0.25976387967808157,33.118834605537444,36.87167422330559,7.628087896397136,7.628087896397136,True,105.78900758110409,7.012750640968686,9.771907707182702,0.0025591775670764354,0.14023767053244274,-0.0024637619219899528,5,,2
750,0.30779043973379,0.12318661766670357,0.03035933996760805,0.4704643279244535,0.058230318857817785,0.009968955849627219,30.08100821362897,37.627652644983485,7.341367755487521,7.341367755487521,True,116.1875186946636,7.13573268334716,6.843589289321931,0.0020548764647389498,0.10051382431185078,-0.0018436536772104824,8,,2
751,0.4244014426956719,0.0127432891191135,0.1397411950980843,0.22877837426337996,0.029206102038054637,0.16512959678569566,26.01231548429056,39.5231831740974,7.338837952227685,7.338837952227685,True,99.30522118455181,6.952089745413999,8.587313731966052,0.0011819708155953914,0.07901402997785814,0.00028606399210251345,5,,2
752,0.38908016937886397,0.005926030434951027,0.0864935136220897,0.4294215542103588,0.008500459628551562,0.08057827272518493,38.66668147750156,39.480447590717255,6.557207801818047,6.557207801818047,True,105.10651796529486,7.262180729616701,6.5221771699246665,0.005283284894888038,0.15541241635564954,-0.0037046564744026306,15,,2
753,0.565259283519552,0.06867765087636193,0.03702726630282169,0.2781003667053668,0.049709833386106836,0.001225599209790891,29.71358120323209,32.01563256735614,7.6125662444866755,7.6125662444866755,True,99.11293374130686,7.176524898221881,5.339893534168654,0.0019715435102466154,0.05494739394144088,-0.0003389793647139651,12,,2
754,0.24251889944818794,0.19539681460362943,0.10371348698817931,0.4268253817424679,0.00812689400082332,0.02341852321671191,44.58851283473325,39.50524608299823,7.915861087606629,7.915861087606629,True,129.9737956309751,7.4018020465691565,4.9462365980212954,0.009759957248685372,0.20260092895632387,-0.005183456217052794,26,,2
755,0.520555724021453,0.0038449197251082443,0.0736833641026453,0.34777464825246945,0.050697052437722,0.003444291460602083,36.284944284591546,31.84526554099438,7.597020489032787,7.597020489032787,True,107.69103557505343,7.276760085413021,5.176236020658435,0.004025383471725821,0.09922787502735549,-0.0020762761448685422,19,,2
756,0.596107510173165,0.26868027355662,0.015249545963657768,0.02573467548923251,0.09240049482153742,0.0018274999957869878,36.240737185838924,37.97236247439972,7.606381934642502,7.606381934642502,True,93.13595807700877,7.379448087226703,2.00282874561391,0.004267354933351772,0.037007128218837004,2.401064442172923e-05,-1,,1
757,0.5947095897001741,0.27661414655427163,0.01452138181492295,0.014894443714475116,0.012889512163272283,0.08637092605288385,34.59551898171073,39.655020426779316,7.320700477156468,7.320700477156468,True,88.23345313772472,7.286166923219115,3.7756855125291913,0.0036157848966922815,0.056950143381369014,-0.0003383081514643433,-1,,2
758,0.634055075204974,0.07175736262133836,0.002962914584880165,0.1283876777514288,0.05816696976304434,0.1046700000743346,41.75662748089066,37.1154815026534,6.745523239832726,6.745523239832726,True,88.23084646082664,7.360263348008967,4.457265752742497,0.007381484796921506,0.12559122146829518,-0.002695783702121329,27,,2
759,0.42847758208576925,0.08942038087662993,0.11385998156347231,0.24823141903372917,0.030495421412235563,0.08951521502816367,40.01889020875823,39.937322096147156,7.1978884872815865,7.1978884872815865,True,105.17892845452842,7.311399914480331,5.402000431521895,0.006172362305238032,0.1407552348524747,-0.003108540619607083,21,,2
760,0.380653819661039,0.03945866366175468,0.22338773022765435,0.3280706053879935,0.01894153641956927,0.009487644641989135,38.03372831296976,37.6971072996264,7.637595740617878,7.637595740617878,True,115.26039005789131,7.327698977136553,4.498983177623402,0.005042172271348179,0.11803241199040271,-0.0026256549150233833,26,,2
761,0.731425820550198,0.016402579395799352,0.11227698394069342,0.09638530679146058,0.02390994888777562,0.019599360434073114,33.71914190423777,34.62687323466596,6.8052602926368,6.8052602926368,True,81.44984433153442,7.2999726677958865,3.4005041055886673,0.0032411918829370495,0.049966549009812865,-0.0004081424065926839,-1,,2
762,0.3726780537219029,0.039274280376350806,0.10529394886751701,0.23864638120307644,0.235243150260485,0.008864185570667937,25.826605229395028,38.71802850769933,7.9723095858090485,7.9723095858090485,True,110.2143377584733,7.092724347483062,6.312785350690221,0.001290382427494742,0.05527775973490007,0.000303975808377488,7,,2
763,0.562429553878202,0.025077002478152203,0.01465985619851401,0.3114590456362489,0.01148356259586894,0.074890979213014,34.72978255820239,33.49485220950565,7.064805084114306,7.064805084114306,True,97.79768458201197,7.20955594635841,6.196140842095283,0.0033941872175940564,0.10146222317704821,-0.0019412190894657097,13,,2
764,0.5559307865109714,0.2649644219999534,0.04847687846371725,0.04682548230229102,0.07956588338262653,0.004236547340440562,41.81333161232938,37.55736020696079,7.936343508352474,7.936343508352474,True,101.51840974151119,7.460191400026979,1.511936610121407,0.007352097411549827,0.05194355605252606,-0.00031806499834941877,-1,,1
765,0.3102613085125033,0.1612120168658579,0.01304302751134722,0.46084398780838726,0.03657499278361922,0.018064666518284953,35.81241724242902,39.1411896925608,7.102824428159843,7.102824428159843,True,115.42821035931271,7.247881964074975,6.097808071899101,0.003941364755498566,0.13575296268151688,-0.003187460728353547,16,,2
766,0.18076664411852988,0.02716988099667126,0.0041161947743243365,0.734164982971753,0.029615471866764,0.024166825271957397,35.769622311627444,36.80379912604821,6.9635173061036895,6.9635173061036895,True,128.6457173735219,7.166461104905406,8.362986732977738,0.0036781681741284867,0.17418656298913457,-0.004603626291456998,9,,2
767,0.6161174855854941,0.1574874004894858,0.13480290494269895,0.07110177056989603,0.012915318723281378,0.0075751196891437915,35.90585282043527,37.59479991015938,7.2587081811215715,7.2587081811215715,True,90.59810638435275,7.365133202926775,2.281627809567261,0.004129387805306108,0.041180481804784334,-0.00014424915905739426,-1,,1
768,0.21424137761649154,0.00391068574429733,0.00475417593668521,0.7195755465501504,0.01607197896489841,0.041446235187477025,39.40692830842842,34.46249306692295,7.247110122531426,7.247110122531426,True,131.68506030567625,7.216104635017867,8.332507548684715,0.005343399284197723,0.193112652126348,-0.005171965958455161,11,,2
769,0.29854785488230035,0.0894738237851848,0.0880239561309308,0.3837291724930234,0.06640867498630432,0.07381651772225634,42.874853910005484,37.4988685132967,7.950986206978774,7.950986206978774,True,125.63846822724643,7.320875549658116,6.469486824147633,0.00799848398722905,0.19275648233275888,-0.004773637700715433,18,,2
770,0.1756773947066825,0.05253872094518934,0.12728546600759463,0.5532223483105823,0.05770193739953799,0.0335741326304131,30.63604454047894,39.58835262565543,7.5754124081466,7.5754124081466,True,129.3523683931853,7.0966710016489465,8.057886869752144,0.002126224609275504,0.13259220443619832,-0.002904764344319889,6,,2
771,0.4268496412913891,0.06346645736436846,0.07860656393181474,0.34989726848179104,0.04013708450217506,0.0410429844284616,27.293976209589555,33.50675968616605,7.933124886334401,7.933124886334401,True,109.74448326610967,7.064937317804503,7.028806971118215,0.0014282998215175776,0.06554365086516312,-0.00021863125704564714,6,,2
772,0.678506976212004,0.13470649901465623,0.013975341271405537,0.11228758796981925,0.042222351248857946,0.01830124428325703,32.36133839561806,32.27227992532107,7.607674226736833,7.607674226736833,True,89.24657757588677,7.262085123335393,3.8946146848738032,0.002722353867901654,0.04380434476557536,-9.187670337442831e-05,-1,,2
773,0.40627862103793694,0.09610945236880236,0.007546850987658901,0.3195231798368857,0.14219113822970253,0.028350757539013397,34.05288321289093,39.56424652801003,7.002565936206054,7.002565936206054,True,104.91400665593942,7.231121018969199,5.821459938376988,0.00330297033745398,0.11134062414934653,-0.0022407758409361913,15,,2
774,0.5895036480905264,0.02076947055908645,0.02900101208423304,0.16775795499590976,0.037841453087024836,0.15512646118321957,31.990155637416485,35.15746753923028,7.196773843919609,7.196773843919609,True,90.96429344036314,7.12078454468337,7.10741311388613,0.0024852835191362744,0.0930604895220131,-0.0012559954293962536,9,,2
775,0.6227698646053295,0.009235345513498066,0.022257047081660018,0.09316840513907326,0.2215013649191954,0.03106797274124394,40.433660605418886,36.513991614374504,7.107601555321542,7.107601555321542,True,91.83514540005046,7.38375105276648,3.591606094947502,0.0064957980270612704,0.10390123683543667,-0.0020775143796607077,-1,,2
776,0.5310039392313173,0.24916392960063619,0.042910768606922424,0.09363352462887652,0.04549056282229633,0.0377972751099511,44.249470381467304,37.01161798410918,7.939385149391306,7.939385149391306,True,104.49535437951893,7.463877500611466,2.2884349972477858,0.009428645269787752,0.09119532841481116,-0.0015443855776938482,-1,,1
777,0.4121361422652298,0.2049320336936747,0.018705793927436924,0.26256423055972616,0.07799534743602791,0.023666452117904607,34.02711386239255,37.47549429887759,7.780998140428096,7.780998140428096,True,110.51964242470247,7.251427356735016,5.084545352456339,0.0032846785898944654,0.0909424712821184,-0.0015770336377558746,19,,2
778,0.16199866346962685,0.07405125206466322,0.0821851969574992,0.6227815384424094,0.009018640889944316,0.04996470817585701,38.779328388593484,37.25172550075644,7.704254161840271,7.704254161840271,True,136.99678811037225,7.216473659105405,8.081123457564669,0.005100615169971804,0.19421705550122345,-0.005093656148270054,11,,2
779,0.1485404074506737,0.03612906394687003,0.007305558675094404,0.5626618906952783,0.13539351340450284,0.10996956582758068,32.27820085235535,38.06802388468465,7.9043024151090275,7.9043024151090275,True,136.00744357597256,7.018638549650724,10.203356283875804,0.0023279454786087873,0.1713373535761416,-0.004140822434063563,5,,2
780,0.39884716713275803,0.032269948317595575,0.0768216366634619,0.18484548701506778,0.02771152459513085,0.279504236275986,35.75709673329789,38.45644854763858,7.949113708562569,7.949113708562569,True,109.66868464138078,7.051588147679875,9.83474343652183,0.003466921792032426,0.15899010009789877,-0.002963745752949783,6,,2
781,0.37215892441532544,0.0855902485802751,0.11453812660705573,0.3935823104131662,0.03329314797821767,0.0008372420059597264,41.90225111630593,37.28981933506871,7.368070152728998,7.368070152728998,True,115.81920068351724,7.383691221490974,4.433117457390533,0.007463691865089473,0.15367635524275075,-0.0037941004888740527,28,,2
782,0.5937196774236024,0.15595683605190508,0.1731817486609019,0.011130783480310139,0.025532435548108825,0.0404785188351717,38.280300421171276,39.297561533850256,7.466243917647076,7.466243917647076,True,92.366488014059,7.390567984819266,2.174905120884291,0.005290435070036853,0.050006831264598775,-0.00032067492466034895,-1,,1
783,0.6338179658441765,0.10881186053505339,0.16041495172148199,0.027048389452709355,0.03891782754835195,0.030989004898227136,40.065908593150745,36.6163920420915,7.529764709755898,7.529764709755898,True,92.46716767533567,7.416961599732955,2.084653553239986,0.006242795218578912,0.056392170560499603,-0.000550221399004989,-1,,1
784,0.3318503921972229,0.023527134230374603,0.06419487221437889,0.3510289573564157,0.12958381813241185,0.09981482586919606,25.863090415392122,39.54841122927661,7.365817572205954,7.365817572205954,True,109.04655703786646,6.965196456175887,8.68839757535424,0.0011652344408901922,0.08913578733521405,-0.000388658545376672,5,,2
785,0.5557156483668703,0.1337868401667787,0.02102666131376147,0.2740056367028333,0.0077623679582987035,0.007702845491457561,35.60893794317264,34.1163176936314,7.259730036480831,7.259730036480831,True,99.48453335748061,7.295958802570634,4.355742154569808,0.003862725816747893,0.0825353191044962,-0.0015050603383396492,26,,2
786,0.6223424513193858,0.15612855338349707,0.14596209918960026,0.017996495236570192,0.041499638851361875,0.01607076201958484,33.44055456044832,39.769639711276476,7.100118123194794,7.100118123194794,True,86.13753526580636,7.332028729094438,2.3419995165210947,0.0032434132363009086,0.027588041030099094,0.0003813314584938819,-1,,1
787,0.4488139714393619,0.21205560125841977,0.0850729078739851,0.21095304338160462,0.022097943710766555,0.021006532335862183,38.66743254909734,39.252696525295924,7.4878945696411385,7.4878945696411385,True,106.15610080338483,7.364304519254869,3.505097600481767,0.005478284746349862,0.09788715681236902,-0.0019282930614162351,-1,,2
788,0.3026014172685995,0.07474354848361205,0.12576308578508089,0.4614095934775789,0.026880684522506876,0.008601670462621783,31.724355005633917,35.89717367964566,7.827415381001394,7.827415381001394,True,122.61096482502568,7.1671482712724615,6.571560249754049,0.002451195870604939,0.10463671836523081,-0.002080646440647989,9,,2
789,0.5251234114046002,0.03370784404983517,0.23072995392400938,0.11086125104897371,0.049661534399565534,0.049916005173016385,25.540878115831084,39.449262895359055,7.3585627572656245,7.3585627572656245,True,91.2024021560454,7.120552222881893,5.150482387046001,0.0013049874451048179,0.025115696092866607,0.0013736147989350657,9,,2
790,0.5817589823701477,0.10770200498827563,0.01631911255148336,0.03868840090541902,0.22746583663040318,0.028065662554271214,39.13869880033085,37.424981652684835,7.613808998215868,7.613808998215868,True,95.7966321604736,7.378139529881091,3.2133405154817805,0.005723536794215859,0.08559952442238516,-0.001429609600377474,-1,,2
791,0.34518494557629725,0.03162409142725171,0.0469391584982934,0.4765015845260077,0.03272383111524502,0.067026388856905,39.56139244675485,36.618698981448034,7.142145228692566,7.142145228692566,True,115.95736218789634,7.261291991915026,6.935091728122791,0.00565558361373488,0.1670548105273502,-0.004116001076703571,14,,2
792,0.42410678584455436,0.0022522765959428473,0.12929621998376709,0.22299894795525774,0.1506578175833102,0.07068795203716778,29.511323888230336,38.417766784896415,7.620640741408856,7.620640741408856,True,104.90348470615572,7.117491214500264,6.726528551466174,0.0019397550335874814,0.08141203889251547,-0.0007368522886296937,8,,2
793,0.787646284667441,0.013288329731510682,0.07145784644757416,0.06682072838641598,0.045693063890911004,0.015093746876147209,41.86325846689044,38.13832439000487,5.966635217828486,5.966635217828486,True,75.4454663963631,7.451968625499516,1.9051182471614325,0.007586692898416577,0.06623585463182848,-0.0010114145815655865,-1,,1
794,0.2922630999277138,0.07366894012624321,0.12269640022881138,0.44807395749915513,0.031092759801377087,0.032204842416699304,42.6224320869387,37.093322163406796,7.725421178072338,7.725421178072338,True,125.64653845386543,7.347043926817479,5.7706807044955015,0.007874951272527773,0.18614264736064343,-0.004733271198765275,21,,2
795,0.4716521005850574,0.1324149476608472,0.014199365362866284,0.26397442451050196,0.07010313662347108,0.04765602525725599,42.12944799408267,37.76203463852326,7.161015155136063,7.161015155136063,True,104.18084884116881,7.376049774332065,4.47974729622571,0.007654774136174432,0.14290418870205537,-0.0033094937217831065,27,,2
796,0.6168440125495588,0.0036545385469879824,0.11465028625913176,0.23868261819961825,0.01308332355245496,0.013085220892248206,39.01719428252623,30.001714016298585,7.947796349303872,7.947796349303872,True,103.76235016052142,7.346196035032777,4.016867860662319,0.005351999047665301,0.08797380561801312,-0.0017193878703861605,30,,2
797,0.3814182481049617,0.03956692577609075,0.15163846629486002,0.22782573757930943,0.11823537167346358,0.08131525057131452,38.83388443395723,39.20349277055372,7.8621279937268005,7.8621279937268005,True,114.13218689088593,7.281193031929268,5.886699308430846,0.005397559497527419,0.14050233425152725,-0.0030190728301796132,17,,2
798,0.8029061286146146,0.013794692185516938,0.0015950083311242092,0.10717476372447038,0.0038572523493361336,0.0706721547949379,29.2306920865821,32.860843252930344,6.612091823560613,6.612091823560613,True,74.21609251835471,7.1696656906527245,5.0948658084353715,0.0019277256030867454,0.05331306282844056,-0.00033573689816026854,15,,2
799,0.421420802740288,0.0009027732070626775,0.1184379293450515,0.28594923978048364,0.10154878087399782,0.07174047405311634,29.0570337297718,39.024753493459286,7.15261795202671,7.15261795202671,True,102.0872399684858,7.1032993150182095,6.943559899852271,0.0018414435234566388,0.08474761300238536,-0.000892846379607036,7,,2
800,0.615077112422911,0.09907029761013976,0.15442610626665176,0.036921529812088835,0.06261924659918938,0.031885707289019544,33.07939405562448,36.51706785533075,7.63278957017721,7.63278957017721,True,90.8318787353942,7.293741140036546,3.2387774400273464,0.0030427356966868705,0.037601258135629693,0.00018555487560094976,-1,,2
801,0.4641807273413777,0.041463778922732945,0.13459436622330592,0.11738141315412048,0.03071070628744994,0.21166900807101305,39.43639386094776,38.899307117995995,7.794976763490752,7.794976763490752,True,104.10929907382736,7.210039250798483,7.397640262701809,0.00555147823670037,0.14816444446880106,-0.0028809916484037667,11,,2
802,0.5132664486757363,0.15694496067612468,0.0062191114120474095,0.2874512406612109,0.0024376039938288677,0.03368063458105193,26.998145260046623,38.338171763029486,6.665434150830404,6.665434150830404,True,91.43145313130604,7.121546341944761,5.833695789776113,0.0015103145265912062,0.0549409040570571,-2.1437811831752436e-05,9,,2
803,0.22395564627551662,0.042133266656877943,0.008623367413274354,0.5537217392486421,0.018337891443901952,0.15322808896178702,35.42545666788852,37.36230591096508,7.43946183175934,7.43946183175934,True,126.35818059953976,7.079382544765226,9.823553169952854,0.0033651059563236524,0.17713271187557933,-0.004229409885638056,6,,2
804,0.6520110747501054,0.08723205644609412,0.11890692500872425,0.04360341295851222,0.07047757569721386,0.027768955139350366,26.88597880346669,37.6831973641999,7.048408592355951,7.048408592355951,True,81.10608967498413,7.186270458111855,4.044803961505173,0.0015588155248684196,0.019497343999985286,0.0011165922173945533,28,,2
805,0.6824498486041409,0.10916335910814316,0.07471119634888256,0.06396598309110642,0.0011980645351883455,0.06851154831253846,37.020939851337786,38.090828651846294,6.636753560295006,6.636753560295006,True,81.86820438774943,7.334251071051102,3.443290875144547,0.004656565739401961,0.0724842940040779,-0.0010794076743403515,-1,,2
806,0.5116199931736535,0.10069088403175007,0.0817384160412963,0.2792429121681009,0.012642526081918251,0.014065268503280937,31.285108368240273,32.70681874997531,7.892492615323788,7.892492615323788,True,105.11472032419489,7.201077740107682,5.2312309470894,0.002357930436626977,0.06256209402033235,-0.000619125464668101,13,,2
807,0.5845711278422049,0.008041706270279931,0.3219022267659947,0.045636095617235334,0.017136671700283726,0.02271217180400125,26.795843351796588,36.69443036214106,7.862800885177056,7.862800885177056,True,90.78926517895768,7.19602671865152,3.6380129821158427,0.0015251638906405936,0.002003668276456142,0.001784714048840218,-1,,2
808,0.41197278680072025,0.17712110750881704,0.07084253429687684,0.28910394149458596,0.04220578627856404,0.008753843620435933,27.71408737182586,38.528019722441314,7.437539993836481,7.437539993836481,True,104.66397616293669,7.152432071608399,5.445224822137959,0.00164472974443251,0.053362717438725386,-2.540218282855129e-05,10,,2
809,0.6259194138946491,0.025430222407118834,0.030405817774055856,0.10175156951985079,0.08538179171319565,0.13111118469112984,33.199275389870294,36.157830189231774,7.084442181135173,7.084442181135173,True,87.08783829497966,7.180809334024142,6.137876480935953,0.002941201919466264,0.08856891998800162,-0.0012308766110959673,12,,2
810,0.2705119077731394,0.1503734864986575,0.04045420718191058,0.44496566546663363,0.028728546803726857,0.06496618627593188,30.010912744110513,38.85030960666953,7.558381032907773,7.558381032907773,True,119.40893908321301,7.086482757736859,7.778798730236341,0.001984538444369291,0.11100616029547493,-0.0019292013977821436,6,,2
811,0.366017178503785,0.027482452977623265,0.1632043683473586,0.23529684526753597,0.06844837915179024,0.13955077575190694,39.85224632738088,39.94487897242651,7.775029418719621,7.775029418719621,True,114.07260342490936,7.247699708577983,6.9786908652693285,0.005885453061980921,0.16097486243304313,-0.0035023709568934272,13,,2
812,0.4057296318445192,0.16821337861229527,0.01757828588929378,0.3913045469740697,8.178201361211518e-05,0.01709237466620994,35.77259272151899,34.53731412285443,7.679322368626917,7.679322368626917,True,114.74045954310854,7.2566970029445494,5.577467845398871,0.0038501258263293095,0.1102105207631997,-0.002373276183762611,17,,2
813,0.41576420280878135,0.0004001621242567126,0.19217115911969862,0.37663503091043293,0.014851561989992526,0.00017788304683789377,31.414991642907943,37.936808866193665,6.999722671915025,6.999722671915025,True,105.21220522769939,7.209970135869393,5.391363542560342,0.0024808644259244586,0.08272826451772049,-0.0013580457524708035,15,,2
814,0.10085825590091879,0.049440758007501744,0.11859871950551937,0.6861099100185994,0.04458261527505652,0.00040974129240395725,44.628629138284644,36.890119426626526,7.95821995611574,7.95821995611574,True,147.2621149322413,7.339998950912219,7.224034576084203,0.009429956953990097,0.25707718008916636,-0.007087520904528971,19,,2
815,0.7288571880779237,0.02756394785007579,0.001734488627081595,0.14589021882273448,0.024845391301134875,0.07110876532104965,31.13345193312756,36.14354335672138,6.263266981458844,6.263266981458844,True,76.82200471312065,7.202872112654823,5.070324768078283,0.002435157920662983,0.06839272650972711,-0.0008545628818054478,17,,2
816,0.6457478618021847,0.019767819281114884,0.2070719942293081,0.02465313766620557,0.0428670041219295,0.05989218289925723,27.643119627161113,36.46942720052496,7.430024905567235,7.430024905567235,True,83.68830417744289,7.172074268024693,4.4422428384368615,0.0016608246600903305,0.024233993072889433,0.001069656857625973,17,,2
817,0.43615869251641265,0.034236120880123955,0.01712830759928627,0.22438916083095362,0.12405033673366032,0.164037381439563,28.426276384749354,36.58388701606166,7.7727735119194765,7.7727735119194765,True,103.9290251665317,6.986368557028491,8.817628922152542,0.001541497126349485,0.0979589007472979,-0.0008306482358768544,5,,2
818,0.5758530317970935,0.1429418462890119,0.059839892765200395,0.09771671973888381,0.06975837563004172,0.05389013377976853,31.888315000269948,39.47671972391878,6.986764810125366,6.986764810125366,True,88.40582852734066,7.240300637690858,4.380386726383979,0.0026974211705716625,0.05769303931341266,-0.00034399190450076626,24,,2
819,0.5432442215772921,0.19649476708544267,0.02893088068427856,0.076886619372392,0.0671639371017032,0.08727957417889153,44.35411439864847,36.71511121684949,7.914433945577261,7.914433945577261,True,102.21327703829081,7.4209058159007455,3.5259269477611443,0.009522270179357036,0.12225116614632946,-0.0024477142303179085,-1,,2
820,0.7266240004126613,0.07000850001257773,0.03886435187327048,0.0686768721695196,0.014912658212281422,0.08091361731968962,27.041585847376474,39.5064552189245,6.070159947273693,6.070159947273693,True,70.84065609910013,7.148081267272418,4.989716238460606,0.0015966145981524671,0.04710080370118435,0.00010490663312586731,15,,2
821,0.12028267970897276,0.010439134490172086,0.06109131337438058,0.71318714205485,0.020175121646044146,0.0748246087255804,32.560987725977924,36.270701561684376,7.639588952452707,7.639588952452707,True,138.94555459862895,7.042248981953228,9.855859275691802,0.002419065841534494,0.16851483936508152,-0.004323353178074954,5,,2
822,0.29360765181028625,0.05329635958549788,0.06466017813154346,0.5251092417709204,0.05436971679621849,0.008956851905533351,35.59152934308791,38.70514165759058,6.928325843809087,6.928325843809087,True,116.36658368599772,7.23354400784988,6.496294547559939,0.0038158428676565216,0.1430186920052468,-0.0034757170798740697,14,,2
823,0.5865151569490992,0.18835926559438795,0.008554574969852798,0.1276174470431,0.03669240753417748,0.05226114790938267,34.39631620019786,39.933303296701176,6.678547675291852,6.678547675291852,True,87.12868104398454,7.285636647248785,4.068922106561562,0.0035505049120553495,0.07207765920171937,-0.0009819563366888328,30,,2
824,0.4400042482708868,0.1252959806283236,0.00767114587634782,0.33191855047435814,0.0019239360738674306,0.09318613867621622,35.46341706858376,37.539909976166115,7.050688721454306,7.050688721454306,True,103.83723300244334,7.208251591917095,6.56112704331066,0.0037270622006080776,0.12043546416801339,-0.0024444678215353884,12,,2
825,0.49949593499372014,0.14482702399682182,0.04536410015613529,0.22530621730033454,0.023389409713958358,0.0616173138390298,31.784362058750382,36.443659793713266,7.442360533261759,7.442360533261759,True,99.79770299842212,7.190250137186864,5.630304213984413,0.002540731042652012,0.07488269355587826,-0.0008511120595037648,12,,2
826,0.8433799845496038,0.024024920881325025,0.06688589055469094,0.0035349006076867023,0.0016678873643517487,0.060506416042341804,25.293126197134473,34.27409319084278,6.564377009837665,6.564377009837665,True,66.56510768781548,7.137230372467725,4.515164947670418,0.0012810852981440801,0.0279436943923551,0.0006708016815524063,18,,2
827,0.4862600171789116,0.024918364838321577,0.047640968506645044,0.14449922939495483,0.19798180568061316,0.09869961440055379,31.413190618044244,37.110689357366084,7.770115369318928,7.770115369318928,True,101.06022348000197,7.13784203750085,6.76882985399706,0.002378592079815701,0.08942208425809572,-0.001026472796361306,8,,2
828,0.4360941197799542,0.09472175561146053,0.012546131386988967,0.17967769462949382,0.17698683085689357,0.09997346773520886,39.81489155563208,39.34099539972647,7.5716371528672575,7.5716371528672575,True,106.58281932335503,7.2889193892548105,5.990990756207553,0.005973511478705505,0.14702973949787781,-0.003180383383828449,18,,2
829,0.3501867708955001,0.03859318268245057,0.01982700758577618,0.38576406961643317,0.011516563307750827,0.19411240591208911,25.472342576677494,37.95295638904538,7.254961917951205,7.254961917951205,True,106.75076711238158,6.804062647680231,10.554281199390372,0.0008829955059568483,0.0903768553569983,0.0014184820530134448,4,,2
830,0.5831149840017864,0.11844578010425423,0.16417542110897587,0.04877573321624466,0.02574623544052598,0.0597418461282128,30.424226771996903,37.34249154932941,7.6672840524930495,7.6672840524930495,True,91.07728916731972,7.221399142750968,4.150946941853413,0.002270163856919468,0.034591618136941754,0.0005641042338828407,26,,2
831,0.4986418428238015,0.25192147580345137,0.04160410961912323,0.17903613640059135,0.02692925321941648,0.0018671821336160908,25.86398146811633,35.707004164855675,7.994613735086403,7.994613735086403,True,99.64329920188145,7.151935674488561,4.60743993329374,0.0013315066689077388,0.01695530541524969,0.0013595247827986041,10,,2
832,0.5703362043046504,0.04601134101350563,0.0020689692484560642,0.14211160026254605,0.1783437132032524,0.061128171967589524,41.13763606334717,33.90210324503698,7.792209172546233,7.792209172546233,True,101.73769374994595,7.35269589496263,4.645043470974373,0.006777313267254884,0.12235262605755205,-0.0025815658085123817,25,,2
833,0.490903218507788,0.05422450088237002,0.04198818954550908,0.14566845332171402,0.23289366928434682,0.034321968458272074,34.44590627861845,38.932397851976475,7.413924200360885,7.413924200360885,True,99.93005200502849,7.2629898262554695,4.954960686435385,0.0034859945185921003,0.0916135496866531,-0.0015043215628314976,20,,2
834,0.37076723737302286,0.03737269413098337,0.1902418050972047,0.26939125419807386,0.05622324194549489,0.07600376725522018,34.0301948377907,39.723746471086656,7.621733599465014,7.621733599465014,True,111.50651682240998,7.2021454641723395,6.246042006009523,0.0032460252300610345,0.10888462963608103,-0.00193230404125686,12,,2
835,0.5213535544536856,0.172532263408284,0.009686340747687462,0.03750999669138181,0.021117410712615366,0.2378004339863458,26.606513387125126,39.94059282182303,7.584378794880925,7.584378794880925,True,89.23378958420491,6.943833233573646,8.550774026206348,0.0012692512926207708,0.07584700656487538,0.0006073556035361929,5,,2
836,0.5567760931788795,0.019188942702790503,0.06796408528278142,0.31506186769796435,0.020574119280038983,0.02043489185754531,43.91660529149479,37.1568555013026,6.432457160589795,6.432457160589795,True,95.5195119627947,7.430583746785416,3.6008306576870432,0.009201487926916717,0.13689267921278478,-0.0032448244210778175,-1,,2
837,0.5115666448396238,0.08736250423996711,0.06661756991059777,0.2537210098655162,0.025179639706270573,0.055552631438024684,26.649634221565435,34.634630315255876,7.550037624253458,7.550037624253458,True,97.93872613354279,7.077522397570978,6.457593359591208,0.001370656480239098,0.05158996805150794,0.0003498918801440403,7,,2
838,0.5409893045478256,0.030976535609599773,0.02244888097238859,0.3509548855000631,0.020553227888200014,0.0340771654819229,39.431387008520545,32.06367774369342,7.3616181620934515,7.3616181620934515,True,105.52703326369979,7.31281330555559,5.26305793387,0.005590341681325212,0.12161599133967037,-0.0027757767377310305,21,,2
839,0.4978177105956372,0.005461827085095802,0.04581060766879391,0.4476712953304798,0.0008663547267203502,0.0023722045932730307,25.832800497789542,36.77683138803401,6.281580762156365,6.281580762156365,True,92.9931833521194,7.079056761353473,6.559701409956191,0.0012779590096321993,0.06317678728217813,-0.00037522170074319683,8,,2
840,0.49257574264035603,0.03278288268996993,0.15237012669737227,0.21969320504902087,0.044874259309763055,0.057703783613517946,39.14207433118856,34.36901981635276,7.975938010381039,7.975938010381039,True,109.12467521088338,7.317034873574169,4.873921431597228,0.0055170099672916745,0.11285135203027138,-0.0023094159991547923,23,,2
841,0.6221952641088949,0.10356124151575752,0.007595919302956689,0.030662969329616967,0.06568250567078669,0.17030210007198712,30.23590400310321,35.570416197971184,7.634292385462597,7.634292385462597,True,86.75503953503332,7.099523406624297,6.7791190258936265,0.002065501805799975,0.07278345565838415,-0.00032296159691080624,8,,2
842,0.6410923289891568,0.10230026863357376,0.08582021447104132,0.045710678240056445,0.09939116475215243,0.025685344914019144,25.904903637481333,35.89814031743872,7.459732210775072,7.459732210775072,True,83.86842555800067,7.15764552745291,4.383436935494845,0.00136280756203349,0.015894174128778683,0.001392335153916803,15,,2
843,0.745884149482256,0.13673063673473074,0.04824384499644459,0.0014262436066450768,0.0653547713427504,0.002360353837173131,35.824759405889395,35.18845057326047,7.082794111598365,7.082794111598365,True,81.11746386456323,7.371227140830435,2.047069291838901,0.00405792333598888,0.032982682987951886,8.210449991570894e-05,-1,,1
844,0.6117014593856654,0.18186629010438665,0.07295906345670036,0.06716434974539529,0.03053192580801676,0.03577691149983543,36.6835887526677,38.42139859747506,7.118224390182852,7.118224390182852,True,89.35243011274095,7.352486172547372,2.8869748459768547,0.004496552522352448,0.059344369274457284,-0.0006592808882324039,-1,,1
845,0.31437833997154824,0.07421064966322262,0.0761065753365829,0.46066756865005937,0.01219125987492431,0.06244560650366257,35.38756424607874,39.475658439827555,6.971977488658783,6.971977488658783,True,113.38652937237985,7.202984893561743,6.967312078659902,0.0037022475476039462,0.14010361048279682,-0.0031817975032611937,11,,2
846,0.7580255277719085,0.023148822442640035,0.05934283418334762,0.005235688663995101,0.11349341579737095,0.04075371114073793,37.19315453550348,39.9231684685641,6.082518481094968,6.082518481094968,True,73.4743682590439,7.366290853035194,2.7505432261845013,0.004842550039092435,0.06628834437359715,-0.000979933499172874,-1,,1
847,0.4671385724510737,0.03685597036330973,0.01126677151575666,0.15953519836115043,0.12693932457000565,0.1982641627387036,41.50798507423043,37.44226316011026,7.701541499248805,7.701541499248805,True,105.41789255338244,7.239019445314561,7.637366876799549,0.006807063556314532,0.17141978097919489,-0.003714078348893232,12,,2
848,0.3739655666295316,0.19569312179383572,0.008196856704112552,0.3816915308894815,0.026227354197345662,0.014225569785692888,30.2502211698674,38.626937156228955,7.1641484653112695,7.1641484653112695,True,107.92227071180537,7.171469379351636,5.945095477663317,0.0021611785013854403,0.08402159007210785,-0.0012665793913656496,10,,2
849,0.3286740404151448,0.01243873120466776,0.10484977800182783,0.3603980642974947,0.09282071394988897,0.10081867213097588,29.649449807779398,36.65274782378361,7.9402245967165195,7.9402245967165195,True,117.49973746961302,7.043005195701737,8.377944542831045,0.0018265299775868217,0.10787581586713746,-0.0015821242451724206,5,,2
850,0.46375668509629525,0.06398820141112502,0.03581610883477635,0.17883581821972247,0.24827663141706083,0.009326555021020004,35.697915331831894,39.67599990675944,7.320166612730709,7.320166612730709,True,102.31907349101922,7.301406900064311,4.512621514896272,0.004018969554492956,0.100169309317865,-0.0019042412543766921,25,,2
851,0.5637014390937185,0.20752386063035308,0.038060703545184926,0.02861069373006226,0.11443792639596541,0.047665376604715676,30.770185742475547,38.775845745551045,7.65026507135676,7.65026507135676,True,91.72103948524666,7.2366934157616996,4.0125465391346875,0.0023848827368501877,0.03815170989876886,0.0004222404799039217,30,,2
852,0.1460545596265639,0.07183803921176085,0.053894412382012,0.5711302220696556,0.12784641620453543,0.029236350505472193,32.761447957319454,38.85026106036779,7.830297977177029,7.830297977177029,True,136.07500722489513,7.120313711629501,8.391058029285029,0.002664169646496494,0.15770466601012315,-0.003866936645015686,7,,2
853,0.6586770930631981,0.06834560122877638,0.16750083415369507,0.08930721494983239,0.00036141488805880597,0.01580784171643923,26.55569673691663,35.37384202783218,7.243329209170596,7.243329209170596,True,83.2715687223425,7.180954133586316,4.014453630431237,0.0014736047051689817,0.014238972074395766,0.001256726289404493,29,,2
854,0.7773920082564496,0.1263698868258772,0.005025919234963147,0.008120524636930242,0.0003177800075719106,0.08277388103820797,39.427033763922836,32.3219952881224,7.381871589676437,7.381871589676437,True,82.71349112200161,7.365079359846731,3.229326110523027,0.005743437650803921,0.07052783942245618,-0.00102102246325117,-1,,2
855,0.3916808248636956,0.003446516553369511,0.18505082545819765,0.33027852257604684,0.04946317599087889,0.04008013455781154,35.095573816243316,35.537784669426316,7.911524256757792,7.911524256757792,True,116.06774609667868,7.231493957780003,5.936067920965921,0.003576185124455526,0.10957600855281018,-0.002188609507094546,14,,2
856,0.15284824712847198,0.09403646391887657,0.015688854969330413,0.5999578414972607,0.009639327110003327,0.12782926537605696,35.7864431090952,38.429039265641386,7.605398683129818,7.605398683129818,True,134.02642958784676,7.093853308270241,9.77811002057619,0.0035343449977187063,0.1879905671997693,-0.004669064477191243,6,,2
857,0.2878138733541405,0.039620442434362704,0.03917743392921595,0.41563686328221977,0.1264524455115322,0.09129894148852896,29.82045555487445,36.88227228001844,7.88006125052391,7.88006125052391,True,121.2490341693268,7.034615265089871,8.751043664021823,0.0018416133499892455,0.11967328444568007,-0.0020919582050699117,5,,2
858,0.8086650210303784,0.08023179450330402,0.019127013481784527,0.031696100813479615,6.487450738897088e-06,0.060273582720314536,34.763434522025065,33.8660861395269,6.7360096888828,6.7360096888828,True,75.5421206360214,7.302386826901183,3.5036199686527527,0.0036102123240773897,0.055822199984023796,-0.0005982109806869186,-1,,2
859,0.42490097581874603,0.022111008721616913,0.10346932223380381,0.42861348726390397,0.019223739071487802,0.0016814668904416728,41.69995926538171,34.90065343920239,7.221620401436817,7.221620401436817,True,112.87647244980121,7.367954223161449,4.781244571553268,0.00720523400632725,0.14968303640751252,-0.003717324333847001,25,,2
860,0.46815381372332854,0.008147507705334503,0.07300236556312616,0.1373032459056347,0.14987802860826405,0.16351503849431187,26.0333133747936,38.676212625007885,7.6244623686486985,7.6244623686486985,True,96.77974183415529,6.956653971508785,8.501126448105495,0.0011861244902676895,0.07648633362845593,0.00041721206020657093,5,,2
861,0.4916560276134031,0.056782832560282034,0.16779983470229476,0.23725333097023646,0.019834612607218218,0.026673361546565598,43.390083902771366,39.98211104834303,6.814247502302132,6.814247502302132,True,99.75619206007836,7.43642517796634,3.1145136708781185,0.008837240886690067,0.12407262105806886,-0.0027485319294198868,-1,,2
862,0.2896588230807363,0.065292935508846,0.010393980735618298,0.42994838114731776,0.08140695904655199,0.12329892048092969,30.57608691718626,36.43789928562496,7.851425567238278,7.851425567238278,True,121.29182908551356,7.019464451470118,9.221759160334283,0.0019598749076046034,0.1288719511454581,-0.0023946215049954252,5,,2
863,0.5003668816883822,0.10201148161196061,0.05659501539979453,0.17575994244962373,0.09435681237937066,0.07090986647086846,28.786745624133218,38.310952061265525,7.313724420554423,7.313724420554423,True,95.6028328327849,7.131112780362356,6.055067854287276,0.0018278252545446674,0.06355470043494875,-0.0001676906744682809,9,,2
864,0.6691868529764078,0.05693396568413,0.09429705548082942,0.05815230933746545,0.05001003609410972,0.07141978042705763,33.18472159030922,32.66111049873295,7.846503319678479,7.846503319678479,True,89.72303286897701,7.241320111497349,4.525430526620603,0.002949527756713877,0.05467917268091758,-0.00027788150066136843,21,,2
865,0.5125433894393623,0.07170587176613047,0.11098849046049358,0.28012150134838304,0.006705260193775322,0.017935486791855266,34.348898951187685,38.99278844880969,6.607543536511139,6.607543536511139,True,94.8104649522357,7.278873832880684,4.481652710152579,0.003487874926978625,0.08552045997332176,-0.00153228406556679,25,,2
866,0.5814958794288347,0.03787046985007794,0.07542058951787212,0.1786257954752712,0.07882592755730326,0.047761338170640454,40.51332794078469,32.65615321940226,7.8476038354365665,7.8476038354365665,True,102.75236112741872,7.355637399687797,4.271331056227565,0.006335437789345941,0.10751553549435391,-0.0021965858292551563,28,,2
867,0.6652914156982881,0.030313943406343788,0.18936992580270856,0.018826829222605437,0.07746996739814278,0.018727918471911284,36.2668027894619,34.55813876143176,7.73210648183927,7.73210648183927,True,90.66300739191902,7.358168771257308,2.5279689491688155,0.004208697793937253,0.04219132148646292,-0.00011533224098872295,-1,,1
868,0.4261134884837637,0.04947973454808564,0.16380681527565474,0.34106431885120914,0.01131297310090347,0.008222669740383335,32.36350326460431,35.0768038821309,7.701483133447631,7.701483133447631,True,110.96829499382572,7.217465844578344,5.363787611510055,0.002691303695451062,0.0808186354045507,-0.0012940379788511408,14,,2
869,0.1285222726007785,0.011445709318845308,0.12894223681664282,0.7011278500595851,0.0055461237120251845,0.02441580749212307,41.01723011935103,37.79128716292845,7.410585781765512,7.410585781765512,True,137.9456328755593,7.266383512127498,7.781018115039229,0.006507141567542106,0.21969495228230207,-0.005980497450769802,14,,2
870,0.30478194995761715,0.03537249423706474,0.03237047794485944,0.558126764201356,0.02931253103141076,0.04003578262769189,36.54240495332669,35.77817466650171,7.187539450745106,7.187539450745106,True,120.23722546177666,7.207270766400668,7.356453231026544,0.00406645503737157,0.15249261333109254,-0.003751883556583329,11,,2
871,0.42218536799839346,0.09222461498049664,0.11807284437464455,0.2052003329259372,0.07999062437911426,0.08232621534141384,28.12165571085238,38.59325993164741,7.7762497931820596,7.7762497931820596,True,104.53879105831766,7.0923788280129285,6.675419807425315,0.0016548374764235455,0.06712860594235202,-5.434586521527377e-05,7,,2
872,0.08695965387673849,0.014915647346464693,0.10943992443749441,0.6192435178141491,0.1417618290239353,0.027679427501218035,29.00763514344667,39.4916382964948,7.932388514277405,7.932388514277405,True,140.84139357248517,7.023195959252137,9.243448152543902,0.0016793810495181372,0.14753510847215148,-0.003505223369145436,5,,2
873,0.7405235538905091,0.024742900673401867,0.10120300320055595,0.045274684134450634,0.04189649889905454,0.04635935920202805,30.285255245827056,35.20167365203042,6.85196937984778,6.85196937984778,True,77.50885261533945,7.227837584108,4.041350798940236,0.002240330224732058,0.04018074834230778,0.0001358984698554834,29,,2
874,0.5429982139612386,0.0008626826368102848,0.020623749476466353,0.08201318241504447,0.09918451916360585,0.2543176523468345,26.316515930674093,39.38675507946391,7.107805476103923,7.107805476103923,True,86.09031221777525,6.897206476176003,9.399790910854268,0.0011593831801484896,0.09354222198190743,-0.0002365085136783925,5,,2
875,0.3038102503763367,0.003605570043000153,0.024820298379031873,0.56881641090276,0.08915591500680108,0.009791555292070165,34.682408227536634,38.84306470315279,6.564584584466026,6.564584584466026,True,112.45698760798074,7.205136040020011,6.971827753595024,0.0034380840618782873,0.14407654368154435,-0.00351617120969019,12,,2
876,0.4388752672844172,0.08598037777467676,0.013215672542054899,0.3122138450092825,0.10115451986845954,0.04856031752110893,43.894978768269084,34.42981708889535,7.803615906011471,7.803615906011471,True,114.84611911143864,7.377982308196712,5.137301056662838,0.008894906774336457,0.16579663125941677,-0.004001865668089323,24,,2
877,0.47784175846164534,0.02740770990254146,0.1769352334870801,0.11107219517876227,0.1283170383936209,0.07842606457634996,35.98441265168944,38.80227939034112,7.829891775845257,7.829891775845257,True,103.60460181419401,7.266882894619326,5.06769246535877,0.0040671744458373425,0.09537900521317734,-0.0015095876369866819,20,,2
878,0.579139440854991,0.16312757628241245,0.015405992690780612,0.025275493744719383,0.01980087288967724,0.19725062353741932,40.06762555352985,39.40069659498076,7.287934851714642,7.287934851714642,True,90.34771310116064,7.272436831989857,5.8546206522460995,0.0061429850202908,0.12794236733825332,-0.002417315595368746,17,,2
879,0.6403703503450558,0.06217789671888876,0.181039293084244,0.00182383012135154,0.02619053330934078,0.08839809642111916,41.65170646718645,34.986719818982806,7.923642218064089,7.923642218064089,True,94.31586636316634,7.396977506731411,3.0434811672485935,0.007253062992933766,0.08226410739993956,-0.0012410926842544995,-1,,2
880,0.4842119857837603,0.023803498727320193,0.06977363044767683,0.35587754013259026,0.049106837603176336,0.01722650730547628,33.286476376444604,37.64507932843926,6.620355951810168,6.620355951810168,True,98.10760446236823,7.230696630199816,5.484457516618923,0.003039023876065157,0.09603928656735215,-0.0018437579566456402,16,,2
881,0.5496738657592929,0.1218487770360138,0.0035053704569544945,0.09598265196830316,0.22819906848867522,0.0007902662907604045,39.642125280450614,39.87469362867941,7.093765882397407,7.093765882397407,True,95.0530009144148,7.4037919910486645,2.8469045171993517,0.006111133245488783,0.09078792223769111,-0.0016841764967014915,-1,,1
882,0.4540433291025118,0.1304736343423188,0.07372939797651383,0.2037334264336935,0.08440337306881668,0.05361683907614541,35.897710993805006,37.80831313700535,7.676197568227712,7.676197568227712,True,106.1638019204173,7.270900280685735,5.077624401645371,0.004012040712610306,0.09956955901275057,-0.0017946676452370934,20,,2
883,0.5460262078796063,0.023877751648555934,0.11953671332549749,0.16908446547041753,0.06329325996363859,0.07818160171228394,40.07199448344177,36.80706905251192,7.272656759378918,7.272656759378918,True,98.24320164076042,7.335537008212774,4.649178028723451,0.006185640651559255,0.11820341608278795,-0.0024464108668248437,25,,2
884,0.5749089680767063,0.010118149026700142,0.00818037357120089,0.2972196216913528,0.06331535890418956,0.04625752872985044,42.556060897093516,31.53683925370973,7.485234097471403,7.485234097471403,True,104.63863471686072,7.365470966301158,4.88242088058918,0.007688745709424688,0.13563156785695346,-0.0031578841712134984,24,,2
885,0.7374136510806842,0.12271923396990636,0.0390911572873092,0.06604112458294581,0.021088702206307534,0.013646130872846987,36.11574741819692,35.54560648248233,6.749565370610856,6.749565370610856,True,80.89955345631914,7.356920354783299,2.6172883993052083,0.004203587213044198,0.04963486454060589,-0.0004715208627241731,-1,,1
886,0.5572431449722698,0.21578617571907996,0.022123437290172444,0.12397107095981554,0.008079021782696951,0.07279714927596526,41.18705083633155,38.57663713636286,7.1684428740641515,7.1684428740641515,True,95.15135122761116,7.38281009924424,3.5762307865007816,0.007048567849663608,0.10592593394075557,-0.002082107430204385,-1,,2
887,0.5241600744848495,0.011769034739002543,0.0363042300018348,0.4136940239800493,1.0591062537164982e-05,0.014062045731726775,40.19202538376189,33.344491642501126,6.9083942383806685,6.9083942383806685,True,104.05307088766253,7.336769611036287,5.007399175908424,0.006124687155881967,0.1309832269521142,-0.0031492973176929684,23,,2
888,0.5282625408986392,0.09470698921463247,0.13892736328506697,0.18888214866032838,0.04713464395108996,0.0020863139902430254,29.910209068779455,36.271084244060575,7.513906560729056,7.513906560729056,True,97.60518980602033,7.224162236528919,4.266065571778307,0.0021269381795421386,0.04227781249605946,0.00010817924342825082,24,,2
889,0.6657714954846503,0.022256107631137376,0.03320456267936934,0.23662309995109515,0.04197984907499725,0.00016488517875058912,40.739789363558415,28.549158775319764,7.967612609488952,7.967612609488952,True,102.66652201647253,7.3807925644026735,3.6929074035749108,0.00633278352345808,0.09086731382639028,-0.0018580001716253982,-1,,2
890,0.35857733136750763,0.008792682551535846,0.08435082992672803,0.35727819487365015,0.08158359313478801,0.10941736814579031,26.71810535432799,37.161684955127924,7.572005583746192,7.572005583746192,True,110.00789818195348,6.973961639583232,8.677125858355433,0.0012692902825927972,0.09030207517531705,-0.0005874612646478492,5,,2
891,0.1519284347047333,0.023351533286163604,0.02437587325946644,0.7778431191922484,0.011257953632477752,0.011243085924910445,41.36400184953874,32.41529479432714,7.907378493884526,7.907378493884526,True,146.686799258534,7.247021434775502,8.346878252131106,0.006470338447704356,0.21300470733554164,-0.005918457936981242,12,,2
892,0.6490347875248055,0.0726778794159851,0.003182140206480896,0.15145861721989567,0.052160060046459275,0.07148651558637358,30.777896443720394,39.92940506391413,6.098105923219058,6.098105923219058,True,78.50978093335917,7.199660955428849,5.127017091715537,0.002392820062947443,0.07135754157873227,-0.0008523651531678686,17,,2
893,0.6422577598686156,0.06992534990845371,0.015125907709191967,0.17457215001301793,0.07810102255073434,0.020017809949986556,30.675914546538138,36.220587215308015,6.6874008926708175,6.6874008926708175,True,84.98333009874052,7.221275488762765,4.615172584308496,0.0023222264395202975,0.05732794390138743,-0.0004703946867867454,20,,2
894,0.6089898337236346,0.15035247640965307,0.02803207983972609,0.08410552639834847,0.10127246728786798,0.027247616340769883,33.12689493874304,37.48769967316132,7.173738163628957,7.173738163628957,True,88.91168569202016,7.282855684725835,3.7271080254117925,0.0030716850179512193,0.05361128819673834,-0.0003632869100469717,-1,,2
895,0.6556429715811092,0.06629831588395282,0.049365589042194735,0.17651171593586243,0.04176402294236392,0.010417384614517024,44.4030888447447,33.59871784567608,7.133652659705167,7.133652659705167,True,94.94232542134266,7.466375766316585,2.496359910095164,0.00946731138623113,0.09513509799310538,-0.0018573373078140181,-1,,1
896,0.6265840053180907,0.03408776514764571,0.006556813430470361,0.12064109464651365,0.00750910606176994,0.20462121539550987,25.684198456485813,33.50727207508224,7.496350500389278,7.496350500389278,True,85.21810964072156,6.933663965842159,8.451088443204418,0.001086941734141033,0.06902173505320203,0.0003097829097710737,6,,2
897,0.6450067525387617,0.09115281836161289,0.09947787127856322,0.07330224407050509,0.07599217621222003,0.015068137538337226,31.44777952873421,35.53143014696289,7.364105344838471,7.364105344838471,True,87.60945372334928,7.266215607135921,3.5442112632321057,0.0025412221046800967,0.03619224809052593,0.00022404872057927766,-1,,2
898,0.37376242394516634,0.006641882184380416,0.1636099269522263,0.35296679405360726,0.008173083422488741,0.09484588944213106,37.497660200595746,38.4436283117508,7.28751024317426,7.28751024317426,True,111.52725575778894,7.233712182793106,6.682211525617332,0.0046200107566251045,0.1415534532940677,-0.0031220156253981063,13,,2
899,0.5242547174821324,0.07706060242155353,0.02032357782451118,0.2939486110601556,0.08343983112333703,0.0009726600883102846,27.549801524670887,35.118911785712456,7.134847852223363,7.134847852223363,True,96.27390779826528,7.137494449707048,5.698099462811439,0.0015744307662971834,0.05402941425524274,-0.00012583695836072294,10,,2
900,0.49607779529870905,0.18404497538535206,0.04454135580236657,0.19582301659974768,0.07124691461970352,0.008265942294121063,38.66078154205763,39.996073660679535,7.012379310659798,7.012379310659798,True,98.87142377423541,7.3766552164609545,3.2392567209602556,0.005522894490555509,0.09430645083202946,-0.0018533806097561238,-1,,2
901,0.4230348185970915,0.015355553952837329,0.01472576874518356,0.5068532983718586,2.7801992336587957e-07,0.040030282313105715,30.565010147839075,33.76456684515578,7.020416765480502,7.020416765480502,True,108.13213152320644,7.107717430591898,7.401207223589816,0.002076395597802743,0.09955912291910834,-0.001834592760349256,7,,2
902,0.5026162983959883,0.015618837486196285,0.07965602810578247,0.39846975780174526,0.00034276954875924143,0.003296308661528296,43.90487018828367,38.21264390616871,6.235986155679887,6.235986155679887,True,97.85132610763534,7.430980310735369,3.7300813157102315,0.009232804013954552,0.14792990932671712,-0.003648357021834889,-1,,2
903,0.620260013943616,0.12719224965280518,0.04451195886862905,0.16388141105202,0.0028376967246368703,0.04131666975829319,37.563906899542715,34.233659917794036,7.326596065376944,7.326596065376944,True,94.11280582685092,7.330517078011067,3.869359475946076,0.004766108284319836,0.0808389205920164,-0.0013859748528212538,-1,,2
904,0.530031094139591,0.011436158154695278,0.26254670893394905,0.111359136051223,0.06237215459870959,0.022254748121831956,35.04202670473922,37.81228905908805,7.653413096950422,7.653413096950422,True,99.45088904245942,7.319221443582569,3.3629547705274434,0.0037520750809222495,0.05898839975720847,-0.0005845542435690393,-1,,2
905,0.6461496907725258,0.11300762876469066,0.002151715844169632,0.06198689091451775,0.140962156995191,0.035741916708905176,31.983722535900846,35.501074220330395,7.360614799121004,7.360614799121004,True,87.21759881032415,7.248742391751915,4.194889799217849,0.0026704849598639824,0.051389836841600235,-0.0002036638785190853,27,,2
906,0.48636125147418563,0.07825742838646775,0.046954440888687825,0.3603828061276855,0.025514429725162192,0.0025296433978111723,43.210358578206915,33.7177940832511,7.38293535296961,7.38293535296961,True,110.03749177264744,7.407576240837658,4.0759488284796515,0.008377741556627693,0.14049013272553013,-0.0033891505843679135,30,,2
907,0.5509702534939901,0.09696213469773503,0.1689494329579936,0.1145041195051677,0.028931587964005755,0.03968247138110788,41.946552768642896,39.807526409338465,7.075587719734834,7.075587719734834,True,95.58597098494371,7.427193415080294,2.620227609665233,0.007660104372415387,0.09201454192178547,-0.0016771936192129834,-1,,1
908,0.37107534892274,0.02854182124426146,0.03494899639349401,0.40700361578978045,0.14508024634589398,0.01334997130383009,29.503093082857795,34.969787045742954,7.675646175073336,7.675646175073336,True,114.39548641223361,7.1135563218782085,7.0443492411883915,0.0018765906561681533,0.09177028853382976,-0.0014531020905240973,7,,2
909,0.5496587144090112,0.02065170442560368,0.07653353080844315,0.2244086686444445,0.09285105181392223,0.03589632989857546,30.775901383522676,37.384683650847876,6.84470381766592,6.84470381766592,True,92.10417159713961,7.193644707947222,5.384789029108944,0.0023177476216970816,0.07107010441505707,-0.0008037193152264556,14,,2
910,0.4736332282406107,0.32362768822796606,0.028617298407394638,0.1395780266798137,0.00954871569030217,0.02499504275391276,43.25067145293869,38.1683438312964,7.984540808895218,7.984540808895218,True,109.06821874281536,7.454477242499246,2.2810966320787744,0.008591156580680642,0.09137945804222744,-0.001607389824405222,-1,,1
911,0.3536505514826373,0.10602161966069114,0.011916853057310023,0.4728130135405765,0.04940489159202104,0.006193070666764131,41.16456846079825,39.808218869468476,6.583205422652017,6.583205422652017,True,109.11026659524033,7.355768837897149,5.130200983400525,0.006981856183305481,0.16846004481076715,-0.004292540161950948,24,,2
912,0.6217027792878145,0.06234676829207159,0.07750233585412028,0.07002712642509128,0.04759427824783683,0.12082671189306546,26.460956401057533,36.2193492210604,7.329077828560251,7.329077828560251,True,84.01617396056007,7.066737741482267,6.370529091330847,0.00136954662923513,0.04796067004402466,0.0006574504049911381,8,,2
913,0.5621924641209187,0.20446372292729034,0.02111940522091688,0.14240880485018345,0.02100455555755395,0.048811047323136514,33.58338156214968,35.90188071733187,7.559194417535458,7.559194417535458,True,95.89748591480061,7.259400256447836,4.392783204663133,0.003148517667099095,0.06339395168314962,-0.0006265063745820838,24,,2
914,0.4696257355316734,0.026945106680060532,0.07904350102734319,0.10993093069087177,0.1405673353286395,0.1738873907414117,37.431373451569875,39.22085418070026,7.6913832150648735,7.6913832150648735,True,102.39373203446571,7.196876211419935,7.220105392762485,0.0045428155395095485,0.1358152310413121,-0.002531297432202815,11,,2
915,0.759932213015316,0.03141000533141017,0.09622730343280833,0.07652956853565038,0.012061515932692935,0.023839393752122292,30.37639283760165,34.50417573136493,6.739370371355631,6.739370371355631,True,77.09551157692987,7.24356547251931,3.7273106843509547,0.002264156250219,0.03667021160142842,0.0001443093213637964,-1,,2
916,0.48567663288701046,0.040039078182441075,0.09609089548323713,0.11767149367864976,0.24595072665727902,0.014571173111382684,34.48961162957403,39.475993871011724,7.564620081653576,7.564620081653576,True,101.17610967975341,7.29172032803667,4.236508475458294,0.0035467087446096348,0.08101796736047377,-0.0012104115123988946,28,,2
917,0.8399057589276361,0.04013924093099679,0.02955273065169079,0.06760211881607933,0.003294199410857301,0.01950595126273976,41.934566339887354,37.70262998034397,5.760472467634888,5.760472467634888,True,71.87088887412641,7.453406417113567,1.8515594604675205,0.007637734294177195,0.06393717165974795,-0.0009770522713214746,-1,,1
918,0.2048268561221626,0.07742643865710556,0.04301444165142085,0.6027318870219408,0.00915685331255817,0.06284352323481197,26.811793069868582,37.13861026355085,7.457368746348639,7.457368746348639,True,124.94380124445085,6.961782084902449,9.224074131033774,0.0012505157277709624,0.11108959457667979,-0.0018106856763761966,5,,2
919,0.824423751273896,0.004253217816187317,0.027485988216945055,0.10740162907401458,0.02882551168130322,0.007609901937653761,25.145610353890426,26.993201154130787,7.940954584451837,7.940954584451837,True,78.95147674641558,7.108073642490795,4.972235361211777,0.001125336421627471,0.01830161727203104,0.0010349386334831496,11,,2
920,0.6542462839302191,0.12845401636729056,0.0013163875410133982,0.18764488778577176,0.0028740359046682323,0.02546438847103689,31.5939426001463,30.830448217067417,7.73262755789574,7.73262755789574,True,93.2345733130626,7.219142855026761,4.711538023666153,0.0024368391975297206,0.050452167683048166,-0.0002650198399152156,18,,2
921,0.6122576167529395,0.1683878372422964,0.055710363890177306,0.030940795538406726,0.10907822198680271,0.02362516458937741,38.71614068512677,35.528375585829075,7.889373369245115,7.889373369245115,True,95.88678183638531,7.389843771872259,2.5214919045398134,0.005425926358229295,0.05991833418730825,-0.0006605859055496096,-1,,1
922,0.5114843975171353,0.009863343347303084,0.21375298471461834,0.023944036213158378,0.0023038721111012304,0.23865136609668364,25.484756789046802,38.89651075101514,7.998066188360183,7.998066188360183,True,92.17803421480268,6.903459626802652,8.724034462643782,0.001065693105301472,0.0628816255799034,0.0017533050988657142,5,,2
923,0.49081884604567033,0.06140332400162387,0.053097769420755496,0.3463726488771329,0.007858221378467123,0.04044919027635017,25.694605560484977,37.72162660685602,6.6122762037323275,6.6122762037323275,True,93.13426789341233,7.065850380219032,6.64219752071252,0.0012567953870214136,0.058877709656420286,3.318818783076148e-05,7,,2
924,0.594454930911559,0.06692375116883997,0.021745627277177597,0.22364796409261734,0.081295108742999,0.011932617806807143,32.16394680185166,32.04087473601152,7.658491813710472,7.658491813710472,True,97.78162533829106,7.224573422795297,4.957719343145084,0.0026069188998141786,0.06327661415937456,-0.0007081819045592306,17,,2
925,0.4909095020163021,0.048953378555588255,0.06005413815650524,0.2518676798837357,0.024738256662288145,0.1234770447255805,33.43761471575559,38.54959557043702,6.875967809360451,6.875967809360451,True,96.32392788143385,7.164606182183692,6.804782409412235,0.003001937430786372,0.10716704850871726,-0.001831914519037014,10,,2
926,0.49807032058143436,0.11517324823288805,0.057297210408353824,0.25207774254622844,0.005376214133719921,0.07200526409737536,39.62559291965584,36.91648758912216,7.1960309603676365,7.1960309603676365,True,101.89516624840624,7.320475859970937,4.986327170022593,0.0058868051838878045,0.12421136796508961,-0.0026872499287588303,23,,2
927,0.48624266898691054,0.13338571009164016,0.050474097460601004,0.2580411859114161,0.04850514972178471,0.02335118782764759,27.11034365916548,37.12388523468094,7.243364096841902,7.243364096841902,True,97.43802297083721,7.1283519960594,5.692670936469357,0.0015155916524791865,0.049700856771923554,0.00019927625408775232,9,,2
928,0.3852162443258042,0.09395520090561697,0.05940869172664011,0.3140649016950082,0.12566657375101442,0.021688387595916,38.52935761396375,39.98108000200007,7.1591296657492265,7.1591296657492265,True,109.23192025102412,7.3202464371890406,5.019775554245625,0.005345609073980418,0.1366688190905816,-0.003151463090820226,23,,2
929,0.5009229144057229,0.10345571995203172,0.2319383641424216,0.049241679352048415,0.03507361700596127,0.07936770514181411,29.85167310560428,39.88057430491325,7.928604905674934,7.928604905674934,True,97.57667540062322,7.191414739282596,4.674811057390223,0.002132631410097623,0.03833432887177645,0.0006859316548540606,14,,2
930,0.6821795758114078,0.01116763462105712,0.031141518364026996,0.218343875584843,0.03610584925889555,0.02106154635976951,43.168938646376404,32.26558796415567,7.012836213203733,7.012836213203733,True,93.5566845811107,7.425258727642151,3.3090303039322153,0.008334341322991063,0.10755644301188114,-0.002322715766568533,-1,,2
931,0.7113956094578694,0.0944438424461,0.01348516195978543,0.13903926333640232,0.03381227240922807,0.007823850390614643,33.79781531236811,35.35787770107861,6.598229057009902,6.598229057009902,True,81.93053437103211,7.301732564688209,3.498529213073251,0.0032838951217756375,0.05617293577701519,-0.0006507832056952079,-1,,2
932,0.3546870460678933,0.09698130436530722,0.08187286402200797,0.3719303278155252,0.08371393265227282,0.010814525076993368,31.71235370297606,38.85236717388047,7.306634046388939,7.306634046388939,True,111.39593180756779,7.1957296150059005,5.924392649344976,0.0025422715454721015,0.09682428573093298,-0.0017515245674665247,12,,2
933,0.33303660428241005,0.032638221159663014,0.05191795442608598,0.38358612110733975,0.06597767301853426,0.13284342600596696,42.959381006438434,36.190104280246146,7.815418432740105,7.815418432740105,True,121.99905662286282,7.270566724632754,7.737034009719613,0.007838826815932324,0.198818360810194,-0.004832238757048713,13,,2
934,0.41086326339496687,0.07257818316233951,0.012765859801528357,0.4122279056601441,0.08811862351699969,0.0034461644640214673,43.4619065245452,39.93075817442333,6.450495405257524,6.450495405257524,True,103.97675374002334,7.410037407655539,4.348630379930654,0.008858019648677398,0.16962281077129,-0.004283477636061866,28,,2
935,0.3582315117333852,0.10915838370836349,0.11303519481972152,0.3199121588448974,0.027520499853430677,0.07214225104020176,44.05948616843315,38.65350231185991,7.625698750478325,7.625698750478325,True,116.6937333532936,7.373222313398866,5.267653272207061,0.009195350225413733,0.18010215903560964,-0.0043590460522494245,24,,2
936,0.5930570534975967,0.05164059288987938,0.06242561690837149,0.0758628820184332,0.215322066307057,0.0016917883786623123,30.43095855846913,38.572325147446534,7.096321512255284,7.096321512255284,True,88.18620748201523,7.249424157208713,3.9135547773245865,0.0023151132327288776,0.04477638361874638,2.600561243387542e-05,-1,,2
937,0.7461210461314675,0.16923776496469908,0.017228944452435894,0.04984491133732994,0.011664034245851147,0.0059032988682165685,33.707128665538846,35.57357405116434,6.780791649537755,6.780791649537755,True,78.9770618729716,7.328488719339434,2.580494314138892,0.0032779542458834603,0.03471356447738195,3.6346645017396605e-05,-1,,1
938,0.4575519775214118,0.09210523188762314,0.009665337644622128,0.16392286506216666,0.06228217354977391,0.21447241433440226,27.914228676001034,37.92277108937003,7.696075206687904,7.696075206687904,True,99.08716449437543,6.948441324661723,9.139788131048341,0.001425977402216457,0.09621754112778248,-0.00045008968726721236,5,,2
939,0.508664854848194,0.15176447093214987,0.06563916425667102,0.24972969463447264,0.010090875738274694,0.014110939590237716,42.669171849476704,35.39473030688228,7.498170487864628,7.498170487864628,True,106.1764151545823,7.421787859156764,3.2725045314255126,0.00804171216912807,0.11566121219661941,-0.0025325870704121217,-1,,2
940,0.5401167879941091,0.12953022881679108,0.02936854603301104,0.022773149856303826,0.1625692301824567,0.11564205711732814,43.935516882559924,39.878736099808094,7.56881429165225,7.56881429165225,True,97.11862905677926,7.392001518617907,4.208042157008063,0.00923436209904582,0.1382470070838168,-0.0028408057085617723,29,,2
941,0.6711242287398255,0.06081129315492804,0.06293449707074854,0.15640520412370806,0.003825213821705202,0.04489956308908472,39.71533117597744,36.536051955562506,6.544219326554367,6.544219326554367,True,85.84241376010185,7.375078181664415,3.4137268441565998,0.006065680022778463,0.09244725517507492,-0.0018187364021835211,-1,,2
942,0.576216241207453,0.05187825757811902,0.08884649790025476,0.16456393194025426,0.033536510481735136,0.08495856089218408,38.438134638461015,39.32443139287898,6.618904086257441,6.618904086257441,True,89.69042686969235,7.316292433223456,4.600206525550966,0.005331670243740076,0.10946398092307998,-0.002197524708745199,25,,2
943,0.623985393330468,0.23436365346162102,0.023204937956655215,0.09714361517018995,0.010176631412134611,0.011125768668931094,25.59490221192091,39.387249311151386,6.720084277880634,6.720084277880634,True,80.58953345502995,7.178594726582074,3.9192870819228895,0.0013687750124319379,0.013384987081518144,0.0013235179958543347,-1,,2
944,0.680849907215079,0.01067161047465984,0.05346517831761517,0.14190364179933135,0.10493540750179177,0.008174254691522742,25.19529407162135,31.99901999326947,7.451751365771517,7.451751365771517,True,84.60453875293737,7.111874033307587,5.22724485746278,0.0011883851632165721,0.026111840245214627,0.0010023148021901342,10,,2
945,0.4452234859701157,0.1515381516909395,0.056618109667473424,0.24979049013140886,0.05804388248518716,0.038785880054875405,28.558202614994883,36.24697627601062,7.810088583542451,7.810088583542451,True,105.19600343303078,7.135028583289828,5.941429697095985,0.0017540813473014309,0.05956790458562031,-0.0001334037613636502,8,,2
946,0.8005411379888151,0.03724775231075792,0.08883300980208464,0.019325638073212806,0.04754968074200707,0.0065027810831225245,26.056353450093397,37.51027282132546,6.2046978531105985,6.2046978531105985,True,67.84566424620989,7.202253980642018,3.4765126667589374,0.0014630912537974931,0.01807288127550023,0.0008842765560149769,-1,,2
947,0.6385653608449786,0.09047323449493923,0.08601049744557815,0.04641577974290597,0.09336589781945118,0.04516922965214689,27.98095734655,37.00255787424199,7.234584601600699,7.234584601600699,True,83.6491317287683,7.181564238116743,4.4757392134781435,0.0017339745552475343,0.03119527542196467,0.0007482658448520676,18,,2
948,0.34532767953705695,0.2112898655162338,0.0823300742798568,0.31613058770301034,0.001258980171840917,0.043662812792001224,42.38339312385058,39.41887892255309,7.692609875357303,7.692609875357303,True,117.70624125723906,7.377361716364134,4.568960887889696,0.007874210048795563,0.15753955990112706,-0.0037512782380221435,27,,2
949,0.5695507002459141,0.0026852577412953926,0.007336884978396928,0.19719167096750026,0.20280029892876178,0.020435187138131614,42.09231834942867,31.7514567415735,7.997268301505616,7.997268301505616,True,106.70035249064793,7.3830263609416,4.284892067923355,0.007390764007097901,0.1237913801510839,-0.0027432208121312206,28,,2
950,0.5127207070233375,0.1841134997382293,0.05380411583214849,0.19095947338431943,0.025847055410957737,0.0325551486110074,43.384883774041185,35.45017938351419,7.794825983777632,7.794825983777632,True,106.9383191513168,7.429527772606967,3.1801706196200845,0.008624619698750585,0.11457917926030728,-0.0024066623962914146,-1,,2
951,0.4703176076330454,0.06292198700153565,0.10013481548986762,0.3107206443336146,0.037936272947307656,0.01796867259462898,36.94996794744218,34.550530664425125,7.597849752156006,7.597849752156006,True,108.92373140742981,7.294726462320597,4.920224188591254,0.0044090372636101825,0.10501863542306229,-0.0021930360576877654,22,,2
952,0.4573766446283423,0.17529812472766415,0.05475833745849682,0.18472970935189412,0.014082016745351748,0.11375516708825081,35.63754675123689,38.64547107535002,7.586918015337729,7.586918015337729,True,103.50381466406309,7.223609432791965,5.980172785427748,0.0038521896662702133,0.10586708382724692,-0.0017951559896145235,13,,2
953,0.4525171316295758,0.1742780037265597,0.11884099333719726,0.1537159257492647,0.07144188761891551,0.02920605793848688,41.977546861767536,38.68922464312641,7.9192187962554,7.9192187962554,True,109.87412720252142,7.417618854345648,3.053254502406493,0.007615413000620112,0.10944149811882804,-0.0021998132490324744,-1,,2
954,0.34884153170096144,0.2742903245447652,0.016026377490840137,0.27690187204639033,0.015036337518584332,0.06890355669845863,44.69267635823909,39.679358371888526,7.851619825586718,7.851619825586718,True,118.00284519460396,7.399866840117208,4.652722973614248,0.009881048820482375,0.17557243131341735,-0.0041815827445785695,27,,2
955,0.143406436492987,0.14197391598943956,0.05377506393616246,0.57183690000582,0.004444549062110079,0.08456313451348076,43.009620022691834,39.541917034517695,7.744191519340842,7.744191519340842,True,137.26127096337657,7.274802586810524,8.062816486202863,0.007965274487031925,0.23575513545386298,-0.006178802419937499,14,,2
956,0.4207647253331787,0.030900514423881576,0.06432466546026946,0.43561012321874065,0.028699334172744725,0.019700637391184696,38.63815834599797,38.70127371203864,6.482540549591339,6.482540549591339,True,103.49744814039222,7.310415405582896,5.352767514428222,0.005363685053587418,0.14132453449603932,-0.003423404604117362,21,,2
957,0.4333246789212102,0.06066369788294204,0.10278056203619486,0.29949150026138327,0.05961776632499836,0.04412179457327115,34.037422335297045,36.861532640342546,7.4489145412353865,7.4489145412353865,True,107.37074194320108,7.222985784534887,5.784587762979612,0.003238165318786849,0.09993266584043357,-0.0018291308885290615,14,,2
958,0.16047338588492538,0.019097139408121654,0.03456017678501938,0.6666707389057179,0.003173912779110804,0.11602464623710486,40.7034287559634,36.206842693097734,7.5612431494626415,7.5612431494626415,True,136.93685356389798,7.184458088490371,9.51180612688398,0.005990441250968697,0.22019089978172904,-0.005775807935268395,9,,2
959,0.38981360680232313,0.07964052398522056,0.04461664062110753,0.22438252901156552,0.0032912612616670324,0.25825543831811604,25.19034186963372,37.890023428946705,7.9178895100028015,7.9178895100028015,True,2.69044763503657,4.6977275236269325,31.40466937686826,7.676305377945119e-06,0.937585275319824,-0.016520924536980265,4,,2
960,0.329728864640277,0.04263862362272962,0.045308092330049725,0.44059481328927935,0.026277116979199985,0.11545248913846431,28.87768830090604,35.20593178524684,7.7322507587228015,7.7322507587228015,True,116.88631376970973,6.996209669141485,8.980146460566049,0.0016004907682351638,0.10919832425039236,-0.0016424820192722646,5,,2
961,0.5687250637041171,0.007561246725944347,0.04666557571432694,0.23881976347480127,0.001224147546097393,0.1370042028347129,42.325979151274694,31.9813316581774,7.699347660338949,7.699347660338949,True,103.84699137286859,7.307364542483746,6.1159207106277345,0.007390934515888495,0.14440519869712407,-0.0032086591980613815,17,,2
962,0.6519967775097334,0.018118529202488104,0.04104997119821416,0.1606073657935386,0.033582684910430774,0.09464467138559512,32.1524325615317,34.99300110424882,6.87598466883548,6.87598466883548,True,85.77658148376759,7.186563973561805,5.721645404574805,0.0026358007323293094,0.07716711575019684,-0.0009968097765451615,13,,2
963,0.14259577144139235,0.07410662421759727,0.06767116153375623,0.5306430052927333,0.1418740641269797,0.04310937338754109,40.175706659994056,39.573160464596775,7.995795829141381,7.995795829141381,True,139.80316220921569,7.250416652029892,7.877972472743469,0.005997837870989018,0.21579516186054773,-0.005665299031375749,13,,2
964,0.40590682937127015,0.0005574224460500547,0.0511824344628671,0.2761991214703973,0.08110003790141865,0.18505415434799677,32.717399238157824,37.59667992847828,7.4976464408594214,7.4976464408594214,True,107.08623430027819,7.060498319523662,8.874750312274568,0.002565109559265178,0.13036884173171287,-0.0022784443607145968,6,,2
965,0.545391591307579,0.0014117313504719597,0.1066112642810394,0.22369776533987448,0.009722393104401018,0.11316525461663404,29.016401253533992,34.55090747962143,7.412444235631375,7.412444235631375,True,95.31991355309329,7.082069304645468,7.012028986431311,0.0017680352201017242,0.07268240542048032,-0.0004387548591532655,7,,2
966,0.6118644510693217,0.1702752670393783,0.0006412937153220189,0.14455847388958717,0.0394212777584892,0.033239236527901325,41.76455449287205,33.54441057634867,7.645751525596936,7.645751525596936,True,98.64993809453414,7.408324762316233,3.150690401252146,0.007285010996554611,0.0943822304872521,-0.0018148041501475354,-1,,2
967,0.753985172703656,0.056901737468099935,0.025701457126861532,0.10883683040531178,0.01138976480098379,0.04318503749508694,29.08053716878024,30.82408015157953,7.3961428477003555,7.3961428477003555,True,81.66839753116753,7.177831881931638,4.786743989828664,0.001856150304916674,0.038963715235486175,0.0002217197647304175,16,,2
968,0.14137248494293025,0.0750887655679388,0.005512754340828699,0.6384593714090452,0.024579440773704296,0.1149871829655528,43.03139710780525,38.00481260985181,7.538223724680141,7.538223724680141,True,136.81682597582338,7.232518207808576,9.219167636429994,0.007747640393579582,0.24393543408430696,-0.006419233515674935,11,,2
969,0.5343004714877981,0.037417373114121084,0.003890018716856322,0.36120892384102593,0.01974436014759889,0.043438852692599596,43.48292068706249,35.55873990262427,6.624334758528531,6.624334758528531,True,99.38934599156919,7.389335231767045,4.653600184603453,0.00866943814232907,0.15322813054983367,-0.0037372185899466675,26,,2
970,0.6284136009199107,0.160472454243475,0.016052087689712852,0.05973355172314414,0.015781065438726347,0.11954723998503107,36.3373138110905,37.63142927904938,7.087537289734688,7.087537289734688,True,86.75641242799335,7.271418188596519,4.793820584538128,0.004240868277421572,0.08701157273554633,-0.0013237158850366174,22,,2
971,0.3709752755158349,0.04562215158987725,0.07103925223705945,0.4086917483399448,0.03875994734093175,0.06491162497635192,39.978234419003165,35.288058029379954,7.612205544509632,7.612205544509632,True,118.1407257062999,7.278583933493892,6.512340377538667,0.0058972336115586076,0.15823944481494445,-0.0038045262660702174,16,,2
972,0.4297894623269305,0.014711665577921492,0.16677125968762474,0.34568991636897184,0.040221269932106785,0.0028164261064445245,35.14663627900709,37.627945479484524,7.106907614757423,7.106907614757423,True,106.48474189673198,7.278340425832549,4.89272580734909,0.003726004311866728,0.10134082926303943,-0.002082262965319946,22,,2
973,0.5968075743516951,0.1347714470435037,0.051118843793371074,0.01736320064363768,0.12760951702775827,0.07232941714003426,37.252232436619906,36.677887965685684,7.796714010399435,7.796714010399435,True,94.07321245688304,7.320793293259021,3.885292208856939,0.004672820175995229,0.07639393692657083,-0.0010145450036211068,-1,,2
974,0.4992152501984984,0.05770843003854046,0.01376704107650703,0.034500886016009466,0.13613570480799872,0.25867268786244585,37.11650213466545,39.88312333202331,7.703937094022596,7.703937094022596,True,97.50818579608361,7.130894393600596,8.451185712600898,0.004259296078481919,0.14634964709786258,-0.002594581466368668,8,,2
975,0.6570960106469065,0.019583561218561436,0.06429237064791905,0.0604627841285646,0.031566751384525936,0.16699852197352208,33.16813821939106,34.06889952597868,7.507589164510895,7.507589164510895,True,87.03208242142692,7.159107718141283,6.415616311391622,0.002861333312923119,0.08455226710342605,-0.0010070903433037138,10,,2
976,0.10509578087237068,0.08694783643846497,0.04221411498457705,0.5958749215137762,0.0019629636979545113,0.16790438249285666,27.60135222623409,39.358246967506005,7.869266039250613,7.869266039250613,True,4.82149509657274,4.689426741847229,34.04492684820894,9.144122961257374e-06,1.280292509855444,-0.02150004805298268,4,,2
977,0.5025152749255317,0.03846967821252547,0.04473435335779216,0.022654031942420768,0.08232149867216904,0.3093051628895609,34.43171437075708,39.6500542957628,7.776440082946604,7.776440082946604,True,95.93332462120375,7.037578255874481,9.426924249462099,0.0030551790248984677,0.13979239453966702,-0.0021570051580084913,6,,2
978,0.7555429291730839,0.08322910208585238,0.04314812169291888,0.06313901446382834,0.010958361502140187,0.04398247108217646,39.92041007339198,32.17598202402852,7.311015578350438,7.311015578350438,True,85.97036496561496,7.3898445741310566,2.8629079197451337,0.006033924476434345,0.06888675351417321,-0.001042342275900059,-1,,1
979,0.40431695498238157,0.051384695866854686,0.003680523672936581,0.48890264843519116,0.02408597616481141,0.02762920087782453,38.0538704624757,34.642905967698155,7.067226012344238,7.067226012344238,True,112.47643296838194,7.264999958301359,6.309050589587874,0.004845719638647289,0.14222464299107598,-0.0034608302757601394,16,,2
980,0.45705970023135145,0.0717291055144782,0.004115546543388257,0.28721207529680665,0.06736553495548744,0.11251803745848776,31.090943001365776,34.395479148611884,7.757745391822977,7.757745391822977,True,106.38786363014596,7.091264411433081,7.65275324928219,0.0021840758036082313,0.09767602512465227,-0.0013748614515193297,7,,2
981,0.6626252667868044,0.03067649529917464,0.019958723900495714,0.17117492912985055,0.09041918356169282,0.025145401321981998,38.85202675484616,30.852800820759185,7.694794958680038,7.694794958680038,True,96.85657099335229,7.343894376788328,4.032392103329921,0.005307628793819273,0.08788515250521119,-0.001662232530285813,30,,2
982,0.5105243351805394,0.23170954511918118,0.09079154867721599,0.1019952434060094,0.006841741010169743,0.05813758660688426,31.488276201339694,38.21780444140916,7.831160377866919,7.831160377866919,True,98.46200669397668,7.230939391533313,4.32841045962734,0.002544117578625835,0.046315890650516806,0.0001360673737888617,23,,2
983,0.638737888918561,0.0781587307757559,0.08630174149635242,0.18908631007681895,0.004685356720071443,0.003029972012440177,30.813009405314244,35.01098634885383,6.92956757845483,6.92956757845483,True,87.70343217473075,7.241633050452467,4.08106366486575,0.002350896853010199,0.045763023160369294,-0.00015770787275503834,29,,2
984,0.2872999716763927,0.00605265823587433,0.12333918701733576,0.39623333528499066,0.026558058725157072,0.16051678906024947,38.34557364516439,39.7914216556769,7.424932815092822,7.424932815092822,True,118.9178788831216,7.170548691455159,8.585191568523038,0.004853502818545546,0.1786153041100505,-0.004099636466433239,9,,2
985,0.6183198501957846,0.0032848961227412723,0.21393370513662877,0.1402992601541838,0.016753403695995723,0.007408884694665711,34.14662897148543,36.82148679231855,6.976491909322092,6.976491909322092,True,89.66376517418804,7.314108202079266,3.2468299314264337,0.0034223869560795457,0.052394700935171026,-0.00047564539063833057,-1,,2
986,0.5521753634630983,0.08443619075323368,0.12649216149395082,0.04174231330506482,0.14492573020226024,0.05022824078239216,34.02684797292471,39.38498399655454,7.516191010485527,7.516191010485527,True,93.89571813411852,7.2838972254840115,3.9347607293712485,0.003390884915260048,0.061610636577966886,-0.0004901928352878898,-1,,2
987,0.48016583328929346,0.1291824620613243,0.002631028233309368,0.21726562557837106,0.03593452297702102,0.13482052786068077,33.4180862431544,38.388777783121284,7.177698266827784,7.177698266827784,True,98.37064826030519,7.155690623081804,6.938231484014488,0.0029753079832923043,0.10631777303432502,-0.0017102423508750435,9,,2
988,0.24324513392633956,0.07869374457262304,0.04869490560466857,0.6068301136364381,0.0005100851696701158,0.022026017090260735,30.34485149458781,38.45919833339009,6.919145030305868,6.919145030305868,True,118.6298641510564,7.105317216357805,7.721328202119445,0.002072987397054729,0.12079727840372206,-0.0025927541621964347,7,,2
989,0.6025800750124458,0.0759181511919214,0.05967066328960226,0.08785341207845804,0.16309075795217576,0.01088694047539668,30.710226318241528,35.816589308870675,7.511496773791687,7.511496773791687,True,91.14612564919206,7.240368314284656,4.0963797561162805,0.002330038842325734,0.04330390584161638,8.714274516548662e-05,28,,2
990,0.40679730113878065,0.14713249495407832,0.02863410784720959,0.32992159256793996,0.04428905567344401,0.043225447818547376,37.808666339188825,35.474870634100895,7.79442859432338,7.79442859432338,True,114.72742948239457,7.279540867050122,5.639910618621339,0.004786539647623779,0.12570945316458643,-0.002776293235626377,18,,2
991,0.6704577567601455,0.15409815154458445,0.04152051533248075,0.022761127353649685,0.017516555722051838,0.0936458932870878,27.399058155657478,35.92742520910321,7.32984118113196,7.32984118113196,True,80.57600664835047,7.135995128039599,5.114973293869376,0.001587968965834568,0.03425199318328528,0.0008168919498321284,12,,2
992,0.7923246850794375,0.12233035015771233,0.0004648489661766901,0.06106510936187337,0.021403176302917274,0.0024118301318827896,37.43866436895455,34.060708322567095,6.706356005822945,6.706356005822945,True,79.03771700572615,7.384859066418306,2.2832358497138467,0.004772908400209178,0.048585260376158214,-0.0004958068717920858,-1,,1
993,0.5468371410490243,0.17735292893465146,0.09596417740507668,0.08851841695282835,0.033088821260162785,0.05823851439825657,37.06837189462014,38.98819697250294,7.4058135559314575,7.4058135559314575,True,95.53837481895471,7.3314459212486724,3.5872681904194694,0.004653640551497778,0.07562006133213968,-0.0010794523890811278,-1,,2
994,0.49159588855747793,0.020772734570161787,0.08535662454995309,0.3213007406444056,0.03494806213456563,0.04602594954343593,34.392386937039944,33.67954099690296,7.519453435267387,7.519453435267387,True,105.97406035258891,7.217699601156494,5.950339203056164,0.0032848390362314123,0.09774261212250163,-0.0018228133747636326,13,,2
995,0.3132998444693333,0.04748162877609347,0.002830764209671727,0.5533589065882047,0.010595151765075179,0.07243370419162135,27.264653950541224,34.368750134592126,7.418117838399592,7.418117838399592,True,117.16174634905123,6.974380257025521,8.952295326999273,0.0013105032162439917,0.1006398251571077,-0.001454823659191241,5,,2
996,0.4890537869555684,0.3016718700966532,0.04014020451844929,0.13530833961379854,0.015731295050804905,0.018094503764725777,36.14794015659376,38.70580822548182,7.754617100338228,7.754617100338228,True,102.99862003841612,7.345866234012709,3.000373488020769,0.004231623951340778,0.06225840724382105,-0.0007578249853327151,-1,,2
997,0.551321467868556,0.020548043273454074,0.057940270973319594,0.3287707989563468,0.005426416494904835,0.03599300243341882,39.09221191278812,31.157149540058118,7.628520998085268,7.628520998085268,True,106.78616171622919,7.308706103354025,5.174684825826914,0.005365284835796876,0.11339132805399886,-0.0025013077736375194,21,,2
998,0.5392836156814074,0.02991590334922552,0.014118489281660582,0.40029798982150977,0.001810656501512458,0.014573345364684248,26.288944241043936,38.873560336644616,5.894729767249082,5.894729767249082,True,86.20343710433205,7.102627307897604,6.226751385972089,0.0013928655358665615,0.06553510477600809,-0.0005313239670920663,9,,2
999,0.3166024341045753,0.08645883081298823,0.04903293158700589,0.3872454328436951,0.016547670510093607,0.14411270014164188,41.0287811918676,38.17365986612528,7.5592608871610185,7.5592608871610185,True,119.17387764310608,7.236441525809232,7.876239834670569,0.006478626167782202,0.1871052654534019,-0.004448573440194206,12,,2
1000,0.5977149314939072,0.14715688775557656,0.14794055908417703,0.06750179504030002,0.011219293136868742,0.028466533489170474,26.522712866808437,36.12911216477893,7.71466674029549,7.71466674029549,True,88.81982223470686,7.175527681800971,4.06263415735342,0.0014649877408326386,0.009486939924414977,0.001573975400317709,24,,2
1001,0.525658781900896,0.003474098947666186,0.04516378780418449,0.20011682982613807,0.06617449564417294,0.15941200587694238,30.146954938580002,35.516410503775674,7.416837142007,7.416837142007,True,96.12137740340347,7.059068945746881,7.876016310632247,0.0019637937797798385,0.0932171276395827,-0.0010282343370483604,7,,2
1002,0.7159521968456509,0.07936046467845999,0.05852273269032389,0.13477225541944166,0.00121194392554382,0.010180406440579645,34.32298427609207,29.349932311938858,7.956338580696915,7.956338580696915,True,92.18391682603485,7.293646867572003,3.650905045467022,0.0032791055832388336,0.046026295792213776,-0.0002952514667449319,-1,,2
1003,0.16375222521243343,0.01103814034371579,0.09919499238628081,0.5388131784779959,0.15701883991727578,0.030182623662298267,28.830770981740454,38.99136401331957,7.833506311551528,7.833506311551528,True,132.22174593711017,7.042181596735679,8.666263019688621,0.0016800256162466936,0.1296572916331723,-0.002715902104029575,5,,2
1004,0.501837772643451,0.02175170534434108,0.08487900698822051,0.1948482286012096,0.13419407034747907,0.06248921607529869,27.197216681684345,35.0152195244449,7.834592850882271,7.834592850882271,True,99.76227674988924,7.080406150276592,6.612926507076201,0.0014570886792025384,0.057322794181239374,0.0002224746631722763,7,,2
1005,0.599537254757833,0.18388005586994863,0.060426197191021394,0.09714400580894458,0.040099837787904574,0.018912648584347762,29.070740321077587,38.15663266719855,7.099822680906993,7.099822680906993,True,86.84763046488034,7.226545287940546,3.8218692432478063,0.001990475974641048,0.0291829161512309,0.0006064322581056181,-1,,2
1006,0.49583700593170027,0.10783918046392155,0.07683432408515864,0.20901083817627278,0.06848437444953445,0.04199427689341226,33.911279390907545,39.00993117284145,7.06933505532241,7.06933505532241,True,97.57763946090049,7.255365068804721,4.853102583395272,0.00330156255481763,0.08428620482222078,-0.0013245938472430524,21,,2
1007,0.5736434074697249,0.08717064099127048,0.05021936895643947,0.20427160310226128,0.02613878927390067,0.05855619020640326,29.518006279474154,32.69434302605616,7.772853126849263,7.772853126849263,True,96.68477309399884,7.143031577623315,5.849413751747299,0.0019115039699225146,0.05649240974834401,-0.0001368861808573869,9,,2
1008,0.4103620945622232,0.12979512946791757,0.030672042046888025,0.31453649822096186,0.0736411231286546,0.0409931125733547,29.46974364620056,35.11939135615388,7.923934605559955,7.923934605559955,True,110.91256629321366,7.122717462540142,6.5852434754023275,0.0018919368693598156,0.07704851635070208,-0.0008001970380072202,7,,2
1009,0.4667730418528074,0.008478566666029521,0.06692312200175045,0.24704705433984722,0.017842404389044567,0.1929358107505209,36.85429196268222,39.57944762854626,6.836220767197118,6.836220767197118,True,97.91818194379384,7.170218238631853,7.75555797295541,0.004240985299408176,0.1439183472644366,-0.0029369075245212115,10,,2
1010,0.45544348066376333,0.11668016020581816,0.11595501462063468,0.26296346049787117,0.03739041704500224,0.011567466966910264,33.40444576693828,38.99924552571821,7.1358345839549395,7.1358345839549395,True,101.90415598840244,7.266410333642954,4.5023662100746895,0.0031417904323424515,0.0789518214514049,-0.001251318853128835,24,,2
1011,0.6442336642936145,0.08662956527717432,0.02924954902483485,0.055254455309308496,0.08335212530434427,0.10128064079072355,31.028052487948266,39.49816735531093,6.6327610269657225,6.6327610269657225,True,80.20501884296264,7.191422022091977,5.20555103761537,0.0024365224424863375,0.06664760685814658,-0.0005207993832860883,15,,2
1012,0.39669477855807234,0.12524531437427044,0.08620031028053948,0.26543503802985147,0.06866152254315709,0.05776303621410923,34.984783657708434,38.947594092187785,7.569805011702166,7.569805011702166,True,109.7020546103323,7.23761379630056,5.720742170260007,0.0036235540630601254,0.10821160319326016,-0.0020365490539987516,15,,2
1013,0.4113432824301589,0.024756550650173476,0.1158985809242642,0.3292725515058167,0.08587080434945077,0.032858230140135905,43.297428550374796,37.658373296332044,7.285319628707448,7.285319628707448,True,111.17126584667801,7.389067563879642,4.684013088648772,0.00856889194234669,0.16400350066040958,-0.003986713266060096,26,,2
1014,0.36823148553046847,0.05129719373494043,0.07639645803633298,0.4836043995032852,0.020359177325844514,0.00011128586912859596,41.9546113618439,35.71312355729592,7.183668097197483,7.183668097197483,True,116.69002746919777,7.3613352301203365,5.167418101932747,0.007390684101900502,0.1657948847018974,-0.004236245658127751,24,,2
1015,0.7472656828820279,0.15499722122453877,0.02568756082369044,0.0427909099035633,0.004930457981185948,0.0243281671849937,37.66313305328133,39.75807959799461,6.0790264815827975,6.0790264815827975,True,74.91694563035932,7.390247684183912,2.1710610860545927,0.005057128322047616,0.05381300684320347,-0.0006348717110667921,-1,,1
1016,0.6313577880353956,0.03183108675890313,0.07936084925598708,0.17803965245914577,0.010170504564665969,0.0692401189259027,44.4736788781585,36.882555007859324,6.614448230326243,6.614448230326243,True,90.00093876093501,7.432420923880201,3.420747270093254,0.009705233690012395,0.12489637775074294,-0.002735728015896288,-1,,2
1017,0.2562116193444269,0.22851740791936423,0.0050991401385954245,0.41388987428137325,0.07020235405528488,0.026079604260955583,37.00834344137764,39.64224164056512,7.788766679481934,7.788766679481934,True,125.39908031802194,7.2624373398422035,6.135639257390149,0.004463033822703417,0.14967792088192564,-0.003573852932310744,16,,2
1018,0.5701330622984656,0.011595634437847599,0.08399537774150831,0.33157728727276153,0.0011143798381567567,0.0015842584112600864,43.14431617598885,32.65577509817481,7.16588376755361,7.16588376755361,True,103.42772153087387,7.4168763965261295,3.693353490795944,0.008302960120590182,0.1242044761312593,-0.0028996658263548795,-1,,2
1019,0.20072831010553432,0.13245846882018664,0.01667800367454767,0.5293384418115091,0.0037717611487686864,0.11702501443945357,30.48170697686147,38.408793427409535,7.668336217894393,7.668336217894393,True,127.21486272949946,7.011775897834792,9.469556336341276,0.0019435909604087092,0.14038052577072394,-0.0028893482607734865,5,,2
1020,0.5255297154521462,0.14719307399912374,0.08385407754916546,0.14245358064980834,0.026735396634990315,0.07423415571476591,44.8249851333572,39.57124291122487,7.121365766681179,7.121365766681179,True,97.97932875103614,7.438562815750592,3.293220593409215,0.010123981729266077,0.12886575451818255,-0.002736377433153534,-1,,2
1021,0.44488916982033516,0.021291766679477027,0.03817319738533686,0.32380368615902644,0.131845279590833,0.039996900364991504,44.13587307156703,37.335887557978,7.066091380754775,7.066091380754775,True,107.11032090228511,7.394896973156222,4.847591917455886,0.009290842091760102,0.17202166733609706,-0.004216352129038534,26,,2
1022,0.592735738279657,0.0310834780886362,0.05054021025635692,0.10736921781246887,0.0557392624658392,0.16253209309704172,39.52812337583973,35.42789700194947,7.449017781532864,7.449017781532864,True,94.49881631458582,7.265562788554073,6.088523033341755,0.005681247807062055,0.12640384922914122,-0.0024955553717559554,16,,2
1023,0.6373137458972183,0.1342969848522274,0.031718607804336454,0.013207354714494662,0.1582257490497973,0.025237557681925864,27.191724303140397,36.04251551452509,7.626955215749414,7.626955215749414,True,85.13491642460619,7.184810409540649,4.175787757585059,0.0015836330208774392,0.019649154087114228,0.0011787893023075748,22,,2
1024,0.45500127971236287,0.09585886609739384,0.16501383841456305,0.1319496963745083,0.08140083055194533,0.07077548884922662,29.916702515120342,39.63216478192457,7.7950505708095825,7.7950505708095825,True,101.86493971965977,7.167799016957877,5.493950717463003,0.0021090198505994587,0.05917208176723915,-2.1862372767310578e-05,10,,2
1025,0.6140168366309531,0.0617791777755114,0.012032189921075194,0.053928413325754015,0.2486302579501792,0.009613124396527084,33.155025170112864,37.786074983388126,7.171385216941889,7.171385216941889,True,88.45737642562123,7.288363729340775,3.773499442483999,0.0030908015629544927,0.05894965257058331,-0.0005321438544757804,-1,,2
1026,0.5564940626170503,0.0537292767829092,0.2934834926396145,0.0751577581293791,0.006993713477125262,0.014141696353921774,30.60149617766413,37.56203042181211,7.763329843087879,7.763329843087879,True,95.1920363510856,7.27030891186752,3.0655834141642453,0.0023448195892862432,0.01896564764082173,0.0008467391671740462,-1,,2
1027,0.7315948934142318,0.03412868930448107,0.04301705206956933,0.10050417032568387,0.023860535685717204,0.06689465920031676,38.4597519980087,29.925207558096567,7.798179747247664,7.798179747247664,True,91.10052897728305,7.326988267326021,4.096548204762319,0.005060640682625343,0.07804607335105135,-0.0012758355620073746,29,,2
1028,0.6269073773591615,0.09063810020401843,0.1995968419006345,0.020161902261670604,0.0008207565701605796,0.06187502170435433,40.16920404112098,38.88687384292382,7.17985934864765,7.17985934864765,True,89.19264721702085,7.402316867658224,2.4507758228893795,0.006401178981836608,0.06728978807987106,-0.0008615524557625947,-1,,1
1029,0.28003074975782294,0.1257784696134681,0.019027592259733078,0.46253346694870007,0.003257629502857091,0.1093720919174188,44.38379982594751,36.134591372868684,7.866199186925338,7.866199186925338,True,127.96950444650122,7.304192476235415,7.450836199119476,0.0090941859552218,0.21453993965679152,-0.005408195814162279,16,,2
1030,0.5707869347779726,0.047134803324318575,0.04569333282443943,0.10538646772801678,0.0720895646774821,0.15890889666777047,37.45189736072135,39.02462300987597,6.937158314060835,6.937158314060835,True,90.07067488247499,7.238351166425343,6.137425931074947,0.004681655565948154,0.12046989794211849,-0.002281352681385457,15,,2
1031,0.41267134192343247,0.02956549511295332,0.05124355210166916,0.42359763279185164,0.08064270772358412,0.0022792703465093333,38.66546617281559,34.26645309476921,7.439411304356022,7.439411304356022,True,114.82955387891026,7.302803702835046,5.542876994761178,0.005215735955966112,0.13652336922438416,-0.0032973452131950126,20,,2
1032,0.32739815819686363,0.061257929030317564,0.1514200600507479,0.3198303605915817,0.06012122368623335,0.07997226844425587,32.45494535409609,39.80637216073025,7.660008617252909,7.660008617252909,True,115.0609252830409,7.1520184356454655,6.99210132673982,0.002686169670794882,0.11173917601101936,-0.0019408508141095957,8,,2
1033,0.09129555353839623,0.09359197633461619,0.060632802441206786,0.6773802939507468,0.04877104583480179,0.028328327900232212,34.35733484185651,39.533812208591776,7.536810889269143,7.536810889269143,True,139.02844222894026,7.140598031341792,8.574157459490927,0.0031768236080740183,0.1786547933830466,-0.004685742490195584,8,,2
1034,0.6956102024281695,0.04662085475182363,0.003933162483658654,0.10714391314401349,0.07030556063669118,0.07638630655564352,30.58977995123896,30.38655838986488,7.880503376016869,7.880503376016869,True,88.56605090815644,7.1635395663692805,5.5786786603439324,0.002134995812149003,0.05485175142687558,-0.0001919622320599483,11,,2
1035,0.3748050956697278,0.005761579693106523,0.173121205882345,0.2596966572883483,0.1723216724156056,0.014293789050866977,26.34107468502561,38.25013728848723,7.933764442020455,7.933764442020455,True,110.55912390048721,7.0998225958722605,6.249522326823642,0.0013668513666861904,0.05631010025551987,0.00019479921348284412,7,,2
1036,0.47803668042358693,0.22247276696490367,0.02334365495864304,0.14153512793681086,0.025724098857220344,0.10888767085883512,42.438789474073666,37.91201042059265,7.840467748689009,7.840467748689009,True,105.90510171145306,7.3558098559939715,4.753858466940371,0.007842126479424056,0.13682382325536596,-0.002886785854063944,25,,2
1037,0.2655021601532348,0.03466976101531625,0.050801030923516066,0.5941455084601031,0.028709395134108452,0.026172144313721345,30.973516253898914,36.49432154416948,7.16182502392689,7.16182502392689,True,120.5711321692413,7.104080193317079,7.89572301644904,0.00218243883978745,0.12308281477278411,-0.002689591619880787,7,,2
1038,0.6930899555414307,0.03051599529873792,0.0070778286212736284,0.057587788995491315,0.010085177872321013,0.20164325367074548,32.098790876961594,37.38935776134621,6.57857804564402,6.57857804564402,True,77.35566370891111,7.131345792109872,6.750413166495688,0.0026032655617641556,0.09351321769716812,-0.0013486528125209395,10,,2
1039,0.5361038267464497,0.09394040066029484,0.041353815415401826,0.30076838557009733,0.02472421545612312,0.003109356151633192,28.986828172208572,32.94234663623374,7.510317204135948,7.510317204135948,True,99.84460249213903,7.161328271749803,5.4827831957252675,0.0018244478201140922,0.05425703641154944,-0.0002562747210939834,11,,2
1040,0.2206137366430075,0.09773925033534396,0.03469072287472562,0.6090276371106892,0.0077268948544988855,0.030201758181734904,32.7301841328389,39.3524796202898,6.91216741621493,6.91216741621493,True,120.75678523103124,7.1451549464289705,7.684493472555109,0.0027256593670084697,0.14073953470444853,-0.0033212977660312024,8,,2
1041,0.5118509809558491,0.006091300495221522,0.04542605852630293,0.4121206027451569,0.015524380653475892,0.008986676623993677,25.56502581999361,31.445087987011874,7.418291367274088,7.418291367274088,True,101.67722451385906,7.040153609756164,6.957970363138923,0.0011471681702126936,0.05239748445464774,0.00019923519540020359,6,,2
1042,0.3693967433726127,0.034234267957283696,0.04649115398721559,0.4759525067840187,0.015083842786066826,0.058841485112802544,31.035768107735535,39.91414486830662,6.403109542440355,6.403109542440355,True,102.89110684813984,7.129804241261308,7.235916939380136,0.0023029243930770206,0.11215734581452726,-0.002163822189363796,8,,2
1043,0.21301011145631113,0.02575421968687167,0.10547627432194026,0.630840022230618,0.006577646254462455,0.01834172604979652,34.60225850532608,34.64578334228334,7.788756614982334,7.788756614982334,True,134.1965611244569,7.161800275259126,7.84245841671834,0.00322737366123702,0.14952171467493294,-0.0037575648285404785,8,,2
1044,0.4547181186921185,0.010890492155482321,0.31879373982971626,0.19256222706773538,0.017251804447808425,0.005783617807139105,40.951203393321215,39.147829239224215,7.594898743267097,7.594898743267097,True,108.34105720934471,7.422298630481993,2.59608558656163,0.006897960931777295,0.09314251229582965,-0.0017765858280194132,-1,,1
1045,0.13725553175089167,0.061817945087752825,0.19045480276385324,0.5663836715602826,0.03358961473708253,0.010498434100137332,43.835236473546885,39.977621975137154,7.840447488257517,7.840447488257517,True,139.5766456695234,7.3586177824741,6.256090107394468,0.008947623599984484,0.23703159952810082,-0.006358643063100833,21,,2
1046,0.6449360474897211,0.03988403087943125,0.252901475110622,0.03000921914170954,0.02863289404120216,0.003636333337313763,41.09941800123791,34.87329832445326,7.825478164444133,7.825478164444133,True,95.69974319177103,7.451087952288616,1.4009075744713948,0.006745088121714873,0.03894198197627427,3.0139037881196868e-05,-1,,0
1047,0.6283833845259401,0.012991724576225609,0.14029931866778428,0.10924438169295843,0.006133657352673583,0.1029475331844179,25.35989724164628,33.36693504687946,7.699758503975874,7.699758503975874,True,86.8009315342084,7.043541028123871,6.417773351230448,0.0011661573911768523,0.03730024325032568,0.0011209044848384136,7,,2
1048,0.721007652724055,0.02028288435959282,0.0552471387597019,0.0886552474198775,0.05483032353301471,0.05997675320375807,42.92624529249627,30.73724618241033,7.725889797306487,7.725889797306487,True,93.08911523589914,7.41336060778663,3.2912840955816236,0.008041598412371865,0.09409630413704645,-0.001765337396283826,-1,,2
1049,0.024649585242268488,0.015666853998656655,0.1672829571687426,0.7434881101460734,0.04231814624159422,0.00659434720266448,30.118203807567557,39.40691544967198,7.769644368777576,7.769644368777576,True,146.69025738130486,7.054155834475222,9.100424114107248,0.001929676992195131,0.16087456407331185,-0.0042416438997635985,5,,2
1050,0.38731496290617856,0.05784907707398903,0.0849818484150418,0.312203973573526,0.0018949595548433157,0.15575517847642137,34.21899207023415,36.00739584540863,7.859720055743623,7.859720055743623,True,113.49995701981712,7.113595192416773,8.192725409667377,0.0030697748735484596,0.12798889365718719,-0.0023684829942895846,7,,2
1051,0.5100027958039398,0.020372551636647536,0.22338885288887098,0.1754349331320704,0.017331535081350526,0.05346933145712066,41.28555826386476,38.13431806380548,7.341178214541076,7.341178214541076,True,101.59705336906995,7.385373814251256,3.6664051309427377,0.007088488646746,0.11269588021735673,-0.002322365229037361,-1,,2
1052,0.6132827329797174,0.1554416437698055,0.14618911208987284,0.08082654564623769,0.001293486818574402,0.0029664786957922977,30.114136529597268,36.73726919075608,7.4053312300303515,7.4053312300303515,True,88.91486089411235,7.268653674612594,2.999646379073347,0.0022256930141815647,0.017447516029417305,0.0008349324460301102,-1,,1
1053,0.24952715716219778,0.12872097013647824,0.010480385537888066,0.5815351756794672,0.010173241908241211,0.019563069575727454,27.99941140758629,37.249481842068604,7.242033512413622,7.242033512413622,True,120.098894411566,7.055015982171247,7.921199473120054,0.0015523210454779822,0.10318871075564906,-0.0018266576007030504,6,,2
1054,0.6893214933331796,0.04840342697158325,0.029485683594325757,0.051958856944672595,0.038826292305321315,0.1420042468509177,28.287002156842,31.98141494363131,7.804624780980759,7.804624780980759,True,84.04261244427566,7.078713071391311,6.542457733420716,0.0016212262685717327,0.055582939104497645,0.00016672006479148682,8,,2
1055,0.49077672316275045,0.04650938569420716,0.09450252522478671,0.13965845171508132,0.082649815864732,0.14590309833844256,30.496267282947308,38.23402118246784,7.562640771178126,7.562640771178126,True,97.60691932830025,7.0944630986535575,7.228160005569948,0.002126586052291886,0.08701338612551329,-0.0007365241529512808,7,,2
1056,0.483044859142186,0.05284894916657253,0.00015354279767735497,0.2971015539847615,0.11571322190622615,0.051137873002576474,38.04904629994986,33.96481917430216,7.609827911509184,7.609827911509184,True,108.27607379304267,7.274492586615118,5.846773508810725,0.0048564975166639985,0.12491662932876457,-0.0027367580216469917,17,,2
1057,0.4942373377107675,0.10066628608889126,0.0970651681359981,0.12277245277053088,0.11096254539443513,0.07429620989937703,42.99032269269193,38.294143434415204,7.710541070940045,7.710541070940045,True,104.36577427401627,7.393210151670465,4.0359231667132125,0.008367487433236311,0.13270289659632398,-0.0028143305234260814,30,,2
1058,0.8124482783477422,0.002450063217086425,0.06661608544225549,0.014916638316289223,0.0924189206819616,0.011150013994665097,42.57035037427882,39.39676940903626,5.831279266553752,5.831279266553752,True,72.44191451554151,7.471559495996432,1.5279560893584054,0.008117594415170662,0.05563596403779543,-0.000606475444398677,-1,,1
1059,0.41600273073850963,0.14962008679988714,0.018778313741355874,0.22484750202318435,0.09541219895496428,0.09533916774209868,25.200322730399456,39.019713713830086,7.584180076292289,7.584180076292289,True,101.66894117345612,7.003563204887634,7.547648703200415,0.0011343720640395129,0.06034929868576024,0.0007298563671208054,6,,2
1060,0.6020455034927378,0.022808468795346065,0.001121348828302864,0.15419132505503205,0.04050800056314822,0.17932535326543306,39.443897759250035,36.70909769285765,6.846994551716805,6.846994551716805,True,90.0141890683497,7.251667225492079,6.498641298949666,0.005647248643203247,0.13763098372760965,-0.0029045277340567664,15,,2
1061,0.6022963162860683,0.07611280033977728,0.05171318965493887,0.08302012422578753,0.1539185973848274,0.03293897210860048,37.055829370772315,34.49596166798763,7.81220567509123,7.81220567509123,True,96.7122239502575,7.3290177692985505,3.796969736464717,0.004527494729294893,0.07626622768831104,-0.0011456163843665476,-1,,2
1062,0.43922423314174064,0.05687247040423915,0.1425568102208824,0.15055399141590287,0.20769840486343383,0.0030940899538011023,26.185133865190537,39.90077576009122,7.750470430483977,7.750470430483977,True,101.8913581514411,7.149861425031561,5.0585364971315,0.0014097376816418585,0.03528509845051385,0.0008316723832797915,10,,2
1063,0.7308426084078672,0.023545137585121147,0.16527432249327242,0.05170799076144236,0.011477031170416737,0.017152909581880166,36.49257380221273,39.1316998086389,6.238107051417209,6.238107051417209,True,77.08029714971094,7.372762054171176,2.2990404697972457,0.004471569536380321,0.04964867956474726,-0.00048511075171769023,-1,,1
1064,0.5032213848930606,0.017221713157518557,0.267457085386469,0.15739976668473268,0.014297105271499813,0.0404029446067194,27.436155308226077,37.2922729543845,7.708582271802069,7.708582271802069,True,97.8455591928443,7.152608341551667,5.011254788091745,0.0015958318912034158,0.03303881093249803,0.0008500143046536547,10,,2
1065,0.722639655948846,0.11097480571071562,0.07550481461271182,0.06177086262684684,0.014523569183507352,0.014586291917372393,30.74603783514531,37.31153259912571,6.551411607757244,6.551411607757244,True,77.06275195360953,7.271350323869606,3.182901718488473,0.002418237049371152,0.03183240377234293,0.0002727709675627291,-1,,2
1066,0.0909293127050894,0.06839084042216462,0.009013512675496639,0.7766040119603516,0.016805200868090536,0.038257121368807344,39.53111288581514,37.138428669616346,7.362252081804025,7.362252081804025,True,141.12486786412367,7.205833353487017,8.862827036283173,0.005430931904750189,0.21963968272354978,-0.006044234136468892,11,,2
1067,0.5984637966616106,0.0276051856047217,0.08331904986424528,0.11846555616038752,0.10555961345974753,0.06658679824928737,42.969584381116725,37.139559738223326,7.0702852252109585,7.0702852252109585,True,93.54891803804283,7.406488698909707,3.653968254378123,0.008363044723095427,0.12054517866108243,-0.0025381599416934224,-1,,2
1068,0.6109531920023152,0.07075854434574667,0.05866428728046553,0.10801194910905815,0.03868655640569931,0.1129254708567151,39.14382153795362,36.53942155931653,7.142921516214166,7.142921516214166,True,91.15454081783862,7.309194940144655,4.860999556046063,0.005615194760223454,0.10896958575947213,-0.002093376395643105,23,,2
1069,0.5231929361237774,0.009586660515124752,0.2142429933513388,0.058445070741393185,0.033849423482611905,0.16068291578575392,40.62529822199582,38.69190202488058,7.748730832132153,7.748730832132153,True,99.52473628904276,7.296591220400179,5.507464415459846,0.006494641800913359,0.1272033834083823,-0.002406463320193144,19,,2
1070,0.6775657370812197,0.03204475696059717,0.06486987862704538,0.03605475650928667,0.16182366302445003,0.027641207797401198,40.953117659347924,33.31206096386537,7.730251369249563,7.730251369249563,True,92.99581489896389,7.410351090465377,2.787863080623453,0.006723595034776107,0.0777766606156417,-0.0012418785051030463,-1,,1
1071,0.20754020951579347,0.21067098104983348,0.008478286912336338,0.5224827694468841,0.016246511855703465,0.03458124121944924,30.521797074995497,37.83967061636497,7.874346914291245,7.874346914291245,True,129.40685722717495,7.101742150993028,7.75028242309236,0.0020926472624221205,0.12039550319633592,-0.002480318331149704,6,,2
1072,0.3703017378766782,0.0983570918259425,0.07002651881332202,0.2460342641545381,0.0004442711673414025,0.2148361161621778,32.778066163281565,39.174384213788144,7.757630410050187,7.757630410050187,True,110.10652926857266,7.0448251730078715,9.056265146292738,0.002572672420937408,0.131738377602724,-0.002125409126401529,6,,2
1073,0.4815501050788987,0.20631618394742468,0.045973635445708164,0.15270359246571932,0.013138553161234185,0.10031792990101497,43.37530588055333,37.705384892235145,7.7905209099286665,7.7905209099286665,True,106.02522979772361,7.379860876693408,4.422506173764914,0.008628100182705132,0.13896316354895427,-0.002983768456136059,27,,2
1074,0.22296206424061218,0.05519106519886212,0.0555319126774696,0.5603822089874776,0.0895794854297075,0.016353263465870946,25.831071950679995,38.18274653639717,7.362169004200919,7.362169004200919,True,121.61572976185087,7.000396600553645,8.359013668758925,0.0011802738878053623,0.09555924164178757,-0.0012593180039930168,5,,2
1075,0.6006594361085759,0.12553106082164706,0.0961677681335057,0.13637067611650538,0.04043530203367534,0.0008357567860905449,30.38881160431688,38.98726979037544,6.735355220987031,6.735355220987031,True,86.13721801693659,7.259662849788566,3.5397043807318282,0.002323844718133202,0.037861362463032996,0.00013950194983807854,-1,,2
1076,0.3299335988987159,0.17485545130270302,0.06085479602688423,0.3470286487411329,0.024909426146177062,0.06241807888438699,27.99308282143474,37.44726188176148,7.973454766275386,7.973454766275386,True,115.97486275439505,7.070185617971351,7.244738741843773,0.00158255360439182,0.07993484658162332,-0.0006235451243707896,6,,2
1077,0.5238106666358391,0.05687810446111581,0.047398542189719596,0.043804545299616714,0.0052943634203678905,0.32281377799334093,42.52630850885729,38.35637857530514,7.716301086194727,7.716301086194727,True,97.73358293490575,7.19568211526743,8.583194095349139,0.007388238089178872,0.18064001532217186,-0.00368553366189593,10,,2
1078,0.3692467764955745,0.024756147794194133,0.09661070812847393,0.2206324854664499,0.10096295582710411,0.18779092628820343,39.59466901560985,38.73154356772287,7.996567023538089,7.996567023538089,True,115.41208790177036,7.191276981471215,8.258569914338095,0.005534978975354615,0.17195783473556486,-0.0036798800138923933,9,,2
1079,0.2793928284319773,0.07461527369087453,0.1118118150007747,0.49573983764125457,0.031863570557437666,0.006576674677681346,40.71564490977869,39.3307453822535,7.125882614920606,7.125882614920606,True,120.05340710039995,7.336575349235873,5.536209096879553,0.00660501340767802,0.17565611943245618,-0.0045126453202113375,22,,2
1080,0.6840022158364331,0.11356491500761755,0.06053943552835358,0.06552684078644506,0.06711382214691072,0.009252770694240289,41.52042943178841,37.81752509442741,6.685653586706281,6.685653586706281,True,85.22308174507796,7.448163384847584,1.8775994275395338,0.007272151113289267,0.06320119114955247,-0.0008319699914267184,-1,,1
1081,0.18594320899070046,0.04183655169662753,0.08391975647270394,0.5907453949432036,0.040695296358417406,0.05685979153834695,25.95720414650001,37.358022489339916,7.643066673716951,7.643066673716951,True,127.6785187628077,6.938422569668404,9.36506882910312,0.001111880473468112,0.10649741238215783,-0.001461931021691951,5,,2
1082,0.30619280178991426,0.08442908812263962,0.026686096236103775,0.3809793718910395,0.07359286788891438,0.1281197740713885,38.85492912309496,38.5153994142339,7.607238793331249,7.607238793331249,True,119.73784261203981,7.203518515436662,8.021414076877402,0.0051671271330891114,0.17470709519425948,-0.004067677455981503,10,,2
1083,0.34528510273896024,0.01449818609264652,0.08961169080700383,0.361761658320169,0.18802007238960292,0.0008232896516176048,32.637080676941444,37.306590644471314,7.692423865032494,7.692423865032494,True,116.74806250282234,7.201946497623203,6.176731673321651,0.0027696129096897886,0.10855821126616533,-0.00217739769171964,12,,2
1084,0.39487097976910235,0.04164619850105913,0.053629427577753117,0.3531443221786503,0.11918484559916308,0.03752422637427195,42.55662051066217,34.4433942604866,7.924125295836452,7.924125295836452,True,119.72593615456819,7.348411172569286,5.595267303178604,0.007739176640152734,0.16712686732504706,-0.004092431044313228,21,,2
1085,0.47534657513739764,0.0029485501285872124,0.111194039535461,0.27842135179600097,0.12284209745851729,0.009247385944035794,37.57935674213604,37.9092323470547,7.021319861965976,7.021319861965976,True,102.44968751936734,7.322372545433331,4.546885012245115,0.004839063287952251,0.11307384018306445,-0.002449176592573446,26,,2
1086,0.5064252516429496,0.01944845441093631,0.09774712079967299,0.3044414821214514,0.06255671767392013,0.009380973351069377,43.81710062087207,38.51482073707806,6.578322990634867,6.578322990634867,True,98.90671437695427,7.436402737212565,3.4633709684119975,0.009165923665592018,0.13865362766106626,-0.0032783191877640925,-1,,2
1087,0.37311313321764483,0.06446753409278265,0.12342266008552076,0.3211406757299419,0.0071694524445318555,0.11068654442957801,37.16221965969252,39.18040546851998,7.342748891262708,7.342748891262708,True,110.75524011515472,7.2210171759831026,6.819946644858319,0.004460442158848778,0.13963451092265808,-0.002978789954386246,12,,2
1088,0.5506497668998431,0.031433950208216044,0.03206214211910045,0.1223111072100001,0.10771124001811606,0.15583179354472426,28.537432420410322,39.913067078238186,6.821935839823673,6.821935839823673,True,86.58190523499931,7.061213414026484,7.353063472433924,0.001726525490125116,0.08260724596407226,-0.0005607451636290231,7,,2
1089,0.36985041246753525,0.24641335174625278,0.023797612359903977,0.2709250192738678,0.0719464422813031,0.017067161871137052,27.213126675408034,38.438060286513455,7.956291069001736,7.956291069001736,True,110.99501333633111,7.1309757562892235,5.7498837818875455,0.0015338684331987723,0.05320088412605273,0.00013623689668773093,8,,2
1090,0.2755364235650544,0.015451087863549588,0.15464934258569643,0.5397238810346644,0.008982679882509658,0.005656585068525546,35.138617552247155,34.13368135036164,7.959761541580102,7.959761541580102,True,130.16575135441892,7.207384171782114,6.818092091956325,0.0034953928778629546,0.1341116698251618,-0.003237703483771503,11,,2
1091,0.41405951084707177,0.04838858114311511,0.05788699392890368,0.43826457156370363,0.018554685394693536,0.022845657122512082,33.998016209220765,32.22509817059422,7.8288928689488735,7.8288928689488735,True,116.85182460627422,7.194278644279133,6.501697225988325,0.0030705440260155085,0.10600706420316046,-0.002198794428997043,10,,2
1092,0.1404966861930039,0.023910237284652157,0.07365656275445487,0.6066967569282237,0.11609346684592627,0.03914628999373917,38.936694048097664,38.64557394371826,7.663039588439565,7.663039588439565,True,137.61915767957268,7.220139430714265,8.234170725724285,0.00521433787264248,0.20688760825487315,-0.00548355044370978,12,,2
1093,0.585016088001916,0.0065176454011039685,0.11522034737663923,0.1969219787625109,0.01311995779981351,0.08320398265801622,44.18718390732933,37.94312195218359,6.635305145005268,6.635305145005268,True,92.30713849199095,7.411809083069334,3.933246143423356,0.00944905690121985,0.1380191841888247,-0.003112154819985801,-1,,2
1094,0.6143524774830735,0.15185238860844308,0.041748109841273494,0.012127257778023863,0.13292810043130937,0.046991665857876765,38.19285279558731,39.31051498877713,7.183810682571493,7.183810682571493,True,88.82206737502536,7.369085560488654,2.9495215768451395,0.005268056260841459,0.07130619702217647,-0.0009763066955419482,-1,,1
1095,0.14524097439452038,0.0005431032423591413,0.1444828572879299,0.6660300979045768,0.03741812909800148,0.006284838072612358,26.624145321359972,39.55813082482805,7.154701066378214,7.154701066378214,True,127.06003663809209,7.014425615657759,8.518099450910261,0.0013069893313466154,0.11314331042230574,-0.002166752955864359,5,,2
1096,0.5560100477268123,0.04267123690898878,0.18160223229479158,0.09093302735435875,0.048079866790105515,0.08070358892494305,29.658479260557037,37.11348874074088,7.630505687868112,7.630505687868112,True,93.08631230279175,7.166635352531496,5.2787842110759335,0.0020360112603803864,0.04942070830837789,0.0002595447917227309,11,,2
1097,0.577950065339987,0.08570930641289735,0.0047995932108338725,0.19141829526914633,0.1033870100922695,0.036735729674865936,44.55725117153675,37.17090026923641,6.848868153193758,6.848868153193758,True,95.22194674188397,7.444307921584983,3.2968897384922933,0.00979420370483458,0.12869255437008742,-0.0028600407674727016,-1,,2
1098,0.17296510531339387,0.04426048066502413,0.040115928607729195,0.5086682219191448,0.17595652780758755,0.0580337356871202,42.48339511437849,38.802998495214425,7.948592776707775,7.948592776707775,True,137.1277328601837,7.277588875614295,7.960309459743831,0.00755713184790907,0.2323173172884543,-0.006082623535055806,14,,2
1099,0.16334802716628682,0.07547555256372832,0.12494616473934719,0.5895134440200209,0.0013359806019150528,0.04538083090870173,26.66922401396333,39.62034801701107,7.464398965602536,7.464398965602536,True,127.26748696291732,6.993733807449328,8.723870326236531,0.0012913746245072607,0.1096512388921981,-0.001776974111035861,5,,2
1100,0.6228672293100426,0.15036502133802385,0.04793905236843305,0.09127995010505982,0.030629005080936033,0.05691974179750454,35.758559342129644,37.91438308792762,6.9560238799033804,6.9560238799033804,True,87.4760260968123,7.309928986262412,3.7624058876664765,0.004057859089807673,0.0702961393224264,-0.0009504151019028967,-1,,2
1101,0.39084568626423977,0.11987841259140455,0.10795392646659524,0.35848506706064276,0.01593781749016055,0.006899090126957146,44.53546982260433,36.04255058455394,7.6933787253976735,7.6933787253976735,True,118.05759091370876,7.4314782314747365,3.8840983787287895,0.009659041937041294,0.15783245681985417,-0.0038495716139757817,-1,,2
1102,0.4473787921937413,0.001446753005161588,0.013675452708366639,0.5140340212935771,0.011557932512408215,0.011907048286745147,36.12963315204045,34.39217187737166,6.713143747691911,6.713143747691911,True,106.81144154915275,7.242758869558722,6.229157253902013,0.003966558886270362,0.12610726844289277,-0.002992940798014065,15,,2
1103,0.3449675763341498,0.11461125876860362,0.0065853526604333695,0.3659146909472773,0.02768436607286838,0.14023675521666734,36.190978451386044,35.918148729164905,7.909131533297348,7.909131533297348,True,119.17056451994083,7.14666399115986,8.275647250949348,0.0038027212217571988,0.14784284749771537,-0.0031556262755985547,8,,2
1104,0.44130638505339076,0.1513066772042892,0.18238727101518332,0.1316041014256233,0.015241674143821535,0.07815389115769181,28.909531960842514,39.629187792065835,7.991610296070345,7.991610296070345,True,103.43512836140317,7.150233580588056,5.45563051228226,0.0018813390046288716,0.04808767097013236,0.00047412196978276184,9,,2
1105,0.3025221680747619,0.008529057805729027,0.03764094610043693,0.3854908699642244,0.027075713707814707,0.23874124434703292,31.18669776730155,39.74519770080518,7.26603085533036,7.26603085533036,True,112.48970892061985,6.948837599694191,10.60047950228209,0.0019921601436257153,0.15300374694698435,-0.0029849964615841448,5,,2
1106,0.609308047906678,0.005700434154901879,0.19317719733320327,0.1519624634872518,0.02297805016949774,0.016873806948467452,30.861905706512673,37.20921143948182,6.893157338081302,6.893157338081302,True,87.81301803408294,7.244229818529687,4.01318463024496,0.0023994690201167733,0.04558026612103792,-7.432481712867297e-05,30,,2
1107,0.6006252190647933,0.046060953830285724,0.006408601671094145,0.024412639185463058,0.19234552652626488,0.13014705972209875,26.749713067363206,38.05856699672069,7.309481265113701,7.309481265113701,True,84.11443558677244,7.055941615725926,6.81268922375452,0.0014155051389906767,0.05977412690574581,0.0003657115732614061,7,,2
1108,0.694629733147936,0.1415590502010941,0.06925408336735973,0.07123677163640903,0.020862043409143917,0.0024583182380573457,32.806587268239056,34.02164896755589,7.354818379003123,7.354818379003123,True,85.79057057205965,7.305743195024755,2.8855962591968662,0.002927668418988597,0.030954175491699355,0.00023472550289429118,-1,,1
1109,0.5906040736234137,0.03279297310483564,0.06741282191665421,0.2043367735138494,0.04070700859501049,0.06414634924623648,36.7897223977035,36.07740399276177,6.901056473573551,6.901056473573551,True,92.62180533341191,7.286931336984094,4.887519562894334,0.004401471219211036,0.09879641397663907,-0.0018918251863402282,22,,2
1110,0.6202048606881417,0.036400541328455646,0.14975238114171446,0.11698505091478793,0.0047087532685423095,0.07194841265835791,26.596900066894182,32.76087638165313,7.903343327023503,7.903343327023503,True,90.03829265882737,7.099604789847406,5.683812205714126,0.0013761581625396516,0.0326640347130986,0.0009999220578210384,8,,2
1111,0.45167732845690456,0.01672930444152154,0.02304590018757199,0.2924218322784524,0.055463317401020736,0.16066231723452884,43.1602142515464,36.88179987609935,7.197951145054715,7.197951145054715,True,105.94662139781978,7.289637693145444,7.085776974734813,0.008129335800990824,0.1832099030279435,-0.004308610812821543,15,,2
1112,0.2548984240635896,0.08162589529319347,0.01771429851057311,0.5918312722361772,0.04413374967530939,0.009796360221157163,28.318155558725998,35.269948192367764,7.522846426129839,7.522846426129839,True,123.82602795740652,7.052850723647716,8.049246361708027,0.0015782819885497227,0.10501839817487466,-0.001976631238889349,6,,2
1113,0.48297893083256954,0.04397363217413082,0.24352774631532065,0.14846450157713,0.022749080807870206,0.05830610829297894,26.811207081746545,37.24009013457106,7.947652374437536,7.947652374437536,True,100.00316854662331,7.119047679913801,5.511193104274995,0.001462038235921101,0.034462366341242195,0.0010292157860833395,8,,2
1114,0.43569619861263553,0.09095578249467563,0.057986487716883445,0.24485767664671526,0.029076802335772655,0.14142705219331742,40.55303711526044,37.04194450485854,7.649169367396062,7.649169367396062,True,109.15754166121505,7.265211490695292,6.700558454773776,0.006277966378543662,0.15432231159059906,-0.003388428130598293,15,,2
1115,0.6658758668502828,0.16876284274205733,0.06727269866311171,0.04640168776814348,0.010555814730961819,0.04113108924544288,44.89766902177169,36.916615272860874,7.096710970401104,7.096710970401104,True,89.5863428888148,7.48638327062634,1.7083420171784907,0.009985866963124144,0.06670677323924862,-0.0007586168939100686,-1,,1
1116,0.7799779861846876,0.05675583064179708,0.0005195831285281112,0.10380136637349782,0.0007968945901573235,0.058148339081332004,37.47765182833949,32.68736731286532,6.820171719627343,6.820171719627343,True,81.14046324498247,7.330152176681582,3.760232433316935,0.004716079060837965,0.07569505950398013,-0.0012855690410692395,-1,,2
1117,0.6625432273848392,0.10551959227923521,0.057201694679262435,0.016140717187088108,0.1537476800444725,0.004847088425102463,31.1753004140743,38.824542335496204,6.886722282170176,6.886722282170176,True,81.59848564056558,7.286444392128131,3.033411688101331,0.002547725539287039,0.03174967654621742,0.0003394296934637529,-1,,2
1118,0.3384567146548556,0.04013502593761798,0.13201496943475188,0.3831757544811846,0.09640364150767343,0.009813893983916565,33.86624597356204,36.930141734756276,7.749695398028024,7.749695398028024,True,118.70318914009353,7.222061915534344,5.989676195078422,0.003163664507807572,0.1122058728720586,-0.0023460091503768,13,,2
1119,0.34326430866956953,0.02679001642862589,0.24551042030849327,0.2806011710998622,0.023643845993163555,0.08019023750028569,31.482550598903394,39.24185905709362,7.93225481951762,7.93225481951762,True,115.31191900718474,7.14680658095502,6.6460910017121035,0.0024219166773654594,0.09455086375123097,-0.0012886141035890917,8,,2
1120,0.49075096745520586,0.02754108416798307,0.23496081626278478,0.20929483564153198,0.02418261860878719,0.01326967786370739,29.80951397802958,37.49744934307567,7.461815574247684,7.461815574247684,True,99.8235297088457,7.211761439104494,4.542052280748297,0.002107041793562551,0.047146243613486606,1.0451298101052702e-05,19,,2
1121,0.5079200464170486,0.009086095830863925,0.031078980758831493,0.03742351624748194,0.05803676382293799,0.356454596922836,29.25721259684617,39.469557211621456,7.603836796808139,7.603836796808139,True,91.41769918342935,6.852285193999098,10.851216917083395,0.0014794222823045797,0.13009290289940148,-0.0016872673042193512,5,,2
1122,0.5109233378142777,0.07058498143128052,0.05655687560418894,0.19591313900745366,0.09894056864043184,0.06708109750236751,32.00573796764358,39.59991474347865,6.86960488721044,6.86960488721044,True,93.54247769569365,7.197704677482636,5.646165558708309,0.002665193284158401,0.08368091546697828,-0.0011324744089538947,13,,2
1123,0.215421871238381,0.020148651399104867,0.1682951241559511,0.45505596453225927,0.0014516309780343707,0.13962675769626953,32.374852108233334,39.04190558914164,7.900892397011533,7.900892397011533,True,128.1495934248723,7.046818665197979,9.311617516459936,0.0024427348421764915,0.14859345299835042,-0.003063471878327006,5,,2
1124,0.3942866210149556,0.01033929574043608,0.16888027230573008,0.24938455771614065,0.12380895652016465,0.0533002967025728,28.955552969189526,38.18316197744513,7.814586430001963,7.814586430001963,True,109.04625675063038,7.119538625477645,6.52305527469817,0.0018268177515675112,0.07528459069372825,-0.0005547691477748525,7,,2
1125,0.5030764739814637,0.027402028991133427,0.07255647641748358,0.21753837724099856,0.03378677961157073,0.14563986375734983,36.614762855227134,37.90799911979585,7.063716339832456,7.063716339832456,True,97.78147091828632,7.207914865008843,6.7566310711380755,0.004200422075601074,0.12525262966451764,-0.002449112154712307,12,,2
1126,0.3575539525623257,0.07305437607854275,0.16928480078000616,0.3064000464814654,0.0681036781536166,0.0256031459440434,33.015705793052504,38.29306992007163,7.829908041166042,7.829908041166042,True,115.43299476749078,7.2206753568190685,5.586204815754134,0.0029296223512370427,0.0954754616032118,-0.0016708470048144041,14,,2
1127,0.48135026597403696,0.05433774582128269,0.15239194668811895,0.0992934246966719,0.004786482990598945,0.20784013382929054,29.628489659671878,37.872398734807305,7.995457742783313,7.995457742783313,True,99.22550552273754,7.024693096486111,8.109421479276552,0.0018410917242946225,0.08710579325602584,-0.0003114381490022187,6,,2
1128,0.8537185291447816,0.06332143354729006,0.002634053415514478,0.05030996012383799,0.001181924246258528,0.028834099522317483,44.56409119861313,36.56016572125027,5.9288310185805,5.9288310185805,True,73.18998623251727,7.4903983470414435,1.5913319644398685,0.00971457668537163,0.06094282880055583,-0.000746530733147134,-1,,1
1129,0.30612302347765563,0.03658331009480778,0.019657748582837458,0.35372059229227976,0.2219893995797007,0.06192592597271874,34.22777276767451,39.81682421902123,7.513169008324195,7.513169008324195,True,117.00665926275441,7.170566431802467,7.473561729457423,0.003233439861225091,0.14119337696324677,-0.0030436228828931828,9,,2
1130,0.40218018451470444,0.06197652903788815,0.025903743319857377,0.3089327453081027,0.016460523720451134,0.18454627409899615,26.754621783327824,35.26693391410788,7.8578441275000275,7.8578441275000275,True,107.69949366891947,6.896268763330001,9.668115760187654,0.0011530748651869748,0.09383889796899428,-0.0002751511045922759,4,,2
1131,0.5816145881733509,0.002282939856519357,0.06635258273350121,0.23303130684861934,0.0716370171823085,0.04508156520570078,38.686139097292255,31.094694691207277,7.905826676929288,7.905826676929288,True,104.45510015656323,7.307925660627145,4.976517754276993,0.005155588142426426,0.1038171358357722,-0.0021118097518438056,21,,2
1132,0.09545791835601904,0.09824054012636302,0.0021648558855316244,0.7077890109426833,0.04012840977027844,0.05621926491912457,44.622288722133376,39.036338473386834,7.357873299577441,7.357873299577441,True,138.83022666301025,7.297789523601126,8.334276882920364,0.00932934868786264,0.26570966379366917,-0.007221207341085477,15,,2
1133,0.2484565596679167,0.04235815639926803,0.0847767736046303,0.520101652958326,0.09175788589311362,0.012548971476745474,25.99731807413682,38.09830459243341,7.41718012645397,7.41718012645397,True,119.79788987330643,7.022157777379975,7.961637226353073,0.0012274465101684367,0.08962823951593099,-0.0010675593079056082,6,,2
1134,0.5345658934127681,0.04284001281860522,0.01329382989305959,0.22525229396155758,0.05576565791368089,0.1282823120003288,41.198782427081774,38.593046997365775,6.663500076984962,6.663500076984962,True,94.16008709221042,7.308851037107683,5.815256160133675,0.006896085336515712,0.1508062525126706,-0.0034238757764430286,19,,2
1135,0.6850016799025614,0.0708201679587671,0.13913672038711294,0.04112126427039596,0.06277179569468057,0.0011483717864819378,25.706506020604923,38.445077759013444,6.7071757425591105,6.7071757425591105,True,76.73665198725953,7.196444570185784,3.517781495268043,0.0013941127751876067,0.00858384451604738,0.001397452523415227,-1,,2
1136,0.3565174594369191,0.0759533337874264,0.06640159951567902,0.47991053698057656,0.011429005142567188,0.009788065136831735,42.12082873701709,32.67542358476638,7.971771498204705,7.971771498204705,True,126.45128897262363,7.343384903119734,5.630630883775717,0.007327835534917747,0.16529219083440663,-0.004213767478046442,21,,2
1137,0.2614106348807938,0.091232096758597,0.1477751151177678,0.41496367293544195,0.06319174221843232,0.021426738088967046,29.385445247206842,38.77712936576769,7.9070473140174125,7.9070473140174125,True,123.28557075177093,7.123003504004419,6.851823600956299,0.001904867415607983,0.0961691896204037,-0.0015409274502779238,7,,2
1138,0.5874538781243656,0.13560108293861842,0.08393377875013922,0.18370567519534092,0.005062863373567672,0.004242721617968307,25.951316099008217,33.54951806725644,7.665623403513339,7.665623403513339,True,92.37042682299473,7.14219218706285,4.784785217286883,0.0013222616297142561,0.020513996117378388,0.0011663456072560651,11,,2
1139,0.11840070652947499,0.1320533688565999,0.0711685606823529,0.5929515389926602,0.08038512807232445,0.005040696866587679,30.661040195600364,39.790032469804146,7.84064531124471,7.84064531124471,True,137.42390653471392,7.110230287869077,7.94808367559295,0.002146095683815344,0.1409082457830188,-0.003360148458717795,6,,2
1140,0.5343595212862989,0.029919054658481922,0.02802379806429385,0.25342300455170386,0.05305421993118449,0.10122040150803681,35.7546381788774,32.28558293416322,7.825369951835322,7.825369951835322,True,104.62058713980907,7.20324442028714,6.585662385039641,0.003707053096034451,0.10752200173959828,-0.0020089867804363197,11,,2
1141,0.21384408131337834,0.0336286053887944,0.014142031748897322,0.5299298143730223,0.20834185247973444,0.00011361469617323,33.47994619449177,39.50678206668239,7.320220806624553,7.320220806624553,True,125.15277315631307,7.174686115367013,7.471733798206505,0.002986065988979048,0.1512328230995581,-0.003698747845614249,10,,2
1142,0.3228947505527352,0.005154668052806118,0.048668581032092186,0.40067805015110936,0.20657793759524656,0.016026012616010426,39.87606099739067,36.37751634125017,7.7945288971018565,7.7945288971018565,True,123.30468193714573,7.29894217423721,6.263707892462607,0.005907104191063455,0.16944629946147688,-0.004224905257725221,18,,2
1143,0.6779258650173106,0.07863703874243182,0.01520743486615758,0.14158770252218025,0.030072355781001425,0.05656960307091855,41.392610811710014,37.3147618866932,6.409417900014214,6.409417900014214,True,84.31057355483891,7.3970911840833375,3.365392805743778,0.0072089041494261125,0.10372018302619515,-0.0021517911535490365,-1,,2
1144,0.38043327760124407,0.12600107195015992,0.12403813957084979,0.3336636275416908,0.024523882383146917,0.011340000952908413,33.56233573179898,36.27638409209206,7.896260138240408,7.896260138240408,True,115.73183455107689,7.23921400820016,5.266197115697118,0.003089008537421548,0.09163488368230255,-0.0016695605662939627,17,,2
1145,0.400830249049931,0.1326621453875298,0.0040394920673775606,0.16107292631731088,0.0966958513831217,0.20469933579472913,37.56669599426434,39.947315714092596,7.862701165119656,7.862701165119656,True,109.00425736473366,7.156905094423197,8.239443041468512,0.004496092816931709,0.1535366189171597,-0.002977631888020871,8,,2
1146,0.6038201652679087,0.04119123809878561,0.06281152833360322,0.06681519128000973,0.07344421533182151,0.15191766168787113,40.1792447561328,36.80376103375206,7.323614699570428,7.323614699570428,True,91.84150859497495,7.296709803792649,5.4648427609100825,0.006184789518003207,0.12379841197648574,-0.002431069131583316,19,,2
1147,0.19337710710155592,0.005953952889842202,0.05173027712429502,0.5929704875476741,0.11301133490196699,0.04295684043466582,26.7803524066165,37.45544396223541,7.50177639561321,7.50177639561321,True,126.46650984204294,6.968468210915948,9.24674369209383,0.001254164625417845,0.11575362753663905,-0.002059169552939325,5,,2
1148,0.5028494647239219,0.0799228818333105,0.05062408079420689,0.24153640189296366,0.01614715159930046,0.10892001915629633,34.65352220397883,33.22734206290677,7.964878860836998,7.964878860836998,True,106.1806795728268,7.183017936292286,6.634645078131938,0.003305154025467372,0.10087667743497838,-0.0016914790928219726,10,,2
1149,0.6593340447817432,0.14537538788335963,0.059640693527846414,0.04294023886004045,0.0615740301361267,0.03113560481088357,37.16365268357216,39.53492296730485,6.671318595619965,6.671318595619965,True,83.13719799331143,7.369369907535518,2.614919230656997,0.004774371273860874,0.0595716223804057,-0.0007116223234135303,-1,,1
1150,0.19868107870999557,0.04588163907824552,0.006529778587417846,0.6144593702983069,0.006884079427464097,0.12756405389857003,37.10473804174582,36.03431351077762,7.5827710877574575,7.5827710877574575,True,132.2791308341497,7.1180597303382775,9.647514275354359,0.0040485985046857485,0.18828746902198898,-0.004731566952321398,7,,2
1151,0.6143775571655657,0.024174023852184673,0.2273959596577882,0.02054914603761076,0.10963385847906969,0.003869454807780921,33.92448675483671,37.74469377800789,7.493412185029256,7.493412185029256,True,90.6147628343749,7.337298814403755,2.4389132578582435,0.0033649939560875075,0.03162937524532365,0.0002562262472050657,-1,,1
1152,0.43718287996897376,0.0558970209032696,0.02354517098864027,0.3221165116486655,0.0061081455385498746,0.155150270951901,38.191917366915185,34.91462086465452,7.585264632217803,7.585264632217803,True,110.18784604137322,7.19413820257676,7.717227487521824,0.004755569993911711,0.14741072871745498,-0.003189248411470082,10,,2
1153,0.3731976400262728,0.16058568765145187,0.0028068644803139627,0.23371333710282535,0.03706683964350594,0.19262963109562997,36.93165002730087,39.9731846682187,7.666441045827655,7.666441045827655,True,110.54050671389193,7.1503827405278075,8.242267522429152,0.004205279331616565,0.15177180201395118,-0.003011041308784608,8,,2
1154,0.2710362642840188,0.10061066252157348,0.030929853222512998,0.5446110765218815,0.02818292158844651,0.024629221861566755,26.07767889696664,34.439613027976904,7.861825843386257,7.861825843386257,True,123.56022820688307,6.991742189077129,8.317935746367443,0.0011725360439286642,0.08539928934259045,-0.0008746542344927882,5,,2
1155,0.3959917572968814,0.04164585774858057,0.13275586995513336,0.32004451443749915,0.09556009701693853,0.01400190354496687,42.94413030809757,37.40024086664768,7.545941112802727,7.545941112802727,True,114.7316453798886,7.398982286690352,4.306309606633877,0.00828903635520117,0.15632489081751688,-0.003776741376407414,29,,2
1156,0.5881633943125538,0.12318363718461761,0.030921682225119873,0.06602072628103244,0.14913431929162116,0.04257624070505515,33.186349301967894,35.547961593970136,7.811022287805225,7.811022287805225,True,94.44894984918655,7.25957541898954,4.2936182104676455,0.003018377395360066,0.05830401856002149,-0.0003930815227565144,25,,2
1157,0.7275832449956253,0.039753646743157456,0.03375216969936907,0.10863416666607004,0.07814486192093724,0.012131909974840642,36.52817338176391,29.74692457941889,7.8544065439310335,7.8544065439310335,True,91.66944043963028,7.329416160012942,3.5169555345667876,0.004161028666932775,0.05906431297683167,-0.0007448899967591583,-1,,2
1158,0.7314769093773884,0.04197878903543664,0.13247501773883155,0.011544165447130111,0.044229464404053155,0.038295653997160214,40.370350394796205,36.36094966430545,6.877630349657432,6.877630349657432,True,82.45619127002769,7.418428771313251,2.1715079127669816,0.006469931239847694,0.06053906109253336,-0.0007362179005076095,-1,,1
1159,0.6571415130076744,0.0030185004051829153,0.21247052855380463,0.05148178962586939,0.06762984931071064,0.00825781909675797,40.943238233037206,36.95705596810517,7.120608054317134,7.120608054317134,True,89.86572400608021,7.440866059649363,1.831502960550433,0.006815280335073936,0.05702868362167349,-0.000603594151480953,-1,,1
1160,0.42106139553400485,0.04273789210230416,0.1169463653266115,0.22179873727914082,0.18715790285200323,0.010297706905935514,37.849921967695934,39.13602154473689,7.570587715155929,7.570587715155929,True,109.26328538756897,7.332066320653221,4.395394953054752,0.005000710667913153,0.11590787215597857,-0.002457574162291543,27,,2
1161,0.6449424255723012,0.010360680848727176,0.009462982931150282,0.08389132323869551,0.12551949621510813,0.1258230911940176,43.72570177305183,35.884535451424995,7.072311668032751,7.072311668032751,True,89.98325305902945,7.375241863110077,4.69190160377968,0.008882086776394637,0.1401648264557475,-0.003044386067472927,26,,2
1162,0.34565186932608094,0.04456267383580104,0.047429624816005135,0.4625890993747843,0.07079354154758902,0.02897319109973965,40.25975941714232,37.20215004522315,7.124395663836984,7.124395663836984,True,115.74433411909811,7.307040076414057,6.075226368451673,0.006193947960795319,0.16704113887091768,-0.004190661872514354,19,,2
1163,0.7192807510995407,0.11973732653179851,0.03751414184604105,0.05797208108302077,0.035298439371483914,0.030197260068115114,44.85181880641143,33.633348485667895,7.284421267634603,7.284421267634603,True,89.63084029745995,7.4845158208177365,1.842828630386301,0.009816354029917904,0.06824234412950943,-0.0008702054143813979,-1,,1
1164,0.6905362533623021,0.025650694795198405,0.10651196331920859,0.15608194870695324,0.0018674777246655795,0.019351662091672175,26.813386792389544,38.974711225088626,6.040000644130388,6.040000644130388,True,75.0984970020862,7.176510385551075,4.4495391178616135,0.001564469243809484,0.0378426698120992,0.0002999017442535734,20,,2
1165,0.5153562573460675,0.08892529252522245,0.08808136909507099,0.2278695540067995,0.01497129270024746,0.06479623432659207,31.036992934699864,37.89144933727762,7.015464065567421,7.015464065567421,True,94.93083636655366,7.180537870935521,5.649167234845846,0.00236900947836942,0.07328141263292351,-0.0007769743953148811,12,,2
1166,0.17010196162103675,0.0014412642680175752,0.06740757490487094,0.7386177948989243,0.006561404020244549,0.01587000028690563,33.25460285696497,33.617833524966414,7.7103313905929225,7.7103313905929225,True,138.4875660179205,7.105279087904297,8.728193017943802,0.002686390827725335,0.1530297015490289,-0.003982284051936541,6,,2
1167,0.43887198891295087,0.03506975415844539,0.03180145205378023,0.34985959857121557,0.016341051567485474,0.12805615473612228,41.66537305794858,34.566947098201894,7.500628981576429,7.500628981576429,True,111.6017838930561,7.274631396940966,6.999875998859116,0.006914811764695656,0.16690747600941933,-0.003921861133922017,14,,2
1168,0.36136230557981835,0.09965330101646847,0.007692901419999585,0.4675316463778388,0.013402318855086826,0.05035752675078794,27.916017614237887,37.67460572752822,6.902015172972582,6.902015172972582,True,106.9200173328518,7.061821771291031,7.579005786351691,0.0015650166783918351,0.0906640654944877,-0.0012116610213599847,6,,2
1169,0.47236089429800415,0.019092871973007294,0.11100875013383799,0.18745777393240362,0.17270197492924969,0.03737773473349735,43.47411344299405,39.28212329603201,7.280202910134617,7.280202910134617,True,104.04720443138501,7.415645720560749,3.853349699470051,0.008847129191313778,0.14422707398587795,-0.00327428644688398,-1,,2
1170,0.5440748141833507,0.24252671600137427,0.06492260298477583,0.08026475860644763,0.0055784361441169016,0.06263267207993468,44.14391971304117,37.16340873700558,7.873655706415782,7.873655706415782,True,102.22838939142848,7.448488909915769,2.581650250444015,0.00935391628950925,0.09638175006567157,-0.0016902714234024601,-1,,1
1171,0.6239154887008698,0.06449423248054549,0.046235922093825405,0.18148685202457016,0.014549366909869065,0.06931813779032027,30.40487818421931,33.93816105870846,7.2231211966995685,7.2231211966995685,True,89.57876336045058,7.166973391882483,5.601552489590291,0.0021569451272721724,0.061765984580253,-0.0004198288687388485,12,,2
1172,0.27363240879390655,0.0016945460086797808,0.10642756579615624,0.5891457451637607,0.005314025247132137,0.023785708990364543,27.41392467009844,32.91241553011811,7.921329496741952,7.921329496741952,True,126.55157100618244,7.008372816631069,8.410270746443697,0.0013559034714792386,0.0952239908825972,-0.0014943821052221876,5,,2
1173,0.5217207622073381,0.021595242374366438,0.04233200477153648,0.10734663953766674,0.1560991636789287,0.1509061874301636,40.01372393870027,39.14374758817212,7.260204380092684,7.260204380092684,True,96.64333795054988,7.272654978999452,6.247406971149794,0.006070922575875187,0.14365403309477665,-0.002983483857909783,16,,2
1174,0.6021484207567018,0.11667305379536061,0.09819396656210444,0.04867794076878203,0.0619669140440168,0.07233970407303424,26.342608999009546,35.01622671816652,7.947560800775022,7.947560800775022,True,88.94642698688843,7.114384240787327,5.305275908855825,0.001378647118376679,0.02586957861079984,0.0013307846405086882,9,,2
1175,0.5406119365564952,0.17289151941241915,0.02221292141881606,0.12189264670559335,0.03830509066469358,0.1040858852419826,34.35193704721279,35.684934394136285,7.849449551317531,7.849449551317531,True,98.7133805799028,7.218495305301929,5.5622245224375435,0.0033345280789045875,0.08290043143524138,-0.0010533104392323107,14,,2
1176,0.4249812705580192,0.12941720462279122,0.004892780276868837,0.4081544471723293,0.018501066448177436,0.014053230921813997,29.509937414101827,39.670052686013946,6.447826274860644,6.447826274860644,True,98.36320679552387,7.160152171272989,6.025389483582069,0.0020113436284705014,0.08311992185543421,-0.0012502498132659452,11,,2
1177,0.6841847886590487,0.16584446399330277,0.044383192516336434,0.09527548311513323,0.005363686074228299,0.004948385641950644,26.72720883535101,32.51849569710974,7.645250888785555,7.645250888785555,True,84.71580594717148,7.181662233056263,4.000237343871881,0.0014648861444901474,0.012166214528906875,0.001266870779623784,30,,2
1178,0.42667532297922917,0.036075491547920925,0.18661751998051687,0.24268159482059515,0.09743247425709652,0.010517596414641357,27.834076894412387,38.00318279693407,7.668019652016158,7.668019652016158,True,105.21263972723104,7.155194493912367,5.393041843619442,0.0016623859251887157,0.051170948370460746,9.759921100885289e-05,10,,2
1179,0.4869876573948878,0.10013919800378185,0.10821256715487697,0.13844944992970942,0.0003491677803874779,0.16586195973635637,29.596707493604434,37.30097029595149,7.838985663073068,7.838985663073068,True,99.00418602078962,7.062545886772043,7.4391892775190644,0.0018845416334497024,0.07916516079251984,-0.000293105810853968,6,,2
1180,0.4677484944671777,0.28962246473648606,0.006083792397029396,0.15902824189984285,0.06856699141772872,0.008950015081735265,34.57429866996561,39.07268327775549,7.687802423107141,7.687802423107141,True,103.70012668078405,7.315014823430157,3.4711015952083994,0.0035912282451195723,0.06463163125714068,-0.0008025656022969069,-1,,2
1181,0.6169592556509237,0.08396922698793072,0.12379167004658567,0.16189838817230467,0.009942512625587492,0.0034389465166678288,31.151799626580143,35.43127260496695,7.1496017960576985,7.1496017960576985,True,89.90715582315472,7.255922681366444,3.7920568166334427,0.0024504113958723037,0.04131420810133328,-8.492027321709647e-08,-1,,2
1182,0.5017457872787239,0.06594089004900432,0.043377236385581316,0.3670299122621176,0.00939367253613643,0.01251250148843643,42.76926348106004,35.31011570706457,6.902232246689188,6.902232246689188,True,104.05539405551224,7.3984677852781395,4.179446889001253,0.008093622718459464,0.1412993248302823,-0.0034163636336764585,29,,2
1183,0.28137278449689884,0.020116070996536905,0.1850231330795474,0.3367909029807293,0.04452380737629007,0.13217330106999756,35.08285217482539,39.7490604718258,7.9501232178994385,7.9501232178994385,True,122.4873732538643,7.137962865038434,8.153729590625735,0.0034528877186702895,0.14704183662271145,-0.0030025902617109284,7,,2
1184,0.4061861342797845,0.0019173862805485686,0.05076067548199712,0.4618038632839,0.0030580629202036557,0.07627387775356624,29.60698577766375,34.949101100050356,7.098325280276347,7.098325280276347,True,107.61331986678803,7.0662447515831746,7.9002782324143785,0.0018403236370365763,0.09962327473527278,-0.0016029324833227855,6,,2
1185,0.49068497900976277,0.00443348377347261,0.14941740870948778,0.2149686408379198,0.06097254067272891,0.07952294699662808,41.93921485485198,37.881982108497304,7.242587925970083,7.242587925970083,True,102.60848929830449,7.356568420541908,4.804318603570583,0.0074816289450319335,0.14126384284747548,-0.003160666210933317,25,,2
1186,0.26087757284096735,0.05472119668316618,0.05410798344541125,0.548423045906493,0.06039108584133167,0.02147911528263043,26.3231339722302,34.86540462816656,7.809021683645346,7.809021683645346,True,124.14594230310361,6.996643353441842,8.378545245884984,0.0012121016841053944,0.09074642866640455,-0.001130660096938896,5,,2
1187,0.5857831422640654,0.023791232052078858,0.11625714677254272,0.1420743874053637,0.07116394007007153,0.06093015143587787,36.10298194161761,35.7749381807908,7.332277279684425,7.332277279684425,True,94.56857036447298,7.2858378104003885,4.60384402740854,0.004097945288030328,0.08562689008030995,-0.0013980810704500154,24,,2
1188,0.48008232793377875,0.09340172447187274,0.15256544841824585,0.1447559662802633,0.09894600189311667,0.03024853100272287,30.830955174983757,39.20932190566752,7.580243010161083,7.580243010161083,True,99.94576201010162,7.224562491456735,4.553329014430448,0.002379058089435448,0.05434584709535418,-0.0001647782082621494,20,,2
1189,0.5908196538445313,0.07614116727850709,0.015863134065617887,0.2715014662997367,0.014873341208450604,0.0308012373031562,33.09961971399593,38.19424047575252,6.240408949811356,6.240408949811356,True,86.93400609260327,7.246718812239466,4.871810678064259,0.0030394656984536403,0.08262770157886033,-0.0014178298276412474,20,,2
1190,0.408781026724219,0.1299911638799492,0.08523314701199354,0.18958237272300518,0.026751951210648498,0.15966033845018465,42.9331338611233,39.827604268296845,7.717076620980343,7.717076620980343,True,109.7661112126159,7.3036951317157,6.402911541253566,0.008112240909932513,0.17228207949262367,-0.0038291887369225667,17,,2
1191,0.47806871278105134,0.053995173966314224,0.008645060254564211,0.3272615583857347,0.09941847120314713,0.032611023409188485,27.863361489201658,33.27227784232889,7.6583075693976586,7.6583075693976586,True,104.32872591542336,7.08642168472094,6.825260697694579,0.001542308724509329,0.06778382924403453,-0.00043476557131629396,7,,2
1192,0.18266750496092518,0.032374761483903294,0.03923773356142885,0.6057630539975709,0.00104756377453028,0.1389093822216415,37.96725822970504,37.63280432315142,7.442877333684672,7.442877333684672,True,131.2750836587928,7.131393144087102,9.674984476052014,0.004483294682949396,0.19884719854762964,-0.005006178766465958,7,,2
1193,0.6239165068645606,0.08731083084262334,0.10061860299305284,0.04087499172064397,0.11357350224565824,0.03370556533346104,36.04300663277399,39.13013114961735,6.988210780435269,6.988210780435269,True,86.99919577213639,7.340753023336249,3.083085376756043,0.004231165572682537,0.06164410174231607,-0.0006976436446564949,-1,,2
1194,0.42900208838254883,0.06735522695282264,0.08197144392598554,0.32446635870637824,0.06697881446631791,0.030226067565946927,43.18909636729776,36.71536189522489,7.370526513069205,7.370526513069205,True,111.02657011825727,7.391395948930978,4.53571303876745,0.008450893479779228,0.1566758136434417,-0.003777358053925136,27,,2
1195,0.040432870031042116,0.06601286417206172,0.05376214228492705,0.7991487298191395,0.015440212957633629,0.025203180735196035,25.355194555430273,38.68667226588758,7.373064028362101,7.373064028362101,True,139.09213795605183,6.894753720841126,10.178933843557989,0.0009850698013250433,0.117241852929655,-0.0017983062543566839,4,,2
1196,0.6066676344145132,0.18531500716687946,0.0011181626946527145,0.13341977827345028,0.03021041012195619,0.043269007328548194,34.57133306593697,36.747002668372964,7.077573317921839,7.077573317921839,True,90.0162890783424,7.28769268654967,4.034494134329012,0.00354633751083846,0.06749384885407247,-0.0008610479055046951,30,,2
1197,0.5372368493592087,0.008608343312936627,0.07850487136129461,0.1415969685121265,0.02443174173760176,0.20962122571683195,38.21080242007902,37.01504414386015,7.344078039231195,7.344078039231195,True,96.51840926985967,7.196875985522789,7.351223459476142,0.004865031003999574,0.13728038012597663,-0.0026768470017997457,11,,2
1198,0.33001208887217753,0.05070248798127423,0.02850661428817123,0.5466195191670427,0.0415369943201955,0.0026222953711389683,33.00606627908374,37.16457731860781,6.827346270225543,6.827346270225543,True,113.01773084093834,7.185372619471321,6.749939144237857,0.0028497139618954503,0.12215388125547273,-0.0027834605127945596,11,,2
1199,0.4256749458414224,0.02774533789753098,0.008158292361482382,0.35033906286840005,0.04308766330425671,0.14499469772690765,38.565225318006775,39.17020282474676,6.678515028076113,6.678515028076113,True,102.09470732306303,7.217836661999046,7.443125022391636,0.005116285805564207,0.15960062376739093,-0.003642989101298248,12,,2
1200,0.6916294680411871,0.1652046821004906,0.011255263032185471,0.061941843038922674,0.06984400493740324,0.00012473884981100707,27.630638980616837,32.38783400328491,7.77592733846762,7.77592733846762,True,84.97415514238743,7.204523647000031,3.774976760661717,0.0016269919156851232,0.013750888681202172,0.0011425361470286412,-1,,2
1201,0.6827950976109738,0.015932176473270252,0.0457627183695336,0.07421783320209951,0.04369712132996441,0.1375950530141583,44.62392056591909,34.255295649176475,7.212293289307294,7.212293289307294,True,89.40263978217274,7.393044196497364,4.359616904113177,0.009644016498864426,0.13298842216156742,-0.0028169213300142555,28,,2
1202,0.3679532839783742,0.20616969270101307,0.1452084787596324,0.24439724940294616,0.03596538823620818,0.00030590692182602187,27.285094004809526,39.85876589435675,7.946061067325831,7.946061067325831,True,110.80784485260703,7.175596443082506,4.742457175477684,0.001599435777761203,0.03825229207335539,0.0004886113168600491,11,,2
1203,0.276783293709223,0.18093175906727554,0.08454253666931408,0.45482163572602563,0.0010864773782405435,0.001834297449921352,29.010367635894834,39.974175042890856,7.32743140342566,7.32743140342566,True,116.62990101209913,7.146108614823944,6.265690201674982,0.0018769162602173656,0.08764446004545419,-0.0013777392293148668,8,,2
1204,0.7043310092419759,0.15126131479752086,0.06031259717421428,0.05552680725449138,0.02064501837791706,0.007923253153880462,41.97988491375358,37.14431749012121,6.744554596161489,6.744554596161489,True,84.7228250832541,7.460783016522926,1.5564336062866198,0.007526083937128483,0.05160719078585295,-0.0004307588524498731,-1,,1
1205,0.7759136831365271,0.019325129500063504,0.012355501128683166,0.13402969417571203,0.017081817025541558,0.04129417503347268,39.5447425915179,38.17782678538011,5.745714771333631,5.745714771333631,True,74.3595167273186,7.386380100729344,3.0869319827088395,0.006079864957954052,0.08945659990035233,-0.0018306282764579567,-1,,2
1206,0.4652646789920159,0.08365296311957122,0.022936472566565596,0.2514374531710681,0.14253388619106536,0.03417454595971369,34.88975756942105,36.33105375168045,7.538666379187517,7.538666379187517,True,105.65870968736331,7.247752421197746,5.490696003391079,0.003559765829020045,0.10126373233796775,-0.001904092664513134,17,,2
1207,0.3262566802548205,0.013479089909197025,0.02159817654625246,0.47734599513191944,0.0926117270443023,0.06870833111350828,40.52496366175653,36.25089258011167,7.3186516284539,7.3186516284539,True,119.47901781225657,7.2649857032497405,7.257162247164835,0.006195507850941872,0.1811390349273184,-0.00453821760008716,14,,2
1208,0.27428451947725674,0.004864588293864458,0.11180264540477118,0.48940060620962866,0.11524478163036558,0.004402858984113383,44.06004360221021,37.80994555897865,7.435673530776655,7.435673530776655,True,124.97763370178905,7.380191106156885,5.59937995639193,0.009157371837092441,0.20821247764517134,-0.0054500261678722154,23,,2
1209,0.6373466228182546,0.00014506089229966208,0.02195325925260637,0.04216178729756135,0.1624797179701022,0.13591355176917566,28.01664398708778,33.682625571127595,7.81618059209701,7.81618059209701,True,86.95812666837438,7.063134383027961,6.9441988916889725,0.001572160596892522,0.06270940502568424,9.33669583982976e-05,7,,2
1210,0.8220680868125055,0.05828387199448939,0.033104186204429405,0.07919362858060223,0.005266155566840929,0.002084070841132478,26.866419552748024,38.432923842959624,5.712377752728485,5.712377752728485,True,65.72058129304735,7.2135592702906735,3.560504145040965,0.0016187676835234307,0.02988523980725361,0.0003387136796764088,-1,,2
1211,0.4318383261742726,0.06732642807299354,0.00029623521352136405,0.3020003295565038,0.1709804674765848,0.027558213506124005,36.522816605489375,36.636047446641285,7.43048589880831,7.43048589880831,True,108.79796830224736,7.266401718049993,5.708385929260571,0.004222769730441377,0.12227823544202679,-0.002653008677975306,17,,2
1212,0.31951389015375964,0.03131795669303951,0.04297956108190506,0.40715250859428126,0.009532462588259018,0.18950362088875564,38.33854178487338,39.133294756501215,7.167325467022239,7.167325467022239,True,114.21612281542937,7.151987333600713,8.973782518393232,0.0047859809152642945,0.17986992916027827,-0.004122582328674653,8,,2
1213,0.7223327185087952,0.07672757430352782,0.03595549309530371,0.14347873632922623,0.014920963981520617,0.006584513781626226,26.893705156223657,37.638823982827084,6.123013338596532,6.123013338596532,True,74.17936521549548,7.187266736087641,4.217618379522995,0.0015741947761455774,0.034353576990932305,0.00034863412837915747,24,,2
1214,0.6428092244385637,0.05646197129683964,0.03947040721044725,0.012630032583196603,0.030778054909610955,0.2178503095613419,38.956534292053284,37.7130988412314,7.10785419030499,7.10785419030499,True,85.19265418255452,7.24179355549182,6.263474766275748,0.005416607507489811,0.12477614338471453,-0.002344714095718761,15,,2
1215,0.5524253148794084,0.12109835834666431,0.2616068277558814,0.04924754995071403,0.0012556917445042993,0.014366257322827697,38.10325432684866,37.66839447603594,7.975914924798145,7.975914924798145,True,100.55312099659629,7.402820930628116,1.790276187051382,0.005112752717693643,0.03981029284008122,-4.0616199034515844e-05,-1,,1
1216,0.2974748773856608,0.0011956704381827013,0.010079573370581567,0.6446031205103012,0.02623422351454623,0.020412534780727427,27.057808981079933,31.061709525446513,7.82576174976378,7.82576174976378,True,125.7459496558597,6.973813951392495,8.876604054736145,0.0012399883636184789,0.09537610750954799,-0.0015490761974386936,5,,2
1217,0.565476303888661,0.13252794798996131,0.05519675056018484,0.15228888628394333,0.030295055361744563,0.06421505591550503,27.74902015801388,39.753868250856286,6.719963157041672,6.719963157041672,True,85.85757293805109,7.144587901500367,5.381475536773532,0.0016832946802607177,0.04958275196290757,0.00021667651059231226,11,,2
1218,0.21315988681876955,0.03347867449342075,0.14326497024915907,0.5293459886705607,0.05556165436816733,0.02518882539992264,42.060052531363695,39.69563696438396,7.380635488736093,7.380635488736093,True,127.93213974607553,7.32635052526207,6.3852543397482275,0.007474482199850323,0.20693365810919978,-0.005422702900975408,19,,2
1219,0.7310323704654113,0.08628924449587756,0.0971697691121483,0.0008934619047670509,0.04769214186528676,0.0369230121565091,37.62111462651059,36.482889531946526,6.915835744019888,6.915835744019888,True,81.03244780546063,7.377019101370423,2.4219128450238654,0.004923196250132625,0.051602318057321274,-0.0004619675557322253,-1,,1
1220,0.40649476106258625,0.1502728671839096,0.029796726534677666,0.2647016846310122,0.002235614818188287,0.14649834576962603,39.162328197344394,39.32554026240895,7.34978143765609,7.34978143765609,True,107.42250662837465,7.239671752208032,6.892557225567586,0.0054846972493090545,0.15106547581454777,-0.0032629553110471183,13,,2
1221,0.4914679108622951,0.009743678989667545,0.007166072680952924,0.24987065678523182,0.08239400036632606,0.15935768031552658,42.82305919691262,38.68490484054899,6.781373517844185,6.781373517844185,True,98.23012503483471,7.30035642922703,6.651596162592549,0.007999045626361586,0.17731349118058198,-0.004149708382512243,17,,2
1222,0.3456806075011015,0.012068922525513512,0.014897444075375278,0.34653498530891114,0.1720537755968849,0.10876426499221375,42.77730606041888,35.93500489563133,7.955084690441468,7.955084690441468,True,122.09623435814059,7.28059161179076,7.5170360287920825,0.007726878449389793,0.19691359681825735,-0.004792162119002851,14,,2
1223,0.5895269241980149,0.20166694042917424,0.007764029087077903,0.037087931972614806,0.15332275564299547,0.010631418670122546,28.089110059262058,38.99255033485304,7.331151599992242,7.331151599992242,True,87.09945768828888,7.221257852723286,3.7087563415814513,0.0017988741819535844,0.02140650237303455,0.0009759636645186962,-1,,2
1224,0.7730055913246995,0.053746781398345565,0.08782959474050543,0.005872524295108971,0.028948944150252152,0.05059656409108842,38.537612787241,32.16500815594558,7.476845840861678,7.476845840861678,True,83.79336616834497,7.372434977491919,2.783991692197665,0.005247555964092226,0.05675903841811613,-0.0006162013648198841,-1,,1
1225,0.7946833192977779,0.024164790275187344,0.0888850783068396,0.017605010809871268,0.015333949311296438,0.05932785199902743,43.457490076530775,31.95473648855194,7.29986423289569,7.29986423289569,True,84.4517712101915,7.448296318579047,2.3087570357357357,0.008552369040470421,0.0716232289887414,-0.0010396023126029795,-1,,1
1226,0.3118631300445995,0.11100819266611694,0.049487847341494855,0.3574530704409259,0.0852742417909612,0.0849135177159017,28.89063998908937,39.56590207181759,7.563280698823333,7.563280698823333,True,113.95801552085257,7.058973583338525,7.902062202041863,0.0017429040026407496,0.10127619658908887,-0.0013346990809621124,6,,2
1227,0.47449321761262636,0.004546152854582441,0.048647627126525886,0.2900634512586698,0.17939181608478585,0.002857735062809785,44.40777385625673,38.28734698683949,6.8624956954979295,6.8624956954979295,True,103.23315180229956,7.438440801116014,3.7593601580600913,0.009682414054013565,0.15487299124520001,-0.0037350696494606607,-1,,2
1228,0.5492376343401169,0.19307294573477676,0.020887910066111844,0.0669322506278921,0.16941811631632678,0.00045114291477547827,36.867861139559636,39.296839113028255,7.439527224698087,7.439527224698087,True,96.02398639315776,7.373122662423986,2.626007073543096,0.004594315960792729,0.062212130590250304,-0.0007613515826148334,-1,,1
1229,0.5146106581257509,0.1621283999715576,0.07514889658169777,0.22753411580861413,0.02009143139037587,0.0004864981220037523,36.14581292475587,37.98938294385854,7.0772096836199045,7.0772096836199045,True,98.62822895350868,7.33499373485472,3.520381228454651,0.004219406057500874,0.07838154910892145,-0.00137189772828204,-1,,2
1230,0.4508289220293672,0.007266082081519211,0.019144239388519665,0.26170828906117644,0.12398164042416893,0.13707082701524845,32.42983460854229,35.103116324540274,7.743913748654354,7.743913748654354,True,106.7473220476966,7.093898068897526,8.081247005157525,0.0025181969169067557,0.11375511126894577,-0.0018778300114461524,7,,2
1231,0.23188956029340882,0.0315694156261889,0.08256908602909684,0.4891217146741875,0.0627684344643875,0.10208178891273036,31.346305840590823,38.458786028693254,7.6110806322204585,7.6110806322204585,True,124.51148377826256,7.051900528645551,9.00343245670446,0.002201447025921622,0.13958613449137058,-0.002889605093481186,5,,2
1232,0.6252684857276266,0.03425309707262747,0.026437493807917916,0.2128466665166505,0.07636636700406567,0.024827889871111595,39.31281857292108,35.881979152038234,6.6697627006116695,6.6697627006116695,True,90.78042950061794,7.359852356792329,3.9016167130913932,0.005775895517172262,0.10336893123177752,-0.002184107482808331,-1,,2
1233,0.3121375428806362,0.016167036330906864,0.15422857909551108,0.4749182291676101,0.004985529896025636,0.037563082629310046,30.160970080084777,35.281442804312334,7.761540252314989,7.761540252314989,True,120.69766489145961,7.1029944207806865,7.395672515598133,0.0019959255837492937,0.10080841592793072,-0.0017606389566310037,6,,2
1234,0.7581048729542054,0.08953099472068687,0.042121597475636534,0.07767727807209557,0.0007790183858631386,0.031786238391512275,28.194963529202298,37.837214035728536,6.152307362865194,6.152307362865194,True,71.51722309021595,7.209636122713805,3.9501828928650364,0.0018344054664001864,0.035843708900793594,0.00025172217941194744,-1,,2
1235,0.5299680994415769,0.05373341825902307,0.005868778339180564,0.3527698253609656,0.054893536640595555,0.002766341958658292,30.603516908760763,29.995408798028258,7.95901270215092,7.95901270215092,True,107.08564189127378,7.1591281347646785,6.03428008053702,0.002095620327114808,0.06837757693364903,-0.0008518146984296474,9,,2
1236,0.6462710176012966,0.0880419817209883,0.06798751724826362,0.1694245503789336,0.00149191321649421,0.026783019834023637,37.84203385213762,34.263471192588,7.108809042941048,7.108809042941048,True,91.678191186626,7.347781886640648,3.5329689428921105,0.004927922320988753,0.07808252935078297,-0.0013576398335394112,-1,,2
1237,0.6178759763356383,0.0480927402735903,0.0410373721380535,0.20689608025537046,0.08245198193015857,0.0036458490671888786,26.054615913699205,38.067773542548196,6.379112535738236,6.379112535738236,True,82.10647549606799,7.14574185302522,5.047703008022777,0.0013972336891711669,0.041093194055215825,0.00033086831671536314,13,,2
1238,0.4566827121963423,0.011447574940289439,0.1521174895390571,0.24783770608134517,0.042723550971863866,0.08919096627110218,27.167968460413658,35.470722419873766,7.826163876873189,7.826163876873189,True,103.54159026321243,7.048256126521826,7.194472574980308,0.0014192497339498642,0.0644514525717266,0.00012196645564708525,6,,2
1239,0.05406425291260303,0.02373842650253452,0.004931385157564402,0.6569044988095923,0.10037515269352744,0.15998628392417813,38.28807935044261,39.98823288889118,7.7313847681716945,7.7313847681716945,True,144.55372363696466,7.0770376599027065,11.338126832679762,0.004454982063290768,0.24169957184029067,-0.006408138305753492,6,,2
1240,0.6390666374540205,0.0011936487076401247,0.12030847146942533,0.015252413045400518,0.03086041193362309,0.19331841738989056,43.01759118909141,34.667827336674144,7.7765178030837525,7.7765178030837525,True,92.91299927912769,7.32482019252489,5.469134470576207,0.008113388915118008,0.13435369735287517,-0.002656659144389621,20,,2
1241,0.2877752303040728,0.058396400591555764,0.11960011219559842,0.47645295680149685,0.022929820247515376,0.034845479859760886,41.73861254466481,35.965230749725194,7.815373494782664,7.815373494782664,True,127.75796453398122,7.319293193814647,6.220725218056428,0.007116556838897572,0.18199527447848152,-0.0046373878288651854,19,,2
1242,0.4013241269682146,0.037910043197507716,0.0038131301152032515,0.34793730616580476,0.08048730641720506,0.12852808713606473,38.955133591545085,37.2526801258348,7.224257896603497,7.224257896603497,True,109.58119724363944,7.221807626131104,7.516781920961131,0.005258634308421693,0.1614633087555583,-0.003700308655246044,12,,2
1243,0.7381555996354705,0.010290440723570927,0.11908952294047497,0.12174606150970156,0.005584060446815663,0.005134314743966383,33.289328612024754,34.29691604646307,6.725076536987709,6.725076536987709,True,81.27113655206601,7.299724611263216,3.306780412478008,0.0030944383160427863,0.04666177232490627,-0.0003409666360881789,-1,,2
1244,0.5498228624618452,0.05684345925426528,0.10001642426105842,0.18362356755429293,0.026518371185137887,0.08317531528340033,43.97496737004791,34.06786106818258,7.753179850960362,7.753179850960362,True,104.2667082909988,7.394187844814179,4.316497555479623,0.009015847556285246,0.13531342626147166,-0.0029623994091193067,28,,2
1245,0.5869048429050588,0.12360466212027042,0.08280241039168582,0.038732652932544624,0.0956981446831072,0.07225728696733287,35.81257147255749,36.36419337896605,7.834452930654717,7.834452930654717,True,94.84594531998938,7.293676025405861,4.115827123120758,0.004005412263176504,0.06972457242945021,-0.0007713294978113951,29,,2
1246,0.3479757824127855,0.01908121240298364,0.2875372780294419,0.3433482012021174,0.0013947067641971681,0.0006628191884743708,33.73621025517904,38.9717539677209,7.6107767674639435,7.6107767674639435,True,115.55006421017818,7.2642736562983945,4.764841791648922,0.0032255426208932644,0.0921148142701976,-0.0017371671234782382,22,,2
1247,0.5926354787033788,0.07974714437850004,0.15287812545813045,0.039756764867402025,0.02476759459366738,0.11021489199892136,41.29571619552412,36.536784215864955,7.741171298427315,7.741171298427315,True,95.8812452987,7.363053178921266,3.9376574815250014,0.007019481656199883,0.10256919373996279,-0.001830461852766436,-1,,2
1248,0.5727175981621321,0.18777162155052088,0.11370271962859707,0.02624819603639029,0.09784028335525467,0.0017195812671051787,27.625263243461518,39.0601120862344,7.600067338685746,7.600067338685746,True,89.64584126427924,7.237244124327875,3.0710416057439947,0.0017173575167931366,0.0033140912912411912,0.0015404185656430552,-1,,2
1249,0.6119671988029817,0.004929891915514909,0.013395427623638346,0.18027278442457478,0.04045383872930114,0.14898085850398912,35.163490484019874,34.79281547964587,7.038528650601758,7.038528650601758,True,90.73507890463875,7.187212543305343,6.6769622062661895,0.003551031256131136,0.10800515095701566,-0.0019495992604583088,11,,2
1250,0.4824786086529594,0.09385991971378028,0.07738451295582063,0.21414577045880576,0.11417256557100493,0.017958622647629086,30.049751023305234,36.73616945602717,7.586750186200614,7.586750186200614,True,101.49336942824685,7.191974132823123,5.190297344606619,0.0021260594636059813,0.060718717500276694,-0.0003910557612570689,13,,2
1251,0.5583607511228867,0.04761759614259835,0.08259817838074084,0.13276966228892362,0.003129628151435494,0.17552418391341504,41.560529323690446,35.005212644397204,7.696972184839483,7.696972184839483,True,99.74754654123478,7.2872153039903615,6.178073268048486,0.006944622635410019,0.1405535687360283,-0.0029059181358667826,16,,2
1252,0.5633974520830183,0.003926481110077725,0.2805511640979816,0.14130039255227822,0.008663228780333421,0.00216128137631055,28.02024368586971,36.29113082141024,7.532825455524553,7.532825455524553,True,93.46093706646518,7.210016902332844,3.8821651683297302,0.0017387316186237923,0.02009132619111503,0.0009620017649404448,-1,,2
1253,0.48291043407288076,0.0009896511202719574,0.03823153611414821,0.22838336511020024,0.09486709636172488,0.15461791722077392,33.5210228039022,36.44120095815342,7.394740793629999,7.394740793629999,True,101.07268923164179,7.121532719674535,7.782152661577984,0.0029012238046964263,0.1170028440526437,-0.0020053311196324658,8,,2
1254,0.526700252398835,0.14216465958134342,0.03924826585244372,0.25631488385170087,0.012432514159427428,0.023139424156249477,44.47598894254536,32.95597867502443,7.8387293185557,7.8387293185557,True,109.44299847788947,7.437174775866977,3.4396866599051137,0.00947217659996163,0.12600708162702873,-0.0028197465869045763,-1,,2
1255,0.34858192012966616,0.0995786056711337,0.11357073118446978,0.4223916657946938,0.00984570549425821,0.0060313717257781604,36.05372759356307,38.37986989418242,7.1899586817387755,7.1899586817387755,True,113.75378622378064,7.276054902965991,5.359611926542116,0.00407842247560774,0.12241359945155496,-0.0027949716085138277,20,,2
1256,0.41664304748049075,0.00849165068474614,0.1708978214737817,0.3821378589525906,0.007671397110736254,0.014158224297654665,26.538470177631005,34.223584602100914,7.705118269797854,7.705118269797854,True,109.0875293337795,7.078284834455629,6.583652237811699,0.001339065727252816,0.05697434112060887,1.1392044587075196e-05,7,,2
1257,0.8214127910710542,0.0007344176513176818,0.05313457033913442,0.013784264347480138,0.018765915422082155,0.09216804116893132,42.68588525067594,37.546376030494926,6.040253111635653,6.040253111635653,True,72.52109795905581,7.424939919786893,2.748982438611983,0.00825754145270339,0.09157907831574032,-0.001758714756509143,-1,,1
1258,0.5802485153668129,0.02992641673896618,0.13572147603935122,0.06558173887048525,0.03122421922112558,0.15729763376325892,39.806509158293814,36.7050958091023,7.57833659617324,7.57833659617324,True,94.93948929778881,7.287224508967592,5.502885281490303,0.005934013579048483,0.11864343247075225,-0.0022161025542069513,19,,2
1259,0.537724808385863,0.05384314604483971,0.06726462201178653,0.19256849308679555,0.021183440041640706,0.12741549042907446,31.89476834890735,37.49090081289495,7.0427257833452295,7.0427257833452295,True,92.98649585698676,7.144376491540241,6.632884249316818,0.002531236050803825,0.08983446346690063,-0.001169519986089506,9,,2
1260,0.6409586739014581,0.04900181884746653,0.009223953539547339,0.1393353071564809,0.021754357098211233,0.13972588945683598,30.690200664960763,38.5524616364774,6.379886912171425,6.379886912171425,True,80.24652107506958,7.138235114939876,6.3531363582242095,0.0022712770451960964,0.08339108191182297,-0.0010439376754541481,11,,2
1261,0.7434867151068291,0.08622132230803999,0.0030062348707672335,0.04110804285273787,0.07212375211688243,0.0540539327447436,28.06267576974314,35.90382792409156,6.695610863764284,6.695610863764284,True,74.62446769961157,7.178951476953313,4.557189084035482,0.0017531082163185162,0.03934142736269886,0.00029632912291173636,19,,2
1262,0.7105598920947267,0.012377817737749885,0.03800356988948894,0.13547679807580104,0.0519666120018364,0.05161531020039702,26.60380965017274,37.16808070107659,6.247863076955727,6.247863076955727,True,74.95197522907937,7.134297494762219,5.27682449251393,0.0014784106805516035,0.047617236595356396,8.395239069162689e-05,13,,2
1263,0.7357033306546343,0.11393926732016624,0.029268299041413044,0.08403897533436754,0.018014721072079486,0.019035406577339195,28.8931781190554,36.73215071193036,6.4527225829372385,6.4527225829372385,True,75.29107224466792,7.225797171808336,3.779035879257948,0.0019608638681210106,0.0333963439965019,0.0003138904313972765,-1,,2
1264,0.4090061954058806,0.04132752128610605,0.053830171669167384,0.42589291828521225,0.014985228043282688,0.05495796531035105,44.41987957560379,32.85340499144306,7.760548127266407,7.760548127266407,True,119.80961505089395,7.3623533037966675,5.799694733614664,0.009214800743409605,0.17884203427442705,-0.004471798889021654,21,,2
1265,0.304068123442322,0.0791413590966666,0.04482751408399125,0.5079317963045638,0.03427343711702764,0.029757769955428653,25.8298794342048,33.85881266467537,7.929324767813978,7.929324767813978,True,121.00617517969879,6.987844631802135,8.227815376848447,0.0011342749217690465,0.078466374245682,-0.0005107201601752525,5,,2
1266,0.644565343904297,0.063870517885635,0.0001684708333373955,0.11282086790808235,0.022530832051960815,0.15604396741668744,35.69219545522863,31.819936846801188,7.840127015186474,7.840127015186474,True,93.42423715811752,7.197445335454487,6.394380323124442,0.003688418755941692,0.0961842400643765,-0.0015220984782485238,11,,2
1267,0.6441153000039369,0.14585033757280844,0.08740781404387554,0.07264750983592613,0.0484882355444087,0.001490802999044286,38.97283341809768,33.34732700475253,7.897974263266145,7.897974263266145,True,96.17775315449946,7.405532855615395,2.1658239468212828,0.005488067093465592,0.051127707293754585,-0.00047401816426989943,-1,,1
1268,0.5380149643098582,0.04533418156529194,0.1404613127454852,0.21366234749262755,0.047338075520393305,0.015189118366343747,43.97256398169012,37.28337594709744,7.065416676066782,7.065416676066782,True,100.15284667487217,7.452692646633305,2.8323741692014455,0.009245096959232705,0.11417803952452937,-0.00243676473831342,-1,,1
1269,0.5047495711334021,0.11369643322590076,0.08712037516836355,0.09439630312910272,0.026157871780322434,0.17387944556290832,39.16322865135931,37.088389419159995,7.995742441403336,7.995742441403336,True,102.87508810324877,7.245675875340172,6.373378691316473,0.005465173373646025,0.12728648862895758,-0.0023485935851264073,14,,2
1270,0.41395108887951565,0.05856846937461702,0.11468514734586682,0.32735993433510013,0.0038664526979286,0.08156890736697171,25.75499681621608,38.92661184241325,7.0399825521941475,7.0399825521941475,True,100.24085349878699,7.024606525512393,7.401093275189178,0.0012263369708021788,0.06654016163142125,0.00013998225121573333,6,,2
1271,0.3456242859346247,0.04836207509524906,0.021857331411745593,0.47341933158164673,0.03192600120086929,0.07881097477586459,42.792387748042,36.671495038835516,7.1342025019531095,7.1342025019531095,True,116.29788333888236,7.310551811718342,6.76926133123209,0.007884110048069142,0.19213152253679228,-0.004853266334776779,17,,2
1272,0.5807389285521628,0.09381070282798862,0.03941696423058669,0.26238855929927457,0.011479491893154493,0.012165353196832691,37.03703880722795,32.46398762259794,7.491151911822468,7.491151911822468,True,100.87583947604638,7.3141922929356555,4.297059068322979,0.004433581040310076,0.08682104664077352,-0.0016621408575618508,27,,2
1273,0.6384071531570343,0.017407066079363567,0.1048611599604774,0.0016919309411092594,0.2070062999367132,0.03062638992530219,27.111097489850653,38.53912848790488,7.148504893922837,7.148504893922837,True,81.84087553434472,7.181018802306519,4.343596425001603,0.0015989936594144253,0.027436375266980676,0.0009378086103482938,19,,2
1274,0.5675942466836291,0.003286263020925444,0.11256279642349844,0.25489295058379824,0.04710417687903517,0.01455956640911359,38.263224182822775,39.19609392727375,6.300514094617894,6.300514094617894,True,90.44080736865688,7.35299596886907,3.826668975105913,0.005291600891109224,0.10327104398123597,-0.002203253463844429,-1,,2
1275,0.5057365890383307,0.009524542790492942,0.05301724685052136,0.2069833272734421,0.01647511067167136,0.20826318337554156,36.53054624374486,39.19560420677692,6.8130189166322905,6.8130189166322905,True,94.40691560280808,7.162418102621468,7.743426182862826,0.004092618803845522,0.13878124829483507,-0.0027452581107098115,10,,2
1276,0.30116525850524895,0.09734235675639112,0.013855087784141804,0.5000988397500797,0.050348399360132655,0.037190057844005704,42.07441442312118,33.91953752994353,7.972208661453643,7.972208661453643,True,129.77307446601205,7.307780743348953,6.671579446568323,0.007232040256102786,0.1854296623730942,-0.004766483189772914,17,,2
1277,0.15079145153337747,0.02093090338785938,0.036235594219920106,0.7885813429817367,0.002620529907051607,0.0008401779700547432,38.063161292954575,34.09541165136117,7.4809095944524096,7.4809095944524096,True,140.08180007177694,7.204524079142055,8.261142464420471,0.004635397260845191,0.18952597553634015,-0.005235203619577417,11,,2
1278,0.24661205025260527,0.05708373581020985,0.078388928044268,0.452477474703828,0.05840426427575385,0.10703354691333508,26.868265197920262,39.33946063392288,7.552604389573296,7.552604389573296,True,119.25118540085825,6.953467907887268,9.273051366627222,0.0012703007993001667,0.10857996434753373,-0.0013016089234466346,5,,2
1279,0.744510223559627,0.0045490220037824255,0.12003248012338916,0.059655824511957924,0.06585483171785537,0.005397618083388123,44.287030040604165,31.455664006400113,7.584055003658084,7.584055003658084,True,91.69105941567992,7.484981570197167,1.6882902655549077,0.009142352298703891,0.05808510892857499,-0.0005826863986251735,-1,,1
1280,0.3516625420470321,0.0577845540048304,0.006176035455191851,0.549809401796865,0.013282885073711597,0.021284581622369,44.68038789541053,39.53501651856648,6.255797811782602,6.255797811782602,True,107.53340231676326,7.395671432557235,5.274343284548576,0.00987238940065516,0.2014123439941406,-0.005282675345693373,24,,2
1281,0.11535466893871321,0.03974512274884197,0.05327575073987603,0.6567189751943473,0.03280407021449377,0.10210141216372776,40.938247141894436,36.761407236280036,7.923166231371413,7.923166231371413,True,144.28881231961446,7.188978503319051,9.583735618166543,0.006148333648568775,0.2308253315944956,-0.0061215308422181034,9,,2
1282,0.15030741563174943,0.15719568291651165,0.017158833472591457,0.6253839484766922,0.004030455557675152,0.0459236639447799,41.18731798149793,37.99814192109307,7.6565836230535,7.6565836230535,True,137.30836657136717,7.2655585379593175,7.73511009055669,0.00662400757467028,0.2154673476588383,-0.005742506611526558,14,,2
1283,0.29167902208271335,0.07014277175947092,0.07472660411509366,0.4158752598894859,0.13038612547715017,0.017190216676086088,29.241311847776995,38.72664088731384,7.56333250480437,7.56333250480437,True,117.80354870560689,7.116101297826645,7.0407807478234625,0.001869272544855409,0.09890383176519495,-0.0016335313549526603,7,,2
1284,0.5338625823346091,0.07048641117009072,0.09734134966939213,0.19632498837706228,0.054875535638364864,0.047109132810480805,37.3542783921235,37.727580807544626,7.075289808269669,7.075289808269669,True,96.94768533526742,7.313860511367889,4.408231356938888,0.004730071015159414,0.09865974603623268,-0.00189160420868312,26,,2
1285,0.7247977490087879,0.09254916955882236,0.10123843901562919,0.07820551326508277,3.22480936344482e-06,0.0032059043423146184,36.43561546020584,38.832297999648205,6.2212433561079274,6.2212433561079274,True,77.8927180926009,7.377796150083645,2.1934312898667323,0.004434900971354589,0.04782131546837888,-0.000460611263018809,-1,,1
1286,0.6740082730762782,0.043589144098223384,0.10181614429927634,0.08406621477668985,0.003496390928850479,0.09302383282068177,25.518840986085646,32.05620237593267,7.800205686577151,7.800205686577151,True,84.22076058215791,7.0633183648324955,6.016526319831829,0.0011946854563009497,0.03216981723104473,0.0011281401221269849,8,,2
1287,0.6013365644620919,0.007854618551445248,0.015641120261424165,0.24347839208840233,0.11118246827344978,0.02050683636318652,34.88262488129608,38.046240634109424,6.283658610156338,6.283658610156338,True,87.31426721624446,7.281156401969081,4.661694159661443,0.0036824728390379914,0.09297945774059137,-0.0018041441618129835,23,,2
1288,0.06767805317221963,0.07574641125215939,0.020900103553631647,0.6599792471019283,0.10449760447067719,0.07119858044938375,44.73573290956334,39.00668281184898,7.891462371052232,7.891462371052232,True,146.97763235540808,7.275494412852094,9.029583458622225,0.009306037756690167,0.2783740491209095,-0.007522460052141677,14,,2
1289,0.39382093634935444,0.09706096201164188,0.00996773944986557,0.4228628045343999,0.06521495247388649,0.011072605180851725,32.525098396359034,34.16625894584621,7.623470626798951,7.623470626798951,True,114.5114255547985,7.182386717265362,6.406858167062638,0.0026623191383284414,0.10082237151213914,-0.001977340827880639,10,,2
1290,0.49327908563493006,0.0558230995515915,0.2075215181920878,0.17057258776678028,0.0009686191804582457,0.07183508967415222,33.748415846971966,38.800149159521936,7.383141429392336,7.383141429392336,True,99.18246734950513,7.240472446543043,4.950228167073787,0.0032240432945631254,0.07728163970103434,-0.0009690115876641577,19,,2
1291,0.6739055527001176,0.04083542816379591,0.12234405106856568,0.13483612456139982,0.017541032519398245,0.010537810986722672,27.707263631940158,39.37758408804254,6.176016434489604,6.176016434489604,True,76.87648003204023,7.20630322268121,4.018703266101861,0.0017426291071828712,0.034388186140474626,0.0003628524796062979,30,,2
1292,0.3795962812913696,0.12056839104029544,0.06719268549277474,0.2392108111177515,0.02528674331788423,0.16814508773992437,32.415104110296696,39.89582819026717,7.620754876137678,7.620754876137678,True,108.13745320128893,7.087832620916831,8.107312899292284,0.002576894006123056,0.11777317201253718,-0.001780575148532207,6,,2
1293,0.5431080889019677,0.12313927042786693,0.1281941802234293,0.07019389846651697,0.007910828707031126,0.1274537332731879,38.52064147616215,39.30780135887739,7.429229382283921,7.429229382283921,True,95.17001970123897,7.297133625202195,4.821426622301434,0.005325073558832091,0.10298278444998707,-0.001763894120547739,23,,2
1294,0.6347646507510896,0.06805858611567185,0.06229879581470861,0.14200218890081837,0.029709193597725496,0.06316658481998609,34.5514998017577,37.51748286745352,6.656352521956247,6.656352521956247,True,85.48271420438421,7.270801759742575,4.481529118491922,0.003546354618437445,0.07753192177292098,-0.001171385401235894,24,,2
1295,0.5548404047759822,0.06082766428730124,0.1093422428485926,0.1581643907598396,0.028978991661351625,0.0878463056669328,33.974255152854944,36.347763544476734,7.37235822504977,7.37235822504977,True,95.39736712189186,7.224149040829977,5.398285602198604,0.0032362196580703775,0.08236252080535719,-0.001128314979761774,15,,2
1296,0.4854022413191431,0.014968947185764669,0.11975200106968413,0.25062409991306706,0.03551139019530404,0.09374132031703715,25.87718112523347,34.2838244778453,7.815196140925255,7.815196140925255,True,100.84532287347997,7.009648122141038,7.468752254281616,0.001187936468900651,0.057457775700089884,0.0005676376261872656,6,,2
1297,0.5388039871815663,0.012672056904179732,0.15222814488682024,0.040657587452080875,0.24113335043747816,0.014504873137874696,37.132859963025304,37.58270786146727,7.983427175930769,7.983427175930769,True,101.02026673571172,7.355241912833042,3.209838843885113,0.004658561257485525,0.07273314821124831,-0.0009965419695061356,-1,,2
1298,0.5636130332526958,0.11829958684803114,0.06775068544881628,0.12458969760440074,0.029486143630753078,0.09626085321530287,36.47253729089006,39.212891297638286,6.951090393629301,6.951090393629301,True,91.09420290411063,7.278692018720788,4.828824752075864,0.004330124250848385,0.09484658392160182,-0.001614192623385073,22,,2
1299,0.3425378297976432,0.09815928853140837,0.08685663553146715,0.3416838816162928,0.09432470299461203,0.036437661528576415,38.765873780772786,38.63167897864169,7.620786378546743,7.620786378546743,True,117.35860955158874,7.299327308701908,5.625351662017394,0.005378743253219142,0.14623407974395408,-0.0034171405507607425,20,,2
1300,0.2651500912679346,0.03857893236959531,0.014847081559990037,0.4223018516054391,0.030473885670567222,0.22864815752647383,38.98559181254316,39.813014408428664,7.357829401780776,7.357829401780776,True,119.86787334388457,7.115832341142262,10.090156658339414,0.004969502381315242,0.2033049930992341,-0.004757812495481096,7,,2
1301,0.28528457066582324,0.07353254462390811,0.13693744113562822,0.380598062593402,0.01028635263231494,0.1133610283489235,33.14898855050595,39.03111448419561,7.782322707661288,7.782322707661288,True,120.64184648397277,7.116172442547295,8.012117945124603,0.0027963545846695836,0.13105169771802613,-0.002531643719772586,7,,2
1302,0.7780476810743844,0.04000506574250437,0.022028469912404352,0.012370444328000099,0.056329515269736,0.09121882367297073,27.844221812443458,33.853639463659206,6.976454562838208,6.976454562838208,True,73.52740201623396,7.143537738010319,5.140113441047652,0.0016597169799884755,0.04380308311843317,0.00022021223824703786,14,,2
1303,0.5145948309665709,0.09517417375124292,0.07366086538684768,0.22153519858147427,0.05339674346775006,0.041638187846114075,42.34808718460958,35.74507689235617,7.482594577079123,7.482594577079123,True,104.48426286002272,7.393143126311395,3.9545794502788776,0.0077746295275571906,0.12643111523082576,-0.002796854358679612,-1,,2
1304,0.6235048345947354,0.15471707544725377,0.005332379262600975,0.12786230479722488,0.08515527255605009,0.0034281333421349205,43.90182457763777,37.169381789212295,6.906782565290268,6.906782565290268,True,92.4235946325315,7.475920405837366,2.029046634062201,0.00914522706718775,0.08240317924772289,-0.0013998365941097107,-1,,1
1305,0.46897482641145044,0.1660651110696764,0.07039524813009945,0.26855592776389225,0.025333587840548774,0.00067529878433254,42.3547359750535,38.88848582878631,7.033641278674396,7.033641278674396,True,103.8383099245124,7.431034007857563,3.015062827682147,0.007943353836349315,0.11732096530346636,-0.002606714316450702,-1,,2
1306,0.2947415727260013,0.025671444864531396,0.06883944384904532,0.3797148481155376,0.22618998024569714,0.004842710199187212,34.667401249130364,39.81195232132482,7.514004161782614,7.514004161782614,True,119.1335203388088,7.231202558214356,6.304296233391854,0.0034896865518101797,0.1357483247464098,-0.0030958242062839973,14,,2
1307,0.3119646788808003,0.016777226408377557,0.060558820174473386,0.2826692280709127,0.15855242191742297,0.16947762454801324,42.025944426770515,39.5075432126842,7.936593778849365,7.936593778849365,True,121.0118615228747,7.22787800742547,8.464092135032882,0.007121268526164332,0.20511434531983658,-0.004786980904840636,11,,2
1308,0.6110986399360497,0.04387502176693476,0.04210355363518552,0.2857240798717464,0.00047260343589844515,0.016726101354185088,29.765600826670024,34.74200408997084,6.674790818487102,6.674790818487102,True,89.02616306261962,7.182402716569539,5.275577242409285,0.0020453128875224614,0.061101085252136006,-0.0005864347477260296,14,,2
1309,0.6232878732680258,0.08806655497770731,0.15937516214984365,0.019502033021204502,0.10812889104120359,0.001639485542015122,27.551609077078343,39.912562957509785,7.024422532209762,7.024422532209762,True,82.71393443985843,7.236086301185245,3.1309241990213437,0.0017243205051949654,0.00912996193010592,0.0013061305679998815,-1,,2
1310,0.6063547449680281,0.06671728339843494,0.05781672312979641,0.24312689428193726,0.007323258394716968,0.01866109582708633,26.99686938108495,32.80556687082063,7.321737505142314,7.321737505142314,True,91.42749130409511,7.125949664259431,5.522025353806233,0.0014559302334396847,0.04075659367984004,0.00038413424987345434,10,,2
1311,0.6966017648862218,0.09285551563049434,0.03818342081212335,0.0358730470440346,0.05563581786119213,0.08085043376593348,32.15203628408861,34.89134103030575,7.245457796993159,7.245457796993159,True,82.50909379447366,7.227808752521528,4.557597774944295,0.0026970509713580195,0.05479429551308536,-0.0002626429272902901,21,,2
1312,0.5659779851318788,0.08723364537355442,0.06012850058283915,0.2636398475816103,0.0052418368774034075,0.017778184452713827,33.35441631312035,37.902038742353966,6.506816115285927,6.506816115285927,True,90.51726340688955,7.2636637109121835,4.506620235643856,0.0031268567958902577,0.07679713563598507,-0.0012424448916531275,24,,2
1313,0.643497952050336,0.0408545649857885,0.010641467509397089,0.15019987703230897,0.02671841226027011,0.1280877261618993,44.43826751932262,36.20390472184802,6.728579966357116,6.728579966357116,True,88.94545052069282,7.388025886483584,4.578198551467715,0.009557961927850977,0.14496445911704373,-0.003257715428031502,26,,2
1314,0.2467663883668919,0.07772105655178696,0.16924248967993574,0.4943246466597351,0.002405461260943115,0.00953995748070739,35.638224902790064,38.41342079868848,7.6184644715863,7.6184644715863,True,126.31135080156608,7.241693775305505,6.212845593420336,0.0038349395891678936,0.13956908664265658,-0.0033537126028037306,15,,2
1315,0.7533469999582108,0.17599320332283655,0.014767065206566949,0.028008878674318928,0.0006495287051525563,0.02723432413291424,42.52008194620649,35.79377430327524,6.7857541041522325,6.7857541041522325,True,82.06725648091961,7.460839718802518,1.6440043159411717,0.007906453652498145,0.05334807891042744,-0.00047734884199911366,-1,,1
1316,0.30436048054289105,0.04331514714898293,0.17274713644210726,0.43292639580332154,0.024396979763933405,0.022253860298763802,35.02934374676836,38.28970020037646,7.4919559986019,7.4919559986019,True,119.53318449750441,7.232805220257203,6.121694690440201,0.0036005196337215886,0.12631433052717927,-0.002831307583246961,14,,2
1317,0.6415648540708432,0.01956608667413866,0.02555361391664897,0.17806461223692485,0.11100285446537765,0.024247978636066623,39.44518910287913,37.84339226681832,6.364706414365535,6.364706414365535,True,86.31165645294077,7.372505046978735,3.612599189711052,0.0059445709509071245,0.10226832557483422,-0.0021487502118439123,-1,,2
1318,0.6749756805473429,0.05483150932862508,0.12897644112170958,0.12821721475300765,0.005288269620603375,0.007710884628711076,30.62281150445471,38.21021724476832,6.3995646540017415,6.3995646540017415,True,79.97668122782753,7.2614304542381936,3.515637682886176,0.0023867382708006473,0.03975026563262059,1.7214207364001765e-05,-1,,2
1319,0.6926462090659775,0.16246065089474865,0.05289716449470801,0.08448004926145897,3.208350709613671e-05,0.007483842776010625,34.854687923944944,35.65784862531719,6.968852292697161,6.968852292697161,True,84.40635444158927,7.339796200150367,2.666907931152784,0.003680345398988078,0.04238130173620656,-0.0002096883286410591,-1,,1
1320,0.29794008871362804,0.08832752542109479,0.058726073692830734,0.47813921523961683,0.0733690740801801,0.0034980228526496453,34.489837303587564,38.42890991546139,7.219230786662679,7.219230786662679,True,117.85919402827376,7.224950628650914,6.298084078823654,0.0033982975925983872,0.13014186986644682,-0.0030237728373841586,14,,2
1321,0.5207639385192737,0.06643144865585895,0.0030632706742968483,0.20171542720500046,0.0030197760197757557,0.20500613892579436,37.21391624982271,35.08859528661961,7.531717485492091,7.531717485492091,True,100.5125021884218,7.1665044328859695,7.795296560977896,0.0042804968972917825,0.13449483977407858,-0.0026121700499557496,9,,2
1322,0.5440311996332293,0.08955475838323299,0.0045237675500708575,0.27548778415784153,0.03684171196871102,0.04956077830691426,27.251839787162616,35.19716396820195,7.05118203104822,7.05118203104822,True,93.21446935094264,7.095212896181019,6.375816524600706,0.00148999444348709,0.05906445945663433,-0.00010160946320240227,8,,2
1323,0.589732593672234,0.008350625271792655,0.07361907199351839,0.1691090266940537,0.11830797543762923,0.04088070693077201,37.84966518138939,33.795679394892346,7.552178436920941,7.552178436920941,True,98.39761271484754,7.315792546701754,4.504286690097096,0.004856530728168757,0.09589709084122532,-0.0018170571845921699,25,,2
1324,0.623430198137992,0.038529066073678835,0.0029169956340044986,0.1492114742135453,0.06076223309459345,0.12515003284618584,30.045599088286593,31.21775062818856,7.952926950267641,7.952926950267641,True,93.48906876987688,7.094250878319515,6.93331616825526,0.0019375241531794773,0.07067962837953674,-0.0004611012702710907,8,,2
1325,0.5827373392305658,0.17995415820426827,0.04927638795656831,0.14963154014065758,0.02341049265907438,0.014990081808865604,39.28109483484161,38.06403355178154,6.959482228525709,6.959482228525709,True,93.16248164464662,7.394284648330406,2.7663252911247365,0.005841645128402641,0.07906648525975349,-0.0013816139964162766,-1,,1
1326,0.5060773806028015,0.025295972517540545,0.026996449717591846,0.1366120288482458,0.07321406723472151,0.23180410107909877,29.80979320888799,37.13892897401854,7.55887678908523,7.55887678908523,True,95.56795982715138,6.990586579035807,8.98474288033049,0.0018083253629673527,0.10587138143789371,-0.0010957429436503534,5,,2
1327,0.39884841811036487,0.0354127878270254,0.028524548762616057,0.44770148216755123,0.04992762657571679,0.039585136556725686,29.099797422838552,36.20484676066653,6.991844540430427,6.991844540430427,True,106.41175711370855,7.09342207754429,7.292188304375294,0.0017971797761984654,0.09253860075419791,-0.001423232377034445,7,,2
1328,0.33496034909041544,0.03245351610852505,0.14911937682268658,0.40571942417820556,0.021459559050466096,0.05628777474970144,40.32276672567238,36.2417493975217,7.771776779348037,7.771776779348037,True,121.94496751784652,7.294660410445703,6.22181015327407,0.006166267376610098,0.16167617869167514,-0.0039156164747695425,17,,2
1329,0.31318968527070773,0.05605613067755362,0.027615859840409422,0.4342779138819475,0.16000877305200198,0.008851637277379778,36.4258153793799,39.27483084251487,7.136250035006614,7.136250035006614,True,115.71003793161834,7.256362232725094,6.229520303836624,0.0042028763813418395,0.1465631414241862,-0.003524774711032317,16,,2
1330,0.5714586325157298,0.10693198867911276,0.04169656998672021,0.14615783859576514,0.013111941899741644,0.12064302832293032,42.19783917268231,34.84083106588115,7.597648431456277,7.597648431456277,True,99.25079980431153,7.343413731639979,4.985975202057622,0.007536598099313752,0.1303784545547385,-0.002741509450221813,23,,2
1331,0.5941579876506812,0.2791666488303765,0.037195975042577906,0.06692668943063636,0.019269258093833376,0.003283440951894663,40.7964152583242,36.572597995911025,7.6890164864382005,7.6890164864382005,True,97.37185077082381,7.444867882223558,1.580028450500869,0.006641717240509883,0.047873683113730386,-0.0002841846073736193,-1,,1
1332,0.04651347921548397,0.0940478210638945,0.02928560318724007,0.8242179996585699,0.0002925197376523232,0.005642577137159259,29.687619693589006,37.595837970829265,7.40602953406618,7.40602953406618,True,141.801769449152,7.03014938389359,9.356153653711335,0.001792018508358952,0.154517318882151,-0.0041046218535196405,5,,2
1333,0.18892508003508407,0.14854251693906473,0.029449861930611596,0.5966342823156333,0.01758524527526801,0.01886301350433823,34.8662116780659,39.286527601328274,7.272925519002695,7.272925519002695,True,127.56036361572968,7.192746996653204,7.339865195562148,0.0034672754721118007,0.156438873245351,-0.003914528578684243,11,,2
1334,0.18018694216197007,0.034867555441836715,0.0474458952095366,0.7319709311648981,0.000627833734241056,0.004900842287517472,31.547232063489616,38.50261021425415,6.710284813621342,6.710284813621342,True,123.39705890886293,7.115447684364498,8.094461205725368,0.002352285100517803,0.14249731562696996,-0.003526055354741759,7,,2
1335,0.3199986324243861,0.04786437007476717,0.05272239563274735,0.43750638525337077,0.1366951638901049,0.005213052724623794,37.79968679434357,37.304121606933165,7.4540240737874255,7.4540240737874255,True,119.76038356758002,7.279038982326634,6.053681414613728,0.004810629873892498,0.15096912868037515,-0.003704735304582419,17,,2
1336,0.6213787447381136,0.08690769804965906,0.07269781470294848,0.1371779563451418,0.0036885494786520856,0.07814923668548493,37.648383258888984,37.935621649086066,6.703885976224244,6.703885976224244,True,87.40342381739474,7.316948800063343,4.230409687589636,0.00490928168527536,0.0931478051786603,-0.0017062523130380437,28,,2
1337,0.5766197128775221,0.050648257805491766,0.0020785468166278787,0.2123110029559398,0.018569282243023844,0.13977319730139456,38.559376444118925,35.53573119567616,7.00139787870115,7.00139787870115,True,94.3600073139639,7.253227130549063,6.246744251762858,0.005141345842897762,0.12748826160615206,-0.002661544105972282,15,,2
1338,0.7385928092892571,0.0466731198904553,0.008345096806577799,0.030611013175787207,0.043705856495165084,0.13207210434275757,26.54697071224025,39.719355801153846,6.075495166501156,6.075495166501156,True,68.67436481392413,7.098270056931375,5.856930303770392,0.0014786245218663021,0.05875939078354651,-0.00016126122375947883,11,,2
1339,0.4204836961657933,0.061497574278281245,0.07105538812829228,0.27815869916519237,0.004293826378173101,0.16451081588426766,32.762940182969665,39.24372851348133,7.129896365161475,7.129896365161475,True,102.4722167368654,7.102698338707744,7.950128162034372,0.002694498269780513,0.11874416032647465,-0.001981349580533048,7,,2
1340,0.5603560841019832,0.11889084582927127,0.012559974823140061,0.12180103281576063,0.17865636587261727,0.007735696557227658,30.902386295552407,36.75660104592282,7.460097089178568,7.460097089178568,True,94.06936033172691,7.237544346668331,4.328555004504604,0.0023831207253225154,0.051674815850073726,-0.00019203208637258434,24,,2
1341,0.5996702377474539,0.09938021818358576,0.12289693264601016,0.14244621036646257,0.007237495922199605,0.02836890513428809,28.478071065122748,34.33058358627099,7.609430977832177,7.609430977832177,True,91.64429680069647,7.182748966859773,4.5905146543012,0.0017810788348075408,0.03211733106106378,0.0006248851159168676,15,,2
1342,0.4058190530139747,0.2497266205719223,0.018577153915552414,0.19974683972411075,0.09428500088664678,0.03184533188779312,29.663223325388593,39.33641157263934,7.900444135420956,7.900444135420956,True,107.61842671262376,7.183833958348799,5.241543651730227,0.002059146229641725,0.060036430776625904,-0.0002317156589508926,11,,2
1343,0.4274020968932493,0.2558011161031738,0.005887551520785282,0.18829628550952196,0.11914465112027132,0.0034682988529982813,34.16004170205078,39.29033429612453,7.794937096155753,7.794937096155753,True,107.89793219369228,7.297555567416339,3.941511083484839,0.003423473915136565,0.07503506918138972,-0.0011143155413748688,-1,,2
1344,0.651530418126913,0.04009636111439857,0.23617784716618043,0.04364294310131698,0.02035198176026174,0.008200448730929233,42.5254323296242,37.78323341140232,7.087624304738473,7.087624304738473,True,90.20875616565453,7.4714693665738325,1.340483173227275,0.007875193899052559,0.04538846547978617,-0.000129109865698263,-1,,0
1345,0.5729635228927138,0.014103195633272432,0.0020311721825860313,0.32566399593889583,0.0029029897056693657,0.08233512364686255,34.78222282599583,34.07498243129543,6.799509400644114,6.799509400644114,True,95.23733393918283,7.206492082408733,6.311905712164194,0.00342412061025044,0.1054334958482759,-0.002083558668098891,12,,2
1346,0.7519122469172784,0.0025294386824302865,0.011455206584993135,0.021889985428760965,0.100835871984277,0.1113772504022604,38.587802689901864,38.046327231703614,6.2847237990407585,6.2847237990407585,True,75.44810468315443,7.326867536024997,4.1961162281395765,0.005455232263242899,0.10001114871840286,-0.0019444621435886888,28,,2
1347,0.5643724825102165,0.08690123407400949,0.012985931222332018,0.26191824395956076,0.047939270672255334,0.025882837561626005,42.297633298660955,33.51476875468264,7.343885681154526,7.343885681154526,True,102.37014059535623,7.393681560799094,3.983943715016564,0.007651644320467306,0.12295531011600816,-0.002777004893432146,-1,,2
1348,0.4264087545015125,0.008920841937548307,0.12794118813157349,0.33331199837103204,0.03575460311870258,0.06766261393963104,40.05270276891122,33.77814570540808,7.949253769636801,7.949253769636801,True,116.55529544116587,7.292293268453591,6.01059820694645,0.005934324314908089,0.14218017299682337,-0.003262981593075792,17,,2
1349,0.4941836727476981,0.030474265364558505,0.018638822729373644,0.31856595973776175,0.07170403233251786,0.06643324708809024,26.069799516323528,39.19851039934973,6.4156996393559504,6.4156996393559504,True,90.57426057703428,7.052177332573623,7.084611724308036,0.0013084590417933087,0.07069860952440127,-0.00031927326745955967,7,,2
1350,0.8190266118227603,0.0038164192695617598,0.08991817444185632,0.02544666054205881,0.006369016884664131,0.05542311703909871,39.01166422953549,34.154222946777374,6.640895591177011,6.640895591177011,True,76.7150942207851,7.38060495965029,2.7878637349061237,0.005611808853761901,0.06638177756749279,-0.0009974220277704198,-1,,1
1351,0.7828673546137681,0.06731900955539209,0.08861817906832388,0.02474228532533644,0.02933225736076483,0.007120914076414635,30.731289387485692,35.800151481505374,6.6003173413570675,6.6003173413570675,True,73.99299907561979,7.280943024106975,2.8894817918334197,0.0024038852155436985,0.02595256516943445,0.0004124705274504514,-1,,1
1352,0.48005545642738845,0.010195605718960913,0.18391033184790692,0.18670667787509274,0.12604709391086613,0.013084834219784926,35.167972658348944,38.23326752321863,7.482157420969034,7.482157420969034,True,103.03998513031037,7.300583229378724,4.160728685844542,0.003782724603564396,0.08291211188069801,-0.00137069515785418,29,,2
1353,0.6574968375045692,0.021591954043601078,0.08235869291495831,0.21630252143430556,0.015277366292853268,0.006972627809712419,34.5779516306424,34.87940294573235,6.678759990714564,6.678759990714564,True,87.75257273501472,7.296727133515628,3.958051281656521,0.0035233449382595515,0.06963258199614555,-0.001100325207610483,-1,,2
1354,0.49835859496145624,0.02440314185194605,0.03204379398099968,0.31589142906749057,0.044954167782614386,0.08434887235549304,44.7271124949261,39.99443525842355,6.271333441170379,6.271333441170379,True,95.09444145895945,7.3955710112035,4.851757655782099,0.00997729741227792,0.17424182543742775,-0.004259647090463129,26,,2
1355,0.6500204319418095,0.020290910652096147,0.06726186891571435,0.07515214456835337,0.18039995627428254,0.006874687647743926,37.239637202103296,34.732694668381725,7.4151342490654235,7.4151342490654235,True,91.54737952461643,7.356576285417598,3.188357641101814,0.004658145129115698,0.0691406703119586,-0.001013820118014821,-1,,2
1356,0.7172001101769264,0.07863928581201565,0.16948595109010248,0.026247903165093622,0.0009598454572260665,0.007466904298635616,31.389566847063975,37.001772549430484,6.843197405084762,6.843197405084762,True,78.9765392911075,7.299814626409253,2.54328981428524,0.002587129170621667,0.01973986376485541,0.0006252945335273163,-1,,1
1357,0.2803944657666743,0.018233848417541127,0.07015530474458855,0.46495340991794776,0.1544058613083787,0.011857109844869635,43.11182121496428,36.34510818667323,7.80499509970561,7.80499509970561,True,128.43226076146183,7.349776785238192,6.091852986489757,0.008217044702606957,0.2016664746706046,-0.005242111902139395,20,,2
1358,0.473429583089926,0.009039313614281496,0.06144398306767861,0.2975991932140089,0.016180564636410634,0.1423073623776942,35.453904434840496,39.09886747985777,6.643624481179565,6.643624481179565,True,96.97330542046406,7.180110350832149,7.174576396587326,0.0037089481427317224,0.12915738120902123,-0.0026098163953229662,11,,2
1359,0.7754493549983567,0.017778683611915206,0.033826582540157385,0.12268479187481753,0.0008342952074309929,0.049426291767322175,37.174979466870795,39.059306682382065,5.66335515239349,5.66335515239349,True,72.33700655403861,7.346667854312894,3.3688249778950192,0.004811865257076168,0.08220757571238338,-0.0015840735105327312,-1,,2
1360,0.5674952662221293,0.10102919054184199,0.05465240234551067,0.23506076302949006,0.015530036513739324,0.026232341347288645,41.553529399954186,33.384128223907126,7.524218773957114,7.524218773957114,True,102.75757790203774,7.390246967542174,3.7257178740785863,0.007104532738776589,0.10973377748392889,-0.0023552818523444787,-1,,2
1361,0.08933459115482764,0.014424545585227927,0.038342422383641175,0.7715341150160334,0.007099382932281559,0.0792649429279884,32.86190072297768,35.690567017453034,7.661419420960882,7.661419420960882,True,142.93830383951686,7.027419250366983,10.296751676467988,0.0024478438624743236,0.1779648911726763,-0.004758610428903324,5,,2
1362,0.4784790912095035,0.1409658073886408,0.056517503956319166,0.14364929482040875,0.035471391677063306,0.14491691094806425,33.914992737980064,38.70694301736508,7.5999093837197,7.5999093837197,True,100.20452719909795,7.168775605526033,6.642017714910505,0.0031583182358450833,0.10058549081163218,-0.001418383174363793,10,,2
1363,0.4110497563907183,0.14122024495045,0.07263091695569993,0.29473040828879044,0.013407649965197922,0.0669610234491435,28.30568347583589,37.94176761986422,7.46927738840747,7.46927738840747,True,104.9363775079529,7.098805927063577,6.671515375474015,0.0016863286021394763,0.07133050902384377,-0.0003941567463540858,7,,2
1364,0.604249128296616,0.08017687273466936,0.09378039472533461,0.04672495924300182,0.15944200797545924,0.015626637024918753,34.15499578491429,39.54580269564066,7.028305654016682,7.028305654016682,True,87.89661781333304,7.319452974954224,3.152341912798987,0.0034847667152260084,0.05326480181420626,-0.0004024723971080235,-1,,2
1365,0.5980990857496545,0.05571952909390011,0.0056137413910485314,0.1294135572925625,0.09516378165419348,0.11599030481864094,33.8545981949073,35.819477431181355,7.221301657142785,7.221301657142785,True,90.84189648840471,7.195341021578191,6.069244572995076,0.0031495896653910382,0.09189063543166683,-0.001378817699426836,12,,2
1366,0.6239128685836918,0.04183145730740649,0.007145897892337237,0.11960825502643538,0.17934421335719714,0.028157307832931997,42.357138404369266,38.781198413363754,6.573921647641883,6.573921647641883,True,88.23134314019707,7.424916451521199,3.094948182806644,0.007983191026278074,0.1103079072776978,-0.002315839308604478,-1,,2
1367,0.49383093781783693,0.0675693706663494,0.09579627405124298,0.04819585468736598,0.15493419035660363,0.13967337242060102,25.448156697004734,39.16834075216103,7.954847573345095,7.954847573345095,True,94.82127917996247,7.000282213126691,7.4136920274548705,0.0011729711664356685,0.05270363014236459,0.0012940962422080444,6,,2
1368,0.7711324076797011,0.07286017478337352,0.015561694140091375,0.025086668904437035,0.02621684060573176,0.08914221388666524,38.80340719456695,29.813647603549654,7.926493031423818,7.926493031423818,True,87.22833182654448,7.333900982885455,3.88027954898942,0.00525312231933082,0.0731261365426715,-0.0010671291241166462,-1,,2
1369,0.6441074259119162,0.19513064314881998,0.05837983429778748,0.03489513665194882,0.05530835569888608,0.012178604290641652,31.707977093366196,39.07189646805663,6.94051588689654,6.94051588689654,True,83.26615041082583,7.298205422075925,2.7756928927800404,0.0026977148321867656,0.027453313074926197,0.0004380171207904227,-1,,1
1370,0.5475695059632321,0.08193312162582243,0.08711136241848341,0.1915473639620226,0.08924941708271182,0.002589228947727653,25.579850153355466,34.47378099289724,7.684728113544121,7.684728113544121,True,95.09629064253555,7.123070439894035,5.220806159416877,0.0012613322527299346,0.027290195064261377,0.001054512346884835,9,,2
1371,0.576778618700704,0.07133267889003045,0.08564319319238936,0.14453957102720302,0.08160280436696826,0.0401031338227048,39.6073290770124,33.70742706293198,7.86468355504261,7.86468355504261,True,101.5813862078227,7.357759359062065,3.8658041488765997,0.0058382768284699965,0.09490184014943645,-0.001788170018242938,-1,,2
1372,0.5297477736569782,0.1768531939621842,0.09531616539547066,0.17949141164222565,0.00439974041181103,0.014191714931330103,39.63778428992639,34.55135283307747,7.958657647755515,7.958657647755515,True,106.04226976597359,7.386281396077355,3.0729007585843777,0.00590557218198957,0.0834335364929109,-0.001505058753606403,-1,,2
1373,0.8300889879328187,0.05258697377548107,0.011491204485953933,0.08915173683666007,0.009382697189532859,0.007298399779553294,32.191598975841025,31.853517830993216,6.788737845990722,6.788737845990722,True,76.1707530049096,7.278499990804892,3.4325492142332426,0.00271089326123869,0.04083756311789346,-0.00016956516229707443,-1,,2
1374,0.4323429929242275,0.08561030715139963,0.05838477275051878,0.21009299781202737,0.015288838525995977,0.1982800908358309,34.16478602257098,36.879946007868085,7.890005332274411,7.890005332274411,True,107.45207925842358,7.097850193346052,8.344134179349412,0.003047489917901833,0.12532543377001565,-0.0020761292688586093,7,,2
1375,0.5229305655762772,0.02640213719573617,0.0037847807803082028,0.22498976447482463,0.06219532422236248,0.15969742775049148,25.582424985936697,39.468301858336034,6.563705572235907,6.563705572235907,True,86.96141806599034,6.9676829233374935,8.273908023363417,0.0011590442014660046,0.07936444432404387,-0.00015306453156192461,6,,2
1376,0.5206050576642306,0.03345231162541107,0.03791005461792006,0.33464517579941644,0.000695691211223418,0.07269170908179852,32.180315313014844,37.512397530677475,6.476774656607602,6.476774656607602,True,93.33302771609817,7.173741201879615,6.325395067234405,0.0026456392116024057,0.09603058725495739,-0.0016700924670888318,11,,2
1377,0.49505670652120326,0.023236630279513115,0.014686077865662736,0.2328102282705032,0.04325301878698275,0.19095733827613479,29.768720819169783,36.08146782931372,7.334463400216302,7.334463400216302,True,97.50675401423423,7.01407419605389,8.652585317005578,0.0018223323836005967,0.10299125924840088,-0.0012407931105474326,6,,2
1378,0.5499818562503535,0.21877157417834708,0.003802111213972204,0.13968135182909908,0.004873699528928651,0.08288940699929974,38.87987273010371,36.936269292151415,7.4396417911241155,7.4396417911241155,True,97.4579296540213,7.325528716110649,4.369741034870097,0.005496231883436557,0.10061980840728989,-0.00187061823840433,27,,2
1379,0.25557594273800516,0.033433980327687796,0.02067842308564349,0.4941083366415541,0.1161156121994758,0.0800877050076335,31.567127108326396,37.32896364083915,7.572338787211317,7.572338787211317,True,123.17657530943998,7.0695609181746075,8.775161538520972,0.002268368651137394,0.13763709801151233,-0.0029292212966669073,6,,2
1380,0.6173200572406099,0.07922082249157371,0.09608383134446564,0.18941062549898605,0.016969257568907832,0.0009954058554567872,35.78334887198834,36.72448626026776,6.747399767724897,6.747399767724897,True,89.78618741052092,7.335113889204663,3.3251555118041938,0.0040598342189960565,0.0680631242144886,-0.0010653515259337637,-1,,2
1381,0.5362282725200249,0.14979414992710927,0.051851698879608075,0.11591541490760228,0.049342042515391385,0.09686842125026401,39.182402492768354,39.1301017924432,7.233196751197327,7.233196751197327,True,95.70470008926871,7.32179880267707,4.59062789534369,0.005719727512180995,0.11026990047580638,-0.002112687857104692,25,,2
1382,0.5988477941397792,0.061352257646773295,0.007351503006500761,0.30686599387471025,0.005214693236158252,0.020367758096078093,37.475656794226055,35.8736453192608,6.438253327048005,6.438253327048005,True,91.57127368997125,7.318916391770589,4.46066925410484,0.004760754745386058,0.10307012677326446,-0.002222301743603885,26,,2
1383,0.2769304864285959,0.08282660096382631,0.026478972320846745,0.39993266178235715,0.2100810148631932,0.0037502636411808165,38.27141818364538,39.54524219236167,7.610401392903328,7.610401392903328,True,122.94818767141608,7.2913226335933405,6.020777161637189,0.005112031825416668,0.16439276052154714,-0.00407527752426651,18,,2
1384,0.3910196607183549,0.03926889933542878,0.0475998845622177,0.25922310128324333,0.017164398803233734,0.24572405529752148,39.883306020616985,38.43400041968788,7.553303490941095,7.553303490941095,True,110.25747490603257,7.158803980947319,9.050780809342431,0.005580388137874034,0.1812287006301689,-0.003935971521633864,8,,2
1385,0.394961686930589,0.0954979161295172,0.05676178572501527,0.23666782243640178,0.02648167978894087,0.1896291089895359,29.532848590246775,39.8631030514787,7.46627287492143,7.46627287492143,True,104.02844914060658,7.006247004245235,8.77242169716302,0.0018001857130822243,0.1073721256703667,-0.0011453213602400263,5,,2
1386,0.2865416598011506,0.11752390786979643,0.1196966606672209,0.46182887029954983,0.0043407178018926304,0.010068183560389573,31.264456268871346,37.29860347285688,7.69457006989936,7.69457006989936,True,121.67008183818565,7.165971342828427,6.466306606788574,0.0023575403309972886,0.10236179008895747,-0.001976660089912245,9,,2
1387,0.19511337629120043,0.0106160918846057,0.09749573122415323,0.5499866135628892,0.0003135565887083018,0.14647463044844306,26.85736208290479,39.62088213602411,7.306277792393667,7.306277792393667,True,121.96169195716153,6.87726330301001,10.48823055798332,0.0011533016157542419,0.12727606841675643,-0.0020150993613216057,4,,2
1388,0.6861067227914021,0.14868361868634683,0.005104309194760836,0.06477069656625822,0.03884178917361897,0.05649286358761333,28.033689530421476,31.84482217163649,7.891662581617416,7.891662581617416,True,85.59834742676159,7.155354016874598,4.902437414570777,0.001651989859439787,0.030512389948797944,0.0007682217059615822,13,,2
1389,0.10357709192740445,0.11842294550516114,0.002060387292034451,0.7501995211469349,0.00315803433413586,0.02258201979432925,25.888262397759746,36.01025442342547,7.685021614081073,7.685021614081073,True,137.65509721686314,6.921852981056664,9.741035836119899,0.0010647372487363627,0.116271798877241,-0.002229394155747771,5,,2
1390,0.36087979698945555,0.11825301946537473,0.015507360506745265,0.23388813156388172,0.08321383700990724,0.1882578544646355,43.855316779726856,38.976564519814445,7.95170647075558,7.95170647075558,True,116.45603542812776,7.2687424735161565,7.817567662097412,0.00864714849635593,0.20287572362355927,-0.004664428649730614,13,,2
1391,0.23213712528585076,0.0700460701758291,0.015491203100700629,0.5975214194963133,0.030685940466275364,0.054118241475030845,40.659584612401034,38.42658508314639,7.009815353980054,7.009815353980054,True,123.56311685943851,7.265873652291698,7.467563180971008,0.006330666600969559,0.1995556278892709,-0.005211239595204748,14,,2
1392,0.43186541401831513,0.020531016059734602,0.02184364204383225,0.26658135860066734,0.003898736145235496,0.2552798331322151,29.196944927436363,37.91716451271874,7.24291058599919,7.24291058599919,True,100.2515388812828,6.92559261262284,10.040507152317673,0.0015830103175335228,0.12181628699573668,-0.0016648463190962594,5,,2
1393,0.8466997510612204,0.0037295844596327483,0.042790279489474004,0.0015132256543148516,0.02864044620001864,0.07662671313533924,31.24370914682683,31.24792512675069,7.1557615468365805,7.1557615468365805,True,73.67638692682237,7.221461395703585,4.323812859587056,0.002405726334704522,0.04627098564093812,-0.00015433693365954164,24,,2
1394,0.553932732884334,0.047178666675545496,0.0578203044158037,0.24096476955056612,0.014680457755684717,0.08542306871806606,29.476680472573502,36.355239979933366,6.913856374289364,6.913856374289364,True,91.59154269777197,7.124176220598232,6.391490751855267,0.001937129047032048,0.07285472822297974,-0.0006421647517287773,9,,2
1395,0.7680641001611472,0.016553827273744215,0.00021570991277693579,0.10107591591383265,0.00019380156091210212,0.11389664517758699,43.26053155509278,37.61458349153882,5.959571229591704,5.959571229591704,True,75.84922731529208,7.404035111286375,3.653905440288626,0.008701562619952138,0.12021110341109131,-0.0026497512860866688,-1,,2
1396,0.5641457861953934,0.18039950782208466,0.08253112315503781,0.12348322340958472,0.02417219914518502,0.02526816027271441,29.68922905479261,38.134920525010045,7.240279533211136,7.240279533211136,True,90.82208393252596,7.225540677918667,4.040792766126519,0.0021155063940726474,0.03579586918775771,0.0003962089098200732,29,,2
1397,0.37493616582280254,0.017616450101310435,0.0021173916107665052,0.43092144740258825,0.09948058213169136,0.07492796293084085,39.88266770172755,39.970113830369804,6.5206676212679975,6.5206676212679975,True,105.724309472347,7.277590563113473,6.678921229289856,0.005989776069672741,0.17261782545051774,-0.004248587289881301,16,,2
1398,0.5555527386399638,0.12309607497331551,0.013014143085424307,0.13018092840294723,0.003784901772967816,0.1743712131253814,33.28055034422448,35.233032991193326,7.6925106754069255,7.6925106754069255,True,95.68847574772995,7.134640390914447,7.080995564748379,0.0028541300372668154,0.09585851438474534,-0.0012471824374865107,8,,2
1399,0.2882846459277385,0.03075399912269997,0.08377655984557099,0.4527748732538881,0.10269118626662027,0.04171873558348223,40.120604088093074,37.439743681408046,7.588421719602617,7.588421719602617,True,123.93895519699231,7.283880161924156,6.678584999783508,0.006041120889208577,0.1777785660941185,-0.004460314311848371,16,,2
1400,0.6156921183044929,0.05177256451695122,0.14816270223289696,0.17132587943409297,0.005515954833792386,0.007530780677773664,43.20662829590081,32.66662058235928,7.705103606475376,7.705103606475376,True,101.38694050157808,7.4504305835841675,2.4534564659948264,0.008352121318700717,0.08539445175947946,-0.0015544194165807356,-1,,1
1401,0.6340463348101765,0.07916534198306877,0.028806208367517194,0.021540896833624493,0.13679319385573227,0.09964802414988083,29.96019792982668,34.07973919554708,7.95657137076824,7.95657137076824,True,88.79626667187996,7.151725244353923,5.6387148676934125,0.0020477278882308535,0.05350106164486023,0.00014204715270051208,11,,2
1402,0.18222087395251318,0.1076991557168187,0.04948690213069185,0.5499629422411766,0.07129751983818605,0.03933260612061374,37.421112539153555,38.30715566798247,7.771091686408405,7.771091686408405,True,134.09120869476612,7.2133628328938855,7.693647955647789,0.004485829367314658,0.17976090002859396,-0.004591826451516516,11,,2
1403,0.7709478235662998,0.06828039031207962,0.044898728428386554,0.04861130206080704,0.03638938063748534,0.030872374994941748,37.35113920853412,29.521079536836048,7.928320938473157,7.928320938473157,True,88.07994398881635,7.349245670388977,3.086173485686239,0.004539632838456557,0.05222483883319068,-0.0005058315867667525,-1,,2
1404,0.5187229836156653,0.012746750908298868,0.032638252593394035,0.1079006918552243,0.15469468181326737,0.1732966392141502,31.872452568416975,39.97842893759815,7.104220879297047,7.104220879297047,True,91.93036916658524,7.102826925427477,7.565848237191168,0.002491827460317109,0.10554803821484225,-0.0014163261188696794,8,,2
1405,0.363564935462853,0.028537939143180393,0.10886696146443918,0.4516548576591947,0.040275581861741815,0.007099724408590743,37.30307552983431,35.63654188984154,7.402253021991965,7.402253021991965,True,117.08279187339424,7.275640514952726,5.805142673634817,0.004541731363730108,0.1342750731023807,-0.0032083912981751934,18,,2
1406,0.6436013445579373,0.12479651160418627,0.06771602437728912,0.08552198448038727,0.008860806584542866,0.06950332839565718,40.70730559101225,36.89804828096645,7.018237552338134,7.018237552338134,True,88.91486698986765,7.3858863699294615,3.263147552318314,0.006693829060428037,0.0910154967368408,-0.0016543997200713612,-1,,2
1407,0.4953018061849529,0.12419993293009,0.03708306502157925,0.073530576406188,0.1359298452797124,0.13395477417747736,26.365437771463455,39.520309335755215,7.707787451820831,7.707787451820831,True,94.03226581083796,7.029348157608092,7.204225917255373,0.001330011542395342,0.05878643987787526,0.000762885369257513,6,,2
1408,0.7339811855061621,0.0037693822294546622,0.01633464254118546,0.10345500964863442,0.06429497665863436,0.07816480341592916,28.788451221562102,31.849691603817664,7.257283288112197,7.257283288112197,True,81.23417664672311,7.137305946311677,5.6522487245740125,0.0017765653704799721,0.05229675389802251,-8.761777803665667e-05,11,,2
1409,0.5860512352968692,0.07661152673843818,0.04041212781084488,0.05583200859594603,0.06080285915278594,0.1802902424051157,27.65872332393422,35.93968278895841,7.701677584788319,7.701677584788319,True,88.35752038991976,7.023493647364489,7.5157615644053815,0.0014915489023964016,0.06766763889662683,0.00022182096519219224,6,,2
1410,0.7669026499712126,0.007791170324553218,0.013571540265194009,0.13348930845611018,0.05892503433477727,0.01932029664815263,34.135821191248496,31.819244448744325,6.951266888472763,6.951266888472763,True,82.57431848510294,7.284484193102325,3.9915145176398106,0.0032964249946625785,0.06061188834110964,-0.0007918711377736459,-1,,2
1411,0.6742094445408274,0.08335521627731936,0.03660670017893757,0.1359240281977368,0.03526679977435896,0.0346378110308198,42.56425607811745,33.00522109150799,7.324520140295652,7.324520140295652,True,93.35239847874996,7.423824012989541,2.9737986431929224,0.007880973267776432,0.09313783055270836,-0.0017931748886054768,-1,,1
1412,0.3462935853574421,0.17871250100410835,0.03282415725361941,0.3906448641526618,0.04274537615040024,0.0087795160817682,43.334725051036386,37.20197982692288,7.6199563529115935,7.6199563529115935,True,119.8798878025997,7.39850659162463,4.52561312546266,0.00858801694091632,0.16912671564700563,-0.004224352828339362,27,,2
1413,0.28752599623970565,0.18631660748046897,0.01887546813108848,0.4697452781847298,3.408703564175896e-05,0.037502562928365325,44.292891854431204,39.46535659615235,7.185004683365104,7.185004683365104,True,119.45429607095532,7.381400576277416,5.424114831241072,0.009445904209457996,0.20127344269882685,-0.005173625372188157,23,,2
1414,0.39284430687775546,0.008928498666563544,0.02620503827475396,0.5198092030659054,0.008979836632759499,0.043233116482262274,40.959503825132096,35.095444561785285,6.8880342778570345,6.8880342778570345,True,112.68783984936442,7.301966961542445,6.381964784806316,0.006548676927748908,0.16821113688394035,-0.0042650417227026345,17,,2
1415,0.5942946822473376,0.00876309037737564,0.0518236524153398,0.058946345861345284,0.02843343644473219,0.25773879265386973,43.145286714794004,35.1216653524593,7.708906091984031,7.708906091984031,True,95.5171717320912,7.26273334175181,7.21190753118271,0.007999331781938084,0.1626118045890759,-0.003385720441090677,14,,2
1416,0.5635700765691755,0.0900501644890378,0.024417328608102615,0.24095417774437605,0.023836713658234577,0.057171538931073525,25.416509576036304,31.663024718706037,7.886662832903788,7.886662832903788,True,96.31070437430739,7.038022984409845,6.709259833326872,0.0011372286470484735,0.041669619343655026,0.0008633819694882328,6,,2
1417,0.3676395723872502,0.03765140473496862,0.18714322962444876,0.3219959714756089,0.08275633734945984,0.002813484428263851,38.60456175857328,37.471612414361154,7.806693766687315,7.806693766687315,True,118.00387262391787,7.334789330817749,4.592755886039052,0.005334374448541657,0.12736770619625853,-0.0029191899975126077,26,,2
1418,0.5656414866301301,0.007113971804179439,0.005914582934798032,0.18461375779166558,0.06281420482611652,0.1739019960131103,40.627598371746714,33.59807277259898,7.584364401275775,7.584364401275775,True,100.17793994485467,7.253022101777704,6.9149992760417485,0.006193372485762411,0.145173853223395,-0.003100691058442023,13,,2
1419,0.43067641645147914,0.07371448985756848,0.00035663140539067756,0.4078121466287972,0.05150937428035363,0.03593094137641055,35.019410741749326,37.87910693019038,6.668900331360652,6.668900331360652,True,102.96276741940413,7.231342941175905,6.105280280307876,0.0036110298604874664,0.12001383154937625,-0.002626111716671746,14,,2
1420,0.5916749296552128,0.05951683066631119,0.028572873731028334,0.06554858107496891,0.08642181153847997,0.16826497333399884,25.449592665631172,39.80153169225278,6.847839425656197,6.847839425656197,True,81.07253526950485,6.998854248000963,7.460350691815252,0.0011935827347989672,0.06367772535239662,0.000445103490801728,7,,2
1421,0.47396452619767593,0.27701958838227325,0.07498306210616064,0.14676059308492112,0.022888437216635853,0.004383793012333089,31.918134185212132,38.05660820489021,7.966611877092763,7.966611877092763,True,104.09571101941404,7.282827794509137,3.3423225001065813,0.0026942485133680224,0.03879365377204434,0.00010540062797206955,-1,,2
1422,0.6383254736220761,0.10539666320228674,0.007659137794523211,0.04813166720294412,0.14591708629482608,0.05456997188334363,44.76264136717157,39.31305921982772,6.757720455670214,6.757720455670214,True,87.4855217957175,7.464004250818675,2.546857381663551,0.01008791452661923,0.10323191057467943,-0.0019540735582196747,-1,,1
1423,0.5035231649693834,0.048834168864973736,0.13925137378891866,0.22927840778333905,0.00019599160542427293,0.07891689298796097,27.034338548233478,37.622350864898635,7.144674145766161,7.144674145766161,True,94.37766862292673,7.0851611446434095,6.426369840577652,0.0014710361008815759,0.05653203341711528,0.00022007690755710964,8,,2
1424,0.41956425576270623,0.051659965649617945,0.12587290081210684,0.27093088367989543,0.08859802117243751,0.043373972923236095,42.118848267830245,37.17316906720298,7.674113878417488,7.674113878417488,True,112.77222347972278,7.369101102955413,4.7102934200444,0.007590344616318508,0.1492100052999012,-0.003476584641262501,26,,2
1425,0.6018950082981369,0.12295128766704454,0.057142459246487705,0.06499860511947678,0.05236402974817315,0.10064860992068103,30.208894180936166,36.029474870491384,7.591034934989032,7.591034934989032,True,89.26485305773518,7.162330441385008,5.4867314023998475,0.002142609838390721,0.05501751203410017,5.01788978261265e-05,11,,2
1426,0.30775482945416666,0.05585702003370469,0.007477665060036781,0.5907326459898328,0.02120527146828098,0.01697256799397816,32.922437303280184,33.678421104087974,7.45076105675073,7.45076105675073,True,122.73245710158166,7.143118309077125,7.586183213290415,0.0026854732547037996,0.12539244724684306,-0.00289910029680912,8,,2
1427,0.742411660117364,0.003970900833096744,0.04952140582125006,0.10591297598707755,0.01595030883815332,0.08223274840305823,42.226090856076276,36.53723365921158,6.285167006073372,6.285167006073372,True,79.93498053235551,7.401576390296042,3.417953835776376,0.007810784527593562,0.10656261159917213,-0.002227131220534867,-1,,2
1428,0.5293044501316082,0.1359718046837809,0.040324205308805885,0.050213222118023225,0.058212517328420504,0.18597380042936124,34.41827819358295,38.166485995391824,7.8046909539166345,7.8046909539166345,True,96.04859535188268,7.157465852952166,6.875807900166618,0.003301909732960775,0.10137406392144588,-0.0013045554816749354,9,,2
1429,0.16439367282363118,0.1349866495737178,0.025969068159841638,0.6072793506474236,0.0004898790190030099,0.0668813797763828,25.932892562893443,39.030561082394854,7.421526316544735,7.421526316544735,True,126.39150371914256,6.937142294091286,9.416783732322505,0.0011201695214485463,0.11004711100536059,-0.0015647684582830862,5,,2
1430,0.6900671799089968,0.1493960368337352,0.0006579263513079593,0.13493918317552692,0.008514119098782897,0.016425554631650414,26.578049568184618,33.899969491474096,7.0595336369726684,7.0595336369726684,True,81.57166311048448,7.15936921316816,4.578209266713263,0.0014472583572879237,0.026551556206955113,0.0007885151534511328,15,,2
1431,0.3555950581108301,0.1506917427455332,0.04470594999923193,0.2645508561128163,0.061864148838563775,0.12259224419302442,27.139960357706624,38.80547649238321,7.925278767973167,7.925278767973167,True,110.57768386400787,7.000862691344406,8.197423077953307,0.0013808534495030177,0.08353993274588864,-0.0002086986603154752,5,,2
1432,0.4871234909174038,0.018873328299139448,0.17706773066177794,0.22734558494433932,0.07909043564385936,0.010499429533480266,25.4657816078627,34.708904869270576,7.930508439831959,7.930508439831959,True,101.63799089236564,7.10091957008686,5.672043534089058,0.0012244644975432832,0.03215054627511263,0.0010260782786604883,8,,2
1433,0.4087522506376675,0.015591973328023206,0.018674701408330604,0.15310309947392733,0.24049997013029245,0.1633780050217588,40.96615248233239,39.350489414706175,7.88775900263099,7.88775900263099,True,110.64430093959002,7.239511003575231,7.643328320958619,0.006501597964394235,0.17740925302170235,-0.0038815496694629306,12,,2
1434,0.3149304351572073,0.11014213706142657,0.010852200123712226,0.5183471469331806,0.013460118459179361,0.032267962265293666,35.47487701879445,34.98433687038996,7.529580576160973,7.529580576160973,True,121.905772788171,7.200989978819748,7.051588708002716,0.003629527762855216,0.1368269534766758,-0.0032328573106242247,11,,2
1435,0.6732499003328649,0.016738704170873763,0.03566513213070432,0.11513333010562533,0.0309383268125212,0.12827460644741046,33.52900451727775,31.741895901624922,7.639173015809609,7.639173015809609,True,89.70008830340761,7.181729006282867,6.086018812174549,0.0029472467988615864,0.08031008300501127,-0.0010382869510502759,11,,2
1436,0.6288789068893391,0.04576572808260712,0.12583100789648693,0.06949686293375047,0.060694854833175056,0.06933263936464115,25.828375780240627,35.2235428844339,7.530725411071524,7.530725411071524,True,85.17628423578071,7.1030582710504655,5.457166437607371,0.0013016967496708232,0.02948176527598999,0.0011641672387205928,9,,2
1437,0.5356856878431586,0.15470852175872166,0.1427234802242843,0.12627268896879904,0.0017619511489599972,0.038847670056076415,34.82590336411971,37.59101753914858,7.577007013999816,7.577007013999816,True,97.98984569807189,7.303072220409564,3.6424465755717903,0.0036551288264622507,0.06037212430256614,-0.0006021097140333611,-1,,2
1438,0.32780112226522734,0.05227864187838739,0.2019693258556038,0.3293243802495494,0.03741813200434356,0.05120839774688848,43.070600471171446,38.98110927281013,7.808158523113049,7.808158523113049,True,121.00480712037418,7.370058225710396,5.080282919939632,0.008366152078162829,0.1741490419890399,-0.00422429473156732,24,,2
1439,0.4297254079111773,0.043554268934816544,0.13921024658734188,0.3284610533540166,0.047686958212488174,0.011362065000159486,29.585123116351788,39.304709702072955,6.889338579284885,6.889338579284885,True,100.89681088578838,7.177775482491051,5.550970005484771,0.002041143513994207,0.07230725878357,-0.0008381401154083237,12,,2
1440,0.5780384697144977,0.014964968026396965,0.09881398715560902,0.08420743597298683,0.137303696004148,0.08667144312636153,34.7202040758078,37.40856548272974,7.344886465057275,7.344886465057275,True,92.39169723449925,7.2455012496886955,5.148895999669914,0.0035490343806787467,0.08533314155703788,-0.001208501921889622,18,,2
1441,0.35561744213080726,0.08667185607498742,0.006487396514313944,0.3283780633584092,0.03879797722561616,0.18404726469586596,38.04949940944405,37.6885434857938,7.625559069436218,7.625559069436218,True,114.86022352404474,7.156296887804773,8.655255979472374,0.004639687185973737,0.16714463170079527,-0.0036594144996753937,8,,2
1442,0.5133731212437571,0.05786234419853232,0.07432367704194077,0.06906686009561674,0.12084211588039544,0.16453188153975756,33.443717256652626,38.32838166364891,7.76602384041822,7.76602384041822,True,97.33560618249354,7.145326446112788,6.978833976356208,0.002969699066338547,0.09991912552099672,-0.0012493535933624429,9,,2
1443,0.4959452488473248,0.005348167945784465,0.01034605511397999,0.4036551916761596,0.07997327812290288,0.004732058293848317,31.763998146674837,39.85522184621482,5.953939450290302,5.953939450290302,True,91.38740168322411,7.209703510348446,5.6756525033938034,0.002618531945801863,0.0971255232079236,-0.001906555780805613,15,,2
1444,0.09141581100519239,0.0548644040271236,0.19284314048654577,0.6093938833594545,0.029050948835006366,0.02243181228667721,43.47521587805376,39.92808702901835,7.986424666981342,7.986424666981342,True,145.53145173014474,7.325492257017051,7.118565818217607,0.008517013699100632,0.2491693591841215,-0.0067492540502015344,18,,2
1445,0.6402901642414701,0.008369770161018504,0.04475927738457179,0.1996625222539403,0.03820124327107009,0.06871702268792929,34.449984620431714,36.42281325834965,6.5151260868196275,6.5151260868196275,True,85.82551238566793,7.247319856083577,5.1312365271799845,0.0034527306777079538,0.08866994669932289,-0.0015517336127776429,19,,2
1446,0.7399814075704717,0.056904903988777275,0.02163348076139912,0.05162167473612258,0.02118123086365834,0.10867730207957102,40.008603172247675,35.32372551968464,6.752216845053862,6.752216845053862,True,81.00340989476912,7.348725636505361,3.994911248968787,0.006184108988634297,0.09776928360507176,-0.0018641497241295374,-1,,2
1447,0.5852249626735425,0.049618195877399046,0.11931218406175544,0.16414829944616696,0.0388665182461101,0.04282983969502607,33.02129497561958,34.632855603918614,7.489404375895836,7.489404375895836,True,95.06509482342025,7.242842266195063,4.671922200743242,0.002930495941256172,0.06419910762898583,-0.0006601161811132378,20,,2
1448,0.6184439988372983,0.03982123625671438,0.0649404777310413,0.22489690544350094,0.020018079181522597,0.031879302549922515,42.42390587023387,39.58716708405311,6.0565014901750365,6.0565014901750365,True,86.14144563935675,7.422577941889377,3.169521682883007,0.008075063328957821,0.11483713107710036,-0.0025564647936191956,-1,,2
1449,0.5679179353085243,0.019211799247572253,0.00466042692616231,0.35506380439928903,0.046019180004994165,0.007126854113457873,32.78084086372363,29.598739566541877,7.755667881741901,7.755667881741901,True,104.9835024969665,7.198522265443145,5.831589168059203,0.002676099295103389,0.07831420948506033,-0.001309644687628166,12,,2
1450,0.6565326110272989,0.020223082663056877,0.19575894977544908,0.08428863214777661,0.022200967885896802,0.020995756500521677,42.73743911902919,39.28378737671279,6.543645377363118,6.543645377363118,True,86.13299294190911,7.461891699979657,1.841573667893779,0.008234412492319572,0.06863088172581305,-0.0009610427652422708,-1,,1
1451,0.41268936548488416,0.1511280231223929,0.0005190085458421051,0.3577854879100209,0.018933141546370623,0.05894497339048906,32.79450527039014,38.14715905225733,7.031569660490658,7.031569660490658,True,104.8101043280708,7.182398880109374,6.402996584458935,0.0028186811632287603,0.10372328171865702,-0.0018983914763580035,11,,2
1452,0.19092202904527625,0.01779246751560518,0.05697480108898341,0.49723902328032404,0.0238062894833666,0.21326538958644445,41.87159851287535,39.774686150341395,7.569192585111181,7.569192585111181,True,129.7281086438986,7.158757425340449,10.303252997835312,0.00670944344444814,0.23663981838427417,-0.005846629359307973,8,,2
1453,0.6830499972942673,0.12905512546580164,0.08095458671334065,0.006812559992161266,0.08741341109540383,0.012714319439025243,32.96165710696168,35.44623880054932,7.467191793106379,7.467191793106379,True,85.27650324077251,7.312407658900371,2.7254071146697054,0.0030071715419255395,0.028413272277408627,0.00038473889468177753,-1,,1
1454,0.3812036956140552,0.04595362262807809,0.07850534929469861,0.25436425952238423,0.18735728410793118,0.05261578883285271,41.57593868007518,37.63350981296253,7.971634929244468,7.971634929244468,True,117.35186045656899,7.337250266298003,5.518873587364871,0.007130121168925776,0.1625308664322314,-0.0038110960078905,21,,2
1455,0.6916285227704535,0.017546237490419545,0.11965667961035673,0.049599752119559734,0.0015283404817534223,0.12004046752745702,37.432825029377405,39.922666877046765,6.289155782866739,6.289155782866739,True,77.90612248738573,7.306285218838773,4.266721729326793,0.004876225019042189,0.09280421710872691,-0.0016559131945011027,28,,2
1456,0.21184797005618125,0.05548130203106617,0.09027679579342471,0.5666862730822902,2.2414372425405642e-05,0.07568524466461216,44.398535507456586,36.28862124004981,7.799002388363245,7.799002388363245,True,134.63106779763572,7.3082467835993405,7.576269838715383,0.009109191927347859,0.22895044450807125,-0.005991137275279965,16,,2
1457,0.6741179561631823,0.10328641568318966,0.016751830581816722,0.10846339401394417,0.09357793861417313,0.0038024649436938923,28.63573490931107,32.037192452808085,7.7012766373706185,7.7012766373706185,True,87.82915706615003,7.199266532236848,4.296019048731086,0.001796281545099892,0.029177671836818787,0.0005881313749148537,21,,2
1458,0.43190603392612387,0.05496737227579274,0.04490282537326265,0.32742760467938375,0.011290695400663572,0.12950546834477344,42.76788383967144,37.82721187781165,7.037219898427042,7.037219898427042,True,106.1031337556948,7.308837373988746,6.477586861237703,0.00793567469372859,0.17651624503411406,-0.004199598339080846,17,,2
1459,0.07080421754086767,0.019271573233786397,0.13125046921784012,0.6944059276669159,0.07948390958841273,0.004783902752177352,36.66566337305758,39.69857392238306,7.585264909868151,7.585264909868151,True,142.6601189437679,7.197623721988097,8.170436810200847,0.0041347715464631635,0.20015230586322738,-0.005461561016751606,11,,2
1460,0.4830236076799874,0.01319910170690446,0.004766550288908387,0.10115468645260994,0.2551629984831789,0.14269305538841082,41.110801366105036,38.19196675200427,7.776319875092457,7.776319875092457,True,103.97338362165803,7.277452127706687,6.636434371868466,0.006701187183952698,0.1594055877356328,-0.0034095799585495542,15,,2
1461,0.8300590821354049,0.0726055114412145,0.010441961486128363,0.07654458495878008,0.001584328901231463,0.008764531077240411,43.035875093221804,30.031311975924453,7.265955046997412,7.265955046997412,True,85.27163499174219,7.462180902725586,1.9087089342618742,0.008070111422992078,0.05754522098177169,-0.0006982349627133456,-1,,1
1462,0.46113093713738823,0.027976078650497626,0.11046335881637122,0.33288086252847543,0.002724828029095378,0.06482393483817213,43.21712222944463,34.802629090626965,7.452586583600172,7.452586583600172,True,110.38142526499873,7.364189216391132,5.159430465007587,0.008329626690649346,0.15668918912802124,-0.003738045903239543,23,,2
1463,0.6845841110169408,0.039929371761012446,0.03627341466432617,0.14698003203752635,0.07706994355952138,0.015163126960672818,36.26132798652608,34.78363395810382,6.814435242085526,6.814435242085526,True,86.43260943720433,7.3284065588598555,3.6297839345858005,0.004214125400835043,0.07297408753456859,-0.0011994574435873929,-1,,2
1464,0.6448959567606611,0.10712433582129285,0.060748790314561256,0.04830799544153035,0.002471157852645906,0.13645176380930849,37.71972258647614,38.75421796539396,6.80851741431964,6.80851741431964,True,83.86656742439327,7.289746801464394,4.736255558655487,0.0049332639212407575,0.09730719091054862,-0.0016805532072640985,23,,2
1465,0.7050976801541012,0.0002517016306276631,0.03884930921281407,0.10102955360769558,0.016461322569596388,0.13831043282516503,42.4730015719671,36.084801165971996,6.573387924910665,6.573387924910665,True,83.06963614501214,7.360135823242648,4.5750183107842215,0.007889023041990467,0.12815162291443072,-0.002772482097640922,26,,2
1466,0.4260952230442752,0.028637558627746564,0.021144889251218803,0.4091695947357185,0.06762068745201318,0.04733204688902783,30.76867445724656,38.77342766550384,6.517675622003651,6.517675622003651,True,99.78860321870597,7.141652765659762,6.835506337106209,0.0022493465955506454,0.10148317829980319,-0.0018102454732517618,9,,2
1467,0.17217127571531804,0.085963496797992,0.06047398807556667,0.5821930020720811,0.05419982893719499,0.044998408401847365,27.26624718655614,38.5351087064221,7.600163629630279,7.600163629630279,True,128.55554580871114,6.995221789049655,8.90898793692345,0.0013666647201546031,0.11633849260733009,-0.002101869146161343,5,,2
1468,0.5117516393359377,0.12097656710969708,0.04077903701332348,0.2629218717323448,0.04203101286236646,0.021539871946330547,33.80093323137993,38.74288481562094,6.724324412152249,6.724324412152249,True,95.1289904219483,7.264134694062914,4.6863836492897235,0.0032762500895546294,0.08436931454479242,-0.0014456384719823804,22,,2
1469,0.627296993553381,0.13740051804793338,0.015143306390698764,0.17650887892072814,0.03066440896112941,0.012985894126129263,39.90745477939202,37.622002040186786,6.565195537048453,6.565195537048453,True,88.71753439584329,7.398822918174011,2.9279524219147266,0.006225466839731707,0.08797702659267291,-0.0017136805248841223,-1,,1
1470,0.5609422656164997,0.05692018883083414,0.06928089410806783,0.0030955375126485406,0.05383309293216649,0.2559280209997831,37.27075429738711,38.69057723848786,7.632064492228047,7.632064492228047,True,92.34187882467472,7.161952960936323,7.595878633991253,0.004407059613383251,0.12975694313357394,-0.00217124241976227,10,,2
1471,0.6352550677564966,0.02456118005561646,0.009141770748154478,0.19696018690250325,0.1174022556455773,0.016679538891651913,35.271517001524884,36.014344817657495,6.640556879610781,6.640556879610781,True,88.09432363287378,7.295264852685131,4.32526019469801,0.0038020598011135735,0.08401662949708895,-0.0015182455744833705,27,,2
1472,0.49026915254124953,0.0989615494556046,0.10073561742970333,0.22257716009659664,0.061064770524523734,0.02639174995232246,35.488047603769225,34.783897559839055,7.913562264371288,7.913562264371288,True,107.16140605799559,7.281449589071866,4.645693564505574,0.0037992892180118195,0.08527091590032466,-0.0014497927054470956,23,,2
1473,0.5396476011514446,0.008895078045634884,0.059492692552543726,0.1492597486904375,0.08627909159296562,0.15642578796697365,25.256944860893093,37.98115790986121,7.110387641320427,7.110387641320427,True,88.35211947343056,6.967753563197024,8.026025183015568,0.0011091165892831833,0.06714331618504885,0.0004995200025502002,6,,2
1474,0.5865927075350171,0.21095187122668696,0.04094535326547633,0.059179322999999694,0.07186237378696098,0.030468371185858777,39.22733199821984,36.59024853030377,7.727335190453784,7.727335190453784,True,96.74513880641484,7.391962510172971,2.6386875802573697,0.0057465995645898495,0.06805149910395773,-0.0009219861872169258,-1,,1
1475,0.4468709976757902,0.15519892297705667,0.1301934565888102,0.14182137976448306,0.020203545213562577,0.10571169778029732,37.33141157258711,39.24626245572662,7.886178935919511,7.886178935919511,True,106.55971675399398,7.270198875648601,5.298826105651665,0.004660953265191876,0.10680901256116496,-0.0018567899832994464,19,,2
1476,0.6644849049597048,0.012117892573669523,0.08058697700891228,0.0037934913953764134,0.051971243571623534,0.18704549049071334,35.57059552978512,33.163222742659585,7.967448975662048,7.967448975662048,True,89.27715445505909,7.1922933760994265,6.312304000003411,0.0036824730272777034,0.09268483049639809,-0.0012538708461526545,12,,2
1477,0.38437679239380856,0.013996641357659266,0.030825113341829618,0.31518542692028606,0.19771182105284987,0.057904204933566655,41.4003284154965,39.016624593732814,7.234190637044055,7.234190637044055,True,110.87495611620376,7.322052980813805,5.992823996872653,0.007021916307891955,0.17345544072213692,-0.004196391073131374,19,,2
1478,0.6495981724712967,0.17951538951330784,0.002332572912382305,0.0037404665446883513,0.06757266620962059,0.0972407323487042,32.31773114683263,36.49290645720979,7.466748275331003,7.466748275331003,True,85.07009883097537,7.223892812428562,4.640994273676613,0.002761663269994161,0.05513403554212755,-0.00014682218071618785,20,,2
1479,0.3885874206653057,0.024651402106861803,0.20157788564383056,0.29271034731528356,0.017052004622921727,0.07542093964579667,39.081214618356306,37.894430298203346,7.679586416993712,7.679586416993712,True,113.86068427591356,7.289667623832083,5.710452945679448,0.005518023861877325,0.13758132061539802,-0.0030345837790554868,18,,2
1480,0.6570908226567052,0.003733553838201745,0.2933150294096117,0.01566673803671575,0.008972935310147985,0.021220920748617613,42.905125220395995,39.050830444212345,6.967351051504014,6.967351051504014,True,88.12608555840163,7.4749382759932494,1.2581572320291772,0.008189553430627779,0.042688921239494255,9.140600789581982e-06,-1,,0
1481,0.42171270640186004,0.016348259498627126,0.1748351799591439,0.25131452992075354,0.017723055783314737,0.1180662684363005,44.2072178735641,38.970316782122566,7.387060212221163,7.387060212221163,True,108.52852572105242,7.356342997667595,5.571139174137097,0.009304427042478225,0.1753445315458785,-0.0040936114998738156,22,,2
1482,0.8161993799128957,0.05433099546427701,0.0004664303472633615,0.08076180836511591,0.0006180916364920689,0.04762329427395613,31.00182001496295,29.839162517817048,7.348136291017774,7.348136291017774,True,78.86909771313277,7.217703684077402,4.401776707675331,0.0022982219816093112,0.04332325312414804,-8.806622655581546e-05,22,,2
1483,0.6648416116441945,0.002884941217372832,0.041661955065507544,0.17790753888469024,0.03585160080830885,0.07685235237992612,36.773240215294685,31.028592074581997,7.575294002853357,7.575294002853357,True,94.2698645107945,7.268629009602844,5.190125149586905,0.004218294139961236,0.08971191482026528,-0.001594551050877211,18,,2
1484,0.5452053494829742,0.09315195664667189,0.25575802161717903,0.03528582380927153,0.03806172118287016,0.03253712726103335,32.636992640760155,38.196396868141406,7.983339392888106,7.983339392888106,True,97.32955733641465,7.29506566963831,3.001450025869371,0.002922770204987573,0.02885075698803581,0.0005194289916122098,-1,,2
1485,0.6565809774379984,0.0012711057563349407,0.06942018913029102,0.2142789439505246,0.03220476710102135,0.026244016623829816,37.491777387078514,37.017560869973096,6.2813874065304605,6.2813874065304605,True,85.22568478067517,7.3370288990771435,3.886298401297151,0.004844926803575242,0.092257969455068,-0.0018551583699955292,-1,,2
1486,0.5550561292567797,0.033541377043417385,0.03783896776655032,0.15097705059700303,0.022288231015368504,0.20029824432088086,39.02577055290908,37.05771252820132,7.146324092045992,7.146324092045992,True,94.42154387789235,7.222601989473279,7.028485756894702,0.005343921441984488,0.1400691615306463,-0.0028512834892047774,12,,2
1487,0.3674696488300162,0.04889822405234094,0.06892541893067891,0.47084217408809065,0.03255004584557856,0.011314488253294583,33.56627078429943,39.50623217749022,6.5470835959404745,6.5470835959404745,True,105.90007767066598,7.218645848920876,6.077217587589329,0.003121956189777421,0.11699720952227065,-0.0025684898699037534,14,,2
1488,0.23255943727897127,0.02778341587784535,0.06859596848013434,0.5003995195600304,0.06079200473142841,0.10986965407159029,25.106274672958822,36.74265435896153,7.870163490484177,7.870163490484177,True,2.1233244953185477,4.653616638013832,33.36300433703302,6.2965412941384304e-06,1.04521973564004,-0.016744227935199866,4,,2
1489,0.47707997892728393,0.057492578308294934,0.0038546784009471083,0.23768139893998563,0.16326354966947265,0.060627815754015775,33.838427077358844,35.84844288051273,7.5756688719539,7.5756688719539,True,104.27250861930631,7.201570681138609,6.227690322337454,0.0031239926027900725,0.1016886371034867,-0.001784635175455972,12,,2
1490,0.45727010099491927,0.1104188507692028,0.09523500056224976,0.27570507616162315,0.04628251689620342,0.01508845461580171,42.06270788733676,36.400847014465995,7.53476759532266,7.53476759532266,True,109.73665522226926,7.400163425498368,3.791006449613026,0.007588167795536047,0.12927969277224569,-0.0029533498462486264,-1,,2
1491,0.3679667243239451,0.017526106672596756,0.005992613407067757,0.3234810617303922,0.19462987814442623,0.09040361572157216,40.305951868383666,39.829841094976956,7.137270643886534,7.137270643886534,True,110.2857381405987,7.272920556114698,6.8919013402074025,0.006210448123444101,0.176219675968728,-0.004202473377169853,15,,2
1492,0.5507687175518279,0.26743222987469356,0.10405771252211765,0.005824199808109792,0.00932956446888305,0.06258757577436809,41.25969716903606,39.897771787719826,7.794309824032016,7.794309824032016,True,97.82842432677826,7.422234293424397,2.168941556869939,0.007118137641802792,0.06625129660127412,-0.0007379178995640861,-1,,1
1493,0.46784455240462197,0.03810370379158899,0.21744195431108373,0.2726643425765058,0.003883245035431995,6.220188076754128e-05,39.82364747864193,39.467014443024254,6.925872971499706,6.925872971499706,True,102.43759282287023,7.392031445040369,3.2478457002482286,0.0061890719520190434,0.10551030904915694,-0.0022663908035112186,-1,,2
1494,0.38131336619913186,0.2108677916894556,0.039160939366585004,0.30083724861757327,0.036284614869825954,0.03153603925742812,28.765896904733513,38.35361853482046,7.651504518132266,7.651504518132266,True,109.07626089792286,7.142277691630828,5.974007051925834,0.0018194048787114974,0.06767209897510357,-0.00046830481198013564,8,,2
1495,0.5514252479384333,0.028069637843360258,0.024503711520039,0.09204241002144989,0.06641305949904432,0.2375459331776734,38.317799407477764,35.612542543884615,7.7648597298048525,7.7648597298048525,True,97.7553006521686,7.173464905917765,7.879728709892307,0.004811069825964715,0.14034014712993492,-0.002655480830964435,9,,2
1496,0.4120442263064371,0.11367805729219078,0.1275692392268594,0.2860771085163547,0.04936224142522366,0.011269127232934469,34.8840051077315,38.365893909215806,7.476945099600257,7.476945099600257,True,109.02564373224628,7.281173086704663,4.650266399431232,0.003644130758251989,0.09378285024965623,-0.0017667036143766154,24,,2
1497,0.6476348286034705,0.19402773708078233,0.058185148835092425,0.07717490515058033,0.000505464585489938,0.02247191574458459,39.112116432725216,37.379886739612,7.003037852461882,7.003037852461882,True,88.29209037723697,7.4033699601185825,2.25735950094153,0.005722838505258413,0.059425984018420384,-0.000735086005309032,-1,,1
1498,0.44259582592915353,0.08670113621004756,0.15903246427330003,0.26237941444072144,0.04792611450876724,0.0013650446380103853,26.49898181724687,38.935590820600936,7.264299431064325,7.264299431064325,True,100.24585747644308,7.146314276169507,5.191526764595852,0.0014490106570342767,0.04076329485341662,0.0004759858981302432,10,,2
1499,0.49344288462571956,0.041634219790917165,0.11840424689743696,0.2778561261209255,0.056311098221461825,0.012351424343539022,35.42308785857328,37.94258264783318,6.9197796791696575,6.9197796791696575,True,99.44045737600916,7.2921793358067015,4.532694858745541,0.0038714179562977123,0.09377910067619113,-0.0018112959679789538,25,,2
1500,0.4044671423491295,0.1892389543357477,0.0395261480815007,0.24399171733946742,0.08595131856411538,0.0368247193300393,26.007147787756104,37.97773933045109,7.858902416162767,7.858902416162767,True,106.2966066353348,7.086212440681497,6.25051083503028,0.0013099812807961491,0.04877466965005124,0.000581421419804387,7,,2
1501,0.5863329317398898,0.0008416246127700677,0.1305068726176932,0.12995023299008202,0.12059647215053906,0.03177186588902588,29.96179834018877,36.47569619223758,7.257163571781529,7.257163571781529,True,90.69751975676377,7.200985507340798,4.8121255980071656,0.0021299150776673396,0.051298274937363386,-7.069259974740379e-05,16,,2
1502,0.5582749772894078,0.08333286532386575,0.03143554984640027,0.04577185298923585,0.27482116235441445,0.006363592196676008,42.4994498464732,38.56016012727476,7.545897588656902,7.545897588656902,True,98.5540690011626,7.448905136667956,2.453885833418417,0.008039996172438635,0.09404175164606719,-0.0016807504054829592,-1,,1
1503,0.4189660655003447,0.13336775705650147,0.05626291647592179,0.31568290550810957,0.04873770146644672,0.02698265399267589,42.19683251399316,38.78263349751666,7.1309639598002805,7.1309639598002805,True,108.11275510996155,7.387637212254133,4.286456354990523,0.0077547213257297375,0.14794096046344468,-0.0035215032585148697,29,,2
1504,0.43149335997269944,0.04309225821581081,0.1768647305008608,0.2976976681525979,0.047883614179575415,0.0029683689784555235,38.01779996985189,34.87221962999483,7.965424896934905,7.965424896934905,True,115.06196178476735,7.329447945303742,4.380633219703144,0.004961147390943386,0.10771181890323718,-0.0023123827683807084,27,,2
1505,0.5619367280066672,0.013588166878775223,0.17436672583573032,0.04256829988937539,0.09862252555120529,0.1089175538382466,41.95408399700768,37.52373513605107,7.74284082198328,7.74284082198328,True,98.1055089563584,7.364612201174046,4.240097774926983,0.007511036834378564,0.11791885948926902,-0.0022688578218468345,28,,2
1506,0.6208332562820155,0.06483332956054912,0.03478724147270192,0.08564888043781563,0.014222834674421907,0.17967445757249592,32.51306287965774,33.989059058131666,7.67140450515648,7.67140450515648,True,90.27337347427411,7.126620196043017,6.929378421135741,0.002616754461637002,0.08668128347443063,-0.0009618166608041447,9,,2
1507,0.5424738545155975,0.1676105720487208,0.017942236465213684,0.21721381429516579,0.04852056199965767,0.006238960675644493,27.23814256052576,38.906328569950176,6.730925585749377,6.730925585749377,True,89.1551322765953,7.170674682265819,4.8228230471687725,0.0016028241067015765,0.04148475956493062,0.00030047947704633937,14,,2
1508,0.44386957795930554,0.06125096906568262,0.07938562249194413,0.3880113532346615,0.0037401292836663374,0.02374234796473992,29.779925351628506,33.881638557603495,7.512615744525822,7.512615744525822,True,107.83337594848422,7.135956628465267,6.398779429465693,0.0019561968456196146,0.0763555058693886,-0.000968402517113947,8,,2
1509,0.3635056469964593,0.02053555676267459,0.04201511534770875,0.39474134222683543,0.003825551653209727,0.17537678701311205,36.77361533988204,36.60605870108735,7.3788411064791175,7.3788411064791175,True,113.58700601305286,7.134268734725203,8.764275566612735,0.0040147240952469725,0.158808883074054,-0.003489487160612181,7,,2
1510,0.3876226114280629,0.038290334361662307,0.01009153093963163,0.42213812283804053,0.09186195845842786,0.049995441974174666,28.084714843224916,35.131638443027086,7.402934497467919,7.402934497467919,True,109.85357579045164,7.05179078505042,7.767415079351642,0.001550822417958391,0.08936410577969564,-0.0011381468929955244,6,,2
1511,0.7429315763818428,0.049297948592662344,0.030985108108003017,0.012388860400278217,0.14093431505820508,0.023462191459008516,26.539622245941118,33.04967635409761,7.424263723911736,7.424263723911736,True,77.95061972441104,7.166079372812564,4.350441053651385,0.0014423203972992948,0.021683181857497298,0.001001960675108687,18,,2
1512,0.617516538559757,0.09231704998796653,0.07598595624106838,0.06634227030249747,0.12139366313515952,0.02644452177355099,26.78072998756078,38.68102373153433,6.973379293269318,6.973379293269318,True,82.99121745002176,7.1736037298014725,4.427948564554609,0.0015380323249418184,0.027666353330944592,0.0008998000989443223,18,,2
1513,0.6381264110862802,0.013110631488153154,0.10596823005556913,0.20664662219462554,0.015165994971607102,0.020982110203764684,44.23581427003424,37.00450702557255,6.450239860690292,6.450239860690292,True,89.79081730406413,7.460037973614578,2.6584554892853953,0.009503277149702503,0.10588097088063857,-0.0022244382765565867,-1,,1
1514,0.5588681986264437,0.013433289202408742,0.1815756120664205,0.07682571726963122,0.03879017219625528,0.1305070106388407,26.166659658099693,39.296804647329644,7.215837387005431,7.215837387005431,True,86.72356859611061,7.054367518179013,6.561976547086855,0.0013384965453900918,0.04932742836656689,0.0008350661761625229,7,,2
1515,0.5087047935627905,0.0025325716471704626,0.11362107390423236,0.26855795960029105,0.05480632446541083,0.05177727682010465,28.48447786877069,35.28449847112968,7.326602734633678,7.326602734633678,True,98.23051601304782,7.115089567600821,6.344689230138736,0.0017141175756209197,0.0651608351409568,-0.00034254967184013397,8,,2
1516,0.2395874246516388,0.05810558565306766,0.05083596731243522,0.5531126924064993,0.08641616747401559,0.011942162502343385,42.22136735452568,36.44640833927117,7.619125463135689,7.619125463135689,True,130.63239089900702,7.322371611375506,6.5708060139904605,0.007464908776203755,0.2034715769280143,-0.005384581046136662,18,,2
1517,0.4006772819181081,0.17389702701273044,0.007046565704695816,0.2308811957467426,0.0332015393197384,0.15429639029798464,44.855757086101335,37.80411060288513,7.906329879180222,7.906329879180222,True,113.8219083493041,7.3288971315203,6.500335592132472,0.009724437057785036,0.18989390310458085,-0.004396864924294794,18,,2
1518,0.7415289085544212,0.014485924525330155,0.05039077823875516,0.05608472597018908,0.06017830981478752,0.07733135289651669,40.13112970381457,33.011582612957625,7.1969195716411845,7.1969195716411845,True,85.31588032211778,7.36375521787461,3.6853102201986703,0.006176354819516416,0.0887327276744037,-0.0015998884272266879,-1,,2
1519,0.6145000980442716,0.04760002125531132,0.0006248758885410167,0.11997814068864467,0.10153138396237499,0.11576548016085648,37.93113261776166,33.68969836063924,7.594739978504626,7.594739978504626,True,94.94572939200441,7.265331226520863,5.657832106269787,0.004808842570961466,0.10820759326452632,-0.0020212225425169064,17,,2
1520,0.38086640513923664,0.14217840163499013,0.046321418760395666,0.32498275999419585,0.061185124050248944,0.04446589042093282,38.052588720447304,37.24910364855973,7.67322062850457,7.67322062850457,True,114.81066392520962,7.285793394688206,5.614955746517106,0.004961209397847037,0.13250232123764996,-0.002969199799007021,19,,2
1521,0.19438124883532756,0.04882520172365481,0.08991743223804553,0.5636683865423415,0.009204839204888293,0.09400289145574235,39.94280682595304,38.73623027824134,7.450986793087148,7.450986793087148,True,130.07926076597474,7.218876564489925,8.312309133098424,0.0057669728814829044,0.20202401429035952,-0.005153676320783219,11,,2
1522,0.4286056956910945,0.10515152331382042,0.20004988201872326,0.2400802854626914,0.012434775247169214,0.013677838266501157,25.706926185954327,38.48227521758206,7.639344688612232,7.639344688612232,True,103.04506536350502,7.12691369616342,5.245866753317952,0.001311407464518139,0.03097864827499741,0.0009997592967817194,8,,2
1523,0.5746128789828588,0.012551381819864406,0.21329091812036743,0.16326230413036605,0.002117244095519978,0.03416527285102337,37.55142898813286,37.96019051469271,6.950522807378147,6.950522807378147,True,93.30965518500751,7.346444228160327,3.4850701948250595,0.004882280073485435,0.08107783096864626,-0.001393594406065529,-1,,2
1524,0.3617764208133898,0.07157588845777678,0.03226043149802257,0.3550955283321791,0.07633076090169147,0.10296096999694039,28.31050920272712,39.04731219485346,7.206950673462427,7.206950673462427,True,106.93316802558152,7.03438321576026,8.147745231728889,0.0016094660787357423,0.09834583359869832,-0.0011635007705622638,6,,2
1525,0.4694439678512094,0.007247264227234966,0.10818031293068031,0.2970049029195406,0.07547104274521844,0.04265250932611615,36.913575179470776,36.58301662610691,7.207473146833905,7.207473146833905,True,104.51632662216316,7.276512559055086,5.420631442588475,0.0044192109079101,0.11577353274395415,-0.0024484287417880202,19,,2
1526,0.3712472475592101,0.15572825287987854,0.0344624516152702,0.2926770509495829,0.0870519687897253,0.05883302820633297,39.37228186258918,39.94617701795637,7.4161697027730415,7.4161697027730415,True,111.78846556546036,7.306779415578087,5.5216254806670415,0.005769378338551622,0.1461817530164456,-0.003338270338239661,20,,2
1527,0.720128174881566,0.02997250380440944,0.006292330647233064,0.023753272467168088,0.029215663617002906,0.1906380545826206,37.80268031938144,37.40585349547861,6.560377567037428,6.560377567037428,True,77.66719175427363,7.253304104075651,5.674757100428586,0.004890443262901571,0.1133831455768024,-0.0021887362889176478,17,,2
1528,0.4317217133760593,0.1497420763768297,0.21421193500007923,0.19685733135778574,0.0001195462154990749,0.007347397673746749,36.59074098899403,38.896225708754166,7.858464536281863,7.858464536281863,True,109.97750461655663,7.349802428706537,3.1510383787806973,0.004422377975866127,0.07425739762751304,-0.00118705588344543,-1,,2
1529,0.21709134070018177,0.049091695128206755,0.036810433189579994,0.5602639248180861,0.10481699958958964,0.03192560657435574,39.71319719856301,39.14669734094143,7.201516039311136,7.201516039311136,True,125.87182299414758,7.265229613338803,7.253620092967133,0.005790477844525929,0.195114365255228,-0.005088594331491029,15,,2
1530,0.3258057858503809,0.005843265182026602,0.019026275407878143,0.5637777710271477,0.0034910982007811298,0.08205580433178568,35.9150360420866,36.72970328607725,6.7869978169640275,6.7869978169640275,True,114.01057523901474,7.170042318006189,7.9721949164235415,0.0037674810202190678,0.1536732908045047,-0.0036838390017206115,9,,2
1531,0.5016981260206567,0.01116615091446946,0.042656902302523204,0.2685553714956066,0.12932769474826494,0.04659575451847911,31.994733737389026,33.26680841608243,7.783152109672991,7.783152109672991,True,105.01813008313513,7.168920415082149,6.322461178451342,0.0025006748972281278,0.08571043375288014,-0.0012656408137777678,10,,2
1532,0.5382629893307006,0.040802966834284624,0.027963601557015622,0.30793986745555824,0.06227760290031384,0.022752971922127056,35.64718717171414,35.38432946429913,6.893535080911453,6.893535080911453,True,98.03153398096957,7.2715489837826865,5.128783768924972,0.003873556406868655,0.10038722304122925,-0.002038913176378882,20,,2
1533,0.46944302832057594,0.08934894261271531,0.023828271883906772,0.27842939620780277,0.014423552314983674,0.12452680866001545,28.364654023331937,37.617718272026025,7.069024280447121,7.069024280447121,True,97.24413077716763,7.048892904399725,7.637426426183794,0.001639221851685986,0.08423238914889478,-0.0006877760609718703,6,,2
1534,0.6098361743846316,0.02646518461052727,0.04699279405065902,0.30686918391769036,0.002393223004004434,0.007443440032487418,34.198728877482175,36.35243672658329,6.297714511514238,6.297714511514238,True,88.61175666504373,7.274052397752688,4.571238391580525,0.0033928107950436204,0.08398345161794664,-0.0015790414714473876,24,,2
1535,0.29842432765785126,0.08554737111019277,0.05750287480434535,0.4139380718359427,0.03408068078380535,0.11050667380786246,41.21841110561008,37.09769706838607,7.7960402929864685,7.7960402929864685,True,124.1484276632808,7.255722256005798,7.5492958382122435,0.006619545900406287,0.18726756684014176,-0.004554127534355874,13,,2
1536,0.3133424073457143,0.003828436921606693,0.028625895320531673,0.4407720752346589,0.12020646278993243,0.09322472238755594,26.327628074711022,35.607719105443564,7.7449037280673725,7.7449037280673725,True,116.88180872703126,6.93517321080664,9.310053796088527,0.0011464032797972475,0.09766338735614766,-0.0008912263252862809,5,,2
1537,0.6335189292762435,0.0931473289685004,0.029472460997428097,0.21208848751086493,0.01989672128646074,0.011876071960502207,28.4946491774099,37.746448420638544,6.335474465882903,6.335474465882903,True,82.250389882547,7.19222758027886,4.66520519653762,0.001849346893294866,0.048520306277229856,-0.00012030714002051784,18,,2
1538,0.6371175897837933,0.15228050590636563,0.04130861190244922,0.004496094385207351,0.11183176702046657,0.05296543100171776,26.883921466161166,35.17981481594265,7.875159016212844,7.875159016212844,True,85.70836585098182,7.155263813527063,4.6083190656536726,0.001501439437784959,0.02032602452790753,0.0013183109729302364,13,,2
1539,0.5151888260965455,0.002582931678047879,0.21861667617050895,0.11316478115602506,0.002808484646355278,0.1476383002525173,40.508650052377334,39.78873959946068,7.279614470504361,7.279614470504361,True,97.3807256955082,7.303911627132528,5.376869637230694,0.0064764606802894965,0.1300762595219642,-0.002599790532487934,20,,2
1540,0.6726906534442633,0.11244959404456617,0.182976140463702,0.02472510227845718,0.00552793414886541,0.0016305756201460003,36.34471613378608,34.51994015503338,7.716500654343638,7.716500654343638,True,90.34864126645718,7.381952810446173,1.7959395335063588,0.004219175933512136,0.026215811837388404,0.00031306016655610646,-1,,1
1541,0.6091330234310771,0.032539965919551314,0.028292481498794927,0.05711623551734427,0.024540201236674546,0.2483780923965578,43.19920209388539,37.17817591626343,7.186254951031897,7.186254951031897,True,90.06935194083351,7.28176612268186,6.7381835062805715,0.008211771866473743,0.16265432406483135,-0.0034714662347051692,16,,2
1542,0.14014098819247142,0.12293549432108297,0.030849758465277998,0.6092374464030742,0.029110346743817843,0.06772596587427554,37.9874278852839,38.17670992620681,7.779635848309857,7.779635848309857,True,138.39720031707103,7.184709340835411,8.59837918867155,0.004652997751083698,0.19648678892909255,-0.005101581056885701,9,,2
1543,0.3297102360111069,0.11937929753631153,0.06745013845487437,0.4007245312280892,0.04773995197965942,0.034995844789958507,28.928121004239046,38.03575960274645,7.495427266395963,7.495427266395963,True,113.74185751696072,7.107629161189501,6.938775183696785,0.0017983418654718426,0.088443416335206,-0.0011964469913510376,7,,2
1544,0.32195027634809664,0.026553557538053905,0.13340166140347992,0.46254077160249685,0.050466991356993535,0.0050867417508792204,29.78607484771098,39.953113252276694,6.85457399584228,6.85457399584228,True,109.92014049856634,7.150773293966154,6.464855409265422,0.0020446390373027408,0.09649903906300526,-0.001707843175164826,9,,2
1545,0.47032383046702453,0.12970329614573445,0.07901468795790986,0.21598055431456722,0.0154426517267768,0.0895349793879873,32.73256076284446,39.60340144581998,7.114601307964517,7.114601307964517,True,98.29801721718475,7.192822132494156,5.882740595768509,0.002855170605041208,0.08869106955852483,-0.0012413404128164942,12,,2
1546,0.47782546775352813,0.060058024823603194,0.07328037407791936,0.09263942152431821,0.03476970558388999,0.26142700623674103,36.65177127549906,39.58774666142115,7.632067048295811,7.632067048295811,True,99.52231012945091,7.1208151902719585,8.486700110789272,0.004036135555736039,0.14279421231322828,-0.0025065183136945297,8,,2
1547,0.6667918851727853,0.13890556292233297,0.07743658757738812,0.0717127214072449,0.03592502312798988,0.009228219792258782,44.99592991443879,33.36855696104351,7.704064143985133,7.704064143985133,True,96.3683441737343,7.49749214607122,1.5087681398790285,0.009832329199710003,0.05689240021793707,-0.00045022896354736315,-1,,1
1548,0.549116428989908,0.0012859120890575954,0.13031231779503083,0.2679341720708679,0.014591584861495204,0.03675958419364048,26.62824774547833,38.44257256614756,6.481444643434024,6.481444643434024,True,87.77311075908857,7.116333112730612,5.821245863250067,0.0014536094652431303,0.053297198295513284,4.900130807740493e-05,10,,2
1549,0.7619487121607903,0.01256790117481647,0.1554105757628743,0.02819151092828737,0.013245818867912686,0.02863548110531876,35.92661176331781,35.57342959084154,6.753082215470199,6.753082215470199,True,78.75882405146565,7.351234719543498,2.612225774928235,0.004127438978146298,0.04654274943083083,-0.000338849693641403,-1,,1
1550,0.5425729426914601,0.08558164913419528,0.0215292586955932,0.12166275061887305,0.022759963658646038,0.2058934352012324,36.73561525334757,37.3555198298281,7.364617363672956,7.364617363672956,True,94.93350855967778,7.177552350511641,7.277683744684762,0.004180005227797155,0.1255961209145487,-0.0022642957188799295,10,,2
1551,0.46961340951000063,0.06761976050932761,0.059863231550392665,0.32861899127371513,0.0589635117755416,0.015321095381022398,36.381959296601636,35.921090985380985,7.197567137764834,7.197567137764834,True,105.23245910394685,7.285261483757485,5.0690298053997225,0.004189773964523379,0.10794755540630795,-0.00229071090216302,21,,2
1552,0.2729072458407904,0.2127928690591499,0.029947598430496693,0.4203468218772636,0.05539735740693041,0.008608107385368933,38.4399285486476,38.791528513405055,7.779420166942224,7.779420166942224,True,125.20457992698785,7.304974574297353,5.512707555676075,0.005212664447300616,0.1524934764702785,-0.0037438555944185967,21,,2
1553,0.48477637697709636,0.00988669738627622,0.08007810376285748,0.31855355280776193,0.09412703445302224,0.012578234612985722,25.0323554566759,36.47575794529337,7.006673607237753,7.006673607237753,True,96.41333292958224,7.06699473246228,6.453791716050566,0.0011575186099893927,0.0500883194364251,0.0003938992147192205,7,,2
1554,0.3952055479407534,0.06964586109042023,0.01221948849147674,0.4952474973398898,0.02763680177765862,4.4803359801264044e-05,25.501633423442346,32.30283716289985,7.643628321347463,7.643628321347463,True,112.4722410996604,7.019122569943367,7.484410062208208,0.0011183455224137622,0.06270485911556344,-0.00011281095308513439,6,,2
1555,0.5099981487677131,0.02905573619710401,0.10671670520791897,0.13221384680256978,0.12914955839626122,0.09286600462843295,43.68054826183551,36.568739528324,7.8092821364636835,7.8092821364636835,True,104.99662335459853,7.379981930585479,4.66477193574442,0.008836235743237024,0.1461229518888176,-0.003190372637051598,26,,2
1556,0.6300571739669767,0.1096126875904606,0.0073871688787110834,0.22791611228456243,0.014175673627156965,0.010851183652132385,25.04750530652005,30.689799298597585,7.7340105784311834,7.7340105784311834,True,91.26266863956678,7.084216172388115,5.68625337314442,0.0011264791126091621,0.026909075438476166,0.0010727935083512101,8,,2
1557,0.5074420012957856,0.007224486727845342,0.03079497695430285,0.41143311873784993,0.0009700764254367448,0.04213533985877957,33.016697186328585,38.05617044932228,6.1383284874493995,6.1383284874493995,True,93.25837773425619,7.2025284947245165,6.083545942535374,0.002931435122793082,0.10432378216504457,-0.002109728747274192,13,,2
1558,0.4347356333797858,0.16523195928905124,0.06553956363903866,0.2175954773565467,0.04624044049842799,0.07065692583714965,37.958465112072396,36.94783692750988,7.953558252552845,7.953558252552845,True,110.91534689737092,7.2878997863434165,5.263391116387664,0.00492410528285736,0.11547736764917073,-0.0023017354627889435,20,,2
1559,0.6529464314429749,0.009454408914309643,0.024536166233423706,0.2675407606587005,0.017850330144224175,0.027671902606367007,27.527698066870425,35.38852378895025,6.355685804378566,6.355685804378566,True,82.71957626080723,7.135337209981579,5.645705661587937,0.0015926232320638719,0.05628948852612689,-0.00030146869090370425,11,,2
1560,0.633040783245972,0.09355363871598732,0.11994223473714272,0.08389102320905087,0.004545381770633415,0.06502693832121371,29.30397194154893,37.97152466547604,6.915183685335509,6.915183685335509,True,83.09475370838051,7.192511821425283,4.587258242903452,0.0020169115924608084,0.04194398037836212,0.0003004834987935945,18,,2
1561,0.41845472085039664,0.10105117183933762,0.10498388335123525,0.23866832076985978,0.080097930959892,0.05674397222927875,36.43209013451511,38.51877910955393,7.625243426267758,7.625243426267758,True,108.99230598378328,7.269179178157531,5.367582812395404,0.0042371276061694725,0.11187718320340578,-0.00219389691417511,19,,2
1562,0.7811755407709953,0.036107453423763716,0.0014229311956133436,0.1653583781305919,8.375464143943583e-05,0.015851941837596483,37.427577459459805,32.80889755900267,6.545744516115808,6.545744516115808,True,81.43376417759512,7.3488579381666534,3.400587922486491,0.004715478722899046,0.0730633782487943,-0.0013081104911099126,-1,,2
1563,0.40698852934354196,0.1070552934102655,0.11084013123349601,0.27336959247281495,0.02086087542099875,0.08088557811888307,33.56149656265454,36.355927866955824,7.956685648014121,7.956685648014121,True,112.20826953459438,7.183846492875347,6.402982517798329,0.0030121151789976736,0.09979743678694546,-0.0016345778865320046,10,,2
1564,0.5367076189776152,0.13721685893332405,0.1443203391195086,0.06500726922921696,0.10798700074119982,0.008760912999135374,27.514085987980938,39.33642895430651,7.598321257450405,7.598321257450405,True,92.79138943782768,7.213400359982149,3.6932919902992722,0.0016823652777998297,0.0147680987029342,0.0012633106517128368,-1,,2
1565,0.6013610933777912,0.11776122160925981,0.12021168730547664,0.03869736528183734,0.0020549405400312527,0.11991369188560383,29.732325897850984,39.67004495212187,7.0689070523397595,7.0689070523397595,True,84.08543562932473,7.160277797809219,5.32172415861436,0.002094812901335159,0.05262716421887722,0.00018762781095076306,12,,2
1566,0.31085178435595645,0.10250606591999051,0.008946480855919172,0.5014824907769768,0.05484063605842941,0.021372542032727558,41.76457267876452,39.942405359260164,6.702670473061108,6.702670473061108,True,113.26762085038429,7.343304177598759,5.725913014679351,0.007353787926384547,0.18584813921053653,-0.004795585872626646,21,,2
1567,0.35565736201459347,0.0027822932347417307,0.09250475304595542,0.23482365468145375,0.06717530813853644,0.24705662888471927,34.77936541275342,39.528747968095466,7.80984903117497,7.80984903117497,True,112.4386160571692,7.044201827482662,9.825955040578348,0.003136254887420231,0.158678224721525,-0.003009770352208779,5,,2
1568,0.550658473018622,0.010754476204444065,0.13456329523142338,0.10651434494833356,0.12704610757387982,0.0704633030232971,30.54699591691371,36.41310948670947,7.671580519834614,7.671580519834614,True,95.08181232080308,7.174881493506361,5.506540039006353,0.00222621700198616,0.06128840460082173,-0.00021617965563105652,12,,2
1569,0.5511756923772643,0.07674342536864492,0.08021750832672511,0.09668026839503537,0.19362495289516934,0.0015581526371608607,34.30443796025065,35.437794800254224,7.9877265682219765,7.9877265682219765,True,100.4068223357373,7.305444313884105,3.644785828323091,0.0034184598334779043,0.059575397349739094,-0.0005967400986465944,-1,,2
1570,0.43643661824361635,0.13298210688368914,0.006793761746433251,0.20968235408892275,0.09729635831964258,0.11680880071769605,40.74364767085898,38.010762373648866,7.664989195756761,7.664989195756761,True,108.35671878202147,7.290923969649202,6.165152115906258,0.006497558543480192,0.1523175166458885,-0.003349989486351996,17,,2
1571,0.515505989864946,0.07349471430935313,0.10994535031564744,0.23882665598628353,0.02214956714288097,0.04007772238088884,43.5211408498385,38.36161921901994,6.887972879664835,6.887972879664835,True,99.28170931233733,7.42328030436437,3.5184496886384067,0.008878544606091377,0.13098924081469218,-0.0029545232180097597,-1,,2
1572,0.294337236106506,0.03913902207442545,0.023023160065432705,0.4391602089051004,0.10413645087777572,0.10020392197075996,28.896699728270804,37.14935556272806,7.607130264867774,7.607130264867774,True,117.95107935916016,7.00580997655684,8.99110808132643,0.001635239243738037,0.11660384636790903,-0.00192057257075891,5,,2
1573,0.07610231425461622,0.009552506183449367,0.06134056114584503,0.7270646172154571,0.12458422635448141,0.0013557748461508889,41.759633893564896,38.13669166331963,7.580832278503405,7.580832278503405,True,144.46994408786358,7.2735104331312,8.146515007160932,0.006997702416022048,0.24556565678881487,-0.006834761661562581,15,,2
1574,0.11061224387598119,0.042515075142401784,0.01392302495395816,0.7468647920923247,0.06285793923231255,0.023226924703021644,33.44620075066734,38.45354364877646,7.112569023183327,7.112569023183327,True,133.82979669729093,7.113084415694229,8.907872158644455,0.0028305195458290847,0.172873204892381,-0.00456445689897151,7,,2
1575,0.050861397678677554,0.028571703919478796,0.04426820655781976,0.8199875980391186,0.015455341241952187,0.04085575256295307,44.71699779507824,39.243352869670645,7.030216364541587,7.030216364541587,True,139.61705425407663,7.296490973073199,8.552353307541809,0.009402468225543074,0.27657559409945737,-0.007659012353204084,15,,2
1576,0.28783092566439644,0.23257967167616184,0.005630786265633916,0.44607913938920385,0.019638799566685402,0.008240677437918424,37.46010961099081,39.04885532674341,7.43788275763794,7.43788275763794,True,120.60893368268103,7.290226712289755,5.552859258548996,0.004718381797161619,0.14332850990706503,-0.003476300492172441,20,,2
1577,0.5315575611603999,0.006931751730978031,0.1236772577030766,0.30645187220672615,0.027951565745561627,0.003429991453257902,34.47375177152482,34.3218305225768,7.2057049888694715,7.2057049888694715,True,101.0303946026854,7.268276303261765,4.769498943645877,0.003410471633089946,0.08381403317024742,-0.0015194320436357908,22,,2
1578,0.5060597645535162,0.09779364116318227,0.18565994674231634,0.13961554601500145,0.052506548999537495,0.01836455252644638,38.76408917519136,37.36946667584009,7.7918525008801245,7.7918525008801245,True,104.43714128103188,7.378566759922144,3.011657579570686,0.005492289073358092,0.08039616650392395,-0.0013486995091673338,-1,,2
1579,0.6558549738488901,0.023726800048060066,0.06715556074571227,0.10427877167691162,0.10952586595161953,0.03945802772880618,31.757033114970987,32.631109978099175,7.677260624993298,7.677260624993298,True,90.44335148464904,7.223578034996347,4.691799807413326,0.00252388705782779,0.0533438084938935,-0.00025840426949752385,19,,2
1580,0.7543212570367696,0.049302502954497895,0.086962108480744,0.06005315638528357,0.016085527386855588,0.033275447755849286,34.04957355549675,33.4209213153104,7.069658066117744,7.069658066117744,True,81.17501043479061,7.300872824021695,3.3700224757944737,0.0033259643796327344,0.04721594655190452,-0.0002940409635530219,-1,,2
1581,0.3987102381981527,0.002379541683771041,0.20058419101225317,0.290790537814602,0.030579380178389445,0.07695611111283161,37.052957663135174,39.89876011322932,7.203624019293053,7.203624019293053,True,107.48962814945311,7.259317877924972,5.849593377043532,0.004517630186573593,0.12691566106656546,-0.002664910253875376,17,,2
1582,0.5990080553815387,0.05308675230008221,0.06877065689329406,0.13310664984206386,0.03306364801123128,0.11296423757178971,40.59035252265183,35.11509881063766,7.382998374701482,7.382998374701482,True,95.28327875438639,7.325010750020605,4.950767947887274,0.006434569846156218,0.11871630338542821,-0.0024071134730293234,23,,2
1583,0.3667638838532547,0.0364822166504872,0.03155882891180821,0.30202546513883044,0.17330761916016896,0.08986198628545058,34.79893582941,37.71306611583896,7.713302938503376,7.713302938503376,True,114.08813646876918,7.16987102185653,7.436856701561932,0.003395456006296341,0.13310729078418768,-0.002707040501730543,9,,2
1584,0.5644926416351698,0.07542339855985182,0.1962025020287915,0.023129232987704577,0.1388490627880841,0.0019031620003981868,35.80851968308025,39.054529808663645,7.663171556880431,7.663171556880431,True,95.74583544637042,7.369865392326259,2.1994153304532373,0.004106336021056375,0.040961421489117224,-5.8286461672956216e-05,-1,,1
1585,0.7502388322845495,0.01755680530960037,0.023825593891444643,0.11431117411099342,0.0889852149544582,0.0050823794489537775,30.443425145765,30.236775072835457,7.527782087445196,7.527782087445196,True,84.61867262107071,7.223597657429872,4.2633250582116915,0.002167308628869312,0.039136073669616904,7.06536443370888e-05,24,,2
1586,0.4979835113895887,0.2617304175751988,0.03660287847373761,0.1831643832683761,0.013451500879061757,0.0070673084140368825,41.82912384697269,35.92029057677685,7.928810626440967,7.928810626440967,True,108.4507414222801,7.431390279941014,2.580597403642072,0.007409405826538629,0.09110416889815784,-0.0017209698910602106,-1,,1
1587,0.4905472003122398,0.019910322073570522,0.10630459446558155,0.28920482356891675,0.09209422427881446,0.0019388353008771046,36.45024391927039,36.838218143702875,7.07145470815893,7.07145470815893,True,102.12222688713155,7.308172711244138,4.512093650715712,0.004281891200926482,0.10136338016458088,-0.0020983801895689724,25,,2
1588,0.4197894712210751,0.02449081977439449,0.02902450691827029,0.37512814628778474,0.02753000318348236,0.12403705261499302,33.19525873388399,35.15466496839814,7.375906936609797,7.375906936609797,True,108.71486673305121,7.1119648972145,8.020347779826976,0.0027530261204704995,0.1211501404606164,-0.002310155108306172,7,,2
1589,0.44764768660469056,0.012039916489939096,0.2640673305991055,0.1486941734814705,0.0003114155063966273,0.1272394773183977,30.457503836886296,39.064342983205876,7.842205905162689,7.842205905162689,True,103.00621166518059,7.120708511333758,6.5564487388892365,0.002162617330676197,0.07441027012127274,-0.0003210452504062959,8,,2
1590,0.7197147985500859,0.05159270091441467,0.09074089046441075,0.05591037289390567,0.05307722708304451,0.02896401009413851,36.93033644519164,30.940534496825492,7.913612907451375,7.913612907451375,True,90.55017154316552,7.343339227765963,3.1488139690715524,0.0043890185960300445,0.053559810230140975,-0.0005120468755695192,-1,,2
1591,0.6630099839004358,0.0049933925147464964,0.060456273313308814,0.16554334562478235,0.08039659243446026,0.0256004122122664,38.67817062887653,33.14614842077993,7.19426927950607,7.19426927950607,True,92.33599105784143,7.350837672813129,3.8126322070699574,0.005319962567353034,0.0884485544496094,-0.0016842665513178952,-1,,2
1592,0.6397945602361265,0.1620548750729225,0.039025637490179954,0.051255969626789605,0.10535021347421461,0.00251874409976681,31.05405717913288,37.77625996537658,7.09122771949822,7.09122771949822,True,84.98864512582567,7.281136247542016,3.1071563444203187,0.002489077376464098,0.03015529930330921,0.00038882376156126127,-1,,2
1593,0.3667633475204274,4.937817691183105e-05,0.06969459771648834,0.22965148323061194,0.05169619050853737,0.2821450028470234,29.412458215537832,38.689566874571845,7.866581408603676,7.866581408603676,True,108.85619864467205,6.8656188185775555,11.010155379143269,0.0014977649608679728,0.13754842215524413,-0.0020565410768724032,4,,2
1594,0.5678485583064973,0.03233863751482526,0.1398930096414754,0.12477204121489241,0.10338439332483111,0.03176335999747857,29.42797924140873,38.94285023192704,6.983977574007416,6.983977574007416,True,88.88212070706072,7.203449169140373,4.611251657332401,0.0020513508642655788,0.04767546921626578,7.574849940377199e-05,19,,2
1595,0.43935623493878956,0.05365361098709975,0.016630061388904945,0.331102605855597,0.112722633176502,0.046534853653106674,30.743819047311618,33.344717301765996,7.920900966186282,7.920900966186282,True,110.82476685951985,7.126095759802325,6.935827632602553,0.002135379349619883,0.08860017801138691,-0.001290655896829154,7,,2
1596,0.7129710886775044,0.021637552724611455,0.052243725621818,0.06443790919798756,0.11956149655571074,0.029148227222367692,36.83203539902834,32.08497211691231,7.589305407769707,7.589305407769707,True,88.92589679170702,7.333420798416434,3.5179775732041114,0.00437955618406777,0.06478396755045682,-0.0008605360066889199,-1,,2
1597,0.348316681094961,0.2735750853737934,0.031178230951018196,0.32494197831035415,0.003531370599049169,0.0184566536708241,38.60724316610801,39.35642592300442,7.648285179695059,7.648285179695059,True,116.34995027818198,7.336116088724872,4.466803988727435,0.0053909359276051606,0.12590398153372476,-0.002852214592302781,27,,2
1598,0.6273780143291132,0.10953133187705524,0.04059258546046799,0.08154799115136374,0.04429423931780303,0.09665583786419678,37.539981046072235,35.89142390304565,7.312496004667919,7.312496004667919,True,90.39000876957122,7.299383914575636,4.548194268470633,0.0047666873378881215,0.09027965143167087,-0.0015025380896597704,24,,2
1599,0.3070837407359495,0.05630776939176736,0.20413996274748844,0.3904545766652793,0.0414531680150315,0.0005607824444839796,40.16929358608064,39.04212697650593,7.626251346495234,7.626251346495234,True,121.76474582611989,7.355714175350984,4.66621940546101,0.006298670347893593,0.15179259186542232,-0.0037234722757545943,26,,2
1600,0.5304080368061822,0.04900509523417568,0.19921145867830098,0.08882000334401141,0.09181929988472487,0.04073610605260474,29.77090400487866,37.9530877615973,7.7310245293527,7.7310245293527,True,95.99083460540335,7.208049572878818,4.460295025397983,0.002107274958786073,0.039791547614473455,0.00043174990483104753,19,,2
1601,0.5778592487077824,0.0022559164263792255,0.30309943885230894,0.11339600565726789,0.001992693735517646,0.0013966966207440415,29.31481702580011,39.90352509716758,6.904360431955132,6.904360431955132,True,87.83114173325625,7.2555641806291895,3.2089317815399254,0.002080884423972101,0.021955157117498444,0.0007307152737769613,-1,,2
1602,0.19226605395754964,0.01948922543251342,0.16612014255865998,0.5960788483972711,0.0034070051360254416,0.022638724517980383,29.70709627530718,39.87075873985896,7.141570503504601,7.141570503504601,True,123.73665502817991,7.093931229521766,7.804009112979684,0.0019358988140371317,0.12177146524094906,-0.0025657665615888975,6,,2
1603,0.8374421286231317,0.03454131199752544,0.056013703902871595,0.06621689922127356,0.0009004195459149892,0.00488553670928258,26.108003993708017,32.29829560255013,6.759910923087522,6.759910923087522,True,71.03585489905673,7.1770970401987775,3.9566623671635712,0.0013893470291127458,0.020019300181374176,0.0007949703991476735,-1,,2
1604,0.6230066038339508,0.00477826616432035,0.023040686745756926,0.348258649224497,0.0002692458792643023,0.0006465481522108282,31.044473493931996,30.29183935382074,7.259300981253651,7.259300981253651,True,96.65211036176913,7.184756006931717,5.568114000145692,0.002244626319266338,0.06555403308666191,-0.0008674246855613803,12,,2
1605,0.3347827923129975,0.1906782556676192,0.03833842079290195,0.3525390477661231,0.00824633050266524,0.07541515295769285,25.460669365131142,37.439850361280534,7.883119283855685,7.883119283855685,True,113.08809903956151,6.996626156572475,7.808675716994288,0.001137745841267633,0.0668265164683679,0.0003478226852770381,5,,2
1606,0.4646620630662325,0.07638348501293678,0.020904132787041837,0.2961313867114292,0.006201980541134473,0.1357169518812251,25.584989870396452,37.88783735164213,6.947050352125465,6.947050352125465,True,95.20658630884783,6.967007267122883,8.274417750924151,0.0011373350414005828,0.07480961705723459,8.942874020364348e-05,6,,2
1607,0.5283374809753951,0.03594052188359918,0.028752586446275086,0.034126992997407665,0.0669043063010292,0.3059381113962937,29.126522654375595,39.53375115367967,7.483058132875629,7.483058132875629,True,89.49515517187864,6.924151175066944,9.748942038751476,0.0016065506730114434,0.11259750448755164,-0.001002268518568103,5,,2
1608,0.6698221870242057,0.07637196296412171,0.043467612101450434,0.061593018312658274,0.07819776514533376,0.07054745445223,44.78116553021938,38.20213696102073,6.669807948353345,6.669807948353345,True,85.61904144718223,7.455849729694204,2.708748271769937,0.010069783160874432,0.10488212393372891,-0.0020297873638628824,-1,,1
1609,0.5258573104873924,0.17377960506764017,0.10555214384309014,0.18180673408272333,0.0014768042744590774,0.011527402244694953,42.58351892204679,38.49324350567882,7.1669700541625785,7.1669700541625785,True,100.09673437536658,7.447735331290864,2.3715200154605394,0.00809445838360096,0.09162507900251195,-0.0017260625736491143,-1,,1
1610,0.6605095754391047,0.023393055027597677,0.09606387727390281,0.06606784029043088,0.090436353010908,0.06352929895805587,29.970574525132825,35.594969729435164,7.2027061149772615,7.2027061149772615,True,84.082244623749,7.191285903069924,4.8581234003226506,0.0021240237006053216,0.04884005255491207,4.927893784542168e-05,16,,2
1611,0.721224254275395,0.01468283815055886,0.015799531939475156,0.19318459293266096,0.0022549343838374567,0.052853848318072535,43.50124892601499,30.600742360266636,7.2409812032477054,7.2409812032477054,True,92.91283398730955,7.412720800481268,3.6483888114862046,0.008503431112105404,0.10908572333685258,-0.00232574752888588,-1,,2
1612,0.36153351768148817,0.28718374383244905,0.025506254872101664,0.27049725981877565,0.038083184137951254,0.017196039657234218,29.43906231931508,38.94758891871952,7.9725659780330185,7.9725659780330185,True,112.92956865537647,7.182765370707285,5.255579268224725,0.0020004919943992375,0.06198210440235933,-0.00039551249351718625,11,,2
1613,0.626277416711071,0.004598057980189771,0.07810556874825181,0.17170250015658536,0.02085720578357084,0.09845925062033112,34.975439005132394,32.94936906451706,7.438794398970084,7.438794398970084,True,93.47806847781875,7.2247246665678135,5.66703281593697,0.003506294494696139,0.08776979180595414,-0.0013950862171320355,14,,2
1614,0.4304074167581475,0.0377233973090635,0.00793654258084802,0.29425786145277216,0.01131030084153521,0.2183644810576335,31.834692155777166,39.87311888020779,6.776246798729793,6.776246798729793,True,98.19192513109154,7.036243499639624,9.042797594996186,0.002341594838352598,0.1299059803590114,-0.002238695274349498,6,,2
1615,0.6155789823615961,0.08075324316350338,0.047849352681033165,0.09532711132802502,0.09576937640342402,0.0647219340624183,31.259402657435775,39.76477042014841,6.612601740489403,6.612601740489403,True,83.0710214967428,7.218139998057215,4.768342490435837,0.002521288040552436,0.06345252111366682,-0.0005153418318400911,19,,2
1616,0.6798750754840553,0.016835330159223342,0.02790216777631791,0.14417098383567326,0.10860463262016815,0.022611810124561982,37.64040101261428,38.081465351985344,6.242516376787461,6.242516376787461,True,82.09632766845723,7.352536076826829,3.5155243726925405,0.004973892837000148,0.08750147958941362,-0.001685552446289046,-1,,2
1617,0.644565842102303,0.053156503252400476,0.04232535670556325,0.15117720933706988,0.00382167807068855,0.10495341053197495,42.81988832302129,36.906511319744006,6.624430736687094,6.624430736687094,True,87.71495518001242,7.381609139519227,4.198818049404272,0.008214991391988582,0.12772615333735654,-0.0027903729333028254,29,,2
1618,0.3715663983083053,0.057022190657628855,0.17722542855283732,0.24440682830671562,0.08740499773969611,0.06237415643481691,26.092822222576068,38.86684710334582,7.9620758782171315,7.9620758782171315,True,109.60899553863617,7.056107992179059,6.87052394526625,0.0012973218140548142,0.05806664931584583,0.00047850175919408443,6,,2
1619,0.2453589611554973,0.11641899344514955,0.021596875170988253,0.6064559235650216,0.00998868159335272,0.00018056506999060027,36.07671148640703,37.998735393718796,7.008031552807257,7.008031552807257,True,122.11151436414772,7.232731172442764,6.747584375198688,0.003978731877514313,0.15388263101795294,-0.003917724323454911,14,,2
1620,0.14940874719354624,0.025083274606218182,0.12090859776879802,0.672908324087998,0.015372498133777333,0.01631855820966224,33.91538351969804,39.99816014977522,7.00359313426837,7.00359313426837,True,128.27863524545947,7.162365918819575,7.855304541951904,0.0031021006711351245,0.16136097763876317,-0.004113966530755961,9,,2
1621,0.4521458129276862,0.054830787562263776,0.3093603974174445,0.14784805379930732,0.00041324381440418416,0.0354017044788942,41.22418990943771,39.107771299821465,7.9297065350601175,7.9297065350601175,True,109.92690689429482,7.411107832283796,2.8355887469182073,0.007074731207088945,0.09577098528562134,-0.0017706483135256988,-1,,1
1622,0.26025857931239116,0.0259917496425449,0.009008101198893413,0.5704653229819866,0.002487216131892341,0.13178903073229156,38.82248917262343,36.235829045514535,7.291870472569525,7.291870472569525,True,124.44491464788734,7.168224696149471,9.017811286525669,0.00497071547728842,0.1886550461215914,-0.004693495693930979,8,,2
1623,0.5022124071296095,0.06845218006982835,0.14745076711495447,0.204575885824883,0.06794206918271968,0.009366690678004825,33.631254010044856,37.925380225138014,7.283216851874929,7.283216851874929,True,99.55421297163889,7.2811258772263265,4.120124342065846,0.003217734506318493,0.06980310789224772,-0.0009535795070168131,29,,2
1624,0.43957424702654435,0.05647674212804272,0.17039267688359666,0.2884029424414486,0.005341755754429029,0.03981163576593849,38.467676432128684,38.08573132967072,7.269457521440599,7.269457521440599,True,106.75972517888431,7.3214628221858735,4.685554483998558,0.005278395060320123,0.11780755780794822,-0.0025428115425685737,25,,2
1625,0.25293881110586675,0.001974429680947469,0.15609809993902113,0.5218962299834158,0.06662523833815391,0.0004671909525947489,29.30515499867107,38.46989926716765,7.326896501396987,7.326896501396987,True,120.62746253550075,7.115752789949286,7.154933021068251,0.0018747959938727962,0.10547373333497292,-0.002019727024237821,7,,2
1626,0.44904186746950486,0.07094167907972067,0.13613655144936646,0.2914274298596966,0.034710428088387514,0.017742044053323823,32.027068012877464,38.05773920863383,7.182588420093908,7.182588420093908,True,102.86922885051851,7.224319346064523,5.113522313670889,0.0026665749901601085,0.07787573802499213,-0.0011330410885966584,17,,2
1627,0.44075176365443697,0.008992964289201396,0.05142381448674354,0.28141543319251855,0.1615212914805912,0.05589473289650832,44.11207692104903,38.98251818702544,7.005029620673626,7.005029620673626,True,105.13545951758087,7.389515361688214,4.953007282323296,0.009324800608269826,0.17526313115865103,-0.004247353092794695,25,,2
1628,0.33892672305268945,0.14985176384854915,0.03150499671357364,0.4735041972672505,0.0014235423351258404,0.004788776782811502,28.168425158493648,38.73399063078702,6.908820604509771,6.908820604509771,True,108.65460911209641,7.119232901649131,6.557551863658272,0.0016844204559457651,0.08255809368083583,-0.0011496701297644828,8,,2
1629,0.7485195537763042,0.06403482958342659,0.07870977382152261,0.00786074910292285,0.033897954834201376,0.06697713888162225,33.34113146512802,33.795127347927206,7.2661055102522765,7.2661055102522765,True,80.23738077298928,7.27083434036568,3.799166019779765,0.0030786121224964037,0.047900710002289126,-0.0001756846432530202,-1,,2
1630,0.42739709126166686,0.08483232588815416,0.05956834118675737,0.36643901596960454,0.016959206215173557,0.04480401947864335,25.609297370133394,39.13776663768628,6.707747041211122,6.707747041211122,True,97.59229945609222,7.0542070730026385,6.914959264907947,0.001240106726755606,0.06359222620565033,-1.9432456039269613e-05,7,,2
1631,0.6668907085509758,0.04649938707159711,0.018522525313372847,0.1761079890704825,0.0570698050471376,0.034909584946434175,35.62816500682742,39.744252115303254,5.935507893204558,5.935507893204558,True,79.56602186915161,7.311909371308165,3.9517343013036466,0.0040736805808883345,0.08561581354080709,-0.00160511904771794,-1,,2
1632,0.41746675110709797,0.09724356462374623,0.13836476954780752,0.23594981588162356,0.023776770458331747,0.08719832838139312,29.560045498052325,38.62564232412976,7.636688756688309,7.636688756688309,True,105.15485291579583,7.118109852064209,6.563251760946658,0.0019563115517267533,0.07546250024782374,-0.0005083795349910187,8,,2
1633,0.33270351860819425,0.02012096451949258,0.04983352020093467,0.4088605028357639,0.17854230687263323,0.00993918696298135,38.19599419780408,35.401607690993856,7.891391295206776,7.891391295206776,True,123.54386727304521,7.274184625999312,6.275257911312992,0.004935317376321619,0.15188914988159133,-0.0037070355230381697,16,,2
1634,0.4868381129484082,0.005784765636465219,0.02328543705519629,0.47313401541280364,0.00039502787056355803,0.010562641076563153,25.437324563060358,29.274089552258758,7.823960928895792,7.823960928895792,True,108.42078426955888,7.000558775867384,7.559811218905105,0.0010631980989105785,0.054096935515955125,0.0002459846930682633,6,,2
1635,0.5489362323028868,0.033153924414905826,0.06258284081088338,0.050180978345190995,0.210754310017281,0.09439171410885189,32.61027483371957,37.23182279179927,7.803617123922366,7.803617123922366,True,95.5099909804526,7.192517444338475,5.759488671853921,0.002787842097578376,0.07863777603145163,-0.0007598001024824726,12,,2
1636,0.46775645476961886,0.010299532471593278,0.11760957277986124,0.2576335213896101,0.10477348525612391,0.041927433333192626,39.07018659828872,38.946009956566684,6.98984156047019,6.98984156047019,True,101.94015604360654,7.32787027122169,4.811682148167027,0.005643009142567115,0.12740734230283837,-0.0028221899607578597,24,,2
1637,0.20849781295475323,0.2397051570940643,0.003696225726578717,0.4946482390441028,1.4238312080594514e-05,0.05343832686842016,44.54846496105498,38.302854987389466,7.962751231518093,7.962751231518093,True,134.04957742370485,7.3500047556839405,6.4515938736943035,0.009492182499376169,0.2237347126624752,-0.005817831021663644,20,,2
1638,0.3688588679799694,0.03112368199422745,0.14706662401294565,0.35912524909496835,0.07802956554615866,0.015796011371730544,29.20444420338443,38.21706264928937,7.381203820697283,7.381203820697283,True,109.81972199592474,7.144269626668963,6.233641852948499,0.0019015085694326838,0.08000854972900308,-0.001005249575692961,9,,2
1639,0.49995709114673403,0.008201074033085438,0.0690872076497208,0.3064399524648728,0.03142552857538876,0.08488914613019813,25.74116760364012,36.784826298878286,6.86464776015552,6.86464776015552,True,93.70363828510327,7.021030063181309,7.413432575515269,0.0012095942359483254,0.06570516104086747,4.640643021621798e-05,6,,2
1640,0.6405136421755782,0.035372624435184304,0.0035860303121618715,0.018718489806121393,0.09161358217552906,0.21019563109542513,32.52551260760105,39.72958083424902,6.698762706486683,6.698762706486683,True,79.69475980442662,7.127003277418429,7.012942048698568,0.002737886172611392,0.10085003716140908,-0.001428101691934639,10,,2
1641,0.7464214223974369,0.04965077517406192,0.04742749133156404,0.13680416246282312,0.010674183380825616,0.009021965253288482,35.91179119774573,33.88310120254023,6.676364649353348,6.676364649353348,True,82.25127917956185,7.336379003765838,3.2134736188524493,0.004062965513779213,0.06083723338075393,-0.0008683517899810581,-1,,2
1642,0.3769888885290105,0.008961717501181613,0.31360715085637925,0.2224127150788918,0.007804096706401255,0.0702254313281357,27.048871894975097,39.85506998643956,7.932289023165866,7.932289023165866,True,109.01417093083731,7.093138842431847,6.279257546951273,0.0014878890733932275,0.053202352029322,0.0005089212180028254,7,,2
1643,0.565249924939066,0.06808529796167251,0.24024406617240301,0.02584790915879993,0.07416891685563665,0.026403884912421825,25.445258055484405,38.677444109415504,7.730453219575496,7.730453219575496,True,89.457184870427,7.169605757155064,3.9198250169415174,0.0013224934223161821,0.00036276029585606133,0.0020523465977324742,-1,,2
1644,0.13495595658947132,0.0843592765269391,0.025015779157137773,0.5470291290675817,0.11699228494287937,0.09164757371599064,25.06519942582685,39.17178731702997,7.980362929595406,7.980362929595406,True,1.4257975961822742,4.608361827227083,36.85245721753206,5.8170360103668325e-06,1.1239531772257707,-0.014825677324640182,4,,2
1645,0.5138211458820969,0.022657094989292272,0.05299562251543378,0.3323248508178175,0.003057146498385921,0.07514413929697361,40.12517493936327,31.568525566197636,7.7590155379252135,7.7590155379252135,True,110.04081946142136,7.292473061683081,5.9310893610698745,0.0059087365419957915,0.13163201160383348,-0.0029757485011602264,17,,2
1646,0.661906810437072,0.13164412969597772,0.0672740412855568,0.1162694079395386,0.020649942638462974,0.0022556680033919995,34.023362127639814,31.27397991894902,7.997908344358357,7.997908344358357,True,94.38114103225568,7.305840435867737,3.26992610267271,0.0032362052160885574,0.04046721177924006,-8.904833916776571e-05,-1,,2
1647,0.5854790267548943,0.013033950804712202,0.19428109201162783,0.12041628551955694,0.023854536590587352,0.06293510831862126,39.52110162399959,39.12917063846792,6.854896291471298,6.854896291471298,True,91.04322705657019,7.3644896243201305,3.566297539243824,0.005996279320616651,0.09556543461593074,-0.0017909147785889624,-1,,2
1648,0.5517359783275659,0.11500324697999284,0.07017900009884885,0.1826002593784475,0.001523557209093523,0.07895795800605122,37.38227708012565,38.74178898294669,6.831882650640449,6.831882650640449,True,92.8025097174577,7.29991428813963,4.667629191468221,0.0047575578786300575,0.10137259372070016,-0.0019258872608388308,24,,2
1649,0.1621282747964648,0.01765546273998369,0.14298735294194256,0.5320431178702628,0.042664325741749595,0.10252146590959647,26.298597568448216,38.86417798104408,7.921334435719026,7.921334435719026,True,130.9030985750972,6.898716070312709,10.04102762772505,0.0011085939285150606,0.11714780055560153,-0.0015454952532342663,4,,2
1650,0.5105965427515025,0.06338570292893539,0.12974265713603575,0.16374731878651366,0.11262826140560778,0.019899516991405172,36.31606392604125,37.11072267775859,7.587149934840152,7.587149934840152,True,101.95652470947117,7.319065126239909,3.961748395732829,0.00424642993773294,0.08340660031861244,-0.0014028751105719926,-1,,2
1651,0.3548451472310448,0.01953418475653024,0.009653835735644878,0.5737815677973114,0.0032224785474521426,0.038962785932016415,27.642366418762688,35.416466614336585,6.822057845260491,6.822057845260491,True,109.59656034873183,7.031818470563329,8.121566216430754,0.0014565487798705804,0.09600787154180296,-0.0015120204580396587,6,,2
1652,0.2305739755292916,0.007630592296390325,0.14092589535799122,0.5840005216899643,0.017425117582850723,0.019443897543511873,33.71143631307049,39.223006916277924,7.004977214037675,7.004977214037675,True,121.49923080305226,7.17799567444308,7.247726757389701,0.0030686933212261164,0.14223128122845102,-0.0034095782733205003,10,,2
1653,0.42961083751369455,0.14255838123181513,0.01719854068400651,0.15936031582968313,0.09860685381163396,0.15266507092916673,34.62254931958576,39.94117537580311,7.658424076300759,7.658424076300759,True,104.41243380008154,7.158549641562786,7.2433061704676724,0.0033778335140582506,0.11902346033347744,-0.0019607042713434253,9,,2
1654,0.702613610499169,0.029786723005978236,0.1055359201926892,0.06227607022650127,0.02866024732102026,0.07112742875464187,25.33128002248353,31.368011200720424,7.87416607872172,7.87416607872172,True,82.57551696657033,7.083587375161299,5.550171845452278,0.00118247626472847,0.02493508931876898,0.0012647835949708907,9,,2
1655,0.46470719422286555,0.022132887885192,0.029972684327942117,0.38041728493331156,0.08198838287675614,0.02078156575393263,34.005442895530145,36.909398196188064,6.739247548477744,6.739247548477744,True,101.30765668415656,7.226451564605248,5.877213676887562,0.0032398062313824345,0.10732139942268261,-0.0022200729762500413,15,,2
1656,0.40846837410317305,0.0053439377890484715,0.04468034754584653,0.30063947688887993,0.13367640356754804,0.107191460105504,34.83100080624999,38.84571458588678,7.1384685753903225,7.1384685753903225,True,105.63115113199669,7.171773764900581,7.345926833393876,0.0034444508841553465,0.13137477164797623,-0.0026513188690836837,10,,2
1657,0.5413703910675542,0.0405887671257493,0.1283430964985988,0.2734592600150405,0.007611195683166699,0.008627289609890553,43.18242527997768,37.55047902156852,6.695073942986185,6.695073942986185,True,97.7264171382435,7.437540704336287,3.0716360741555744,0.008581116446293923,0.11826111940178792,-0.0026511851464037554,-1,,2
1658,0.3990134597960568,0.24603146324458544,0.03249040065693157,0.2844012796161573,0.00815498917887078,0.02990840750739805,36.42057604269897,37.033019201975684,7.896711053776727,7.896711053776727,True,113.95756441830328,7.29023351651112,4.811432052728668,0.004228813807001201,0.10325716261757101,-0.0020567426399622003,23,,2
1659,0.4935337224424782,0.14077289435433019,0.13419306543150764,0.1304409552151936,0.05534081113186623,0.0457185514246242,40.43865162676695,37.940337600348286,7.82209746796625,7.82209746796625,True,105.19042531170778,7.382599942450385,3.419356850628561,0.006505175825636451,0.10014814343187312,-0.0018951508033436197,-1,,2
1660,0.6065469714555118,0.004560110020936235,0.14401474808636136,0.06424408878524095,0.0319338858792159,0.14870019577273383,28.274691839727296,36.27029752282479,7.4566461323288715,7.4566461323288715,True,86.61127858832249,7.078572397066172,6.6344140204080775,0.0016689222664557281,0.06025347448536132,0.00020115781490521203,8,,2
1661,0.3881039450471241,0.07961472692708334,0.006588683338333901,0.3880520196990909,0.07401596072777208,0.06362466426059564,32.41469643599279,37.39164329953051,7.146488624259868,7.146488624259868,True,108.2883471089394,7.150391370166065,7.103938809140788,0.002642482574250322,0.11245314568078393,-0.0021446259488836104,9,,2
1662,0.6943433704507034,0.1919154816685888,0.02671969161462375,0.02017223682563443,0.061312368115005476,0.005536851325444073,44.725619903477984,34.99060260619905,7.418841671938039,7.418841671938039,True,90.85788173642626,7.502655004192687,1.162369797234618,0.00952009970678317,0.04115903721297725,0.00012459068537614052,-1,,0
1663,0.7188149542441994,0.02712647210354219,0.09789768218001255,0.037363050185923445,0.11674847121490302,0.002049370071419321,44.54580230213497,32.29436852252779,7.683603437075406,7.683603437075406,True,93.04839443372771,7.49247683720773,1.5758656941938716,0.009388507183411403,0.05641875043545852,-0.00046933424299283426,-1,,1
1664,0.7446776219615718,0.013359676589557843,0.0027998067985234394,0.16038155775731094,0.003303497674980309,0.07547783921805563,44.63481895187499,39.61971169184161,5.578750990977567,5.578750990977567,True,75.53335112836082,7.448555900895085,3.004892029211069,0.01006521882634179,0.11854068753520464,-0.0026531263121336076,-1,,2
1665,0.5972287052584928,0.04262116643469261,0.03781764753008111,0.1776212962048899,0.03583499085338095,0.1088761937184626,28.2342052887028,33.616106054375734,7.462056250805429,7.462056250805429,True,90.99504672112356,7.077792068305558,6.796171174375757,0.001618693570210675,0.06359863334900571,-0.00012227456229048944,7,,2
1666,0.6429424991357949,0.14539326720535556,0.06283087080286474,0.046330231447043374,0.041991836126891544,0.06051129528204978,37.42436522616653,34.471604742985335,7.749516021404007,7.749516021404007,True,92.33518481781188,7.336063577620487,3.470158597610147,0.004715933947236006,0.06646842881176321,-0.0008127013801984712,-1,,2
1667,0.45284342020841406,0.11646137792089478,0.15165965088535044,0.23184610147129683,0.04418206542087189,0.003007384093172028,33.470815447177884,37.103690398316004,7.737647391914965,7.737647391914965,True,107.11626029060137,7.2777009683591904,4.153134401866362,0.003135251825305287,0.0690308350931899,-0.0009406957058286844,28,,2
1668,0.4914013479203472,0.11796574543317354,0.024365036707255858,0.14505374120142542,0.05828300119995841,0.16293112753783967,39.521682741967595,38.746085143938714,7.421094246097193,7.421094246097193,True,100.17285100828829,7.253803482993455,6.479865625960671,0.005724305469515677,0.14039831009619247,-0.002854885803281661,15,,2
1669,0.5373575160677142,0.13317954854444666,0.07259769076928956,0.07291826229213096,0.07817658650100899,0.10577039582540965,35.83971175757353,39.281605637452444,7.442355921549095,7.442355921549095,True,94.85025659194488,7.25994320682663,5.033685662760905,0.004028794559892597,0.0900847065853897,-0.0013139758974798517,19,,2
1670,0.3009275047749544,0.007781395555228158,0.14831320498649445,0.45561012768516296,0.05754027009108001,0.029827496907080055,43.60516727096545,38.70536267870902,7.259363454651375,7.259363454651375,True,120.01346812361798,7.369332795305823,5.568221468001727,0.00878481362855346,0.1965343824503845,-0.005037691281469004,23,,2
1671,0.710042696789444,0.015436252909145683,0.01455747050798705,0.24228425952117544,0.017191373450079435,0.0004879468221684253,35.32247951245854,32.37850455763301,6.725669247687303,6.725669247687303,True,87.33045814700198,7.300774609055459,4.102746814193343,0.003740238169797604,0.07374570930505354,-0.0013054772248487505,29,,2
1672,0.5466462587426452,0.044530356461009384,0.06099257554590493,0.2546404487479909,0.05762247682808561,0.03556788367436394,38.88206714318338,37.60905510570615,6.688016365965279,6.688016365965279,True,95.09033494090751,7.338241420425961,4.3939810471616845,0.005542074702035216,0.11399290099464483,-0.0024766278979451496,27,,2
1673,0.5290561501017224,0.07988357647556628,0.07959915793088637,0.29333086866985414,0.01509751205705529,0.003032734764915535,43.980944112305394,37.11679873950638,6.759373380162746,6.759373380162746,True,99.68784283735052,7.449452432314047,3.0535500175610877,0.00925764956280621,0.12402880404936573,-0.002830698904856588,-1,,2
1674,0.45083123679485226,0.22191634316557757,0.021747647134441845,0.24152492605558434,0.0005630286992982613,0.06341681815024552,30.594871246040434,37.81874541298015,7.505212208939714,7.505212208939714,True,102.56193821988492,7.167031956882337,5.804533179680349,0.002235626473914069,0.07122135706367655,-0.0006202011796718963,10,,2
1675,0.3811304650133617,0.02483141014481142,0.09024838416293707,0.24578321077974805,0.06415309774678424,0.19385343215235767,43.69848951618612,39.846778066433345,7.497438860112132,7.497438860112132,True,110.93925737953536,7.270836079398195,7.689833050361694,0.008571031645544722,0.20048462400821213,-0.004630244115571883,14,,2
1676,0.45864386410855645,0.05242210341024498,0.02262569551734086,0.43834491528628267,0.019747837636758237,0.008215584040816772,25.681266196423955,38.111006573996896,6.332207530291462,6.332207530291462,True,94.75639561095969,7.07394019221827,6.662189374663732,0.0012617702063527363,0.06497001547061593,-0.00035235752526464496,8,,2
1677,0.6375083713932803,0.003125744039471122,0.047200567200173627,0.04236385193796888,0.009927692539746668,0.25987377288935914,38.177913653847654,38.25224624429764,6.84501015008032,6.84501015008032,True,83.73582370045389,7.193736551020278,7.213425552030179,0.00491617635405935,0.1354448980456474,-0.00263699209276693,12,,2
1678,0.7387266343455959,0.012605440415683908,0.00677276227238596,0.013698144966825468,0.09061580388338476,0.13758121411612387,42.05570535685901,34.42809785606228,7.062097512490044,7.062097512490044,True,82.99729373959224,7.358182543917332,4.405681097302768,0.007508644765359579,0.11587052701856254,-0.0023277966454328764,27,,2
1679,0.30419198931670033,0.09109498185002532,0.11296652315353425,0.48464930213866403,0.002812988832870262,0.004284214708205783,26.288937161130253,37.19285703895491,7.414702318156348,7.414702318156348,True,115.4118536352523,7.064993761914768,7.042665903589973,0.001311136193829873,0.07307209428627401,-0.0005943677377438033,6,,2
1680,0.9092821397683564,0.04843474713489957,0.012850493891497825,0.013524023536151678,0.014869082022589774,0.0010395136465046497,35.12719854413709,32.28052785295112,6.559879813051644,6.559879813051644,True,71.02571143891042,7.353567719907344,2.331389668958806,0.003744333703747805,0.037018655363811694,-0.00017163666327487715,-1,,1
1681,0.46409911903719686,0.014523753984352777,0.024366063281138724,0.27896293653893106,0.03390696079891523,0.1841411663594652,39.77570071856789,38.03674473563346,6.947897183552766,6.947897183552766,True,101.23702992335862,7.219931454038489,7.625083274461186,0.005733162766017257,0.16321921747365178,-0.0036449459731296143,12,,2
1682,0.3138397446218421,0.027458522484530522,0.03550292553958421,0.42776116222131266,0.1737668318715434,0.02167081326118715,43.825234143904794,35.28415038913779,7.952828808891802,7.952828808891802,True,127.3200809687111,7.3573537824349815,6.063701167928437,0.008777593352129142,0.20028948195055227,-0.0051471773979742536,21,,2
1683,0.5380742291257974,0.18584549357199942,0.043642015717503604,0.19131395272375334,0.039300925290023665,0.001823383570922555,36.976050918857055,34.64646437361739,7.772724526992355,7.772724526992355,True,103.14358378393425,7.34483930476271,3.4195867201632066,0.004500180734692308,0.0740078848174762,-0.0012207999305688104,-1,,2
1684,0.6949410588073252,0.00809938427093362,0.1683885131680832,0.05207978156360882,0.03261568308504006,0.04387557910500921,26.838499902109692,38.323099891849225,6.572581552234539,6.572581552234539,True,75.85801535694705,7.174791164371815,4.290792503122286,0.0015603554160388145,0.02788909589807561,0.0007901905075843954,21,,2
1685,0.5846409796714995,0.03255167105567773,0.11597815928341963,0.05904209312077483,0.20421168350131272,0.003575413367315635,32.6878680420227,39.38613352466227,7.125587140879224,7.125587140879224,True,89.65892177773162,7.296153378337793,3.3971066460469728,0.002975988749293108,0.049959519458048995,-0.00024753979185971237,-1,,2
1686,0.7133321713062312,0.01711500043582398,0.007942744518235869,0.11798177493929912,0.007912378142699782,0.13571593065771012,35.78319029061187,32.43709866157743,7.172466801237125,7.172466801237125,True,85.56889542464049,7.227824006091551,5.745998352454331,0.003814949192664859,0.09270336848710616,-0.0015839236632367304,15,,2
1687,0.35360855878198977,0.09120196040645347,0.04154429229532726,0.44756631670114677,0.007095291877222873,0.05898357993785981,40.00978000044886,38.00788568240957,7.008381112368109,7.008381112368109,True,112.93711396753758,7.291350248739667,6.2696736103717505,0.006037871991345743,0.16369041714430088,-0.004016685925773258,17,,2
1688,0.48700506845829133,0.009788816431387733,0.19085661699159184,0.24650498168387885,0.04430129398516073,0.02154322244968953,32.81546832905306,39.95147428420033,6.790365424238762,6.790365424238762,True,96.39654680770082,7.25314337201178,4.634403155541567,0.0029682219498258257,0.07718027513424618,-0.0011439973055553316,22,,2
1689,0.4429046031934449,0.04153992515451273,0.02101345824838575,0.4730419408656427,0.015934001056151694,0.005566071481862398,44.42306650806507,30.60475120876823,7.8128082277768875,7.8128082277768875,True,121.04074853204318,7.388729787863977,5.139991959165351,0.009176656107302008,0.16563350251261147,-0.004217020289843837,24,,2
1690,0.5491850105626218,0.21219041035578304,0.07978524498212079,0.11550024809483446,0.023639700091417713,0.019699385913222258,41.160818952586,38.99953075223077,7.264476035871885,7.264476035871885,True,97.24869394883959,7.430906604935578,2.2561322021826404,0.007047139099014059,0.07678334737863486,-0.0012283140908183614,-1,,1
1691,0.3955142705507566,0.04684487277347967,0.05246080369267893,0.3413220424722978,0.09490089312130816,0.06895711738947895,32.7163799900832,35.31026098156144,7.780390197877231,7.780390197877231,True,113.27080751757,7.147963134969982,7.146672131690683,0.0026828173972691786,0.10886100551238698,-0.001974653648675367,8,,2
1692,0.4169943627918879,0.05591401616714698,0.04939525716029842,0.30747931238969495,0.0683864774936751,0.10183057399729671,25.861034149911085,34.46798262331283,7.979900065648507,7.979900065648507,True,108.00215391936332,6.967559573675931,8.320233053867305,0.0011317943894704518,0.07067817568997316,0.00028334757838374426,5,,2
1693,0.6105107281674272,0.11588787195129242,0.13087899952559434,0.0819989572620776,0.021614690432811903,0.03910875266079653,39.56608051923647,34.60372848502755,7.815679761464639,7.815679761464639,True,97.23216004469198,7.385799352047214,2.8727675813854057,0.005877755544162543,0.07118957288927445,-0.0010367042241620455,-1,,1
1694,0.3821761688074541,0.04336575763877044,0.019023138246039014,0.23680461080617227,0.208713346429923,0.10991697807164123,35.920245563865436,37.80698126291993,7.9546645171745425,7.9546645171745425,True,114.02678202293008,7.179819098231856,7.50406066066727,0.0038216028813684963,0.13911049534745587,-0.002806131346994858,9,,2
1695,0.27996777470114476,0.005997360974055531,0.06215926695155983,0.36770784759891983,0.004056913554699182,0.28011083621962085,39.560629697713914,39.346544068454904,7.6345570554669795,7.6345570554669795,True,120.64706213564318,7.090314093870386,10.705571168185646,0.005147419514844429,0.21077738870731758,-0.004835971929564599,6,,2
1696,0.35048374251816283,0.06603915917656965,0.016093094659220594,0.36175397647644586,0.05670860352762561,0.14892142364197541,35.57169728243633,35.68165944521028,7.900908417701334,7.900908417701334,True,118.52376120106884,7.123126848833226,8.611105445757744,0.003515254666965798,0.1476005921233506,-0.0031080599661651182,7,,2
1697,0.44993492059504075,0.10398686576477621,0.06027291134612529,0.2600405269782556,0.11148527020457329,0.014279505111228975,25.69625145610754,37.74406337847464,7.380882505958379,7.380882505958379,True,100.14984843718806,7.098803101840201,5.985346497090951,0.001280389268667772,0.04640549164331086,0.0005041240022671051,8,,2
1698,0.748514945116621,0.19021833564469146,0.03874002178580293,0.0019874633573865315,0.0179321994752613,0.0026070346202368144,28.529134914561734,32.41803968915741,7.697961741767695,7.697961741767695,True,80.04978135136146,7.245734816861263,2.909187351219284,0.0018249287428849796,0.003467186945252016,0.001333646263911479,-1,,1
1699,0.4846989129877502,0.14799147745193433,0.033101470000930985,0.3103238474771225,5.463397381845986e-06,0.023878828684880327,40.700021032631724,35.677892315629904,7.266850822759593,7.266850822759593,True,105.92238158090808,7.365821387635595,4.259065237388359,0.006576985917835236,0.12432517034194764,-0.0028381303504109454,28,,2
1700,0.3881039535018625,0.018301877920669164,0.08575044847067334,0.2450877749355016,0.030466020129321612,0.23228992504197177,26.050286806683268,39.732227235124114,7.4338465683666275,7.4338465683666275,True,102.28438381632701,6.834268073545825,10.29325966498933,0.0010125113507373535,0.09780115720289749,0.0004440140296163987,4,,2
1701,0.4763719557520094,0.2351056932751943,0.037469995739067945,0.20616984211887093,0.024636492219577033,0.02024602089528052,29.295877763642583,37.211487687770784,7.669853328895715,7.669853328895715,True,101.27930059224252,7.194475583154462,4.767466268898622,0.0019759480181489346,0.0460907822385698,0.00012344141430002122,15,,2
1702,0.39108810039780606,0.004422351385024544,0.03083116550372731,0.17896953185648687,0.19071234010460833,0.20397651075234685,39.285527015359015,39.94249703982145,7.741182397994969,7.741182397994969,True,110.16082985638123,7.173485293323097,8.629032771690209,0.005348351461556893,0.17668830878471667,-0.0037553641043855147,9,,2
1703,0.5278086786057726,0.14124336375976873,0.1272332287157968,0.17468849035410713,0.026207853303484543,0.0028183852610701846,38.77257683747929,39.72006765893438,6.963884927575996,6.963884927575996,True,96.60518140074005,7.394288411482963,2.6738326010676876,0.0055879220924494235,0.07888762166105937,-0.0013855777144944918,-1,,1
1704,0.6805245284892405,0.08517899179773465,0.018308800469511353,0.04606657036673727,0.15788976985862802,0.012031339018148164,30.25822424077272,38.440433553986516,6.644737546528829,6.644737546528829,True,79.19287127216174,7.252902164364098,3.6602249150932407,0.0022960667886027055,0.04022226749339693,0.00010895123380597471,-1,,2
1705,0.45421840886238035,0.026530487368461312,0.030924177778754367,0.2614471944593651,0.12254311495612713,0.10433661657491171,31.871309830095612,36.57965803740288,7.445623775993697,7.445623775993697,True,103.6099532070037,7.122396204752351,7.344100882614298,0.002453610911602862,0.10364573651257582,-0.0016163644001219689,8,,2
1706,0.30993133429989533,0.023204922098290472,0.11892537617741632,0.42825545988719127,0.083165714126053,0.03651719341115357,31.446616141023092,39.226084503454494,7.231898782634147,7.231898782634147,True,114.49806997535475,7.148093553944838,6.998034647950981,0.002406396824333165,0.11268904814201626,-0.0021772589682175843,8,,2
1707,0.3813531809946342,0.1588922760589457,0.0016777071682777891,0.2450015522517784,0.0010776272978837858,0.21199765622848016,27.78838188943524,37.53533983603582,7.997337048204355,7.997337048204355,True,108.4526775312295,6.917111870179623,9.63710591300498,0.001345066355563633,0.10204659897399636,-0.0005377028170377558,4,,2
1708,0.42616048285124375,0.051193748851499334,0.06150788032435419,0.2855801572482244,0.16850820505412048,0.007049525670557707,27.46451779148734,35.49276250243462,7.857589461666947,7.857589461666947,True,107.97200594539608,7.114447826147554,6.2491289739765135,0.0015289017544989738,0.061787357288984095,-0.00021616415637358923,7,,2
1709,0.4738732411290803,0.011310374303525309,0.06853793016530065,0.0745106858692053,0.15972079813706488,0.2120469703958236,38.440927044841175,38.47033144355551,7.990425297607645,7.990425297607645,True,103.95304667507217,7.17977948891468,7.895415023049718,0.004941614312599645,0.14881620945832355,-0.002810495190754376,9,,2
1710,0.6190309488300586,0.058107564323377124,0.14545738748121984,0.16484011863861736,0.0023517765287168137,0.010212204198010399,36.20090077225173,32.67782382345936,7.713486984171252,7.713486984171252,True,97.42528103564734,7.32974397739504,3.4325902883071904,0.004104345190156269,0.06148562704334006,-0.0008090662025314105,-1,,2
1711,0.6551789531365756,0.09256510233817902,0.01506779992827193,0.16368292544312724,0.029406627422630546,0.04409859173121568,37.46584196199419,35.94923221471511,6.709845412280717,6.709845412280717,True,87.21147472243486,7.3297906372204,3.936955756429901,0.004787205518481451,0.08698416471806426,-0.0016117379266006307,-1,,2
1712,0.6189716630152011,0.06816065625900379,0.0219544826022317,0.08231854932067462,0.15075153205998618,0.057843116742902524,44.829753818879226,32.9768960264779,7.99498952729389,7.99498952729389,True,100.55778991318577,7.439389133909438,3.332205403182414,0.009814877046702588,0.11602038357483543,-0.0023319372732192225,-1,,2
1713,0.3147458440138888,0.02198907699462267,0.09150984415208747,0.38248209691605783,0.07278309267415649,0.11649004524918669,43.05173104349453,38.24779732784644,7.583254023750362,7.583254023750362,True,120.26652569610746,7.290480590554813,7.299071332108823,0.008058101701762046,0.20167556870677683,-0.004943805350732078,15,,2
1714,0.4783699836543452,0.1864742905606745,0.051370423436958995,0.2021549264306079,0.024734039798720783,0.0568963361186925,29.73259277901682,36.452684561719366,7.787276216651407,7.787276216651407,True,101.99262161978456,7.16010667172282,5.619877688530212,0.0020212302821529648,0.05892240823501776,-0.00015009843066025871,10,,2
1715,0.6575570921176072,0.10384696022867182,0.0337531833699178,0.11589641952945319,0.006709366655825569,0.08223697809852457,27.918730210303764,36.677545424747365,6.778831149675253,6.778831149675253,True,80.78232875031355,7.137158632531565,5.4503830463251015,0.0016841936695208982,0.049083743862092175,0.00016311911580626695,12,,2
1716,0.6846769927201116,0.01053075265086265,0.01866968823847108,0.0607936104544478,0.12815878256393537,0.09717017337217153,42.009653477973174,34.6123476657051,7.186651918760555,7.186651918760555,True,88.3816166728121,7.372074729170621,4.175705817650652,0.007487810891286726,0.11513214849251338,-0.0023398149186182756,29,,2
1717,0.4995678140651192,0.2120742861386445,0.02151994978713841,0.11398838851996786,0.0049845392397064115,0.14786502224942352,32.552872597976624,37.65593042928103,7.843431785549062,7.843431785549062,True,99.11271010108557,7.149308470918582,6.516225203546431,0.0027115253101225195,0.08478248243802962,-0.0008073270183518182,9,,2
1718,0.686675366285948,0.07781088087693439,0.03280774528643496,0.00535292845734151,0.001632151925756493,0.1957209271675845,28.50984326693338,35.19785917508799,7.343357893173699,7.343357893173699,True,79.16174619435387,7.062397866298605,6.889815645905723,0.0016930562607847587,0.06601828141640959,-8.029573125806743e-05,8,,2
1719,0.29512309490422706,0.03242309968359897,0.10116537279223428,0.46929379349359546,0.08601817627143989,0.01597646285490433,31.588685928750706,39.932190451801176,6.998238186897818,6.998238186897818,True,113.96606076716988,7.164847076784145,6.778582741163315,0.002474417452097358,0.11586286696268956,-0.002394567441405718,10,,2
1720,0.5267572804170402,0.05842073943974988,0.1600258213924024,0.15891803888367045,0.04524624613372876,0.05063187373340827,34.89994865444356,39.17444465288979,7.092510030393144,7.092510030393144,True,95.29031302643503,7.281812111891688,4.366743351734329,0.003694268342516889,0.07952744257716779,-0.0011825155343252488,26,,2
1721,0.6707726484425036,0.0252714595869735,0.007093899529760598,0.03365362733328661,0.1523099219436864,0.11089844316378919,36.622421035660466,35.64036342336258,7.2056207451717285,7.2056207451717285,True,85.77845773415133,7.269151432217936,5.080698880927527,0.004309022056798703,0.09399939282418476,-0.001563068048519069,20,,2
1722,0.42060468307728327,0.03301571350324629,0.1363053641768118,0.19072134422012132,0.018474897829443795,0.20087799719309354,41.91563926001543,39.93638068173236,7.517753947191304,7.517753947191304,True,106.86570493644514,7.252410899883368,7.344923897791273,0.007205106763088001,0.17437977108645308,-0.003802106790019908,13,,2
1723,0.42403055191820493,0.06902637469051541,0.0048963134164664145,0.37142526126096576,0.11337581104383147,0.01724568767001606,26.81274309768609,37.684786305987586,6.930486916038988,6.930486916038988,True,101.2225531874924,7.0861237349294015,6.757393422849065,0.001424566861458152,0.07139592902925763,-0.000534344706251311,7,,2
1724,0.6173302118131488,0.009795564521878282,0.15806624057653781,0.13047110338886814,0.04733713548785503,0.03699974421171196,38.50025794162182,39.79359746117629,6.46542706546849,6.46542706546849,True,86.3597024874016,7.367961186002974,3.2418307924075602,0.005459115204059656,0.08620472049786992,-0.0015805153654009044,-1,,2
1725,0.5978947132805457,0.09048641549372616,0.015748649027780965,0.18754969767863724,0.012544322396239826,0.09577620212307013,30.821720488260205,37.30727146738485,6.696226258117487,6.696226258117487,True,86.55772408027183,7.161602952859065,5.929291195462273,0.0023013741405603465,0.07546707546666481,-0.0008337542891363307,11,,2
1726,0.5899641276746229,0.053260469582736295,0.01295252985951244,0.10575335050164283,0.08974170860418425,0.14832781377730112,35.40600237425447,37.50220933516545,7.06206794130018,7.06206794130018,True,89.56494001291621,7.20560993551011,6.28422361434314,0.003737522439764777,0.10659508505687394,-0.0018153591383690089,13,,2
1727,0.3585527392633655,0.03915462989018231,0.09462208952784533,0.3031258432497334,0.011356756857681933,0.19318794121119168,27.52568437531814,38.1399363946545,7.6885758301751945,7.6885758301751945,True,109.16866357988658,6.91971971239146,9.645229953708675,0.0013142776467160893,0.10488603478940199,-0.0007683093915327351,5,,2
1728,0.4104463779582534,0.0684622466983827,0.06749985459745628,0.39030841277133616,0.023761145555675853,0.03952196241889578,28.810273178693322,34.58426100135215,7.586760724404795,7.586760724404795,True,109.70978971142748,7.09670971905532,6.957350907681697,0.0017286111008427123,0.07902370519368071,-0.0008890770092816122,7,,2
1729,0.25858253379628193,0.08993431626251,0.077757611465083,0.479738542657771,0.05581120614026117,0.03817578967809291,40.11275812820874,39.82596198519313,7.261538926963923,7.261538926963923,True,121.93234735343788,7.295197704908468,6.416072096177146,0.006136138424953416,0.18157954077698296,-0.00460055615657642,18,,2
1730,0.4029927438683506,0.08256882275723576,0.14423170270167332,0.2616779108729885,0.09237941787550076,0.016149401924251072,33.01199726704448,38.61508120677705,7.636470914961552,7.636470914961552,True,109.62093780290527,7.242883540334972,5.016937581717439,0.0029714251271796225,0.08531425477105482,-0.001368792273877321,19,,2
1731,0.5183078934178015,0.012446988005717861,0.0033405515428925393,0.2692093914220104,0.1276580346406378,0.06903714097094002,25.922040202001764,33.10598758808996,7.65255927546288,7.65255927546288,True,98.75676424287028,7.015200198920399,7.502126843654869,0.0011869612121981883,0.06135583529211879,0.00021499072178155474,6,,2
1732,0.14531754946968464,0.008117968233298904,0.017923904975846835,0.7910132778211254,0.006813289839456541,0.030814009660587706,30.566072558360347,32.33594170510765,7.879520784015716,7.879520784015716,True,142.13182626042288,7.007826546030753,9.724636186574477,0.0018598924782124626,0.14501857191032505,-0.003786123963413792,5,,2
1733,0.4303321681692545,0.024153532228420458,0.31060007710745613,0.16834815434663533,0.0006706696035236584,0.06589539854470987,40.689034269887955,39.27348640655805,7.9195237062125265,7.9195237062125265,True,110.96281402508622,7.3648257024352075,3.971190322404036,0.006670991291385145,0.11596423742661545,-0.002336290725704159,-1,,2
1734,0.39321437440377666,0.053752191083491836,0.05356795808714577,0.367032255642371,0.08655632198667135,0.0458768987965435,27.742000333551182,34.474420102666706,7.854584821178977,7.854584821178977,True,111.97562178690917,7.059195970518402,7.403169528999236,0.001498230739849385,0.07789798263021233,-0.0006576700836471931,6,,2
1735,0.687650590965727,0.17583450473718482,0.051076978143658296,0.06199675976280479,0.010491180990154692,0.01294998540047024,30.229022322854295,32.13462631685266,7.897860792524532,7.897860792524532,True,87.55414966532976,7.2484056382060515,3.42032731391442,0.0021691191481308094,0.019588145362458682,0.0007959852008487883,-1,,2
1736,0.2562473772577416,0.1357446576971617,0.09678070740277844,0.46694487596857276,0.005910820520739607,0.03837156115300598,33.25485610039249,38.30486515606857,7.702032632596708,7.702032632596708,True,124.44639700392194,7.173680263620762,6.9618077344305584,0.002912844035378526,0.12589521543117235,-0.0027238178217148332,9,,2
1737,0.6448899934077936,0.003986904662741511,0.12009201625857426,0.04960095568824819,0.1139776069361616,0.06745252304648093,27.345269095407208,34.247577310884445,7.694782769430111,7.694782769430111,True,86.0959848780745,7.130377281892763,5.351714174766023,0.0015425469116235597,0.036343802580386636,0.0007705628811936267,10,,2
1738,0.6828496507254999,0.07429931889981788,0.039037897412583955,0.024518510803665683,0.03573135361861076,0.14356326853982176,41.41677301184765,36.94113260910514,6.953112970237413,6.953112970237413,True,84.15783014403739,7.3478093791677885,4.404070912011516,0.007130723433882575,0.11447164795697813,-0.0022494616377152837,27,,2
1739,0.40421022988394506,0.07036037808658015,0.008877605319103194,0.3777917707065566,0.10016719571716007,0.038592820286654936,35.93342139547619,34.6196294387345,7.6558384490884785,7.6558384490884785,True,114.53695142190826,7.22778103235834,6.434839485714043,0.0038573670196158736,0.12444032161319259,-0.002735080199151326,13,,2
1740,0.59322700684214,0.02600806669942251,0.007837168778613771,0.3333077832922389,0.03893737112171804,0.0006826032658667309,36.611986009049055,29.209575707172192,7.800260780560676,7.800260780560676,True,105.76623283616951,7.281970453614751,5.042478055025709,0.004088809443246754,0.09056590549939036,-0.0018430828693629625,20,,2
1741,0.43695043233278325,0.02737217222073346,0.07249502748889253,0.3877491628297825,0.007587136013879433,0.06784606911392893,34.865665260600736,35.894934144978265,7.093903037032731,7.093903037032731,True,106.44991593465672,7.201441309408375,6.606551293815349,0.0034601750248361134,0.11720903302021302,-0.002429231441230607,11,,2
1742,0.08427051435011215,0.07175691180708761,0.02137371178777202,0.8011320373664267,0.011881511282578791,0.009585313406022665,35.16537684383342,36.30594083274464,7.471996917391725,7.471996917391725,True,142.62571265874752,7.140851024401363,8.858685110631546,0.0033817225124084466,0.18426484404550617,-0.005074418417575843,8,,2
1743,0.6111434503191326,0.06773132402843551,0.004109514829665233,0.03984325501618158,0.11383627909417612,0.16333617671240888,39.8742713339734,36.92050652974013,7.363745161542373,7.363745161542373,True,90.6916715458511,7.282201965175417,5.736893114312311,0.0059763799360289405,0.1255955967915894,-0.002439529443961862,18,,2
1744,0.6781770287030838,0.010762079591886577,0.009631317710358087,0.09095404625767571,0.05786107715318833,0.15261445058380738,29.126128728984114,39.16573376536553,6.236194932523335,6.236194932523335,True,75.38727539320674,7.107723593089662,6.509552632197349,0.0019159280544133257,0.07916758861232605,-0.0008424456360621211,10,,2
1745,0.7619751323958647,0.006476333116987726,0.007886177201655827,0.12392806389251132,0.015200964121199636,0.08453332927178062,30.264338672007675,28.412879201773144,7.83142463217825,7.83142463217825,True,85.26579804594803,7.147806140575691,5.732274244364008,0.002013138752419673,0.053257507854038245,-0.00022894188218832128,11,,2
1746,0.41107307231560203,0.10588640131488355,0.05853533399128328,0.3406814052917439,0.06298369569420748,0.020840091392279787,33.65362268794009,34.57695636287077,7.897393627878485,7.897393627878485,True,114.24010340781221,7.217510071060478,5.827429522016908,0.003054175339297523,0.09700719582942362,-0.0018158793750879998,13,,2
1747,0.4305355481983063,0.07803882771110095,0.05493848214708612,0.19055172763953088,0.23095569616765943,0.01497971813631612,34.36068600670089,39.234864022858254,7.639936695010288,7.639936695010288,True,106.8715094071138,7.268605655989079,4.90068669305599,0.0034560977373090684,0.09532567189796402,-0.0016770286798462972,21,,2
1748,0.5347694914373198,0.011176856616615891,0.20628476243195656,0.22069692989570855,0.00822927576320439,0.018842683855194896,26.46971313146294,36.13705118759435,7.295449159767773,7.295449159767773,True,94.11229901818702,7.134970836264366,5.220008474464765,0.0014171148158623836,0.03461139485225449,0.0007255693286991712,10,,2
1749,0.493896991666648,0.08718719324521808,0.18925624881554884,0.1421733434594069,0.08734558912608198,0.00014063368709595162,30.471961116127503,39.51559128405363,7.459022007594169,7.459022007594169,True,98.30784759407757,7.2561475867532925,3.6960404734984884,0.0023258600813061575,0.039533046170480625,0.00017503690937528237,-1,,2
1750,0.5760579889770572,0.19267311361518347,0.04665409089637357,0.1782203062232885,0.0034194748210278837,0.0029750254670692874,31.7521787792829,35.93337979101775,7.2837471222414365,7.2837471222414365,True,93.56248075071315,7.265602419854071,3.7609434872649947,0.002618127329996934,0.0451443966867432,-0.00014599333675706063,-1,,2
1751,0.5106694101963623,0.10864433609456109,0.06381178296693729,0.2470486433265463,0.014036142149960863,0.05578968526563229,42.054417938833154,35.80550902785026,7.358520629478789,7.358520629478789,True,103.84167418921238,7.374985917712922,4.338475967597447,0.007528381327665361,0.1308086175782712,-0.002931922410730703,28,,2
1752,0.4797754971408592,0.1211418673354376,0.016345366109851177,0.3508189100076266,0.00012304758773033818,0.03179531181849509,34.439111493860494,32.66329386736042,7.71713541322381,7.71713541322381,True,109.22618108863968,7.224633590466378,5.784294026180588,0.003284674053462566,0.09451330210081554,-0.0017867557662463375,14,,2
1753,0.44753386611959173,0.188863861918348,0.05667881263548103,0.16507210115687915,0.10101660050340837,0.0408347576662918,33.88800001409295,39.290737708843935,7.723397860636364,7.723397860636364,True,104.88856034748041,7.260840302823048,4.6638994398146405,0.0032930821369553226,0.07930982548691676,-0.001088332562259016,22,,2
1754,0.3914989662584078,0.2308876253706623,0.0671471129629419,0.2923928812443455,0.00851307252340567,0.009560341640236933,33.49033274036847,38.58638064061677,7.62052763678396,7.62052763678396,True,110.74878350385156,7.263569035653243,4.604619123156601,0.0031457601671829464,0.08232958845201525,-0.0013710093142177498,23,,2
1755,0.7512140460027018,0.0424536295287547,0.02613572652277817,0.0668622427542889,0.004393782175512672,0.10894057301596372,25.073450138875014,32.36749627276505,7.215585224667255,7.215585224667255,True,75.73599675175224,7.050797769775679,6.163171795773248,0.0011431321141229696,0.04021101496067882,0.0006565521446627645,9,,2
1756,0.5824360332614629,0.015420202415491205,0.06158133787917029,0.3201591834804593,0.0034576859260620017,0.01694555703735417,26.14594149640919,30.208488334918357,7.698657679579616,7.698657679579616,True,97.61661748374482,7.070556226369178,6.36833614999848,0.0012424747537707478,0.04333045094442563,0.00042996621328773106,7,,2
1757,0.19483962842365424,0.026656731032324684,0.03188522498219254,0.5401628838067998,0.14314832624138463,0.06330720551364394,39.276681906344486,37.903715911313114,7.705270388488214,7.705270388488214,True,133.0527458042806,7.215832183491752,8.323780989687664,0.005366911282908502,0.20096254853597506,-0.005178612210678397,11,,2
1758,0.6214134627215254,0.0898701305880565,0.004390439848394004,0.13828728776959562,0.09799820668406645,0.048040472388361906,28.794766784366736,35.51963221375222,7.124743339594495,7.124743339594495,True,86.91450688967142,7.161430636979212,5.316643625588576,0.0018425729752557243,0.05160973346080783,-3.0347557160140654e-06,12,,2
1759,0.7460298859837304,0.025486088774327044,0.04098257729186216,0.02080312712025917,0.14057099862229339,0.026127322207527788,30.00543521443286,34.41858940984405,7.057761640676183,7.057761640676183,True,78.15576098385085,7.2318201977965115,3.9420270652912577,0.0021641349423300797,0.037340502642389126,0.00023054647407524858,-1,,2
1760,0.5095951630558272,0.08830972430362583,0.04034799717639864,0.2790247945901513,0.011470584713917592,0.07125173616007954,32.28652303960823,33.39705494569655,7.679930255853787,7.679930255853787,True,103.43507852131043,7.167239613988584,6.308059663003546,0.0025821469290323858,0.08409300726473505,-0.0011896329103718818,10,,2
1761,0.7175762393639229,0.09047682334392412,0.009501174525288302,0.04189806199470836,0.0041141539103810585,0.13643354686177533,40.039379942245596,39.58573883378472,6.194997969215784,6.194997969215784,True,76.39837404685872,7.3411173668073575,4.170111803451593,0.006350288511322466,0.10881657105117344,-0.0021982959539361387,29,,2
1762,0.5623776726338174,0.07790920171706399,0.13888126772340814,0.05406449080684976,0.02201493663977044,0.1447524304790901,30.082101815380568,38.69856272604604,7.442541871079829,7.442541871079829,True,89.5605185418254,7.126855595206032,6.171885210831223,0.0021065796928167887,0.06471646317810005,-3.8846117482027674e-05,9,,2
1763,0.3836293490024223,0.01469317747020445,0.06740194472125732,0.34955581168696914,0.04290605256168295,0.1418136645574639,40.3614328383602,36.54020415829864,7.516333345812233,7.516333345812233,True,114.13071311405052,7.234225426934241,7.631283021986068,0.006034852206109946,0.17121425351780142,-0.003969280789797481,12,,2
1764,0.4798558298640934,0.18709505729889367,0.016279738671538764,0.18825315915920057,0.0028626174305991653,0.12565359757567438,32.27869435578123,39.110694116942355,7.265149383557458,7.265149383557458,True,97.59820625559871,7.155203504476251,6.493623804922692,0.0026661665676485733,0.09056022982617569,-0.0011346262105883485,10,,2
1765,0.7157523943915821,0.0286062962731559,0.005200844256897733,0.058687221397442604,0.004045532859446414,0.1877077108214752,29.774015396637488,38.717462963096295,6.21746251098019,6.21746251098019,True,72.63620842893661,7.107093884108155,6.593113461520871,0.002051952689764806,0.08323711053868846,-0.0010238897732097398,10,,2
1766,0.6408621324950495,0.1766451785433296,0.09745417934355051,0.0641398677315776,0.020457036617970086,0.00044160526852278145,39.3717632183267,34.81874327991312,7.668136481964455,7.668136481964455,True,94.36545120157791,7.42122477094221,1.7968987905756624,0.005741854527738143,0.04503174014616376,-0.00026656963746138736,-1,,1
1767,0.7529416511636797,0.0008971585844603188,0.07758097495225162,0.11996313114222876,0.014899274608823919,0.03371780954855563,27.949745883357405,28.691719463480407,7.897548053721041,7.897548053721041,True,84.68170270378683,7.149485068784716,4.9960377698108145,0.001583601560602217,0.031010488912291436,0.0005688137038455471,12,,2
1768,0.5467353859660847,0.1597560804063687,0.04968063940826909,0.09890812272845935,0.1218537712300698,0.023066000260748374,32.23049329127855,39.93585516233687,7.141461731639328,7.141461731639328,True,91.86451012197112,7.270690543802475,3.8424401508692694,0.0028228201684311156,0.05361384197174717,-0.0002990680541545788,-1,,2
1769,0.36194847898777394,0.09733800311714477,0.08304644713436683,0.4006810948401068,0.009137434845695487,0.04784854107491225,29.372012921571276,38.26265154917168,7.1842614872242745,7.1842614872242745,True,108.80215153615245,7.1136654720713155,6.8940693799187995,0.001899359342223767,0.08913890154708422,-0.0012333129966101398,7,,2
1770,0.6571641550965239,0.08110414056850533,0.08821579313619468,0.13664397920204613,0.024341923229461992,0.012530008767268045,38.72174292008856,32.315801670502,7.641270464111939,7.641270464111939,True,95.35748756488627,7.374989480714842,3.026725738694687,0.005326697076867041,0.06899655591399502,-0.001077645463085733,-1,,2
1771,0.4696668993576017,0.0038078621701575217,0.2306574132861317,0.26402483842831875,0.012957329006491321,0.01888565775129916,29.288280167653287,37.2249456944684,7.350746418668884,7.350746418668884,True,101.20522651706985,7.179929921089464,5.187267053360227,0.0019593437249564587,0.0556933339264412,-0.00021515623842662841,12,,2
1772,0.2811194444857276,0.021058404426781533,0.02576578602252007,0.5168283296872458,0.15518586914725863,4.216623046633821e-05,34.03331008560476,35.11751894004226,7.7332271971900335,7.7332271971900335,True,126.2458175475078,7.181162632567512,7.254466520599121,0.0030979466225152757,0.13699192877147265,-0.0032789585189464373,10,,2
1773,0.16158495639043374,0.02835367745877775,0.01447946566881946,0.6706838652457738,0.07034696461026863,0.05455107062592648,29.294069812074728,36.04363882156336,7.586723836594391,7.586723836594391,True,132.8851369990221,6.994374903261074,9.625502915320803,0.0016563333827237195,0.1400245307560339,-0.0032613497163497757,5,,2
1774,0.47548442802750707,0.088261903710815,0.08207611232236141,0.2527887672827857,0.010340127429256222,0.09104866122727463,43.8327760532362,34.42713877144605,7.882569292678412,7.882569292678412,True,111.22579063515862,7.366609836190067,5.141258799667717,0.008824100915768204,0.15429416432613355,-0.0035430544319713987,23,,2
1775,0.7212468536851602,0.003816479934551894,0.07239701060208407,0.06432772436264457,0.09275759948130662,0.04545433193425278,34.27684587994629,39.54637501362042,6.105219156113374,6.105219156113374,True,75.40884557875658,7.300931832064514,3.6449802732742906,0.003556638029854395,0.06743575492340229,-0.000945238852285248,-1,,2
1776,0.27387122225409866,0.10020914749168197,0.08034934546874202,0.4467185677122995,0.02101015262480021,0.07784156444837771,35.65625197804271,36.85594702775792,7.9079790495173725,7.9079790495173725,True,126.14041168440995,7.175652413537436,7.633541298251753,0.0036789669745374335,0.1466483620287943,-0.003327318637778686,9,,2
1777,0.5642470181726295,0.018233373028510268,0.05031489733361691,0.3333647448566409,0.028926012362828015,0.004913954245774408,27.938336512036873,34.25899847207127,6.842435502304556,6.842435502304556,True,93.20959279059157,7.136422222797839,5.809163262297396,0.001632956687479019,0.05802579711528146,-0.0003549743344585165,10,,2
1778,0.7314553643260207,0.009695680534250246,0.10856136244992222,0.08803183715735545,0.03301284231000934,0.029242913222442036,41.617300373030844,34.54165110528649,6.8488142925910145,6.8488142925910145,True,85.32330207392455,7.427350720925289,2.4899651932436804,0.007259173541170084,0.07646617678275196,-0.0012916678529271792,-1,,1
1779,0.15547175427026969,0.1731524808584305,0.02510957254623414,0.5577309968243227,0.03287071045430045,0.05566448504644268,42.74000327455238,38.429712942057776,7.9697103228800845,7.9697103228800845,True,139.31012589994006,7.292341606550311,7.540532554012717,0.007793878405640657,0.22771708144417285,-0.00600818070897902,16,,2
1780,0.7488355021104129,0.0763848411759327,0.04926998619279583,0.07290051714044886,0.051801688008731216,0.000807465371678652,31.727493514390368,35.847045437597856,6.576417454045967,6.576417454045967,True,77.3186899676583,7.288242601768668,3.127809757860223,0.0026634237370276987,0.037195700781467285,1.4501106570099183e-05,-1,,2
1781,0.3592256074037872,0.16417977139919923,0.10503927103865944,0.3395138219860973,0.025407196619552284,0.006634331552704546,43.73190497903992,39.46944963753815,7.416046400654086,7.416046400654086,True,115.56118917722083,7.43018983319496,3.6661836473736678,0.009078223864826197,0.15495902976861628,-0.0037455740486062724,-1,,2
1782,0.49707528131677375,0.16432765089853746,0.013517640743969944,0.2292386873763532,0.019883111569354687,0.07595762809501123,43.76375882085438,36.933179989744986,7.32596524402017,7.32596524402017,True,103.58750210692678,7.392765924427376,4.3954830270676775,0.008959487482922312,0.1462480586516309,-0.003334547885852642,28,,2
1783,0.33061853484473475,0.12577430403154022,0.03739875376646807,0.4271369745775145,0.02433453680394058,0.05473689597580194,41.70464018231974,36.269924110939336,7.665718468496705,7.665718468496705,True,121.679985851589,7.316175825702145,6.182980397921618,0.007106799967367967,0.17487104866270806,-0.004344459138129774,19,,2
1784,0.6922647908137821,0.1680205790659127,0.05814771283829874,0.019239681429338865,0.037008975262253704,0.025318260590413876,25.941613506865494,33.35333352355725,7.79932844930871,7.79932844930871,True,82.02227537802045,7.168690186775517,3.959940535190607,0.0013520613269614942,0.005208853693528792,0.0016723486591653756,-1,,2
1785,0.5454244053424122,0.0038472858141109663,0.04416939125051414,0.38246833134743186,0.0004632780782874482,0.023627308167243417,37.1373027189269,37.82817129257403,6.090993485254342,6.090993485254342,True,92.14541384927585,7.299921459694894,4.985435482959357,0.004619857721210464,0.11682954567833116,-0.0026680787934574737,22,,2
1786,0.4880242541072115,0.21886498058923018,0.002239849337574716,0.24717381317049156,0.003625322924010678,0.04007177987148151,43.71209609113,35.13931127941663,7.723100556360587,7.723100556360587,True,109.02346440341128,7.416345371406856,3.743462954301311,0.008872662083120755,0.13204831630155642,-0.0029714080852975017,-1,,2
1787,0.7458821966842321,0.021813050479540404,0.10082116079594862,0.06663329455864549,0.0411400247458769,0.023710272735756606,42.29311945152813,37.37206144315404,6.339278763287767,6.339278763287767,True,80.13849924522768,7.451813084531138,2.009828226524752,0.00786634853647728,0.0697865893808628,-0.0010694264329201924,-1,,1
1788,0.6447045099173809,0.07611382304845486,0.15676327099874468,0.031461811404813904,0.006432076873411062,0.08452450775719467,30.563554757813378,37.07620714181604,7.274411844909018,7.274411844909018,True,84.16516414654083,7.207522684109916,4.474895799747014,0.0023004460621508516,0.04238976788664091,0.0003019900389576071,20,,2
1789,0.47939745087464203,0.05279258146865958,0.09518764081511372,0.34192450515080824,0.006501900942116184,0.02419592074866017,27.515869559360404,39.60576284714554,6.413017190999251,6.413017190999251,True,92.8174132271607,7.130959070457469,5.9202050236984,0.0016132842743149134,0.06433623252593779,-0.00043264816687895574,10,,2
1790,0.5669121651210905,0.19597960529325156,0.08012022081996255,0.11693143741112688,0.00948656955584204,0.030570001798726387,43.83186837318954,39.57002605086248,6.999064254757336,6.999064254757336,True,94.76590442265568,7.467610715067,2.0685758747335785,0.009165410983594255,0.08424572539332023,-0.001396582495652099,-1,,1
1791,0.3050392136929187,0.0800309439605217,0.0144725614389253,0.3271602643560662,0.02591514687749971,0.2473818696740685,29.125607846043113,39.87622439226744,7.609048691791523,7.609048691791523,True,112.8388550670525,6.881889919181537,10.849587559846066,0.0014905306858203084,0.1395426756764112,-0.0022494068037432536,4,,2
1792,0.6288123923396276,0.12563390503193123,0.0431799069842239,0.024212397151017185,0.10843253189380317,0.06972886659939681,30.750388413841726,39.60241174980848,6.927618488865278,6.927618488865278,True,82.49567059126203,7.219814424829977,4.432249308185574,0.002395037600671622,0.050167871808475616,5.278873986262266e-06,22,,2
1793,0.6413575646979311,0.045310151921546325,0.175246800169706,0.04726620067249425,0.03893497476491038,0.051884307773411846,37.35548056352424,35.84235769316997,7.469207538282609,7.469207538282609,True,90.67770743356797,7.3464312586654055,3.192347682807776,0.004735619352607213,0.06376063196395951,-0.0007539967904892287,-1,,2
1794,0.5038201431287477,0.18520434352515036,0.08383807515607795,0.17978347828965974,0.04038295744342471,0.006971002456939481,44.81666505958508,37.57797514355738,7.52476582306438,7.52476582306438,True,105.52005048332482,7.482316512053838,2.1754542857704386,0.009989301599903914,0.09754952823185793,-0.0018205784215441256,-1,,1
1795,0.5370041288496311,0.3162497240280039,0.06917078363934787,0.02545626767205721,0.03879484230184361,0.013324253509116316,42.89768986806746,39.59912150170348,7.8952545083762375,7.8952545083762375,True,101.73750318422591,7.478737956274296,1.1487455539796438,0.008108146854533555,0.04078379077656642,0.00017986288439458305,-1,,0
1796,0.3634178119836287,0.23476277205976032,0.03418384776698358,0.27890452972815377,0.01623729847841064,0.07249373998306277,35.786283367578704,39.447374886284194,7.7265785415241455,7.7265785415241455,True,113.39021733520902,7.240198887091107,5.865210615370911,0.003935115695307316,0.11624452963918083,-0.002274904962355381,15,,2
1797,0.8201530987255573,0.010134094586704034,0.031855249242267666,0.0976557064654136,0.0178648113234475,0.022337039656609946,44.24591295564216,36.719270401554674,5.892496316140116,5.892496316140116,True,75.3597489532592,7.48102055604923,1.886706517940997,0.00948985421178741,0.07362987321322295,-0.0012135998058828412,-1,,1
1798,0.5274990064138517,0.14908121992895682,0.18116301205948238,0.12721601024806045,0.012052840651227498,0.0029879106984213055,42.22369552346062,39.73254333571468,7.27081144640917,7.27081144640917,True,99.77202339498714,7.461676185381643,1.728629842658477,0.007784567041189722,0.06699402491743735,-0.0008686381488834845,-1,,1
1799,0.4331606530019791,0.1075112354921128,0.019958641555462137,0.4028535462661844,0.0360709522568056,0.00044497142745613066,27.174300457091356,32.08118524241183,7.9392006609725545,7.9392006609725545,True,111.24426851460639,7.08517929572843,6.632497620855548,0.0014130133396554375,0.06020876871885955,-0.00025953114359920264,7,,2
1800,0.656434141882638,0.2251765451075941,0.04070544408203685,0.01791979141777455,0.003021309636169847,0.056742767873786557,36.903117224367975,34.3676735611742,7.876177854662575,7.876177854662575,True,91.14459942315717,7.343856094391454,2.9675399741815185,0.004478539165752443,0.050667239506648275,-0.000319011491791073,-1,,1
1801,0.5876808910609314,0.01435006266058715,0.028223268736246893,0.3260501948834654,0.026501384254309403,0.017194198404459658,41.485907766198125,31.503340842757797,7.29925854418887,7.29925854418887,True,103.0958574670123,7.369104567796602,4.437340831115924,0.006941055723231569,0.12183241470704954,-0.0028206860798595155,27,,2
1802,0.3920016003415057,0.0013553645002296754,0.05275192259827412,0.2731673228828129,0.23559629345581412,0.045127496221363375,43.37211476536854,39.66842120270607,7.304851167350964,7.304851167350964,True,110.59662208336714,7.374422137783837,5.24984856683646,0.008659731844092773,0.181496028158987,-0.004416084984120393,24,,2
1803,0.31273337111825084,0.07175437463514094,0.13257266567443812,0.45731373148351284,0.0003742791782365703,0.025251577910420576,36.74670777359948,38.55758367635982,7.2252448710241275,7.2252448710241275,True,117.18235284597384,7.26100339624296,6.002930563029741,0.004337054697554273,0.13879369302765507,-0.003282246720785944,17,,2
1804,0.6157468645107047,0.016877391308238718,0.0181171649539764,0.03967450358478713,0.19344521986067154,0.11613885578162128,39.57319953759924,36.47017824084152,7.413867899498098,7.413867899498098,True,91.58308073086438,7.307044252632109,5.137892907549131,0.005842658309900333,0.1171052131402645,-0.0022580995761424453,21,,2
1805,0.7231868172289756,0.04134624973118989,0.06946903868693531,0.15222538062417065,0.0038169063882162887,0.009955607340512398,39.35520970623137,33.43501118950647,6.8463578576745325,6.8463578576745325,True,86.76794802450478,7.390305747493979,2.8726367797091874,0.005753557945350995,0.07352812514874581,-0.0012869919699189914,-1,,1
1806,0.5409688962495873,0.042046404454257676,0.08240980699277883,0.1693513162997918,0.0009669399828368409,0.1642566360207475,32.69640455005393,33.93315722086423,7.8709755412029745,7.8709755412029745,True,99.26955572339509,7.117592957485944,7.300610844114255,0.0026309534282081422,0.09412025545395016,-0.0011895753163590496,8,,2
1807,0.7826688241928232,0.11263666952495632,0.033022983501734465,0.01856428803372336,0.003902442441315867,0.0492047923054466,43.17923996253607,34.14152885630312,6.928818302260409,6.928818302260409,True,81.85181896263137,7.455740710398121,1.9984155347246995,0.008413866087408765,0.06497803181763019,-0.0008412987459235455,-1,,1
1808,0.2452970248151637,0.12120593497383596,0.01640292370312551,0.44025504249163305,0.1140436536184894,0.0627954203977524,37.51949026369663,38.09472464048801,7.920082822370212,7.920082822370212,True,128.75485317906086,7.213488604056844,7.556643979495533,0.004536084842365466,0.16916142112492116,-0.0040934034849451,11,,2
1809,0.7747302705851933,0.06060662610281653,0.08597134704465045,0.05516789016673479,0.00038712267294591443,0.023136743427658826,33.80510941539338,31.46437165985353,7.405968350915047,7.405968350915047,True,82.37423660521013,7.302756332478489,3.18273115387968,0.003192801269386784,0.03846894527680014,-3.126848681934203e-05,-1,,2
1810,0.7591934472267279,0.006167589300652967,0.004043144080758007,0.05188802054262285,0.02176616378087046,0.15694163506836786,31.946074453831564,39.70878807613323,5.85009700777349,5.85009700777349,True,69.29399619323794,7.183344172029819,5.637331989199376,0.002706163181746906,0.08725359119166375,-0.0014104534915292323,15,,2
1811,0.740764527984601,0.0007700342601245737,0.16000466483988177,0.01239712003162856,0.03690778234339313,0.04915587054037102,43.3485109908267,31.019893256550947,7.969028803864143,7.969028803864143,True,91.9190145305722,7.4498253004332495,2.2040396017254618,0.008376325743063682,0.06594465223924773,-0.0008141076017830506,-1,,1
1812,0.5471797609534443,0.23661875348863448,0.0005162229643067485,0.13579794714768365,0.07019918710772287,0.009688128338207976,27.322588526471808,37.44615878258638,7.42955047635642,7.42955047635642,True,92.21382939794593,7.184797254353362,4.35800360321218,0.001610236712531463,0.026708662357990045,0.0008636976384944549,18,,2
1813,0.46147126835810653,0.012000121826517104,0.03302341517268986,0.43322946793988604,0.059039032753334636,0.0012366939494657654,28.91229191163792,34.82780364667786,6.917735233138679,6.917735233138679,True,102.4473929177551,7.12734831678495,6.49443598550326,0.0017914564448601586,0.07872082779430173,-0.0011100909062411166,8,,2
1814,0.5199435363602483,0.022587467989847555,0.19874758701977147,0.15149815424761082,0.002016613973122926,0.10520664040939892,26.97937945686691,39.22327407691921,7.150921656259397,7.150921656259397,True,91.14222058724287,7.0829493911203,6.335388314959898,0.0014812608769191487,0.052718928942866866,0.0005012822016654281,8,,2
1815,0.5364536889733301,0.1774686508423834,0.04429440473599003,0.18061050232169723,0.038860326054531984,0.022312427072067306,34.17882419314061,38.63174328182461,7.023325513442468,7.023325513442468,True,94.45546922043845,7.2916240717303165,3.9498415342771267,0.003437854134404889,0.06952389292766382,-0.0009536008578490107,-1,,2
1816,0.2415225487180486,0.03280424781345943,0.007346193541128228,0.4717428422767141,0.19111879630061046,0.05546537135003908,29.106899907751814,37.30881355767868,7.834360715840202,7.834360715840202,True,125.30395310206946,7.030727858844358,8.81113354586971,0.0017014271306555993,0.12357904970313507,-0.0023638474531219493,5,,2
1817,0.4215704631451,0.0609058075089967,0.016522608736551363,0.4318890486763775,0.004583511934260923,0.06452855999871378,43.139380202822416,38.91821715598378,6.43108865313519,6.43108865313519,True,103.14632076784896,7.357458550302615,5.535661196060263,0.008421347400952671,0.1783396992760697,-0.004475125991109172,22,,2
1818,0.7467697043491538,0.04757763455384347,0.08396257783608377,0.004240780233321628,0.04638682921533237,0.07106247381226503,42.54736730469102,34.328282492600025,7.173222056014927,7.173222056014927,True,84.31002119730445,7.426898149120237,2.6132534514033376,0.007942292723605231,0.07937342781298906,-0.0012623910221758441,-1,,1
1819,0.29076620198264863,0.07430318025944921,0.12382028328961443,0.39234128650908817,0.012827822350193387,0.10594122560900628,35.87747119383244,39.24334819872986,7.610758987015598,7.610758987015598,True,120.01242221386028,7.176047377179704,7.616433908789853,0.00381739596907201,0.1474207186002159,-0.003210621404143059,9,,2
1820,0.39128117193094925,0.08369676575863301,0.010457420372290646,0.33267198638027157,0.08826057451537261,0.09363208104248279,36.79831909163593,39.68094158578406,6.986785838713574,6.986785838713574,True,106.31437689841084,7.222617737730028,6.817565217714046,0.004320051824007543,0.14185014919988945,-0.0031129607476444907,13,,2
1821,0.4296138420701673,0.09752403942865226,0.12915334620980032,0.2567605408717066,0.08341855487537687,0.0035296765442967507,32.99871911377962,37.597558196037916,7.649114515678659,7.649114515678659,True,108.1567450910741,7.256448653814076,4.648733772993255,0.002969941013428229,0.07757761603413253,-0.001180785350291187,22,,2
1822,0.6174290302811056,0.07739987036115231,0.01340215872869602,0.16701385794920925,0.030991099946241225,0.09376398273359561,44.722515013897294,36.80682753885779,6.746050895047191,6.746050895047191,True,91.0440413923484,7.415916864782562,3.957978022945877,0.009903783681644636,0.13814381197396866,-0.003086467714458088,-1,,2
1823,0.6463358310263626,0.04278246360834483,0.08479430312321007,0.06411626565627715,0.010088233175277333,0.1518829034105281,26.676168547017138,36.673828596480334,7.067171504028424,7.067171504028424,True,80.56869280469449,7.052074874605856,6.684571026887837,0.0013963162707431806,0.05576556739170997,0.00036715010155748503,8,,2
1824,0.7585992119673313,0.16770803230781822,0.037476403010165915,0.015974239375049618,0.01833444452934111,0.001907668810293886,41.15843293513409,37.23113787121032,6.561762223155245,6.561762223155245,True,79.55457753478272,7.457605893609797,1.286554348572544,0.00689817423712553,0.03769064453281028,7.527919069239783e-07,-1,,0
1825,0.5570099319483424,0.12603732818456453,0.14838673626466425,0.026381994387341866,0.008267721215958828,0.13391628799912833,41.095850119588086,39.31077582000941,7.591057436121053,7.591057436121053,True,95.39057749306421,7.345731636475505,4.264559529946855,0.006945403336036057,0.1094772924038765,-0.0019648801524883917,28,,2
1826,0.32840673989035535,0.02589060823276539,0.09723727729981191,0.3632023647045064,0.10717596511608594,0.07808704475647488,27.83762004477992,37.63645490543712,7.735356318795805,7.735356318795805,True,114.58879671650314,7.030425671551967,8.099526577630307,0.00150666491728075,0.09397831660625472,-0.0010087951098161308,5,,2
1827,0.1027413954260414,0.01187313693273771,0.12339227769085157,0.7144659410001982,0.03070570392398683,0.01682154502618438,42.63676861734187,39.861027516422695,7.151930026229422,7.151930026229422,True,135.9697456472159,7.302959283422593,7.524429293786848,0.007791543559672981,0.2429702722611377,-0.006665710911633922,17,,2
1828,0.1240039593245772,0.008944003267791692,0.05969716024635947,0.6325004444870802,0.03441980859815073,0.1404346240760407,39.46419038426404,37.69628817544758,7.7591845430787085,7.7591845430787085,True,140.32908661261294,7.136798602075635,10.222101930780756,0.005185012445833409,0.2242590049309078,-0.005822850464955565,7,,2
1829,0.20988743635872423,0.021893933574295362,0.005475300149915817,0.6912678222159061,0.03961407830701809,0.03186142939414045,40.81354591575462,36.386713734463655,7.046587184116516,7.046587184116516,True,128.43636687594008,7.260154349379728,7.7915955252152145,0.0063323395368006605,0.20579349320303159,-0.005532797894323407,14,,2
1830,0.551943855865053,0.17128403474006784,0.12594116520329793,0.08922583331243852,0.023605629942389406,0.03799948093675312,37.953996909679866,38.86215205115789,7.412051881594704,7.412051881594704,True,96.11701598397822,7.3673029669585794,2.907053538611071,0.005110768594179694,0.069122954087328,-0.0009518897603220532,-1,,1
1831,0.6526943067455695,0.21477666633691805,0.05019832454711456,0.019059703454899077,0.04870603755807777,0.014564961357421176,38.101089620358394,35.15065487495585,7.744604506989746,7.744604506989746,True,91.90238060148121,7.3974925954427375,1.9893511348411328,0.005077519615247538,0.0414574868268078,-0.00012253611911816856,-1,,1
1832,0.3722706017761515,0.0712000129143712,0.12884693785539564,0.225654917520762,0.17527274540322405,0.026754784530095593,41.78373864226977,39.30838351714074,7.9844251109315465,7.9844251109315465,True,117.4402201172331,7.380593965443088,4.381896326884199,0.007432520069163433,0.15060383556729345,-0.0034788039279741363,28,,2
1833,0.7675403646781657,0.02921930323138348,0.011976230437263093,0.16283836511608427,0.01147603106488735,0.016949705472216227,25.45971017359211,32.3405305779491,6.727923623496722,6.727923623496722,True,76.26983642693808,7.121218494429445,5.096384213309497,0.0012473664799041312,0.032806749010791315,0.0005279073476081498,12,,2
1834,0.5384397471065573,0.13040043872037804,0.20402971230702263,0.028720198306468863,0.061927679485143106,0.0364822240744302,43.824462413869966,39.50578446921409,7.81095541760482,7.81095541760482,True,101.44394871917585,7.473580579227723,1.7027708126308905,0.009062615146489044,0.067401879850706,-0.00069750331820653,-1,,1
1835,0.5091205180407388,0.17680680521805203,0.030339426116323585,0.2205255444559833,0.04792103457875509,0.015286671590147082,35.01253044466161,34.790028410075195,7.78309346337623,7.78309346337623,True,104.48231236579878,7.2876611721468185,4.327314950290811,0.0036337539677370064,0.07693780234016999,-0.0012220557769518745,26,,2
1836,0.44639383689340795,0.005690304998022561,0.016933773494479554,0.5173391747288684,0.0030548568644063988,0.010588053020815105,31.142990677877638,33.44369313181747,6.900096674742458,6.900096674742458,True,106.65157461616745,7.144052490645369,6.836443761199047,0.0022537823716319927,0.09666886465770012,-0.0018767885108427963,9,,2
1837,0.6051640097001864,0.09590527162799892,0.0005380236779571567,0.0663790244249079,0.09724934387878398,0.13476432669016572,31.84402866790392,33.99348680239886,7.925893162067561,7.925893162067561,True,92.43049740853303,7.145327020236576,6.383509103296623,0.0024679162864073706,0.07547021655299783,-0.0006010405639366664,9,,2
1838,0.5955915190357959,0.01724234496568113,0.044372049469547176,0.12633548251383772,0.09924452660587028,0.1172140774092679,37.975503682655315,33.650442035213565,7.721029499884434,7.721029499884434,True,97.26984696560945,7.261519734541492,5.769433585424549,0.004815136014723546,0.10975000471236067,-0.002045979932162725,16,,2
1839,0.5989525725067628,0.05107003382541349,0.01190191083714626,0.11660090979775518,0.0038871777139739038,0.21758739531894833,27.994405983849603,35.255470036836336,7.3518286024778305,7.3518286024778305,True,86.96832743954312,6.9890648157241175,8.289042617796852,0.0014902095050338023,0.08278891465949396,-0.00040204180054426045,6,,2
1840,0.21661331484846194,0.013969552390964049,0.029447046688782733,0.6449095532182302,0.0018662009580107887,0.0931943318955502,38.29256044616953,37.70149624367244,6.965136446777197,6.965136446777197,True,124.63241869257315,7.181190796365792,8.700785668005794,0.004788681982687184,0.1905377072919167,-0.004885236953792026,9,,2
1841,0.447096850339424,0.11923874939244762,0.09846019287226877,0.22205741527492343,0.05286188002074238,0.060284912100193766,27.86320428941584,39.269187453761646,7.347151785969126,7.347151785969126,True,99.66877705481058,7.11836330226851,6.09124431662024,0.0016506246876424062,0.05961371234668844,2.9006541888244383e-05,8,,2
1842,0.5414183626586944,0.1546000278264607,0.026464176594363585,0.17737581952348516,0.08042243553458284,0.01971917786241331,27.04132403850362,39.37221065410159,6.845206445441669,6.845206445441669,True,88.91580661505701,7.160589967136231,4.953756330613825,0.00156646445582187,0.040804737586513734,0.00043271442040907545,13,,2
1843,0.11679534351143965,0.08379171563712398,0.09652073471035323,0.6398605545989873,0.004413591687565654,0.0586180598545302,39.28329160827447,39.58413192876462,7.541406809212362,7.541406809212362,True,137.8252701796956,7.218903765252469,8.29160758564444,0.005415716822571314,0.21011225178384446,-0.005559511407448836,11,,2
1844,0.6549691282324854,0.009677011321689369,0.015023252095730863,0.13226773624798568,0.1722470443374487,0.015815827764659878,41.534648842434365,32.021280203377216,7.647723730160189,7.647723730160189,True,97.09615557463745,7.401619947262992,3.434022191286902,0.007057511824126772,0.09889454040146205,-0.00198226289408536,-1,,2
1845,0.38377950402700445,0.0025880679195841735,0.12143693439258034,0.33100181100655707,0.12222170858895026,0.03897197406532369,44.63368765904095,35.37753223494353,7.959838595280055,7.959838595280055,True,120.55083977886113,7.3906821138004215,5.143125326076334,0.00961133862908308,0.1810499698602076,-0.0044562465209125705,24,,2
1846,0.22693105442414419,0.045527984203002844,0.0059079269968101275,0.5225184884026662,0.04180027998481229,0.15731426598856454,38.487019696969185,36.55281903669361,7.76256944693898,7.76256944693898,True,130.45975949423365,7.132534217146644,9.719075677689391,0.004699221887635458,0.19649647255914252,-0.0048221276436068395,7,,2
1847,0.302301835429316,0.04814889468231238,0.030172852095218274,0.5720416403893076,0.011695876514639554,0.03563890088920626,34.37431026687102,33.288797342683125,7.678722313577946,7.678722313577946,True,125.74138019599725,7.156246689744795,7.7237447934465235,0.003126753740464877,0.13509097368953796,-0.0031953954755221553,8,,2
1848,0.6805798347013777,0.09350381896143112,0.02771762999952783,0.10671793943385974,0.09146186208892482,1.8914814878756607e-05,34.294781034874376,35.61351766691025,6.895539127987499,6.895539127987499,True,85.13391755106763,7.318765470692326,3.225188318786199,0.0034641837319825393,0.05342796267338602,-0.0005398847380569092,-1,,2
1849,0.43204077254095674,0.055885627226346185,0.09260574092311435,0.1489605900952963,0.21015844912538875,0.06034882008889763,41.501563191111785,38.6858216661066,7.99383717134541,7.99383717134541,True,111.29832794433933,7.356208459083326,4.794288104615309,0.007174068843662116,0.1439753883000728,-0.0031521939928571678,25,,2
1850,0.20802419229582814,0.0856876316840986,0.03699938485546487,0.5260786125533613,0.1353983097478853,0.00781186886336171,35.58395970462769,39.46570520612212,7.455457993572606,7.455457993572606,True,127.5632116994087,7.216357379304107,7.092222984063275,0.003773873234602613,0.16122540742275782,-0.004042321064981926,12,,2
1851,0.7225217033902052,0.03383591718479385,0.026895110161361258,0.04283743864788495,0.0009772643016908971,0.17293256631406392,32.74346341488484,32.22580967173651,7.525478366538603,7.525478366538603,True,82.9284938950495,7.154689000684664,6.2913075111365035,0.002708147834512206,0.0781456583856667,-0.0008813645591101937,11,,2
1852,0.5844966270317026,0.02076044416950141,0.09412442433021272,0.08072014219806498,0.08142354219388573,0.13847482007663253,29.522926971178784,39.01818855067381,6.989414119238989,6.989414119238989,True,85.67617244356776,7.112351232566702,6.48468076010583,0.0019773468384909846,0.0726088488022226,-0.00037640596144851413,9,,2
1853,0.48202176735283125,0.06627804134098698,0.03486663558098431,0.2567625830882932,0.07524542061317094,0.0848255520237334,34.12215623888777,36.601894237799364,7.295456518657845,7.295456518657845,True,101.66915660423514,7.196102013579599,6.361020494001013,0.003226138616963769,0.1044997931151206,-0.0018569209371445176,11,,2
1854,0.28573453585915154,0.048914102484884,0.002844984935604468,0.5231111283301859,0.019206070595431765,0.12018917779474234,34.74918588280731,39.79793571364932,6.711467156837296,6.711467156837296,True,112.95335975040071,7.126041433206149,8.584337147954798,0.003314827591003371,0.15776774274781438,-0.0036248124641202304,8,,2
1855,0.4598168362456659,0.008679213916817533,0.047890387375511094,0.32153937751001543,0.09096087737438192,0.07111330757760813,30.393907046054103,32.857389717373124,7.90365042689262,7.90365042689262,True,108.84694064845267,7.099209721269417,7.312739394130009,0.002017568620791212,0.08835840430489979,-0.0011825209774663948,7,,2
1856,0.6648250831556074,0.11881126572844974,0.05569137775382442,0.14447126962984877,0.007452457096822831,0.00874854663544685,29.955928175446992,36.208768757972905,6.740646273617534,6.740646273617534,True,83.01412829882635,7.2372192498268255,3.8850551821849817,0.002173538140170318,0.03859989393397767,0.00012105788956355806,-1,,2
1857,0.4511596084817587,0.033223016810790214,0.1846544448678378,0.22947113064084096,0.008450200238077304,0.09304159896069483,39.81441331641049,37.78770435747019,7.5361306934366645,7.5361306934366645,True,107.07581685079519,7.306281357141336,5.366619409734529,0.005978999686662472,0.13135235986055657,-0.0027966956065099556,20,,2
1858,0.6047297572523678,0.1699052635742374,0.06999818433559098,0.02420004764439783,0.03508813414600421,0.09607861304740185,37.13464044730806,38.75872369034715,7.3052171646607205,7.3052171646607205,True,89.2807158786562,7.313201235974923,3.929255488656115,0.0046743582975352395,0.07726388120356305,-0.0010394805696535099,-1,,2
1859,0.32836102292484276,0.01314526832739532,0.013379854204846761,0.32472695915112165,3.3409297398650484e-05,0.3203534860943949,43.74367703860959,36.78793495554327,7.9423674264305895,7.9423674264305895,True,120.86999232480761,7.146404633070419,10.833560926792718,0.007872699251159201,0.23456837476208534,-0.005429380892037157,8,,2
1860,0.4157235595576461,0.0036681498638155945,0.12753623411503426,0.40830763862802055,0.043971984788594036,0.0007924330468895485,37.63861727154589,38.145097079825334,6.76593679412729,6.76593679412729,True,106.22060496716317,7.310492246802416,5.007277416141237,0.0048447013799087155,0.12764426608319665,-0.0030031297562216957,23,,2
1861,0.5829754289068657,0.044338793691915374,0.028757231773437076,0.05065280560672572,5.8510308737244755e-05,0.2932172297123189,36.86594692790077,36.86284589673082,7.4725090473286855,7.4725090473286855,True,90.97189643843559,7.123899356920566,8.356044068947943,0.0040962695848844495,0.13657922606653392,-0.0024262915761926233,8,,2
1862,0.5662930760436886,0.06807950681022919,0.12594229156226258,0.12231459281935021,0.0768119649836212,0.040558567780848244,36.962834949535825,39.15668321936009,6.982280577264919,6.982280577264919,True,92.33931667338176,7.333352402194416,3.6771948192023687,0.0046201196625979294,0.08221771353331403,-0.00136161745003908,-1,,2
1863,0.6012949571806535,0.06668878401199319,0.05113094615766266,0.0878812497035151,0.05237179259876762,0.14063227034740788,29.290706040394426,39.95092974879315,6.675071761002077,6.675071761002077,True,82.22284330279656,7.114740508390199,6.368454061403525,0.001951126917629088,0.07239333538523063,-0.00043211344249610543,10,,2
1864,0.5647744100158718,0.19077700260190888,0.007555420198875431,0.08462696407977112,0.04192304185794904,0.11034316124562384,43.85512331453103,37.572446702847685,7.473728992896614,7.473728992896614,True,96.79494469739026,7.396976495133746,4.002120439911874,0.009090564487360037,0.12898656627494476,-0.0026630314957456457,30,,2
1865,0.5734422067111928,0.10601174424441291,0.11686098968318968,0.04912963517392202,0.09724627257462644,0.05730915161265607,40.957629754940925,37.7520587034165,7.617282581337516,7.617282581337516,True,96.79855378285548,7.396691063463721,3.0804238361768586,0.0068702151575298276,0.09050654197299816,-0.0015509641351667955,-1,,2
1866,0.3424958282089824,0.10660535107455522,0.057850269559484434,0.2622205721276975,0.1427712226099464,0.08805675641933415,28.467185191272492,39.64377473725118,7.886866566821875,7.886866566821875,True,112.47770272202358,7.0617643737983595,7.621608839276949,0.0016753578619440746,0.09036724984561549,-0.0007952190109206528,6,,2
1867,0.46320294722079985,0.18223079710754014,0.03759440358822961,0.22622675478701398,0.08646506987258865,0.004280027423827889,34.08858144556861,35.56041647481948,7.979623209716428,7.979623209716428,True,108.7147284070808,7.276866072643593,4.390171757986822,0.0033047564366423246,0.07548308394830948,-0.0011520662919050724,25,,2
1868,0.5510751360871717,0.12139470422366457,0.016034904151088908,0.29991389376861993,0.008476238691017782,0.003105123078437144,41.546121014098674,36.90448110312491,6.615376642852828,6.615376642852828,True,96.56464895542597,7.406799947352702,3.4448610712880976,0.007276311362635819,0.11646766044665653,-0.0026558126542512626,-1,,2
1869,0.6566402686998657,0.037055740024200146,0.09558715411985877,0.04841075386848773,0.05867647451153914,0.10362960877604864,27.78990366154274,33.14933047113239,7.852323177086573,7.852323177086573,True,86.09303862386655,7.106777965369875,5.860555106849266,0.0015808073764815769,0.04310568203992174,0.0006088441080425652,9,,2
1870,0.6690464102054955,0.1182191768143844,0.057276018714408065,0.13524445293747964,0.019492763081936974,0.0007211782462954599,31.800084409841972,38.41816089935522,6.370527283737625,6.370527283737625,True,80.72465396303359,7.2855671971613285,3.3153135102291356,0.0027163122351493985,0.04460406346409115,-0.0002156882956301041,-1,,2
1871,0.5819547594729473,0.010561028914074087,0.07435249701070545,0.058496197580022724,0.04097345167902392,0.23366206534322642,39.71219431236098,34.5941146453998,7.9633022632015935,7.9633022632015935,True,97.26418436728389,7.21267516509478,7.298655147545902,0.005604610190465221,0.13730596657771219,-0.002593473392379887,11,,2
1872,0.5205452378387159,0.021500267306039492,0.18069480912742805,0.1034470290756998,0.17339762518580631,0.0004150314663103829,35.80656301036233,36.95093840164567,7.918774623884058,7.918774623884058,True,102.8609646264687,7.338169830951978,3.271988587281539,0.004045268700306765,0.0662013132468517,-0.000855178502452496,-1,,2
1873,0.7987253344589883,0.1338868917482033,0.035249453814398,0.02828129238515671,0.0007127978711593153,0.0031442297220941866,30.9183437235806,38.177316386663506,6.097290806980006,6.097290806980006,True,69.9002170749691,7.29677279266721,2.581816610557623,0.002510136821430692,0.026626598766069254,0.00030761562885767813,-1,,1
1874,0.6422128125191063,0.14632117460901164,0.022565172292669165,0.023716059343119496,0.061172667472404144,0.10401211376368914,37.722663117845215,34.89383560333175,7.738888618313462,7.738888618313462,True,91.08435827781568,7.304635900292872,4.348548070446697,0.004832782465240948,0.08262800173414482,-0.0012015196138115685,26,,2
1875,0.49260889661755713,0.14544640858486893,0.1023851466421305,0.13332406843977737,0.08059105122198663,0.04564442849367949,35.02257981394749,37.11128021794755,7.963785216384384,7.963785216384384,True,104.10340428824425,7.282456891730382,4.3431495821523685,0.003682458578779236,0.07521185780545014,-0.000993643726034213,26,,2
1876,0.47645487345463705,0.06687178335099149,0.15028002419521813,0.12364046841744204,0.0688598776377914,0.11389297294391988,26.240254689741228,38.99147719799805,7.716337200412738,7.716337200412738,True,96.88104200502268,7.045085005079369,6.859146681082315,0.0013226380144651475,0.0522168591179462,0.0008786299321141993,6,,2
1877,0.5459670690537798,0.013742393406182435,0.2259486656653102,0.06841776932639655,0.1346161272697278,0.011307975278603326,34.14267283094777,37.73111649876569,7.77458742652433,7.77458742652433,True,98.08516271683204,7.316785158500687,3.1711928256462847,0.00342080939411311,0.04925368445056171,-0.00024389967557509823,-1,,2
1878,0.43620824741264586,0.12566313003329566,0.05073457486009398,0.1519254190261909,0.027895928670030885,0.20757269999774278,28.336696806098544,38.429848957158434,7.928922235520445,7.928922235520445,True,102.13928744908874,6.971947052227943,8.804418320377044,0.0015318364258682766,0.09239200283109934,-0.00029173659292815586,5,,2
1879,0.5044423199136742,0.04784122052507752,0.03176284311472328,0.16653634212727397,0.05643780969785555,0.1929794646213957,27.122702321442585,37.520341602845136,7.366011401238215,7.366011401238215,True,93.52032771172924,6.965041185264369,8.614151576062023,0.0013378908896679814,0.08493608563505838,-0.00019117326343627393,5,,2
1880,0.7126584803612465,0.0037719622691936264,0.09140038718422565,0.11721993056567825,0.07005125066564369,0.0048979889540123915,27.60395663801234,36.075103475806515,6.542190700305547,6.542190700305547,True,77.67437455065128,7.195457933335737,4.209132640161675,0.0016768490757024291,0.033647430132445,0.00039487675735594023,24,,2
1881,0.712532594526012,0.00835923087388597,0.11575963138477084,0.06141523006231644,0.10161055554054287,0.0003227576124718991,26.4793936764764,35.68893678124599,6.881103191952059,6.881103191952059,True,77.83963212897017,7.189179051465843,3.944149796990317,0.0014790197881220347,0.019687530961174263,0.0009746402312053216,-1,,2
1882,0.4553851990767814,0.0037523279814262143,0.08592497999909113,0.14434541039139362,0.005120393031975477,0.30547168951933235,28.510389962152736,38.09381833171125,7.738353273860754,7.738353273860754,True,98.75870295049484,6.859585246049629,10.568015213625598,0.0013610345217896236,0.11851815236151203,-0.0011021892041856312,4,,2
1883,0.6054425583159841,0.2832088200053287,0.009450435571682774,0.01806001258020216,0.05220021736759703,0.0316379561592051,28.12430432153669,39.4855118944135,7.275509566496297,7.275509566496297,True,84.65536781817482,7.222559148240773,3.489115318255712,0.0018171098511845728,0.01405343222575093,0.0012345561982172067,-1,,2
1884,0.6508668393046255,0.09019223048612582,0.0436179008945192,0.13333247160923395,0.0728503857636329,0.009140171941862564,28.65763439702191,32.77483910059089,7.574679583337122,7.574679583337122,True,88.9038731932811,7.192662612609363,4.482484531723055,0.0018045515343715404,0.033220505912118,0.0004750595122508934,18,,2
1885,0.40577035701141284,0.002547606090574787,0.1910362613115116,0.3262872248713684,0.005197528823661524,0.06916102189147084,31.780902236624687,35.315769293476066,7.853842424237733,7.853842424237733,True,112.3336289422857,7.147454760119463,6.699233269170695,0.002443508605361103,0.0922326470022636,-0.0013752311346384737,8,,2
1886,0.6211875540975433,0.26367894030611955,0.02650146796556251,0.045950969497210975,0.013865217564867466,0.02881585056869628,41.031581757210894,35.01037685367673,7.892863683207345,7.892863683207345,True,96.63729013790491,7.430355320600447,2.0080453192428007,0.006795904573500921,0.05754438389352228,-0.0005823892229587384,-1,,1
1887,0.7572748059150681,0.03278068486338141,0.04488002293076026,0.14868962278202033,0.0042364537711135925,0.012138409737656442,34.35597213389179,38.24284700557362,5.8067802391560726,5.8067802391560726,True,74.20317527565375,7.318621480788527,3.292568934420736,0.003580822714428936,0.06364051616425055,-0.0009828374565998383,-1,,2
1888,0.6397121345217148,0.23214138384643584,0.03825719631586412,0.050124019489317245,0.01862062594115018,0.021144639885517784,28.992899867807903,38.9918850448432,6.917025805614243,6.917025805614243,True,81.89839232758081,7.242709614327728,3.3148311030127693,0.0020051575259355378,0.02007537121848143,0.0008592876125390227,-1,,2
1889,0.43300721798216085,0.008948947633145146,0.08925735466377542,0.20360658585055527,0.13893598486623526,0.12624390900412813,37.01889140275935,36.60109931026338,7.98386190133362,7.98386190133362,True,110.59932975050155,7.203899961314729,7.097494325456491,0.004302734527159087,0.13322759072362664,-0.002624305082170202,11,,2
1890,0.5421791434972931,0.03504071522184865,0.20064448062718926,0.09734958940868849,0.005184787797909457,0.11960128344707101,29.734893302475626,36.15599469657246,7.900618365356625,7.900618365356625,True,95.67510976627379,7.126662594726684,6.077814440650375,0.0019906649986227735,0.05775586503030853,0.00016696330242631552,8,,2
1891,0.43115395451933675,0.015355512827048123,0.028718055671462774,0.37751637905666424,0.08183206354219859,0.06542403438328939,26.672007745344054,33.748029326786,7.6046360428595925,7.6046360428595925,True,107.01933147873599,7.0104726760672715,7.946214909761736,0.001278689916288385,0.0759590647988179,-0.00040912940243092213,6,,2
1892,0.6498265527103317,0.1475024594511324,0.0025825563721974,0.08289847571065227,0.047597750134517273,0.0695922056211688,29.74728314175145,37.950248720741854,6.768131759162804,6.768131759162804,True,81.238150820596,7.191411884222671,4.816399845723783,0.0021139498811565114,0.051208851083179144,-4.692833973209681e-05,17,,2
1893,0.49026483191816833,0.048221489063785,0.1299153050520245,0.2746766846823628,0.04129972812788354,0.01562196115577577,35.025928475085095,35.606885214262824,7.426041721869521,7.426041721869521,True,104.23306250164617,7.276232374589937,4.726843210763413,0.00364134769810741,0.08803583145475817,-0.001596449118928007,22,,2
1894,0.33311234302697484,0.08924337404066095,0.04369645894611426,0.3610401136847932,0.056646835761691626,0.11626087453976511,44.30070382014825,36.25383299016214,7.991698733194147,7.991698733194147,True,123.38176223065787,7.313563221809125,7.047818762196031,0.009079027955325948,0.20254660696127663,-0.0049508463617754465,16,,2
1895,0.6228264766774232,0.0058929697694433195,0.1468078016467304,0.11618265371499502,0.04836948993135439,0.05992060826005362,42.22237157972612,35.15357876626942,7.331839737293583,7.331839737293583,True,94.71967861249719,7.402906140037638,3.4050025419551027,0.00769267509118805,0.10382809752285824,-0.002046403370346142,-1,,2
1896,0.5895822721650446,0.02700896959448465,0.022534289153484637,0.09940572842666691,0.11755594087130009,0.14391279978901922,32.32122802278275,33.84888311091618,7.852172779245648,7.852172779245648,True,94.36360867886656,7.133239175888511,6.885996694689433,0.0025630784676585034,0.08716933039721439,-0.0009929448321724585,9,,2
1897,0.3096532683455094,0.03859576286173597,0.07066726995483702,0.4097679485888108,0.002325849442250787,0.16898990080685602,39.62869369171486,38.62571032584448,7.361800500235194,7.361800500235194,True,117.56057554410299,7.189370707509995,8.547635478523985,0.0055300692949419705,0.18451539264897243,-0.004320014277626688,9,,2
1898,0.5307403793316167,0.052703602534348734,0.09566802743134446,0.24142884418305105,0.0018063895653265877,0.07765275695431255,27.233294413142307,34.213262248510325,7.5475612750858305,7.5475612750858305,True,96.71709684436931,7.073182715638836,6.651269544440956,0.0014511879208020228,0.05619709341219235,0.00019539803624254589,7,,2
1899,0.4696438493753197,0.062157035393813065,0.007424510727886704,0.2493541778161429,0.16413871266185298,0.04728171402498468,37.58554556992745,36.21341847744462,7.5053872741414285,7.5053872741414285,True,106.2172926273502,7.280650922895307,5.569879032527494,0.004715798185521549,0.12245506769700563,-0.002607121881602378,18,,2
1900,0.7121844180635158,0.024815785391443874,0.031764554405968065,0.03868914159741876,0.08802329145628228,0.10452280908537122,27.707530542879113,37.092448969292796,6.644581707468339,6.644581707468339,True,75.04809949106733,7.125105891788056,5.632915581253801,0.0016522903202614212,0.054107979264959936,7.917532138307733e-06,12,,2
1901,0.5689849598822592,0.04440180726363288,0.00535382854492808,0.2972960971415836,0.03703348133464892,0.0469298258329474,38.61987050882392,37.99669255085864,6.263696557595446,6.263696557595446,True,90.82473804651224,7.3212064089001565,4.805936152496639,0.005394906232181301,0.12109939991798678,-0.00273224384821962,24,,2
1902,0.5701883268913492,0.08847119892965505,0.03482880079742055,0.1825270800568069,0.022150631975708466,0.10183396134905974,33.377127339493384,39.59053252824029,6.5141110155113715,6.5141110155113715,True,87.21557414626159,7.209768052955572,5.655579754030451,0.0030980296774740053,0.0911306873063682,-0.0014372597657140718,15,,2
1903,0.24831475662390437,0.05161189803626671,0.009160011505631187,0.39684611364099487,0.04298586612434641,0.2510813540688564,29.055524595258298,38.5516903585037,7.904949134766556,7.904949134766556,True,121.44634981367915,6.811129879224153,11.828715573803235,0.0013094280073009015,0.15735219660281594,-0.003644973319178192,4,,2
1904,0.5733124197952564,0.2067481843242047,0.09957688654495687,0.07903195171346135,0.00587335698544243,0.035457200636678295,34.93268402072687,37.247553112404276,7.623630939079757,7.623630939079757,True,94.88826846856468,7.320548830828379,3.1283018400209395,0.0037082176354246584,0.048913327880626155,-0.00025759239486945295,-1,,2
1905,0.5000956717043882,0.054945776447549756,0.00288754956196374,0.081030252358134,0.10369869124706073,0.2573420586809034,34.84492208736185,38.91371725459273,7.580000867619673,7.580000867619673,True,96.82999133185233,7.084580111442878,8.752633861320135,0.0032839869434827854,0.13547267163888382,-0.002245175946176507,7,,2
1906,0.6764435378564643,0.044039411726797074,0.02821087738515231,0.011996136948194243,0.21520805288762998,0.024101983195762122,43.547412466427026,33.929967144554496,7.713647952297265,7.713647952297265,True,93.43339398654427,7.457917265838193,2.3450768954181256,0.008708732512767835,0.08230519185573412,-0.0013097328996195775,-1,,1
1907,0.554948944112602,0.047192425538805705,0.05177684654564523,0.14779706564343137,0.09185702098371841,0.10642769717579746,31.617080756811024,35.23960052954374,7.599383796889267,7.599383796889267,True,95.629006048815,7.150523138470862,6.377982111526956,0.0024309505580182686,0.07990805668734355,-0.0008289303377437859,9,,2
1908,0.499576850342042,0.00034454086453353656,0.1578616211282164,0.30090721953050403,0.02963095975713256,0.011678808377571457,34.778253407422824,35.463569648782425,7.235899000038614,7.235899000038614,True,102.77852685323816,7.270422039809576,4.823748966242038,0.0035425456205226,0.08868040176315309,-0.0016427739008309423,21,,2
1909,0.6955051520245129,0.06314828951175325,0.052533443062981716,0.04594123221507952,0.023667344825433045,0.11920453836023956,27.354367415354048,35.655520376767846,7.021437928412946,7.021437928412946,True,77.98236250128583,7.103479834520881,5.852058295292791,0.001550084343387891,0.04903618049860163,0.00031134144474366374,10,,2
1910,0.7673859104551204,0.12217263672861849,0.007004999044461229,0.03818338360133451,0.025582183025904925,0.039670887144560595,27.599784481621406,31.573518616696234,7.495519863631879,7.495519863631879,True,78.07911928121716,7.17480018863824,4.3284642347532865,0.0016023927434255074,0.02400627891152739,0.0008165133830479444,19,,2
1911,0.46010394485984873,0.03396246542796073,0.00415098024966313,0.49030695739869223,0.010822809807980735,0.0006528422558543932,29.79453048013127,34.49853326378512,6.7352932352139705,6.7352932352139705,True,102.70046628099995,7.137674461617062,6.562962613053687,0.0019717931513652588,0.08608584737294658,-0.0014679314813094465,9,,2
1912,0.46972935011813594,0.04346488162951344,0.019119328573410005,0.3188015271504966,0.022448636155657425,0.12643627637278668,30.96668874782689,33.86883260545608,7.586423892774349,7.586423892774349,True,104.95701696423558,7.07516661279027,7.915616730350032,0.0021245215815995037,0.0994711772129566,-0.0014473816257047196,6,,2
1913,0.4246473034163616,0.11368440918485667,0.012129504123409652,0.2597757351052364,0.11117080854351509,0.07859223962662049,39.28072857048964,38.70372565239527,7.339488450975701,7.339488450975701,True,107.14616944788995,7.290953643472343,5.830634216767014,0.005659679505354298,0.14305141051367645,-0.0031881502554299713,18,,2
1914,0.6488861307388996,0.04805898219694631,0.06326802887628448,0.17417091254144584,0.018719542716851962,0.046896402929571895,42.09725966998441,33.870405917807034,7.113608713984672,7.113608713984672,True,93.45462527447172,7.40064973954726,3.5142592800202705,0.007550764920022201,0.10543963762876442,-0.0021869943022572802,-1,,2
1915,0.3921267373033525,0.0828976825021552,0.02814136518880126,0.32520052417989587,0.12464269130173393,0.0469909995240612,40.65027919940216,38.05273598075387,7.35609789993352,7.35609789993352,True,111.81540072842996,7.324383357389118,5.585525741271133,0.006514205391223443,0.1573437627183255,-0.0037510716653916597,21,,2
1916,0.5981236461772542,0.08939853993862838,0.02067150898149922,0.11208124044394095,0.044645980350544665,0.1350790841081326,29.896039812350786,38.41763292451663,6.840961873076804,6.840961873076804,True,84.70423890373407,7.122055396674958,6.407261334438392,0.002062212800160154,0.07478878162169482,-0.0005686415292418737,9,,2
1917,0.3959282670938687,0.07569785414379065,0.14924366489138385,0.19202466120703754,0.18101535529693238,0.006090197366986841,37.405796710119624,39.93605253430501,7.8957966638302075,7.8957966638302075,True,112.99052493993777,7.33981251135928,3.9946768459866036,0.004807565027218667,0.10641068451610344,-0.002137175988016409,-1,,2
1918,0.5733448426379171,0.07112530035854076,0.10485976756547634,0.0654459467604741,0.08767094127039167,0.0975532014072,38.831481550900214,36.81137903096739,7.654296280174077,7.654296280174077,True,96.197570859969,7.316803139449963,4.532116702053879,0.005453760985243143,0.09987601863531231,-0.0017416109015233247,25,,2
1919,0.5584324586956165,0.12419862852319516,0.1136305363401288,0.04526227326793908,0.13162462321077076,0.02685147996234972,31.322378352852347,37.4733337363188,7.858428177932487,7.858428177932487,True,95.04410793784662,7.257850676410514,3.7179577733055797,0.0025183244077280824,0.03686746782509872,0.00035827713412153115,-1,,2
1920,0.7386852994630021,0.005947016029690197,0.12125931178008235,0.08057004012879572,0.0314508484711446,0.022087484127285083,44.08463076734547,33.521476003409035,7.052921186157234,7.052921186157234,True,87.77537800414507,7.4733813383509755,1.9703333714129025,0.009138113595914966,0.07051270555244035,-0.0010187537648857327,-1,,1
1921,0.8234626051250428,0.0018240877051641311,0.040612875015728835,0.11676646418740458,0.003175288201506544,0.01415867976515333,36.79056996884576,28.614301349967462,7.459509231558773,7.459509231558773,True,84.95656823096657,7.3365717022800645,3.347705612762448,0.004255696134633786,0.05613998506031364,-0.0007365239697729468,-1,,2
1922,0.5485700910155062,0.023511810785327877,0.026532885683108718,0.22128830783112668,0.026931849347016003,0.15316505533791447,34.05228079988318,37.675036716205526,6.7361773849046065,6.7361773849046065,True,91.51031385564775,7.160270754860216,7.030923596350296,0.0031800086768999803,0.11211640648982656,-0.0020025970570572813,10,,2
1923,0.4404787313554679,0.1265083368590083,0.04448903483026505,0.19235562163486553,0.1613023704025313,0.03486590491786192,27.60292252285823,37.87045964287746,7.83657792001553,7.83657792001553,True,103.78162041555409,7.125723719642346,5.934652296693089,0.001593977684958929,0.05552228958321552,0.00015503277494097789,8,,2
1924,0.3966792290677583,0.011718572898966193,0.0803663735962405,0.4187963832223919,0.07845145172887577,0.013987989485767396,28.646551663347864,38.80765457538608,6.698292777130462,6.698292777130462,True,102.67470716349564,7.125300416742464,6.577959520989595,0.0017842977612990895,0.08524391884068672,-0.001217640205373787,8,,2
1925,0.5397139182283602,0.10338582839565985,0.06839406807799651,0.14077808078494325,0.1025099533867682,0.045218151126272074,35.259340788410846,35.901174458142805,7.707299564407913,7.707299564407913,True,99.71294378276468,7.2798449447133144,4.527833326225905,0.0037490507245723096,0.07945026316260959,-0.0011695427389671947,24,,2
1926,0.4864897945658528,0.07251090812359093,0.1560838332459116,0.1823144615372468,0.04174745755779288,0.060853544969604934,33.2357759794721,35.92192368081793,7.939448491671658,7.939448491671658,True,104.71976422830367,7.222776236253358,5.246363216631924,0.002977677466996394,0.07536670459780886,-0.0008885446421036754,15,,2
1927,0.14756784319091,0.05159190144555421,0.006847773786796556,0.7242407991873061,0.05941421813290141,0.010337464256531781,42.990472468228944,34.86480422614173,7.683571922034775,7.683571922034775,True,142.0410237073724,7.29183806370876,7.867111376716741,0.007834873090450663,0.23274815686794353,-0.0064149593028432345,15,,2
1928,0.39909230305134347,0.11595564321550283,0.06753460222596522,0.2729335245409573,0.004170504965881286,0.14031342200034982,36.993264571208385,38.387059494359185,7.547009032446759,7.547009032446759,True,109.57387326791532,7.199309632631214,7.155571313573729,0.0043251424516593745,0.13674369334133787,-0.002768373403209324,11,,2
1929,0.5752640227017449,0.0353942644607257,0.03238102952255407,0.13479456926649452,0.16120631058345997,0.06095980346502081,32.13254279188829,37.78528165428021,7.006116087542264,7.006116087542264,True,90.14555602734183,7.209458273722961,5.362368199203096,0.002695513175242295,0.07719055877387947,-0.0009495558436001076,15,,2
1930,0.9034187401564657,0.02617606077654692,0.019307335723520218,0.026422920802743468,0.0045881313480206415,0.020086811192703172,31.397041689723306,26.963514819546972,7.81464965529972,7.81464965529972,True,76.49836192693874,7.252163417414291,3.56972497594524,0.002360889109919222,0.02833887642429258,0.0002705648696034609,-1,,2
1931,0.21086542140406647,0.041028066487886566,0.059413830693652206,0.5515028942493432,0.02189424178769423,0.11529554537735727,26.71654535266761,37.84313093915514,7.5197017844366565,7.5197017844366565,True,123.61089536127771,6.903193116042724,10.052299183252646,0.0011620576619210787,0.11833277600530903,-0.0017639312836094923,4,,2
1932,0.3886485427314159,0.1782435042696531,0.01581031750917901,0.3043384124892078,0.013170056815222809,0.09978916618532123,29.25038555614721,36.20832819163256,7.929974194189367,7.929974194189367,True,110.99687243591474,7.068667795739317,7.5259873205935595,0.001794716300216871,0.0863678744659523,-0.0008182777152050886,6,,2
1933,0.2266216626954014,0.017384758126919926,0.11064223988793356,0.6111519088048873,0.03410249411394682,9.693637091093587e-05,30.817909259886697,37.75814356950427,7.155403928295223,7.155403928295223,True,123.20680023125733,7.125184864343364,7.505930116909995,0.0021925616941917627,0.12359771874456206,-0.0027898549409577224,7,,2
1934,0.48109599658350566,0.014002338298685073,0.06048126444248141,0.22932571805409332,0.029879278066710174,0.18521540455452423,26.3465427713994,36.67534278146162,7.367412387692817,7.367412387692817,True,96.3324058479259,6.933292357187514,8.931703625294698,0.001179162484435912,0.08361071797867581,-2.3367855485200707e-05,5,,2
1935,0.1622770386830929,0.015160978710100819,0.11302010115140204,0.6126467043007077,0.07480071247556941,0.02209446467912728,41.50782136338915,38.680402733586334,7.467128617365002,7.467128617365002,True,134.38783840289219,7.29101912231414,7.296052313678241,0.0069345443258845944,0.21871722242718486,-0.0058654499778664,16,,2
1936,0.5596864027132895,0.01442242839454833,0.05305464498276363,0.21196609287909865,0.16064632303367374,0.00022410799662616598,27.384249140903314,36.03965283570478,7.087745816705002,7.087745816705002,True,91.90968903756927,7.151639474137684,5.344108824510477,0.0015756822088444883,0.04861647690683825,9.063242145122653e-05,11,,2
1937,0.5213888325608917,0.04123422527571207,0.016290591954287406,0.06106061448007843,0.2197755636190774,0.14025017210995272,39.375646824964505,37.149009916460535,7.940805560088741,7.940805560088741,True,101.3510805813312,7.262874605364094,6.269860804341696,0.005617961769607072,0.1339140294032957,-0.0026035153204066706,15,,2
1938,0.48378115447984327,0.14773162840917342,0.1334854096103626,0.21033244828006173,0.0012822580003734652,0.02338710122018544,36.32784971707057,36.46878591599858,7.738963102427828,7.738963102427828,True,105.79053544688641,7.3174005316051485,3.9165270225997912,0.004228644794113239,0.0805606853321784,-0.0013494235550333216,-1,,2
1939,0.5720872845888406,0.014353655806400798,0.1251490755321693,0.2255396223991333,0.015457606908961337,0.04741275476449457,34.46178179560903,39.530318783390214,6.3475084795286385,6.3475084795286385,True,88.01465262072827,7.26978928784133,4.649885224230089,0.00354311257085837,0.08692158928047863,-0.0015189410183431952,23,,2
1940,0.3549818102893149,0.14466021931216713,0.07714412208741955,0.35930274260610645,0.017113669633459526,0.046797436071532326,38.83934985456141,39.1452148937301,7.337888652566866,7.337888652566866,True,113.676488528478,7.301235007242965,5.51137268211827,0.005443667836755811,0.1426634161788888,-0.0033150038727560336,20,,2
1941,0.43970919820215526,0.10898985111853106,0.05519412914293577,0.23478097900063172,0.12831191927926947,0.03301392325647672,38.97638263168298,36.238852108639776,7.917526833570829,7.917526833570829,True,112.00433158252687,7.3252532862253945,4.81423263678729,0.005491155267228862,0.12199259725419533,-0.002628791976526591,24,,2
1942,0.8530591069499095,0.03380669193871704,0.0009979580428731488,0.0912712876292264,0.004983082810866339,0.01588187262840743,32.24864039848007,30.533777371349935,6.92128829410446,6.92128829410446,True,76.19405696141601,7.267590819182089,3.685285155985074,0.0026881555848662798,0.04340089743029085,-0.00025552409941314273,-1,,2
1943,0.6521373523488612,0.08993822960684092,0.16215978742941745,0.04380891242718843,0.04518907508067076,0.0067666431070214595,32.901169140453696,36.45411007316966,7.326127936811327,7.326127936811327,True,87.09074189045711,7.315490130049982,2.653131578012807,0.0030047447698335118,0.02837952467218044,0.0003558085763965474,-1,,1
1944,0.40145694830530787,0.21144028431022044,0.12141228463558804,0.25722450073469144,0.0011123778715657945,0.0073536041426264164,31.077934539809476,39.915350929650245,7.523071445571619,7.523071445571619,True,107.10498490963671,7.239419503750258,4.38714948138824,0.0024550108029694445,0.06017031935784972,-0.0005383513757375325,24,,2
1945,0.7165738364784838,0.04082188989431852,0.029478131170484347,0.07549465858916514,0.0068378474626502065,0.13079363640489786,38.54266636062999,33.77094843346558,7.090285976102391,7.090285976102391,True,84.62101520939282,7.295395592199023,4.904420879816245,0.005207667503260538,0.09913178319437314,-0.0018298512322014594,22,,2
1946,0.4933651000417637,0.0635940080032585,0.011702684106020291,0.1653930249122764,0.09753714874979129,0.1684080341868898,43.59001515126668,35.07488378506014,7.991303486582722,7.991303486582722,True,107.76685218373153,7.302450537605644,6.694849204733188,0.008446873714904424,0.169911567799341,-0.0037652597224701336,16,,2
1947,0.2570499640260567,0.2044371691699592,0.02626411648689003,0.47454312123207076,0.026682297025647665,0.011023332059375633,43.909695185323706,39.23444609066344,7.482846612215743,7.482846612215743,True,125.14058596857521,7.390659999364855,5.130693379747735,0.009117665811594079,0.20035348447239992,-0.005197545141686605,25,,2
1948,0.7859622624250926,0.06007543520350511,0.007657205808063129,0.11455670277734661,0.0298651245268795,0.0018832692591130317,42.08732518875887,28.52611860843608,7.754161865936239,7.754161865936239,True,91.81365852803654,7.436312644091225,2.4088135929864567,0.007285842789845177,0.06580528584868807,-0.001011157020504268,-1,,1
1949,0.5934805655388466,0.10540481540983393,0.0290019487406684,0.20154649703407032,0.05496526830370156,0.015600904972879257,32.75396217466868,38.1358996266558,6.564495390687329,6.564495390687329,True,87.84546921308802,7.264997409507531,4.252108468021291,0.00295282376999456,0.06780363927580484,-0.0009129295783016722,27,,2
1950,0.09507997841053867,0.05318050648611077,0.08473228898616653,0.6367274604083261,0.022823611476456864,0.10745615423240129,42.40884373209673,38.226184093706536,7.963397152339262,7.963397152339262,True,145.49054235795347,7.216313165563658,9.456595176041635,0.007233746668084983,0.24759575936813388,-0.006557306095087098,11,,2
1951,0.30160906474896965,0.06617734104474302,0.06984182269672083,0.42972379797617327,0.015354772907393243,0.1172932006260002,30.328064733381865,37.9969434556847,7.481427715012167,7.481427715012167,True,116.30714132939876,7.042940282489131,8.644867126554553,0.001975198535180792,0.11968148481353415,-0.0020613770788936252,5,,2
1952,0.479955495457518,0.04180614703492582,0.1627582159778374,0.10130626923687175,0.14092766462941247,0.07324620766343473,31.862076252523565,39.160522361731154,7.806241915486829,7.806241915486829,True,100.89065183599472,7.199938278795004,5.383730740442145,0.0026131744364102146,0.07077469157201946,-0.0005194708780847753,13,,2
1953,0.8366903925154693,0.02958418840753763,0.042984210394452056,0.06942310686323079,0.0019856643376784614,0.019332437481631878,33.503756116736554,38.461105121981866,5.657054673186635,5.657054673186635,True,67.6725732649523,7.318203722294405,2.923118340667967,0.0033130760035204303,0.052026677411843435,-0.0006253125297280764,-1,,1
1954,0.640776806275532,0.0333952670561942,0.02999464538345135,0.009615967995816864,0.2048198119802234,0.08139750130878191,44.420459081246,39.96137195732653,6.774718038926189,6.774718038926189,True,85.98902825200913,7.437975976232942,3.158871445379107,0.009796405507795359,0.11920035476639358,-0.0024049309627874388,-1,,2
1955,0.3173707436733627,0.03268639495365132,0.15564493656416795,0.35197170878885553,0.04218733140424024,0.10013888461572236,34.69527354253832,39.74307313290663,7.526270451063278,7.526270451063278,True,116.06702572530561,7.1686801898365795,7.367250026370081,0.0033940261053816614,0.1340433630084032,-0.0027284054173695553,9,,2
1956,0.47887989808904535,0.007384430541178498,0.05841320982105607,0.3948282684890413,0.025349851029278076,0.03514434203040072,33.96316017295593,33.29905654443123,7.3009213821228505,7.3009213821228505,True,106.74886607798183,7.202002554962756,6.280289040136004,0.003108635026646839,0.10219911962934236,-0.0020327525553114107,12,,2
1957,0.8260512604080432,0.03759169419941869,0.05528954677654824,0.00857368410883067,0.026001409704358207,0.04649240480280083,35.14546947829095,39.609565692681706,5.754527962654296,5.754527962654296,True,67.51154655498763,7.3380272943639095,2.793849921820733,0.003950620104844115,0.05675472349443169,-0.0007361937716072671,-1,,1
1958,0.44544691062406305,0.013767273671443167,0.008536751855909899,0.21732415396409988,0.09499642807412173,0.2199284818103623,44.28333559681389,39.10672034344219,7.187925292053432,7.187925292053432,True,103.46521204315648,7.2722226238846215,7.81660181905204,0.009048653502903514,0.2025587326557535,-0.004682895465040076,14,,2
1959,0.5111033529986397,0.010445890696953347,0.026610176021519216,0.40362692540148654,0.03876272635333567,0.009450928528065637,27.63053771842071,39.041190678626805,6.004279330811381,6.004279330811381,True,89.35491806988993,7.128168212709115,6.149659567448322,0.0016273318137636423,0.07356688094520207,-0.0008893843455994892,10,,2
1960,0.5399578405230009,0.1358587719059663,0.06645943177296659,0.1455512878254561,0.014951788338489657,0.09722087963412034,40.78047913310272,36.14503573115748,7.623879344378733,7.623879344378733,True,100.68527983720449,7.339561711315986,4.631448070238502,0.006607556417303174,0.11766276450575927,-0.0023714559446415765,25,,2
1961,0.39164632780697795,0.10172490331506982,0.05103729386271774,0.23848156343114615,0.06895476078071094,0.1481551508033775,40.69385569193662,38.66591538171786,7.739166612665608,7.739166612665608,True,112.25807839078196,7.254977594344895,7.072351456422168,0.006370443077925217,0.16582336858865115,-0.00367240855519288,14,,2
1962,0.5157318754116555,0.04258805219297965,0.014242927215447376,0.29017135884269657,0.07027485145732723,0.06699093487989356,33.42524219430898,33.97891027797039,7.396643529626272,7.396643529626272,True,101.8803754999919,7.185657934388154,6.377164366310583,0.002940476214502745,0.09661576137649018,-0.001680213446097148,11,,2
1963,0.29653485621366626,0.14269265358675848,0.1537769424095067,0.3874645139349183,0.004503086408968649,0.015027947446181598,39.08788446411425,38.46957809164829,7.880908495055257,7.880908495055257,True,124.42211990355104,7.32555167310368,5.0284694102942655,0.005594056111990245,0.1445359904478054,-0.0034704610770570263,23,,2
1964,0.7300857990916291,0.06553770542905664,0.024100150295380783,0.014570231352630645,0.040483399378650614,0.12522271445265207,32.59945548584256,31.842206288951427,7.749215988118469,7.749215988118469,True,83.3930718354524,7.193979720485484,5.34872775889129,0.002717317417152057,0.06247334571568155,-0.0004339708749174264,14,,2
1965,0.6603674224229479,0.06860256983759543,0.019454827812589538,0.0439068208558919,0.013318820238966045,0.1943495388320094,40.03029599097502,35.9581027494925,7.16570045603118,7.16570045603118,True,86.48951344793147,7.275474962228201,5.818681867324346,0.006038594813861295,0.12404899954957654,-0.0024251703428375916,17,,2
1966,0.7807932235394344,0.01992498446891604,0.025643458386613898,0.0074056213652269965,0.005546763040570962,0.1606859491992378,29.210515962798155,29.61668594992136,7.93695627164049,7.93695627164049,True,79.04098060236132,7.095869490239489,6.319880273853494,0.0017803346202032433,0.05585784105808815,-7.208250266438111e-05,9,,2
1967,0.7248778839428803,0.03178996567284554,0.02880231059889721,0.10015907104004397,0.10322408391036948,0.011146684834963444,33.36638955423293,32.11750350043502,7.324497588099347,7.324497588099347,True,85.73194878545327,7.28108905480345,3.82221777875262,0.003042062616811942,0.051608074389580226,-0.0004247923805255691,-1,,2
1968,0.674155858953824,0.02349034512255033,0.033705689957269455,0.16662826563680175,0.019171134529838627,0.08284870579971584,39.359892472729115,33.41080268733512,7.032664373337104,7.032664373337104,True,89.9363024552418,7.324464448998185,4.624620868042619,0.005665139341376009,0.10431573246655372,-0.0021055691841513056,25,,2
1969,0.4565033375495503,0.10374849630692179,0.009437748564874261,0.14247987500826798,0.2237911864966668,0.06403935607371875,28.025420272556808,38.06583596730857,7.905663536205095,7.905663536205095,True,102.04428056064282,7.104739622048301,6.485160699292388,0.0016472800931747649,0.06507373364005181,-1.1853122837653941e-05,7,,2
1970,0.6299891316254658,0.01872441721812542,0.17428751208298987,0.13314568571937982,0.034065546306061546,0.009787707047977465,25.083391210565374,37.30049416777953,6.826542729034866,6.826542729034866,True,82.3404066788831,7.146138114929827,4.531013358698388,0.0012542277690975006,0.0196155472961336,0.0012107603413833736,14,,2
1971,0.6511188464795584,0.05359393864900767,0.0011709231321789806,0.0476379111888353,0.018866937166266612,0.22761144338415296,42.34601757522387,36.56249283213363,7.05670035847648,7.05670035847648,True,86.63381625661829,7.290341496889359,6.215822840631342,0.007599811866633936,0.14818765576370294,-0.0031257652236731277,17,,2
1972,0.6141021885888213,0.016214881761972607,0.10288251107892171,0.18121964898561096,0.028101564687119777,0.05747920489755398,37.00571092357343,32.15320914686494,7.7063048379048835,7.7063048379048835,True,98.14657724607666,7.290835388896262,4.7237021852824785,0.004382025089997732,0.08666426518949934,-0.0015056068998081566,22,,2
1973,0.36965336561031176,0.051841909206459924,0.0910168644548161,0.4021856004351744,0.06876338097523481,0.016538879318002943,31.85471280614745,39.68036578068126,6.850808838913154,6.850808838913154,True,106.62094509646779,7.1922570403610075,6.0890014348815305,0.002591405958605966,0.1020470100098045,-0.0019400506132718025,12,,2
1974,0.6019676722020479,0.13193764614081066,0.016714624032384606,0.16370733649450445,0.05803652657755883,0.02763619455269352,31.41198444430154,33.278991207559855,7.664031916702437,7.664031916702437,True,94.55445544589523,7.220919601774479,4.69799000691782,0.002437490490522137,0.05303876743335458,-0.0002678768027371182,18,,2
1975,0.6644048324307822,0.10335509902527927,0.00015983935114147538,0.16827502840798222,0.06235271152516696,0.0014524892596477696,25.353378978707298,37.978802650093016,6.291750319242713,6.291750319242713,True,77.75352070181927,7.148780520020065,4.706106358218422,0.00130581274652516,0.03238639534626985,0.0006123501184546994,15,,2
1976,0.5360045704232586,0.20671574785092142,0.06775623480658391,0.1844740639844776,2.4531997568663846e-05,0.0050248509371899645,32.6461286518893,34.100390556646246,7.988808514259813,7.988808514259813,True,102.22293707213194,7.2721823582770755,3.814424056766636,0.0028287176101172034,0.047367885480165,-0.00022273447386538897,-1,,2
1977,0.4715167979365595,0.05945959997107642,0.11818054803687814,0.2522728880031686,0.049376342347634265,0.049193823704682955,27.315004733392247,35.257054151420874,7.757760832931686,7.757760832931686,True,102.57561048227932,7.095213346507754,6.3473988210737025,0.0014915257371568005,0.055020329780339654,0.00018814869139150618,7,,2
1978,0.44450168603451207,0.04174093904511027,0.008712206852935696,0.40719507291376184,0.010005198497813091,0.087844896655867,30.76687174737186,31.689517398086537,7.826499067974391,7.826499067974391,True,111.65870018997354,7.076000879259438,7.884762712802298,0.002039593903177377,0.09699438567776632,-0.0015402061464504467,6,,2
1979,0.7686576658608364,0.06259244845573039,0.0037318657367558902,0.05721752964854391,0.0365010667352702,0.07129942356286319,25.073451041762908,39.63715039473513,5.848137836516434,5.848137836516434,True,66.36953046933746,7.121802201771003,5.027875474851868,0.0012888112760699323,0.042617873523330546,0.00025972923682402176,15,,2
1980,0.6001591136968675,0.057221580487708965,0.01461618032192601,0.10062981458728923,0.025485817467206507,0.20188749343900175,36.52917776821396,37.039841157353486,7.082508908618231,7.082508908618231,True,89.014717449399,7.189510961960363,6.906562872470228,0.004132942361960492,0.11944575054471249,-0.00216221368662598,11,,2
1981,0.34887430500333333,0.16348765573927332,0.05830227172612106,0.34240266466976244,0.05051043536901002,0.03642266749249977,30.140452558697515,39.13897485224817,7.495783136507464,7.495783136507464,True,111.54181180615578,7.151356783516219,6.316869305861578,0.002114809192402217,0.08697454462084993,-0.001206635893240041,9,,2
1982,0.2956014360900642,0.027352180689769613,0.12641119563650802,0.47562316411312694,0.07221755272215764,0.002794470748373835,41.648738773003075,36.932817012469386,7.547863652745535,7.547863652745535,True,124.44104901916923,7.34633114230417,5.579406330693915,0.00716542764084047,0.17935176891187712,-0.004618328082547177,22,,2
1983,0.8291217577806999,0.08451737459349688,0.026671317734868694,0.038171894045892475,0.0003328646336911898,0.02118479121135092,29.235123358757235,30.222597580335265,7.4078088857239575,7.4078088857239575,True,76.14931001110173,7.221957384792811,3.7166363727302922,0.0019247510230327944,0.02380236626681406,0.0005826711265991968,-1,,2
1984,0.5533840170211941,0.06293702247422255,0.07808562458489378,0.26680801804176874,0.03467257461089203,0.004112743267028819,43.383108079665384,34.40621315814127,7.240183758348515,7.240183758348515,True,102.77006800413483,7.434295496980244,3.2324563825543406,0.00859931882518566,0.11799959704696199,-0.0026390096175078997,-1,,2
1985,0.5822247587052354,0.10174040609312411,0.05613637910201342,0.20304321468454475,0.04299774845738359,0.013857492957698727,32.831390682282446,38.17003787963843,6.638648940271001,6.638648940271001,True,89.11848436503172,7.269084621006133,4.15936159719931,0.0029783137210803545,0.06618315099899791,-0.0008620569625094848,28,,2
1986,0.5373289781206619,0.06900950399337515,0.08616737562421352,0.23368588238352372,0.028424175512021806,0.045384084366203774,25.40236459552591,34.93920879396242,7.402839617090618,7.402839617090618,True,94.04851383895937,7.069628147908098,6.228500711597082,0.001199042239183886,0.040977792296876876,0.0008028561673039343,7,,2
1987,0.17279675158225286,0.006529402924908047,0.014905516974398627,0.5559155329252156,0.20155265367479122,0.04830014191843367,25.80519797340082,38.93377888149115,7.571685914985495,7.571685914985495,True,127.1923232344099,6.930001487162143,9.678335884164163,0.0010903102237832891,0.11660576412811022,-0.0018265090295219023,5,,2
1988,0.23418068213427606,0.005500624907297212,0.16550841389354293,0.502678294024307,0.09000478369115605,0.0021272013494206413,41.66957445241118,39.450111986205926,7.415418159528766,7.415418159528766,True,126.7863431436593,7.343520888461286,5.807926367734657,0.00724530579364564,0.19631026714714186,-0.005133380041594423,21,,2
1989,0.7018966708324038,0.06500482826638869,0.052477603904501305,0.1123273569544845,0.012668944902942117,0.055624595139279503,42.789671515519316,34.05640493212941,7.016135123276623,7.016135123276623,True,88.54401671117668,7.422413502763299,3.0124593518629363,0.008119006500261086,0.09526131398755187,-0.0018379559823808694,-1,,2
1990,0.22632281994522452,0.1261187897529742,0.022926144505459708,0.48909136326053243,0.06835005646059722,0.0671908260752119,43.747085208842215,38.8171813277722,7.6401910701623965,7.6401910701623965,True,129.02779383853843,7.319643006419794,7.05257429880543,0.008711543978486168,0.22264912727238606,-0.005752823894328255,17,,2
1991,0.17376331755321947,0.013382441532960929,0.07483938387231157,0.7184747085137717,0.010030481117388126,0.009509667410348258,41.3993858143245,37.33515567269347,7.033491969344501,7.033491969344501,True,130.90229748772614,7.288471462300776,7.336091814485518,0.006818131285414832,0.2140594651951581,-0.005841351136409438,16,,2
1992,0.5752110202125854,0.11285272950799294,0.05383465405187276,0.06385076075277975,0.018570243711795054,0.17568059176297407,30.598408558399665,38.2520739261474,7.316263592889569,7.316263592889569,True,88.04842517779998,7.1051591608647025,6.809736036165587,0.0021863449919324045,0.07838134981676771,-0.0004834781388488728,8,,2
1993,0.5443845626143162,0.055019317423492246,0.20906954558929067,0.012209225238298035,0.014780374150604316,0.16453697498399858,37.74525766415172,39.19720259792796,7.787562068408575,7.787562068408575,True,95.87511341666699,7.257213192854753,5.420685738811104,0.004857095948727484,0.10061088777757189,-0.0014870203412252893,17,,2
1994,0.31257238741823923,0.05083540401605689,0.02379200081217643,0.4920999526244028,0.0107290971095638,0.10997115801956084,39.500651690053346,38.05609736695797,7.003910598371136,7.003910598371136,True,115.89681244654851,7.225673768699526,7.796855453906487,0.005558028209883573,0.1793001518896183,-0.004392994450791289,12,,2
1995,0.5536132907630213,0.027720254298363004,0.008160824245228081,0.16081196887514693,0.056385702966328145,0.19330795885191257,30.368281825190795,38.45952732379672,6.826900198744946,6.826900198744946,True,88.22007204679639,7.059727931020182,7.925235067441951,0.0020610978323071048,0.1002557879293167,-0.0012613134444343368,7,,2
1996,0.540996601597936,0.2681205144100965,0.02618989179986794,0.059361391129272204,0.09236238768711204,0.012969213375715258,41.71696888484377,39.81900402722864,7.517785630283271,7.517785630283271,True,98.66740858630597,7.45172564650806,1.8120285593753536,0.007422014582688136,0.06579840827868724,-0.0007874628909807407,-1,,1
1997,0.600512968976303,0.055546214641192644,0.06368445855177512,0.2518312905168292,0.0006935429629788925,0.02773152435092126,31.573427131431465,35.97774008619018,6.6671711263197695,6.6671711263197695,True,89.25127271023017,7.219669263165469,4.94191667872849,0.0025323824539138532,0.06755859005125013,-0.0008442518171133859,18,,2
1998,0.743066352150084,0.04946575315943821,0.0011080515982289697,0.1825737595693052,0.014850380609497548,0.008935702913446239,37.965004575960606,35.430919356429705,6.203324931365804,6.203324931365804,True,80.69790984976427,7.365426826300083,3.2188973877543683,0.005079146546458414,0.07933312615957176,-0.0015218492132530925,-1,,2
1999,0.4306155568831785,0.02910354377840781,0.011217796384635319,0.26973346324689723,0.2519795988504435,0.007350040856437703,33.698705308576564,35.53505465149591,7.8475382933663616,7.8475382933663616,True,111.17554537351816,7.226242193876768,5.817074913702134,0.003099006096149917,0.10227741670359286,-0.0019470857606277267,14,,2
2000,0.5727665312369075,0.25702442598116687,0.0036866834943667277,0.03954839321634502,0.08753494718291141,0.03943901888830258,31.421893248790404,38.26800115478292,7.623845757078815,7.623845757078815,True,91.6273271753412,7.257298975516704,3.6966695772597964,0.002562813950926924,0.0370105896782379,0.0003522105345190599,-1,,2
2001,0.22392255433362188,0.09420554646120918,0.10395711315694721,0.5130323590926155,0.0010441397030415476,0.06383828725256468,36.318450260246195,38.295174722438375,7.656834989653764,7.656834989653764,True,128.44755378462625,7.192149566593657,7.6151252108104375,0.0039892633380552165,0.16040627876502622,-0.003867395533347307,10,,2
2002,0.5697613861943027,0.18192265288307433,0.033303779624954115,0.0509072764820552,0.0005033463078253912,0.1636015585077881,41.91706712537768,36.20019528015048,7.904157691082011,7.904157691082011,True,97.94134206608639,7.322969150170976,5.17746253187755,0.007344198648662552,0.12574598257452452,-0.0024168690010369213,21,,2
2003,0.4055439545212383,0.01646736412528063,0.035772353284964184,0.39477548287150066,0.046887530076515846,0.10055331512050035,43.976070404079714,33.590311401864525,7.731780359429991,7.731780359429991,True,118.23456398677082,7.319769102776248,6.763269939537517,0.00872414252096409,0.18647513548332145,-0.004581452667019531,17,,2
2004,0.6418691431544791,0.1224046877764006,0.043208249213772074,0.12250899394601614,0.06486598368176025,0.005142942227571686,41.40545916179968,37.01314528029729,6.838854442318593,6.838854442318593,True,89.94229151615946,7.436620581290054,2.288357318164053,0.007183652314929052,0.07731094174661429,-0.0013198730249909087,-1,,1
2005,0.23373162479065346,0.04354709074813109,0.04294333324628734,0.6577483554263343,0.008013169896851417,0.01401642589174264,37.192710337827954,34.97220231526967,7.380488372323725,7.380488372323725,True,129.75760417510818,7.214434303450212,7.542354048004595,0.004317863006362484,0.16651044490062442,-0.004352097844059613,11,,2
2006,0.5605307710849194,0.053498642076853536,0.1476549184747021,0.11280760420937672,0.10444994007342893,0.02105812408071943,39.444951930345596,35.56208982521195,7.806023950940423,7.806023950940423,True,101.23553979968833,7.382829024823645,3.12973696473416,0.005832930443194278,0.08345133764067207,-0.0014356347372500476,-1,,2
2007,0.3344676171892049,0.08821633612537662,0.053063314929679896,0.43022151394350894,0.02058180917569947,0.07344940863653023,35.85499001286922,34.56839996474335,7.962331167132658,7.962331167132658,True,122.8560386597942,7.185274133368404,7.3776998388358095,0.003730475610274968,0.13647170176980788,-0.0030404290272518027,9,,2
2008,0.5663299598987447,0.021280538048143012,0.012716752216964361,0.2467698995372284,0.05793478407636305,0.09496806622255627,26.236818217450054,31.854966847483187,7.71196367833343,7.71196367833343,True,95.65530816887488,7.010265883718122,7.518952305883858,0.0012139766822333157,0.05949608898637566,0.0002606578542939158,6,,2
2009,0.724169642410112,0.0701634715493653,0.03303664362334482,0.14013510461462356,0.0012102544772594674,0.03128488332529496,32.289507935626126,36.68757745055392,6.271059747389302,6.271059747389302,True,77.7553816092343,7.263571784198583,3.966600422575054,0.0028181530830072555,0.05760895624976824,-0.0006279429268816431,-1,,2
2010,0.659094022390468,0.05425455022748863,0.1145879020273926,0.05080058015461758,0.08251628453010412,0.038746660669929246,34.241630967732675,33.95412087607029,7.6921437158144705,7.6921437158144705,True,90.08010071417094,7.292958824531638,3.655706611078295,0.0033738670983782574,0.050729408874143074,-0.0002781502511760918,-1,,2
2011,0.4824527222603862,0.017484744066590955,0.011022338557994388,0.044637203167704455,0.4265431360979988,0.017859855849324986,32.287571981707984,39.80067713642751,7.910930424229552,7.910930424229552,True,101.39379439233178,7.241090114671506,4.938536403301942,0.0027829380218923555,0.07804906891036101,-0.0008805005992118461,19,,2
2012,0.4246958204490839,0.002346174558866938,0.04997204700825518,0.4190047881930344,0.005628213532903732,0.09835295625785598,44.2019869687859,35.69600085001196,7.020228839726119,7.020228839726119,True,109.87474024239593,7.339127757448324,6.323599230070499,0.009095192062979443,0.18779383970546049,-0.004664488508372559,19,,2
2013,0.4768392146230823,0.08457987891972332,0.09859107797763461,0.13448210438661384,0.11709769519040025,0.08841002890254569,41.174199786530835,38.99350923589246,7.631096651843436,7.631096651843436,True,104.15159125624902,7.344785600867189,4.781657803811104,0.006955950012583398,0.13341657507820862,-0.002805062664698738,25,,2
2014,0.7211150282293394,0.044496652353963495,0.019062995156290393,0.057527469289184084,0.12653526473153823,0.031262590239684494,41.98493502927616,34.11581949695313,7.109375739606982,7.109375739606982,True,87.042187911873,7.426997955692156,2.6859623609082233,0.007508762529567414,0.08353754423257803,-0.0014691288051615534,-1,,1
2015,0.37397417130450844,0.02043525382649915,0.0005571414287500072,0.29731391644099897,0.016850044435744466,0.2908694725634991,40.27364194792288,36.419607801319955,7.804413730448609,7.804413730448609,True,115.18135108417223,7.113919102827,10.276975128506175,0.005548474118642558,0.1979623311101945,-0.004417461345938905,7,,2
2016,0.7365647122036412,0.02356427833363064,0.02541936522865516,0.06936307964267945,0.09392053749787792,0.05116802709351561,32.82884573291958,36.7736778152896,6.435448916191939,6.435448916191939,True,76.78122494920937,7.261663840394437,4.154069975489376,0.0029804339561060756,0.06307034385773731,-0.0007360163151924897,28,,2
2017,0.28983047201119,0.005534342379092627,0.20841349737974818,0.40691882539613544,0.058162388532620186,0.03114047430121361,42.883521518396535,39.154213658337724,7.59620448037536,7.59620448037536,True,123.21037132923712,7.364568093509508,5.381273743529678,0.008201107536164513,0.18729555266991185,-0.004718943981188049,23,,2
2018,0.34425845116121906,0.11678513812974248,0.04824110801641231,0.2359674090365148,0.1400929790023783,0.11465491465373301,37.73263984753595,39.87944711084136,7.988080510419004,7.988080510419004,True,116.96361109085886,7.219547518031215,7.098379805954733,0.004714676211910803,0.1501419798603758,-0.003165195921775349,12,,2
2019,0.3437428005573265,0.14066818639111012,0.0015929739029349355,0.4389991276894538,0.06547102009405677,0.009525891365117882,41.48343269867776,39.31789200751276,6.918441545132547,6.918441545132547,True,112.69086015197287,7.359954463981501,5.091465653186266,0.007186045139261998,0.16937215384419202,-0.004282282987868593,24,,2
2020,0.6912543549154777,0.1086603884839312,0.11108689168976577,0.04999029227532058,0.01246170110419767,0.026546371531307206,35.55205187064071,32.12632259582554,7.923633277646283,7.923633277646283,True,90.78635784610731,7.33257035307667,2.92379971116426,0.003838190275537379,0.041307167190974,-9.222142432335846e-05,-1,,1
2021,0.5815903069792132,0.22997732752370756,0.0013158996902973145,0.10880200615017373,0.04779498076196797,0.030519478894640267,40.69707769175531,39.77651491419053,6.867974005039253,6.867974005039253,True,91.34243848834909,7.414511246666067,2.6090346904831883,0.0067855452474420075,0.08451545690291551,-0.0014938853219574539,-1,,1
2022,0.3393054640527703,0.059389095219791244,0.04577290762359588,0.4317469922951833,0.08559444938975018,0.03819109141890909,27.333967565339925,34.9829328004664,7.807892420359747,7.807892420359747,True,116.4874786625455,7.038709066280726,7.789143481564374,0.0014111908476340542,0.08493215454197875,-0.0009104952877056918,6,,2
2023,0.4570463880960881,0.08679265905604838,0.02907971433918618,0.10503468311010558,0.269288315495969,0.05275823990260279,33.61233737719205,38.86841002519209,7.9923409468421,7.9923409468421,True,105.22770227707058,7.2300469504878455,5.44829823055263,0.0031495769310439965,0.09012653419994171,-0.0012672594588789528,15,,2
2024,0.4735994789658416,0.0909688638941244,0.20121391420124965,0.16480685873196504,0.005270003000767477,0.06414088120605177,34.4383690456719,37.45352462495948,7.885182601343431,7.885182601343431,True,105.00820746090257,7.25586734394937,4.756964514289148,0.0034436508838222805,0.07642351386435053,-0.0009677025791128661,21,,2
2025,0.5409408716177191,0.16252425899456677,0.10700595423951458,0.10207884483238064,0.023240577178555807,0.06420949313726315,39.98141513286198,36.635895264406685,7.841677618292909,7.841677618292909,True,101.33477254081659,7.366929398957594,3.5611415140201537,0.006169124218538891,0.09222526711468487,-0.0016175398075525065,-1,,2
2026,0.6804645320662025,0.028042716896959512,0.11344830857199156,0.03009817202849412,0.004195550533685751,0.1437507199026666,37.81291665636696,35.6399686763966,7.212641609844445,7.212641609844445,True,85.20219350459256,7.282723465905207,4.88258059488858,0.004879225384983685,0.09348970413784795,-0.001537313948930814,21,,2
2027,0.45293801394958116,0.06418010785637827,0.028000820604817383,0.22375214969471924,0.1931069778219988,0.03802193007250517,26.11483796695469,36.19420482142235,7.817691163904573,7.817691163904573,True,102.95228874887371,7.06800382447537,6.703732273780785,0.0012925819668727963,0.05626369494488204,0.00033615864633102904,7,,2
2028,0.7134673006643152,0.12846484695742846,0.02539425934969599,0.08194726730356698,0.04453357145209379,0.006192754272899664,41.61436423918879,37.573787050814495,6.459470917940498,6.459470917940498,True,82.5777950797233,7.450406025658459,1.8655630395533143,0.007342605431626021,0.06332980863407948,-0.0008748485687027725,-1,,1
2029,0.7003660923733765,0.01335535557383244,0.22041316942334327,0.0007794190677893858,0.0180574367765125,0.04702852678514569,28.132159461225385,38.34133108184824,6.8089924784692535,6.8089924784692535,True,76.52109364523976,7.212802506240512,3.660333996265146,0.0018176017714384137,0.020466514093548476,0.0009626197257585815,-1,,2
2030,0.29368046804169257,0.062063646750526134,0.1894158370725085,0.417742077182738,0.015409233779251307,0.02168873717328361,34.819995102404405,38.14078611466789,7.734498503972751,7.734498503972751,True,122.32484943107318,7.232823613192404,6.014758964143849,0.003521119450738168,0.1226027348030444,-0.0026997638371465916,14,,2
2031,0.6540667616754549,0.1403144054990274,0.03382000016976309,0.09316247940183896,0.02742985280727677,0.051206500446638915,37.94781196495858,33.83063669211586,7.531205531340513,7.531205531340513,True,91.98642166929532,7.342377139511841,3.563126432442934,0.004958652685581297,0.07366834867989101,-0.001114597816066097,-1,,2
2032,0.7321780135387753,0.04784179060142719,0.06864234166876586,0.0541956631529703,0.0021933051333421173,0.09494888590471895,38.965540610796936,39.808616101047924,6.048997893957104,6.048997893957104,True,75.25336514643492,7.354726687142962,3.521935211708768,0.005751781334241553,0.09128688585089687,-0.0017309127988273747,-1,,2
2033,0.09730885656063414,0.00535703759887872,0.02891478278143086,0.7992804527192788,0.01287752890192898,0.05626134143784852,35.28124491670967,36.07614967591333,7.361785190987987,7.361785190987987,True,140.34956962482775,7.101605380293783,9.695023806848058,0.003323999201459612,0.18979252154698426,-0.005145977787558558,6,,2
2034,0.6274834448853738,0.06106392028629055,0.10861641948014983,0.06935897145397676,0.08874425360123471,0.044732990292974215,38.843129422065296,33.529615876705904,7.934970688237792,7.934970688237792,True,96.688070914569,7.359590537817638,3.416925529544692,0.005417230256387847,0.0762010778098688,-0.0011610616137360426,-1,,2
2035,0.36771098461545,0.024972210270457113,0.22991621058022604,0.3264036253067982,0.001725507082704389,0.049271462144364495,34.777997112585254,38.666078219646096,7.5369516557908165,7.5369516557908165,True,113.0301887718147,7.23510523567352,5.731609917097869,0.003535660412317595,0.10855253436792742,-0.0021112014096381286,15,,2
2036,0.50462312450593,0.05074085935663318,0.188144544650781,0.13532680450217935,0.08554775529995412,0.035616911684522225,31.554990373798404,38.04640867666597,7.64468850258576,7.64468850258576,True,99.25041720242665,7.233364567167732,4.50173993842068,0.002557992034230689,0.05559962816220637,-0.000239148812605385,21,,2
2037,0.44081331054294776,0.014128665917689626,0.018500821535524088,0.22718535075054463,0.11529915841926362,0.1840726928340303,43.01493038571529,39.206490332495676,7.176096513444262,7.176096513444262,True,103.94759467680797,7.274027047505383,7.4017015941382045,0.008045172673921528,0.1893750107123485,-0.004370831965298398,14,,2
2038,0.32545812766120874,0.17041427698638922,0.06887047179655388,0.3699198852516363,0.027229908361598092,0.038107329942613684,27.75093100945704,39.67222233336175,7.440881073639674,7.440881073639674,True,111.70338782321697,7.09849827004267,6.7260068952687,0.0015980439687556325,0.07705178915254951,-0.0006657804857107826,7,,2
2039,0.5366886446796406,0.048489095148258395,0.011229380427244515,0.13288377462640552,0.011051733037670784,0.25965737208078016,34.56408961372881,39.62186501668252,6.870071601210298,6.870071601210298,True,89.93934966572053,7.097801736426655,8.376098508599807,0.0032519852987173115,0.13136972357231919,-0.002304878228088277,8,,2
2040,0.4052871066518426,0.001388590683968425,0.15147140146158167,0.2545203361225807,0.08036018308387693,0.10697238199614978,27.533530460020085,38.38840938523636,7.593498417113599,7.593498417113599,True,105.01481027571654,7.0356279134202815,7.68581531766047,0.001485089620421434,0.07949825224852697,-0.0002999195581985158,6,,2
2041,0.7650707346998271,0.01483110206443513,0.040102352485726085,0.1587172256115911,0.0001201512529523448,0.021158433885468005,27.619834650366133,37.09827932133042,5.896490105471106,5.896490105471106,True,71.59082414564209,7.185012860801868,4.490096419190919,0.0016986854452045311,0.04534930213883614,-0.00010548147766684708,21,,2
2042,0.569852110611672,0.08193055650920514,0.03730413106009348,0.1860463771231834,0.03192276716353124,0.09294405753231481,42.56183086266267,34.43078238363559,7.47525607261038,7.47525607261038,True,100.08934033610672,7.362314783790549,4.724770126184629,0.007830128452501747,0.13220347385288458,-0.0028826663188124945,25,,2
2043,0.5890928230462702,0.09914783813638753,0.11560543934631383,0.10318254225924367,0.0483218668700256,0.04464949034175935,35.15897114306844,37.08558661447795,7.315253031626372,7.315253031626372,True,92.55869755763787,7.30201500453961,3.8067325804017815,0.0037806047876441143,0.0657831005354088,-0.0007784192171334592,-1,,2
2044,0.4646241873278316,0.10877636757695831,0.012696507576669458,0.3684882585798156,0.002562272360834116,0.042852406577890856,25.990873882453755,37.954064123375815,6.643696762031073,6.643696762031073,True,95.3140142030157,7.064269822606175,6.793254778380607,0.0012947066229756644,0.06353121930943412,-0.00013676464942724524,7,,2
2045,0.6318085537756275,0.04006673341613913,0.07480382572956888,0.16543874559160993,0.03882411277735179,0.04905802870970288,39.22801879079289,36.859105758622576,6.682485232596934,6.682485232596934,True,88.79458507407232,7.3561986005096225,3.8213679419517006,0.005759281077624872,0.09864103540662016,-0.0019727427071515214,-1,,2
2046,0.4885009656069147,0.06498002894361642,0.010975496586599263,0.06692233255268812,0.007184640178250111,0.3614365361319315,33.148955925350236,38.594517382850796,7.792405067453526,7.792405067453526,True,97.03048562076695,6.955253662241926,10.535619974543163,0.002471962524009237,0.14728196583778091,-0.002380771148060812,5,,2
2047,0.296581277085986,0.0016790878862785975,0.021579197815970938,0.6329646803613467,0.03601781523959994,0.011177941610817893,42.90699024867452,37.050824333998804,6.628275503237616,6.628275503237616,True,117.40908571018693,7.339217617176095,6.358884808658268,0.00806874647380638,0.2034166455554859,-0.005434399520439534,19,,2
2048,0.41239756202181826,0.04322803258630714,0.018093569996417033,0.1930315991419707,0.25724756627415213,0.07600166997933479,44.19986290796017,38.411308753706265,7.8557137318234735,7.8557137318234735,True,112.82424357730125,7.369396232062918,5.514338401295264,0.00929623129672827,0.18312964401363485,-0.004315875720154587,22,,2
2049,0.4970133357982885,0.12236621090558363,0.05479465057497015,0.20755629544367174,0.05261807087834174,0.06565143639914435,35.351568179504675,38.786626889651245,7.093102767995434,7.093102767995434,True,98.0056411686188,7.259888576975743,5.151563037893703,0.0038173208569835223,0.09723516197818287,-0.0017226609266574975,19,,2
2050,0.34792376309953565,0.005654621463806069,0.19953179445000985,0.32246550741427044,0.08846465533361059,0.0359596582387674,36.63205225200583,39.055419351639316,7.622037421289901,7.622037421289901,True,116.05695561833257,7.269341841623468,5.6389204203018535,0.0043182612297803635,0.12762548478153615,-0.002784273933527227,18,,2
2051,0.7757401745866302,0.06604413459916725,0.00892479357767153,0.10396989925545203,0.014012882568381912,0.03130811541269707,37.24501154012183,37.18949866257728,6.033416716685005,6.033416716685005,True,75.1521318213943,7.358693776925627,3.03764275836639,0.004790333112118301,0.07153970953553564,-0.0012334797201344777,-1,,2
2052,0.29127484254504854,0.10089920498244659,0.03973751265808657,0.4837821991085921,0.03308208699858324,0.05122415370724291,30.67159542897187,35.18122214898945,7.878509904110945,7.878509904110945,True,123.4711748502021,7.08941643377411,7.888032558512144,0.002078312592180937,0.11223634867776701,-0.002135173304198654,6,,2
2053,0.7162068082104358,0.007089064912655031,0.05405887826638921,0.12837148320556993,0.05203935493493173,0.042234410470018226,42.26479487291844,31.04121224823104,7.487491578953459,7.487491578953459,True,92.71907306342325,7.407884593949726,3.3121358515605968,0.007550761334168544,0.09382715466258348,-0.0018219423330908813,-1,,2
2054,0.5493566404225988,0.0606135753854971,0.013132255991007391,0.07377341330054574,0.03595108408729944,0.26717303081305155,31.826037238218568,39.733470382025004,7.075408984660133,7.075408984660133,True,87.9447973777383,7.039984708738291,8.590698108314971,0.0023743782991104533,0.11508689662596921,-0.0015462018996903436,7,,2
2055,0.5805321405119647,0.05967116962893954,0.02144074210579519,0.2484240317627501,0.07191301133957385,0.018018904650976678,26.733552845377638,32.55342704863918,7.503847348822882,7.503847348822882,True,94.32669928862164,7.106706492741092,5.909117854935559,0.0013907434683037374,0.04483420337854131,0.00032964206067782344,8,,2
2056,0.4016748674440241,0.1778054695333408,0.039663574164427,0.19649768382407956,0.04721145861990697,0.1371469464142217,31.554578443333874,38.7634563417856,7.967292986765051,7.967292986765051,True,108.45312060274308,7.106179590989102,7.378343776775336,0.0023803237551844095,0.09815312735105707,-0.0011420463004363415,7,,2
2057,0.5012156080306052,0.004298988198170446,0.00046413402466534827,0.13907796801450373,0.12366195114655128,0.23128135058550398,28.988543797646084,38.31582951017623,7.315632075821485,7.315632075821485,True,93.60644449379512,6.967808385022336,9.223811496428077,0.0016363033509611512,0.10804238474848882,-0.0011210592361141133,5,,2
2058,0.5620991425743428,0.05894911379069649,0.09397395634275814,0.1690671301763389,0.018947754466654344,0.0969629026492094,29.473637339413735,34.059916672653316,7.730110018766835,7.730110018766835,True,95.4905216102728,7.118697074629312,6.302295148934467,0.0018966482951443563,0.062178181856400436,-0.00014451173318713847,8,,2
2059,0.6058981002351782,0.013418671071438664,0.0388213068123206,0.23764450940818832,0.005035452954093697,0.09918195951878053,43.51798691801845,35.566341865802755,6.705619346958369,6.705619346958369,True,93.09689522692575,7.375977984397746,4.751865022208068,0.008687239854161082,0.14478346641423478,-0.003342257927447655,25,,2
2060,0.3765253249128689,0.00798892698875588,0.20399511710971363,0.3034782776028863,0.08825786064255275,0.01975449274322257,31.37433910522111,39.50459312939827,7.420524680135122,7.420524680135122,True,109.49749652149214,7.200381287970111,5.597357060644544,0.002474598368326027,0.08574248693893148,-0.0012932139285278996,13,,2
2061,0.3231158719687213,0.058433093883795084,0.030924218862947706,0.41392728176029137,0.1541409683037954,0.019458565220449146,33.31457385658389,37.50442788169897,7.508916129658432,7.508916129658432,True,117.51755658163923,7.187037936807439,6.771048209401088,0.002943789277877025,0.12291873411841803,-0.002645297440353928,10,,2
2062,0.555173563533463,0.07412661262647222,0.05058021870158311,0.24503008643383642,0.031518028072630155,0.04357149063201494,44.38668580852688,38.78513476142282,6.483579557888022,6.483579557888022,True,93.72311630987092,7.436957554825748,3.4509685538451906,0.009703910053310586,0.135319224586859,-0.003105990472509345,-1,,2
2063,0.5105961793123224,0.016811402454673448,0.12371165560219553,0.27790397522872246,0.06335837756745862,0.0076184098346274605,39.607272565758855,38.29918803509534,6.726857540813796,6.726857540813796,True,98.41511152889802,7.3700227403773315,3.8600585277670016,0.006012582674336214,0.11481437136462821,-0.002557491010025824,-1,,2
2064,0.3631162484815691,0.08967698916766716,0.09608123964460552,0.2396675266759863,0.16545027145815175,0.04600772457202016,44.1286247928406,39.719530482000806,7.8709667042460945,7.8709667042460945,True,117.26583837447727,7.400159088884994,4.637832162116208,0.009366254102463372,0.17568176051613757,-0.0041842079055139,27,,2
2065,0.439401536906689,0.08937771284793376,0.03413401837008352,0.4105479217456129,0.0071794592184355206,0.019359350911245226,40.46189027320562,34.79337766191627,7.225488144138624,7.225488144138624,True,110.89300096635942,7.336636319193986,5.138784835843472,0.006325666951184402,0.14146775352466087,-0.0034289759894965692,23,,2
2066,0.7829264064642416,0.013731688149670209,0.05994657501745684,0.12856899083102924,0.010108650902737886,0.004717688634864205,25.69044107205812,32.06450274003795,6.858767913550552,6.858767913550552,True,75.7092629796888,7.146855309413685,4.5688546077391985,0.0012959003985584037,0.025008874157659636,0.0007415549690169004,16,,2
2067,0.5437084870007015,0.0019108492464489323,0.004089546247329745,0.027553108036338442,0.07509115143488478,0.34764685803429657,25.3400242471228,36.59294253503853,7.913146997425222,7.913146997425222,True,6.930214382689102,4.805324555086253,27.27877720599245,1.027275957822571e-05,0.8429577244630208,-0.02003964340602197,4,,2
2068,0.5332274864661906,0.15931721963101855,0.06674084744724262,0.13719220621689993,0.07293200894992734,0.0305902312887211,31.27337304510529,36.908803315425516,7.621430029718004,7.621430029718004,True,96.98472225944921,7.232362663537232,4.416690951454189,0.002470630665281378,0.051242196589324426,-0.00013150249876598617,22,,2
2069,0.5064825636509475,0.005095673711237759,0.06332168953584737,0.2057052569341191,0.0559366248474059,0.16345819132044254,29.864163576240546,38.66583751904392,6.931217827254957,6.931217827254957,True,92.82544383553626,7.06157826069574,7.806071703591113,0.001953676237245217,0.09622204294333069,-0.001101672087397886,7,,2
2070,0.5910034124773743,0.06138954326524558,0.01344733139523091,0.13424279940327208,0.008986670672878892,0.19093024278599824,30.610495555402785,36.38248439256793,7.111586517685256,7.111586517685256,True,87.86590029618269,7.075355093015897,7.539239762186857,0.0021152589196928645,0.09078577101061606,-0.00098932070434234,7,,2
2071,0.15981973243710723,0.04554187775672142,0.04394043430050123,0.71877596268079,0.021154167409949843,0.01076782541493022,41.46991104064465,39.102840782984416,6.81179746430826,6.81179746430826,True,128.1532513703638,7.294073318860016,7.271228803982351,0.006937922169975221,0.21999484879219847,-0.006005462201296771,16,,2
2072,0.6813043534886057,0.050346402674734704,0.10296870867505789,0.06088675990496998,0.04101000608876465,0.06348376916786681,26.764386965862737,35.26551247146717,7.171892395803915,7.171892395803915,True,80.43089025114216,7.1376198767510495,5.007726389030033,0.0014776713311306154,0.03199418749751598,0.000811929518111723,12,,2
2073,0.6052530792829731,0.1331710544331178,0.06573522981097334,0.013518072251317908,0.05107173139169578,0.13125083282992214,39.67427357030684,36.46216149620453,7.772623544486219,7.772623544486219,True,93.50118378917242,7.318213133808676,4.575210053502399,0.005924070937650659,0.10049147494487123,-0.0016887962757960054,25,,2
2074,0.4892991666640108,0.021787769542601768,0.04997236404894609,0.2604876539572336,0.10143420070925495,0.07701884507795273,40.24892737362118,33.76527107077993,7.8084579536421295,7.8084579536421295,True,109.42643812408005,7.300000911057676,5.832277412326645,0.006079554313202418,0.13737319237132506,-0.003060289319821359,18,,2
2075,0.6416510807199971,0.05325339607730302,0.014114266621906442,0.05384435372886568,0.04120459351840636,0.1959323093335214,39.75313115186013,35.551365690460656,7.3172335425797534,7.3172335425797534,True,88.92835834475082,7.2600288002164275,6.170633811910962,0.0058159409555585155,0.12686804935479953,-0.0024745419374715308,16,,2
2076,0.7314805753365511,0.08270649111936362,0.07345428008893908,0.028867783381811465,0.006484622942213101,0.07700624713112171,35.31418898973605,32.07595568041864,7.6762617919428795,7.6762617919428795,True,85.50001427203563,7.2892848613002235,3.9088532253256587,0.0037224229925437377,0.056433415253666984,-0.00047083933192013566,-1,,2
2077,0.44290642310195755,0.05157380117991157,0.04437994155445027,0.2799629473903144,0.0908574007031363,0.09031948607022997,32.68963501342494,35.82286219414772,7.625028504363025,7.625028504363025,True,106.92777999816664,7.148175615311492,7.023323499934136,0.002694704676880206,0.10353990059614555,-0.0017104131833939162,8,,2
2078,0.46534348742224696,0.018500972846588557,0.0028838600115963803,0.3543445901877593,3.6228359126157556e-05,0.15889086117268253,34.341349237886504,38.76263913339737,6.456674797089611,6.456674797089611,True,96.48495376729986,7.137148085666203,7.849437271376949,0.003227615202079213,0.13206711758200823,-0.002688436584677895,9,,2
2079,0.7836655260183557,0.1034261264444149,0.014011632712926441,0.06134030586771721,0.0030302317795901095,0.034526177176995895,40.196998544064364,34.979075353817805,6.564240844931487,6.564240844931487,True,79.1316540673254,7.410398952808184,2.427987710693121,0.006340346257645407,0.06699565146185589,-0.0010360362681512145,-1,,1
2080,0.7619907951842321,0.047867538686277564,0.10329807089817072,0.07827690674184912,0.0009379846845806803,0.007628703804889974,31.947497501490975,38.84372435458274,5.986402695528212,5.986402695528212,True,72.51689247324973,7.299726658613783,2.9095931865510773,0.0027994374923312718,0.039895425415161785,-0.0001304544995326099,-1,,1
2081,0.7116387508334938,0.17052466367649316,0.0025373235511781064,0.1017619800297068,0.01313033130829767,0.00040695060083039146,42.312935267022326,32.57759639212486,7.381822659074576,7.381822659074576,True,91.38978751064265,7.455546046175911,1.8983855512126144,0.007621631611929608,0.06013214347243681,-0.0007597571526766896,-1,,1
2082,0.5380782889660353,0.08077406110810088,0.056139973935363165,0.2583697188720371,0.04718756537809901,0.019450391740364455,42.619106151952295,37.36208565670438,6.7985127298457595,6.7985127298457595,True,98.02480389965773,7.416476128750558,3.496086214440859,0.008099321408887564,0.12454323876626895,-0.002825904509021231,-1,,2
2083,0.36501230111274996,0.2078960344850005,0.07548911179217017,0.23811605042426526,0.001436666717814583,0.11204983546799961,43.338118010736125,39.79783934238345,7.901326007351848,7.901326007351848,True,115.92988761121663,7.344462816514248,5.562307676840987,0.008550014008660702,0.17077500880149002,-0.003921095436664802,21,,2
2084,0.5179588512908685,0.1487804331343667,0.1159125790051632,0.005202882306318516,0.00830576116005572,0.2038394931032274,41.354417348691584,39.78375474019541,7.949128113589296,7.949128113589296,True,99.10615119967694,7.282573989454374,5.910010466084498,0.00696330535377638,0.1344455911904603,-0.002471917988085424,17,,2
2085,0.48302152032139417,0.07003170116251468,0.0780165825457267,0.20588100894896005,0.0011844898712625614,0.16186469715014193,40.23791912169559,39.32266662836015,7.042806673246475,7.042806673246475,True,99.03646149395503,7.267134825461188,6.431572038309867,0.006188502175594002,0.14862593412209482,-0.003199088211055696,16,,2
2086,0.4079265724676789,0.06168552736319079,0.035205967343881456,0.3548272229767273,0.13050701053313932,0.00984769931538237,44.73151178460228,37.52046068361793,7.1813901705573695,7.1813901705573695,True,111.39897419268875,7.423902155925896,4.335910914648044,0.009904412801513614,0.173972127188041,-0.004324895040558011,29,,2
2087,0.42973547675045054,0.17509600771780853,0.04767109190589181,0.21464476056787601,0.011276621810501028,0.12157604124747207,33.40312632923735,39.430900118760775,7.4801068302814215,7.4801068302814215,True,103.80837123645274,7.168261604173129,6.619869599405889,0.003002221695484132,0.10188359085702185,-0.0015332310106896437,10,,2
2088,0.31788926759727615,0.08024831616038187,0.08160857488947214,0.4097827331043709,0.012893758145695525,0.09757735010280341,34.45399200882318,39.519076585208495,7.205834253945815,7.205834253945815,True,113.8233575590243,7.161010479536735,7.520963055399757,0.0032953102538315513,0.1359409796196497,-0.0028617828712982378,9,,2
2089,0.6336029168167171,0.06656214918050797,0.06291127089215248,0.15722060586930678,0.0744955904820417,0.005207466759273888,30.73730073672342,37.28697652237,6.658186259764702,6.658186259764702,True,84.85245966401621,7.245126086103829,4.061407417831538,0.002376173532603042,0.049708338099779564,-0.0002595694098730829,29,,2
2090,0.6055995700501487,0.09567298094782344,0.08880638858447717,0.12754058130314097,0.004983525455788899,0.07739695365862073,31.50109791819919,33.738414454399475,7.7278510672415015,7.7278510672415015,True,93.14886718624032,7.193114799317852,5.209549839872249,0.002441219566046002,0.05717886604286028,-0.00023446573792606145,13,,2
2091,0.41312431132031374,0.08311667645603871,0.019885875827764018,0.36697761576400806,0.05476374209334005,0.062131778538535506,43.53454610368099,36.01037700347854,7.356996519336025,7.356996519336025,True,112.60285990146716,7.35855489971329,5.584188493088133,0.008609764205014171,0.17485752193581716,-0.004295351141252438,22,,2
2092,0.7925892148599827,0.05633559135089825,0.05387919259289228,0.058866186485245324,0.016818136460829934,0.021511678250151496,34.08036804229973,36.763188808955306,6.205650979435836,6.205650979435836,True,73.35519290634502,7.321700465234255,2.9448993935619607,0.0034536618782290613,0.04929089580580312,-0.00046718518070965146,-1,,1
2093,0.46461106802568297,0.021813366745486513,0.05549815841697171,0.34884842999172533,0.07309143847378238,0.03613753834635111,35.44799874444933,38.871675118542605,6.5494045852528835,6.5494045852528835,True,98.75832435368658,7.254572211226878,5.62597413691946,0.0038397115421218205,0.11589912214699044,-0.002482954401176264,17,,2
2094,0.4638805732800822,0.01689373830669179,0.06578149061571989,0.39694799688063526,0.0508930650514588,0.005603135865412027,41.63318250212494,36.248845972191745,6.815292035325626,6.815292035325626,True,105.50259074283326,7.373749082583859,4.602101607558938,0.007236694694992525,0.1468010922597313,-0.003608981903473682,26,,2
2095,0.7045216895680455,0.12734093254521697,0.11206419453919243,0.014417588493781693,0.018036701069043693,0.02361889378471976,29.3344831807554,36.548443398563634,7.062832570954145,7.062832570954145,True,79.14627534065144,7.248926731462901,3.1661427048385473,0.0020565950773416435,0.017124307736019494,0.000912066270124726,-1,,2
2096,0.2510638893752611,0.0504675660892586,0.10665274513544307,0.4538895044496274,0.13591467981197314,0.002011615138436804,37.78707604931623,38.61333950630929,7.721839341080259,7.721839341080259,True,127.26696592393554,7.277413643155885,6.18547230253647,0.004820330391394122,0.16205749980415352,-0.004059143356108703,17,,2
2097,0.5441672978543097,0.04942003207831599,0.034217576143016876,0.1460992455922872,0.2087341876646503,0.01736166066741989,28.178805506253628,39.73321510479374,6.854180149275707,6.854180149275707,True,89.14966146284932,7.17486718509056,5.102564430534596,0.0017806902758436842,0.05351802743129276,-4.190010293757186e-05,14,,2
2098,0.6723867487278542,0.04531668713833626,0.027699200192204714,0.010812536434170114,0.03670369611875426,0.2070811313886804,32.49582325723382,35.52968731377082,7.318824608218777,7.318824608218777,True,82.42673231273037,7.126978371512869,6.8501956017579895,0.002659171076362163,0.0887678763150751,-0.001032915478791438,9,,2
2099,0.5434451464091983,0.0632825414308248,0.0771502015923249,0.1901074523759,0.11443812280298629,0.01157653538876576,43.60403710688774,36.20386841260404,7.331167336434751,7.331167336434751,True,101.76562724518173,7.443731903014666,3.014665223528225,0.008870428702126098,0.11599554913108967,-0.0024847845423243203,-1,,2
2100,0.5156153028130037,0.0021491375802914366,0.0507283599932303,0.10972302478649176,0.053192680494271484,0.26859149433271134,34.683905031501844,35.37728274799343,7.997667321117103,7.997667321117103,True,100.39023936337696,7.06378389996256,9.070914992098468,0.0031132481597971116,0.13214102952479792,-0.002164921655672571,6,,2
2101,0.1408107643535881,0.013128749880098992,0.08955729551880487,0.6734215719575624,0.0038610579512437693,0.07922056033870192,43.16873393981554,35.42681991123474,7.909162350726459,7.909162350726459,True,143.66505772234223,7.250849631442998,8.813827907360647,0.00783190306765744,0.23749121690185435,-0.006357957973881964,12,,2
2102,0.3960723804369224,0.11476235905220618,0.11853035976184151,0.3332569279757673,0.01086645410041476,0.026511518672848147,30.888150415943244,37.595016110781515,7.471254745505656,7.471254745505656,True,108.91527119762165,7.182048009248982,5.758376969309224,0.0023090546636362194,0.07968742988866627,-0.0010881393763860663,11,,2
2103,0.6095377364703435,0.10767490275971199,0.21909481969437034,0.044603769321743675,0.016799997251129295,0.0022887745027012894,39.25786128831162,38.72666141032215,7.2661285849108985,7.2661285849108985,True,92.19142164743421,7.4293678311394356,1.4735668348196662,0.005755523690325334,0.038735878531815496,-1.7111110226935783e-05,-1,,0
2104,0.47588656209857527,0.025359494576750453,0.004906030114317374,0.42051988920542105,0.05000765352405447,0.023320370480881508,39.65779432630299,37.55512697598992,6.367536140662581,6.367536140662581,True,99.7949449553679,7.325642158806818,5.266181182243484,0.005933760308068473,0.14392646538233694,-0.003517504200071142,22,,2
2105,0.42546972924487214,0.014335232526259508,0.11734997926236816,0.21621914167254022,0.11087243986789422,0.11575347742606576,36.76383956627289,37.56992972284944,7.798956563945377,7.798956563945377,True,109.52951462753315,7.213709320722962,6.781153144614057,0.004242336688629037,0.12920011840194287,-0.002534178908205876,12,,2
2106,0.7114370753625445,0.11300003539972209,0.06580606468086185,0.022705078254245222,0.004435140085312104,0.0826166062173141,44.39655230863375,39.17427158698962,6.446773564139106,6.446773564139106,True,80.51671665268358,7.458313357519953,2.304573387586882,0.009736711160728037,0.08733531225014933,-0.0014833172865445826,-1,,1
2107,0.3896029013611516,0.12802883110655294,0.07698464551062383,0.3425044713580525,0.01730229183963767,0.045576858823981554,32.07026590595167,36.386999205458494,7.687188705611245,7.687188705611245,True,112.13357185682692,7.175323367562783,6.2651639773110475,0.0025743338180731056,0.09299030890546352,-0.0015171857969978556,10,,2
2108,0.11010260238817271,0.08566379596263386,0.029139551669954057,0.7214637147023154,0.05342898840872131,0.00020134686820272483,44.32256149303403,36.675041699226554,7.665079306426431,7.665079306426431,True,143.49798297304784,7.328954751508036,7.443976373206105,0.009111037220983194,0.2537963902104151,-0.007022383397990725,18,,2
2109,0.7352948970828223,0.061827619592210004,0.011507747794257717,0.06310866734819928,0.08563958033412894,0.04262148784838171,28.99153406379425,31.383601011259632,7.601243037192056,7.601243037192056,True,82.43894260986738,7.180749457523483,4.7126404434278975,0.0018489717834941142,0.03689479694005826,0.0003663288966178558,16,,2
2110,0.35895706153042484,0.023431746950359093,0.030220050506555917,0.4179006779769757,0.1281328374836242,0.04135762555206022,32.71101340215536,35.72642686138756,7.52628821992127,7.52628821992127,True,115.44221216804189,7.152040603779536,7.255626541089574,0.0026877704218940877,0.11784041875244725,-0.002408272215408462,8,,2
2111,0.7873262919455782,0.02148327135399459,0.027324924475642793,0.14598042128277214,0.009355995082420127,0.008529095859591933,32.9284056061926,28.64976152962108,7.55261677035703,7.55261677035703,True,85.69779085397506,7.26251554594986,4.0247964314703495,0.002805565718906012,0.046103992270147914,-0.00031672630232911365,30,,2
2112,0.23819835440017048,0.010799408620609761,0.08857961362420416,0.48987129553441,0.024086245097512653,0.14846508272309292,38.4145441002933,38.18817770448082,7.5690709854522655,7.5690709854522655,True,126.4074193934247,7.1550219110092055,9.129824293469893,0.004784694888245855,0.1899110754519718,-0.004576597784321748,8,,2
2113,0.5153111300140584,0.0878737418328571,0.039768814856672156,0.34278985018635794,0.013950160345633988,0.00030630276442057116,34.134414933167065,32.822907968608696,7.469042481295512,7.469042481295512,True,105.06976043425614,7.251033594305924,5.08538014139599,0.003232226465865621,0.08424564398172747,-0.001547334592298308,18,,2
2114,0.5159048621304172,0.0027375459846183214,0.10982151927496399,0.3285707077991116,0.011717297826062416,0.031248066984826555,29.502220040054574,38.14933108262008,6.461228107451862,6.461228107451862,True,92.3610010945735,7.161765930809481,5.802387291781359,0.002005377436873105,0.0732269573245488,-0.0008749518653039892,11,,2
2115,0.685300754815623,0.007723772493298538,0.15691782954552141,0.04656786232647556,0.09847006950786136,0.005019711311220105,29.346055254756287,37.38914643104525,6.835613812592896,6.835613812592896,True,80.14161082653892,7.2484780104071005,3.3907891098671006,0.0020680047888935005,0.026313220495624512,0.0005867705735467254,-1,,2
2116,0.6536282699084386,0.0575844684152155,0.0495729386732685,0.10345293384266686,0.08140678963219135,0.054354599528219194,34.33735331834346,37.61648693740918,6.682914209162266,6.682914209162266,True,83.8501267562597,7.278107076095436,4.239349618192993,0.003486061614541762,0.0725520545971509,-0.0010109892177734034,27,,2
2117,0.341860040008708,0.008960907894319968,0.04886875878522851,0.36550588984020865,0.12480848951925817,0.10999591395227655,35.730245338554724,35.941936710539096,7.893721962921547,7.893721962921547,True,119.75869237060137,7.152119235777183,8.146855228163126,0.0036401684200901676,0.14710166509232336,-0.003190999844073892,8,,2
2118,0.42653683405712045,0.03544162553852309,0.1161308805184939,0.3574284030149755,0.05973233134914311,0.004729925521743926,37.319796091216155,37.39997999002308,7.092509470623149,7.092509470623149,True,107.65543040249122,7.3082200990633845,4.8804092888745325,0.004670866716437067,0.11896365559347516,-0.00268464190117166,23,,2
2119,0.5036538053866124,0.07769312961496601,0.0588729314587838,0.1958372851187098,0.0014908790528366089,0.1624519693680914,42.20601715620914,34.910897883706,7.8111374027702185,7.8111374027702185,True,105.97786795468326,7.291505469108271,6.418560066768071,0.00737612789969109,0.15294404547124263,-0.0033199641864187232,16,,2
2120,0.690428726865199,0.06495961113280711,0.08765581304335167,0.03852386148236713,0.06665640573637546,0.05177558173989959,30.989931615220954,36.336030935877716,7.011920890751168,7.011920890751168,True,81.01906157839198,7.236300304791661,4.064121053034236,0.002427199971244698,0.043395441985141656,8.142576139007016e-05,29,,2
2121,0.614637356029982,0.06199273166637033,0.0018704219158203613,0.07468325172570826,0.18197581020477085,0.06484042845734804,34.46446911526738,39.82325433192841,6.666934511754277,6.666934511754277,True,84.62777089894894,7.268399483202162,4.618373224483413,0.003556579310573257,0.08364208368854308,-0.0012749921469549642,23,,2
2122,0.614065930433599,0.04946512081181414,0.030908110404217645,0.13816139364511842,0.09552314966035018,0.0718762950449005,44.102370266824124,33.10794194434244,7.677093741412334,7.677093741412334,True,99.35339166704475,7.4092159827264,3.9610824053457923,0.009121585460045649,0.12607319267768216,-0.002693000401813614,-1,,2
2123,0.7225369800389174,0.04021605347330499,0.06362044162016924,0.014035358589875528,0.03563840133127806,0.12395276494645492,42.51931886215047,38.32251824387585,6.4957626485311035,6.4957626485311035,True,79.13664803228198,7.3919562412279065,3.5705939344783237,0.008090125968929558,0.10951717752021349,-0.0021828385059465653,-1,,2
2124,0.34046447114296213,0.024979157882455274,0.012182219881286092,0.6049718778601935,0.017024658470484125,0.00037761476261906004,34.94013658506671,34.439239046893675,6.98571849592465,6.98571849592465,True,117.15869129777697,7.2026792865948,6.948968455562136,0.0034339043812326425,0.1339127476319559,-0.003280692172396605,11,,2
2125,0.7069594854864089,0.04960773256977602,0.03386933452435698,0.1034872232754322,0.09578509129797873,0.010291132846047274,36.123963468002245,38.71443730893513,6.176464970713693,6.176464970713693,True,78.80197571617032,7.3500135792098344,3.0324482345676533,0.004295828007978169,0.06786291722361097,-0.0010693051295817535,-1,,2
2126,0.5803371781661776,0.08377233727523568,0.07050187080159845,0.19651652669622374,0.06419213402526393,0.004679953035500514,32.105356097911894,36.049401851289936,7.07530821315699,7.07530821315699,True,92.70002075533942,7.256098263124788,4.2273335828686385,0.0027093715090837165,0.05854624216431139,-0.0005795766658375899,27,,2
2127,0.3775633266710531,0.01643767740198354,0.03759144809676822,0.1869343999419942,0.08057194661042,0.30090120127778097,41.49535009042645,39.45030902100151,7.872008016433939,7.872008016433939,True,112.36473656257787,7.138015363445389,10.051444721252254,0.006437353426022788,0.20712857560266495,-0.0044976080463315984,8,,2
2128,0.40574839723369177,0.105605363831504,0.016563160762254774,0.425872013471291,0.0012937795717369038,0.044917285129521485,36.55909565505384,38.6134046121644,6.647078033209394,6.647078033209394,True,104.66556790187815,7.255119053349745,6.001040083325744,0.004269048978899468,0.13109301169706805,-0.003001803895602859,16,,2
2129,0.583176077211903,0.1882887480866109,0.04859811696249472,0.15107146612118585,0.0002515685498832037,0.028614023067922285,37.88154406996341,36.20289208529296,7.305655023554984,7.305655023554984,True,95.44178188154862,7.356137507729755,3.2868151345297054,0.005001382660451115,0.07579881413566154,-0.0012399490944183982,-1,,2
2130,0.35037422197514084,0.08376670987698413,0.23658059028409348,0.2543409731940499,0.0009977347614426773,0.07393976990828885,31.95852933082973,39.750104269581236,7.991244126275712,7.991244126275712,True,114.83012116788261,7.175843913981416,6.071836083324671,0.002595324031279596,0.08808189676305286,-0.0011323684704855409,10,,2
2131,0.7104540119644545,0.05494035922142565,0.044700100834098894,0.14346695593304407,0.0007548610923090447,0.04568371095466784,32.27892538693476,37.970905014690715,6.113652405287862,6.113652405287862,True,76.95669030526763,7.254299840378078,4.206741043349485,0.0028305752154475098,0.06354953019258638,-0.000789747388335301,27,,2
2132,0.7124464562317827,0.07017944283858597,0.0160920380658611,0.11247049159519876,0.008883672121987929,0.0799278991465837,33.8849139231437,38.631767603244555,6.100481322417525,6.100481322417525,True,76.20176938301674,7.262306134153643,4.443934253467277,0.003357180292080712,0.07679616531236645,-0.0011969958865347186,25,,2
2133,0.5612836851706406,0.1415408788406621,0.09428315903486165,0.06907940928478368,0.10944579562751734,0.024367072041534602,42.74439798415364,38.37598574373394,7.505423420111546,7.505423420111546,True,98.30945146786014,7.4514688311559345,2.2140060921130864,0.008204781696557585,0.08286027806185231,-0.001331046262655814,-1,,1
2134,0.37702448163888425,0.08547365119973246,0.011050063373503656,0.40448766146428916,0.002182426526803457,0.119781715796787,43.49830363766647,35.365755845669355,7.53180086399641,7.53180086399641,True,117.03841488396935,7.302035194737671,7.034602448551808,0.008352599639202736,0.18991821192596803,-0.0046481955510078,16,,2
2135,0.7027828206785498,0.005101591911122914,0.007761177741295982,0.1996674335860942,0.03703484337410507,0.047652132708832076,34.64681084114492,35.6872451578528,6.2758864403485655,6.2758864403485655,True,81.5599313773148,7.269820188982378,4.6595423778544465,0.003551040933198017,0.08399534243895149,-0.0015205204802818235,23,,2
2136,0.11132908276184021,0.12092868538382809,0.03889301722437881,0.6050927681591959,0.1108461345605526,0.0129103119102046,27.080064367907536,39.92811768236841,7.756138968613697,7.756138968613697,True,135.17103458221294,7.01388503132285,8.736679957028118,0.0013684801301704725,0.12348191113681782,-0.002529841766147485,5,,2
2137,0.6357313246596199,0.1118303569219631,0.04993736406514885,0.08047091297486825,0.04201612198646721,0.0800139193919327,38.51102666115017,39.298598549974166,6.641789377810808,6.641789377810808,True,84.83031817650439,7.341922701494491,3.7967900059626594,0.005427850496447483,0.09199389718217936,-0.0016604315338030948,-1,,2
2138,0.24144886400507426,0.014985843732855258,0.010219339094283183,0.6743605068716829,0.053405301033301524,0.005580145262803051,41.67462071153525,38.80881907972607,6.490129536755827,6.490129536755827,True,118.80224382208173,7.314708221721964,6.721980165884782,0.007151274784838182,0.20746748938959444,-0.005598948495996344,18,,2
2139,0.46298479370602874,0.03538975400939866,0.014307219867591833,0.12942244877736428,0.17229541875990081,0.18560036487971562,36.7488179606693,38.04636324871905,7.809370705988113,7.809370705988113,True,104.1633950021619,7.16072363979493,7.9139981205322645,0.004129528058606889,0.14041754814095128,-0.002631234284585701,9,,2
2140,0.5941213270812937,0.028936502756695896,0.008429920126404682,0.1996115968909689,0.001256881509704185,0.1676437716349326,34.99358006054874,38.33363211092535,6.41783490075604,6.41783490075604,True,86.10107774951271,7.182477185666027,6.770840549001655,0.003566260935543181,0.11595330479100552,-0.0022051050986633294,12,,2
2141,0.45964099760828503,0.004867811276083236,0.05039385000803813,0.30272936172721393,0.17828822137501557,0.00407975800536408,32.00576712513965,33.40872736498372,7.912598471697291,7.912598471697291,True,110.19447542926518,7.193137561625968,5.930360171735172,0.0025309942344337063,0.08582683395739314,-0.0014021095235975172,11,,2
2142,0.6404419458860947,0.0001813162141698304,0.18496625307362785,0.10355683159346364,0.03251383255252881,0.03833982068011494,31.08690963587273,34.208421248676686,7.502217773485525,7.502217773485525,True,89.44136835478953,7.229397363166511,4.272047833309838,0.0023913713725220095,0.0428342712912746,0.00010571159062118138,24,,2
2143,0.4833276613568255,0.14918268048171776,0.008227531625235577,0.34741210660969346,0.003974571578420874,0.007875448348106887,28.013967600253025,36.39524893316139,6.941769378045607,6.941769378045607,True,97.99052943786369,7.142090937301728,5.759879275468098,0.0016712380367631852,0.05998956139163857,-0.0003700957258543855,10,,2
2144,0.5804845846597635,0.10114359139341854,0.03106694315807381,0.10079358989605294,0.001823709377174369,0.1846875815155169,30.76653619640463,37.873804234484666,7.1175139481031415,7.1175139481031415,True,87.3732827973686,7.095454462155265,7.121446781851108,0.0022041645661878555,0.08579399492072638,-0.0007894321101563269,8,,2
2145,0.2768086153380511,0.03702030548907994,0.10004285419975759,0.5618642480132089,0.015877552165436938,0.008386424794465509,41.35238447272441,35.78897062582719,7.434606041099139,7.434606041099139,True,126.47094447718985,7.319810761459518,6.214017273004373,0.006850336424696094,0.18381004263880346,-0.004820035552808069,19,,2
2146,0.33110418941567504,0.056727734106903044,0.026400418956312212,0.5155685674456896,0.009390556749659641,0.0608085333257604,40.007854426036005,35.05693733371335,7.365742694277966,7.365742694277966,True,120.6960786681717,7.262411847991432,7.0692891140428165,0.005852812217233362,0.1704475421372501,-0.004272510116753437,14,,2
2147,0.5646905268751674,0.23155936922815637,0.10166897382065955,0.03587835339783063,0.03892662284237911,0.02727615383580715,28.047115965760362,37.285545265905526,7.987283036930845,7.987283036930845,True,92.74031710213526,7.216848600878764,3.5389158077020446,0.001761257064506718,0.008140670592143915,0.0014933719815437099,-1,,2
2148,0.5510753176219575,0.131924378814243,0.04993364953523722,0.231896283911184,0.03448202600566641,0.0006883441117116573,33.34494810203294,32.315687596999425,7.949239727870141,7.949239727870141,True,103.3437391383453,7.262508839161054,4.375666856329268,0.0029886795063186733,0.061652881142801284,-0.0007374316711676245,24,,2
2149,0.5849049006991203,0.11841202246207169,0.004009326096988854,0.1325437277165535,0.12966897178888825,0.03046105123637751,39.91687636274765,36.504157312052456,7.247429287825078,7.247429287825078,True,95.42783039220093,7.377073134830407,3.544117814902723,0.006155858660658947,0.09879132747010841,-0.0019362818327516428,-1,,2
2150,0.3187235369976562,0.11437875307218204,0.09397563055160091,0.2977212060017978,0.03292873222206259,0.1422721411547004,35.877609248528685,39.34538591044915,7.940155854736437,7.940155854736437,True,118.76887959389903,7.156593493918119,7.8888380470251995,0.0037812820176397516,0.14440513325505175,-0.0029035387627084647,8,,2
2151,0.5060512217939535,0.08786442547148944,0.01987200540528418,0.3130233615869802,0.048572841472351365,0.02461614426994133,34.3524695138664,35.260549949035145,7.135237352324517,7.135237352324517,True,101.25960294006589,7.244726684672104,5.354413515861528,0.003354527068629297,0.09383681024987953,-0.0017683035960508575,17,,2
2152,0.532007468062881,0.05214301616080767,0.0893011588157427,0.05481916358718281,0.2709690489583077,0.0007601444150783053,27.42428096251137,38.41706641404552,7.770584561916013,7.770584561916013,True,94.55378148476358,7.192657391429337,4.35896236830424,0.0016386179536276597,0.029083139309597984,0.0008785189779738432,18,,2
2153,0.5521876353821937,0.30379319985439424,0.0643345530274061,0.028167634527308996,0.01785005492410563,0.033666922284591366,31.966416448257206,38.374899027285366,7.95455725490009,7.95455725490009,True,95.30874846522785,7.288777392172984,2.914617208942827,0.002728173681454545,0.022311563087769958,0.000741560596437574,-1,,1
2154,0.23525242112618425,0.09119172266225545,0.04075087560903803,0.5293592250313643,0.06787550522991873,0.03557025034123922,29.503981454864373,37.99506705645226,7.485520945301,7.485520945301,True,123.26679520781457,7.0743936924176545,8.045356663778923,0.0018495895341591503,0.11703709208715075,-0.002294789658357731,6,,2
2155,0.3951947156193683,0.0179097640529704,0.1354522183249506,0.4253107962707993,0.013214327785873482,0.012918177946037982,44.1346091344977,37.95282895100593,6.867557213421053,6.867557213421053,True,110.25181566188498,7.412198042017369,4.412749106167396,0.009354526879442375,0.170959273348834,-0.004300561102361775,28,,2
2156,0.7509750205221959,0.04354271599570211,0.014024048290417106,0.09503344341036167,0.08144762807472448,0.014977143706598755,28.808871825147303,33.89476613406319,6.798904766339425,6.798904766339425,True,77.69404988337433,7.205564330222575,4.260355123621603,0.001882208208718264,0.03815960541889455,0.00017915550333286873,24,,2
2157,0.5880528428054705,0.027899089104498533,0.11723403551155179,0.11444454243595782,0.13830113529166052,0.014068354850860628,31.985285750697045,33.649237495905766,7.962944328902864,7.962944328902864,True,97.09313884437269,7.248239613421998,4.250845938763393,0.002617655894774396,0.04957661635894305,-0.00016432043782744845,25,,2
2158,0.4790698722436443,0.04217561936052645,0.13457056328779549,0.24469023495663678,0.03308754032497857,0.06640616982641842,34.30057176120189,38.410541373173764,7.095262064144894,7.095262064144894,True,99.77470240301129,7.231959678643079,5.5318387081111755,0.003383397562125373,0.09594131703055718,-0.0016480742978251747,16,,2
2159,0.18808896999607086,0.12026891148508087,0.0026732280690020586,0.5841837316073208,0.009225024217213138,0.09556013462531228,34.88143256434212,36.27782203501543,7.8728091884753955,7.8728091884753955,True,134.60469233625787,7.1045625325105,9.156002113320042,0.0032230051715404695,0.16768505122596455,-0.004088003649207666,6,,2
2160,0.4112748371419173,0.04473644510608765,0.11169531829343857,0.35945413976650875,0.05061174760802447,0.02222751208402322,43.338275521615174,38.28713286622356,7.02337935365802,7.02337935365802,True,109.12696799993527,7.400383172722345,4.401511424411215,0.008658662080436213,0.1614994435830288,-0.003960593665136868,28,,2
2161,0.43315985082525826,0.045298072460711665,0.2068863000110537,0.2149156982746885,0.027291711240267375,0.0724483671880206,41.670761494897604,39.05823701813726,7.564468540863461,7.564468540863461,True,108.6570900806875,7.360852290132974,4.55923085973596,0.0073254716061507364,0.1380197906599305,-0.00304110624614735,26,,2
2162,0.42067538874497806,0.053963295737262953,0.0352310123228171,0.3537364863650577,0.11635506066976718,0.020038756160116918,32.963062652409086,34.69366599337799,7.659988021640529,7.659988021640529,True,111.64950721515109,7.195249838123888,6.221181227502694,0.0028171865076162894,0.0998830019073911,-0.00188379377128287,11,,2
2163,0.30168009748062385,0.16993135179063945,0.04326176069008697,0.31829130584259036,0.10336577111740987,0.06346971307864929,40.51832089628084,39.49697644204724,7.987615177280997,7.987615177280997,True,123.14376387945025,7.304092166764112,6.070788703921702,0.006401365394336536,0.1692739301455659,-0.0040237887469411066,19,,2
2164,0.45736255679239357,0.03420826964375666,0.06581177390697135,0.42537032615800885,0.00031583821805116814,0.01693123528081825,29.96264944500631,37.30619185033754,6.543097298021828,6.543097298021828,True,98.8136555764512,7.156098085212728,6.190226298129906,0.002073747256561643,0.0842905561238861,-0.0013302191030191673,10,,2
2165,0.4829534443198734,0.06287424077976975,0.061209606134570306,0.2109857720171582,0.027357947937868086,0.15461898881076008,32.412426644117375,39.19067962631274,7.026133214491648,7.026133214491648,True,96.16380436831444,7.123446693734902,7.307641859227803,0.002650048332110667,0.10528196747013356,-0.0015661860725029687,8,,2
2166,0.7409910863415352,0.05605508761758353,0.11528867142190735,0.043464738087427755,0.020571854263808056,0.0236285622677381,40.695439600360615,34.11045296327461,7.115091926272397,7.115091926272397,True,85.27104420035585,7.426295170517186,2.088073790499334,0.00658399562075709,0.057592370666849045,-0.0006734854970924161,-1,,1
2167,0.3745770290218391,0.08778996475264682,0.07667059822216242,0.43386906909310924,0.02532286634738172,0.0017704725628608013,42.83315705952977,39.388299019041746,6.729946825900563,6.729946825900563,True,109.37371582752027,7.399572600664222,4.3876064339506495,0.008288331808731592,0.1657467006881399,-0.0041816447247817546,28,,2
2168,0.490318414370446,0.013079122986657442,0.10351801381419873,0.1875631693189196,0.07221957607196525,0.1333017034378131,30.561247286984674,36.81227805214121,7.557520666768625,7.557520666768625,True,99.28466718890981,7.094947818251637,7.29277680330182,0.0021193139655162735,0.08865171083376132,-0.0008955747617431544,7,,2
2169,0.35765134361327033,0.010128209396759026,0.07784494542970323,0.44022235280264777,0.03598420186825368,0.07816894688936595,39.27650216646357,37.2385709134889,7.119342151997477,7.119342151997477,True,113.84876644330828,7.256173658492613,6.911476528814218,0.005510428309047388,0.163140229688218,-0.003938037789652245,14,,2
2170,0.2883264346930023,0.11630660488903344,0.012345572198862627,0.4402653121325336,0.011696394722923283,0.13105968136364457,37.93816085053683,38.30432275210108,7.458356813951184,7.458356813951184,True,120.28054456732382,7.180462819352061,8.265727925771984,0.00465836656777794,0.17117903198650786,-0.0039988227981646,9,,2
2171,0.890590091787555,0.015919006844412283,0.014597387589245107,0.025892164930983445,0.011887496376248871,0.041113852471555315,28.20562593504583,35.13476728138615,6.0486203251122825,6.0486203251122825,True,64.40674689852146,7.207886661868864,3.9240893710902007,0.0018238045443347772,0.039440735659736395,-2.3735339031103568e-05,-1,,2
2172,0.71559334922531,0.0965235235803647,0.006794289588020369,0.15121689056441598,0.02311076944893149,0.006761177592957359,26.650883123631818,37.64720239845353,6.124181938260221,6.124181938260221,True,74.49392338940989,7.179200904801173,4.349724362792078,0.001527604954666943,0.03541029546563934,0.0003370476776712328,21,,2
2173,0.3030632510609334,0.016673277509480472,0.006273944543593899,0.359873265612384,0.11362450883351706,0.20049175244009104,29.84703527213854,39.86798854604086,7.3912684207864325,7.3912684207864325,True,112.77123663195123,6.944613528340863,10.302335266519341,0.0017279997389218875,0.1413664591176516,-0.0025092637701850315,5,,2
2174,0.46680378749857426,0.013615155452724608,0.014844485251779602,0.3367071038621571,0.05102824119123877,0.11700122674352559,42.92324749340499,36.82677635977734,6.891362875679575,6.891362875679575,True,103.5849243138626,7.317725834157721,6.36289482323762,0.008050037501180156,0.17550906363345026,-0.004225293155238984,18,,2
2175,0.30792161185334255,0.13727586706370887,0.003833922527898604,0.47927521314931754,0.043984826270493764,0.02770855913523851,37.716037944633925,34.71831862292209,7.884420500123502,7.884420500123502,True,126.13956659384702,7.247572751398901,6.67374740771802,0.004631887748841317,0.14959035919324737,-0.0036587129232818734,14,,2
2176,0.7123112273652229,0.11161040562679574,0.07194140104099717,0.013540464180663533,0.08307823583600134,0.007518265950319428,36.612696920017264,32.451378346872104,7.864763377157791,7.864763377157791,True,89.15859678523944,7.369082206850184,2.338908685804681,0.004302770449005939,0.03804043808706423,-3.549790425799227e-05,-1,,1
2177,0.7166338017576436,0.037735134816763945,0.016905842688365754,0.08204419946756379,0.06606280687306329,0.08061821439659961,36.580790074326586,36.65787128090179,6.513475219795141,6.513475219795141,True,79.91950145099489,7.302300093133665,4.262537284506633,0.0043911459028017534,0.08614560048160784,-0.0015098321601917624,27,,2
2178,0.5293221390822662,0.08047710588033562,0.05526879232563231,0.24275034366915582,0.0476219542153828,0.04455966482722738,38.18805840381096,39.45606344953482,6.554532335389979,6.554532335389979,True,93.63518983061644,7.327062283513806,4.4424376222054756,0.005210635838471673,0.11200513772279683,-0.0023790056589105715,27,,2
2179,0.44115336159257634,0.07308680995116917,0.04669095372534587,0.3401395639376459,0.07517951641490538,0.023749794378357288,35.55240169517049,33.27387491636117,7.920960148434643,7.920960148434643,True,113.92608579444595,7.244222970815543,5.784045054670907,0.003715176882665307,0.1068159814054573,-0.0021995843479547445,15,,2
2180,0.5588004289314968,0.0891699624895541,0.054867025274490264,0.08821333552291256,0.007147705575229673,0.20180154220631663,33.01092873317475,35.49080486328809,7.845218352677219,7.845218352677219,True,95.06186868915631,7.111554898250177,7.409818185234413,0.0027434881953584634,0.09669988148160769,-0.0011294907752747358,8,,2
2181,0.5114886877827046,0.014044691545256787,0.050157503139961264,0.2104396127377917,0.1106207561080004,0.10324874868628518,31.812333863695677,37.53822308695051,7.102945371439652,7.102945371439652,True,95.8515051083972,7.14624375644195,6.7278585332197345,0.0025047574926611187,0.09432446605015292,-0.001346368658479299,9,,2
2182,0.4292090005295819,0.04595363323976943,0.123324597850339,0.3396308758818297,0.044548410799874906,0.01733348169860496,34.162774110713606,38.94124057786445,6.888594015582155,6.888594015582155,True,103.3352244869982,7.2525642114028805,5.227788219605413,0.003367530282020841,0.10036394445372879,-0.001973960374450449,19,,2
2183,0.6128031051884927,0.00040839012855795417,0.3110221637580752,0.016934393503867894,0.014258013635837707,0.0445739337851685,34.110819779405276,38.31904559910434,7.438450152156074,7.438450152156074,True,89.5898928503274,7.315637855889045,2.8792526043630553,0.003435847353702586,0.036762918125748015,0.0001877803208584882,-1,,1
2184,0.48478310421150156,0.018168397118510895,0.028070253214030193,0.36880357873488234,0.0006972441875416627,0.09947742253353335,26.485637586793644,38.77566637966642,6.310038207280305,6.310038207280305,True,91.24991085496795,7.025042870907064,7.686746885804872,0.0013325726684939737,0.08072759515043697,-0.0006397125211594554,7,,2
2185,0.5590955199728707,0.14010791539853445,0.06478545191080115,0.19962287263025225,0.01695005082203385,0.019438189265507652,25.98451710728614,38.799817069556156,6.726990912239778,6.726990912239778,True,86.9744254116171,7.141734895413766,5.000409265132802,0.0013840056398676248,0.03422669698399416,0.0007068239077859422,12,,2
2186,0.5427307005759592,0.2425489772044813,0.03172422424754217,0.0899540867420512,0.06467242865433746,0.0283695825756287,31.973020352602916,39.62690715016339,7.330393579549883,7.330393579549883,True,92.91428657310473,7.27128733316628,3.6260635433066324,0.002743249875906936,0.044311268571073766,1.8576709138512187e-05,-1,,2
2187,0.64264865658758,0.018645804441687938,0.05363382685839267,0.12972562790203326,0.0061212649807086605,0.14922481922959743,25.04496428493193,32.646409195687866,7.575027307053452,7.575027307053452,True,85.20948696315536,6.975409731443377,7.55658599313496,0.001053746638597831,0.05210332943378226,0.0007896261882083905,6,,2
2188,0.5111536353165879,0.024876171998471985,0.091136672429885,0.3045011821277601,0.03398101724687367,0.03435132088042145,31.55801022192247,33.1494309199518,7.595435605988579,7.595435605988579,True,103.58580871880977,7.178073847609909,5.915795447882559,0.0024047469677561956,0.07641654505235546,-0.001030410253561992,11,,2
2189,0.641705912819864,0.02614734589988518,0.1903081540239517,0.109926148755536,0.028559841361708325,0.0033525971390546564,34.16472135395566,33.189487223349005,7.728300385847076,7.728300385847076,True,93.65382158423243,7.314215305271104,3.1326616815700894,0.0033386938342009663,0.04217268527433688,-0.00013419918457441006,-1,,2
2190,0.32152367727862263,0.06476083678277395,0.11140667637054237,0.27109172579123797,0.009396874839632925,0.22182020893719034,31.836479939546134,39.83092871137488,7.918769559892361,7.918769559892361,True,115.11178774608904,7.000141462932345,9.673707620127574,0.0022497193272157942,0.13760629550189332,-0.002215266102319172,5,,2
2191,0.8652888353336542,0.004326617223518589,0.026588077369792323,0.01017776294714947,0.020755534145142394,0.07286317298074288,36.62805734902079,34.96229250350154,6.255339342937429,6.255339342937429,True,70.34310848538662,7.3323556850486495,3.3443940388645554,0.004445380575250094,0.06862622151606912,-0.0010937104020934602,-1,,2
2192,0.5162343096722805,0.044557381039790525,0.020983178282683652,0.2936085585540385,0.02823816887421594,0.09637840357699087,25.442311209473406,35.995588060717864,6.955565370196195,6.955565370196195,True,92.91941378150152,7.002182632038237,7.609883417566686,0.0011463031373054318,0.06448971133564028,0.00018174606174632514,6,,2
2193,0.5455113380177081,0.04289453781850303,0.06158750251022515,0.2122049376999586,0.05083557029626229,0.08696611365734261,31.02952217882711,32.540465145994595,7.94551929559755,7.94551929559755,True,100.81580012189686,7.13615492918856,6.494362887672015,0.002217859836347251,0.07433402035750485,-0.0007042117991792404,8,,2
2194,0.696705251204002,0.042179017880716915,0.01053024877178574,0.13933388443580322,0.10505343386075229,0.006198163846939931,26.59068653472014,35.95293687101973,6.543034624178835,6.543034624178835,True,78.33674477701173,7.162610021290186,4.717898372681869,0.0014789525673223139,0.03709605763383911,0.00037486646140202733,16,,2
2195,0.6072540694769423,0.007471609551046536,0.030877613633234782,0.25488645283759204,0.0474373041724918,0.05207295032869254,38.83267611956215,38.23357894343622,6.169703464922794,6.169703464922794,True,87.30899075865565,7.330981940367215,4.559098398832806,0.005545570394986513,0.11722477560078462,-0.0026050859283069114,26,,2
2196,0.25714521841364535,0.05180025204508961,0.16376823008584127,0.5168016591805262,0.009354634079556296,0.0011300061953413698,39.528559764117645,36.168963317291684,7.835545534488968,7.835545534488968,True,130.66251058461884,7.303838695306185,5.955450673643328,0.005712587056232598,0.16633457780284233,-0.004279013108665827,19,,2
2197,0.6387304201914965,0.20916923891025205,0.0270791232091608,0.07002984054943591,0.0035940217816573276,0.051397355357997505,26.803677233502025,39.17226971451639,6.7561330110609585,6.7561330110609585,True,79.62581344357886,7.167541592961677,4.422496312131825,0.001549900751347168,0.02678919416613825,0.0009237601592684946,18,,2
2198,0.2821868734526241,0.0027466615328463765,0.004176344876996775,0.46827513165426776,0.11107680623009329,0.1315381822531717,40.57720924654676,37.878154488875474,7.334211244599255,7.334211244599255,True,121.29840716068304,7.2105513401837475,8.642287752993894,0.006089138906425511,0.20091880948588686,-0.004965811564294798,10,,2
2199,0.6385883198113251,0.13150373728210585,0.005228701591061785,0.1652481791243784,0.051287474485200844,0.008143587705927971,41.696261256240994,35.87010267426877,6.856423698285377,6.856423698285377,True,91.4872475246692,7.428665200584246,2.673552470278259,0.007360750444820154,0.08949287460500624,-0.0017362942045156594,-1,,1
2200,0.7702743641365979,0.07223399951907927,0.006131761364206381,0.07853679876948402,0.04467622545521409,0.02814685075541838,35.56914180016519,34.31305000683521,6.678475164549964,6.678475164549964,True,79.06137155984473,7.326393370140805,3.3031560303169556,0.003937908303486174,0.05990430807124583,-0.0007849221786235275,-1,,2
2201,0.6015015677324617,0.019008659708782395,0.2716932348093884,0.025774538210513162,0.06638364553079505,0.015638354008059362,29.07602112808808,36.31857870221276,7.891532141598969,7.891532141598969,True,91.1402735501864,7.243166515001736,3.2426296638866905,0.0019711859117477826,0.010529564605493862,0.0012655156856522273,-1,,2
2202,0.4929257893560027,0.11337120033645255,0.2004574547286297,0.1362267814085065,0.012686915366518673,0.04433185880388983,37.93320015333464,38.51083936441203,7.706794287604474,7.706794287604474,True,103.38289435751967,7.347726301699805,3.495829874481962,0.0050608146883020415,0.08256107541734807,-0.001344908573880248,-1,,2
2203,0.36869001386156114,0.22428712240415144,0.04716535849583276,0.3506880959824494,0.005692186405992364,0.0034772228500128165,39.669913540579174,38.86814791911357,7.3914245854065665,7.3914245854065665,True,113.85092647358785,7.362311029375737,4.172037326424405,0.0060203669373324565,0.13052989303504112,-0.003061251860704966,29,,2
2204,0.6230313377641856,0.04344959604091887,0.05312276746130817,0.007136936501979746,0.057476465247387185,0.2157828969842204,30.196921939125605,34.60300047078928,7.9423548211968535,7.9423548211968535,True,87.7816012663734,7.054847892752778,7.58527110941512,0.0019767172452274276,0.08039916774703022,-0.000393884705828967,7,,2
2205,0.7189381327079187,0.0893659496778332,0.09293160666341832,0.031509051172942476,0.04712888863814521,0.020126371139742066,36.90431594444986,35.46206079419996,7.055186935488102,7.055186935488102,True,83.45323590784434,7.369729467855846,2.4564080039441736,0.004543107272482102,0.04820607255459159,-0.00037898709587006775,-1,,1
2206,0.7618904713636608,0.05092232062209656,0.016644159644860712,0.1047371611198861,0.0024648052860769105,0.06334108196341888,29.894268701697854,35.820239358343215,6.321783268241145,6.321783268241145,True,74.05894966782819,7.199290680380937,4.684561939996939,0.0021434708857740025,0.054298620211513826,-0.000373829563332607,19,,2
2207,0.6276745997023209,0.19841215919957378,0.011066799669339197,0.09516579538512596,0.019763720857880956,0.04791692518575908,39.48183023576195,38.16291600640345,6.8707460231366,6.8707460231366,True,88.23729742809633,7.382899749485201,3.008017626450256,0.005970230091693107,0.08142122864652075,-0.0013951169046567515,-1,,2
2208,0.5877303933926381,0.08349223254083503,0.13096503716014038,0.07840986638438797,0.0940173431800025,0.025385127341995908,33.4165247903365,35.38168897313186,7.831980822828676,7.831980822828676,True,95.4898972876491,7.285873216446105,3.6587997028178556,0.00311239370666982,0.04835861203356235,-0.00016877492564170454,-1,,2
2209,0.5909523631100366,0.2768999316119161,0.03014166343184438,0.012169300466945988,0.03561398084019224,0.05422276053906472,32.57320867742941,39.79957498894402,7.369942881440024,7.369942881440024,True,88.22957372944352,7.281919805561786,3.307315455422117,0.002939901524716637,0.036635221887169264,0.00030450555150266005,-1,,2
2210,0.4897850681333428,0.10724849706219619,0.009504284939441993,0.36405068050877265,0.0031502727827051676,0.026261196573541316,44.06177361911734,31.197100067303467,7.917490236772392,7.917490236772392,True,115.57027845584643,7.395532197496778,4.6241310737512435,0.008925622395159262,0.14769247557013887,-0.0035693942642669647,26,,2
2211,0.35225921579005165,0.0464764368373737,0.04000751015124026,0.5170587981597047,0.0014257532508761938,0.042772285810753444,40.25508809231364,33.62060884621329,7.5241444921543295,7.5241444921543295,True,121.87515370135898,7.279081045361769,6.698787081562076,0.005994039274450632,0.16399984668404377,-0.004128991674822768,15,,2
2212,0.6230079214825603,0.0740019949331911,0.010740575232871509,0.12332653744014951,0.08642202981022053,0.0825009411010071,31.16284020231486,33.441276030267616,7.611512568678527,7.611512568678527,True,91.19559767802697,7.170697274304624,5.717819131069175,0.0023260195372726655,0.06522681826228749,-0.0004696002554233941,11,,2
2213,0.4774884555624401,0.03490352275998231,0.08314122824285962,0.08640896515781263,2.109377849178392e-06,0.31805571889905615,39.20017105351086,38.736201556328496,7.796900779702314,7.796900779702314,True,101.50521608730023,7.1220845794370735,9.25174984320485,0.005142989276783787,0.1681935378122448,-0.003243270032378337,7,,2
2214,0.3366665181965058,0.006966478424915768,0.09004623758072708,0.5071561176289507,0.055726192054532254,0.0034384561143683363,30.13312324045824,37.92637072114759,6.84271098981826,6.84271098981826,True,110.51804824216504,7.139580818791052,6.829028224260645,0.0020790118041524963,0.10220308992380803,-0.00196008612520367,8,,2
2215,0.5049025940757071,0.1314053144994708,0.08787488627960878,0.14963489604085253,0.09243844158782148,0.033743867516539225,44.48668314301696,38.875621671218994,7.384360443193946,7.384360443193946,True,102.55836364813617,7.456322116428869,2.8229125069340397,0.009770554719446994,0.11794053005268564,-0.0024360092225288415,-1,,1
2216,0.480506899392373,0.023044482524241718,0.078582883310376,0.26128434985303517,0.12918753683513642,0.027393848084837823,43.2286644318897,36.182857579019284,7.392916375246446,7.392916375246446,True,107.15263613428473,7.40174280511421,4.223837859894469,0.008491477516668362,0.14648975939480363,-0.0034347125216037068,29,,2
2217,0.6274275937015995,0.023056600545879196,0.020353702595657452,0.18759749385306734,0.07650380869093182,0.06506080061286479,39.960275338205605,37.78428620981143,6.402560067568715,6.402560067568715,True,87.09641809668241,7.349346339865641,4.339223701213502,0.006210870831341104,0.1173837524679894,-0.0025538350185525917,28,,2
2218,0.6793243289897256,0.10890958094687145,0.09556874029484896,0.09403786099458318,0.0075005414481348195,0.01465894732583598,30.26513814853577,39.73575745866963,6.282575618662454,6.282575618662454,True,77.51354296115885,7.2622795899173465,3.348021744212934,0.0023270738694035,0.035610327511896,0.0001784997562337618,-1,,2
2219,0.3888889353690367,0.11163201195237246,0.04970236539460779,0.3827792078551273,0.0059967193870169464,0.06100076004183868,40.66489680123739,37.724862139640166,7.159390598794054,7.159390598794054,True,111.14480059398909,7.315595649524792,5.735502741187481,0.006496027423078782,0.15655447089153093,-0.0037590121496302266,20,,2
2220,0.3848641629807108,0.02893654971891082,0.1734103934030635,0.30318593212637823,0.026679023853566755,0.08292393791736989,35.32618580429787,39.56235776492562,7.3034120968966905,7.3034120968966905,True,108.84225447451476,7.21773401458578,6.3113693194434415,0.003725060836434355,0.11984095936564065,-0.002366599797590814,13,,2
2221,0.7024832659510943,0.058346686508646585,0.002092211532395613,0.14652651513164341,0.0075223546003788415,0.08302896627584114,28.37451910673881,32.19223179338968,7.210025756177788,7.210025756177788,True,83.17704116199472,7.120937659898307,5.8741689214607025,0.0016856921316680176,0.05258913172032429,-3.9363907083898387e-05,10,,2
2222,0.3139294441951959,0.1474864278120893,0.050338653796389174,0.4652412449030975,0.014449669041725594,0.008554560251502431,29.421205878412238,35.46138827782346,7.805749500109358,7.805749500109358,True,120.16012796662406,7.121408150728759,6.801654170718353,0.0018744074478639133,0.08930025137030108,-0.001438685080591613,7,,2
2223,0.3154450479897781,0.16892480620720615,0.026193493020301738,0.4133470610964988,0.055940713012217945,0.020148878673997315,42.795645808137905,39.312058136772265,7.31049889301045,7.31049889301045,True,118.12236907902867,7.376597396297769,5.031833728351824,0.008180439968507244,0.18021795508926836,-0.00454947718968128,25,,2
2224,0.5863777521763268,0.04861405960423884,0.017582202324604168,0.0991847205124225,0.020929046610640555,0.22731221877176738,34.45727538348255,38.41302681673543,6.917992804493974,6.917992804493974,True,87.12080465011654,7.1320842976946714,7.543283685174909,0.0032830835238029012,0.11698300477108849,-0.0019495185769913771,9,,2
2225,0.5142392925219074,0.04539796616106859,0.12450974030397473,0.27919706995534654,0.008929734764450418,0.027726196293252525,36.29892217409964,32.230767782062415,7.970190297713479,7.970190297713479,True,108.74381463253074,7.278914812981043,4.945202619316348,0.0040474540906257645,0.09100151030393944,-0.0017091205502615674,20,,2
2226,0.5234840254805299,0.0010487032127947924,0.01714196047986046,0.38144491286229204,0.030450029027821488,0.0464303689367014,41.44722150316338,33.37352269102227,7.019246551824035,7.019246551824035,True,104.41322999008207,7.335867010453673,5.422605707343157,0.006915160057004392,0.1446647267993328,-0.0034849371554777995,21,,2
2227,0.6807345454109555,0.08074377417037676,0.056360301454057245,0.09832718044412729,0.016861545480254737,0.06697265304022836,27.722251584914833,30.791974528382553,7.998372130962114,7.998372130962114,True,87.48698969833994,7.126239346381386,5.418404756337922,0.0015541018304179952,0.0346943886394782,0.0006955497631196719,10,,2
2228,0.5038148170106657,0.11562826790072324,0.14534307126345342,0.11624801027610786,0.019923825313383468,0.0990420082356665,43.23510324318778,39.81943375541836,7.410838099431945,7.410838099431945,True,100.35540210624184,7.392627870067052,3.954228833675311,0.008631822445079826,0.13009788951165824,-0.002710817384657052,-1,,2
2229,0.7935904307450535,0.04177809003021805,0.037163161820953694,0.07486424298469786,0.015239269745553195,0.03736480467352387,36.25927508114628,36.100883594644046,6.229831006347052,6.229831006347052,True,74.82994021549266,7.340803702813369,3.132527835839371,0.004299884991797593,0.06457995934508445,-0.0009769818597817233,-1,,2
2230,0.5629137788632731,0.15679649285214245,0.05342128580668003,0.17492443934397642,0.030269771528866524,0.021674231605061597,28.834266719764578,35.92814461159698,7.369863946283058,7.369863946283058,True,92.9610894694533,7.1890152743387645,4.692702114256746,0.0018729902288572484,0.040630213820867705,0.00029576688663853336,16,,2
2231,0.45179837062050376,0.11359397124586611,0.08377943347960864,0.14552561315761106,0.0017683356406603022,0.20353427585575012,29.58484868509181,39.164924759423485,7.699456464113175,7.699456464113175,True,99.8383217682923,7.0205606727159084,8.291899335985748,0.0018368519506570796,0.09395939028662577,-0.0005909781960520057,6,,2
2232,0.695714787130114,0.06023350550725876,0.19134582763724822,0.04471243753129306,2.5216214995543616e-05,0.007968225979090424,31.2629157152724,32.38822078296266,7.884037127425094,7.884037127425094,True,87.65371427527369,7.279506007203754,2.928611285137881,0.0024426689980545616,0.016500600799363954,0.000810772010536035,-1,,1
2233,0.6672707077580842,0.14421751059638951,0.06693357064415582,0.06348234202618702,0.004578546682440736,0.053517322292742656,29.522979503224462,37.85471878258972,6.8055794858240155,6.8055794858240155,True,80.16450171388756,7.214510629590992,4.126106418016163,0.0020887586269538326,0.03705358054930359,0.0003583784059582927,27,,2
2234,0.6657675516465021,0.13327452325450717,0.00010663409875254012,0.08057507301154353,0.018282635112843473,0.10199358287585127,34.390927027673726,38.00429732074089,6.640348111947116,6.640348111947116,True,81.44005654592793,7.252374593476259,4.741689505381783,0.003488153227523213,0.07834914340713306,-0.0011090002345703937,21,,2
2235,0.33213703318451265,0.016846987781814683,0.01593151355067634,0.39453211788012327,0.164449352196788,0.07610299540608491,34.631755532196436,37.56780875684382,7.461612246425804,7.461612246425804,True,116.23856524223824,7.1595330132793045,7.770141760294848,0.003308124749493379,0.14178806203792152,-0.0031044540064146934,9,,2
2236,0.5026374099569897,0.04082618945773904,0.07111443090463637,0.11380322083106727,0.19246586667424706,0.07915288217532063,27.588502183835143,37.35997285150473,7.808596778839359,7.808596778839359,True,97.24740989684844,7.092762891687179,6.474223936633058,0.0015604796754821568,0.05869513663891942,0.00027693443748234565,7,,2
2237,0.8183448445460692,0.0464984820918874,0.0007712119326726621,0.11330032106295314,0.0047917660661611575,0.016293374300256357,25.070687511015425,28.95498102424686,7.421468437234096,7.421468437234096,True,76.2872393563894,7.112144208442757,4.952948299748246,0.0011499730020505714,0.022351965869166886,0.0008886860827522369,12,,2
2238,0.6105351892977863,0.19525295647483693,0.07726863349714705,0.05870574714917427,0.005366424480814936,0.05287104910024055,34.26104965871193,38.82799981365003,7.102385723474917,7.102385723474917,True,87.5234978036035,7.301776861351429,3.3937627330298628,0.0034967569098088634,0.05154814604864873,-0.0002985709072272133,-1,,2
2239,0.5237200414948483,0.06836759507669826,0.0349771557868023,0.23711152019491086,0.10230495732688244,0.033518730119857995,30.079302305126323,39.55473696741426,6.585604259436121,6.585604259436121,True,90.85874317196541,7.1855339427782114,5.440832896301239,0.002176821018498466,0.07210422828741266,-0.0008054513695645542,14,,2
2240,0.18314107282659442,0.11139803945230332,0.06834954467297746,0.5130818926024739,0.02639424117133768,0.09763520927431314,27.53863348120644,39.0898683141571,7.829292199036044,7.829292199036044,True,128.31513846974389,6.959531481905471,9.459547522508714,0.0013637305664795723,0.12064596606594609,-0.001963211911083675,5,,2
2241,0.6632148002683512,0.18981907679141674,0.08101345738416961,0.01628699270177839,0.02606644535992715,0.023599227494356775,35.522220322847986,36.32598717931579,7.426120903471092,7.426120903471092,True,87.3392977024097,7.353354096908753,2.3597914745208994,0.003945839698342266,0.035778178857172674,8.029593775342584e-05,-1,,1
2242,0.5843441736250086,0.08771405468929289,0.00907552051276294,0.16639957226040478,0.13732517484140092,0.015141504071130048,30.116160711398862,35.83643416189632,7.198094853869483,7.198094853869483,True,91.45709222437722,7.205832061627287,4.839908435489596,0.002157746317869806,0.055084228895685164,-0.0002835914647716122,17,,2
2243,0.31117850605697434,0.13499950695767896,0.1140441470648816,0.322133694261726,0.013270242120932344,0.10437390353780664,44.158127348404264,39.88453464547372,7.799626253299977,7.799626253299977,True,120.83191988960664,7.342737552510487,6.114064040485314,0.009215850680410682,0.19619819951992407,-0.004746027518327937,20,,2
2244,0.4994678040310244,0.1146912929000328,0.017592710493599423,0.2214591431022152,0.032331419129208804,0.1144576303439195,31.882670868564595,35.811748570231956,7.525713854727485,7.525713854727485,True,100.07792209274253,7.136783359511265,6.821541683773181,0.002478198129664304,0.09009213347805377,-0.001164794160192944,8,,2
2245,0.6283326481464425,0.13911506989193975,0.11127932292061639,0.02470641021207054,0.02206143390637256,0.07450511492255814,38.495943829796715,37.10166079132226,7.453818924662653,7.453818924662653,True,90.37951950283382,7.355595134534928,3.2253087920232506,0.005352941012716792,0.07122852847473318,-0.0009437969764928537,-1,,2
2246,0.4178028967860815,0.015525367784553488,0.22353766859799887,0.299260891754928,0.02001336503141804,0.023859810045020243,29.873176959908868,35.76236141027515,7.876274531875807,7.876274531875807,True,110.29621406502635,7.16612963859612,5.695265848002755,0.002037132449299328,0.06624869081346925,-0.000556138827647442,10,,2
2247,0.5296104706468526,0.06820551933511525,0.009015642048009103,0.36778444212314226,0.008970555080775803,0.01641337076610483,29.54623908474257,31.932849898061416,7.411649439707898,7.411649439707898,True,101.75602787948864,7.138199863329581,6.194857893332296,0.0018896567547832096,0.06786290410848854,-0.0007427631950565865,9,,2
2248,0.45306151284898544,0.08087783599258469,0.06544380573834885,0.3121853841648208,0.02820285593201735,0.060228605323242944,37.82268454916128,34.49671935187723,7.704333243705269,7.704333243705269,True,110.80391354162475,7.270264271763678,5.78645563929588,0.004755107658576507,0.12166365124482975,-0.0026132422433659047,17,,2
2249,0.5392237987456935,0.021209223295833964,0.10652144011909384,0.29947057317064274,0.008259530709098324,0.02531543395963785,40.3028176881878,32.15031212383893,7.6611834626987365,7.6611834626987365,True,107.30383164666044,7.349006935307626,4.506152971135027,0.006165908224384133,0.11460224381749043,-0.002541545169993851,26,,2
2250,0.8508298615348899,0.029696126315064297,0.019857275024652236,0.002843438105042992,0.0470205323139372,0.04975276670641339,31.08322811699057,36.98649407368124,6.029996453114964,6.029996453114964,True,66.55353545390524,7.258776479910397,3.5733413094773745,0.0025289513025717673,0.04747073532117346,-0.0003171945688467727,-1,,2
2251,0.4791760020587995,0.0840343588307405,0.030366293238061486,0.21967966295857586,0.1586678507668673,0.028075832146955474,29.474172036099134,38.72395332663241,7.146499654247026,7.146499654247026,True,97.5484871112068,7.169247873924673,5.643888405481324,0.002006367782113975,0.06889726440514855,-0.0005824217755017362,11,,2
2252,0.6691281494737238,0.11210472149452688,0.060515315718406106,0.01992191532977793,0.13715597530821644,0.0011739226753489408,28.14079719123299,38.5065342694388,6.886123072103931,6.886123072103931,True,79.644344256341,7.237151801684746,3.325535926204938,0.0018278150601622545,0.01872491902761838,0.0009233611528350832,-1,,2
2253,0.3309757212448684,0.023534618092246926,0.08850704218772679,0.2528490436980963,0.15196655051883906,0.15216702425822254,31.782214066862533,39.957999208497526,7.909472077641883,7.909472077641883,True,114.81664709394025,7.058396690292577,8.729245952397854,0.0023495957445343273,0.12849879702597217,-0.00208697552861367,6,,2
2254,0.5199780052021484,0.04137119532655904,0.2412848632494993,0.11060871793020761,0.0002218166759859192,0.08653540161559978,31.09519796625571,38.85202138988181,7.511939718065646,7.511939718065646,True,95.53256323090461,7.193488914721268,5.0967735226037245,0.0024158767669151225,0.0568399308079729,-6.935142400828483e-05,14,,2
2255,0.49995732767961104,0.014296743790844333,0.11677980622370773,0.2002757878602839,0.006742138616891294,0.16194819582866166,36.05728526328983,37.622638335298845,7.246100969623779,7.246100969623779,True,98.78075459889469,7.187531885978745,6.9678072932247,0.003926750216738426,0.12106228726870322,-0.002227040406794148,11,,2
2256,0.6102641795212962,0.11015364328134232,0.13259689189991036,0.1107130379406136,0.01138522022070657,0.024887027136130876,42.277995249219686,34.44846169233885,7.692959838591129,7.692959838591129,True,98.68693542428223,7.437894662296703,2.370811046445913,0.007693376238577979,0.07750787432480838,-0.0012494201398602575,-1,,1
2257,0.47920366125211394,0.006257252351653121,0.12086432549012596,0.2641922616460901,0.04607362705903884,0.08340887220097809,38.60329869239795,39.605160194775706,6.740424707301322,6.740424707301322,True,98.31933951918413,7.291997886144006,5.492760967599542,0.005346798041969708,0.13134837534114108,-0.0028698668003390763,20,,2
2258,0.44686212837227285,0.09625552008343437,0.008932372087194813,0.3450583848758285,0.01072305228306418,0.09216854229820527,27.234054233099176,32.8804941605578,7.897554362292901,7.897554362292901,True,107.44218707231077,7.011046296025536,7.933478095186241,0.0013515653698358983,0.07394424171258805,-0.0002859461724726389,5,,2
2259,0.1724636150528104,0.01506101422300785,0.12214504622585612,0.5811140888026475,0.10586755054520308,0.0033486851504749347,27.13216886901206,39.60937896798116,7.409437420371988,7.409437420371988,True,126.78372907852699,7.041780306189218,8.148492058291168,0.0014139760266177086,0.11097665030634236,-0.0020707720494323742,6,,2
2260,0.37533505493752595,0.11478625024491783,0.020543133842529423,0.4147174774122642,0.0511452164924102,0.02347286707035246,40.816943314709064,37.150049319124335,7.201126471355121,7.201126471355121,True,113.71433659524997,7.3364837137612735,5.381901447545078,0.006618149830200001,0.158303672661347,-0.003911730865937827,22,,2
2261,0.4234653353223862,0.09897892709643123,0.0852761267300987,0.24284659274736467,0.0315969644690363,0.11783605363468302,37.462882237089275,38.37969550965815,7.534742729464174,7.534742729464174,True,107.65765096473838,7.233944852162521,6.469013772356281,0.004615775069980478,0.1306027504526368,-0.0026429255360846497,13,,2
2262,0.7209228888815339,0.016957230681524677,0.05171244499170869,0.1949881945665921,0.003540154272577665,0.011879086606063018,27.003417373631112,29.041889677326793,7.663377812564807,7.663377812564807,True,86.83774834278447,7.130671857370578,5.229623995585213,0.0014167536734316644,0.031594316317978086,0.0005677616129862249,11,,2
2263,0.8056856762234252,0.011870684103533409,0.08511058496682063,0.02295099846102214,0.033201044947881335,0.041181011297317355,32.93716364277401,33.177993946882765,6.935581782717848,6.935581782717848,True,76.2189216690821,7.281789506270819,3.473560787175368,0.0029614079879473525,0.04374520538889762,-0.000163697345465347,-1,,2
2264,0.22735674696582028,0.09711872464345135,0.03374964646383739,0.45952243551506977,0.17106796765356092,0.011184478758260223,43.499881887381996,38.323719103032815,7.934890841885346,7.934890841885346,True,132.51811711886128,7.357510351509668,6.112736501010365,0.008616185978386624,0.21786114283283906,-0.005702916978141755,21,,2
2265,0.45832276418905643,0.13214602511162607,0.023676043662637144,0.20516891447048963,0.05537206926511273,0.12531418330107796,31.63249920694267,37.75632524496817,7.565812216752056,7.565812216752056,True,101.96306500985479,7.1230811448587446,7.070268901328751,0.002420091382263104,0.09440588315976547,-0.0011756646032657697,8,,2
2266,0.6443347708321779,0.01102415580731309,0.0030859466641284775,0.056083699578915194,0.20192484501655167,0.08354658210091363,39.73813340025126,34.19129730786291,7.589576559550777,7.589576559550777,True,92.7584279251776,7.330262108865592,4.633125536738309,0.005905776162555457,0.10749687910786396,-0.0020579469299165107,25,,2
2267,0.3712746601721867,0.055265368274706,0.1828108759146357,0.3544135483633134,0.03579131379075475,0.00044423348440320265,25.265975532040116,36.57800752498226,7.7762716822040865,7.7762716822040865,True,110.9209126823741,7.080730682389204,6.236538607540382,0.001189306549172782,0.04647623700753959,0.0005139809971679837,7,,2
2268,0.5823328053794238,0.11184917541249462,0.053168063832371416,0.16299227491982016,0.08037602772000026,0.009281652735889708,38.06206116294796,37.14884249850748,7.022703990475939,7.022703990475939,True,93.94999000255439,7.3656778102522455,3.264714120715963,0.0051329925726990785,0.0828301560831278,-0.0015003402984538655,-1,,2
2269,0.3983470390785155,0.017906975125959686,0.14021859767063838,0.36986112852064223,0.05917781791261903,0.01448844169162535,40.61971169873024,35.010085893123545,7.729250621711134,7.729250621711134,True,117.60092797980224,7.342934159507456,5.0426319787398,0.006432453396491257,0.14426019052988684,-0.0034718397415631915,23,,2
2270,0.4943179280792505,0.11737689703555267,0.04861062529234478,0.26047649548722707,0.023406491855929717,0.05581156224969529,33.45105681496496,36.927602927344566,7.180643910537973,7.180643910537973,True,99.75420722023306,7.220311940632706,5.538488657917469,0.0030633246511093666,0.08842239827901524,-0.0014271979731446422,15,,2
2271,0.6694324270179007,0.00820520875374659,0.15136714514025357,0.06402930368076937,0.09529236600259446,0.011673549404735337,28.06443737879649,36.84856308873604,6.953638211080669,6.953638211080669,True,81.36006212973089,7.211995942125996,3.8810772231602813,0.0017747023693853324,0.02594521241318325,0.0007323320960842448,-1,,2
2272,0.5275623398381775,0.023756387704680085,0.1130023969376233,0.3181411755860619,0.016179350107547757,0.0013583498259094292,27.71413622174431,37.251967353384074,6.616715461669664,6.616715461669664,True,92.28742269450979,7.15419223851473,5.411978875892853,0.001647373480213412,0.05487838511292052,-0.00022828496210742488,11,,2
2273,0.5180038237164685,0.10021684211694455,0.023031752444564898,0.17170156425783525,0.12347826912450113,0.0635677483396858,27.53657624609313,37.493371776807166,7.333539738529135,7.333539738529135,True,94.0494519910334,7.108024249159471,6.18182036146451,0.0015732133301808856,0.057404140449191815,0.000121235279259769,8,,2
2274,0.6746450529147062,0.07226798229963274,0.1958367649162111,0.02956242844146181,0.003305043466935267,0.02438272796105301,37.84946062000253,39.994700012133066,6.595341216350931,6.595341216350931,True,82.10817224338707,7.396269789726839,1.965712086289394,0.005112056430656903,0.04645248385217851,-0.0003196419557649573,-1,,1
2275,0.4621576507707474,0.07033715718253077,0.033045684853764454,0.29327438780016707,0.06138214280536565,0.07980297658742465,25.56335695740416,37.279931420105584,7.1222448180431694,7.1222448180431694,True,97.39204803745432,7.017946940894319,7.440725687241428,0.0011838066089588013,0.06422041614766877,0.00021909652998226324,6,,2
2276,0.4070914644635639,0.07547550854620565,0.05510747881360407,0.38535997764378416,0.06086156933464678,0.016104001198195463,44.38226239571553,36.17718430006276,7.31094778717388,7.31094778717388,True,113.66497672896837,7.410111363233326,4.536685472642982,0.009487592580202393,0.1705369606227089,-0.0042490056641242375,27,,2
2277,0.48882974629686504,0.03613420169015962,0.02653604682035472,0.08166964806603653,0.07879218472855175,0.2880381723980323,26.287286025238657,39.720723691916405,7.505087608893368,7.505087608893368,True,91.70926443972833,6.815620069444374,10.389342325674704,0.0010209354044903778,0.10096325662403392,0.0001318575368670202,5,,2
2278,0.5041023488712705,0.012559551960455606,0.2561612562778613,0.14809231642029252,0.06935974384950698,0.009724782620612979,29.726022247975315,36.973920972655954,7.828199444538187,7.828199444538187,True,100.54314221924656,7.22411046419601,4.155822286194857,0.0020920254718329646,0.03691741389402531,0.00037514980935863325,26,,2
2279,0.5141721939541465,0.023280430737160494,0.17448121569889827,0.033588127211595285,0.1418451860624805,0.11263284633571899,34.51046597143662,39.79897494248212,7.779099995474403,7.779099995474403,True,97.60274503777336,7.226854022103967,5.416108516448392,0.0034807985307379616,0.08533060913938768,-0.0009778935681902465,15,,2
2280,0.5678944647770706,0.05677639536233863,0.12282162993757244,0.2344730103392982,0.008718827398290458,0.00931567218542957,36.421121695861814,32.73181057858835,7.697090046171462,7.697090046171462,True,102.26924198762097,7.314071607215298,4.045276473356045,0.0041727741930501945,0.07748543970836409,-0.0013353157011265953,30,,2
2281,0.5326961683365673,0.18092051429696362,0.16816089902988451,0.037539894042421765,0.02357017696982631,0.057112347324336565,37.88026601326744,39.72337816905173,7.766550189240409,7.766550189240409,True,98.40819804675348,7.362028800860808,2.867716017758153,0.005080666796868045,0.06369559553361752,-0.0006834333187491358,-1,,1
2282,0.4290652824560405,0.020302301351662916,0.009368255482606084,0.1080586323860029,0.005180020715052855,0.4280255076086348,32.01980317173943,39.10104483387634,7.88871858789945,7.88871858789945,True,101.52402029604582,6.800537917141137,12.515046195808633,0.001789060020355128,0.17922756780446444,-0.0046397995321708135,4,,2
2283,0.43805734799391793,0.03606058985792466,0.2577526743490577,0.17109528388935324,0.011503367372669788,0.08553073653707675,42.92398976124528,39.36804317147819,7.763876796326878,7.763876796326878,True,109.33961020541935,7.382356840490389,4.252367329602982,0.008320332908686483,0.138735538338251,-0.0029938655917250184,29,,2
2284,0.3507916788659158,0.02592403494702144,0.1270107206545457,0.26866546810302644,0.19766096029304223,0.02994713713644842,30.77609513523414,39.06973045597316,7.900243919335204,7.900243919335204,True,114.5651120471954,7.164668609455444,6.305974289196013,0.002269367745227683,0.09267882418616423,-0.0013589194753059978,9,,2
2285,0.33363882922766563,0.08314353971753004,0.1588488200188052,0.4141756472461249,0.009520855347248178,0.000672308442626122,29.28285811249239,35.72875832307967,7.92367269814938,7.92367269814938,True,118.88514140453331,7.144996643895958,6.176925055465612,0.0018815850283934899,0.07747982423653475,-0.0010368313123580715,8,,2
2286,0.4275272094785702,0.171012188682754,0.07780719178154903,0.17673203756232397,0.12140879973893562,0.02551257275586719,32.80728460339153,39.785559257513924,7.744352589243724,7.744352589243724,True,106.35938923866864,7.25307895103454,4.592446640618652,0.0029461268810553783,0.07357573265891561,-0.0009037078511376386,22,,2
2287,0.5238690706084176,0.21367855802247412,0.04987135311367301,0.0986176710909053,0.05349013629709614,0.06047321086743372,37.517501214990695,36.836871073099566,7.971075634256795,7.971075634256795,True,102.08064811290213,7.324558871535284,3.931164518884943,0.004789172352412741,0.08210356743201992,-0.001252155586940112,-1,,2
2288,0.6603549846847457,0.13145211664179815,0.05804688663783149,0.016748671621137624,0.10250396531487646,0.030893375099610477,41.11424125595,37.515049038489764,7.147511478584205,7.147511478584205,True,88.13804203610239,7.43079920543418,2.1478543934752596,0.006983701215324503,0.06672799963371448,-0.0008756290716872825,-1,,1
2289,0.5041698520584003,0.1169260550413323,0.14078530099214892,0.128600329710386,0.10443971090635501,0.005078751291377462,36.318055572776004,39.71011526863874,7.401140912958888,7.401140912958888,True,99.69553940667215,7.352857709208152,3.028161509627423,0.004340061744689729,0.06917468153138881,-0.0009905463705488324,-1,,2
2290,0.35401615617708243,0.002997765254441108,0.056004107280441064,0.40075842692280633,0.07493896642551601,0.11128457793971315,26.211976358412393,39.50315369282441,6.900941181977265,6.900941181977265,True,104.46798393930348,6.965889124184523,8.78624754579201,0.0012132776667641892,0.09445045961652247,-0.0007576522475093075,5,,2
2291,0.5127165576486377,0.13907973605091242,0.01951197828394394,0.22585914545775798,0.04649836288882071,0.05633421966992733,44.74597070548769,34.261613824992736,7.7838022482222815,7.7838022482222815,True,108.09824531723767,7.418011514825748,4.05460539899569,0.009759456224142453,0.1424701782266338,-0.003232553881586287,30,,2
2292,0.5576867779016034,0.0630476488951195,0.11033554050996047,0.06953711137081006,0.024935076340098977,0.1744578449824076,38.62080865685324,38.681700173922394,7.345557709998648,7.345557709998648,True,93.40167811787855,7.253668360526213,5.965743250877923,0.005269582536503149,0.12025941420935013,-0.002197205174467052,16,,2
2293,0.5132717028105493,0.05475556115758543,0.02986070681596474,0.10871727140485779,0.0008360463937734625,0.2925587114172693,39.92395359184657,36.8458787844824,7.71935427515868,7.71935427515868,True,99.96914480287955,7.15988477464815,8.684440367619642,0.005601308471976831,0.16335708968700394,-0.0032577211760403345,9,,2
2294,0.45328667293289,0.06506001700724126,0.05404643348131647,0.2495450696807434,0.005014783114706897,0.17304702378310194,26.50803910065433,36.1530060412836,7.622060061692674,7.622060061692674,True,100.65763117725092,6.942072120993912,8.820511501513678,0.0012036143181884632,0.08120794700023595,7.24261670360196e-05,5,,2
2295,0.6358456401618315,0.18860747317641785,0.09077551265818151,0.050684248733196276,0.028520695833309045,0.005566429437063743,42.44614942151681,34.42294451691403,7.876539313065055,7.876539313065055,True,97.36943319716316,7.466400426629249,1.467884191648983,0.007699165045533469,0.047005697266032265,-0.00019983735185523605,-1,,0
2296,0.6803795049140491,0.07920401937953962,0.023758030931183522,0.07716962282297946,0.0011113354395710937,0.13837748651267737,39.4396322290834,32.277598147191625,7.686812589627002,7.686812589627002,True,91.23347704610445,7.297070695739169,5.10740679295671,0.005613631640699639,0.10223097631503315,-0.001857878893540233,20,,2
2297,0.39948268187406616,0.1222124622201463,0.06962123732915973,0.40038222944348845,0.003960733774286446,0.0043406553588529444,30.705249485197843,38.76704493939029,6.847903744076442,6.847903744076442,True,104.30966377041679,7.191153339107661,5.651901051593551,0.002295679387176842,0.083964926939371,-0.001361844873060066,13,,2
2298,0.5216048047742189,0.08910898185691493,0.18627278323207447,0.12566424304972695,0.01655007252765328,0.06079911455941157,44.943569238953884,37.25061143399284,7.737716154269987,7.737716154269987,True,104.27827731957511,7.4514088078162715,2.9028004654529775,0.010124099608407771,0.11457872145281076,-0.0022682848343217443,-1,,1
2299,0.46621995534325233,0.1859487888082835,0.13032506173952538,0.1710436811643243,0.023348530089517736,0.023113982855096783,34.12011277436066,38.4557389129101,7.7526019944692,7.7526019944692,True,104.57261428817397,7.293173930216876,3.815448622942144,0.0033967337274802556,0.06414726031527229,-0.0007287782231002596,-1,,2
2300,0.5647718699091189,0.0913879918389491,0.00880464665305969,0.03169222464286293,0.17487229973720303,0.12847096721880624,37.83995582946016,36.84593652258389,7.849135668720371,7.849135668720371,True,96.42867576574268,7.263735632414432,5.610198466211215,0.004847510045195677,0.10926215838754592,-0.001867952302005073,17,,2
2301,0.5278039633582214,0.13658917395358416,0.10013709093623083,0.13668019880651963,0.005888756398145246,0.09290081654729881,28.7294074006117,36.17059293611777,7.800538611732028,7.800538611732028,True,96.26761431897823,7.1240049879110865,5.919681918902126,0.0017878202204237002,0.051828046290958635,0.0003258119997177013,8,,2
2302,0.41717596474112506,0.05934843980078679,0.03207672198592518,0.2797529181328377,0.026615155139675217,0.18503080019964993,33.104780141491425,38.18784765052679,7.303781942515956,7.303781942515956,True,104.5249080930568,7.081573968021119,8.514831504450452,0.002726049865687426,0.12753312124601507,-0.0022289080631187432,7,,2
2303,0.16814154433732648,0.012857178943109487,0.031127889223689958,0.4873417583731523,0.0016460361645131948,0.2988855929582087,34.35775386527889,38.815282296061525,7.955867660919445,7.955867660919445,True,132.8016629203202,6.899530357101552,12.695256148043736,0.002542962653119592,0.21461457549092297,-0.005730615804849994,4,,2
2304,0.5816661507890034,0.16574550833045112,0.014322813530575596,0.07083822112111525,0.11281388586283406,0.05461342036602062,31.2035538337571,38.419140955079726,7.265987475591409,7.265987475591409,True,89.20024619468658,7.224703516446345,4.52999718386265,0.002481562894573739,0.05339474283558013,-0.00012291420947940042,21,,2
2305,0.8028154843562211,0.00831987524599545,0.010466621959160104,0.02564951449101596,0.14677163560404866,0.005976868343558706,38.46231360245546,37.54134344719033,6.10690832158874,6.10690832158874,True,73.75473975203433,7.401008805934175,2.3180381084004367,0.0054356504039940745,0.06267541254173482,-0.0009403467546431477,-1,,1
2306,0.5183324711101245,0.10724776156643846,0.03999167535358019,0.0907453415578424,0.23047584197626306,0.013206908435751374,32.53294496177983,39.25610656614151,7.502605438521979,7.502605438521979,True,96.82230272865245,7.269401840906484,4.1056077423025235,0.0028887367483474593,0.06200849109765746,-0.0005401397205641885,29,,2
2307,0.39255429969481787,0.0574862501762526,0.11211856031545145,0.309007777858723,0.09652226358432604,0.032310848370428996,30.22596839418332,35.9414492102124,7.936709615055926,7.936709615055926,True,112.81120843983788,7.14741970531293,6.345044282164358,0.002087500528984035,0.08143484445581431,-0.0010198967393789074,8,,2
2308,0.14641165618571805,0.010156563822450376,0.03408689550618605,0.6944532608603808,0.09805003881767674,0.016841584807587778,40.30694569835623,34.41378759273607,7.951758627279308,7.951758627279308,True,144.67640452554846,7.233898696320305,8.375536365589674,0.005865908720077036,0.2121262500643786,-0.0058101082638680555,12,,2
2309,0.6841650168189073,0.12619169924761292,0.0171456265715888,0.10905824687910692,0.04161085552845505,0.021828554954329057,29.063783416365936,36.1109433576994,6.772463699194065,6.772463699194065,True,80.68091882306668,7.213191149340342,4.158003306614283,0.001964799082238087,0.037545947926230686,0.00025388855532973854,26,,2
2310,0.6332906309471397,0.04574060028137095,0.06860862455924283,0.04966174219284985,0.009082333461790496,0.1936160685576062,25.724100267283006,39.35013578174776,6.717553357502691,6.717553357502691,True,77.39447587459901,7.000525218804739,7.3919276745601605,0.0012357157734310938,0.06455383149430755,0.00028723042607752187,7,,2
2311,0.5536864136821609,0.06416770270255598,0.16192383792538115,0.07282701533752764,0.05710433603193361,0.09029069432044093,41.05423183211388,36.98214363530829,7.784131638982439,7.784131638982439,True,99.61046893701564,7.363842201033539,3.9736807226734157,0.006862776000038038,0.10651917759952491,-0.001982725385415237,-1,,2
2312,0.5217859253011427,0.016747025643296064,0.09419433733190107,0.11396594259872904,0.0804256213707037,0.1728811477542276,31.527204016091908,36.4001357330028,7.792229141278021,7.792229141278021,True,97.38045291240248,7.090995622709953,7.535375700735212,0.0023327710077048354,0.0936620645739559,-0.0009619538575289218,7,,2
2313,0.4969773651798469,0.31590154219168226,0.012213302481725372,0.11891058834995133,0.0030245687853045246,0.05297263301148961,28.6591061390055,39.38603913132236,7.623731071641166,7.623731071641166,True,96.16172381311576,7.183662164739966,4.631825899435693,0.001871608578831129,0.035115266592987734,0.0006937744690363965,14,,2
2314,0.19727907068536932,0.06404297185064015,0.017917206611554583,0.5666873189369297,0.11935200230119236,0.03472142961431389,25.02154381984656,38.4089317683146,7.459933982590009,7.459933982590009,True,123.97016942876355,6.942640898504589,9.115884849776094,0.0010173577121660293,0.09737548578382936,-0.0009614636403209697,5,,2
2315,0.4015920962194865,0.011621826128943876,0.02998810143557259,0.2007465539932635,0.3199343747688393,0.036117047453894255,26.053013434892282,38.12718076267528,7.968200535989937,7.968200535989937,True,107.26691283152243,7.056784773561185,7.102451533950289,0.0012831727808647396,0.06686131506573458,9.759338379680093e-05,6,,2
2316,0.2924754054648417,0.08875585734477602,0.0725252988711914,0.4115596585029981,0.053371460171724484,0.08131231964446818,44.58113115192681,38.48696031710714,7.609571086777337,7.609571086777337,True,122.8099819796122,7.345056623767829,6.4492937112765265,0.0095305479178033,0.2112281884221758,-0.005318714504348019,19,,2
2317,0.35262403049361085,0.012376279415122583,0.10756665334407119,0.5101943624007316,0.015520435798669716,0.0017182385477939926,33.10976330300621,37.4823428473852,6.815568812509452,6.815568812509452,True,110.85227036946507,7.202808261061963,6.299991767043936,0.002917907367427125,0.11468991860152532,-0.0025287562498255674,12,,2
2318,0.8416084486265238,0.03377740214131096,0.012793703572980408,0.09354299563253737,0.016674866348610214,0.0016025836780373885,25.780420321713517,38.08210777244766,5.60347190652334,5.60347190652334,True,64.13510433368614,7.187723073523449,3.8861826402882307,0.0014286535716672853,0.032569689601117495,0.0002695653110933038,-1,,2
2319,0.6443828458793374,0.0063934099613361575,0.2959187224330396,0.008032444727683266,0.008678760427568382,0.036593816571035144,39.25292595295034,37.391543548247675,7.41421654816258,7.41421654816258,True,90.27464014977726,7.408051175829585,1.9689560822268943,0.005774014333663677,0.04772823020748753,-0.00027218540371710644,-1,,1
2320,0.657406672573602,0.05666098543488407,0.07974261876259155,0.18648453147505176,0.007839857912788236,0.011865333841082496,25.036082207858826,39.39875482719627,6.044030908540902,6.044030908540902,True,76.34559625432509,7.140609708078193,4.7827950541764945,0.0012712162542508013,0.03337156988365467,0.000607244387558576,15,,2
2321,0.5106784354190352,0.017248764176418633,0.015363319875314604,0.19144278606639362,0.09170864738444735,0.17355804707839062,39.91084559233536,39.48471140408131,6.801748949985584,6.801748949985584,True,94.99295529609564,7.24814837848862,6.901962452829226,0.005953023225111409,0.15538452040934964,-0.0034001511500815307,14,,2
2322,0.2678640628098713,0.19944725006902916,0.05454214188932836,0.47031521509896723,0.005073277033271577,0.0027580530995322517,27.814880552067915,39.265332960025994,7.43353669350219,7.43353669350219,True,118.00522356136426,7.111962061106169,6.632330776790749,0.0016126167631991335,0.0835635126705443,-0.0011393538999273133,7,,2
2323,0.6412578148218016,0.049468656565226865,0.01582887038068901,0.14624588700902866,0.06780037066047828,0.07939840056277546,38.52721295621667,37.57420556164472,6.541105565176418,6.541105565176418,True,85.87465895553748,7.32184360143373,4.49868830682926,0.005354620708001181,0.10651027148837458,-0.002155865851807672,26,,2
2324,0.569696476512697,0.08048392221916323,0.04835610759685012,0.28208704834613446,0.002650398003976548,0.016726047321178664,30.447321914542336,31.315434069920773,7.7389647941463515,7.7389647941463515,True,100.24539303095362,7.1785168478111645,5.435932184523392,0.002118447740901972,0.05771019762236524,-0.00043945394163445153,11,,2
2325,0.5648509403260354,0.08289704456367256,0.03855556205364428,0.03388277536090895,0.160021319251141,0.11979235844459771,31.987827127188652,37.42026698959495,7.735951116323323,7.735951116323323,True,92.65614454734154,7.1686441344214735,5.99314998955978,0.002593796897116691,0.07567194493303639,-0.0005651568087895535,11,,2
2326,0.4966072415200179,0.07776326468769842,0.07707026921581517,0.2198527654388769,0.07993381990075535,0.048772639236836286,41.215884899411606,36.96829103943048,7.366956912290565,7.366956912290565,True,103.71544694266358,7.366123639006551,4.359073464461474,0.006964635111240987,0.12862198929961155,-0.0028417996514886507,28,,2
2327,0.558678305350133,0.07934368248934998,0.19848238195182838,0.09350763495544843,0.008444606366989871,0.06154338888625043,35.695237042804344,37.23730011179504,7.620798230621542,7.620798230621542,True,96.4962860850176,7.302281554675841,3.8565297144197457,0.003985621927212995,0.0666733907716068,-0.0007478780458007137,-1,,2
2328,0.686851668109188,0.010512190144024219,0.023436073264662422,0.2506772707175626,0.025966006583853476,0.0025567911807093486,38.376644050540904,28.20060960221779,7.837039202776254,7.837039202776254,True,99.78467547523003,7.333807451804549,4.14489276776133,0.004937993402198992,0.08178576894915254,-0.001581261618975722,29,,2
2329,0.55245788144829,0.09045559732207709,0.10670191179930993,0.06887713475167176,0.030251658478637356,0.15125581620001388,27.44956061641133,38.0552685457164,7.5451317861979,7.5451317861979,True,89.62039406422888,7.056510807336594,6.838315876457018,0.0015194795695226762,0.057805855694090656,0.0005252971960950662,7,,2
2330,0.5482485025106922,0.013620463578138257,0.11648184423179989,0.033285409774413896,0.03018007538840979,0.25818370451654593,34.056158069280215,37.69511630638547,7.756271249054209,7.756271249054209,True,93.58824929637947,7.090281317143148,8.145531798460524,0.0030447217686232503,0.11509954458486961,-0.0015530340932365752,7,,2
2331,0.5816309152877774,0.08072483068437561,0.05270671660067254,0.19121176622274266,0.0567525406684572,0.036973230535974386,28.315867495555256,38.9858895684457,6.532749350302439,6.532749350302439,True,85.37385194224517,7.167384336978211,5.170338843539971,0.0018000816045466328,0.05370961306135919,-0.00011180608861266672,14,,2
2332,0.3801276236833293,0.005120457959190513,0.19155484655624094,0.3021938640595317,0.011134959298122173,0.10986824844358543,27.454479752134166,38.483407231973594,7.534315166271171,7.534315166271171,True,107.1071745174939,7.0280657357436755,7.792148367958346,0.0014628512217427306,0.08071890400622346,-0.0003465323762786358,6,,2
2333,0.6840950261485357,0.08941776744884324,0.05660494460190616,0.12286122715758599,0.04469719328124407,0.002323841361884811,35.65059930762818,31.77450678962531,7.635754505874711,7.635754505874711,True,91.97629953507273,7.330224755607675,3.2333810076212215,0.003865948671947071,0.05286950001559331,-0.0005466203594670456,-1,,2
2334,0.1271592686994146,0.13905045787666567,0.018551158022630375,0.7020301484089997,0.01105419702979296,0.0021547699624966435,33.68340545372501,36.13496796293388,7.787143592441721,7.787143592441721,True,140.67221679667668,7.142166207743984,8.183061600399675,0.002921560782830085,0.15986611357585154,-0.00420363501865852,8,,2
2335,0.531321194679117,0.1231927785345923,0.12146885319177689,0.17259609962365097,0.03159742570992825,0.01982364826093452,36.3968934522746,37.361060610418235,7.361134291073857,7.361134291073857,True,98.84259081159045,7.331475070054327,3.567269250033602,0.004307902233832884,0.07533779648543101,-0.0011961749372569816,-1,,2
2336,0.5831758072757665,0.08236387966977142,0.003606323478773387,0.059101271116289544,0.25511635532196136,0.016636363137437975,34.57505669369113,38.177162300365694,7.311926236581798,7.311926236581798,True,91.893069302712,7.304281198487216,3.825164503550624,0.0035872746467849677,0.0695570460724182,-0.000877786672570189,-1,,2
2337,0.7185150427757029,0.004803442051629588,0.0924201549559082,0.07762306002144638,0.04380744869672734,0.06283085149858571,27.482743989064186,33.73224207672305,7.11884431408376,7.11884431408376,True,79.40433853473486,7.142932170782406,5.121916700874929,0.0015820298679938237,0.03875890261295532,0.0004492858583515422,13,,2
2338,0.5124374404559823,0.29480434309624537,0.02461832451772481,0.1143009846320387,0.05346497946842835,0.00037392782958043064,44.676065612605385,37.34686020038761,7.949388151283367,7.949388151283367,True,107.20160708392739,7.496833915121932,1.5397958973923218,0.009705537767016948,0.06770591244793128,-0.0007458416396894906,-1,,1
2339,0.8674580474390655,0.022854349470931054,0.007971385925816924,0.017637243083931445,0.007687653921960243,0.0763913201582947,33.057650584886034,39.63102453068976,5.483249918231305,5.483249918231305,True,63.0786231980408,7.282551147401276,3.602789322646039,0.003187189195457116,0.06501460201544394,-0.0009924620651635086,-1,,2
2340,0.45334882996276543,0.10292209646583764,0.15234877936236638,0.20358554197271067,0.004619645278844313,0.08317510695747558,43.916392382657435,38.00706755781392,7.666759534958464,7.666759534958464,True,108.56486796424926,7.394430740981066,4.317012888132247,0.009125086738400248,0.1470621320805985,-0.003287690275068208,28,,2
2341,0.8456494829491065,0.05059094154863905,0.002093916722212465,0.0359981667565567,0.04928727911104663,0.016380212912438803,34.114811977552215,32.5671707884061,6.755861008995171,6.755861008995171,True,74.73059538206826,7.316154495975674,3.045652777389535,0.0033587041879524575,0.044958363365403146,-0.0003311099955645057,-1,,2
2342,0.23264551988384222,0.0070011687234104395,0.016792469020855263,0.5934378197931293,0.14267282333986878,0.007450199238893937,33.27790433516825,36.874653890684606,7.298877751145656,7.298877751145656,True,125.5708232550329,7.149571947901085,7.864586986406787,0.002841446837904916,0.1468068872183407,-0.0036042410319636863,8,,2
2343,0.66228035989176,0.09326650228668398,0.011834398617254485,0.1408588947427115,0.07147786737773613,0.02028197708385389,34.66410560109774,32.140070740341784,7.5781781209866255,7.5781781209866255,True,92.36236363603038,7.2887195077013445,4.044699166310819,0.003467665243785061,0.06199904102795693,-0.0007559249095491063,30,,2
2344,0.42328677490390243,0.18284569749377608,0.059081244226766756,0.2095532429586682,0.11110029421425285,0.014132746202633592,31.969139353317303,37.80934827416515,7.969587700011501,7.969587700011501,True,109.24267308657538,7.236210758991923,4.760125446424443,0.002652665072925394,0.06933335711259155,-0.0007824409835588958,19,,2
2345,0.4011423220258362,0.11242538529525625,0.1784645371817563,0.23585326641502724,0.024984992269238563,0.04712949681288551,35.34766480809255,39.73802940313607,7.632608964003947,7.632608964003947,True,109.54109235171326,7.272083137728655,4.877557624164935,0.0038318926174295575,0.09668851038381206,-0.001717774536141932,21,,2
2346,0.534406927598358,0.205132589411512,0.09050364280949051,0.11312971750961301,0.004386287388665834,0.052440835282360654,26.791671405166163,39.04814570776192,7.374229141293366,7.374229141293366,True,91.00303706246521,7.149351284839375,4.839806263351262,0.0015134014850372308,0.027340611115317073,0.001103328926312055,11,,2
2347,0.49134209914953764,0.13755374205084708,0.1089382099484391,0.14594236722845183,0.017719482941578112,0.09850409868114628,32.90460491319812,39.70546423320326,7.3499246272334595,7.3499246272334595,True,97.29024509461843,7.204061531100957,5.525380570721674,0.002928323642129987,0.07974172954455175,-0.0008882931670758257,14,,2
2348,0.4718793085612164,0.04297402125193151,0.06115472218142076,0.2883771192106574,0.059523917503972144,0.07609091129080184,29.875347964876276,35.144617449410916,7.508125202127323,7.508125202127323,True,102.9546422572746,7.109239276297576,6.9199970217283715,0.001965244475598058,0.08191804958584575,-0.0009020551905323803,7,,2
2349,0.4601667880765774,0.027644631002190258,0.1993845149464517,0.25150158023478786,0.034664238747382385,0.026638246992610515,42.75526810521687,38.74671412074041,7.193854106481649,7.193854106481649,True,105.55567069466443,7.415571015073791,3.535853840956559,0.008234372621146705,0.13068697360559128,-0.0029499700150336047,-1,,2
2350,0.4454731963939085,0.21440642400852208,0.015459176538993135,0.1910459968024275,0.09539502736095572,0.03822017889519307,32.636659675329696,39.329081039138856,7.56041903212715,7.56041903212715,True,103.52350275185154,7.2353895599107325,4.943143602393791,0.0028717814969163005,0.07641067713843498,-0.000963385665060133,18,,2
2351,0.6133159960773106,0.2085785652429967,0.009601042742976419,0.025155267580174303,0.11512585727080815,0.028223271085733918,40.5422398745496,35.14922723791314,7.995427865872373,7.995427865872373,True,97.21189173345026,7.415741757586158,2.385720444353339,0.006499371014652957,0.0668966007314274,-0.0008568910492727601,-1,,1
2352,0.12696645393975847,0.10452332648369991,0.047472457061538506,0.6289877934020655,0.07931566764498191,0.012734301467955832,28.871682878763483,37.57166012625126,7.925952407582713,7.925952407582713,True,137.91312410496354,7.043036419012784,8.66615426904668,0.0016712486015037324,0.1314840183037674,-0.0029918993972865033,5,,2
2353,0.41536092449344875,0.07981505351914327,0.06796812119869486,0.2796216713871015,0.04154266995111107,0.11569155945050076,25.042590642054286,39.23759132692291,7.198209680918835,7.198209680918835,True,99.62681952676448,6.971533890642216,8.079305769728151,0.001083648383074752,0.06814024779880658,0.000534987332561296,5,,2
2354,0.6429844181913135,0.029591458520670764,0.09871992569714434,0.103105590700717,0.07842660855741983,0.047171998332734576,43.55135724328366,38.97609612541177,6.533274070651001,6.533274070651001,True,86.75201026719364,7.445678877736688,2.6982344637084714,0.008972664341404687,0.10212063247058115,-0.002018545400318505,-1,,1
2355,0.16441000450327936,0.014314816272295802,0.03480312678542292,0.6992311114137404,0.041507867740495724,0.04573307328476567,40.076087894034345,35.70845717818669,7.483826177213692,7.483826177213692,True,136.9475018820061,7.221959842546484,8.5049430230827,0.005748512294538486,0.20861361038444212,-0.005615703877174919,11,,2
2356,0.6986307405372871,0.060413897185231144,0.033941758227182824,0.18088453906943744,0.022142361757542785,0.003986703223318733,26.963776088696463,30.099867364181947,7.62614716705172,7.62614716705172,True,87.17564900663434,7.144702586958446,4.965151767172089,0.001437252180165313,0.028816983129093636,0.0006719103087447779,12,,2
2357,0.3400807290505182,0.02602800038874206,0.08793266413763465,0.4217038140362052,0.03682428307319157,0.0874305093137083,40.047784922790925,36.50040859824342,7.5144661426701695,7.5144661426701695,True,118.92047781629154,7.258635068167843,7.074014888631335,0.005915127558047523,0.16941164375313728,-0.0040883828930892985,14,,2
2358,0.8366297086995722,0.061214085684419946,0.02409587115158133,0.03696253868835322,0.0005758718371659006,0.040521923938907516,39.86422451761423,28.121348978739668,7.890470209876685,7.890470209876685,True,85.81515651317667,7.389229559915933,2.764177772725798,0.005815930728351722,0.056743058775440516,-0.0006862231682560852,-1,,1
2359,0.801327287744712,0.009580397848088153,0.06838397893359281,0.0368917498658963,0.05363063090714525,0.030185954700565648,43.243966743408706,32.91074500584642,6.95089545367068,6.95089545367068,True,82.59127682851586,7.45953222734137,2.045096945169297,0.008416046223792143,0.06697534099351332,-0.0009389010949251856,-1,,1
2360,0.37210231448932746,0.050612518544073996,0.1277712542874968,0.3624190725259713,0.046266377995345644,0.04082846215778501,25.44448762151226,38.013268420884835,7.364446667919237,7.364446667919237,True,106.94557096808516,7.038606900184567,7.149831970946742,0.001186473646823888,0.06247351054166333,0.0001744270995797426,6,,2
2361,0.2721079295204108,0.028272839390454756,0.1445854728282258,0.5165725862191377,0.00625704713741469,0.03220412490435632,40.273558145477104,37.898474036179685,7.311234251078963,7.311234251078963,True,123.2498143289283,7.2973591588659135,6.367077753310285,0.006184688686937782,0.17727891798363954,-0.004525344402028321,18,,2
2362,0.641901329901631,0.0394782391063702,0.12184304005879618,0.17088648246409313,0.000545311258345593,0.025345597210763997,27.025054721996145,33.055168125376056,7.394125235400319,7.394125235400319,True,87.90920465791432,7.144549182825437,5.02055690938803,0.0014856353052267028,0.03164819937028142,0.0006989762329378978,11,,2
2363,0.5646559112037461,0.1562687585478627,0.169644889294903,0.09051945104376809,0.008241082415768474,0.010669907493951613,41.972256690230054,38.37735226278896,7.4285716740383965,7.4285716740383965,True,98.07841764119708,7.456730289981188,1.6756742008993393,0.007541030720148649,0.05946130621237732,-0.0006171924863731711,-1,,1
2364,0.24877478314358833,0.06016559289242589,0.011435976815457273,0.4916055613439609,0.036863546496214226,0.15115453930835326,40.68987118185454,35.667890715260995,7.976530589491931,7.976530589491931,True,131.50708331560656,7.183991479825309,9.236822910305,0.005986337727688295,0.20375801903901639,-0.005031199174727616,9,,2
2365,0.5372351119688172,0.1862057288216758,0.0006198469167963665,0.06697156977529901,0.1683402841577439,0.040627458359667606,33.37698768853866,38.19227832389053,7.714839928091845,7.714839928091845,True,96.56393982685586,7.268517629196741,4.201071198317592,0.003131777913110879,0.06249482900936891,-0.000509896028873594,27,,2
2366,0.7075656812428469,0.07847243656852333,0.15738597752889047,0.010233380588787281,0.028713243942250815,0.017629280128701373,29.571032572410715,37.48192643596373,6.88497466394071,6.88497466394071,True,78.07598450089783,7.2611314623099545,2.970393829308395,0.002130665506102109,0.017030320928627742,0.0008684073393620683,-1,,1
2367,0.4533494873488015,0.09015649383869234,0.010896254107211904,0.43025259995062903,0.004885527569692847,0.010459637184972469,31.88407112981006,37.52160398996692,6.513747058755298,6.513747058755298,True,99.65433613955489,7.198168421124965,5.870653942030221,0.00258789795814937,0.0942367939025209,-0.0017863060524601424,13,,2
2368,0.6041405396969097,0.03654982629635463,0.05713701144736362,0.10528766709282569,0.17553008044464974,0.021354875021896313,41.46967582898805,34.113885567965376,7.736108485539696,7.736108485539696,True,99.1630696504361,7.406320390733977,3.242986549777104,0.007098432173578853,0.09823759827718292,-0.0019003617225590078,-1,,2
2369,0.6671403623350964,0.08058619392010143,0.016586797768747656,0.13016070345353006,0.06905229470972774,0.03647364781279676,36.6458812855233,31.534692071753415,7.730364511622318,7.730364511622318,True,93.94479654987597,7.310551991812146,4.078588923698089,0.004244274924865742,0.07262829871212861,-0.0011033585507166197,29,,2
2370,0.6713021751280775,0.028418671128725714,0.10495598068739986,0.06742357847129558,0.04322897331460859,0.08467062126989262,25.822427327050296,39.27721402088021,6.452400765278823,6.452400765278823,True,75.40364443948422,7.110624091398385,5.415508653730774,0.0013609489262385258,0.04126511845360525,0.000582188357207082,11,,2
2371,0.32225970235849927,0.2424021640838582,0.0022415302502875197,0.42825270752184497,0.00300283706545525,0.0018410587200547758,42.82238466747298,39.534426126793804,7.179675101863262,7.179675101863262,True,116.61675512644231,7.4005565708173435,4.343450800163482,0.008271074645813871,0.1687026944539034,-0.004256967796847391,28,,2
2372,0.5635599590158412,0.10737766667558955,0.0925339338355351,0.1286474789076994,0.01266786812075707,0.09521309344457776,42.142630184145744,37.04225699922495,7.346601046628901,7.346601046628901,True,97.01260916113677,7.373821367227082,4.1315430789718315,0.0076550670022536285,0.12018766314152,-0.002471089788100383,29,,2
2373,0.11379366802318926,0.05395869260874273,0.1578000634765624,0.5794069863900543,0.010752639063863123,0.08428795043758815,36.77264909164247,39.995473388896556,7.8923616343816185,7.8923616343816185,True,140.3592213991587,7.15529495908744,8.834056109117963,0.0040905849344281915,0.192832954581976,-0.004889674010216769,8,,2
2374,0.5911931527604976,0.027882536061363573,0.15388454741306412,0.084718644585044,0.06336481665281175,0.07895630252721916,28.221062950513115,37.38704161124496,7.297754289281736,7.297754289281736,True,87.61349696836088,7.143245822378005,5.39614062319157,0.0017403542814372764,0.0453533652479699,0.00044743417485049674,11,,2
2375,0.582347716929464,0.09041092671508458,0.12097188951561948,0.03704201815572834,0.13107848766704897,0.038148961017054936,41.44538908334302,38.892417524447296,7.39162805863995,7.39162805863995,True,94.65310835879892,7.423700260322307,2.5325924629192533,0.007259226129473053,0.08329733025260415,-0.0013464769380573133,-1,,1
2376,0.5247988530992679,0.24210634365351422,0.013720663818449745,0.12797977816808792,0.0772779499901259,0.014116411270554297,42.72136599291063,36.41676963845721,7.888951865035733,7.888951865035733,True,105.29415586860708,7.446417854111216,2.4321490106350963,0.008111925781976335,0.09064134033928366,-0.0016314053863680912,-1,,1
2377,0.33185830550926154,0.03270775614987769,0.00348690386388814,0.39218123844572994,0.00025953435654481945,0.23950626167469802,37.6486892845045,35.50083707182591,7.829685263235903,7.829685263235903,True,120.24583423307233,7.0836268226822865,10.14674272634482,0.004179864665317738,0.18075903369016896,-0.004064849971198062,6,,2
2378,0.16693602836203947,0.01053224874050654,0.02661354944870469,0.723686309244877,0.027115924539745675,0.04511593966412654,36.7437071949285,37.08611672778338,7.053071835905082,7.053071835905082,True,130.54552669328208,7.167581371809112,8.659906025111743,0.004056297948525069,0.1853848937259486,-0.004905481138975816,9,,2
2379,0.5947126121373408,0.023526002883946576,0.029815877906042055,0.30941893678392673,0.015222815706824365,0.027303754581919304,33.115389324995284,29.173793757968856,7.918663597420207,7.918663597420207,True,103.37027280622526,7.20195478883812,5.730476250967156,0.0027685881840345495,0.0745730501410655,-0.0011377747058661481,12,,2
2380,0.7237562467165058,0.04840928995366973,0.028955553547789052,0.10222983193363398,0.014868874320172944,0.08178020352822853,43.341360224540225,37.75761470645316,6.212896646744217,6.212896646744217,True,80.06445078401237,7.424076353312553,3.146273325128518,0.008771147047720735,0.10877049953878914,-0.0022724600629641413,-1,,2
2381,0.7110536336710577,0.09173614730753236,0.04461712681934439,0.005156949108777944,0.13517143516634886,0.012264707926938824,44.36237775297129,36.685211822761815,6.973670443949208,6.973670443949208,True,86.0354090948093,7.493092974699017,1.460078843077228,0.009423342639194286,0.05553703484290592,-0.0004015524158154206,-1,,0
2382,0.3455220969361237,0.00735698404548973,0.09240629858044587,0.23590406443107229,0.27522167110741985,0.043588884899448524,40.74194945591748,39.76171842209369,7.977928297384146,7.977928297384146,True,118.97443575795789,7.325745403870507,5.6968225579960645,0.006606443494144354,0.16802944725450003,-0.003947279640080911,21,,2
2383,0.639175306850754,0.00047032405706275723,0.05673536716701087,0.2215136179054042,0.015490510312473393,0.06661487370729484,32.03053952116693,39.74734026071974,5.894943157356214,5.894943157356214,True,79.76338050635864,7.215864291102088,5.209831220534605,0.002732395555277019,0.08262574151951506,-0.001332080110275039,17,,2
2384,0.8180124737706893,0.07354669852264092,0.041937038460674696,0.059089727145821634,0.006217443939139173,0.0011966181610342224,37.93163681159868,34.3648093896082,6.502783290299472,6.502783290299472,True,76.82868641046363,7.396178361265912,2.1215817863529036,0.005031728669506041,0.048109986192015786,-0.000500953398349097,-1,,1
2385,0.4758813292646751,0.3043613823003318,0.004171768510744234,0.14528214752508672,0.0206317220490705,0.04967165035009167,42.95456477947232,39.90620493852831,7.530396686619394,7.530396686619394,True,103.9846826236818,7.427227160315541,2.9984620049601443,0.008438109450214426,0.1119898275098658,-0.0022535792030015578,-1,,1
2386,0.3832108547104348,0.02547503597722446,0.17994884317731444,0.2676680097738458,0.015965406598049944,0.12773184976313046,42.76605879127445,38.79379108381334,7.656101207303935,7.656101207303935,True,113.59041220607017,7.312499029137673,6.285245959685778,0.007967646338516706,0.17440619203425353,-0.004028173555845462,18,,2
2387,0.54341976813653,0.07147698950296888,0.047492901835760076,0.0215987262840595,0.24129629965203317,0.07471531458864825,25.225480562805483,39.835857825906196,7.542295049825293,7.542295049825293,True,88.69130100395651,7.079296526769164,5.996051996217997,0.0012319904050771095,0.0377212845376591,0.0012504692879420343,8,,2
2388,0.34734647662088913,0.042896393619491366,0.04880357325200476,0.4268502412907865,0.048030983286399695,0.08607233193042843,26.1494796263431,37.33001072342669,7.249028025322227,7.249028025322227,True,109.09435357547888,6.977554005061983,8.516458537115984,0.0011999383905559918,0.08713189647284743,-0.0005889953472536997,5,,2
2389,0.6181777607431092,0.19208962838418284,0.03733573134475377,0.09868271158196919,0.03334000844124377,0.020374159504741276,38.807786848069355,35.686810516687174,7.426735124559396,7.426735124559396,True,93.81267187170859,7.387187260757244,2.681550685870266,0.005491795934327027,0.06674820339161694,-0.0009555992121711689,-1,,1
2390,0.46856106972737444,0.09067305479838288,0.1374026699052815,0.21931309237892826,0.07210347645519312,0.011946636734839729,27.791976527243808,39.98777277892415,7.091198451028691,7.091198451028691,True,96.76274691414521,7.173283324666873,4.962324123237477,0.0017012595503153507,0.0463475851075582,0.00020226383920102917,13,,2
2391,0.3003595298395487,0.08007670877934372,0.04625134840046543,0.3775185411175291,0.007880575452038482,0.1879132964110745,30.61976047440241,38.04528917480781,7.753525751051534,7.753525751051534,True,117.36873560151594,6.981352592447516,9.772549273385641,0.00192527645503924,0.133768501764079,-0.00229830068134486,5,,2
2392,0.5616281051620156,0.011682442974619291,0.2606625265530346,0.09864573956478274,0.0475868357577076,0.01979434998784013,39.688614456246924,37.54127603285321,7.519040344748972,7.519040344748972,True,98.50585550158537,7.404253847420501,2.5073017906819257,0.006046507153348573,0.07175951191253326,-0.0010704157488289642,-1,,1
2393,0.6834200032217912,0.03127138194669766,0.10096273599521813,0.1528650115603544,0.011018599824594046,0.02046226745134464,34.28587754078028,30.754897357970634,7.7200372915432585,7.7200372915432585,True,92.67882193519328,7.282106773267395,3.997175540548687,0.003293601673761143,0.0548231480965092,-0.0005379348776892849,-1,,2
2394,0.34057658215447245,0.06854392828734891,0.07823306291777027,0.48259463721860046,0.021914744299263073,0.008137045122544874,39.10830405540837,38.898715503450774,6.795578738696016,6.795578738696016,True,112.2542232313459,7.314841460638854,5.496466792442456,0.005609672310060437,0.1542184205949739,-0.003856841758710572,21,,2
2395,0.21474744600555332,0.007186185202471156,0.021268750099275913,0.5398072228113777,0.008762988865191916,0.20822740701613,25.86067709304485,39.67783738883668,7.107536757500351,7.107536757500351,True,2.1431772040068693,4.670908948327427,34.74696259378251,7.831039136691667e-06,0.9853124708447875,-0.01371715624493888,4,,2
2396,0.8032945029099552,0.03943603370708478,0.03587651712059849,0.019213926163638123,0.026466898364670175,0.07571212173405295,28.88290675051739,31.127688499646062,7.399103378519158,7.399103378519158,True,75.925112210816,7.170384688541881,4.769200107761598,0.0018296427600374423,0.038307611535373695,0.00028944334002573827,16,,2
2397,0.5181827492387165,0.032422118445240414,0.04772910340611848,0.34509203441046826,0.044957202034154375,0.011616792465301942,30.072959144620924,32.235595259301945,7.53432625643468,7.53432625643468,True,103.27416651922695,7.154837594545885,6.022530740279893,0.002019605292261216,0.06939207179617667,-0.0008130829816953913,9,,2
2398,0.4771363707392477,0.0719669906038593,0.002948437954214236,0.16043749367631738,0.19417023954295504,0.09334046748340631,28.503690714726716,37.37841015533918,7.70250492836173,7.70250492836173,True,99.64018458038124,7.0811969608614875,7.0759951361351545,0.0016988280127637823,0.07580015768010646,-0.0003523709091380228,7,,2
2399,0.6829084802087113,0.1423934296826177,0.10599886664932999,0.02196722000946662,0.03434114407051873,0.012390859379355634,32.42759466077507,34.87074514257633,7.536874819443223,7.536874819443223,True,85.79831553871603,7.305202057483786,2.6871346582728495,0.002828390085716091,0.02280120330261321,0.0005642662067183889,-1,,1
2400,0.7345280520499959,0.044508659534842725,0.1642464178608547,0.02325945104353489,0.011359888152822292,0.022097531357949698,25.567114550424073,39.574137462517115,6.275873189965484,6.275873189965484,True,70.6900676126887,7.188826391009815,3.591211836979037,0.0013931940733396555,0.013462411176937254,0.001199593050134392,-1,,2
2401,0.5636356669618523,0.0020128569609920133,0.21744416033586159,0.12762827915672784,0.055499702708152014,0.03377933387641418,35.298321405051624,39.39123653159824,6.950482417896984,6.950482417896984,True,91.90341559352319,7.313411248868948,3.656582176998821,0.0038957542555000703,0.07020760104472973,-0.000962125012322248,-1,,2
2402,0.1309597065403313,0.015154862955236598,0.13524803802412155,0.6567244038221964,0.05750596421032719,0.004407024447786961,38.14932943122507,36.7957548647595,7.877643669590607,7.877643669590607,True,142.58239638036676,7.228544333501591,7.736142467211507,0.004807201644585063,0.19395414286445453,-0.005246764919126261,12,,2
2403,0.8626059087340286,0.04712726478163412,0.023311765310168202,0.028122115545083363,0.002671327036005484,0.036161618593080584,34.78995732120836,35.020722793707165,6.224585664937329,6.224585664937329,True,70.19221571825832,7.327036455062044,2.9452667882534502,0.003689114019796439,0.051484597407949494,-0.0005757736820433669,-1,,1
2404,0.16033501609237616,0.016491629885410523,0.0694454034268864,0.6941631142652913,0.0396694402246939,0.019895396105341863,29.7512606387907,36.134291165834064,7.4940424878405985,7.4940424878405985,True,132.9088709189013,7.044540777811298,8.863432058223655,0.0018201619172506095,0.13505165561784943,-0.003192328678424853,5,,2
2405,0.5017756900106252,0.19468986702118868,0.19089562130275944,0.10525578952120532,0.0007065336241696648,0.006676498520051815,36.76275016551454,38.336120543272536,7.947757182829825,7.947757182829825,True,104.07750176021582,7.377374216106908,2.228409676334172,0.004494189591028967,0.047662407871090384,-0.00032770907169639825,-1,,1
2406,0.21143452120918552,0.06586642225056558,0.02445403389171604,0.5896682289423962,0.057338404513092404,0.051238389193044284,35.6320083732353,38.051233958123525,7.282589068390592,7.282589068390592,True,126.72364139634865,7.168486565362523,8.126541211241099,0.003664485200099418,0.16650127292621877,-0.004152176026523838,9,,2
2407,0.3927290979186309,0.024886939541558472,0.04553768187203717,0.20437163629732166,0.10496653068278944,0.22750811368766236,35.36695239461545,38.80101517472356,7.8034585903698215,7.8034585903698215,True,109.59602095815356,7.080681753812311,9.262097549627494,0.0034143844156057737,0.15263319655315447,-0.002879082310967095,6,,2
2408,0.4610852887726724,0.026694921070631112,0.11487530970633618,0.3507560160416581,0.007824837196839733,0.038763627211862384,26.69205272293039,35.318273083790615,7.265642334986608,7.265642334986608,True,101.48251377751271,7.072845831342019,6.724502698502384,0.0013734680659998851,0.060795520386930695,-6.774014298536439e-05,7,,2
2409,0.5757880204000462,0.11929760915950913,0.12252728554976731,0.09414557886877478,0.048628862528062054,0.039612643493840576,29.675507845860402,36.141887476134215,7.688803706072926,7.688803706072926,True,92.80064556777894,7.2080051995484915,4.361805362268372,0.0020680511160972945,0.035717122989052996,0.0005054622643063168,21,,2
2410,0.317367193203597,0.0739789853942972,0.12059052010355013,0.32463150180918626,0.09371815441423668,0.06971364507513268,31.6513305216429,39.15938977377478,7.838616991511102,7.838616991511102,True,117.37811448243188,7.137002239693188,7.118667659820765,0.0024404222816571145,0.10884237917676876,-0.001829911423614591,8,,2
2411,0.5634359688117219,0.006910239512733386,0.06067809824596504,0.05888702630563213,0.16302347974400413,0.14706518737994342,40.31885429138315,38.49483831684418,7.327883708667218,7.327883708667218,True,93.8826122270956,7.292509865253095,5.744227051988357,0.006298096805225464,0.13481854221100006,-0.0027195444978631283,18,,2
2412,0.22099590198896907,0.02535771857046538,0.05391515675882672,0.4291875427980394,0.03187699651001642,0.23866668337368308,44.93829555443534,39.88065946277471,7.702397913647022,7.702397913647022,True,127.73057862517756,7.205957467551455,10.13782291733688,0.00922137021714398,0.25609303747307643,-0.006246795330953873,10,,2
2413,0.7047402097920578,0.13971071305152075,0.04953570951867323,0.09460550413569412,0.01043438102350272,0.0009734824785517022,41.72322668829612,32.94855309181308,7.389928029068239,7.389928029068239,True,91.32693170032667,7.448013949043374,1.8936600793601737,0.0072049324059375915,0.05752694770557032,-0.0006805630129774929,-1,,1
2414,0.5246044252671547,0.08714960955080248,0.12456072941855799,0.15683419469666499,0.02761835692690731,0.07923268413991254,38.00854356455674,34.95936142934569,7.959383659713154,7.959383659713154,True,104.15566593619657,7.298010942439903,4.833725433437976,0.004929021603231564,0.09893658588685879,-0.0017744849438249611,22,,2
2415,0.2677686470575845,0.062155493874666436,0.051685131533791284,0.48897351444354065,0.058927553359979686,0.07048965973043742,28.39796418926706,37.088575501903605,7.602891761212355,7.602891761212355,True,120.67763954178021,7.020008293736923,8.601424270771462,0.0015701839529961281,0.1099609122696261,-0.0017941161724154481,5,,2
2416,0.41447969242566074,0.24211431568070182,0.0007129765397250347,0.17459807146748127,0.08485313137855367,0.08324181250787742,42.62163792736456,39.99655746690229,7.803572579665935,7.803572579665935,True,110.3464115614885,7.3679015036309,4.695159005473407,0.008066881707486187,0.14996305677632396,-0.003325863797509145,26,,2
2417,0.42059624046380006,0.06693422107352491,0.06303844704553022,0.13223153228194287,0.004156916278822651,0.3130426428563793,43.68305514166413,39.26979584666099,7.93095362381832,7.93095362381832,True,108.7227300566303,7.1928604468204895,9.258363461444212,0.008207361447299475,0.20617513826743894,-0.004410488685363962,10,,2
2418,0.5047267973941721,0.14201506502109537,0.043410084549896644,0.14905769931633026,0.024893245025137036,0.1358971086933684,40.73141970515177,35.838763900702915,7.932023604821263,7.932023604821263,True,105.0185333933952,7.296015778938128,5.752763459010758,0.006451893360419479,0.1328465439775427,-0.002707083957204211,18,,2
2419,0.2881375029317615,0.0032217528797305888,0.04628227637159294,0.46040426307526566,0.09314181853953545,0.10881238620211384,33.85866459191157,37.22852260581932,7.5026318181911416,7.5026318181911416,True,120.5057664951403,7.103192440931526,8.735764088176929,0.0029376357340233743,0.14878249381362604,-0.0032729120871682576,7,,2
2420,0.6738919212005899,0.06389596500374184,0.151050385495315,0.021980565950128664,0.022801283981928745,0.0663798783682959,42.53271001164606,39.908841855109294,6.599597501518491,6.599597501518491,True,83.10007764004817,7.437610405072598,2.3000527599345726,0.008143039753487754,0.07941569404090255,-0.0012587769520137578,-1,,1
2421,0.2659442692700931,0.03709805671859423,0.1557628973516276,0.4421590289732739,0.03826503980756541,0.060770707878845594,27.36715740356555,38.72605122912624,7.638238104823013,7.638238104823013,True,119.37629415056604,7.0303977748502255,8.037719556064728,0.0014395652227539146,0.09494317014921443,-0.0011225540569431446,5,,2
2422,0.39040261132101717,0.05792960777973929,0.14583474424494103,0.35276534124369646,0.002298924409301823,0.05076877100130427,30.17129633607852,37.12188373287867,7.463337597203787,7.463337597203787,True,109.22729465323359,7.136150279839351,6.5398004170220085,0.002081336160433225,0.08451053807827373,-0.0011020330961952218,8,,2
2423,0.5006409614069532,0.025390251310363862,0.013078831217296813,0.4187383975816668,0.023725322174471954,0.01842623630924719,35.648169755441515,32.892025779792874,7.122802313765488,7.122802313765488,True,105.6268338448117,7.243119051547546,5.890537282846033,0.0037498441162477926,0.10937237648714879,-0.0023910585717762576,15,,2
2424,0.5361925091122389,0.008585621275586926,0.11484873317049347,0.33158503718419496,0.006188239415891161,0.0025998598415945652,36.87109893830406,31.390312354429586,7.708669138803527,7.708669138803527,True,107.66917096427201,7.29710091728089,4.760544060584865,0.004290349304520207,0.09393291566363197,-0.0019264598454365837,23,,2
2425,0.8124573914878899,0.005357063177261212,0.03531921932717037,0.09785597831243202,0.01598804892892598,0.03302229876632063,25.053487894530104,27.50533451508362,7.910958954233419,7.910958954233419,True,78.61927557557992,7.089132138072884,5.303359257103182,0.0011083791373047635,0.0222102418611663,0.000995779212587609,10,,2
2426,0.4877697452741408,0.12422046420915792,0.056274676042165885,0.21075282367068263,0.08256076155493147,0.03842152924892118,39.878361709575984,36.80768077902481,7.546538726649851,7.546538726649851,True,105.1969074912344,7.353186776869444,4.255340324726178,0.0060845399790771925,0.11633781704137997,-0.0024678732440703414,28,,2
2427,0.4763939160413032,0.007510459770048236,0.1712479764229061,0.2823012521182802,0.009134812108504552,0.05341158353895762,36.2720560211299,38.274056189650636,6.9507649103562,6.9507649103562,True,100.62699951480216,7.274189738649225,5.170933132759534,0.004190515450670551,0.1070099149994078,-0.0021393958280356592,20,,2
2428,0.3173074407296451,0.05063942697194766,0.10601156487776223,0.44437015297592947,0.0730606723391392,0.008610742105576405,33.23404130334886,35.25221438295233,7.912069119019581,7.912069119019581,True,123.16451118884105,7.190723261766675,6.5410087670097425,0.0028848181999412345,0.11434162584958105,-0.002447327649655511,10,,2
2429,0.6013238761695698,0.01566655420339785,0.14629061004963195,0.09151925184514896,0.038080478877460654,0.10711922885479072,32.03964923000403,36.729548306342096,7.285440977414144,7.285440977414144,True,89.12875006647339,7.188990615868896,5.500776768332979,0.002633719605168073,0.06931102988329521,-0.0005550042631852357,13,,2
2430,0.37959581075063886,0.05857538736710589,0.035904084949189265,0.42787192026833964,0.03906065264885595,0.058992144015870496,34.06095174974196,34.91648352599402,7.507335925656884,7.507335925656884,True,114.7000702922974,7.170738020859341,7.1404300478040375,0.0031051419330959586,0.12055708904380771,-0.002529301765812262,9,,2
2431,0.6332605931759109,0.010998754671642123,0.008191718739341412,0.10104547194102945,0.014760496398115235,0.23174296507396097,37.63595685438429,33.318060935056835,7.564068213399932,7.564068213399932,True,91.96371594661149,7.178941558728243,7.459303965266242,0.004470683203250937,0.12572120697924247,-0.002352450070029826,10,,2
2432,0.4384997363690933,0.03678682876218873,0.22904330235343046,0.23058183991184236,0.03808472878563678,0.0270035638178083,40.62716744372432,39.89635862329024,7.3022129234644595,7.3022129234644595,True,106.50941081243445,7.385365125067751,3.638818250555701,0.00669066375786809,0.1184707686829224,-0.002560389565428377,-1,,2
2433,0.6639058692898613,0.006832366726990905,0.10374636177708071,0.05289516806712863,0.12371648771524847,0.04890374642368999,44.70689692203361,39.55547893318825,6.519964618801264,6.519964618801264,True,84.84150991272809,7.4701150746116465,2.3363571441838,0.01004281934350466,0.0957332834142443,-0.0017471164718925209,-1,,1
2434,0.41379082818504287,0.009828504178087267,0.05484164965622742,0.1276522205169867,0.3417447982495959,0.05214199921406003,32.67678169969578,39.992542165648175,7.978834765400662,7.978834765400662,True,108.35670149384812,7.1956979469276,6.147421499876298,0.002824766112649121,0.10023590997443534,-0.0015022121531918099,11,,2
2435,0.6055207654124514,0.07334123427503286,0.001058074084506594,0.15771135467983396,0.13664506232102835,0.025723509227146862,44.49039368563167,33.69457714073123,7.522074577432834,7.522074577432834,True,99.81672738649766,7.447192592881069,3.1607298413206215,0.009551049430963781,0.11674614636488595,-0.002473924847422114,-1,,2
2436,0.5943457917290732,0.04776501010070715,0.1588216828360546,0.15280191488854974,0.02596977286283128,0.02029582758278403,42.53040498290387,36.450480523261454,7.143408520172305,7.143408520172305,True,96.08732900853006,7.438920928726832,2.5705595195418556,0.007992708403815914,0.091176976968774,-0.001716090120083816,-1,,1
2437,0.6197172777466637,0.03522579832171822,0.09572940286308039,0.21920146568469293,0.0017641028970159828,0.02836195248682875,30.702163416205927,36.79336379194469,6.549169524410567,6.549169524410567,True,86.0081882684582,7.214688157776483,4.759277531967861,0.0023287593944974895,0.059923876220933286,-0.0005545398239488797,19,,2
2438,0.6091573067705697,0.01332383125228453,0.01404619510354437,0.008188619250137807,0.009185306721444575,0.34609874090201886,41.787779565769355,39.215889829372735,6.996247886705998,6.996247886705998,True,85.72440464757177,7.193529854450901,8.327655832102067,0.006950023975727228,0.1751223596061743,-0.0036781125009296713,11,,2
2439,0.5307708110096719,0.000752263362500377,0.046748358809484594,0.21127583679450002,0.20852535201111178,0.0019273780127314055,33.57212752663713,36.400996140442686,7.212064924211404,7.212064924211404,True,98.05552901348497,7.25987107349112,4.821417833932077,0.003145299882556358,0.08343785709867949,-0.0013872792806191843,21,,2
2440,0.430701751851038,0.20063075728827554,0.08812802368790679,0.24575512832387428,0.014092840603769991,0.020691498245135324,28.145757502450465,38.37014512482688,7.59616474599092,7.59616474599092,True,103.84121380541156,7.164986989089639,5.163880296248389,0.0017342612421988397,0.047557160138761115,0.0001866258922175404,11,,2
2441,0.5901083953878532,0.010383258117561498,0.19558599891146133,0.08149336012047811,0.10220344279728111,0.02022554466536471,35.35459139022255,36.67046683846401,7.513165644022878,7.513165644022878,True,94.33866881114953,7.326104034769871,3.283925954721048,0.0038648421562911222,0.05812831355635184,-0.0005787405115954375,-1,,2
2442,0.18243904200045347,0.004233301554806056,0.004824906395121484,0.5575240454361862,0.16296203387479288,0.08801667073864002,43.812220354816375,36.795324171671275,7.882311417565342,7.882311417565342,True,137.4686490224813,7.263302664121464,8.782524581412163,0.008428827265799833,0.24485727599290202,-0.006424076548906843,13,,2
2443,0.572403508523476,0.25098326041152436,0.14401086003281338,0.012766240168987182,0.002415864750922272,0.017420266112276768,31.55922652077077,39.43397061081404,7.68620272342021,7.68620272342021,True,91.88605619668651,7.3084716183431695,2.2500437284983783,0.002638608483943056,0.008936401039805161,0.0010639036688888726,-1,,1
2444,0.39261954904152707,0.17880136921170994,0.033537313623553534,0.27715441132075,0.07094713465142001,0.04694022215103932,30.512193651484857,38.974951087863076,7.536956613729923,7.536956613729923,True,107.63385320309472,7.162923196855585,6.073683542480897,0.0022164357822527913,0.08170372914262587,-0.0009865466298112772,10,,2
2445,0.6263465404928058,0.10600885468628829,0.006120276552583476,0.0422402066989362,0.21849562370504666,0.0007884978643395668,41.27209910914696,38.8234970681156,6.98210040491559,6.98210040491559,True,89.72121826872616,7.441999944258856,2.1600358130055692,0.00714464585664165,0.07566035908360143,-0.0011826989734525946,-1,,1
2446,0.5274019009911401,0.04319349330078296,0.10229499085859306,0.18716260169231663,0.024637012594293125,0.11531000056287397,43.586061125199066,35.644023591688025,7.539332226931935,7.539332226931935,True,102.86230585600985,7.361293329373214,5.0822641510886735,0.00867753417966946,0.14838303161142535,-0.0032972561786806884,23,,2
2447,0.4902001562960474,0.03843189818242081,0.03814044441181404,0.10336281452541499,0.235972359621255,0.09389232696304786,39.154935697089805,38.648211472552035,7.683545087078905,7.683545087078905,True,102.50900290077875,7.293846525726666,5.568515530088285,0.005607995327794374,0.13071045550368426,-0.002640396668644134,19,,2
2448,0.6433404702634459,0.03733561850883461,0.06390036337694463,0.17001731571548914,0.05750054600433336,0.027905686130952352,31.96272700091658,30.74697613583998,7.900053989522227,7.900053989522227,True,95.07830014423338,7.219797650784337,4.839694066196796,0.002527082252854575,0.05424899165387248,-0.00036093935559869573,17,,2
2449,0.1877123178314042,0.1011463960494864,0.022365811630527217,0.5688119710735133,0.046613380570444236,0.07335012284462462,40.18554108375865,39.35475772305192,7.359777253775076,7.359777253775076,True,129.38854488232806,7.238103242909905,8.016763756763872,0.005978403291341115,0.20572356639169892,-0.0053194933536581295,12,,2
2450,0.6091868816769738,0.1673102021876355,0.009671853721462087,0.06312612238704858,0.11312561065768231,0.03757932936919774,32.54062593707601,34.729602946853845,7.857796704382538,7.857796704382538,True,93.0203649735072,7.257603028294374,4.073525280228768,0.00281101477158681,0.04838728419503173,-8.671307889438962e-05,29,,2
2451,0.41883748087954464,0.05220514788922477,0.0010605902956086516,0.38920470301006177,9.87342652766745e-05,0.13859334366028345,41.191076198144145,32.16002459286858,7.984157820248152,7.984157820248152,True,119.00159283508681,7.239872623294608,7.714162179637165,0.006394254139236193,0.16653854422701356,-0.003912697197336975,12,,2
2452,0.4141511746688678,0.04284307328293569,0.017038909306233,0.3997719201626924,0.03720134080958808,0.0889935817696831,44.24085457104215,34.40111106579222,7.4702521506252335,7.4702521506252335,True,114.99901799586006,7.33942174484605,6.340414593118514,0.009061302474792067,0.1860148942812702,-0.0046004009467963715,19,,2
2453,0.32290513396870807,0.12449873203349635,0.05537701508706081,0.37216336552668156,0.0009712843287882235,0.12408446905526507,26.892106642539066,37.19852424595038,7.8447359613770065,7.8447359613770065,True,114.73450646288714,6.963737508939794,8.82002348161344,0.0012784363697710924,0.09142910330362536,-0.0005361594947301115,5,,2
2454,0.2421785695357305,0.03628078505539555,0.15013316950939096,0.4595827144557774,0.019974862260429157,0.09184989918327648,35.195146794550084,37.399134511234124,7.990035204458743,7.990035204458743,True,129.33855962617025,7.147668421543696,8.14762922051825,0.0034593710909433953,0.1523633665375095,-0.0034517397142172974,7,,2
2455,0.47575618993523494,0.004134246200645669,0.15058670805070803,0.3231849088908644,0.002925177188725289,0.043412769733821834,27.78874749044323,39.823341802044354,6.4804624075946755,6.4804624075946755,True,93.23926655847954,7.122659259194894,6.131099843803189,0.001653562642059505,0.0674731663546433,-0.00046509913805193703,9,,2
2456,0.6762819686307191,0.03924721481389381,0.14162017210041541,0.10380328670340914,0.0007265717904674872,0.038320785961095,36.5552528327292,32.05202932106904,7.729592557259103,7.729592557259103,True,92.5388074421056,7.32550176244915,3.5200530619564794,0.004241857169425438,0.06027020173974891,-0.0007081480456919339,-1,,2
2457,0.7617591406442511,0.007609064700940542,0.05065116055913711,0.09147976560735653,7.136810457458631e-05,0.0884295003837403,35.94396207716658,33.78963234202719,6.7423048039209785,6.7423048039209785,True,79.86821822583977,7.284281591629747,4.416097181577133,0.004025234038757572,0.07841144711940028,-0.0012766863232263552,25,,2
2458,0.25505294708712767,0.014708614481859254,0.2589656444919448,0.44795528692912523,0.0005327477610852737,0.022784759248858012,39.49785673927876,38.8699751668359,7.756643796213781,7.756643796213781,True,127.596207541595,7.308975469961584,5.717172642993782,0.005788891334935811,0.1638589032158248,-0.004078681010078078,20,,2
2459,0.19682807856477894,0.019362307920385343,0.12959043579759053,0.5276965275482294,0.0027096068403282074,0.1238130433286876,36.08096341431096,37.23320131443057,7.946931045906689,7.946931045906689,True,133.94482370007876,7.116047941861374,9.235710667327563,0.003683740614067217,0.17598294631690237,-0.004215837482200508,6,,2
2460,0.36072145279672513,0.134946690676575,0.05568411609839188,0.4240216597921792,0.004122941210411407,0.020503139425717496,43.332869812825834,38.3751540431136,7.069467743773498,7.069467743773498,True,113.54817861586982,7.3914231612080545,4.715542922731017,0.008627081287882536,0.17232282119125572,-0.004332304465444412,26,,2
2461,0.4921281790785042,0.07128184033168185,0.027450565018364445,0.10354705272901164,0.29251874982009834,0.01307361302233955,39.1727848649481,39.15982356780803,7.628760901941182,7.628760901941182,True,102.98095751948877,7.369410478817556,3.7420517310443193,0.005767781775403653,0.10875286225184189,-0.002166672912808878,-1,,2
2462,0.40406117551148485,0.08939638684834021,0.07837479563403885,0.3434832998253822,0.0034407807505931567,0.08124356143016066,38.36619212325787,37.25683199845302,7.3408339104689,7.3408339104689,True,110.41907337214592,7.263652299123635,6.196099070235582,0.005075851557087059,0.1387741860506795,-0.0031064619615337784,16,,2
2463,0.4944472591416146,0.09586609865255742,0.16600373116952852,0.14980620549297347,0.0861574419054568,0.007719263637869044,39.73806858904001,37.57364272394088,7.775900393421154,7.775900393421154,True,105.87077832638806,7.398328474631544,2.874751483565072,0.006069412952865066,0.0875898836963257,-0.0015917459609816832,-1,,1
2464,0.6185477102752323,0.15249368255034226,0.11927064515577476,0.10390045923732359,0.00560618150318764,0.00018132127813935117,30.01523087225373,36.982312896939106,7.173345758963271,7.173345758963271,True,87.52349902407182,7.262308943625463,3.2012879270391106,0.0022058476164884384,0.02322596024544135,0.0006353494988965078,-1,,2
2465,0.38455976195625735,0.01964731064690731,0.13127811209174903,0.3960190300212028,0.010423305860912559,0.058072479422970995,39.97422386597066,34.73243021671257,7.7251461704118185,7.7251461704118185,True,118.39278937766946,7.290044661587322,6.146384173896231,0.0059099036386284194,0.1503374639145128,-0.0035751989604369872,17,,2
2466,0.5634557021941834,0.0978747230336005,0.024592714585114927,0.08561593139545029,0.09074721414665954,0.13771371464499155,30.79205960607119,39.33638077886856,7.0723046145246515,7.0723046145246515,True,88.03625524958396,7.134282281865806,6.427943188623182,0.002282852803140558,0.07969809130062487,-0.0006711277146149114,10,,2
2467,0.4093672473704187,0.1312151932635582,0.09149755994820914,0.31094156351456353,0.021248607426014195,0.03572982847723621,37.59283997362696,37.42076675207479,7.514810845581979,7.514810845581979,True,111.06584903009674,7.2983537227387,5.060994043845064,0.004778016681313552,0.11836083911100492,-0.002555320754115632,22,,2
2468,0.49610729622035776,0.22026010233770335,0.06622530067641982,0.1902076416853601,0.01990518409840036,0.007294474981758524,34.03118842787286,39.593353591105874,7.15815108965446,7.15815108965446,True,98.04349181571196,7.307135263884086,3.5165506147036436,0.0034112083060856375,0.06293619420285011,-0.0007824631307914279,-1,,2
2469,0.48274703107096334,0.19729985408812575,0.12523061207042194,0.16963537253255065,0.003380716177834508,0.021706414060103787,33.29526876475691,37.917933674239784,7.730867834601903,7.730867834601903,True,102.88612702357099,7.282459565218536,3.7886534499751017,0.0031057778780867627,0.05604490225712109,-0.0004534031719644501,-1,,2
2470,0.33997216115863427,0.060192226827748274,0.006775052984817306,0.3926579245630108,0.15230339840852378,0.048099236057265654,42.60606228429718,37.38259546471656,7.4876611749069415,7.4876611749069415,True,118.60227676808152,7.332888184610588,6.195911662179285,0.007836560065502502,0.1889301208428877,-0.00473702453105989,19,,2
2471,0.4822989955784224,0.18687204693665294,0.11924210343762495,0.16190368116081022,0.017054191480376523,0.03262898140611307,32.422919148567246,38.381230221569595,7.669435979029257,7.669435979029257,True,101.54505732097722,7.256569296112975,4.165435989437432,0.002824659838398457,0.056144639644522626,-0.0003567870163428384,28,,2
2472,0.6105920424784296,0.05194844004057121,0.0019207395229432537,0.2328496746755684,0.09656315292309378,0.006125950359393609,29.951632883665486,31.991939251860245,7.488347353387292,7.488347353387292,True,94.59981280101464,7.183307681885501,5.256153628504558,0.0020337953512808782,0.05537304504150773,-0.000359006169419538,13,,2
2473,0.0611440560266472,0.05843437419951589,0.07536665370487458,0.7690556699157631,0.01755691228628072,0.018442333866918414,29.941221857646767,37.96492482499016,7.53268805294958,7.53268805294958,True,141.38715248071065,7.0339419633226985,9.326666942897376,0.0018512733017358248,0.1544883645813957,-0.003998238590300839,5,,2
2474,0.5104733355206378,0.03998379083581321,0.08936011063614316,0.20993364853737898,0.14906525727027592,0.0011838571997510234,31.116013472809268,37.80369897729931,7.155762517235504,7.155762517235504,True,97.05604041910894,7.230218165141398,4.715835062164891,0.0024386519559873423,0.06518595649715528,-0.0006921182771798584,20,,2
2475,0.30347673047581397,0.008795105898697069,0.028356836099739432,0.5833962199302333,0.06303801506004308,0.012937092535473226,44.794692310241516,36.432745796836514,6.934874238948518,6.934874238948518,True,119.93635701869901,7.37437406329797,6.024599460416766,0.009743988702017297,0.21401304162792337,-0.0056833940188853755,21,,2
2476,0.508775423348502,0.05883943438753481,0.016408420634874656,0.12319688588300597,0.06308705657885379,0.2296927791672287,31.37082196584342,36.39762845709765,7.79114482720882,7.79114482720882,True,97.70600082783203,7.029195850478537,8.714303696492195,0.002185476509569483,0.1092391726732982,-0.0013119260248327675,6,,2
2477,0.5627591313096015,0.061066068801460364,0.1921049164249473,0.15525183392095432,0.004262912726520148,0.024555136816516422,34.49288546203476,35.87834588224504,7.514135467014388,7.514135467014388,True,97.18116953703706,7.298312838071404,3.7181391993479513,0.003495480063207795,0.05947308596476122,-0.0006268920595709155,-1,,2
2478,0.6097299046127376,0.08683977099373995,0.10404141651322951,0.09716799540848803,0.06767281217502517,0.03454810029677966,36.545732279182914,36.122584096477595,7.371079709048111,7.371079709048111,True,92.7205050266471,7.3322211403886435,3.477565344482426,0.0043566935010417055,0.06867945331987863,-0.0009395782048007971,-1,,2
2479,0.6029573205598792,0.07559602775571778,0.024578794733694086,0.17796676386652227,0.07985794086078399,0.03904315222340266,30.491829589751806,38.31749364149509,6.548956079065388,6.548956079065388,True,85.33838094198622,7.205186264089652,4.966272722586056,0.0022907212265114267,0.06391667473832364,-0.0005960152042766167,17,,2
2480,0.36499463589336056,0.0702707676050042,0.017507744630206178,0.4436053408797243,0.00775033648796761,0.09587117450373697,39.98664572735103,38.1986383468429,6.866233597057138,6.866233597057138,True,110.37904892036241,7.262395583287364,6.963665350598826,0.005954115091774587,0.16979141304022927,-0.0041233666084816555,14,,2
2481,0.5637481890551385,0.0009302830267369591,0.2044986307779178,0.10125071651655716,0.030131546707051413,0.09944063391659813,25.94390005212732,38.64981990970203,7.184168280680898,7.184168280680898,True,87.10982638376939,7.0775015800565475,6.078466809893246,0.0013234690436787616,0.04162967995102963,0.0009458560721496763,8,,2
2482,0.5792445260792227,0.06238762856695388,0.002375080970918646,0.20563886558932784,0.012900108162313925,0.1374537906312628,30.733508056914005,39.473803219234995,6.323809319013929,6.323809319013929,True,84.32692962660175,7.125918023720277,6.742652501207422,0.0022636662632351257,0.09111219871047785,-0.0012607257132482951,10,,2
2483,0.6388286086145755,0.12537620008303285,0.002696042094347268,0.036798408443482665,0.11441714942930199,0.08188359133525973,31.965897826251314,37.088029939950275,7.2175287527898915,7.2175287527898915,True,85.0558330992284,7.218572898634067,4.82116815167905,0.0026656198008223786,0.060742840495123726,-0.00036183190939165883,18,,2
2484,0.1390090473045256,0.00021072292652998578,0.07726903811990768,0.7285845730438499,0.04345697187362618,0.011469646731560628,42.78650823770261,36.35409826254113,7.421856946293527,7.421856946293527,True,138.86353259588378,7.2951189639468526,7.725618383335499,0.007754876330004766,0.2340384982963056,-0.00644123604114531,16,,2
2485,0.1821047655305812,0.12697793165363588,0.10493414862386517,0.5834087460497074,8.69856738683975e-05,0.002487422468342197,35.92786150979616,37.20462299479103,7.872236164364669,7.872236164364669,True,135.92086059667636,7.222471417867085,6.920461388944787,0.0038705568541793703,0.1577020577015522,-0.0040402118619292495,13,,2
2486,0.6217166890904301,0.2064809485241467,0.012574480858204281,0.1251961780887011,0.025628488128543268,0.008403215309974654,33.25141332134458,34.36580956946129,7.538546708409573,7.538546708409573,True,92.47351372523133,7.293637426643809,3.42382575098698,0.0030521172992323386,0.04440828883422194,-0.00016574446163406464,-1,,2
2487,0.7025356612341622,0.05127663288830722,0.037709378270317624,0.09703438519014974,0.035546231855164354,0.07589771056189883,35.47122546602197,39.37954439914853,6.102803507684254,6.102803507684254,True,76.95109433155353,7.2949382452027765,4.127583158592387,0.0039931136098428415,0.08215146324175918,-0.001399562819617696,29,,2
2488,0.6667254676964873,0.03542757488303422,0.16562519745362853,0.04181411900481564,0.005370068856683754,0.08503757210535053,44.049383075534195,39.25571577800653,6.645048579054474,6.645048579054474,True,84.59497187379861,7.445126119372351,2.5932640376944747,0.009415453879734834,0.09545990682150136,-0.0017240121457309094,-1,,1
2489,0.6376184957722569,0.01425072006286584,0.21699028758732863,0.10700469089774793,0.023744370822409346,0.00039143485739119696,34.375396232895625,36.09784211622187,7.159978068567512,7.159978068567512,True,89.5074507075523,7.3305870010229786,2.8230734837053078,0.0034969500591152656,0.04340910023605319,-0.00020806535730098384,-1,,1
2490,0.4249327743410143,0.2229472527402702,0.11175472648264298,0.22086174434007752,0.005735903127243253,0.013767598968751843,26.291401188856245,39.04757844029378,7.709713510942484,7.709713510942484,True,103.40537654811078,7.149129144332164,4.913501047657775,0.0014192127778816606,0.029451106030212126,0.0009579252169387504,9,,2
2491,0.6688011424697563,0.0304605444934534,0.11834380439798164,0.09175477408751723,0.06862246783772145,0.02201726671357015,29.4965993908188,36.647161237759775,6.852279898013979,6.852279898013979,True,82.06198399578851,7.223339093294841,4.052370496097869,0.002068615379132189,0.03770369060877133,0.0002613977058945809,29,,2
2492,0.7244923864294827,0.18641314769480516,0.02597138756318966,0.01113621795462703,0.018888500535112884,0.03309835982278279,35.32763622966556,38.53213306953235,6.565455006907493,6.565455006907493,True,77.55524599510716,7.348323465710397,2.489817697831391,0.003951844876313055,0.04360484485286247,-0.00021767761474593167,-1,,1
2493,0.5697911084969837,0.14755048226317394,0.08118922967686477,0.004914170031463982,0.15469182747951038,0.041863182052003366,44.02055858062245,39.002461367323406,7.686950241211139,7.686950241211139,True,97.74430511266459,7.466898897352249,2.0932287327391017,0.009296281653550243,0.08286829916971719,-0.0012067810134812058,-1,,1
2494,0.5399737045711079,0.15559317642390108,0.20775492438742527,0.050059433606535676,0.00015445473591219877,0.04646430627511779,36.04555184348747,37.937908654914885,7.995795083933401,7.995795083933401,True,99.6156517681524,7.338660857220172,2.889917711792531,0.0041686777515033795,0.04902995283925367,-0.00022473142255043574,-1,,1
2495,0.22148793539460512,0.011726288392570719,0.22741356036338015,0.4596966062206997,0.019634915357923943,0.060040694270820434,29.002294485797464,39.80375601448779,7.752232281998738,7.752232281998738,True,124.99883984151676,7.065829845034541,7.921703969960026,0.0017649128026350754,0.10949188037001853,-0.0018035048786538283,6,,2
2496,0.5493375684250699,0.037278602916222446,0.011608545031430332,0.21480147597509067,0.004791780140235729,0.18218202751195095,27.64951481224062,35.430774377822985,7.176890430286733,7.176890430286733,True,91.39788879937889,6.9891222129674455,8.34359754490016,0.0014299377699768649,0.08420401408757086,-0.0005065649869067243,6,,2
2497,0.4075870881109767,0.041977511148175606,0.04089859874740964,0.3361946943051235,0.07715234785658841,0.0961897598317261,41.00784333771562,34.90242999472067,7.774923430754672,7.774923430754672,True,115.8135961797868,7.280175759674564,6.722121165186507,0.006510698030154532,0.16291630252281045,-0.0038269221088729453,15,,2
2498,0.727329272668969,0.15774486372813476,0.013828607692433931,0.04815313256717163,0.00039930881494838245,0.05254481452834248,27.86228244363238,31.70658401186248,7.720250470036726,7.720250470036726,True,81.61669769011603,7.167843002879486,4.516451003992872,0.0016380624029211383,0.02476450031715012,0.0008778542139318685,16,,2
2499,0.3985830126535133,0.18057520853248846,0.10049585377160228,0.2208190080016702,0.055204987736050946,0.044321929304674865,42.34714414142909,39.017486508391826,7.892337063718474,7.892337063718474,True,114.30701391695698,7.392549330074549,4.0039422096014565,0.007869448194905166,0.13901723900686247,-0.0031149358374333706,30,,2
2500,0.6365115865585239,0.05729475717243058,0.16658980053263184,0.04399062739566837,0.07177459244830715,0.023838635892438096,37.83186079843776,39.45169057512979,6.851681567148289,6.851681567148289,True,86.42208007176906,7.384651977810946,2.412196665429219,0.005093108742757187,0.05866523103198506,-0.0006737227900941193,-1,,1
2501,0.7025943772102788,0.013187408897292153,0.05457633933395906,0.11087200925280978,0.0016740253380931513,0.11709583996756694,37.881162257651084,34.733025634196586,6.826561245609335,6.826561245609335,True,84.14507155689077,7.290362030338571,4.90000935784828,0.004900727737968801,0.09879437869872487,-0.001856675896730545,22,,2
2502,0.45285066621009556,0.010377534381473576,0.09261728423024504,0.41881336226486066,0.016011632547417925,0.009329520365907142,25.28748946080595,33.200071364807506,7.420840715557752,7.420840715557752,True,104.78159332672634,7.038682671389643,6.984898369713961,0.0011269136499627453,0.05360034818580246,0.00025715360087397203,6,,2
2503,0.7613071776744326,0.03172558212887532,0.10386045044256036,0.057441875312809004,0.043844720246778476,0.00182019419454424,38.028462036744116,32.42387063736729,7.265000555375004,7.265000555375004,True,85.05419636578372,7.389578387861464,2.3150459843244775,0.00499044727935203,0.04835472980218474,-0.00044661725587613263,-1,,1
2504,0.5275472666452914,0.16793532549139506,0.20211911234703192,0.04017389963236382,0.01037551598084376,0.051848879903074116,31.65261048145595,39.04146615069299,7.954258314445982,7.954258314445982,True,97.1395381417643,7.261624372549463,3.4996792419756835,0.0026304058086834914,0.030089380175003153,0.0006225403884518024,-1,,2
2505,0.6166295075348752,0.21053209451665336,0.012475928163083733,0.14110824572979447,0.013350483617641358,0.005903740437951749,44.246166467472,35.64366393346654,7.227319659297737,7.227319659297737,True,96.03632970405033,7.481367543023334,1.8829612644573415,0.009348979802575298,0.07535870756189618,-0.001154631834864295,-1,,1
2506,0.35497949395525413,0.11238528525402597,0.03915508499337626,0.29806032365983165,0.002578105923643696,0.19284170621386815,29.64158628111639,39.08470141607755,7.581960855218933,7.581960855218933,True,109.23793078255459,6.985289170895583,9.2503679745841,0.0017695826626650567,0.1162562124516734,-0.0014913847360705033,5,,2
2507,0.42894527812570143,0.19302871342477998,0.0010788949632402154,0.2850470597514398,0.0023173884839837945,0.0895826652508547,37.26096160408739,38.81572800107786,7.190942248164195,7.190942248164195,True,104.92917837729216,7.256087611308851,5.925544167852869,0.004587205176649027,0.12526393581889317,-0.002613616516715868,16,,2
2508,0.5359889242363038,0.02525449200890816,0.009773911160144297,0.0683181604701554,0.31704627595387186,0.043618236170616644,40.867138185461314,38.99279877708894,7.430630109440751,7.430630109440751,True,98.05224568103839,7.374325660323896,4.094322743270192,0.006822679004464075,0.12384787785736177,-0.002570024160426957,30,,2
2509,0.2025204572603355,0.04258025744883255,0.15285715414827156,0.48427271235445396,0.029034681864867944,0.08873473692323847,39.06096226456906,38.51256600044522,7.972410987537059,7.972410987537059,True,133.80512885953675,7.215044422302797,8.005070438306419,0.0052814332282661,0.1886352888455068,-0.00467508514087855,11,,2
2510,0.033733728216461784,0.0963148223934646,0.008930054265729603,0.7224610080909454,0.10747716782509042,0.031083219208308303,38.02931833816349,39.17976923362847,7.7916544587297505,7.7916544587297505,True,148.8193294990193,7.177956494799442,9.188030242477323,0.004646048078841258,0.2253518525875439,-0.006230587012872401,9,,2
2511,0.7244345488806051,0.06539795699921007,0.09547242891841028,0.030495315440467553,0.04505923907897584,0.039140510682331105,42.93253746627698,37.09234817494185,6.692831461119306,6.692831461119306,True,82.80471793834843,7.456799501125437,1.9686623058494002,0.008335899843353818,0.06869294723393406,-0.0009498976388471958,-1,,1
2512,0.6393076868206788,0.04682622976867965,0.0600877988262483,0.037985064168127074,0.09057284281891892,0.12522037759734725,38.276523820131985,38.87536202304362,6.840421550883044,6.840421550883044,True,84.70724392588772,7.299676452223652,4.772104460834616,0.0052254058813965155,0.10431158305269136,-0.0019013293251141426,23,,2
2513,0.23314661392592456,0.0814990625220364,0.008946158975278689,0.44691361590003,0.22425030648080488,0.005244242195925562,38.69338033024823,38.791253733283,7.836349347429827,7.836349347429827,True,129.76421144317143,7.2767515109108905,6.6463138020983905,0.00526067772110764,0.1809140799662651,-0.0046217868431361895,16,,2
2514,0.5033612443475365,0.09054441484283365,0.2347598929408302,0.0911963549404273,0.0024983249824941794,0.07763976794587825,43.9045048003193,39.24787623738588,7.743218710862188,7.743218710862188,True,103.58882481113632,7.430392040281638,3.026677579551197,0.009220352861145439,0.11125030109966648,-0.002125214919953645,-1,,2
2515,0.3913267951186237,0.0134494337065356,0.008988551484688639,0.4091441202185905,0.0012565662755396035,0.17583453319602202,41.423035520202305,35.984490434740565,7.192340685971846,7.192340685971846,True,112.0652649311877,7.224433932960804,8.261149169937358,0.006626419447456254,0.18599769120705037,-0.004433371987949466,11,,2
2516,0.3500415555054908,0.009288400910738927,0.030738518686163428,0.30229566547205894,0.08757802224443141,0.2200578371811163,29.202299368551326,39.11026304405769,7.4853944317625905,7.4853944317625905,True,108.77011471266509,6.925609100984311,10.237226176944358,0.0015824928860542228,0.13033183885886923,-0.001950667628894496,5,,2
2517,0.6694036046286144,0.09493356956415516,0.08809486997478998,0.05231077830279753,0.05253695839356807,0.042720219136074836,44.64386402478253,38.73867915793758,6.674147640507812,6.674147640507812,True,85.92737261436005,7.479324748708938,1.9310646045670927,0.00988854041368714,0.07789004113544594,-0.0011639507061601624,-1,,1
2518,0.4359456225038995,0.3063923564949537,0.008243762353135103,0.21697361570330967,0.021376004220564515,0.011068638724137436,31.5894270237211,37.430348135806696,7.954802647538589,7.954802647538589,True,107.84517219558701,7.245084832939341,4.3015578265595575,0.0025579648300737127,0.0560635787237309,-0.00039868577132631214,25,,2
2519,0.6533006382634708,0.03948818595865701,0.15350465436800698,0.11811763754789929,0.010423525471574867,0.025165358390390847,38.56693435527661,34.35038276673784,7.315772545700319,7.315772545700319,True,92.0744279016953,7.373370194658278,2.982798974668367,0.005319851210117186,0.06952746171340017,-0.0010634374547301558,-1,,1
2520,0.3706660048300256,0.04729017556570045,0.05095512133135068,0.47454016697181556,0.02766915576422609,0.028879375536881594,31.46122467369701,38.708226042922206,6.624172467409799,6.624172467409799,True,105.72278608255978,7.15905001558073,6.738143801937966,0.0024301373478070594,0.10783003797695534,-0.002130699796025099,10,,2
2521,0.2372737919072127,0.05120221161723688,0.027431484154988407,0.48488427997708683,0.11020127300184566,0.0890069593416296,35.09474444711495,36.69859229999733,7.933385926344827,7.933385926344827,True,129.87800873830972,7.127213374420855,8.72395997742016,0.0033580776228790614,0.1618441843717005,-0.003800981627964241,7,,2
2522,0.617039506459533,0.008061416068585956,0.11033005024253359,0.013890117156969207,0.16358347968527076,0.0870954303871075,28.122381935605762,38.87116776393758,7.154252360303193,7.154252360303193,True,83.20222014602132,7.143012410553424,5.407944152254329,0.0017454437659766002,0.04800236147294327,0.00040708664282187806,11,,2
2523,0.39440757003701116,0.0792047033681438,0.07336665265941851,0.25964198779491166,0.17599811346134095,0.017380972679173837,29.355714991568547,37.73458956321427,7.841612506203358,7.841612506203358,True,110.07765660039182,7.155679319604938,5.9832722548807435,0.001939358966955552,0.0739960930933195,-0.0007231032175499135,9,,2
2524,0.40380541454392865,0.08125381404209267,0.12176580405341055,0.2215129889091631,0.09698907467513938,0.07467290377626569,27.079439722184834,39.78323460804226,7.601247305194551,7.601247305194551,True,104.10035213318297,7.075291710927721,6.7897471011722645,0.0014745449612796556,0.06494159195662802,0.00011376437985710548,7,,2
2525,0.32464156086166257,0.005419590309769929,0.09492118718454838,0.4799108328149132,0.003898147085149703,0.09120868174395622,42.167315444698175,33.98477146531563,7.842273583729037,7.842273583729037,True,126.16436725381296,7.2756741417054585,7.3901251558835135,0.00720243825198758,0.18670661178233025,-0.004667057830402324,14,,2
2526,0.15558569927441993,0.04930497269412607,0.031666883281050356,0.6124554489577083,0.0006564709755228511,0.15033052481717243,26.815823057421774,36.49361845101508,7.86734088104391,7.86734088104391,True,1.7466709655747041,4.63104576880882,36.91979475457231,7.437565742937282e-06,1.073909768484205,-0.013733819395899016,4,,2
2527,0.5142105643261689,6.721345786160865e-05,0.12736388394895218,0.20639769385918827,0.006018004382007739,0.14594264002582127,28.888485493608904,34.19937574877778,7.823041915127817,7.823041915127817,True,99.45225756686447,7.043163435752858,7.6688824162399225,0.0016846373345305737,0.07752429067493391,-0.0003699774181591337,6,,2
2528,0.1809249919997512,0.12643704627300675,0.04098316429056681,0.6151871030209041,0.021573956922904043,0.014893737492867166,28.767347120521446,39.46880879595132,7.191518804096135,7.191518804096135,True,124.78764634642961,7.071959800824191,7.999899838504287,0.001721586806952962,0.11895684320171865,-0.002469025627945176,6,,2
2529,0.3952661743587107,0.08760478273387683,0.05075798816233571,0.3549487170785847,0.00043745820444212507,0.11098487946204988,28.86488578473439,37.619706954887704,7.239832701285543,7.239832701285543,True,105.44506324016233,7.0487649671419454,7.904553839253266,0.001715324760904868,0.09383911625580768,-0.0010816133108419736,6,,2
2530,0.5683625169062962,0.12717557611264071,0.07435975164523399,0.2203956337564009,0.0034046893236186434,0.006301832255809422,25.15124331455124,36.276212473112906,7.027952602263474,7.027952602263474,True,89.12565772306918,7.123979068500473,5.08778108562331,0.0012286668508001163,0.026958989247567608,0.001011734524570198,10,,2
2531,0.6825852735131758,0.038335957332803816,0.07207371101469257,0.031630869838461445,0.1470043071299768,0.028369881170889746,31.19839704410354,39.521799871476375,6.511559473063317,6.511559473063317,True,78.08195159758165,7.262369193495899,3.6720286464845504,0.0025585751247184075,0.046454351420042006,-0.00010317823385275265,-1,,2
2532,0.33849219460275,0.05331015315443421,0.1429797659127932,0.4170808848382267,0.007476719825730006,0.040660281666065966,36.791986512859,37.99462648585725,7.340219196876932,7.340219196876932,True,115.94966171404043,7.254247712018575,6.096211064799265,0.00433427209535272,0.1351515448088566,-0.0030995720895646032,16,,2
2533,0.17404155095332302,0.17853443909772473,0.06429371977732179,0.568465653092564,0.009535254168147418,0.005129382910918979,35.32841323477631,37.98124997897511,7.887855591636399,7.887855591636399,True,135.73011585201428,7.213572601272075,6.94936553098774,0.0036436369176111945,0.15509138746190135,-0.003926736657491868,12,,2
2534,0.22033309573430176,0.058198040961291615,0.10543639136975055,0.5903626234345921,0.017117469398537852,0.00855237910152619,41.827468376824456,35.52576163448191,7.800799551008955,7.800799551008955,True,135.10368510630875,7.314315002827213,6.59938380471414,0.007129949444571929,0.19873712068088623,-0.00529670528193675,18,,2
2535,0.64497007608066,0.0012564281877766044,0.11169689144456497,0.08624867959190988,0.026132811526265783,0.1296951131688227,33.670111468596836,38.69106488543526,6.6025888989952985,6.6025888989952985,True,81.98640694194333,7.21296080754105,5.47532437518937,0.0031984673904517477,0.08551662260499972,-0.0012190327895858152,16,,2
2536,0.44696624378393407,0.02661200994977786,0.08187833538040426,0.22689586046731755,0.04170574555644734,0.17594180486211897,42.36781597076833,35.302523067068236,7.984368694650175,7.984368694650175,True,111.94445617505832,7.264422896399733,7.295525007281947,0.0073932865974559,0.1705298986085463,-0.0037917500281152336,13,,2
2537,0.35348182400919387,0.20847661848767213,0.0961656179102435,0.29894063104990853,0.04272053759453147,0.0002147709484504066,39.94878582499481,39.51133454720309,7.745081014964329,7.745081014964329,True,117.39829125915921,7.379599577283071,3.76277315536688,0.0062237897330014325,0.12669060156658837,-0.002898335957763314,-1,,2
2538,0.3753931798972509,0.03068468371402173,0.10171776438838498,0.3166245424210985,0.010005097051029,0.16557473252821495,25.194103452554106,37.16649465578005,7.673786814802521,7.673786814802521,True,107.23223543910414,6.873996134400874,9.530263545307816,0.000958616546227666,0.07781331679837203,0.0011078749209309617,4,,2
2539,0.6118083224987385,0.020144240372542317,0.03512341364357341,0.2974003082043421,0.0007097762728058357,0.03481393900799784,42.99998991847432,30.28724543514517,7.567683075697355,7.567683075697355,True,104.04986823861876,7.3886134661818605,4.309854779908719,0.00801665726648521,0.12368299473746135,-0.002828043239121932,28,,2
2540,0.6124902908525359,0.050503438852114516,0.16949511456713656,0.08747041949488346,0.060528327610230685,0.019512408623098887,31.864912272098934,38.963456192646845,6.887363810133515,6.887363810133515,True,86.2437888244494,7.277537408724558,3.4513748007214438,0.0027222939287340838,0.04244242177088965,-6.197836901445791e-07,-1,,2
2541,0.4105845935965654,0.061645942308654327,0.031028464563515313,0.4467361880402248,0.023754062790726765,0.026250748700313114,40.543834540228225,38.50135884430921,6.527550360672909,6.527550360672909,True,105.10788701779086,7.335384965938403,5.3358594466043865,0.0065030182971748856,0.15672113096525797,-0.003899343805049176,22,,2
2542,0.07435756055707257,0.0856149811642395,0.039007360789156426,0.6585201258378638,0.08117128589449225,0.06132868575717546,28.152985064678624,39.18668231419247,7.833148823370347,7.833148823370347,True,140.33120877561805,6.95735818580256,10.058492915298508,0.0014372481639145153,0.14902749257430095,-0.0035266354800366105,4,,2
2543,0.3157968482208781,0.1395569682963304,0.09242400161976695,0.40005211706458266,0.0014250523639348,0.050745012434507124,39.332336851127856,37.94630635534102,7.662598388485789,7.662598388485789,True,120.86599191256212,7.291091607498937,5.978551714197691,0.005642520292239812,0.15437286327889058,-0.00369121413519477,18,,2
2544,0.5630127182275133,0.02555074364649985,0.10043223677355209,0.20099286948098363,0.020770392855369066,0.08924103901608216,27.82726517978668,39.78676502814871,6.44839979674349,6.44839979674349,True,85.09629973897202,7.110839944146482,6.192574230529779,0.0016626270684495126,0.06489851710553929,-0.00025815451707398765,9,,2
2545,0.12895435968540847,0.08881059709570065,0.09300924097806315,0.5572797160313142,0.0852021575454344,0.04674392866407918,43.71990032529344,39.969677779236775,7.900163546954658,7.900163546954658,True,140.326686028952,7.312834895480481,7.4837513699964635,0.008673708632863866,0.2473695441661135,-0.006581906451216716,17,,2
2546,0.5572089362357786,0.053447157481045234,0.26991384005060554,0.10495739492881544,2.1614175749004922e-05,0.014451057128006171,31.44173216986163,38.4893639680141,7.375979156123752,7.375979156123752,True,93.39513907362867,7.2786760688548435,3.1998325888005614,0.0025839800232247976,0.03086499996265583,0.0003946986567391311,-1,,2
2547,0.5375184427523783,0.08244513001699794,0.005503881416308249,0.15075001674310856,0.14097515631183866,0.08280737275936839,42.064108135565654,35.32012432782656,7.70931081311537,7.70931081311537,True,102.7462534645821,7.35444738437932,4.871863578704105,0.007471338068892121,0.13541447156086028,-0.002931189117158405,24,,2
2548,0.8525990700598615,0.0561938305122356,0.015528217527580358,0.011497168474835243,0.02352261502383249,0.04065909840165466,35.773065687821926,34.63666211029691,6.410691881135087,6.410691881135087,True,71.8210459419,7.3404315588362365,2.874343124823055,0.004065924732384633,0.05344115851229095,-0.0006184740175957758,-1,,1
2549,0.5548263846977182,0.06528811090581108,0.010629181004191541,0.01991776156253272,0.2637622532369399,0.08557630859280668,30.52649839325676,38.34438795834349,7.702213430565365,7.702213430565365,True,92.33499777727641,7.166138893531822,5.754488399692048,0.002240237673969132,0.06717286713246007,-0.00025843688897666145,11,,2
2550,0.6202560111428759,0.025977145190665837,0.20237494534424,0.011902471026369751,0.12073708281378728,0.01875234448206122,42.70873235091554,35.91649889626042,7.850652758699669,7.850652758699669,True,97.18949326475843,7.462032389368593,1.7528956684326382,0.00802388006947966,0.06019507587082511,-0.0005669525763673238,-1,,1
2551,0.5481690846804778,0.04289316959137293,0.042213299606338156,0.17905917415772132,0.16979756892884196,0.017867703035247942,30.605179544874908,37.857984098238035,6.992691029755198,6.992691029755198,True,92.33811358974286,7.2102631724436135,4.994423375488031,0.002301252931694012,0.0652070031275215,-0.0006135263611943752,17,,2
2552,0.7424116700454987,0.11857797024209195,0.016523514678013367,0.08165956020822679,0.017905596718039995,0.02292168810812911,41.961810838176476,36.06123418796474,6.536924360623551,6.536924360623551,True,81.99257688174565,7.444138300819078,2.113873551031536,0.007566162228052702,0.069805756589847,-0.0010881695991845665,-1,,1
2553,0.4142721954492733,0.13188557081134047,0.0709649215347632,0.21946202718311794,0.050750476205089545,0.1126648088164155,40.43808622495894,38.02864145151438,7.849947137815263,7.849947137815263,True,111.66435038037648,7.2906358674140215,6.019545362863779,0.006305478807526028,0.1472760229473575,-0.0031959516648231343,17,,2
2554,0.515605340961015,0.0013044001648489475,0.05086855764683031,0.4163927054363771,0.004034721050546203,0.01179427474038261,43.07576406381792,33.18133476727295,6.986532400169576,6.986532400169576,True,106.30484173795166,7.388188360167855,4.610458282411323,0.008213519865849879,0.14739187956318936,-0.003640314684052596,26,,2
2555,0.28537754186117026,0.048952647917476715,0.047125946246402456,0.5043150835464013,0.10826729622364234,0.005961484204907126,33.47300400916823,35.430211140341996,7.737957448473082,7.737957448473082,True,125.14074115650226,7.176522685272942,7.098588842293209,0.002928642791469381,0.12895659144423646,-0.0029766264756931277,9,,2
2556,0.5668914672103791,0.12927114574651172,0.05740146260244342,0.09139923717045247,0.09742577280678918,0.05761091446342417,37.89472149956396,37.38152162539781,7.471006749504365,7.471006749504365,True,95.72279606439285,7.332773806030273,3.9172400200204462,0.005012218338413083,0.08754977560813386,-0.0014633140159291329,-1,,2
2557,0.3720008172248256,0.03435820886358837,0.08271067517559574,0.4511908503234424,0.04696394604033968,0.012775502372208172,41.084273783070174,38.117861847809294,6.848371873068378,6.848371873068378,True,111.15191647178828,7.347710433579473,5.24634669631521,0.006853624716756459,0.1632201186827933,-0.004107496289538827,23,,2
2558,0.5155440130563628,0.19550953915004113,0.03753363462704049,0.23680759367499854,0.003342161853292504,0.01126305763826456,27.595510047099005,37.01132038871124,7.201359091626665,7.201359091626665,True,95.08488224984626,7.16560968388263,4.949351403031701,0.0016328518838554032,0.04033776874023963,0.000363231232511933,12,,2
2559,0.29087568292168303,0.08038132615320102,0.12151952705159225,0.40498576959474814,0.0648531768127511,0.03738451746602445,36.16046880813112,37.82430609810615,7.856125943107068,7.856125943107068,True,123.94489975635987,7.234084345161929,6.460187904268888,0.004016456610104634,0.13898395013181503,-0.003183116680483509,13,,2
2560,0.6902928075414912,0.052782700120038294,0.11430069347336208,0.05758001077611701,0.05850283182906422,0.026540956259927164,29.51501064712669,38.69985598550035,6.516070599997662,6.516070599997662,True,77.48511518669531,7.237298680008493,3.6974025589478376,0.0021219174388824756,0.03490021914316303,0.0003188463310902469,-1,,2
2561,0.17736914594832565,0.023632046970928806,0.054468956475921704,0.6771646849720689,0.014166227802118849,0.05319893783063599,34.2474805664478,35.84593957937056,7.493737303661652,7.493737303661652,True,133.5117414489192,7.114215362853908,8.869673995297546,0.0030349319237646874,0.1635115958490612,-0.004145267190823801,7,,2
2562,0.24713099680970949,0.10502638666421463,0.1381824533208392,0.41379753465790825,0.058035061674175305,0.03782756687315308,28.70671550724618,39.026296326394785,7.994273134898105,7.994273134898105,True,124.52560426445879,7.090024869871841,7.311491013917201,0.0017365787646072485,0.09708632045105053,-0.0014266362984420224,6,,2
2563,0.46229638879142293,0.030062541782565542,0.17934872561085832,0.21324460370982057,0.017958839724023807,0.09708890038130877,40.627028401242534,37.80583639834546,7.526946707651629,7.526946707651629,True,106.14105777012469,7.3199685404986585,5.257607003452783,0.006504087376437896,0.13527143404428138,-0.002909553641987504,21,,2
2564,0.5949167854572389,0.2191136252836128,0.03243887935797972,0.12692741422994444,0.0017523615766083642,0.024850934094615824,44.019437950629516,39.26379509894425,6.785778039093166,6.785778039093166,True,91.88377197141365,7.473869287607255,1.9756175982526705,0.009321997085622572,0.081271247333477,-0.0013276944811740912,-1,,1
2565,0.6132860214930006,0.06481815558039593,0.02403774117638763,0.24403940146955805,0.017780999018625024,0.03603768126203282,32.56337236002328,38.22190071047653,6.215038204103483,6.215038204103483,True,84.75287384236081,7.239362792573525,4.840460370911838,0.00287578607513269,0.07782793793212907,-0.0012331771613353045,20,,2
2566,0.6274572391225919,0.027026987525005527,0.01513233389017018,0.0666639986357922,0.17938828743643873,0.08433115339000151,38.532591978743255,33.140057234002555,7.925737646529276,7.925737646529276,True,96.03854688478714,7.3040448798640805,4.884783721070634,0.005159565455693951,0.0996102492802043,-0.0017786068448290746,22,,2
2567,0.22912109770694083,0.18459037124010616,0.02980418418886911,0.48261930869300323,0.01557418429798155,0.05829085387309916,30.600517802198485,38.71064883678135,7.738735594926427,7.738735594926427,True,125.29149786341472,7.093246141838059,7.887484427131816,0.002111506203724342,0.1200228159958837,-0.002329564175691441,6,,2
2568,0.24379888760037957,0.0019137186946980695,0.031012691983238857,0.46030926480893525,0.15009469602577705,0.11287074088697135,34.920276721270895,36.9550220680443,7.922160792161414,7.922160792161414,True,128.61970583570476,7.100730704127088,9.245241728649596,0.0032427659965902807,0.16669164774071688,-0.0038653876712840024,6,,2
2569,0.6769892345756641,0.03534364608987525,0.05773193021758296,0.08058379262017054,0.07399838843118117,0.07535300806552596,37.208474894722414,34.65885020281961,7.184444590492631,7.184444590492631,True,87.40841358022591,7.308188596229226,4.270246734043085,0.004600351149890957,0.08381097648590928,-0.0013789829430851206,27,,2
2570,0.8505387883300569,0.035835555136968865,0.09164861355095268,0.00305274499522229,0.011186253048060016,0.007738044938739088,25.01338182547636,39.97801240144892,5.6275071335695115,5.6275071335695115,True,61.15753310263214,7.1999483558529205,3.254380965078533,0.0013481097309172112,0.017659203125700424,0.0008228956475139304,-1,,2
2571,0.654270940979112,0.022281944155430018,0.0810273213748634,0.07912139976620498,0.14792033287296127,0.015378060851428363,29.232852802844867,38.793093910191246,6.598844941013514,6.598844941013514,True,80.52304223361368,7.224030692385792,4.090325520713275,0.00204285453818973,0.04204625657260835,0.00013389489606772126,28,,2
2572,0.2955848613957166,0.01323854631607835,0.03202027374168184,0.3656330315609173,0.013612156977279525,0.2799111300083264,33.89515772153142,38.48607555222176,7.66104482294744,7.66104482294744,True,117.73603813693195,6.966363957625598,11.161418928454315,0.0026428224358255314,0.17633080604873644,-0.0038119333935948425,5,,2
2573,0.24191795376816339,0.005112240308594852,0.07420024698748813,0.598417124688121,0.009273729732954853,0.07107870451467747,30.314945873720067,37.5925045577151,7.074161531719181,7.074161531719181,True,120.30004611855679,7.050140203840012,8.763650946157615,0.0019693904947619607,0.1302727855448686,-0.0027569726847322547,6,,2
2574,0.5955377663670604,0.038190164824185566,0.013949394699537779,0.24536270823767634,0.08455115480113959,0.02240881107040014,43.60484121148358,36.040800364373915,6.677503139336313,6.677503139336313,True,94.48531930484968,7.42830563675148,3.5123740977497246,0.008879645778546918,0.12784287115522627,-0.002927171345916572,-1,,2
2575,0.42663182938821914,0.05792533044826112,0.0910545135149195,0.3479563084474469,0.03370435918242719,0.0427276590187262,37.53877151618869,35.432114714365106,7.518294897321674,7.518294897321674,True,111.5299305795849,7.2743549806368835,5.693044108366639,0.004653933156917268,0.12410331202940453,-0.0027445430070480257,17,,2
2576,0.5005013593490729,0.027531635221689364,0.05722711282808862,0.1906680521488103,0.1884968927065304,0.035574947745808314,34.71449661725826,38.57479592585587,7.141695048909924,7.141695048909924,True,98.33050970851808,7.2615665243158976,5.09060700480042,0.003575912659036546,0.09639719251182755,-0.0017177771554052921,20,,2
2577,0.4887540647470184,0.040912732277472906,0.007087471371337469,0.22590972053647626,0.08154392934175793,0.15579208172593698,30.105689396520617,38.36620115682319,7.000884644191034,7.000884644191034,True,95.09181321425247,7.0624948438660615,7.9287259640483905,0.001995433232935633,0.10041637971445876,-0.0012733815085205528,7,,2
2578,0.4551593837923662,0.07778400197776798,0.16382998304988658,0.225455279514717,0.037227841106074876,0.040543510559187305,40.51308819325488,37.7312610703598,7.585497761497116,7.585497761497116,True,108.044647748804,7.3659316264549455,4.087339917648639,0.006519645726107688,0.1202694113775537,-0.0025874100490699808,30,,2
2579,0.31917612463121253,0.038474715020136906,0.03357409337239723,0.4940888352456269,0.02155894173477947,0.09312728999584713,25.611857090230853,39.41067119749492,6.712941885444054,6.712941885444054,True,106.4243225264188,6.954123159819118,8.869819359845675,0.001120473375675323,0.09358426275301183,-0.0007752923628206751,5,,2
2580,0.34028145570003887,0.0372407160519515,0.11160152195773373,0.38966872349197323,0.08128402812285195,0.0399235546754507,32.902332146515825,38.06767672811007,7.4318966720890565,7.4318966720890565,True,114.55843286364605,7.17899964661851,6.671857060994095,0.0028266317353193484,0.11394076531032026,-0.002260123068463407,10,,2
2581,0.5792241944781404,0.05969247413835686,0.16835131330737463,0.10612347365301592,0.04131891452651922,0.04528962989659287,33.90839241518721,37.28135229946825,7.344339242928607,7.344339242928607,True,92.85838397538237,7.279948059293808,3.9665044686571798,0.0033112211118731362,0.059857818339445916,-0.0005322605056081579,-1,,2
2582,0.786555561363096,0.038579793938765115,0.10339963162107531,0.019020243839003522,0.02422099141624513,0.02822377782181487,28.09041632304028,32.25851098339346,7.309017883700978,7.309017883700978,True,76.18928912186358,7.204170106214013,3.8114486913677177,0.0017246163367077292,0.020170953118128696,0.0008501075657972728,-1,,2
2583,0.7283633109122977,0.011233361628033012,0.14405458917310562,0.03915648637637009,0.048282775638013815,0.028909476272179782,29.990464325369086,32.961464341533414,7.458366512862801,7.458366512862801,True,82.03777330517131,7.231628932177803,3.7945597803140965,0.002128426869140427,0.028254697121896346,0.0005527588433725205,-1,,2
2584,0.5723155310242639,0.04961932260554568,0.031641270540759533,0.28362098423991394,0.05998912920101264,0.002813762388504255,30.537921733262134,39.85328764327545,6.03900233689484,6.03900233689484,True,85.34057695114028,7.221680622035384,4.813465368929388,0.0023377812021933286,0.07076485302162298,-0.0009876892879029137,20,,2
2585,0.40385025256483703,0.13312081701711811,0.09892040885650476,0.26393779370369913,0.05390996998277863,0.04626075787506244,38.91628025123668,38.29680496381185,7.668624558426969,7.668624558426969,True,111.96803157089802,7.319570319779937,4.909390906464964,0.005506406703228325,0.12650495463421066,-0.0027548181275792705,23,,2
2586,0.57167036968075,0.08551218736211946,0.027642958273572115,0.10864214418177487,0.013181650183843398,0.19335069031794003,27.551511441778594,36.40846586588836,7.410486242150491,7.410486242150491,True,88.41213962286507,7.003668851540641,7.89945196555676,0.0014528115875746127,0.07465549285948249,-2.3526477290813448e-05,6,,2
2587,0.280444880919484,0.07965056966648322,0.04056842780587196,0.3685509468911919,0.1080508721079494,0.12273430260901944,43.229329837995266,39.714534496823944,7.688356861599275,7.688356861599275,True,122.72397517645504,7.283765198333722,7.593591588528714,0.008208632331757667,0.21288760422232794,-0.00522652252604663,15,,2
2588,0.4410347120591971,0.08314231830661682,0.013942425732546075,0.1742167120112418,0.13698278388582463,0.1506810480045735,37.694323460524046,38.52283750278241,7.686194265347427,7.686194265347427,True,106.08893058988244,7.207051637118144,7.202537690223069,0.00465932550478162,0.1410206739150851,-0.002809278979872542,11,,2
2589,0.5500175777311697,0.0573267994122792,0.07220990143522814,0.042083917667523243,0.14184964221012966,0.13651216154367013,44.396684354962005,37.86316091841193,7.719572586073024,7.719572586073024,True,98.69764608901339,7.376217981513645,4.800111044080923,0.0095201060018834,0.1485111247649245,-0.003123250592910211,25,,2
2590,0.2547846813317233,0.0053300308809107666,0.1789244966457904,0.5109867086613086,0.04927263263253979,0.0007014498477271026,31.838848307706773,37.387375247357795,7.608129676667595,7.608129676667595,True,124.8167729337964,7.16538392768938,6.819518675386055,0.002494309678230572,0.1173633325028517,-0.002553790182620393,9,,2
2591,0.35796123378329225,0.022098690193440455,0.07540417106328805,0.25741149739764674,0.2053736866052384,0.08175072095709418,40.22464499472959,38.68694998451477,7.906864510314067,7.906864510314067,True,117.48935701356494,7.281916846094788,6.537021508766272,0.006147823716000993,0.16669840189701476,-0.0038421227382394014,16,,2
2592,0.34481498093047364,0.0443162685894179,0.002255142630758366,0.545481638008423,0.02298575343637411,0.04014621640455308,30.666646305779665,35.639566618843745,6.9866347893065015,6.9866347893065015,True,112.73883795723506,7.100194862423073,7.745894338830909,0.002106697246343782,0.11214659437856243,-0.0022485412887018764,7,,2
2593,0.6800854521659618,0.007602145032820981,0.0346990613417838,0.2729616562709116,0.00027241634151916,0.004379268847002667,27.649123729413898,32.694760616925564,6.711623999696707,6.711623999696707,True,84.91712873247437,7.147854410321716,5.329328821348572,0.0015879240859879775,0.04747522852151112,-8.336555941956452e-05,12,,2
2594,0.7347416692695676,0.02221773394353223,0.0373071014676758,0.09838346236252218,0.003161600219015576,0.10418843273768659,33.22477247429994,29.30430484493249,7.922937156919703,7.922937156919703,True,88.05457097324863,7.199444082530122,5.469630371542265,0.0028306650520866605,0.06466156321033538,-0.0006373742012619634,13,,2
2595,0.6697619226131234,0.09002387366977457,0.01272452088303926,0.09440484494964767,0.020220722947979896,0.11286411493643513,43.43134399743536,38.72796903270205,6.406564738630521,6.406564738630521,True,82.96390837765617,7.401274558047026,3.7663806759162437,0.008841516040723531,0.12426779295030001,-0.0026644530914963042,-1,,2
2596,0.5944972866893788,0.07987184067023581,0.09592061116662556,0.16938414894844192,0.012200297499502777,0.04812581502581514,44.614803625050385,39.90833134039,6.418874181791601,6.418874181791601,True,89.47614027112907,7.458150358410057,2.736045750439412,0.009976893190756186,0.11278732105029904,-0.0023582559969881492,-1,,1
2597,0.6977758837122658,0.09981271012002682,0.030308588158464038,0.11811900973508953,0.02655511542449034,0.027428692849663334,43.644215148562594,31.89651920852112,7.512894734445808,7.512894734445808,True,93.95020185384485,7.4511225334864175,2.5125753512188758,0.008697855882669641,0.08392990646088738,-0.0014798627371592397,-1,,1
2598,0.6413199748088938,0.21561009123813368,0.003121072917431091,0.026211901293099565,0.06614070360586718,0.047596256136574665,33.29200979750671,37.62129903208092,7.2354941699318225,7.2354941699318225,True,85.62726780713312,7.28761377521577,3.473808536275626,0.0031389869240025688,0.045952556465841315,-7.849971526846469e-05,-1,,2
2599,0.656355515445351,0.09120637116622778,0.017336243135065505,0.14816989202268363,0.020629381880983507,0.0663025963496887,36.42623757509161,30.420535071610765,7.992832091248082,7.992832091248082,True,96.53417715342881,7.277578266324121,4.760661224976521,0.004066794433868156,0.07726744011996779,-0.0011817252491825656,21,,2
2600,0.7627685397830263,0.05189987180392262,0.0007517324318929635,0.09083745868249198,0.0883433678523368,0.005399029446329329,39.67215544911795,36.964039479950344,6.186842076667782,6.186842076667782,True,78.0458550397175,7.412430664140628,2.422335717064048,0.006098247604010101,0.07152054830117197,-0.0012300459677014291,-1,,1
2601,0.31250261768656373,0.03691798464228183,0.06884564465736577,0.4851340190158292,0.056283321908881495,0.040316412089077915,35.083321315890934,34.43533390237992,7.83865006622841,7.83865006622841,True,124.64040087493251,7.183047131785825,7.3235579179277925,0.0034404269840711517,0.13574258340904388,-0.0031340049630266347,9,,2
2602,0.39930364775828237,0.021833936025157,0.04144005865500642,0.347538752585315,0.07275569381333817,0.11712791116290097,27.329543103244063,39.50257258718257,6.847938227276927,6.847938227276927,True,100.57266000813034,7.007962619047711,8.316736934892909,0.0014286360017791158,0.09420314895062078,-0.0009159514004335116,6,,2
2603,0.49945571047717097,0.08165510890672084,0.003946555172664329,0.34843678106319265,0.049588761204154126,0.016917083176096883,31.152888374032706,39.63177497482444,6.2262736514034644,6.2262736514034644,True,92.02227678071085,7.202413577291961,5.519520662932766,0.0024490190115936065,0.08581627525539191,-0.0014427113384713796,15,,2
2604,0.350856940827721,0.04808207163091988,0.08955628064471371,0.3218933117734504,0.034932216530690806,0.15467917859250435,30.86829196675853,37.05298904490374,7.888890244362186,7.888890244362186,True,114.51588883483849,7.034622114786028,8.783189431910557,0.002067829695017943,0.11737386755492966,-0.0017892434592514184,5,,2
2605,0.5734064297367323,0.1691347636104054,0.06791847311437961,0.07505907432984513,0.07955324850962198,0.034928010699015556,36.30145130986938,38.077453516249,7.425781599578269,7.425781599578269,True,94.0009414218591,7.336696286473991,3.262801568789579,0.004296897331660906,0.06481741786316768,-0.0007807093883768672,-1,,2
2606,0.29922521219261683,0.1307669842504834,0.11526246397035438,0.38117696257473144,0.022714490650238405,0.05085388636157558,28.636959803983444,39.48398048447294,7.6317906303949075,7.6317906303949075,True,116.10159639329,7.0960913351948225,7.050010273447775,0.001744475016440714,0.0881482593755673,-0.001053230356556018,6,,2
2607,0.3398458605169341,0.15646969593258656,0.07676476737763273,0.39221738796437267,0.02205109696001662,0.012651191248457623,38.702784450325524,37.12033767678808,7.695649145606586,7.695649145606586,True,119.85005406115201,7.315554689089557,5.16249262374876,0.005338204195362365,0.1381830639614927,-0.0032896879291543827,22,,2
2608,0.6158689994437284,0.18589996375138745,0.03903973159667711,0.02766840634528475,0.010833517232414483,0.1206893816305079,28.606267510788598,38.73895232325552,7.179844094626345,7.179844094626345,True,82.9454366452602,7.137406624295504,5.465321753062462,0.001832502440660215,0.04722150533493011,0.0004536712850842086,11,,2
2609,0.7269850267595125,0.06632233405294718,0.042547354954458196,0.1396499038759941,0.0018307539949722774,0.02266462636211609,37.465287739008666,29.49400127612813,7.79070267824673,7.79070267824673,True,92.51906880813314,7.338102962179046,3.538432277868791,0.00457363548776354,0.0637562891530917,-0.0009199527847453706,-1,,2
2610,0.29313428510498535,0.031390176334004635,0.05938373372086708,0.5011168742174222,0.013915660862193311,0.10105926976052731,37.82923828181412,38.767864788751126,6.9830870710548325,6.9830870710548325,True,116.50258791834764,7.2006386137130205,7.871742627884872,0.004675481768857065,0.16998208100349482,-0.004101339079481213,11,,2
2611,0.49567751169770086,0.1482664028467009,0.1389552840357949,0.16852619412115463,0.0009393030911378247,0.047635304207510935,32.64830387875464,38.8573297582853,7.399039258213202,7.399039258213202,True,98.59003902097398,7.246923899782949,4.465276175221427,0.0028927201422586724,0.06293439988928563,-0.0005487803329547884,23,,2
2612,0.43766804378588847,0.0168424506995613,0.07086325310122799,0.3621959802035191,0.036552311361200955,0.07587796084860207,26.090061836594945,32.52401576566919,7.9521952409315215,7.9521952409315215,True,108.63840355884146,6.987167550394454,8.03263237110038,0.0011636830539412688,0.06737025376575863,0.00010101382172525014,5,,2
2613,0.21220505948915339,0.03477414430084471,0.04627668822261941,0.46647932109811,0.09880721071239677,0.14145757617687565,39.78107904031889,38.57091707076052,7.857538108733928,7.857538108733928,True,131.29438752497313,7.174225629879865,9.267603065225561,0.0055237056739953555,0.2075679475150624,-0.005106583742888389,9,,2
2614,0.5635048961072237,0.34273979755414347,0.0568912243350416,0.03207533754731651,0.000303729111835733,0.00448501534443902,37.60159904091463,37.93293833667276,7.961513153624038,7.961513153624038,True,98.41823946249072,7.408035388508212,1.4245862821396154,0.004827665135684815,0.027501255670451114,0.00032888527998919243,-1,,0
2615,0.436661656547115,0.07009480835979923,0.13180484092298078,0.30006369468379795,0.05405075920934237,0.007324240276964821,25.91427558074149,38.10759434206899,7.222056355660965,7.222056355660965,True,100.80631126714722,7.110631428635291,5.815156072338858,0.001323781287918018,0.046667906156865537,0.0003886907335274463,8,,2
2616,0.875374796382285,0.04225844711278496,0.0031042932686473484,0.037859411062436066,0.034652859629674106,0.006750192544172444,32.30364298764795,39.274664114539576,5.457529220346188,5.457529220346188,True,63.673105940289624,7.313715821995643,2.703973463870064,0.0029586954935174564,0.04478196036322219,-0.0004172888585097067,-1,,1
2617,0.5771931797831392,0.027979742467835775,0.2163922148150072,0.08241217422745203,0.07668550972331385,0.01933717898325188,39.24956869031412,38.41647248900533,7.295798875375123,7.295798875375123,True,95.01374156765091,7.399707774249811,2.5179829595858214,0.005821145648243738,0.07052789147753247,-0.0010319417138068146,-1,,1
2618,0.641647229206342,0.06488579341239376,0.003354448787496386,0.18311946115241828,0.04059590645708454,0.0663971609842649,44.34786417354776,39.82786641539687,6.025685520738781,6.025685520738781,True,83.77179943380993,7.436721262403328,3.326168199794977,0.00974897083836118,0.12848958937244495,-0.0028982909598588105,-1,,2
2619,0.530098071385014,0.08145917333875873,0.10473781788686196,0.19257916607766523,0.01182028605402698,0.0793054852576729,37.07239087568959,39.952929181044894,6.724086413109178,6.724086413109178,True,93.02244036254736,7.292782737978449,4.796164604985572,0.004628380778975771,0.1041819965535546,-0.001998345790161239,23,,2
2620,0.5409434067923597,0.15289794118873865,0.09632068965994343,0.12584416292062867,0.006945328468705636,0.07704847096962378,34.28489679103643,37.33348200405426,7.531235551178173,7.531235551178173,True,96.4645920391168,7.253468350628554,4.700575276693966,0.003401105058304766,0.07245528519692454,-0.000832011806165843,21,,2
2621,0.06576053783161484,0.010372505164983756,0.01967732580982943,0.7618367893139991,0.08657616952278896,0.05577667235678391,26.015408789350683,36.02728803807132,7.836252829670405,7.836252829670405,True,1.489488992561982,4.61184883181836,37.94358457444197,6.374564566776374e-06,1.1186701435097968,-0.01373564248814073,4,,2
2622,0.6578348161349368,0.00647898159131296,0.03297532865945189,0.10514036998353496,0.1521815789407574,0.04538892469000592,37.618878614439765,39.84374179092386,6.2401506679186545,6.2401506679186545,True,81.54950070924335,7.340292926403684,3.811243912193928,0.004995139287906384,0.09435392373708275,-0.001820786344535466,-1,,2
2623,0.1949503576705093,0.07047460731891463,0.00929900919057786,0.6355697171383006,0.020658975926220766,0.06904733275547686,43.45415355992442,36.244778534546626,7.499692691680725,7.499692691680725,True,133.6691560052232,7.282691440296971,8.045296636752298,0.008224660874836398,0.22915520966785746,-0.006085010304959094,14,,2
2624,0.5274571126397092,0.06537819635373354,0.033598875491921594,0.036024104297370414,0.09326945047724527,0.24427226074002004,40.60401064865826,38.417430505413705,7.76010231265038,7.76010231265038,True,97.77471650375159,7.216600758577042,7.543692116487657,0.006232957537075007,0.15527477760819025,-0.0030431449809822098,11,,2
2625,0.6492436575789395,0.06855227881195108,0.17370857607556228,0.0440275462626969,0.007670637045524788,0.0567973042253253,33.40677707881217,36.993567906357356,7.208836564933131,7.208836564933131,True,85.87946162721012,7.282247777880327,3.580414184535583,0.0031595406965470706,0.046530795987759714,-9.62536950393183e-05,-1,,2
2626,0.6387248602563776,0.00600247295509697,0.048224868073705816,0.14908272874115786,0.0746129998564087,0.083352070117253,29.236379772203883,31.34196211880581,7.834450067616935,7.834450067616935,True,91.75766191016373,7.1179521055674755,6.224871643409121,0.0018134049811318474,0.05783034583672905,-0.00011485528075501496,9,,2
2627,0.5937751993892029,0.04185342774094069,0.08927734179498036,0.14046983704201155,0.09857148502972991,0.03605270900313464,35.64946732099601,39.92917696198777,6.529480865479718,6.529480865479718,True,87.05263226262828,7.311084102630345,3.9405479708498774,0.00405814181921889,0.08221158838775343,-0.0013829338856007085,-1,,2
2628,0.5432101831092551,0.05366577922705544,0.049388432307379375,0.2478497270517188,0.011545045405882375,0.09434083289870888,26.200895976153173,35.82000147759732,7.052287171337311,7.052287171337311,True,91.42466986315014,7.039248483108439,7.071190635139023,0.0012862227103806378,0.06024632367148084,0.00018325508160539817,7,,2
2629,0.39802727390351184,0.04607822826984704,0.014977609542722044,0.5190760642981033,0.004291644943556864,0.01754917904225909,37.97196121720472,33.546075386643466,7.203123775222906,7.203123775222906,True,115.37219969723813,7.263136329196808,6.326734975626611,0.004766985481279507,0.14032528598599128,-0.00344888027689495,15,,2
2630,0.6617149759485301,0.05380009475955504,0.02889584688635447,0.06733150622975896,0.16529557893364233,0.022961997242159107,28.028379355613843,35.886706054906746,7.124104132845519,7.124104132845519,True,82.82854742041003,7.184564869169579,4.566638372456047,0.0017317686733709682,0.036842693446389456,0.0004577667944477869,18,,2
2631,0.473508306954121,0.04462113316724636,0.06834005780725762,0.11514662862812003,0.041201965856373,0.2571819075868819,33.771566770806785,38.086865330643604,7.810901885568073,7.810901885568073,True,100.82168062543596,7.056327013246048,8.940123041568784,0.0028712158873780104,0.12890734430543035,-0.0019551316022322607,6,,2
2632,0.1030643457845273,0.08746311243960751,0.02554202782074424,0.7343617404630606,0.027038302495930658,0.02253047099612983,40.85417762462845,39.875630321766394,7.021879717995513,7.021879717995513,True,134.20022387206896,7.264441421369802,7.9023773528414285,0.006455932095376096,0.2283139197004672,-0.0062591232593466216,14,,2
2633,0.2899057323723986,0.07234039636477112,0.09196344926559975,0.342482606729259,0.09748711974367692,0.10582069552429459,42.588950145818366,39.371932054030694,7.887054270688465,7.887054270688465,True,123.82013289082424,7.293017053609729,7.07267684430389,0.007753521838276292,0.19897636933734006,-0.004829181159010085,16,,2
2634,0.6075738350935527,0.05575324433486211,0.14694722244852432,0.10612859095187929,0.07337445647544538,0.010222650695736205,25.747278625639613,38.06737580278532,6.981931074123621,6.981931074123621,True,84.27225189783026,7.164187132908759,4.339712488963203,0.0013635738740454674,0.019488406942223514,0.0011953413213426245,17,,2
2635,0.28471950603611795,0.02958045097110165,0.01823661267676485,0.4320402330469357,0.09873861038243434,0.13668458688664567,26.34170264885452,37.974845589981925,7.5322954574073355,7.5322954574073355,True,115.75525109400712,6.891966556524482,9.99703948939029,0.00110665061090735,0.10901072525266493,-0.0010374265977644323,4,,2
2636,0.48399198436811725,0.052909085723234064,0.11912237126659943,0.26835191545859316,0.06654869615969487,0.009075947023761095,35.90910535028689,37.68697193836524,7.093134170343677,7.093134170343677,True,101.59193373497057,7.30347657184605,4.393944667849665,0.004070466122228762,0.09470354288904491,-0.0018482332501575823,26,,2
2637,0.5121891965633242,0.12005484034950893,0.005921696891950642,0.041376877271140235,0.05761913301539686,0.2628382559086792,34.707813059850956,39.44267796131075,7.674229221249163,7.674229221249163,True,95.23690247996637,7.091646328190097,8.401235434778632,0.003275320054406354,0.12658468367147896,-0.0018937773927791834,7,,2
2638,0.5034118318303421,0.15027175580660912,0.041233963377020746,0.19718396868070043,0.10654305256443708,0.001355427740890507,34.06393924297056,39.18706568763734,7.069091912622391,7.069091912622391,True,97.37960815842678,7.2974787794478315,3.920765880976536,0.0034071386314869314,0.07353302226465724,-0.0011138411341936989,-1,,2
2639,0.7160060034099253,0.03146173887964854,0.13720518167127782,0.061260541437607056,0.003003997057148073,0.05106253754439326,27.95710378105946,36.75404165896418,6.667452940092228,6.667452940092228,True,76.2721996194371,7.186021604472514,4.317265497659182,0.0017465637435831892,0.03300261304559715,0.0005278341007475121,22,,2
2640,0.2612061150893893,0.2041491387189706,0.016937996476272303,0.45993641615609515,0.011772967136865308,0.04599736642240724,42.19862852056733,39.03291992854809,7.548340482118688,7.548340482118688,True,124.72592816040995,7.331065407385032,6.076184054974842,0.007581136668254522,0.1917440642176719,-0.00487931974070181,20,,2
2641,0.30772121070574526,0.18107124000119335,0.037020825594308804,0.3219145723596237,0.053722365117347244,0.09854978622178166,37.615688133801676,39.19413856520128,7.949730941459523,7.949730941459523,True,121.13125125578499,7.223334672518863,7.014016798569737,0.004649722923033148,0.15098111156383665,-0.003325911628605474,12,,2
2642,0.49161177037053744,0.02843280602124601,0.025882375823730132,0.1921962106778905,0.06714800895301698,0.1947288281535791,35.83040093761774,35.00908300993995,7.827922358829674,7.827922358829674,True,104.14284581702069,7.134860783043936,8.112969678391336,0.003651556506557262,0.13043564699343385,-0.0023930846798846297,8,,2
2643,0.4267217363202656,0.12170511870838698,0.11921534720897436,0.15039880451765741,0.08074506229587285,0.10121393094884261,35.79437664470711,39.77207702840476,7.876234864890034,7.876234864890034,True,107.49382516883675,7.235820463562383,5.7786180769782565,0.003949153876088683,0.1064485904354702,-0.0017739192356065164,15,,2
2644,0.09231303601041035,0.17303819007587218,0.03463502795433179,0.6714514467481321,0.001648048574936034,0.026914250636317732,39.58906352882856,39.39425294218498,7.639772861660642,7.639772861660642,True,141.4666632755411,7.2452004518075706,7.845212432458109,0.005647027226624926,0.214698862374653,-0.005820429507188936,14,,2
2645,0.68233687242733,0.09273656436242646,0.06566413955834194,0.07444076647370428,0.033045206418257526,0.05177645075993996,43.42950454697484,36.42967253040287,6.880667388389663,6.880667388389663,True,87.24182582165135,7.446559728846569,2.4929760806948806,0.008747439779587118,0.08814738579705172,-0.0015637425416959257,-1,,1
2646,0.5678938614955291,0.020021505866636573,0.04659853341538536,0.1026747785486188,0.23080555187996474,0.032005768793865276,39.200632298066644,35.58237716658317,7.689775529904129,7.689775529904129,True,99.3878445277962,7.352800453479588,4.038271186776466,0.005665993147853861,0.1022774680481165,-0.0019724203712395503,30,,2
2647,0.6527226395258255,0.11651326074649873,0.05216894939899875,0.13596169321814128,0.00024298010723250636,0.042390477003303326,33.19786250966111,32.01812531145873,7.735850175848238,7.735850175848238,True,92.47109990746756,7.252523617245103,4.3429856262224575,0.002945927341407591,0.053780490861743455,-0.0003772188119943043,24,,2
2648,0.3137130729393807,0.04127425384384807,0.011877682770369208,0.36703242039973977,0.26251580685614484,0.0035867631905173425,37.20761240910953,39.232220611801736,7.506580087145234,7.506580087145234,True,118.57415303549831,7.2744146476911355,6.090199566321779,0.004570161620674631,0.15284288789715042,-0.0036791593209530415,17,,2
2649,0.5454562188445212,0.02485714849982317,0.019422504284685095,0.3151547550746299,0.05021281562130548,0.044896557675035136,29.881089328737502,36.21089229501683,6.635797076519643,6.635797076519643,True,92.41300350121453,7.14763853486898,6.199850947869963,0.0020429306429570224,0.07831435093843017,-0.001031052513341293,10,,2
2650,0.36308291093176825,0.14094916984172343,0.05408216499278951,0.268919689906056,0.002267422197754601,0.1706986421299082,35.75014753196253,38.60834361165051,7.83847837573835,7.83847837573835,True,113.6809039427117,7.141313296835639,8.058015449476366,0.003695174120277108,0.1396439443271459,-0.002676344089194572,8,,2
2651,0.3545267890175247,0.0007133120327052622,0.0608464350656845,0.512416671066292,0.04563485295468526,0.02586193986310825,31.974405543602263,35.5273512899425,7.116991700620071,7.116991700620071,True,113.69126708389136,7.143890730208023,7.226790147002014,0.002479047430871999,0.11401362097563776,-0.0023887143817336795,8,,2
2652,0.378700066663326,0.16342044056298496,0.028103362438031552,0.32982484781366805,0.09570992757897889,0.00424135494301046,40.49902637419626,36.85850053935897,7.768485168929893,7.768485168929893,True,117.42334830014465,7.360829980240319,4.554375002183568,0.006454734558300515,0.14163669276276103,-0.003374539996458023,27,,2
2653,0.6910665835886555,0.03650830893280956,0.08698185129217023,0.12718102159359082,0.03803451473940641,0.020227719853367444,44.285195389239504,30.808896540899923,7.776498755433258,7.776498755433258,True,97.43177783400547,7.461707704033341,2.4524225961914192,0.009188941591602953,0.08422206216974455,-0.0014763293635830907,-1,,1
2654,0.3710739310713418,0.021551013932746298,0.025696136919403954,0.2551337340489342,0.1542470963797922,0.17229808764778148,34.15980326602428,37.67797051133169,7.914590556113036,7.914590556113036,True,113.52785052958208,7.08624691136599,8.904406100379871,0.003013989079983036,0.14266986555331265,-0.002696297967984656,6,,2
2655,0.5172075941607946,0.023218639891214986,0.17788836947049674,0.22279039338855147,0.049982987074790444,0.008912016014151801,40.76932273980235,34.576760311103044,7.744758294834309,7.744758294834309,True,107.17415825081795,7.39234758539295,3.4490077646945134,0.006615676859203515,0.10395852422937918,-0.00216956734716609,-1,,2
2656,0.4109948598948209,0.07669381433261387,0.11695459947889428,0.1749919591464395,0.1244094682584557,0.09595529888877585,38.603096228480176,39.908288665032096,7.792344842688927,7.792344842688927,True,109.72982897495328,7.277979712431744,5.7820828631924925,0.005297611514236298,0.1332599241526765,-0.0027202308399846982,18,,2
2657,0.4280810888000168,0.05832449619001559,0.07297186767031412,0.36178963206756926,0.04480339506499004,0.03402952020709431,27.939005245057807,35.316593478457776,7.448073482797766,7.448073482797766,True,106.11876054542847,7.093400419907247,6.7637656826256185,0.001585141960929516,0.07128900504228365,-0.0005562224841193535,7,,2
2658,0.6771871393318563,0.0643415378834101,0.0591523368059839,0.10533508342217432,0.0003206021758541619,0.09366330038072125,39.15351730570873,31.54617232501185,7.774283030967343,7.774283030967343,True,93.50336303480834,7.321097855569644,4.45205285684166,0.005470132011558568,0.0903686820246519,-0.0015839661708384985,25,,2
2659,0.4234335604912016,0.13306545798718145,0.07750306204714737,0.24893819637791523,0.039734882441511014,0.0773248406550436,44.420329925049124,37.71158952557898,7.675604696910017,7.675604696910017,True,111.67226941749887,7.391241282178841,4.742139470988106,0.009543089329865608,0.1645034000007887,-0.0038423281567030653,26,,2
2660,0.7596298055890828,0.08600633314523444,0.02638475380137066,0.018949368991284816,0.005745460201629758,0.10328427827139745,39.771794177743374,39.69966404317198,6.048013431396981,6.048013431396981,True,73.34563863156795,7.369554372971944,3.3090750090229024,0.006247462384935382,0.09069695666413567,-0.0017126507189333348,-1,,2
2661,0.6235845523043658,0.1490507099710827,0.075627060745561,0.14496560846169407,0.0022634912577930637,0.004508577259503334,36.41449367449467,34.55178151274958,7.383935029723997,7.383935029723997,True,93.75472903789827,7.3501187238836145,2.969007994132151,0.004269563251359561,0.057707777874319265,-0.0007129560996401305,-1,,1
2662,0.48427053176207363,0.027893034732748897,0.07972606400363298,0.35693648921567406,0.04622848909996824,0.004945391185902171,28.22611575907795,35.08899218807997,7.11141310134038,7.11141310134038,True,100.4005392173602,7.133659807960835,6.02768079896014,0.0016812041894610763,0.06418602636219722,-0.0005179247586805388,9,,2
2663,0.5169247049362408,0.008568765112414174,0.11591725445873938,0.3168229416953555,0.006773860611874072,0.034992473185376245,44.526309482893424,35.257483226295705,7.046382054551844,7.046382054551844,True,103.79225528884048,7.422316446332446,3.9980705082270904,0.00962655931686085,0.14639689819411478,-0.0034750270613490768,-1,,2
2664,0.6133237162997226,0.025168585101500756,0.0531237904522536,0.2349347637986473,0.039423831586387056,0.034025312761488666,28.64149944379873,38.27151324668385,6.237655270721937,6.237655270721937,True,82.95909869537245,7.167107221622053,5.327686569269887,0.0018580420026372926,0.060945322890052174,-0.00046457923593021196,14,,2
2665,0.37941373646961163,0.07429826854387261,0.007478459329065254,0.375930551956381,0.06782957352835214,0.09504941017271733,37.72028171816026,34.088189474488175,7.961442383650061,7.961442383650061,True,119.36839749311,7.20778491216561,7.4278130199240815,0.004534867505877807,0.14635434295893024,-0.003303330512300518,10,,2
2666,0.4663308374647289,0.01281381514681619,0.01881677703749687,0.21129536625951015,0.07105143017541095,0.21969177391603695,27.518630254455378,34.917005646171056,7.915313769575534,7.915313769575534,True,101.79498431538448,6.901174895843161,9.75830639537333,0.0012615871379439358,0.09891959140235126,-0.0005541704657800963,5,,2
2667,0.343804470346076,0.010666943364284968,0.12639853512483323,0.5038665073833395,0.002684438024126776,0.012579105757339478,44.87653191839119,38.18328309681601,6.785657218699808,6.785657218699808,True,113.7816658096035,7.408889961501362,4.895013126686951,0.010027622675953779,0.19337853542239242,-0.00500929933107062,26,,2
2668,0.7890285607900573,0.10578100878293162,0.013420174069582234,0.04520276623630482,0.04124009744980986,0.005327392671314288,30.888519746862066,31.317304366733932,7.3847393468572555,7.3847393468572555,True,79.50108682646535,7.263455541479531,3.314958198273924,0.002336375712622774,0.026566461984354105,0.00042206156801293204,-1,,2
2669,0.37233352884461957,0.20230053002811046,0.05392158433258771,0.3003566299330885,0.00823977698830682,0.06284794987328689,31.039411332376236,39.90416476793942,7.420646904488124,7.420646904488124,True,108.27129025260938,7.162083554802882,6.218903104939793,0.002350762772950032,0.08767395079802262,-0.0011763305141736138,9,,2
2670,0.2744426780726679,0.13930351178697617,0.01825313644911948,0.5243166082300852,0.012830350006894468,0.03085371545425667,36.63102020197188,39.73642274473197,6.909517023099719,6.909517023099719,True,116.88539065378204,7.240222465388796,6.632923967534257,0.004265102811823518,0.15332576041769305,-0.003760029368832021,14,,2
2671,0.2679876869398437,0.038664488192184855,0.006173923235842928,0.5099023835255393,0.0017753572297509702,0.1754961608768381,43.927469276714454,38.693431344370566,7.070642148378576,7.070642148378576,True,119.80190626893315,7.246963285740304,8.8183130282307,0.008565092173248879,0.2301226662749303,-0.005773767797702475,12,,2
2672,0.5686060328408851,0.10084129258910413,0.02630081110361315,0.12181661146162084,0.001337430306391678,0.18109782169838512,25.85793166734312,39.315619813585116,6.833030265007872,6.833030265007872,True,83.59235920874325,6.9899784126995925,7.714324981606931,0.0012288545309844486,0.06793140469699305,0.0002981611972077507,6,,2
2673,0.5944608515595943,0.09836669574794439,2.5829061034006496e-05,0.206413150492288,0.07544188864655325,0.02529158449258597,40.822090947247865,39.28994179899912,6.320160339838473,6.320160339838473,True,88.6735687719844,7.395999259887105,3.4291116278419107,0.00686927013838773,0.11107646942368561,-0.00242269142524403,-1,,2
2674,0.2828933768351074,0.13885021749834864,0.017408244242411105,0.3393891431724702,0.0491867668425284,0.17227225140913424,31.78968213988919,39.31545537972766,7.942825995114847,7.942825995114847,True,120.0253820952217,7.025386118949955,9.378616786264658,0.0022741983103214377,0.13869220848781744,-0.002473987767053108,5,,2
2675,0.4053249167530537,0.13172454004834153,0.005786094861618403,0.3034345919843928,0.09003986180916575,0.06368999454342777,40.701451776317334,38.45287332513209,7.310669443862928,7.310669443862928,True,109.61699133944327,7.321601764854098,5.573059285384421,0.006558663074264578,0.15417664992302121,-0.0036105780710465806,21,,2
2676,0.12825044313063702,0.022627967923986258,0.1347504994252673,0.6353855594160782,0.009317052075457332,0.0696684780285738,38.30044149963012,37.76769190868605,7.801390580833475,7.801390580833475,True,140.61197448505305,7.183269607921421,8.745630470270182,0.0047810083672483955,0.200887871248154,-0.00526120605943162,9,,2
2677,0.56417537776007,0.036065114555557096,0.10806446418290765,0.04992912757012683,0.18211930788966574,0.059646608041672815,28.262761546196874,38.382187611225966,7.499306439544456,7.499306439544456,True,90.06407303090853,7.157284354362644,5.220934873192134,0.0017670383709899934,0.044698555102441064,0.0004936116470117896,11,,2
2678,0.629705938287163,0.15305179583737402,0.02768247580871071,0.1789421594866856,0.010444794386520984,0.00017283619354555908,30.037892423600134,31.973096241938585,7.720477989421138,7.720477989421138,True,93.28807444015374,7.220422129941494,4.236851295648969,0.002092145602945198,0.03593546421091346,0.00024294547477487615,24,,2
2679,0.42397667206913214,0.06408761388421015,0.0011894595417826185,0.22434893740774267,0.0703917435421311,0.2160055735550014,42.721920446497506,38.552666339579645,7.4612508101732535,7.4612508101732535,True,107.27278945496052,7.2415069430346355,8.044182951820362,0.007674228988468474,0.19097526779310695,-0.0043174080470068585,12,,2
2680,0.742050020340601,0.142014810242524,0.015557054569350484,0.014575318637724686,0.021996325203074214,0.06380647100672548,37.419761557683785,38.13976379127826,6.460992779677699,6.460992779677699,True,76.7323704779021,7.355657163532243,2.951765316973271,0.004885105896843535,0.06558725138038196,-0.0009093352869671622,-1,,1
2681,0.4827602132724284,0.16965822755919233,0.04997881995031836,0.28608469537554276,0.0016444798434458556,0.009873563999072401,35.88639653640239,36.83974532090333,7.208910210746901,7.208910210746901,True,102.8746533601894,7.30440912460115,4.289010959220334,0.004042322003909497,0.09003332186890453,-0.0017255500299947746,27,,2
2682,0.3862418837686371,0.0035141458262250326,0.2180201441506417,0.2446884201579382,0.03395628268480638,0.11357912341175135,32.77757934860255,39.60332838515562,7.63581306675496,7.63581306675496,True,109.12004445579912,7.149116242052622,6.9426558562919025,0.00277990595168057,0.10507123360369455,-0.0015885207143808964,8,,2
2683,0.3178905987185743,0.08171286895802654,0.12381362943439596,0.3644553932937832,0.024278470119322812,0.08784903947589742,42.21025970749733,37.25152417728634,7.96745382535287,7.96745382535287,True,123.85359370936172,7.306885881922346,6.483332701265588,0.007464172624432794,0.18100751603812454,-0.00438120611670776,17,,2
2684,0.5640036198964363,0.08070002287535706,0.0967336834770213,0.13767015855191275,0.11923389534588948,0.0016586198533831457,30.75321077516797,39.49156976386172,6.867460524643425,6.867460524643425,True,89.4632122160282,7.254832751121553,3.8784487784640573,0.0024092204541590074,0.04792786696497893,-0.0001450572375563351,-1,,2
2685,0.4248807371192674,0.12811835481206682,0.04118812274629161,0.33582090456532077,0.03947085691185133,0.03052102384520231,36.60408031919612,34.72525169662543,7.778463790961866,7.778463790961866,True,113.42755667572274,7.268093568930655,5.5214015711986235,0.0042113085852498134,0.11324665620176602,-0.002408861555783753,18,,2
2686,0.35918810295591685,0.010909065894648105,0.0025084450604067146,0.5344709644898892,0.06910273302469537,0.023820688574443822,30.759933363827074,35.190568243515365,7.016396289573196,7.016396289573196,True,112.4059778123917,7.112331400464871,7.55511409711682,0.0021384120284961006,0.11054735094059236,-0.0022444059726814845,7,,2
2687,0.4111987006506584,0.004688972364231196,0.026133749272535253,0.2988257998690183,0.15386866785566247,0.10528410998789448,37.026466240303094,36.57397150480604,7.556647023363123,7.556647023363123,True,110.82104232293325,7.202739557843586,7.34082269102627,0.004294543086151299,0.14351349405704214,-0.0031016246103505833,11,,2
2688,0.5190342587975484,0.12842094760061412,0.17472939967484993,0.09905032405542803,0.05426502224169836,0.024500047629861275,34.700534937702805,38.58175390085354,7.697986215778216,7.697986215778216,True,99.5101830342361,7.318295702873176,3.2451623491698465,0.0036375034108408894,0.05434866647331656,-0.00041863467046397105,-1,,2
2689,0.38217524866410796,0.06378473297096673,0.09300942866551595,0.3503075526391503,0.05488498101882828,0.05583805604143073,32.08123613424013,39.8973545725063,6.983820408198062,6.983820408198062,True,105.67419705355174,7.172288383057175,6.481044017538813,0.0026290506640312883,0.10390749660185726,-0.001840560558301112,10,,2
2690,0.5599905954387479,0.002711684173577739,0.26778692734749826,0.14865597168291741,0.019113255432799462,0.0017415659244594552,31.88156042300504,39.65386940493312,6.871546264571593,6.871546264571593,True,90.7663841333442,7.286700401728771,3.3023500948631943,0.0027341593720316268,0.04255056056145862,-7.087387977191923e-05,-1,,2
2691,0.10841746360150031,0.02342304535617855,0.0514956085912223,0.6537519559073888,0.016152745253600314,0.1467591812901099,25.92825221665691,38.34377964283241,7.6347438009814255,7.6347438009814255,True,1.3265481135282882,4.613903911257507,38.47977354663159,6.836316425518652e-06,1.073631504214235,-0.012441435204554707,4,,2
2692,0.6231966668857676,0.009103766086999672,0.07426427612037331,0.0665058872589497,0.1990782856718984,0.027851117976011336,40.577027391217854,37.94050273064427,7.005624101623657,7.005624101623657,True,90.22203294258645,7.401772975527327,3.0635147519149486,0.006655107694907211,0.09397113426519561,-0.0017596550071271484,-1,,2
2693,0.5956048078822331,0.04455079484519416,0.1254658027157107,0.10020077262743811,0.04168195488682859,0.09249586704259544,28.179143755371527,39.086838795674254,6.855751404637083,6.855751404637083,True,84.20076934660696,7.1348348536131745,5.608585154972982,0.001748193923023891,0.052558494081081326,0.00019236286592923103,11,,2
2694,0.49021633402745607,0.00880998609318428,0.13907633892919272,0.2740972898785211,0.07972410338777422,0.0080759476838717,39.44186739932277,37.670593505842845,7.004239305998533,7.004239305998533,True,102.10305909364975,7.362547917278565,4.015212374930785,0.005877198323730004,0.11598553741587865,-0.0025727937846685488,30,,2
2695,0.4660964740153184,0.022275578518232992,0.020527183588137966,0.377428955625282,0.0012742832616836617,0.112397524991345,32.16403071174696,31.075335682677697,7.9598107957668995,7.9598107957668995,True,111.51162585265688,7.089601660826006,7.98437325631069,0.002369130999186448,0.10361016212196018,-0.001769290555227093,6,,2
2696,0.5850250100475423,0.16515091320886965,0.005808655372907058,0.17328390019710058,0.02656685532812422,0.04416466584545626,28.872202728366233,39.93719476920556,6.45860220879453,6.45860220879453,True,84.03088176928124,7.18381477475152,4.914037990336054,0.001938259675561875,0.053062096796735264,-0.00012624955908599697,16,,2
2697,0.7247625665286338,0.03767993931419246,0.017329633301227273,0.09392710572810534,0.01521412379126322,0.11108663133657773,35.786049014284515,32.06284113135007,7.322514660566389,7.322514660566389,True,85.5607247696681,7.251571675230511,5.136411434940001,0.0038476311635577236,0.08232335775923438,-0.0012859184899095208,18,,2
2698,0.3855649133882855,0.038710645293905964,0.20955576114890825,0.3219495545163942,0.004602001657455843,0.03961712399505018,43.388553624949424,39.62390306656266,7.235596220998219,7.235596220998219,True,111.45594982944604,7.401136946229158,4.257420613544455,0.008745329530053983,0.1584480667613087,-0.003795180196691939,29,,2
2699,0.25970895886455214,0.0314551936701502,0.07367726186898069,0.55569052161802,0.05000764207117484,0.029460421907122104,27.803726742819077,35.51229248421427,7.627043585208425,7.627043585208425,True,123.37027622907242,7.028354599924346,8.30157649037645,0.0014678203512209125,0.10270209535364751,-0.0017281158865183617,5,,2
2700,0.4074959636764423,0.19885300022149463,0.050272056606832864,0.2573602861162096,0.023359328832068618,0.06265936454695181,38.96611389478242,37.20191144236416,7.91170994570118,7.91170994570118,True,113.64570358640633,7.306551761201407,5.176023131957481,0.005476441851632069,0.12587043507773804,-0.0026921757241142783,21,,2
2701,0.3762849492416058,0.03155763137250925,0.004417073775515838,0.39441884505593566,0.06570337209526485,0.12761812845916862,31.293652968960878,33.608067572886355,7.937764725299172,7.937764725299172,True,116.3915542791185,7.042039080694296,8.845592337303644,0.00211899176789167,0.11864473120382363,-0.002113773424215476,5,,2
2702,0.515177323784759,0.07757194693524154,0.0007764802055457661,0.3487437693670055,0.03276615524143844,0.024964324466009963,38.343413875225664,30.78109079546642,7.8877477115099,7.8877477115099,True,111.38839747397844,7.292431268718039,5.40316942520866,0.004930078564628505,0.11289174881104168,-0.002498837298447456,19,,2
2703,0.5916173644731216,0.0189529246471579,0.24355386371160234,0.07483328089365074,0.07016093577175059,0.0008816305027169302,28.260397749483108,37.80077983831079,7.364813497675825,7.364813497675825,True,89.0034742895792,7.232253357828354,3.431964688443454,0.0018224860930215923,0.015595266714500053,0.0010763602852085041,-1,,2
2704,0.44703225306578176,0.13068669670205738,0.010320297088476541,0.33881027739473213,0.04079167098451273,0.032358804764439524,34.6606155937669,39.50420543368489,6.6501154811105065,6.6501154811105065,True,99.70415669395786,7.251463180844853,5.407845158452363,0.003555429964884282,0.10683734586016158,-0.0021724021862736405,18,,2
2705,0.6113036686858542,0.0484285485104283,0.02586951064663146,0.19226073212772452,0.02266682105255663,0.09947071897680498,43.33322347964372,30.670410826704984,7.989709211548284,7.989709211548284,True,103.51323291099905,7.362284029941095,4.947747967496336,0.008239940700555363,0.13021868951212304,-0.0028264602085024257,23,,2
2706,0.3499248474319044,0.02511663294582851,0.03921158426705464,0.5046252683868429,0.006793135798051744,0.07432853117031812,26.692479711418873,38.37578939714942,6.63733738169555,6.63733738169555,True,105.03550390037572,7.003889423924535,8.33117105428144,0.0013150071043729053,0.09403043003948089,-0.001128090775852161,6,,2
2707,0.5221732502499008,0.027343882079683437,0.00288981430015374,0.38175998169550807,0.03670799286146988,0.02912507881328411,25.304711190072993,31.280912290499586,7.512087294069248,7.512087294069248,True,100.62407558288785,7.016438834506374,7.275147154144111,0.0010916161157168748,0.053197974322991184,0.0003330889970502828,6,,2
2708,0.3366212029248334,0.053253505629184655,0.06627450054275552,0.43750893844250616,0.09708113861833921,0.009260713842381108,26.40122584643505,38.64133818822853,7.08138629804644,7.08138629804644,True,109.09346039260198,7.069105700891677,7.088894480396943,0.0013465413172990294,0.07735625103624943,-0.0007054046299289858,7,,2
2709,0.3832030079793612,0.0611334265748609,0.006177305872556177,0.4659175395048389,0.04998235384415211,0.03358636622423088,44.366653707399244,36.903149718351145,6.883315578476026,6.883315578476026,True,111.85468584341832,7.381770516165538,5.432217600124126,0.009426430378639605,0.1902059024108547,-0.004872377385032248,23,,2
2710,0.3926307815525946,0.027079777975047063,0.05192347320709009,0.22125956096424762,0.03798309761963316,0.2691233086813873,36.05041123823554,37.48468141559697,7.950380510908706,7.950380510908706,True,111.49588020578179,7.057665575256637,9.890680680897118,0.0035613462190997795,0.16229222915805477,-0.0031647542840364325,6,,2
2711,0.5864194958682307,0.004922643132163201,0.19312922767174315,0.13163371990373102,0.044537089960677075,0.03935782346345486,31.74754433609646,39.054704160143366,6.809134425974813,6.809134425974813,True,87.85084464915626,7.245947780153961,4.242125901708731,0.0026595257159875902,0.05610496887374927,-0.000366265483993543,26,,2
2712,0.5092219888877427,0.07834655815854642,0.06094447469944714,0.04005785988463924,0.15669316378166567,0.15473595458795875,35.57869405031096,38.916650931503696,7.885441343885935,7.885441343885935,True,98.84264986037014,7.196210257789467,6.501151077399496,0.0037912342775324537,0.10794080181206973,-0.0015994548153358311,11,,2
2713,0.20120687785042243,0.09950061309675416,0.0870903465097413,0.4861564225940242,0.062037556583044905,0.06400818336601297,44.74671862317791,39.046658966769925,7.872593711638982,7.872593711638982,True,133.50646172533723,7.337758753722874,6.935077383138413,0.009644304957418762,0.2349618443929573,-0.006101032000870658,18,,2
2714,0.6759195216689807,0.03181332301373174,0.003422297683215274,0.12990007244443982,0.06865337585253606,0.09029140933709634,40.668743346484064,31.382864384022675,7.638527663896477,7.638527663896477,True,94.35449910171486,7.336389511069555,4.7050634871375605,0.0063645603245102095,0.108009300552549,-0.0021642538992616197,24,,2
2715,0.691227793512652,0.06471701310844105,0.061143202153556,0.1582894690259999,0.016047216950439813,0.008575305248911308,31.762823074734506,37.529209728133786,6.261422657601286,6.261422657601286,True,79.55191335941652,7.2695851149370645,3.730059292811486,0.0026831407575397836,0.05224333232833215,-0.00046284584111487434,-1,,2
2716,0.2641260418383512,0.012286504435020171,0.0482948282643548,0.5006381874690807,0.050152747187850656,0.1245016908053425,30.21078482650093,35.17603534942721,7.902440439406283,7.902440439406283,True,125.44671280953096,6.988752982511643,9.686658327180227,0.0018140118729593315,0.13288348893696372,-0.0026391784069216017,5,,2
2717,0.4083021548470714,0.05199944251826784,0.0288706158241507,0.4196402893596855,0.06352731993738377,0.02766017751344067,40.29343020798831,32.21693332664957,7.957488478240169,7.957488478240169,True,120.96126082461613,7.302923344831904,6.000198235345577,0.0060329619455995916,0.14791735670160697,-0.0036067469024828424,18,,2
2718,0.5212935089924765,0.1655063478539562,0.004582778783346699,0.12022639939887304,0.08138224123881357,0.10700872373253396,30.983918463339258,38.61317171746843,7.3978096794529495,7.3978096794529495,True,94.1833805404366,7.154807345980337,6.0780825645762935,0.002335422376350448,0.07463691800748254,-0.000562024646731988,10,,2
2719,0.4125409931780883,0.0349750127570222,0.27412239843023584,0.24713731659248958,0.011559258455316827,0.01966502058684732,30.38583161869889,38.39690347060901,7.750272620174801,7.750272620174801,True,108.3249696147383,7.208025475518578,4.860355897654202,0.0022343993794332094,0.05851769596742172,-0.00035102546299834657,16,,2
2720,0.661601459231194,0.033754136933338785,0.04204238075287122,0.04330079281316098,0.12003527177392771,0.0992659584955073,29.433644828757533,39.97279967523757,6.470441920933353,6.470441920933353,True,77.23236015580743,7.164141987131794,5.387958326417779,0.0020512540532546695,0.06278227319160418,-0.0003315417881429542,14,,2
2721,0.8555890206939488,0.0835867857375893,0.020615354620288264,0.01800838659926389,0.0019968356315655834,0.02020361671734414,35.73996145050711,30.943008707226717,7.156488935349697,7.156488935349697,True,77.15166922678213,7.346555611090596,2.622461622420014,0.003922077014539623,0.0398490986694099,-0.00018341309983382624,-1,,1
2722,0.6203917269777369,0.14339715344456413,0.1303769530628044,0.06087804921612086,0.022538449623971748,0.022417667674802078,27.82151469555921,37.96082096651957,7.1906983303059455,7.1906983303059455,True,84.71419793691504,7.213005525154306,3.662810445651622,0.0017372627639131927,0.016192170999094823,0.00113274490354702,-1,,2
2723,0.5510723216477574,0.01616780002238733,0.12343369924952728,0.2707381282974878,0.03506460966293764,0.0035234411199026195,25.02301392886878,38.455491310608465,6.472711434844658,6.472711434844658,True,87.10239210148616,7.113400642649682,5.462394406763201,0.0012230968708361507,0.039366615144373084,0.0005599082930317282,10,,2
2724,0.2329480920667533,0.11382978149656742,0.12253279693188458,0.5087034536976386,0.014007936717544387,0.007977939089611917,38.15382602514308,39.58529747896813,7.417290903352717,7.417290903352717,True,125.76363281329633,7.286859358080742,5.997106057409847,0.005045681119004481,0.16316315116913113,-0.004133524628900662,18,,2
2725,0.47946813469214966,0.17750976042449595,0.06158342714872376,0.14968267230951118,0.01158458085991128,0.12017142456520814,32.329169304960686,39.99215979332926,7.358491543832526,7.358491543832526,True,97.46521657591263,7.170982058337409,6.097648940604754,0.002718656575063152,0.0840651583975484,-0.0009036805828617452,11,,2
2726,0.5965034628985626,0.03281269107511273,0.09274595024957039,0.17716266094696353,0.0950417160887622,0.005733518741028429,32.96960244539889,35.14126298451374,7.219528187492284,7.219528187492284,True,93.2314054907145,7.268268483893858,4.183661988751584,0.0029553244845687446,0.06168912847938447,-0.000701426370455684,27,,2
2727,0.24728153304670908,0.08037597271632155,0.09189822697911264,0.399368929515307,0.00978759117672352,0.17128774656582632,35.97857508562953,38.8169360548341,7.989654390460285,7.989654390460285,True,126.81340498701232,7.101331928321805,9.305133372840189,0.0036525846729441014,0.16980947914780975,-0.003728131014543401,6,,2
2728,0.412719701873251,0.019278827442453884,0.004593010797705364,0.2432297603592065,0.31403746471346594,0.0061412348139174506,26.95834223493471,36.89312321544075,7.8565004450635625,7.8565004450635625,True,107.62903460759892,7.097591969674565,6.61921339703827,0.0014437599373078658,0.06847192440418318,-0.0003117984690887522,7,,2
2729,0.5407665574803496,0.18425853855894533,0.03331061660562463,0.11655323820214024,0.0888503716179328,0.036260677535007245,39.642778207185444,38.39737580163433,7.3748404131718965,7.3748404131718965,True,97.82872793613954,7.380104602529529,3.2764854286559704,0.006043336748944077,0.09246581414314574,-0.0016970196402422402,-1,,2
2730,0.1613503040766898,0.010526537971425491,0.016581177063786673,0.547538185528107,0.2638200465881394,0.00018374877185168192,34.01691459326437,38.12617221357621,7.920896327375051,7.920896327375051,True,136.83669974015913,7.157519397490458,8.151552544488627,0.0030813111025918545,0.16847806253890651,-0.004312481444584485,8,,2
2731,0.2509570186519109,0.09235926860297054,0.0761921007005612,0.5705652815933735,0.004465021551986315,0.005461308899197795,42.433218577914545,39.46353396721641,6.906107737188126,6.906107737188126,True,120.87844697047981,7.355102848247604,5.716077768391315,0.007840511630261962,0.19852389967584116,-0.005247519294012021,22,,2
2732,0.5615345451580741,0.21815385159898198,0.03981668659492185,0.008424162154533288,0.04797132544478965,0.12409942904869901,27.62285914588163,38.66998840844357,7.786698206570426,7.786698206570426,True,89.08443841202852,7.106388288899593,5.788785500844582,0.0016120164606317471,0.04059078672250253,0.0009979910533142596,8,,2
2733,0.6296074954482408,0.0919062397509664,0.02800902114987961,0.05485951530496446,0.03629378643328389,0.15932394191266497,42.36947386379181,34.784197206188324,7.621802917545611,7.621802917545611,True,93.29267036021233,7.333750622095862,5.128107290406015,0.007653901921936991,0.12809797587163893,-0.002567613982040125,22,,2
2734,0.5127886061662872,0.06259620133241676,0.03407637213785495,0.06640440332994853,0.26267336280611825,0.06146105422737447,43.653407367437204,38.57557538079925,7.766347404893589,7.766347404893589,True,102.78085931661901,7.410426338134734,3.9147691409547996,0.008961921410432403,0.13830285781047583,-0.0029412039368997005,-1,,2
2735,0.6713347040070314,0.2586879538557506,0.01981083601344143,0.03600103778891314,0.0013870155790725448,0.01277845275579092,26.689036782806625,37.68188515596753,7.010164423336273,7.010164423336273,True,79.15905088224375,7.212318234444189,3.3002363848648932,0.0015458640537172215,0.005394535668878063,0.0014585880270049786,-1,,2
2736,0.4647592653811947,0.10065903086784668,0.07857001803217037,0.2726708321435337,0.03593949921257229,0.04740135436268222,35.53021434217973,35.75297735831137,7.592012113763572,7.592012113763572,True,106.81049403834875,7.254736879911665,5.389993745215847,0.003796191582004738,0.10012660221851319,-0.0018857150129361578,17,,2
2737,0.4157408981432633,0.1239164739544961,0.014964064179095704,0.3147631893539847,0.11009321809766477,0.020522156271495524,31.248274893366123,34.969199728706,7.9043979293845155,7.9043979293845155,True,111.84682829816654,7.173797051992397,6.095679623036881,0.002341451068235065,0.08444321649190167,-0.0012574599220200552,10,,2
2738,0.5167996640372756,0.13066423534803093,0.009978596702084874,0.13517271237599246,0.1821952244488585,0.02518956708775754,35.39006620688354,36.64519709528008,7.761303621971798,7.761303621971798,True,101.61898010161094,7.293492730601826,4.361290809406234,0.0038279806550550574,0.0826621078453838,-0.001301408646568049,26,,2
2739,0.3868091668746939,0.14095250253985794,0.0773905523202516,0.20302879175982574,0.043494897269632946,0.14832408923573787,34.63357977573098,39.12255981120147,7.983862772732136,7.983862772732136,True,111.4012544851241,7.15257307598348,7.373710200568767,0.0033460527896036697,0.12050504295883888,-0.002014226776348111,8,,2
2740,0.31368766599460285,0.0791682017464884,0.03525286378902379,0.45569431048940884,0.0404016317171281,0.07579532626334802,35.02817676860145,36.248106686889585,7.593337110100163,7.593337110100163,True,120.36741382758771,7.165279009548182,7.673057545051648,0.0034276443638726886,0.1401518143079476,-0.0031340045928008125,9,,2
2741,0.8246383858252374,0.0020511929137486656,0.0429461246644481,0.00371616732839232,0.12015983395083193,0.0064882953173415,26.889382886930676,37.01651886107823,6.17233996172082,6.17233996172082,True,66.91589902911967,7.210489556243562,3.5943210563603816,0.0016012651206474954,0.026744484052342532,0.0005331793487725007,-1,,2
2742,0.46859529133213873,0.18537679022449605,0.050757517099287754,0.26146837889574515,0.0003604318622259116,0.03344159058610643,35.11824306322525,37.33231295221724,7.353560373512258,7.353560373512258,True,103.58319119270293,7.275317820977772,4.718444546138096,0.003713110262861832,0.08916233604871872,-0.0015811263384050008,23,,2
2743,0.4891975443575045,0.11258746786304637,0.02855680631248881,0.16439830172807654,0.0199197299950617,0.18534014974382224,38.545225601296536,39.116258364218325,7.245746614790708,7.245746614790708,True,98.64196282558149,7.219662693492812,6.975513388154104,0.005134169038866956,0.13996254738932845,-0.002796605922551655,12,,2
2744,0.5367354270943324,0.021426252178837767,0.18573593729033538,0.22182465504452095,0.03346089840295347,0.0008168299890200982,36.72685322438603,36.786796114628544,7.148037537875865,7.148037537875865,True,98.78079842959023,7.340339220775124,3.551778394871826,0.004449293307991174,0.08060894719742627,-0.001446227657493424,-1,,2
2745,0.6985227651277887,0.10537210581986299,0.00493564886623558,0.05299968567024904,0.08912200419585099,0.04904779032001262,34.37244339048283,34.400849584141056,7.249916014111871,7.249916014111871,True,84.70520862530319,7.286536851807678,3.9041674325981766,0.003436909134738359,0.05920241021995068,-0.0005807018632509068,-1,,2
2746,0.8005883899864779,0.1157499772749973,0.04144011763977969,0.016531604161554657,0.018727015802300667,0.006962895134889922,25.204858147111185,36.382977541521754,6.427078030881578,6.427078030881578,True,68.36309387530346,7.187174859296369,3.502485086774405,0.00131533701341483,0.011422656947544943,0.0011732869359114347,-1,,2
2747,0.5993413078570118,0.09457147119390197,0.07008171148365883,0.15767675689218533,0.0007682642163119044,0.07756048835693012,33.9536854278615,33.80103278258571,7.583713335108248,7.583713335108248,True,94.8243692287822,7.2317871620781125,5.133238444034511,0.003190814776125026,0.07339456889271405,-0.0009110122375251394,17,,2
2748,0.6455323757373949,0.18619810839690112,0.01378892273323921,0.03370688781248127,0.09993048610697663,0.020843219213007132,31.21498161520627,33.731136891419354,7.987940224911609,7.987940224911609,True,90.28545331111557,7.259351355234491,3.538572111213143,0.002438619927671544,0.02881836281730036,0.0005380760273826632,-1,,2
2749,0.5498797139603809,0.06861054016525318,0.015747220536684373,0.09522492803545683,0.035678096981600065,0.2348595003206247,39.24450619004927,34.69220534280771,7.9932717383480885,7.9932717383480885,True,100.12663278201948,7.192732432704328,7.6884960002692395,0.005292158334343434,0.141034452278897,-0.0026938447022884894,10,,2
2750,0.5633036999834599,0.11119558178780385,0.04984934431102531,0.023916493436916438,0.12967488570381683,0.12205999477697756,43.142182015316806,37.72079814157691,7.781478267812665,7.781478267812665,True,97.64647990222436,7.373522618881641,4.395582059578246,0.00844472111775359,0.12973807765187859,-0.0025849271828957115,27,,2
2751,0.1193813241608039,0.004332725091126992,0.12545494702493093,0.7272534193769624,0.022638568040754623,0.0009390163054211673,35.01651029700129,36.03483049340596,7.697123587301958,7.697123587301958,True,141.77623808749598,7.160805676826334,8.265152680250127,0.003375571088742713,0.17264354384826577,-0.004649360157495861,8,,2
2752,0.34415567646614187,0.007266584074104204,0.03595625447917769,0.3756769164018611,0.09109490101062669,0.14584966756808856,28.585308457837826,38.982497527732775,7.174887952596066,7.174887952596066,True,108.24643015317774,6.9834661009791885,9.20092075667701,0.0015767417628841087,0.11548475153169631,-0.0016563956512449288,5,,2
2753,0.3716881825392348,0.23180904292591833,0.061190322921149225,0.3163292116882493,0.008280981916838197,0.010702258008610075,41.837763992593665,37.60335439213086,7.840034223952736,7.840034223952736,True,118.26007631464874,7.3961311128545875,3.8809513224769425,0.007445641206220106,0.1383067090407444,-0.0032498341684891506,-1,,2
2754,0.3242647488467236,0.21143906017229416,0.08783551501105304,0.3328955696781525,0.004204179473736299,0.03936092681804034,41.38651915623143,39.104600647213346,7.8458882320221655,7.8458882320221655,True,120.93404646106738,7.357301293064472,4.825472411996613,0.007095983891434196,0.15555137195542165,-0.0037118082216526936,25,,2
2755,0.7020114790792836,0.016108924590644228,0.13304149519512193,0.061118590568425515,0.045763048649527224,0.04195646191699744,34.98652265431218,36.1675325413095,6.858409732570951,6.858409732570951,True,82.46250411558947,7.312587219517261,3.424811208153139,0.0037329290895332158,0.05781668202649786,-0.0006058817756822245,-1,,2
2756,0.6265228134505072,0.018059744042978568,0.0986346977560243,0.2185453213385092,0.02401742927270705,0.01421999413927348,42.13778884445959,39.59617444234843,6.046892845577117,6.046892845577117,True,85.87289060195805,7.432298682021183,2.810364895918361,0.007857070599655194,0.10391012617701183,-0.002235522367349473,-1,,1
2757,0.7319027831422826,0.053332756677514144,0.01719196688580857,0.09049924244422827,0.011143083360677094,0.09593016748948911,29.734489094658375,35.632803929082016,6.575569778892672,6.575569778892672,True,76.29778719403977,7.167316889303958,5.305668376646401,0.002066536451207374,0.05948897639097227,-0.0003974134875627332,14,,2
2758,0.48252687109953546,0.14434276708697177,0.009191568946024022,0.28381527162975445,5.2994660250238395e-05,0.08007052657746397,27.3986749477552,33.81895862952963,7.782427228790294,7.782427228790294,True,102.47763758033385,7.056284956781641,7.075727505714771,0.0014467287480924656,0.06302807083263247,2.742017288781972e-06,6,,2
2759,0.6337943131861788,0.18593400045492173,0.01578100532303692,0.10395063294228107,0.027992287686225636,0.032547760407355776,34.668233427452996,34.01991819581082,7.613519086957256,7.613519086957256,True,92.3196099868599,7.299727361754243,3.6524676913461676,0.0035276779671905467,0.05487011670415164,-0.0004752410819511858,-1,,2
2760,0.47414832350104735,0.12137363829139401,0.004672337707545539,0.2770756419592344,0.08352687729096439,0.039203181249814374,43.355569128388936,37.10621161121168,7.188155237601242,7.188155237601242,True,105.23998577588766,7.398934593917215,4.308801180432717,0.008632552749451778,0.1498881790024684,-0.003537451912030682,28,,2
2761,0.5389389270481748,0.03956305919647732,0.07024451052480013,0.04097268805526121,0.010288535131429109,0.29999228004385725,40.879875821614895,36.69216195569136,7.963704043610005,7.963704043610005,True,98.74845577035549,7.1814600788017176,8.362045589682543,0.00622358503681614,0.16184974825185,-0.0031436426451739614,10,,2
2762,0.3522702840704855,0.09745827143215938,0.04852277111096813,0.3298555856377857,0.04312711859512057,0.1287659691534809,37.258763813086475,37.835771012321615,7.687348656809627,7.687348656809627,True,115.79555967372096,7.190481674485905,7.6250679672039645,0.0043885219496209785,0.1501097401848499,-0.0032435787528262245,10,,2
2763,0.496973397817814,0.11235924481730601,0.2575661901929915,0.09954648793729401,0.0028092133819980075,0.03074546585259624,25.33610463660275,38.85081097383623,7.893241401906579,7.893241401906579,True,96.57917485329808,7.150466415483415,4.331004943604554,0.0012885251992541039,0.005012562246643821,0.001984115167618826,11,,2
2764,0.22305868622313132,0.043984165650845106,0.08904811432869855,0.5987851429398241,0.035276461649895674,0.009847429207605467,37.76035900761845,36.431427094813756,7.512711713677636,7.512711713677636,True,130.42029770912535,7.241364195328856,7.095928900539861,0.004668840485338649,0.17034785809969027,-0.00443058137639347,13,,2
2765,0.5975412025748978,0.07283175631708814,0.1823876571403053,0.04427844447567245,0.074725913547789,0.02823502594424719,41.9909959142679,38.29575406250201,7.378039880159228,7.378039880159228,True,94.53530335201961,7.445186708919742,2.020622756522345,0.007607747947091348,0.06937415416489791,-0.0009141424286990395,-1,,1
2766,0.6474437522244143,0.10699679732018276,0.02835523679181732,0.028932945501283218,0.005312180118650067,0.18295908804365232,27.03148717062409,33.38775620815192,7.945608342653339,7.945608342653339,True,84.82603634498832,7.019516699726814,7.221248880096371,0.0013717563696604232,0.055849371270036606,0.0005700333207601324,7,,2
2767,0.25899637042063567,0.03367268325439173,0.010453555130336552,0.4788401981732701,0.11066233348579146,0.10737485953557459,26.95643275075128,36.529550364216696,7.7787316140485565,7.7787316140485565,True,121.88148480468851,6.92139756384433,9.814820796061616,0.0012097227612752038,0.11372060334614362,-0.0015933805171891703,4,,2
2768,0.16300583200205,0.014495867811909445,0.14372927260392054,0.553828700233843,0.11179221226136055,0.013148115086916386,44.07248006187447,38.24994124805414,7.944463851590877,7.944463851590877,True,139.46717467594297,7.347033163702912,6.702390517884544,0.009041172747515815,0.23909636570078477,-0.006404654936883318,20,,2
2769,0.8297510357001584,0.002770356417512147,0.09925271093705275,0.036438774247303005,0.0085152522933422,0.023271870404631495,42.76295926857672,38.72803992529447,5.776865010919594,5.776865010919594,True,71.8486286909264,7.46949320038021,1.576715619960548,0.008259148074296849,0.056781422110251514,-0.0006665539731813236,-1,,1
2770,0.49363179483855985,0.23853708782723426,0.11769533617625805,0.11847460074462647,0.014700253647979946,0.016960926765341573,27.471894854916084,38.59850016064819,7.853174720942776,7.853174720942776,True,98.253295466263,7.19975278391864,3.928985597699473,0.0016522650036306216,0.015606324732972524,0.001269261531639094,-1,,2
2771,0.38660461102407806,0.10103172567592714,0.02700982993921689,0.2832737326941424,0.028116647747099068,0.17396345291953644,36.50949491242695,37.604862845939266,7.685109687784515,7.685109687784515,True,111.69529047806353,7.148867741963693,8.19497016765319,0.0039806388937830475,0.14635517111851445,-0.002959640654443473,8,,2
2772,0.658897554139602,0.20738747891425596,0.023297868108550602,0.06109860231396676,0.0019733150230927953,0.047345181500531866,29.683252560761797,37.42397126050703,6.971294751625823,6.971294751625823,True,81.6974375876729,7.22313565063194,3.950681931462229,0.0021219483871811984,0.03344298501779658,0.00046265011605422097,-1,,2
2773,0.4379455365802902,0.002283528674615753,0.16763694056592565,0.29326745509856283,0.07800881548834351,0.02085772359226212,44.65567052593597,36.124467500118406,7.613383644311825,7.613383644311825,True,113.0699384662041,7.4297902120180055,3.9196221201787833,0.009778199240118867,0.15415288146192047,-0.003664174143416706,-1,,2
2774,0.562545447921441,0.05446462575017054,0.26436669772546356,0.09077576519670424,0.0010127491788311646,0.026834714227389353,30.6310962274365,38.30528602116028,7.440337017480932,7.440337017480932,True,92.54052269560471,7.2546808758670025,3.5049245362858916,0.0023577440369260774,0.029065586799116264,0.0005635157013560939,-1,,2
2775,0.7048124487754118,0.11740297621365792,0.032022588734813784,0.12993333362641804,0.015802267798154256,2.6384851544287995e-05,37.52910203040068,39.19864038541994,6.0471736740129804,6.0471736740129804,True,78.98818996981377,7.386116193165756,2.452822250347669,0.0049714684222237114,0.06363366870651284,-0.0009965398587540657,-1,,1
2776,0.741953046969151,0.006644725001320983,0.00700536713755077,0.050148929929357086,0.15634867555648613,0.03789925540613403,43.522000234728196,37.56586175217397,6.332724528743714,6.332724528743714,True,79.98271982053359,7.45435114527941,2.47374597658868,0.008917598859356708,0.09246870782875996,-0.0017506514603627245,-1,,1
2777,0.7275045063504237,0.008123969115059049,0.017933853020622895,0.19951432705938205,0.026789549512319332,0.020133794942192872,34.91040737950975,37.49532341806627,5.863452486070702,5.863452486070702,True,77.36419678087584,7.3051300477911685,3.903739602005715,0.0037459718219070726,0.07857198617369089,-0.0014494355131296427,-1,,2
2778,0.5758157582187148,0.05545894318460693,0.10939490776474277,0.2234647946267663,0.035515742090874027,0.0003498541142953679,30.334768158008558,36.601706059138664,6.877072707620965,6.877072707620965,True,91.09753405683567,7.226729987459976,4.41519808006947,0.002240434217092221,0.05193474141542351,-0.0003050200671766921,23,,2
2779,0.4663073706076092,0.04190799726912679,0.17508974778656503,0.2569568609377721,0.029441604107505646,0.030296419291421028,44.53823282999037,38.25702762065235,7.199897418041184,7.199897418041184,True,105.8554672205905,7.441765423967303,3.393412837879486,0.00979086923188446,0.1388271416211742,-0.0031708565403933543,-1,,2
2780,0.5717468022699057,0.02941462286322137,0.11871997101687397,0.019650703060243746,0.1914998862197411,0.06896801457001413,34.82391770892676,39.40958027902033,7.416615564557886,7.416615564557886,True,91.6907806563478,7.277769145299883,4.355670023936104,0.0036729283679703155,0.07448065620011148,-0.0008593674552286073,26,,2
2781,0.332387053441696,0.05212143196702852,0.11530540596920409,0.4062685857685567,0.05304682376085534,0.04087069909265938,36.275348222700835,39.970582703023055,7.061560620000653,7.061560620000653,True,112.57319322994213,7.248067155893541,6.162823932027625,0.004148997498629821,0.13702519111484304,-0.00312728225536041,15,,2
2782,0.793442951584935,0.014678125452970857,0.018200558109534214,0.1396804805192085,0.009784371638136655,0.024213512695214778,36.50287455879541,35.71095977504517,6.038332507303682,6.038332507303682,True,75.51428709763725,7.34045370045823,3.3458759671034466,0.0043950979043003565,0.07281014296376076,-0.0012998169782549103,-1,,2
2783,0.08436288124493821,0.032921910285182175,0.028875839198019216,0.7653652737319554,0.06925669049481555,0.019217405045089436,41.28793631260079,39.850521377289965,6.964834365066339,6.964834365066339,True,135.48222304449146,7.262439130201565,8.214950235384988,0.006712634556772253,0.23984074644727807,-0.006633065915082506,14,,2
2784,0.5328001747411087,0.05854860323072326,0.05142136503722647,0.04232366679389826,0.15348288415303676,0.16142330604400637,44.33946127705405,39.81688298275641,7.4558928459361455,7.4558928459361455,True,96.73824132059168,7.3537907189399405,5.397376090471367,0.009481146256157438,0.16207784677562828,-0.003485257330592071,22,,2
2785,0.3647723070202097,0.007906247704222071,0.06962014306716412,0.1985198565811887,0.041990193346143706,0.31719125228107165,44.34474457744746,39.49937058185398,7.916296206287544,7.916296206287544,True,114.34680158927891,7.17894460955294,10.058109747524725,0.008629493176947412,0.2292292086126026,-0.005104297575269899,9,,2
2786,0.4984818268508739,0.1652751773494358,0.014037470502338749,0.2768471301939302,0.0011894125109208273,0.044168982592500454,38.30062879392507,39.094597400047746,6.689670751816067,6.689670751816067,True,97.09486889087972,7.325293762752481,4.520562843540174,0.005247288497173567,0.11407065550823625,-0.0024560965066020408,26,,2
2787,0.35505838186803557,0.05399366926551761,0.03245648728785104,0.39171572915953407,0.036615188319229955,0.1301605440998318,26.852354548134958,36.33044029161513,7.559511251108372,7.559511251108372,True,110.7757277741888,6.946474601113827,9.138002203054517,0.0012425673010166489,0.09585124219137937,-0.0007615925411622891,5,,2
2788,0.7470159726237121,0.13420953857371662,0.008374579791748295,0.048667531580763486,0.047406932354505577,0.01432544507555376,38.48530814311046,37.914435134340295,6.333493994078311,6.333493994078311,True,77.78175686828878,7.401585567907649,2.1816620218261313,0.005429779308506509,0.056954853021527765,-0.0007265934900578297,-1,,1
2789,0.3563309505233443,0.19629263112407955,0.01842194684478057,0.4118022937836546,0.0020441590350770067,0.015108018689064038,36.45751062047765,39.781750578916274,6.93551785753192,6.93551785753192,True,109.85162249973685,7.284108190674394,5.27875612459227,0.004295495002049741,0.12543116502384663,-0.00287312017532593,20,,2
2790,0.6075113891058637,0.18267237668357353,0.00640159787295888,0.08512365911867593,0.019221574388432645,0.09906940283049546,29.19703802760649,33.975745298176264,7.894325074915307,7.894325074915307,True,90.82895957527218,7.13643188316828,5.687044459233148,0.0018712060758813462,0.04839007195445104,0.0003351979610661049,10,,2
2791,0.6371395932956999,0.050470110295448525,0.0548750146000469,0.18669588076970142,0.04785693067600246,0.022962470363100843,29.864735193337413,30.72860290416225,7.868744928004774,7.868744928004774,True,94.24858821805883,7.180604195784602,5.097749144311232,0.001993751019500426,0.0460230583392818,1.4571686620358075e-05,13,,2
2792,0.3780249278548461,0.1364107947940031,0.11890734794335261,0.3608142443324689,0.0001149457428859451,0.005727739332443111,38.61954426587997,36.25522760249233,7.763694803319179,7.763694803319179,True,117.67851820895092,7.330989281657462,4.620077032845262,0.005304722167373055,0.12347061634365833,-0.0028428741189486027,25,,2
2793,0.6095931701053711,0.006988723291599207,0.145710937427676,0.12038407735741623,0.019565647470878172,0.09775744434705941,37.11193492419717,36.75754126169592,7.067462638112147,7.067462638112147,True,90.45291706315425,7.286977344419237,4.780126276876826,0.004570619727853416,0.09409049651438323,-0.0016304168024091016,22,,2
2794,0.32208422795789327,0.004087952785913233,0.021568842372746342,0.4257721036266475,0.02165461808108647,0.204832255175713,28.2035019583431,38.52216523778022,7.115938438885191,7.115938438885191,True,109.50595410391193,6.897992268404738,10.42340389949594,0.0013704706135631553,0.12885941992099986,-0.002085448686256521,4,,2
2795,0.5950285131258015,0.15820455460864435,0.11106615290677845,0.018564301710534928,0.038414441959392066,0.07872203568884874,29.879307839561115,37.11093705698053,7.778059806353931,7.778059806353931,True,89.55254749696859,7.197242166909686,4.488328335755429,0.0021230764933862878,0.03469248669971159,0.0006938057334454197,18,,2
2796,0.45496721231681514,0.10711009404697037,0.04482342954065177,0.3009677699857532,0.042054305009786255,0.050077189100023296,29.824797716155594,39.98324579567992,6.697671591331796,6.697671591331796,True,96.50233818756111,7.154851795473356,6.069834186001042,0.002080283939389653,0.07982495082484094,-0.0009684338527201817,10,,2
2797,0.6036662435571525,0.0078331371515343,0.23850786207745645,0.01801144789828265,0.1239638615856795,0.008017447729894695,42.45958526087246,39.169410731530746,7.314172120874101,7.314172120874101,True,93.81922767008794,7.469331552841052,1.4905332842170946,0.007907207798044366,0.05401370902062222,-0.0003568364596646697,-1,,0
2798,0.43142214336189494,0.12001558148852591,0.08635233629412989,0.21388074852927585,0.01845199651741488,0.12987719380875845,33.02763663693233,38.15404102036981,7.699942548496706,7.699942548496706,True,105.69744482494123,7.146868096372964,6.959841123512767,0.002832285190510598,0.10178022222378641,-0.0014645709137540927,8,,2
2799,0.4156500485870276,0.01867679724202069,0.017173365044292302,0.45470245775434154,0.048316041517613664,0.04548128985470414,36.71326192865588,31.53171346745351,7.837724469573029,7.837724469573029,True,118.9064752244327,7.21415487577251,6.973847081710007,0.004050766260473508,0.1299824668335283,-0.002996678007250964,11,,2
2800,0.6889198027616326,0.0815522233706966,0.026854631314822585,0.17005754020279565,0.010843950282206338,0.021771852067846098,26.243473448318205,37.75636747458787,6.176624491521735,6.176624491521735,True,76.12905735469387,7.153477056694406,4.794727683280048,0.0014415884593224533,0.03874644902987526,0.0003312811001541651,15,,2
2801,0.6061305609500236,0.11764107338510138,0.07981480855616566,0.09777587312397967,0.040244255396525326,0.058393428588204455,36.0759493308013,34.81592070407293,7.667078664180255,7.667078664180255,True,94.62660069197406,7.301153117285388,4.053455646314723,0.004085362717658258,0.07082705306608167,-0.0009245953407945879,30,,2
2802,0.6357179978718851,0.027621419028875733,0.125034156635867,0.00771705076142102,0.09524682215187913,0.10866255355007216,34.74417590072974,37.65364285109622,7.288968247077949,7.288968247077949,True,86.2998888555098,7.253740321080456,4.730289950396359,0.003594074329196394,0.0744422783956663,-0.0008305635373722641,21,,2
2803,0.6849783739311271,0.008144722623487843,0.05136236267274336,0.12044384278628124,0.01456619703595538,0.1205045009504051,28.625431746595233,36.23712000696197,6.602522039115879,6.602522039115879,True,78.70959412042579,7.114238485785432,6.16091859833165,0.0017862055905000142,0.06535211247129537,-0.0004005370755098344,10,,2
2804,0.5795947462884423,0.03871658699224137,0.016528804536445403,0.04785374115707601,0.3011623907303527,0.016143730295442124,43.64081206294074,36.75962554348002,7.664168134179983,7.664168134179983,True,98.94323543163807,7.451554207564722,2.794045401822259,0.008927144570147094,0.10787481265024781,-0.0020951449942012913,-1,,1
2805,0.45248740743316457,0.047270593265663144,0.06529841032211678,0.2701469452004402,0.05761932228710968,0.10717732149150559,37.71384759240733,34.23445324604087,7.960883696833694,7.960883696833694,True,111.69019100689361,7.2280280998533595,6.724611606973237,0.004603462047928097,0.12944722272462197,-0.0026819231367320915,12,,2
2806,0.629028346814841,0.1624749431253119,0.02233664819939178,0.06862773730270304,0.07540994414128238,0.04212238041646995,25.835474986028196,33.52747449236004,7.944261927727271,7.944261927727271,True,87.82626580029132,7.124298296812218,4.995286158194456,0.00129859930083999,0.019800530538698558,0.0014004775836689912,10,,2
2807,0.6461513003943347,0.013447629351283503,0.06304067628131818,0.20382146397980533,0.026265135438445462,0.04727379455481286,26.26058908251994,34.94104130807802,6.75875064855877,6.75875064855877,True,83.40987184244686,7.102703205053883,5.819753986649674,0.0013596819450076615,0.04626953242837118,0.00028536516502666783,9,,2
2808,0.5471122531961368,0.005522868936069094,0.09879383475632579,0.23165041128030503,0.006546885722888666,0.11037374610827465,26.42771281757656,33.0324559419557,7.69596924705046,7.69596924705046,True,95.97738905643568,7.015668960482044,7.430906018795879,0.0012595570780760746,0.058937411146812634,0.00036250619262112723,6,,2
2809,0.42763065901541125,0.00638810683380781,0.21928226940450557,0.33017022869012125,0.01452187207566836,0.002006863980485823,29.6183664746332,39.90356160980214,6.8235375443752035,6.8235375443752035,True,100.58935640341255,7.19526037762434,5.143283439730499,0.0020747925409431737,0.06688835454557003,-0.000713916209831178,14,,2
2810,0.5232878311204182,0.001370161418365793,0.20652353343644367,0.2147996110335371,0.026785643263534803,0.02723321972770038,38.19729489012501,36.781843417716594,7.272716436114257,7.272716436114257,True,100.73627199251791,7.342964125816163,3.9082628781028625,0.005151319001263396,0.09558020747190009,-0.0018623809374456186,-1,,2
2811,0.3034964658131873,0.010325047096559334,0.03069836492362679,0.3795994303785733,0.24761365100593652,0.028267040782116937,44.64971020441874,39.11616908813929,7.5157240687604325,7.5157240687604325,True,121.02531762959715,7.378924421811421,5.836761904115736,0.009731071034942073,0.21588427232126484,-0.005520623884927792,22,,2
2812,0.6863902879129844,0.047003196707882444,0.13820514712580628,0.005919358615869266,0.03963383122524261,0.08284817841221505,33.79974432622742,38.22849206964943,6.8549679851604335,6.8549679851604335,True,80.22872931042333,7.274533447881871,3.885333996582518,0.0033216169577441326,0.0571691660500228,-0.00041457650531457734,-1,,2
2813,0.229991313049406,0.06867189166646663,0.0063850376803248786,0.42500796521583317,0.18280609170359716,0.0871377006843722,36.285729871447174,39.60022565790176,7.786919923057504,7.786919923057504,True,127.29593970894304,7.1627902068567595,8.419206120783544,0.003925058737388323,0.17384561378422986,-0.004113364968739273,8,,2
2814,0.3195074425931464,0.07263452291178511,0.008403655489938275,0.3867703924942541,0.009725928814117317,0.20295805769675873,26.125072481712618,39.08911696446086,7.289782158426631,7.289782158426631,True,109.00467581247293,6.826335043599067,10.593128562763475,0.000994243822509174,0.1065898964031285,-0.00020588284365053228,4,,2
2815,0.5267900394340189,0.0463739353337182,0.07408895344581833,0.07261514355357482,0.20772947792247634,0.07240245031039338,32.490524947324275,38.363772163056666,7.658950924838207,7.658950924838207,True,96.45081597652906,7.210315178382058,5.380168471966668,0.0027942721636223782,0.07565500180373275,-0.0007369000311330015,14,,2
2816,0.17354461544740052,0.16193568537774092,0.019168997871352293,0.6320254460506205,0.005519177994874452,0.007806077258011192,41.2683695302688,39.558793868497474,7.1541972929426025,7.1541972929426025,True,129.41954775283722,7.312618709753796,6.597410008698966,0.006881043184198005,0.20872551685924556,-0.005613332370687665,18,,2
2817,0.6556429087091789,0.20624818272058484,0.006442003812580124,0.044624398802350924,0.03663005468789015,0.05041245126741505,28.199177898930543,34.662214055451855,7.627230195430993,7.627230195430993,True,84.94982104196227,7.182135100414893,4.3873069762764585,0.0017446214565562759,0.02579988903836108,0.0009113330727089083,18,,2
2818,0.6749470764657941,0.16567823472177123,0.06476327960540497,0.05179309845125133,0.015098203965620827,0.027720106790157406,35.74618374017916,37.63952079242267,6.872797203672666,6.872797203672666,True,83.64492898917014,7.348375122846225,2.670954539403163,0.0040846625700897915,0.048546544421706514,-0.0003606656105499768,-1,,1
2819,0.15532385325932196,0.09090678643625406,0.06334422132617305,0.6083852101786903,0.0023833098967509935,0.07965661890280966,29.64644973591367,39.7373251500706,7.344021314609449,7.344021314609449,True,128.12397516770892,7.020066735385184,9.224608406889384,0.0018059743756240966,0.1394191949993915,-0.003000387943937866,5,,2
2820,0.30460078691959347,0.09039947298988239,0.021962597657292336,0.5751850019065865,0.0077897243012662295,6.241622537914141e-05,41.71621981918857,33.281826471100686,7.688514387802928,7.688514387802928,True,128.7879801047865,7.323657665339675,6.18879407381574,0.007009871400117706,0.17838512161358616,-0.0047004110271781675,19,,2
2821,0.5797732382487206,0.13398675425977252,0.054353207566688065,0.18708779417443694,0.02968122750440198,0.015117778245980077,35.123382783855575,33.604013121103335,7.666027912945274,7.666027912945274,True,98.84193242742083,7.298950842993081,3.973816867705627,0.0036702464904298775,0.06711720449939121,-0.0009339809969180538,-1,,2
2822,0.44803040112170045,0.14179366985596342,0.008787020237603072,0.21485273086276485,0.18594889327026062,0.0005872846517075612,41.99076647446367,39.468884367080534,7.324370411159736,7.324370411159736,True,106.32772495792449,7.416936606465863,3.4428162585361024,0.0076713403378906465,0.1301885498219628,-0.0029388414758361255,-1,,2
2823,0.5465791339025875,0.07446855595549963,0.22875329538683067,0.03235753628779794,0.018761695085304765,0.09907978338197955,34.84663127329827,37.897618349478336,7.97309288428188,7.97309288428188,True,97.26849694352492,7.264038042576317,4.393469302603167,0.003625909839417096,0.06426751445690104,-0.00044381559537408745,24,,2
2824,0.7658237816544414,0.03340364904630674,0.07107391085508798,0.05269659422050108,0.037818382501639575,0.039183681722023016,43.68188455453544,31.025929225844443,7.548635243891812,7.548635243891812,True,89.19941009879038,7.454789178836926,2.3020625532461185,0.008679260814056173,0.07291627923500651,-0.0010961403364544886,-1,,1
2825,0.5003924949072336,0.055002782499323735,0.003309594888248961,0.14956659308183534,0.22297033778168154,0.0687581968416768,44.33627244089905,38.37769206332933,7.373721731078042,7.373721731078042,True,102.13333753759314,7.402537561622466,4.478612479609867,0.009543172697497212,0.15850661363544483,-0.0036200624028627686,27,,2
2826,0.27327129209128914,0.16533024365470628,0.020197044490831914,0.510682175432375,0.003120467145334143,0.027398777185463585,25.354115542900228,35.72056396229211,7.800525358965756,7.800525358965756,True,121.04470119659526,6.993373274393251,8.039032634383487,0.001099453580396036,0.07562838867952411,-0.0003357362852980791,5,,2
2827,0.4662519975723385,0.027345478558425448,0.16657704950818214,0.3157646843854732,0.02386478456493107,0.00019600541064974432,29.536631379317576,38.53135381213396,6.842588380500701,6.842588380500701,True,98.3514428502792,7.193706866878796,5.113561799790124,0.0020429402546038463,0.06347055547255473,-0.0006097456044027019,14,,2
2828,0.2550104664051633,0.05594764167612438,0.02911838891419651,0.4874493987571147,0.16730503233886496,0.0051690719085363025,39.764168808971874,36.21723621321055,7.916796985115712,7.916796985115712,True,131.13335936058053,7.286944652854424,6.657067125235196,0.005794196625773342,0.1815872127645742,-0.00469856659928408,17,,2
2829,0.42774348345594454,0.0016353117196426534,0.07860963272603728,0.3395762430708025,0.0061037319379568895,0.1463315970896161,33.92916180265921,33.76005089443342,7.823739352232958,7.823739352232958,True,111.88764895176514,7.108971300781349,8.194937396414453,0.0029310752253843254,0.12240127506299277,-0.0022880561073304697,7,,2
2830,0.4381153678179179,0.041075126400504564,0.026629013872033758,0.3196976369368974,0.011284033670396883,0.1631988213022495,25.173997588145703,33.40605430973311,7.920613433199378,7.920613433199378,True,105.62441545570104,6.856532510677317,9.602446006210485,0.0009040367739832246,0.06965818586837129,0.0015654569737342439,5,,2
2831,0.33316319104727216,0.2788299769323293,0.027276840165236675,0.30507946427149146,0.023714643955831442,0.03193588362783892,33.30078681810133,39.141120714616804,7.954511292163211,7.954511292163211,True,117.51475500525657,7.228567932465381,5.439318367573001,0.0030395684940916,0.09583997605912618,-0.0016852374974792301,15,,2
2832,0.6566536295541899,0.15415825902850722,0.041563838684385894,0.06469940778398688,0.04352347256797542,0.03940139238095476,33.81305868485911,39.42062311100665,6.595911684571122,6.595911684571122,True,81.5302722193321,7.3025459395386365,3.3586961756685283,0.003369775367795818,0.05393128484888369,-0.00044661802997113866,-1,,2
2833,0.40362351464671714,0.0029045234404181885,0.03149462971886091,0.30252835810225814,0.062097113884099706,0.19735186020764592,34.93219657167869,36.53240969552519,7.561487420114802,7.561487420114802,True,109.68039314635546,7.089236820325818,9.02378134191985,0.003248396094494252,0.14577671373191947,-0.0028918558406649175,6,,2
2834,0.6652767732928898,0.010098157394426455,0.0015876563817186471,0.07111061134105996,0.017459025625369995,0.23446777596453514,27.685087683419752,31.17256792676167,7.994159762643984,7.994159762643984,True,86.06536895677789,6.958801433713803,8.534210988075914,0.0013547102881402504,0.07712796359322835,-0.000241693375126809,6,,2
2835,0.5572339975045716,0.07680009923626684,0.18173307930878202,0.07201819051724885,0.07747326335559694,0.0347413700775336,41.00879327529908,38.01906241643494,7.602054799111304,7.602054799111304,True,98.76065528622776,7.415974999359256,2.5900412770158465,0.00691307204160347,0.08159221304443744,-0.0013180434045756578,-1,,1
2836,0.5276398844948683,0.09978331926978479,0.02767470166956522,0.07422517119224001,0.07630524720069914,0.19437167617284248,37.954810426479085,36.90705616273793,7.883777745844591,7.883777745844591,True,99.38043923402093,7.204865789117627,7.00137864761957,0.00476044865867311,0.1275028148145664,-0.0022764249127364892,11,,2
2837,0.46916809066425463,0.08981694622987368,0.021081489534962927,0.20583176291426244,0.003278446653858945,0.21082326400278711,32.81560261584021,38.12732120021593,7.3221740916180815,7.3221740916180815,True,99.14690944814116,7.075466261519088,8.372010916013606,0.0026480527688507727,0.11899184995177906,-0.0018470007399000287,7,,2
2838,0.874304112043164,0.04096139980589173,0.03067963471710442,0.01259671041769363,0.038508886526147645,0.0029492564899983825,44.65263545017586,37.49144077389951,5.821605328833701,5.821605328833701,True,71.0779176135354,7.506561186692423,1.0937205642268288,0.009625555126151906,0.03979149772606217,3.189320352477405e-05,-1,,0
2839,0.532040214792345,0.02936631731955418,0.2101324621605821,0.06600555180239392,0.010439207784611075,0.15201624614051365,43.155647945524436,39.29190656895457,7.524888552557449,7.524888552557449,True,98.01640186169784,7.354250899707835,4.808084580265376,0.008467332749387917,0.13748343404744642,-0.0027972984975517218,25,,2
2840,0.3866895774429502,0.02107760780088885,0.12430085449915576,0.35764160520581173,0.056248362297484505,0.05404199275370896,36.54045305592318,37.20052923360036,7.403310477460931,7.403310477460931,True,112.2967050727403,7.243756667397727,6.201757200250826,0.004195858535457399,0.12889029515154835,-0.002822032366045233,14,,2
2841,0.32462684786724966,0.1343187496929202,0.04382399850812514,0.3319923209169545,0.05613475184276347,0.10910333117198692,27.992635329118155,39.069078240352425,7.709110486720376,7.709110486720376,True,113.07217644894686,7.020112731921513,8.24581222128972,0.0015345629115288643,0.09536700089497882,-0.0008933303295883356,5,,2
2842,0.2778929719258659,0.09532735018501613,0.031553924523066976,0.4397825024246864,0.10128215475690545,0.054161096184459155,38.53945433164589,37.506601464453084,7.7476909535794345,7.7476909535794345,True,125.25490995331181,7.245038196919369,7.091536588246207,0.005087125160322939,0.16848778970659078,-0.00412017202993725,13,,2
2843,0.8569684121718584,0.04382132791900616,0.013612436165849517,0.008548917410320354,0.05642253999800095,0.020626366334964723,26.74708712389718,35.44439868567137,6.251606009375459,6.251606009375459,True,65.79526904806492,7.197446203132648,3.7540741825435466,0.0015552364171019374,0.027488630105687355,0.00048695573524342595,-1,,2
2844,0.5474578314619981,0.025689093010952235,0.3231585474061574,0.05136737069890257,0.026278929938144676,0.026048227483845027,43.934877828474605,39.46654542251543,7.604416184784943,7.604416184784943,True,100.4116620498686,7.4819704830873945,1.4897143435927702,0.009107122095211816,0.05933202278646664,-0.00044539961506635166,-1,,0
2845,0.5315109275088014,0.08875688550106885,0.0026621816261108242,0.28855555115291487,0.07290212160720257,0.015612332603901631,26.212628253511575,35.478759608082925,7.0296045107924146,7.0296045107924146,True,93.793535787755,7.099505349195746,6.065660797152891,0.0013392331868036136,0.050552509850302484,0.00017867541584033124,8,,2
2846,0.308953437462234,0.13661643362256157,0.08126774125439781,0.3458456225601992,0.011694974198103896,0.11562179090250356,34.56177138000333,39.65963521754551,7.675970985294587,7.675970985294587,True,117.44643698830562,7.154115465451806,7.58939528106519,0.003318505174868551,0.1341426655671038,-0.002667521204072556,8,,2
2847,0.558805599792665,0.1183848978140517,0.14752498573731287,0.051672023673592964,0.06683477516528032,0.056777717817097194,31.889751484662654,37.356620114251044,7.84549280505576,7.84549280505576,True,94.92775398779652,7.243115389332513,4.138605304079526,0.0026564395949198938,0.044443382282451385,0.00017919555595462215,27,,2
2848,0.4696499661165166,0.0808750058157083,0.09929679500190965,0.16399797138938674,0.04857006630347224,0.13761019537300648,33.40603645482176,37.109303584496224,7.863761865950477,7.863761865950477,True,103.72474332646831,7.153027676366687,6.867989121453755,0.0029405937139609286,0.09911338256659313,-0.001355491152525925,9,,2
2849,0.17777959097812313,0.003928942467381122,0.003166867853963539,0.7832505077670041,0.009311997713281965,0.022562093220246333,28.047496878066983,38.60547117191001,6.421572042370699,6.421572042370699,True,119.38098040065475,7.012068463180354,9.041640925566755,0.001509175149947643,0.12928869110055757,-0.00293271502328399,6,,2
2850,0.6312785718468797,0.06728387525331204,0.015670287428372277,0.2190917593221789,0.045860961889568244,0.020814544259688872,39.77151598000074,38.357861669016515,6.193761887550335,6.193761887550335,True,86.18092362793922,7.381330148325496,3.4755845483419834,0.006165531944164417,0.10312956631710035,-0.0022173091403805433,-1,,2
2851,0.5773720644383766,0.3296336193784429,0.014450287154073071,0.020565526563126928,0.030640735661937243,0.027337766804043265,35.99042091496193,37.626557448519854,7.912262849199224,7.912262849199224,True,95.61395177468604,7.360687281912866,2.2824334115960974,0.00414819639876909,0.03684606121321944,9.145433214970589e-05,-1,,1
2852,0.5377418421582248,0.03618808102082396,0.11946033914241341,0.21828847193124656,0.039877050620862976,0.04844421512642833,27.711313275270196,37.64985149960136,6.940583374604156,6.940583374604156,True,91.36923752959729,7.131076977526393,5.744173954664988,0.0016319759643184252,0.05406343261003884,4.8189215098077325e-05,10,,2
2853,0.354245943167877,0.0292301721915176,0.1672996174071976,0.406139195489401,0.01103022942426308,0.032054842319743974,38.156134318775955,35.16845828216431,7.8661130699553965,7.8661130699553965,True,121.43895502202766,7.278196343660207,5.882990166610217,0.0049304516651675,0.13683537235476578,-0.0032029834114038085,17,,2
2854,0.4070542507356189,0.05414278655958283,0.07648735963487481,0.3492662716657308,0.07403219214824912,0.039017139255943654,27.896311826414287,35.65216004996017,7.606062207344129,7.606062207344129,True,108.42664068684796,7.085202264479367,6.940989660263448,0.0015700037782711241,0.0739968514018367,-0.0005820523908188654,7,,2
2855,0.5519458055489695,0.07363193120761433,0.031890406826128655,0.03070934697058899,0.06690323131218737,0.24491927813451134,35.25961786482034,37.46655787104263,7.777076293741301,7.777076293741301,True,94.06266164345989,7.122037585938582,7.906647994256498,0.0034996394173297542,0.12028087856742635,-0.001819981695332162,8,,2
2856,0.2683114326123054,0.04509391556263165,0.044223466202779275,0.6013551253012619,0.01381456392541731,0.027201496395604458,42.242848163177314,39.8973199702138,6.501232399636133,6.501232399636133,True,115.43140451794643,7.330674245444079,6.327704042234401,0.007648247175265758,0.2028360071417331,-0.00536141075552198,19,,2
2857,0.16692052119448308,0.0060365432388217255,0.14581602924487214,0.5752288120362936,0.075015280662588,0.030982813622941398,30.054565885304676,37.282077257040214,7.955980081856748,7.955980081856748,True,135.05723123597286,7.064807733494447,8.502835396473664,0.0019249837472889075,0.132107707558922,-0.0029258213379237254,5,,2
2858,0.510056815926671,0.011312415708092572,0.04738367969961548,0.05402218792452066,0.3042411121771413,0.07298378856395894,36.43934806634068,39.52085827415504,7.642466524898499,7.642466524898499,True,98.86705318757063,7.272287846674792,5.256063639765733,0.004284462883665263,0.10659153623330204,-0.0018421109894789884,19,,2
2859,0.5262078951458636,0.20589757744949663,0.14329142076832765,0.10574312754838289,0.014926879419518528,0.003933099668410612,37.434317833752964,38.663362942499965,7.629678008559686,7.629678008559686,True,100.21304792832127,7.3886409656032885,2.1817808664091847,0.004830159866418303,0.05197996608986361,-0.0004801875769757092,-1,,1
2860,0.654292137853701,0.014677188860975122,0.05985810330655495,0.20802782067608436,0.04076459392723652,0.02238015537544796,39.65863152264543,31.450051290148945,7.442789551689092,7.442789551689092,True,96.73868354695523,7.359936188646879,3.886389321237948,0.005798389951310032,0.09310664700672822,-0.001865160510628676,-1,,2
2861,0.6301573345466221,8.493929668707883e-05,0.1283966501895498,0.20086616826848736,4.008067800480132e-05,0.04045482702064889,38.5030882595688,32.625763020455274,7.395470429266361,7.395470429266361,True,96.33988044407398,7.334130542259891,4.1223997738444424,0.005178852763899151,0.08980060630316469,-0.0017040821741962895,29,,2
2862,0.3649427415033394,0.00040254098665221333,0.11216131519496977,0.4050521554678404,0.02404914621456006,0.0933921006326382,35.090157307042894,37.93665355509599,7.126764015449774,7.126764015449774,True,110.91250491202577,7.17676251106381,7.339679701509909,0.0035201289512586014,0.13432216719739465,-0.0028730734541246327,10,,2
2863,0.9506199271464276,0.008168489345266764,0.008946495777066013,0.025489699920289922,4.72814966944484e-05,0.006728106314255313,36.44653356820256,38.785400851656036,5.226708466330339,5.226708466330339,True,61.191426030418704,7.3854125851151196,2.0207529969952125,0.004528394166169449,0.049771143735398926,-0.0007029356887306874,-1,,1
2864,0.41680772604570676,0.012110722746319498,0.013505935804899788,0.3652828394261037,0.06241973179632713,0.1298730441806431,27.940563620899212,36.90483974061166,7.075305503769931,7.075305503769931,True,102.69145583677984,6.995707402427423,8.666778861631563,0.0014793252393148608,0.09906628694656854,-0.0011570708840688126,5,,2
2865,0.28109620403864166,0.0633277475724595,0.1363875838937298,0.4203338641871823,0.08223601893572872,0.016618581372257885,27.58496418086137,37.68698989180683,7.88368950525478,7.88368950525478,True,120.94535945699579,7.082741198386531,7.1152724609793125,0.0015251537528780364,0.08454060403627331,-0.0010058270777674617,6,,2
2866,0.5307133011869313,0.0104655469968112,0.04526165860328447,0.28336806327314124,0.10108084455103643,0.029110585388795376,39.28691405620862,34.12760948977372,7.307246961085752,7.307246961085752,True,103.35384066035805,7.325705579250942,4.91786570092642,0.005612213770642948,0.12063594421613434,-0.002689666323004584,23,,2
2867,0.5633900560885674,0.022157496200086557,0.03777349651753425,0.2742992624136834,0.06672277017614359,0.03565691860398485,37.636180335912236,34.96062016508773,6.957648387795774,6.957648387795774,True,97.29798260084031,7.302511526081332,4.924787264422886,0.0047682523423791074,0.10845301285993823,-0.0022971925653813663,22,,2
2868,0.5892072190194425,0.009373464389149684,0.00284167932587672,0.30288424281469056,0.0696899947799846,0.026003399670855753,43.30192235287655,39.90197603612998,5.82244836656449,5.82244836656449,True,87.07982684684,7.422464669176821,3.679831489254372,0.00880374430515982,0.1395659881793471,-0.0033626270963638028,-1,,2
2869,0.6620713973992362,0.07375157188457743,0.05201870407757212,0.13468676624263348,0.04375810491974208,0.03371345547623879,33.11506184134238,35.09632520736072,6.976455102299756,6.976455102299756,True,86.35767614621854,7.26454755635367,4.172749042347737,0.00301128089377098,0.05978725189060103,-0.0006191225367735108,28,,2
2870,0.6121344156339819,0.08360283803019297,0.03836635501697798,0.11044460407478417,0.06484336805245777,0.09060841919160514,43.992650575065554,34.171927101837824,7.621314604441494,7.621314604441494,True,97.531922153151,7.403815710920409,3.9629838082557676,0.00907245329510854,0.12457773664973984,-0.0025996648704881787,-1,,2
2871,0.6013281802164779,0.023083804643292263,0.16990139513050687,0.027286940134076964,0.11876946644909411,0.05963021342655187,25.965107196982643,37.129190559958026,7.612028928705197,7.612028928705197,True,86.47956485454688,7.126271663409146,5.046648851089056,0.0013565780535632632,0.02388442047445073,0.0013800207561803452,10,,2
2872,0.6570703693641435,0.036068770607754215,0.22481934529483413,0.03493353378128526,0.0045736070305652885,0.04253437392141755,42.96404124471121,38.25562256268314,6.978817335727566,6.978817335727566,True,88.24831483913216,7.458683659362091,1.8244033693817334,0.008358036921975707,0.06422701128761907,-0.0007446035886996996,-1,,1
2873,0.41780191368122743,0.06448484427847428,0.03708708261690439,0.25469317117123097,0.1832147810295065,0.04271820722265636,44.470652437985365,39.31536127337701,7.306843108774112,7.306843108774112,True,108.8335441911618,7.40862027608093,4.551454758040707,0.009701087926346361,0.17355124642082123,-0.004171302993516108,27,,2
2874,0.4150636120717576,0.02876951708959385,0.21809738183532895,0.29329720038006274,0.04412465070679751,0.0006476379164592231,31.28109314810314,38.14678000149697,7.458724322433885,7.458724322433885,True,107.45360824683347,7.225966095041536,4.869829431330236,0.0024667960636987826,0.07038615570534536,-0.0008954044034582756,18,,2
2875,0.46356379943508813,0.0023459051256337162,0.019812059317505577,0.23879430761367482,0.24114228274559965,0.03434164576249792,37.37141900380661,35.43368882845017,7.749046166101557,7.749046166101557,True,108.99299961590805,7.276773351854048,5.684399219231882,0.004582004157287915,0.12355451558411117,-0.002641922526590905,18,,2
2876,0.5577908765453199,0.01137094611987256,0.17315130018833996,0.1337193544358158,0.02426321498541421,0.09970430772523756,30.049922782735294,39.95951434518504,6.809922401437936,6.809922401437936,True,87.68438365738588,7.158524233089816,5.698060895708652,0.002154515942961481,0.06629077217782313,-0.0003582523612492926,11,,2
2877,0.42552701706732055,0.10040244422609951,0.07000198168162142,0.30061035438803074,0.04645361325111827,0.057004589385809545,42.83765648063441,38.994879357469515,7.094476853828649,7.094476853828649,True,106.7923535059612,7.375790052332329,4.768596265965737,0.008228628272630696,0.15875939201192513,-0.003778843739125549,26,,2
2878,0.7637578775197741,0.10527754340395595,0.038365356920902545,0.05121845649860232,0.020251056438182022,0.021129709218583037,42.08431311951893,33.54970659970413,7.033361820257384,7.033361820257384,True,84.48475869866745,7.448247068847682,1.9513436509032855,0.007521428295423861,0.05991210838888769,-0.0007384358705794436,-1,,1
2879,0.39029888475424146,0.04837596179217019,0.19367039256273294,0.22796451945566604,0.06090316867658763,0.07878707275860185,31.025031525673487,39.169140163330496,7.831390221196633,7.831390221196633,True,109.59135442701577,7.151076030400581,6.359431467672609,0.0023229705931678973,0.0845130222962639,-0.0009169339564827544,8,,2
2880,0.4926710905681393,0.03301036315179828,0.19898001087050937,0.23549848189615458,0.012248792186690598,0.027591261326707806,38.569561449485455,38.8781954160588,7.013193066711649,7.013193066711649,True,100.26630724284664,7.3514605397164825,3.849950005034472,0.005414654670139752,0.10262421753092588,-0.002095973509738088,-1,,2
2881,0.5356569972515514,0.03977916026403543,0.02604841497937074,0.3573373360791725,0.022106790589163764,0.019071300836706342,39.64165768989733,39.26665024266421,6.027357457528362,6.027357457528362,True,91.79216253694258,7.354377312281248,4.3820005169151095,0.006057246166771585,0.12850072198262533,-0.0030494768628140153,27,,2
2882,0.6889197383885948,0.019417313604580558,0.0805476669789084,0.14828930412559485,0.01711523992106557,0.04571073698125596,43.593350879758795,30.659770971793662,7.6953587249278845,7.6953587249278845,True,96.80607904036994,7.426500558941684,3.2164858114092896,0.008583730823739007,0.09895920396405093,-0.0019553901784460435,-1,,2
2883,0.5232643396225286,0.040804395509853375,0.050440191459757616,0.2338067942911847,0.06482361161109053,0.08686066750558522,39.864370328605816,35.824363876537845,7.258273355709673,7.258273355709673,True,101.02356406473324,7.305957017512377,5.471591582849555,0.005958576320555936,0.13090276870864156,-0.0028523871483535834,20,,2
2884,0.4725051908740129,0.04120274929688905,0.04093409591618509,0.3595786707821106,0.08360003572118968,0.002179257409612737,40.24093328469411,38.73771761859851,6.490089251809074,6.490089251809074,True,99.9230609836312,7.365414508609589,4.381303228834597,0.0063983133771978095,0.13653346096102004,-0.003282788813153731,28,,2
2885,0.5080507598146965,0.008485442198898446,0.08490636136310381,0.22706170253587588,0.035064816160030446,0.13643091792739476,28.07324441164898,38.82634053515346,6.813000595559611,6.813000595559611,True,91.4941615241953,7.049600797829037,7.504657081775093,0.0016111613470625658,0.08177354135986407,-0.0005674173647721175,7,,2
2886,0.33548581210524975,0.0050933731933912605,0.11187588849255009,0.3052949158630039,0.20921978986421041,0.03303022048159464,35.07213038114459,38.836069797375416,7.814081684125759,7.814081684125759,True,117.89384978796008,7.227656003836114,6.307699532200313,0.003615972414805185,0.1283370514835992,-0.002727120226072925,13,,2
2887,0.18816898166816504,0.14439681903067325,0.008641274871451407,0.5738537608804162,0.07816494214141956,0.006774221407874383,32.24398067724035,39.304907486218056,7.394654290859887,7.394654290859887,True,127.62301336944809,7.151012092436003,7.486682039583495,0.002595839704925421,0.1397258244126782,-0.0033246949393795737,8,,2
2888,0.6926201030672604,0.0636041518997418,0.16200472026301696,0.030184574659733912,0.0006901231119391155,0.05089632699830777,30.98521951034755,39.475164192308355,6.5222116827220065,6.5222116827220065,True,77.046236406953,7.257920537095197,3.4881033951347336,0.0025025530012862543,0.03709862888533348,0.00021938705288854468,-1,,2
2889,0.5602521837386559,0.027997651722034042,0.0341243646450115,0.0007524327221996791,0.355987335045435,0.02088603212666383,32.76296303037198,38.606849234741276,7.7446402857055,7.7446402857055,True,94.22165114528204,7.269738637443722,4.156968439909981,0.0029513833957047508,0.06166327405562325,-0.0004344378716868832,28,,2
2890,0.676874615540287,0.02681439074091827,0.04260837390688621,0.1317248749649776,0.11236570438764566,0.009612040459285535,41.29047594940782,31.778623838302003,7.585074047183062,7.585074047183062,True,95.43488222171099,7.410301172582225,3.0286228217857287,0.0068872978357632075,0.08647143428422895,-0.0016214189713864887,-1,,2
2891,0.8518026332951832,0.011536481698872966,0.06610078100985167,0.02681399020288703,6.395002264838361e-06,0.04373971879094033,41.897012929781184,28.615896770197775,7.693840538100882,7.693840538100882,True,84.77581514342027,7.42602860748924,2.4169370594770827,0.007165013057625579,0.060553000795258716,-0.0007790952178339779,-1,,1
2892,0.6407883559041989,0.02190320947139821,0.11266326759545339,0.15929848628956253,0.019150906328635774,0.046195774410751275,32.356037454095876,34.94264718826519,7.030930556927517,7.030930556927517,True,88.07618692302927,7.235056376922133,4.644632375594944,0.002748179722157314,0.0615658044696936,-0.0006009902834828109,21,,2
2893,0.5089941796761914,0.054421181898754126,0.010602309943537343,0.3221248371489864,0.05432348564783725,0.04953400568469354,43.54540182593041,35.11687799943398,7.060761472670611,7.060761472670611,True,103.8941396361248,7.384594679847763,4.778762795039461,0.008676813947538458,0.15442813549348994,-0.0037110950691245084,25,,2
2894,0.1284175517281421,0.0887450183739395,0.07895748969991978,0.6035830958119576,0.06399570653615619,0.03630113784988467,26.72162513682737,38.04715201038804,7.978277804687305,7.978277804687305,True,136.29323191889654,6.972591551625136,9.179545311363201,0.001252674472090967,0.11856841039875905,-0.0022116213238883705,5,,2
2895,0.30540064487948787,0.006523337728273363,0.19004856506051493,0.3751177067305537,0.0065292663855757395,0.11638047921559432,28.988448451430973,38.53484974329284,7.719053978243918,7.719053978243918,True,116.44595146204006,7.027789932216166,8.406312382772253,0.0017059603265344757,0.10463033892588414,-0.0013358108246864394,5,,2
2896,0.6356663857372682,0.05523670294847271,0.03888203999060584,0.1904476994182941,0.01516212765946693,0.06460504424589206,41.6136342519885,34.662491742193595,6.944546929312246,6.944546929312246,True,92.48102250665885,7.376401855646401,4.042125949626696,0.007204680892198106,0.1146303032371987,-0.002458143817662435,30,,2
2897,0.7974947181465011,0.05969323041472626,0.08887647574345595,0.028745166427674922,0.023584116979433307,0.0016062922882085259,36.1773214031226,36.05882603408921,6.447938352675754,6.447938352675754,True,75.47069893323722,7.3763271225537,2.0756830328917255,0.0042557577656657615,0.03952251347857361,-0.00019867116099075725,-1,,1
2898,0.32614825964175037,0.06415628677155963,0.007995454417744267,0.2506392753587514,0.018263191230886773,0.3327975325793076,41.69780797466327,39.29711904238462,7.961244396207864,7.961244396207864,True,118.0236890478757,7.103024024447375,10.974909417553524,0.006380464750243307,0.22378358045824687,-0.004994751662464221,7,,2
2899,0.4714166388546139,0.02185266817523373,7.973253592433857e-05,0.15069791484416678,0.23144803902777908,0.12450500656228214,38.08253842811132,36.74094784819819,7.884304772930103,7.884304772930103,True,106.32316032160789,7.2281060823738645,6.910473902761679,0.004845276455232729,0.13893476299668886,-0.0028131320708663816,12,,2
2900,0.3641197641176818,0.006432297643298675,0.06450488893975143,0.36251283038869986,0.14902379010029182,0.05340642881027653,28.754711034145537,39.95759988419772,6.9826061806221995,6.9826061806221995,True,105.66747761158742,7.089944418122077,7.355621349248145,0.0017687453323859354,0.09643170273531496,-0.0013531192682674623,7,,2
2901,0.4970621758555265,0.006607051647220422,0.1736836440166927,0.11960464391032652,0.13642516379920547,0.06661732077102853,35.7061308714956,39.5219321109037,7.4521986708562125,7.4521986708562125,True,99.42677599688889,7.274900871196636,4.833832836183902,0.0039904352211271804,0.09276527380770878,-0.0014909526933373422,22,,2
2902,0.18818862694247798,0.04910230884448046,0.04446016674814334,0.5943373692021684,0.11355659960972792,0.010354928653001753,28.054997930810643,37.46144602014651,7.581333003467446,7.581333003467446,True,128.62515358182478,7.038570358978916,8.441388991809736,0.001532877893022892,0.11775224952066302,-0.0023915038272139763,5,,2
2903,0.4876800371284537,0.08328395451051178,0.1702540551500106,0.2015441550268258,0.006573273027557573,0.05066452515664069,27.176539941258618,35.69596771097342,7.88696556243041,7.88696556243041,True,100.90133571895753,7.115979829559893,5.737518984271732,0.001499072277093999,0.04162494944737866,0.0006627403581723767,8,,2
2904,0.5782224498493443,0.3246785078272487,0.003513946943480383,0.08796732765619802,0.005374375765047041,0.0002433919586813567,42.160087420045215,36.410027660043895,7.744583446112144,7.744583446112144,True,99.87592087303828,7.4651072072198925,1.4676258284950248,0.007559628963447499,0.050367027366032796,-0.0003181126319232745,-1,,0
2905,0.16414880664589615,0.04483592997788111,0.01365079237383552,0.7308064500608574,0.041561976577807316,0.004996044363722416,42.717622057125226,34.620893103934065,7.573645616042453,7.573645616042453,True,139.82241044968416,7.294365952468386,7.668675573340977,0.0076388103935826,0.22541448216780535,-0.006213071151395917,15,,2
2906,0.263902809220113,0.11437425288383138,0.11300498831019977,0.46867659419759317,0.027550557243683018,0.012490798144579665,35.108979552845,38.13875724833959,7.666893349547595,7.666893349547595,True,124.81683866198681,7.231455815476777,6.266569900392442,0.003616113532450019,0.1337321320600056,-0.003127050489411262,14,,2
2907,0.334573137145456,0.027373571851071466,0.037322016665587016,0.5058379133088323,0.08227721889734217,0.012616142131711007,34.69663975684646,36.186692016197284,7.168458792509641,7.168458792509641,True,116.45648261258852,7.205809454851802,6.790164919957165,0.003393851440699524,0.1321930777577256,-0.0030985626265762384,12,,2
2908,0.7192434888386845,0.02402235124422467,0.1287963932788464,0.059110169955412774,0.0027851714651972817,0.06604242521763434,34.125337710294914,34.967105362292294,6.980705122268903,6.980705122268903,True,81.70486563717236,7.279376326760116,3.907811845917986,0.0033664351570013413,0.057473291836948735,-0.0005275276790357927,-1,,2
2909,0.4208557772974195,0.07201673634796507,0.14632655353624055,0.22182618829039824,0.07580047169823306,0.06317427282974354,41.11081142166951,37.39328137992419,7.946252644876389,7.946252644876389,True,113.39720799467533,7.345306897075859,4.878147727847845,0.006843861993875525,0.13884377028904044,-0.003071854221467256,24,,2
2910,0.39063706022618827,0.022083675893154922,0.027534997049549256,0.5253923052673912,0.026999760693331723,0.007352200870384612,25.019292436208794,31.404207514986012,7.7113054132592085,7.7113054132592085,True,114.10817907365193,6.980744954018179,7.979213994981982,0.0010127436148014153,0.06243636130750322,0.00010247577458370495,5,,2
2911,0.47245204906960303,0.015495907695381726,0.2337864264176457,0.17305807853605393,0.019059342408092945,0.08614819587322253,39.267006913763986,37.72895217106516,7.735224340219671,7.735224340219671,True,106.13419012289084,7.315152263710454,4.8488725303655755,0.005689889247731276,0.11537300692090063,-0.0022737991490553834,23,,2
2912,0.5715372692201282,0.05253833240934684,0.14525098424178254,0.20455518766039874,0.015247265228438455,0.0108709612399053,35.75457002844634,36.390870243685114,7.054768279345811,7.054768279345811,True,95.02396344107167,7.320389662936586,3.698063195491818,0.004013742996231651,0.07352593985557287,-0.0011882329650393065,-1,,2
2913,0.7571598202394876,0.05761083585021226,0.10177097301455505,0.04051694549232674,0.03784625560326966,0.00509516980014874,30.26299030854049,35.32275413508899,6.781742373314054,6.781742373314054,True,76.595242441357,7.26788669672476,3.09102036213879,0.0022671955808618222,0.025353034387968064,0.0004841674083168467,-1,,2
2914,0.4903997233587154,0.052790504131720546,0.09766535930984668,0.275426096397135,0.06125104866630007,0.02246726813628235,27.215995956362583,38.6110620928147,6.822827713866089,6.822827713866089,True,94.29845582570125,7.131350961919085,5.75315096617557,0.0015528866785810356,0.05590351169886193,-5.943652239499678e-05,9,,2
2915,0.34283395729980515,0.04004491621718787,0.0030045829552565345,0.34894831474837046,0.08774216322956097,0.17742606554981902,33.96785965327543,39.07486437820856,7.303763881526238,7.303763881526238,True,111.32068010597892,7.076779319956794,9.135721965427305,0.0029567225354509975,0.14984704053068168,-0.003029504140156189,6,,2
2916,0.27896456016266025,0.022051095320578463,0.1397957225922821,0.4783109855460695,0.07100218027188974,0.0098754561065199,44.02216703843857,37.32688188753759,7.590850312208403,7.590850312208403,True,126.25150173880186,7.38107679202944,5.467112851493886,0.00910960357857756,0.20179917586232596,-0.005245695762007456,23,,2
2917,0.51571654894728,0.12374876427299372,0.12898490213957756,0.14436837295678553,0.07320457652631401,0.013976835157049122,38.35900861842891,38.0515491048816,7.521226594431875,7.521226594431875,True,101.34804008774627,7.373806883904787,3.074470594080975,0.005297494810140161,0.08125865543005532,-0.0013919206251198823,-1,,2
2918,0.5707482566772689,0.05737106532422999,0.03339399410084595,0.19914703832655864,0.05908530344793208,0.08025434212316455,44.498093903040115,34.474510273070564,7.376416273061187,7.376416273061187,True,100.39693783519813,7.402301964160143,4.361230685911807,0.009526139266178079,0.1429713686824605,-0.0032262694021006,28,,2
2919,0.5444366195057923,0.16306282986962461,0.060362824230258946,0.15097616117474108,0.016264491287684583,0.0648970739318984,39.87211155890543,35.40858387450686,7.747755716844246,7.747755716844246,True,101.76751521712355,7.350445574138509,4.064571004379676,0.006040691166285335,0.1013521980523729,-0.0019385992472775774,30,,2
2920,0.34507239720064564,0.01157234341351238,0.13308644344846263,0.4994947902627809,0.00690365820099405,0.003870367473604461,40.40116652068946,32.543066106760854,7.986415565842305,7.986415565842305,True,127.6086044368624,7.312581367965792,5.872030557953638,0.006123611971163712,0.15508108271162266,-0.003936208816501167,19,,2
2921,0.3639648110483223,0.14784801000592399,0.0462845384494718,0.4256213090334994,0.0022586669716959736,0.014022664491086533,43.64089058427491,33.843438801326194,7.9861206386201244,7.9861206386201244,True,124.47276323272762,7.385445250034573,4.93588922535215,0.008661380236502685,0.16869138408818715,-0.004245292537369056,25,,2
2922,0.6254915031146472,0.03939185471327973,0.002843022920676767,0.027404710740064436,0.1158337189378281,0.18903518957350368,37.77815989282413,37.49919415025767,7.174605243184103,7.174605243184103,True,87.04727936701603,7.228355036291287,6.371439136788685,0.004784093015440823,0.12089909626630722,-0.0022243383693342587,14,,2
2923,0.5357285079198364,0.16490823897078186,0.24445201712045098,0.039798338251356986,0.014136495770520624,0.0009764019670531301,34.710340231885546,38.89625680111712,7.973455636435204,7.973455636435204,True,99.53924957157403,7.3666559116281976,1.7169325426175326,0.0036318939008371976,0.02020092324269168,0.0005501222805251545,-1,,1
2924,0.5809403317247931,0.003930794734492221,0.1020386683020372,0.12938019084181301,0.03984349104505215,0.14386652335181238,42.48832755240114,39.533729873577094,6.671695871916064,6.671695871916064,True,89.62034387391314,7.344028133695634,5.084666195408753,0.007955650376634045,0.14474391924164073,-0.0031799522530276186,23,,2
2925,0.447308984920019,0.12381703351787389,0.06147279021273017,0.25434850085721317,0.0679864885274006,0.04506620196476317,35.139267060096664,35.18878127168836,7.975305530362696,7.975305530362696,True,110.68319598616905,7.246031356127107,5.474772268663671,0.0036182023136047624,0.0975569262572363,-0.0017628439552212773,16,,2
2926,0.5727791350973814,0.18335060452017635,0.12409483807736148,0.015035874542066957,0.01932605276660009,0.08541349499641364,33.95857248040801,38.69712196127301,7.699770218193683,7.699770218193683,True,92.42238030979931,7.271229118698603,3.930283686507492,0.003347217217714458,0.05220865636695617,-0.00010756045214387398,-1,,2
2927,0.19521622494493165,0.02664972401706256,0.17839219992595404,0.5430312263633413,0.031120384082017796,0.025590240666692594,37.09153403309065,39.963371040947024,7.421898107922613,7.421898107922613,True,128.76359769990032,7.238101496721492,6.946645114619811,0.004443566842710476,0.16953992468726,-0.004288953188502801,14,,2
2928,0.2307055294561112,0.0156842122974414,0.1597856009498643,0.510064126857745,0.07142227427577114,0.012338256163066923,42.92914693687395,39.93756067651864,7.30892376503546,7.30892376503546,True,125.77903570333139,7.358534374644126,5.816196021093739,0.008234118639357869,0.20813005205142693,-0.005456316523680613,22,,2
2929,0.3524339461681486,0.002679293752129337,0.03688075331677712,0.515779651159996,0.002285221679825855,0.08994113392312285,29.642974500010514,39.55066345104939,6.353761783225619,6.353761783225619,True,103.45322284534393,7.062897972697061,8.190518442982185,0.001896718518726103,0.11512477305674827,-0.002117157434792559,7,,2
2930,0.5207411224459298,0.03370737217935969,0.00424694419841726,0.08261193511028449,0.20620085219256903,0.15249177387343982,26.14406993061899,36.895611253640446,7.841000637494783,7.841000637494783,True,93.7953798466242,6.977671073655393,8.12422893587449,0.0012154175689997992,0.07011829533502774,0.0004880399645571841,6,,2
2931,0.5087585127846105,0.007206986590906467,0.04321449517449192,0.26144041395354084,0.10351382821743875,0.07586576327901143,42.62373333772982,32.642260546910336,7.899138035356002,7.899138035356002,True,110.31854131177742,7.341388818821374,5.545673194183736,0.007715146601599297,0.14892913618035492,-0.003433899904478608,21,,2
2932,0.3874347379263243,0.08463249722953226,0.01902896984838858,0.4416090316574224,0.004766544368778491,0.06252821896955392,29.2415676902185,37.78475392943687,6.82130480361991,6.82130480361991,True,104.66014034200062,7.0888419874933035,7.402602827656379,0.0018389947473357521,0.09580407868818679,-0.0014603769290483849,7,,2
2933,0.7622884991822015,0.05232237695143638,0.042949477575456654,0.024856045927057077,0.0859630736317809,0.031620526732067396,29.153507992681323,37.029175463287174,6.459278303423077,6.459278303423077,True,72.77355989701417,7.226996942603101,3.810559014424091,0.0020270953281044273,0.03631846673926088,0.00024098264291037665,-1,,2
2934,0.4049205484500767,0.08468838346520169,0.12093103970226081,0.2825028971192912,0.03967679362985044,0.0672803376333192,33.460987255786534,38.10417040703682,7.5508880145541015,7.5508880145541015,True,108.81555492220761,7.19808805818023,6.1349799890013825,0.0030371460178402624,0.10044928793513275,-0.0017094492011652878,12,,2
2935,0.3482509590766862,0.1647428767234184,0.02214127654869389,0.325543480659951,0.06288973729143356,0.07643166969981685,27.367802149965517,39.92064818387462,7.406527953946083,7.406527953946083,True,108.28195594865316,7.053780237983451,7.450269602124724,0.0014896888693684705,0.08181239611424727,-0.0005478792983223858,6,,2
2936,0.5063101353326344,0.05949159805262834,0.19854716614810136,0.1148883141414797,0.0023208002501350212,0.11844198607502125,37.36811224330797,36.92863695322406,7.9609845222111995,7.9609845222111995,True,103.11825689080713,7.265789903713718,5.305055801213704,0.004624184781529038,0.09975301305446295,-0.0016223145264950883,18,,2
2937,0.5377972525125545,0.061599508031410455,0.19025656277230957,0.12653916623219197,0.045287195009915036,0.03852031544161843,31.369862121564754,39.76020008800041,7.108794003377261,7.108794003377261,True,92.38592074454816,7.242179540174296,4.199513178790562,0.0025551665418453557,0.05147658040045741,-0.00014763550701150168,27,,2
2938,0.5005048499419357,0.02666957748206218,0.019600745646204523,0.10145769693819433,0.1348522293453734,0.2169149006462298,33.22418600779901,38.66134883099116,7.512931297108128,7.512931297108128,True,96.53268476038852,7.082193903471478,8.3577783048895,0.0027849700002129905,0.12111581654279946,-0.0018210368029951463,7,,2
2939,0.40774905083818996,0.003922957692481405,0.20793364883458634,0.37691982092246584,0.0013676759450076282,0.0021068457672690243,36.95702640360661,36.48570247457069,7.349774357717868,7.349774357717868,True,111.90153252911185,7.303462911168408,4.819662620897342,0.004470360914991945,0.11304984062954361,-0.0025157600786973513,23,,2
2940,0.45191046557723386,0.1007805789199496,0.03778295951354474,0.302739007994832,0.04699799278718338,0.05978899520725632,44.21710766795385,37.72769353623297,7.097468473689296,7.097468473689296,True,105.96011833203058,7.395915401998683,4.67045634892347,0.00938747045285567,0.16459158240597074,-0.003951468842128911,26,,2
2941,0.32007682862229675,0.03669626943424106,0.18727467089984548,0.34590334111414706,0.06327322720235311,0.04677566272711658,38.105022668228365,37.91592491681054,7.965035278210792,7.965035278210792,True,122.49234089500251,7.2754594517157365,5.9585830980920935,0.004968660729984947,0.14324824868974695,-0.0032828017469623836,17,,2
2942,0.6513257568489954,0.11844289431512207,0.11152575918722585,0.0953496514992267,0.0033995206243126884,0.01995641752511718,42.02816703367631,32.55338378160319,7.890541747218665,7.890541747218665,True,97.81905682300297,7.43841130027353,2.2187825022989838,0.0074156403361603646,0.06718585058112377,-0.0009406932013307001,-1,,1
2943,0.4953869538905992,0.021096147176212506,0.014486298416666524,0.2429836720147373,0.1500343332546892,0.07601259524709533,28.197952914738856,33.569961250700764,7.878176055643104,7.878176055643104,True,102.61476635134093,7.0639868639370835,7.297278294617489,0.001577249457806585,0.07342140870392863,-0.000414567464653326,6,,2
2944,0.21839513078449055,0.022505423382525362,0.01961197143171859,0.5142937950631207,0.12218048875272043,0.10301319058542455,41.3941640911399,38.03988356905707,7.598734199040592,7.598734199040592,True,129.76074122514407,7.230151613724115,8.602339782674534,0.006641129187646238,0.21635003575638814,-0.005521072408067331,11,,2
2945,0.6345401511823262,0.0306516172087657,0.052274709319470515,0.2552066107919302,0.006187486083184902,0.021139425414322382,34.969462267542866,30.72576711940996,7.53107520451309,7.53107520451309,True,97.41556198871369,7.266258805541331,4.771318105385795,0.003499979146419376,0.07512221919791552,-0.0012381052540377212,21,,2
2946,0.5736420616834224,0.04535049124002986,0.1692190649348376,0.03961600365600006,0.014218794977858959,0.15795358350785096,36.16143286222373,36.331342386325815,7.9080813570878545,7.9080813570878545,True,95.42720513073637,7.225883063353351,5.737038037157811,0.004036644277255458,0.092094522325663,-0.0012297362859667433,14,,2
2947,0.6080562732892507,0.0033011984240739448,0.15727640300693116,0.16749741872221227,0.02670594447094296,0.037162762086589085,25.188136204574544,34.32986248461998,7.364635193168309,7.364635193168309,True,88.08967309571574,7.094990981092846,5.551761143602734,0.0011950690018627636,0.029120316563112664,0.0011036399826302645,9,,2
2948,0.46813787160242915,0.05918095282833552,0.02623434729658855,0.2741396111051555,0.13284057058955415,0.039466646577937234,44.57021869486063,36.99299784572872,7.239738307863824,7.239738307863824,True,106.4779716871536,7.413555888944748,4.38131644516709,0.009717318561040885,0.16258309120776435,-0.0038923481998108414,28,,2
2949,0.5649035608976044,0.08699070395618957,0.044856796271615984,0.12596525520313306,0.16025757741045904,0.017026106260997927,26.715307070834665,36.21388961621298,7.506620927149136,7.506620927149136,True,91.58936067296231,7.147217229668863,5.076673791345075,0.0014678478338078862,0.034658979876850876,0.0007464226763274673,11,,2
2950,0.33781662910006055,0.05404035615250733,0.14012679918855156,0.3169466051329476,0.07602263919335911,0.07504697123257366,37.94802745278271,39.47210058801955,7.636521397154315,7.636521397154315,True,116.53414170638203,7.256305283302286,6.348658123342786,0.004894945757186838,0.1459023840962917,-0.0032558809597356317,15,,2
2951,0.5369390626542208,0.05362127969084126,0.1833290301634485,0.19867846729787303,0.006364797014501001,0.02106736317911552,25.612077640786314,34.09535424572926,7.855172331970765,7.855172331970765,True,96.91131115447624,7.112560314484288,5.315327445422068,0.0012535183290593955,0.024620511718977216,0.0012366383139856118,8,,2
2952,0.6392055784960297,0.12747166490368042,0.1898194185604829,0.013521376460531549,0.017402687236218784,0.012579274343056598,38.090711239472164,37.1308245162123,7.504869831010575,7.504869831010575,True,90.88720571789247,7.40717137524565,1.6429672932413169,0.005101675317620763,0.03415988940727614,0.0001133463934654259,-1,,1
2953,0.37673641623016196,0.03378592097112386,0.09768296294108621,0.44707803401654544,0.030072985369823346,0.014643680471259166,33.56335731732635,37.35662423644841,6.983752813529414,6.983752813529414,True,109.82843481171805,7.2118677919375305,6.141467838442775,0.0030704582195572494,0.11186737148886815,-0.002377140494114385,13,,2
2954,0.589168989341163,0.013785049207763722,0.07154323773947646,0.18188246792737356,0.11504566219621767,0.02857459358800554,31.193935306238984,36.76749438580413,6.891509470767951,6.891509470767951,True,89.75396273461185,7.215518789695497,4.95874543936909,0.002441172351619672,0.06579912734635043,-0.00068275554009411,17,,2
2955,0.5360437401438725,0.005804750359584938,0.022896374322926866,0.0834863343901363,0.10900664864998207,0.24276215213349742,27.895984119414333,37.219689553023954,7.581695639205236,7.581695639205236,True,91.23459850541829,6.939702464580786,9.19964052274982,0.0014129756174911848,0.09625422762490381,-0.000505308195838769,5,,2
2956,0.6580859607649605,0.024128055077854878,0.023789291270993124,0.258841331197976,0.0026743918408803124,0.03248096984733503,30.574208448900816,39.76841897063504,5.666097054943635,5.666097054943635,True,77.56386349341018,7.213108492285035,4.9130614324388375,0.002357497989260649,0.07270250151615033,-0.0010775247370846794,19,,2
2957,0.4512051241367247,0.03533931184889025,0.037534215071686555,0.37835995652897714,0.007397252361294195,0.09016414005242711,38.87204607770276,33.25825206532493,7.571045720549586,7.571045720549586,True,112.07283620223461,7.247877150111,6.7405742032506115,0.0051725616963070814,0.14044953118154294,-0.0032035143186629573,13,,2
2958,0.4905919875391121,0.1992181992193805,0.08683217834700722,0.11143940976205345,0.015148577039959303,0.0967696480924873,34.1177360008057,38.03726309866351,7.934844114032427,7.934844114032427,True,101.86844919950015,7.2307083672297345,5.1573231086997735,0.0033157715502778995,0.07669484850698001,-0.0008148881152845379,16,,2
2959,0.7516722512115663,0.02078818806658815,0.025147131862359177,0.09035442796174929,0.04141138742422895,0.07062661347350814,30.54781617649234,32.39992724927498,7.099669585601483,7.099669585601483,True,80.04556356570433,7.188979440395079,5.030772085923972,0.0022089569772212056,0.05402671246513198,-0.00029430634975133123,16,,2
2960,0.7352104890246441,0.049641509608707945,0.04113383942953091,0.10459074833138685,0.039948866162587804,0.029474547443142363,41.86572773809372,30.386469336795393,7.660236580332483,7.660236580332483,True,92.36437318933794,7.416786945964106,2.8674598778858735,0.0072291194680682664,0.07891953903075737,-0.0013668111372759821,-1,,1
2961,0.46919553855379825,0.026965630850830407,0.00018750354169106619,0.332929905731688,0.004617127236263144,0.1661042940857293,26.811104182477735,32.09256737367713,7.886157167448133,7.886157167448133,True,105.02073813556026,6.913254521257343,9.339674757913098,0.001156344924977207,0.08572944543071392,-0.00031236064520669186,5,,2
2962,0.6479721445136012,0.1207749953649437,0.04632802233624626,0.08241339767773995,0.0416365748046903,0.06087486530277864,26.145696190489836,36.372325639312045,7.091208335624948,7.091208335624948,True,81.63693886449131,7.124493226123272,5.16404618947551,0.0013816127717737284,0.031862687927751494,0.0009034550117651348,11,,2
2963,0.593712061420355,0.09411780514924822,0.09576035285764774,0.1548540534303528,0.02283523690178727,0.038720490240608696,29.41471199724337,39.50576389910022,6.569246882868767,6.569246882868767,True,84.61545922518285,7.2031925363525175,4.584927215441194,0.002064045085706727,0.04934071081363735,-4.8826746047730886e-05,19,,2
2964,0.6270649136994033,0.08512298126911716,0.009332873545585627,0.23497784346840203,0.03750515418719843,0.005996233830293414,29.653867795078924,31.05512644933045,7.615471370758688,7.615471370758688,True,94.40199412189216,7.18193809907184,5.093580030507396,0.001955853045637324,0.04797692877043352,-0.00011871155449582893,13,,2
2965,0.5414345741115395,0.1972362551797135,0.022255849160860222,0.06563025370632021,0.08662129535220679,0.08682177248935986,25.876000688085966,38.33694055198292,7.659384444854833,7.659384444854833,True,90.47442024852158,7.0876347148628955,5.843922138398865,0.001316248729717367,0.03473026015988772,0.001248149480902352,8,,2
2966,0.5985578036595407,0.012575454571363559,0.11138073329905639,0.09242309028829979,0.06621178812666972,0.1188511300550698,34.64301635538219,34.362870589437215,7.76983664755305,7.76983664755305,True,94.53740549961256,7.213242644599564,5.745537450095941,0.0034044089882099763,0.08512751893648722,-0.0011280004672142893,13,,2
2967,0.3172833026031116,0.07983090906003962,0.005756997999848105,0.5533361902422624,0.007219298898982628,0.03657330119575562,43.64652433223201,38.94038898394852,6.5583487445004485,6.5583487445004485,True,112.75202923684203,7.358149204441851,5.948610118586813,0.008805526796705937,0.20222427284527655,-0.0052889087226087915,21,,2
2968,0.7168975507362045,0.03669067713609539,0.11185342127120784,0.0906280205272353,0.04273515865460955,0.0011951716746474465,42.822859286266436,37.532540304062664,6.405000550239663,6.405000550239663,True,83.06440601255872,7.471037542900845,1.6829956968553623,0.008227528715556256,0.06203117622113989,-0.00079283230367065,-1,,1
2969,0.7033692466237453,0.15616832980501946,0.023800335760234936,0.004223454297507185,0.10519235072044601,0.007246282793047032,38.097937845119446,32.49238260940129,7.976471147805494,7.976471147805494,True,90.89183971942882,7.393981374642426,2.141554964710683,0.005001939366537702,0.04209167816430074,-0.00015733301242297322,-1,,1
2970,0.17222052493342138,0.08257622538945761,0.030612990431001172,0.6879802166630835,0.006517454819484697,0.020092587763551474,32.14450293123275,36.08959749118979,7.467226283463379,7.467226283463379,True,132.71773875451353,7.1036183017796235,8.419309274282142,0.002439530421203639,0.14519605002393185,-0.0035977887673003806,6,,2
2971,0.4014661096138064,0.010514299355627792,0.016916997268185952,0.5086159579089491,0.03828733464268581,0.024199301210745067,36.31664062154837,36.006799165329724,6.712453952875428,6.712453952875428,True,108.5790733859574,7.236899340788047,6.499014249241466,0.004063481611524908,0.13606566717443747,-0.0032570953916806434,14,,2
2972,0.7395056708870832,0.07058791372658732,0.01526474081297024,0.05595639367543486,0.0959948319150384,0.02269044898288594,26.42784286396852,32.31846463367398,7.404019024173917,7.404019024173917,True,79.15270716503288,7.1545687304602446,4.567419694055987,0.0014057035578225097,0.023839042782847746,0.0009170831533124647,15,,2
2973,0.6317483601281687,0.10383020128915406,0.03578938908465811,0.17915767014449155,0.044416644489060096,0.005057734864467415,30.665241069312025,37.30347706561933,6.575984515266815,6.575984515266815,True,84.68708852866972,7.242442430880735,4.10736745639727,0.002356901464554314,0.05053992704186095,-0.00030392008258561397,28,,2
2974,0.09307828715445854,0.0239882953706936,0.04999441320848998,0.7826764349913926,0.023662570928819356,0.026599998346145928,42.230720776236126,38.08397562918877,7.132135646834223,7.132135646834223,True,138.22138743963248,7.26886071964822,8.29833637040925,0.007312806088748123,0.2423828272069924,-0.006704206443624066,14,,2
2975,0.17467772081961425,0.03734424933129835,0.043370851377111594,0.5104679515515597,0.09173127476302317,0.14240795215739302,31.38571024032455,39.12067411885529,7.803891291914988,7.803891291914988,True,130.79182841707816,6.989293763694291,10.30239687530908,0.0020876276491273503,0.16249662192715167,-0.0036425835400097084,5,,2
2976,0.42120517315001793,0.032619068276343845,0.16615102063080486,0.28862815054194807,0.08595507666778689,0.0054415107330984275,42.78982144522266,35.691011347029146,7.906027458766284,7.906027458766284,True,116.58996194333794,7.409012277169004,3.879685906176055,0.00811503518376418,0.14038469119003683,-0.0032923709000917778,-1,,2
2977,0.5868574966165002,0.11990777503697476,0.07181432141286631,0.17514585642214586,0.005373366471633057,0.04090118403987985,44.16834979674564,38.12367402029184,6.757405122478901,6.757405122478901,True,93.23041792222386,7.451542417791924,2.7765895663076203,0.009470391769545472,0.10931466438808043,-0.0022573591618177094,-1,,1
2978,0.28952477642014807,0.09633601477014869,0.02643887646110669,0.39475968446553933,0.16734843616782763,0.025592211715229442,30.14915000703286,38.262116085845456,7.7845942108933865,7.7845942108933865,True,120.14849131928668,7.121134111391927,7.22432336572891,0.002052487565533407,0.10731954016637771,-0.0019185250078635181,7,,2
2979,0.31917235334301836,0.11272156079709861,0.0763107638134553,0.3843473771132463,0.10742036635998155,2.7578573199713618e-05,41.89503570914897,39.42889354758114,7.431146200218398,7.431146200218398,True,118.86442036941855,7.380095198608569,4.6771785779010235,0.007514060010916191,0.16917725972699824,-0.004233775261302981,26,,2
2980,0.30511142399294977,0.030501439068615008,0.03719387543492967,0.5678965480925802,0.023242539801267528,0.03605417360965786,42.827064445426274,36.20957894130879,7.052546768925194,7.052546768925194,True,120.45660796853785,7.3259921023731644,6.546612862911234,0.007932229365698791,0.1977274679065547,-0.005174741382148456,18,,2
2981,0.5100898412323698,0.11795453083907752,0.04115634042340492,0.2776616630838999,0.009151977862151309,0.043985646559096585,30.848110801686868,35.568418517066945,7.2481645874290175,7.2481645874290175,True,98.79460212974118,7.176403346437798,5.721570884389524,0.002278147355325501,0.07185085293228499,-0.0008068653356512706,11,,2
2982,0.6191228198808952,0.003730910683245588,0.14140498632274617,0.22162344697529315,0.009315020851268887,0.004802815286550986,26.066633627613992,34.85702148691856,6.922642340308135,6.922642340308135,True,86.77668729318955,7.137167421100313,5.06180225690358,0.0013549014572266157,0.032791188873948614,0.000654388815687959,11,,2
2983,0.5421921917944167,0.051790243235887,0.031296200730099845,0.3170403364863398,0.05300821131317992,0.004672816440076787,43.20495744323195,32.32472380357522,7.490479986002341,7.490479986002341,True,107.3865096566046,7.409679363266407,3.9536005793955957,0.008315232769165093,0.13072663163780934,-0.003071438254554135,-1,,2
2984,0.5752875458107222,0.08732833063543466,0.032478456169538296,0.050623228573870145,0.08984553406926048,0.1644369047411743,30.78341039492945,38.3568635213321,7.340011791993217,7.340011791993217,True,88.25601044156234,7.1124433907233415,6.7934767407948575,0.0022378503323281077,0.08103281634227276,-0.0005940659945852541,9,,2
2985,0.6592367043210079,0.055714774206312816,0.06978458219932612,0.17015392500308857,0.010081413094659897,0.03502860117560478,42.765578136015634,30.985204622555166,7.737136717572895,7.737136717572895,True,98.9038278583558,7.416175507194166,3.258800223640324,0.007919774757635459,0.09708564864137037,-0.0019280862188441198,-1,,2
2986,0.33098161616431754,0.01871615280375921,0.125154820293903,0.38805718164756936,0.01186384695050351,0.12522638213994725,37.67818056629814,35.65142610966059,7.975404358621705,7.975404358621705,True,122.48492961787395,7.18364203706885,7.953233960066557,0.004492283277649694,0.15572765868050872,-0.003493661772509761,9,,2
2987,0.5814719619163622,0.07877672758826595,0.1614572098554498,0.061657805295237025,0.03366554381914444,0.08297075152554054,38.01945855801449,37.562157667775764,7.513556810574054,7.513556810574054,True,94.23660423314696,7.327720921354161,3.9040725521698123,0.00507709444155631,0.08305021763805527,-0.0012625411419420556,-1,,2
2988,0.5702685582628193,0.029910968091655818,0.13812511032514224,0.1274399347003262,0.06450436947987322,0.06975105914018324,30.24577311229443,37.262695342762456,7.2449763450174025,7.2449763450174025,True,90.89720997837648,7.1789358673345305,5.306669459954324,0.002181744308471855,0.058482976273835044,-0.00018787750248579912,13,,2
2989,0.5017530516330027,0.002559901721498283,0.06287952815178692,0.3149695572799718,0.10344363147403002,0.014394329739710268,37.156642173903194,36.056449583629714,6.972087539369909,6.972087539369909,True,101.58149069890968,7.299215892998456,5.006114185142347,0.004559097401558012,0.11347475904180032,-0.0024821641662605143,22,,2
2990,0.44342836806621594,0.0769883481920817,0.07117072306183218,0.36732443777962204,0.04053041606400846,0.0005577068362397318,25.721251417384384,38.32155814847646,6.757491956775521,6.757491956775521,True,97.81724593917741,7.098319040014073,6.118039619646854,0.0012893675285702247,0.054420261469945885,4.9053248160800394e-05,8,,2
2991,0.5486747870641093,0.0026409743654421335,0.12013726402701616,0.020132050795300678,0.11332884000864907,0.19508608373948266,38.431546304100124,37.36314545919313,7.933601176396139,7.933601176396139,True,97.42581914792672,7.221102642728016,6.704761346451478,0.00504749300489835,0.1255454463473864,-0.002184581351970075,12,,2
2992,0.5402609808294729,0.19641999633259383,0.011576124654863467,0.2255656563437084,0.0025875434698789065,0.023589698369482482,31.769488126401015,32.873977850791995,7.945506936611597,7.945506936611597,True,102.11193769587494,7.219313711717923,4.856824632495078,0.00250900365010146,0.05728103962446705,-0.0004378307408161551,17,,2
2993,0.3909559248217853,0.05227747191081013,0.03242409529866385,0.2745514519304813,0.23192537190300577,0.017865684135253804,32.421057218146466,36.684141499622854,7.942459065822091,7.942459065822091,True,113.65011769996137,7.195361210527194,6.138026433844126,0.0026952107138924148,0.09957239323619436,-0.0017515582354275378,11,,2
2994,0.3811084732979785,0.1074579041707861,0.10495881258564824,0.34689671208024353,0.030607400073730105,0.028970697791613733,29.816058810130258,35.27871979835976,7.989022298251639,7.989022298251639,True,114.61947470774899,7.13987263485654,6.334499253309323,0.0019820642304920603,0.07734586933137501,-0.0009078715797151974,8,,2
2995,0.5488161162759257,0.1551910833847199,0.09596505698497818,0.05506123305603806,0.03794809531664867,0.10701841498168939,26.273275024337202,36.772603081640014,7.999699520318701,7.999699520318701,True,92.15121927521976,7.0778028214600175,6.011154720261739,0.0013493755389412509,0.03438792065490389,0.0013376097166433393,7,,2
2996,0.45454304425670206,0.03281373221922442,0.12378331314331309,0.18057097606060274,0.0028357710385840903,0.20545316328157368,36.33242924695552,37.45664941231853,7.761670569320586,7.761670569320586,True,105.17452127306801,7.146742368481384,7.924823495151476,0.003923544771931233,0.13318195228260113,-0.0023993389654859876,8,,2
2997,0.41486454337645273,0.08224926796433224,0.09923263859668675,0.3322208561179065,0.02361723985213598,0.047815454092485776,43.903953396537496,34.4035376124478,7.953992132159328,7.953992132159328,True,118.29279782256253,7.382676106880682,4.935899173727315,0.008911454946481394,0.16235821298960812,-0.003912881160929383,25,,2
2998,0.3700198222437924,0.10540737869035428,0.03197374683873776,0.35372582721316886,0.037046857745058545,0.10182636726888816,42.00159941286971,38.806488076865264,7.221093193474446,7.221093193474446,True,111.85114974944473,7.305326072071939,6.436923131744452,0.007383565431571765,0.1777548021601737,-0.004275492808331124,17,,2
2999,0.423923500596237,0.16662062530661126,0.03591459044287675,0.16016185768257962,0.06760772745885081,0.14577169851284463,27.0023791245553,39.5855873517988,7.816402497617969,7.816402497617969,True,101.90499395225272,7.008801428848725,7.8352784562319675,0.0013884290854590722,0.07282272539027297,0.0003131457652387819,5,,2
